{"type":"FeatureCollection","features":[{"type":"Feature","id":"0000191643291835139800000000","properties":{"id":"0000191643291835139800000000","pnu":"1221010400100220000","purpose":"기타"},"geometry":{"type":"MultiPolygon","coordinates":[[[[126.909075,35.150778],[126.909153,35.150706],[126.909116,35.150684],[126.909046,35.150757],[126.909075,35.150778]]]]}},{"type":"Feature","id":"0000191644511837328900000000","properties":{"id":"0000191644511837328900000000","pnu":"1221010300101000005","purpose":"단독주택"},"geometry":{"type":"MultiPolygon","coordinates":[[[[126.90911,35.152708],[126.909111,35.152708],[126.909112,35.152708],[126.909113,35.152707],[126.909114,35.152707],[126.909114,35.152706],[126.909115,35.152706],[126.909115,35.152705],[126.909115,35.152704],[126.909116,35.152703],[126.909115,35.152703],[126.909115,35.152702],[126.909115,35.152701],[126.909114,35.152701],[126.909114,35.1527],[126.909113,35.1527],[126.909112,35.152699],[126.909111,35.152699],[126.90911,35.152699],[126.909109,35.152699],[126.909108,35.152699],[126.909107,35.1527],[126.909107,35.1527],[126.909106,35.152701],[126.909105,35.152701],[126.909105,35.152702],[126.909105,35.152703],[126.909105,35.152703],[126.909105,35.152704],[126.909105,35.152705],[126.909105,35.152706],[126.909106,35.152706],[126.909107,35.152707],[126.909107,35.152707],[126.909108,35.152708],[126.909109,35.152708],[126.90911,35.152708]]]]}},{"type":"Feature","id":"0000191652401836349900000000","properties":{"id":"0000191652401836349900000000","pnu":"1221010400100040027","purpose":"제2종 근린생활시설"},"geometry":{"type":"MultiPolygon","coordinates":[[[[126.909235,35.151836],[126.909183,35.151789],[126.909161,35.151806],[126.909212,35.151853],[126.909235,35.151836]]]]}},{"type":"Feature","id":"0000191652951835685200000000","properties":{"id":"0000191652951835685200000000","pnu":"1221010400100060004","purpose":"기타"},"geometry":{"type":"MultiPolygon","coordinates":[[[[126.909222,35.151273],[126.909262,35.151236],[126.909189,35.151174],[126.909144,35.151203],[126.909222,35.151273]]]]}},{"type":"Feature","id":"0000191653061836217100000000","properties":{"id":"0000191653061836217100000000","pnu":"1221010400100040005","purpose":"기타"},"geometry":{"type":"MultiPolygon","coordinates":[[[[126.909296,35.151695],[126.909214,35.151627],[126.909114,35.151708],[126.909195,35.151776],[126.909296,35.151695]]]]}},{"type":"Feature","id":"0000191655421835493000000000","properties":{"id":"0000191655421835493000000000","pnu":"1221010400100210000","purpose":"기타"},"geometry":{"type":"MultiPolygon","coordinates":[[[[126.909258,35.151108],[126.9093,35.15107],[126.90921,35.150991],[126.909161,35.151027],[126.909258,35.151108]]]]}},{"type":"Feature","id":"0000191678621836531700000000","properties":{"id":"0000191678621836531700000000","pnu":"1221010300100960004","purpose":"단독주택"},"geometry":{"type":"MultiPolygon","coordinates":[[[[126.909494,35.152008],[126.909525,35.15199],[126.909496,35.151956],[126.909444,35.151986],[126.909465,35.152011],[126.909486,35.151998],[126.909494,35.152008]]]]}},{"type":"Feature","id":"0000191681941836872600000000","properties":{"id":"0000191681941836872600000000","pnu":"1221010300100960033","purpose":"단독주택"},"geometry":{"type":"MultiPolygon","coordinates":[[[[126.909505,35.15235],[126.909597,35.152278],[126.909537,35.152236],[126.909446,35.152306],[126.909505,35.15235]]]]}},{"type":"Feature","id":"0000191683321837302500000000","properties":{"id":"0000191683321837302500000000","pnu":"1221010300101000014","purpose":"기타"},"geometry":{"type":"MultiPolygon","coordinates":[[[[126.909585,35.152755],[126.909607,35.152744],[126.909602,35.152699],[126.90948,35.152607],[126.909448,35.152631],[126.909585,35.152755]]]]}},{"type":"Feature","id":"0000191687951834546800000000","properties":{"id":"0000191687951834546800000000","pnu":"1221010400100230002","purpose":"기타"},"geometry":{"type":"MultiPolygon","coordinates":[[[[126.909811,35.150113],[126.909614,35.150007],[126.909373,35.150273],[126.909557,35.150391],[126.909811,35.150113]]]]}},{"type":"Feature","id":"0000191696511834743900000000","properties":{"id":"0000191696511834743900000000","pnu":"1221010400100230002","purpose":"기타"},"geometry":{"type":"MultiPolygon","coordinates":[[[[126.909722,35.150432],[126.909759,35.150388],[126.909639,35.150317],[126.909609,35.150356],[126.909722,35.150432]]]]}},{"type":"Feature","id":"0000191699881836405200000000","properties":{"id":"0000191699881836405200000000","pnu":"1221010300100960007","purpose":"기타"},"geometry":{"type":"MultiPolygon","coordinates":[[[[126.909729,35.151935],[126.909798,35.15187],[126.909711,35.151809],[126.909637,35.15187],[126.909729,35.151935]]]]}},{"type":"Feature","id":"0000191699971836623200000000","properties":{"id":"0000191699971836623200000000","pnu":"1221010300100960031","purpose":"숙박시설","floors":1,"structure":"일반목구조"},"geometry":{"type":"MultiPolygon","coordinates":[[[[126.909682,35.152145],[126.909819,35.152045],[126.909767,35.151991],[126.909617,35.152086],[126.909682,35.152145]]]]}},{"type":"Feature","id":"0000191709501836530500000000","properties":{"id":"0000191709501836530500000000","pnu":"1221010300100960008","purpose":"기타"},"geometry":{"type":"MultiPolygon","coordinates":[[[[126.909847,35.152029],[126.909879,35.152],[126.909798,35.15194],[126.909769,35.151965],[126.909847,35.152029]]]]}},{"type":"Feature","id":"0000191719271836695600000000","properties":{"id":"0000191719271836695600000000","pnu":"1221010300100960009","purpose":"기타"},"geometry":{"type":"MultiPolygon","coordinates":[[[[126.909866,35.152309],[126.910086,35.152148],[126.910114,35.152072],[126.910121,35.15206],[126.909998,35.151957],[126.90972,35.15217],[126.909866,35.152309]]]]}},{"type":"Feature","id":"0000191719791835605600000000","properties":{"id":"0000191719791835605600000000","pnu":"1221010400100430000","purpose":"기타"},"geometry":{"type":"MultiPolygon","coordinates":[[[[126.909898,35.151305],[126.910126,35.151119],[126.909977,35.150996],[126.90975,35.151184],[126.909898,35.151305]]]]}},{"type":"Feature","id":"0000191724321835805300000000","properties":{"id":"0000191724321835805300000000","pnu":"1221010400100420013","year":1971,"purpose":"단독주택","floors":2,"structure":"벽돌구조"},"geometry":{"type":"MultiPolygon","coordinates":[[[[126.90999,35.151387],[126.910054,35.151333],[126.909982,35.151274],[126.909923,35.151329],[126.90999,35.151387]]]]}},{"type":"Feature","id":"0000191745891836785500000000","properties":{"id":"0000191745891836785500000000","pnu":"1221010300100960020","purpose":"기타"},"geometry":{"type":"MultiPolygon","coordinates":[[[[126.910148,35.152376],[126.910381,35.152215],[126.910394,35.152161],[126.910258,35.152048],[126.910169,35.152119],[126.91018,35.152139],[126.910135,35.152169],[126.910046,35.152305],[126.91007,35.152317],[126.910148,35.152376]]]]}},{"type":"Feature","id":"0000191756541837256500000000","properties":{"id":"0000191756541837256500000000","pnu":"1221010200100580006","purpose":"기타"},"geometry":{"type":"MultiPolygon","coordinates":[[[[126.910393,35.152742],[126.910459,35.152698],[126.910271,35.152534],[126.910221,35.15257],[126.910393,35.152742]]]]}},{"type":"Feature","id":"0000191763061833373700000000","properties":{"id":"0000191763061833373700000000","pnu":"1221010400101020000","purpose":"기타"},"geometry":{"type":"MultiPolygon","coordinates":[[[[126.910387,35.149264],[126.910553,35.149079],[126.910449,35.14901],[126.910273,35.149203],[126.910387,35.149264]]]]}},{"type":"Feature","id":"0000191764461837199700000000","properties":{"id":"0000191764461837199700000000","pnu":"1221010200100580005","purpose":"기타"},"geometry":{"type":"MultiPolygon","coordinates":[[[[126.910483,35.152698],[126.910555,35.15264],[126.910371,35.152478],[126.910298,35.152534],[126.910483,35.152698]]]]}},{"type":"Feature","id":"0000191774821833409100000000","properties":{"id":"0000191774821833409100000000","pnu":"1221010400101020000","purpose":"기타"},"geometry":{"type":"MultiPolygon","coordinates":[[[[126.910529,35.14926],[126.91063,35.149127],[126.910563,35.149085],[126.910457,35.149209],[126.910529,35.14926]]]]}},{"type":"Feature","id":"0000191779271836058600000000","properties":{"id":"0000191779271836058600000000","pnu":"1221010300100950014","purpose":"기타"},"geometry":{"type":"MultiPolygon","coordinates":[[[[126.910583,35.151635],[126.910681,35.15155],[126.910595,35.151486],[126.910501,35.151565],[126.910583,35.151635]]]]}},{"type":"Feature","id":"0000191780791833838900000000","properties":{"id":"0000191780791833838900000000","pnu":"1221010400100850000","purpose":"기타"},"geometry":{"type":"MultiPolygon","coordinates":[[[[126.910643,35.149611],[126.910681,35.149574],[126.910574,35.149506],[126.910539,35.149545],[126.910643,35.149611]]]]}},{"type":"Feature","id":"0000191780791835272100000000","properties":{"id":"0000191780791835272100000000","pnu":"1221010400100440003","purpose":"기타"},"geometry":{"type":"MultiPolygon","coordinates":[[[[126.910657,35.15091],[126.910688,35.150892],[126.910559,35.150791],[126.910529,35.150812],[126.910657,35.15091]]]]}},{"type":"Feature","id":"0000191780791837218400000000","properties":{"id":"0000191780791837218400000000","pnu":"1221010200100590002","purpose":"기타"},"geometry":{"type":"MultiPolygon","coordinates":[[[[126.910634,35.15267],[126.91069,35.152624],[126.910574,35.15254],[126.910522,35.152584],[126.910634,35.15267]]]]}},{"type":"Feature","id":"0000191787951835218700000000","properties":{"id":"0000191787951835218700000000","pnu":"1221010400100440003","purpose":"기타"},"geometry":{"type":"MultiPolygon","coordinates":[[[[126.910754,35.150889],[126.910793,35.150857],[126.910615,35.150715],[126.910578,35.150745],[126.910754,35.150889]]]]}},{"type":"Feature","id":"0000191791261833575000000000","properties":{"id":"0000191791261833575000000000","pnu":"1221010400100970001","purpose":"기타"},"geometry":{"type":"MultiPolygon","coordinates":[[[[126.910784,35.149441],[126.910872,35.149339],[126.91079,35.149291],[126.910801,35.149278],[126.910669,35.1492],[126.910578,35.149315],[126.910784,35.149441]]]]}},{"type":"Feature","id":"0000191792491837314100000000","properties":{"id":"0000191792491837314100000000","pnu":"1221010200100590002","purpose":"기타"},"geometry":{"type":"MultiPolygon","coordinates":[[[[126.910734,35.152765],[126.91082,35.152698],[126.910736,35.15262],[126.910647,35.15268],[126.910734,35.152765]]]]}},{"type":"Feature","id":"0000191794261833168900000000","properties":{"id":"0000191794261833168900000000","pnu":"1221010400101040000","purpose":"기타"},"geometry":{"type":"MultiPolygon","coordinates":[[[[126.910756,35.149003],[126.910813,35.14894],[126.910759,35.148907],[126.910702,35.14897],[126.910756,35.149003]]]]}},{"type":"Feature","id":"0000191803101836296900000000","properties":{"id":"0000191803101836296900000000","pnu":"1221010300100950027","purpose":"기타"},"geometry":{"type":"MultiPolygon","coordinates":[[[[126.910901,35.151871],[126.910961,35.151828],[126.91085,35.151732],[126.910859,35.151722],[126.910807,35.151678],[126.910746,35.151726],[126.910901,35.151871]]]]}},{"type":"Feature","id":"0000191806381834119300000000","properties":{"id":"0000191806381834119300000000","pnu":"1221010400100770004","purpose":"기타"},"geometry":{"type":"MultiPolygon","coordinates":[[[[126.910996,35.149777],[126.910918,35.14972],[126.910773,35.149857],[126.910824,35.149892],[126.910863,35.149861],[126.910903,35.149883],[126.910996,35.149777]]]]}},{"type":"Feature","id":"0000191808451834890000000000","properties":{"id":"0000191808451834890000000000","pnu":"1221010400100460011","purpose":"제1종 근린생활시설"},"geometry":{"type":"MultiPolygon","coordinates":[[[[126.910899,35.150554],[126.910968,35.150496],[126.910926,35.150458],[126.910855,35.15052],[126.910899,35.150554]]]]}},{"type":"Feature","id":"0000191810861838332100000000","properties":{"id":"0000191810861838332100000000","pnu":"1221010200100370002","purpose":"단독주택"},"geometry":{"type":"MultiPolygon","coordinates":[[[[126.910922,35.153695],[126.911039,35.153606],[126.910948,35.153524],[126.91083,35.153613],[126.910922,35.153695]]]]}},{"type":"Feature","id":"0000191811911838830300000000","properties":{"id":"0000191811911838830300000000","pnu":"1221010200100040004","purpose":"제2종 근린생활시설"},"geometry":{"type":"MultiPolygon","coordinates":[[[[126.910861,35.154055],[126.91095,35.154128],[126.911031,35.154061],[126.910942,35.153988],[126.910861,35.154055]]]]}},{"type":"Feature","id":"0000191814571834318800000000","properties":{"id":"0000191814571834318800000000","pnu":"1221010400100770001","year":1963,"purpose":"제1종 근린생활시설"},"geometry":{"type":"MultiPolygon","coordinates":[[[[126.910928,35.150001],[126.911003,35.150056],[126.911061,35.150005],[126.911055,35.150001],[126.910956,35.149928],[126.910897,35.149978],[126.910928,35.150001]]]]}},{"type":"Feature","id":"0000191817081834147900000000","properties":{"id":"0000191817081834147900000000","pnu":"1221010400100730008","purpose":"제2종 근린생활시설","far":77.874,"floors":1,"structure":"일반목구조"},"geometry":{"type":"MultiPolygon","coordinates":[[[[126.910949,35.149857],[126.911004,35.149894],[126.911067,35.149818],[126.911006,35.149783],[126.910949,35.149857]]]]}},{"type":"Feature","id":"0000191817481835954900000000","properties":{"id":"0000191817481835954900000000","pnu":"1221010300100950000","purpose":"단독주택","floors":1,"structure":"일반목구조"},"geometry":{"type":"MultiPolygon","coordinates":[[[[126.910862,35.151408],[126.911107,35.151578],[126.911153,35.151518],[126.910912,35.151357],[126.910862,35.151408]]]]}},{"type":"Feature","id":"0000191823611834666400000000","properties":{"id":"0000191823611834666400000000","pnu":"1221010400100500000","purpose":"제2종 근린생활시설","far":119,"floors":2,"structure":"벽돌구조"},"geometry":{"type":"MultiPolygon","coordinates":[[[[126.910929,35.150253],[126.911137,35.150419],[126.911223,35.150347],[126.911167,35.150301],[126.911174,35.150295],[126.911151,35.150275],[126.911155,35.150272],[126.911102,35.150229],[126.911051,35.15027],[126.910952,35.15019],[126.910929,35.150209],[126.910929,35.150253]]]]}},{"type":"Feature","id":"0000191831021836859300000000","properties":{"id":"0000191831021836859300000000","pnu":"1221010200100620013","purpose":"기타"},"geometry":{"type":"MultiPolygon","coordinates":[[[[126.911152,35.152353],[126.911243,35.152281],[126.911163,35.152211],[126.911071,35.152281],[126.911152,35.152353]]]]}},{"type":"Feature","id":"0000191837871834575400000000","properties":{"id":"0000191837871834575400000000","pnu":"1221010400100500002","purpose":"기타"},"geometry":{"type":"MultiPolygon","coordinates":[[[[126.911223,35.15031],[126.911343,35.150213],[126.911245,35.150136],[126.91113,35.150229],[126.911165,35.150261],[126.911159,35.150264],[126.911223,35.15031]]]]}},{"type":"Feature","id":"0000191841741833984300000000","properties":{"id":"0000191841741833984300000000","pnu":"1221010400100730014","purpose":"단독주택"},"geometry":{"type":"MultiPolygon","coordinates":[[[[126.911344,35.149757],[126.911384,35.149733],[126.911291,35.149669],[126.911199,35.149623],[126.911171,35.149646],[126.911265,35.14971],[126.911344,35.149757]]]]}},{"type":"Feature","id":"0000191844831836022400000000","properties":{"id":"0000191844831836022400000000","pnu":"1221010300100860003","purpose":"기타"},"geometry":{"type":"MultiPolygon","coordinates":[[[[126.911317,35.151598],[126.911405,35.15154],[126.911309,35.151454],[126.911212,35.15152],[126.911317,35.151598]]]]}},{"type":"Feature","id":"0000191845711836770200000000","properties":{"id":"0000191845711836770200000000","pnu":"1221010200100620012","purpose":"제2종 근린생활시설","floors":1,"structure":"일반목구조"},"geometry":{"type":"MultiPolygon","coordinates":[[[[126.911323,35.152276],[126.911409,35.152203],[126.911312,35.152128],[126.91123,35.152198],[126.911323,35.152276]]]]}},{"type":"Feature","id":"0000191847451837049100000000","properties":{"id":"0000191847451837049100000000","pnu":"1221010600100510022","purpose":"단독주택","far":58.42,"floors":1,"structure":"기타구조"},"geometry":{"type":"MultiPolygon","coordinates":[[[[126.911379,35.152551],[126.911401,35.152534],[126.911361,35.152498],[126.91137,35.152492],[126.911359,35.152482],[126.911376,35.152469],[126.911363,35.152457],[126.911381,35.152442],[126.911395,35.152455],[126.911421,35.152436],[126.911394,35.152411],[126.911382,35.152419],[126.91137,35.152408],[126.911365,35.152412],[126.911329,35.152379],[126.911252,35.152436],[126.911339,35.152515],[126.911379,35.152551]]]]}},{"type":"Feature","id":"0000191849451834412400000000","properties":{"id":"0000191849451834412400000000","pnu":"1221010400100520002","purpose":"기타"},"geometry":{"type":"MultiPolygon","coordinates":[[[[126.91143,35.150033],[126.911398,35.150015],[126.911289,35.150115],[126.911316,35.150136],[126.911388,35.15009],[126.91143,35.150033]]]]}},{"type":"Feature","id":"0000191850681834985000000000","properties":{"id":"0000191850681834985000000000","pnu":"1221010300100760003","purpose":"기타"},"geometry":{"type":"MultiPolygon","coordinates":[[[[126.91139,35.150636],[126.911428,35.150603],[126.91136,35.15055],[126.911322,35.150581],[126.91139,35.150636]]]]}},{"type":"Feature","id":"0000191853881834501200000000","properties":{"id":"0000191853881834501200000000","pnu":"1221010400100500004","purpose":"단독주택","far":51.41,"floors":1,"structure":"일반목구조"},"geometry":{"type":"MultiPolygon","coordinates":[[[[126.911398,35.150222],[126.911441,35.150196],[126.911452,35.150208],[126.911513,35.150175],[126.911492,35.150153],[126.911388,35.15009],[126.911316,35.150136],[126.911398,35.150222]]]]}},{"type":"Feature","id":"0000191855651834778700000000","properties":{"id":"0000191855651834778700000000","pnu":"1221010300100760009","purpose":"기타"},"geometry":{"type":"MultiPolygon","coordinates":[[[[126.911461,35.150405],[126.911439,35.150383],[126.911398,35.15041],[126.911423,35.15043],[126.911461,35.150405]]]]}},{"type":"Feature","id":"0000191856621835882500000000","properties":{"id":"0000191856621835882500000000","pnu":"1221010300100850000","purpose":"기타"},"geometry":{"type":"MultiPolygon","coordinates":[[[[126.91141,35.151536],[126.911595,35.15141],[126.911446,35.151261],[126.911341,35.15134],[126.911362,35.151364],[126.911297,35.151426],[126.91141,35.151536]]]]}},{"type":"Feature","id":"0000191858061834749800000000","properties":{"id":"0000191858061834749800000000","pnu":"1221010300100760009","purpose":"기타"},"geometry":{"type":"MultiPolygon","coordinates":[[[[126.911477,35.150386],[126.911452,35.150363],[126.911435,35.150375],[126.91146,35.150398],[126.911477,35.150386]]]]}},{"type":"Feature","id":"0000191859011837815200000000","properties":{"id":"0000191859011837815200000000","pnu":"1221010200100280000","purpose":"제1종 근린생활시설","floors":1,"structure":"일반목구조"},"geometry":{"type":"MultiPolygon","coordinates":[[[[126.911577,35.153265],[126.911617,35.153232],[126.91137,35.153025],[126.911318,35.153074],[126.911577,35.153265]]]]}},{"type":"Feature","id":"0000191865601836326700000000","properties":{"id":"0000191865601836326700000000","pnu":"1221010200101160002","purpose":"기타"},"geometry":{"type":"MultiPolygon","coordinates":[[[[126.9115,35.15187],[126.911613,35.151762],[126.911585,35.151736],[126.911514,35.151786],[126.911466,35.151838],[126.9115,35.15187]]]]}},{"type":"Feature","id":"0000191868871835119900000000","properties":{"id":"0000191868871835119900000000","pnu":"1221010300100600003","purpose":"기타"},"geometry":{"type":"MultiPolygon","coordinates":[[[[126.911497,35.150733],[126.911556,35.15078],[126.911651,35.150699],[126.911593,35.150646],[126.911497,35.150733]]]]}},{"type":"Feature","id":"0000191873691838804000000000","properties":{"id":"0000191873691838804000000000","pnu":"1221010200100070001","purpose":"기타"},"geometry":{"type":"MultiPolygon","coordinates":[[[[126.911638,35.154059],[126.911662,35.154038],[126.911603,35.154011],[126.911587,35.154029],[126.911638,35.154059]]]]}},{"type":"Feature","id":"0000191877701834016900000000","properties":{"id":"0000191877701834016900000000","pnu":"1221010400100550004","purpose":"기타"},"geometry":{"type":"MultiPolygon","coordinates":[[[[126.911734,35.149792],[126.911774,35.149747],[126.911622,35.149647],[126.911571,35.149695],[126.911627,35.149735],[126.911734,35.149792]]]]}},{"type":"Feature","id":"0000191892631834090800000000","properties":{"id":"0000191892631834090800000000","pnu":"1221010300100730000","purpose":"단독주택","floors":3,"structure":"일반목구조"},"geometry":{"type":"MultiPolygon","coordinates":[[[[126.911836,35.149791],[126.911837,35.149791],[126.911838,35.149791],[126.911839,35.149791],[126.91184,35.14979],[126.91184,35.14979],[126.911841,35.149789],[126.911841,35.149788],[126.911842,35.149788],[126.911842,35.149787],[126.911842,35.149786],[126.911841,35.149785],[126.911841,35.149785],[126.91184,35.149784],[126.91184,35.149783],[126.911839,35.149783],[126.911838,35.149783],[126.911837,35.149782],[126.911836,35.149782],[126.911835,35.149782],[126.911834,35.149783],[126.911834,35.149783],[126.911833,35.149783],[126.911832,35.149784],[126.911832,35.149785],[126.911831,35.149785],[126.911831,35.149786],[126.911831,35.149787],[126.911831,35.149788],[126.911831,35.149788],[126.911832,35.149789],[126.911832,35.14979],[126.911833,35.14979],[126.911834,35.149791],[126.911834,35.149791],[126.911835,35.149791],[126.911836,35.149791]]]]}},{"type":"Feature","id":"0000191898731837521300000000","properties":{"id":"0000191898731837521300000000","pnu":"1221010200100730001","purpose":"기타"},"geometry":{"type":"MultiPolygon","coordinates":[[[[126.911925,35.152882],[126.911897,35.152859],[126.911875,35.152876],[126.911902,35.152899],[126.911925,35.152882]]]]}},{"type":"Feature","id":"0000191902561837825100000000","properties":{"id":"0000191902561837825100000000","pnu":"1221010200100730009","purpose":"제2종 근린생활시설","far":59.38,"floors":1,"structure":"경량철골구조"},"geometry":{"type":"MultiPolygon","coordinates":[[[[126.911901,35.153158],[126.911894,35.153165],[126.911966,35.153212],[126.912022,35.153155],[126.911982,35.153128],[126.91197,35.15314],[126.9119,35.153094],[126.911862,35.153132],[126.911901,35.153158]]]]}},{"type":"Feature","id":"0000191903241837761100000000","properties":{"id":"0000191903241837761100000000","pnu":"1221010200100730009","purpose":"제2종 근린생활시설","floors":1,"structure":"일반목구조"},"geometry":{"type":"MultiPolygon","coordinates":[[[[126.911921,35.153066],[126.911909,35.153079],[126.911977,35.153124],[126.911989,35.153112],[126.911921,35.153066]]]]}},{"type":"Feature","id":"0000191903701834430900000000","properties":{"id":"0000191903701834430900000000","pnu":"1221010300100740008","purpose":"단독주택","floors":2,"structure":"벽돌구조"},"geometry":{"type":"MultiPolygon","coordinates":[[[[126.911969,35.150161],[126.912037,35.150084],[126.911951,35.150026],[126.911875,35.150101],[126.911969,35.150161]]]]}},{"type":"Feature","id":"0000191903961832676300000000","properties":{"id":"0000191903961832676300000000","pnu":"1221011500100310011","purpose":"제2종 근린생활시설","far":107.09,"floors":1,"structure":"철근콘크리트구조"},"geometry":{"type":"MultiPolygon","coordinates":[[[[126.912042,35.148483],[126.911962,35.148436],[126.91189,35.148516],[126.911888,35.148545],[126.911952,35.148579],[126.91198,35.14858],[126.912042,35.148483]]]]}},{"type":"Feature","id":"0000191905811833708500000000","properties":{"id":"0000191905811833708500000000","pnu":"1221010400100600000","purpose":"제1종 근린생활시설","floors":1,"structure":"일반목구조"},"geometry":{"type":"MultiPolygon","coordinates":[[[[126.912022,35.149503],[126.912063,35.149466],[126.911938,35.149382],[126.9119,35.149419],[126.912022,35.149503]]]]}},{"type":"Feature","id":"0000191906451837977400000000","properties":{"id":"0000191906451837977400000000","pnu":"1221010200100150000","purpose":"제2종 근린생활시설","far":79.4725,"floors":1,"structure":"블록구조"},"geometry":{"type":"MultiPolygon","coordinates":[[[[126.91196,35.153349],[126.912014,35.153338],[126.912073,35.15329],[126.911992,35.153221],[126.911894,35.153294],[126.91196,35.153349]]]]}},{"type":"Feature","id":"0000191907101836390000000000","properties":{"id":"0000191907101836390000000000","pnu":"1221010200101170000","purpose":"기타"},"geometry":{"type":"MultiPolygon","coordinates":[[[[126.911878,35.151958],[126.911927,35.151985],[126.912108,35.151761],[126.912059,35.151734],[126.911878,35.151958]]]]}},{"type":"Feature","id":"0000191913411832739300000000","properties":{"id":"0000191913411832739300000000","pnu":"1221011500100370013","purpose":"기타"},"geometry":{"type":"MultiPolygon","coordinates":[[[[126.912139,35.148545],[126.912067,35.148503],[126.911993,35.148594],[126.912064,35.148634],[126.912139,35.148545]]]]}},{"type":"Feature","id":"0000191914421836064500000000","properties":{"id":"0000191914421836064500000000","pnu":"1221010300100220002","purpose":"제1종 근린생활시설","floors":2,"structure":"일반목구조"},"geometry":{"type":"MultiPolygon","coordinates":[[[[126.912012,35.151648],[126.912099,35.151591],[126.912136,35.151623],[126.912203,35.151571],[126.912085,35.151474],[126.911949,35.15159],[126.912012,35.151648]]]]}},{"type":"Feature","id":"0000191915531837652000000000","properties":{"id":"0000191915531837652000000000","pnu":"1221010200100730001","purpose":"기타"},"geometry":{"type":"MultiPolygon","coordinates":[[[[126.912104,35.15303],[126.912125,35.153003],[126.912067,35.152964],[126.912042,35.15299],[126.912104,35.15303]]]]}},{"type":"Feature","id":"0000191917011835415200000000","properties":{"id":"0000191917011835415200000000","pnu":"1221010300100560000","purpose":"제1종 근린생활시설","far":71.5598,"floors":1,"structure":"일반목구조"},"geometry":{"type":"MultiPolygon","coordinates":[[[[126.912126,35.151048],[126.912182,35.151006],[126.91208,35.150915],[126.912022,35.150953],[126.912126,35.151048]]]]}},{"type":"Feature","id":"0000191929181835022300000000","properties":{"id":"0000191929181835022300000000","pnu":"1221010300100610002","purpose":"단독주택","floors":1,"structure":"일반목구조"},"geometry":{"type":"MultiPolygon","coordinates":[[[[126.912262,35.150692],[126.912314,35.150638],[126.912213,35.150562],[126.912158,35.150616],[126.912262,35.150692]]]]}},{"type":"Feature","id":"0000191935111835082300000000","properties":{"id":"0000191935111835082300000000","pnu":"1221010300100610002","purpose":"기타","structure":"일반목구조"},"geometry":{"type":"MultiPolygon","coordinates":[[[[126.912302,35.150685],[126.912302,35.150685],[126.912303,35.150685],[126.912304,35.150685],[126.912305,35.150684],[126.912306,35.150684],[126.912306,35.150683],[126.912307,35.150682],[126.912307,35.150682],[126.912307,35.150681],[126.912307,35.15068],[126.912307,35.150679],[126.912306,35.150679],[126.912306,35.150678],[126.912305,35.150677],[126.912304,35.150677],[126.912303,35.150677],[126.912302,35.150676],[126.912302,35.150676],[126.912301,35.150676],[126.9123,35.150677],[126.912299,35.150677],[126.912298,35.150677],[126.912297,35.150678],[126.912297,35.150679],[126.912296,35.150679],[126.912296,35.15068],[126.912296,35.150681],[126.912296,35.150682],[126.912296,35.150682],[126.912297,35.150683],[126.912297,35.150684],[126.912298,35.150684],[126.912299,35.150685],[126.9123,35.150685],[126.912301,35.150685],[126.912302,35.150685]]]]}},{"type":"Feature","id":"0000191938491834936500000000","properties":{"id":"0000191938491834936500000000","pnu":"1221010300100610001","purpose":"기타"},"geometry":{"type":"MultiPolygon","coordinates":[[[[126.912426,35.150574],[126.912313,35.150475],[126.912251,35.150527],[126.912366,35.150624],[126.912426,35.150574]]]]}},{"type":"Feature","id":"0000191940031832488400000000","properties":{"id":"0000191940031832488400000000","pnu":"1221011500100320009","purpose":"기타"},"geometry":{"type":"MultiPolygon","coordinates":[[[[126.912308,35.148418],[126.912454,35.148314],[126.912404,35.14827],[126.912266,35.148368],[126.912308,35.148418]]]]}},{"type":"Feature","id":"0000191942201832355100000000","properties":{"id":"0000191942201832355100000000","pnu":"1221011500100320021","purpose":"기타"},"geometry":{"type":"MultiPolygon","coordinates":[[[[126.912367,35.148253],[126.912419,35.148217],[126.912391,35.148192],[126.912347,35.148233],[126.912367,35.148253]]]]}},{"type":"Feature","id":"0000191945241838318900000000","properties":{"id":"0000191945241838318900000000","pnu":"1221010200100740013","purpose":"단독주택","floors":1,"structure":"일반목구조"},"geometry":{"type":"MultiPolygon","coordinates":[[[[126.912426,35.153637],[126.912459,35.15361],[126.912429,35.153582],[126.91242,35.153587],[126.912383,35.153561],[126.912357,35.15358],[126.912426,35.153637]]]]}},{"type":"Feature","id":"0000191948431838263900000000","properties":{"id":"0000191948431838263900000000","pnu":"1221010200100740013","purpose":"단독주택","floors":1,"structure":"일반목구조"},"geometry":{"type":"MultiPolygon","coordinates":[[[[126.912486,35.153586],[126.912505,35.153566],[126.912421,35.153511],[126.91239,35.153549],[126.912418,35.153567],[126.912433,35.153551],[126.912486,35.153586]]]]}},{"type":"Feature","id":"0000191949081833223100000000","properties":{"id":"0000191949081833223100000000","pnu":"1221013000100300007","purpose":"기타"},"geometry":{"type":"MultiPolygon","coordinates":[[[[126.912523,35.149008],[126.912431,35.148956],[126.912388,35.149],[126.912484,35.149055],[126.912523,35.149008]]]]}},{"type":"Feature","id":"0000191952041835470900000000","properties":{"id":"0000191952041835470900000000","pnu":"1221010300100300004","purpose":"기타"},"geometry":{"type":"MultiPolygon","coordinates":[[[[126.912492,35.15112],[126.912597,35.151058],[126.912475,35.15094],[126.91238,35.151009],[126.912492,35.15112]]]]}},{"type":"Feature","id":"0000191957311835323600000000","properties":{"id":"0000191957311835323600000000","pnu":"1221010300100320000","purpose":"제1종 근린생활시설","floors":1,"structure":"일반목구조"},"geometry":{"type":"MultiPolygon","coordinates":[[[[126.912537,35.150931],[126.912583,35.150891],[126.912556,35.150866],[126.912506,35.150904],[126.912537,35.150931]]]]}},{"type":"Feature","id":"0000191966451838430000000000","properties":{"id":"0000191966451838430000000000","pnu":"1221010200100740012","purpose":"제2종 근린생활시설","floors":1,"structure":"일반목구조"},"geometry":{"type":"MultiPolygon","coordinates":[[[[126.912658,35.153753],[126.912709,35.153712],[126.91262,35.153646],[126.912576,35.153679],[126.912658,35.153753]]]]}},{"type":"Feature","id":"0000191972231837363200000000","properties":{"id":"0000191972231837363200000000","pnu":"1221010200101020000","purpose":"제1종 근린생활시설"},"geometry":{"type":"MultiPolygon","coordinates":[[[[126.912644,35.152718],[126.912718,35.152783],[126.912744,35.152792],[126.912771,35.152761],[126.912678,35.152675],[126.912644,35.152718]]]]}},{"type":"Feature","id":"0000191975861835795300000000","properties":{"id":"0000191975861835795300000000","pnu":"1221010200101270000","purpose":"기타"},"geometry":{"type":"MultiPolygon","coordinates":[[[[126.912718,35.151379],[126.912818,35.15131],[126.912773,35.151268],[126.912678,35.151341],[126.912718,35.151379]]]]}},{"type":"Feature","id":"0000191977571832639600000000","properties":{"id":"0000191977571832639600000000","pnu":"1221011500100350019","purpose":"제2종 근린생활시설","far":153.78,"floors":2,"structure":"벽돌구조"},"geometry":{"type":"MultiPolygon","coordinates":[[[[126.91288,35.148558],[126.912704,35.148377],[126.91266,35.148405],[126.912841,35.148584],[126.91288,35.148558]]]]}},{"type":"Feature","id":"0000191978161838566100000000","properties":{"id":"0000191978161838566100000000","pnu":"1221010100100160011","purpose":"제1종 근린생활시설"},"geometry":{"type":"MultiPolygon","coordinates":[[[[126.912742,35.153893],[126.912857,35.1538],[126.912805,35.15375],[126.912682,35.153839],[126.912742,35.153893]]]]}},{"type":"Feature","id":"0000191979811837273800000000","properties":{"id":"0000191979811837273800000000","pnu":"1221010200101020000","purpose":"제1종 근린생활시설"},"geometry":{"type":"MultiPolygon","coordinates":[[[[126.912695,35.152655],[126.912716,35.152674],[126.912759,35.152644],[126.912833,35.152709],[126.912869,35.152684],[126.912787,35.152611],[126.912746,35.152629],[126.91273,35.152631],[126.912695,35.152655]]]]}},{"type":"Feature","id":"0000191983521839103600000000","properties":{"id":"0000191983521839103600000000","pnu":"1221010100100070010","purpose":"기타"},"geometry":{"type":"MultiPolygon","coordinates":[[[[126.912874,35.154313],[126.912831,35.154268],[126.912784,35.154299],[126.912826,35.154344],[126.912874,35.154313]]]]}},{"type":"Feature","id":"0000191984941837373600000000","properties":{"id":"0000191984941837373600000000","pnu":"1221010200101020000","purpose":"제1종 근린생활시설"},"geometry":{"type":"MultiPolygon","coordinates":[[[[126.91278,35.152792],[126.912794,35.152805],[126.912909,35.152725],[126.912869,35.152687],[126.912855,35.152696],[126.912869,35.152709],[126.912809,35.152752],[126.912789,35.152786],[126.91278,35.152792]]]]}},{"type":"Feature","id":"0000191990411835112800000000","properties":{"id":"0000191990411835112800000000","pnu":"1221010300100450000","purpose":"제1종 근린생활시설","floors":1,"structure":"일반목구조"},"geometry":{"type":"MultiPolygon","coordinates":[[[[126.912909,35.150805],[126.91302,35.150723],[126.912914,35.150613],[126.912794,35.150694],[126.912909,35.150805]]]]}},{"type":"Feature","id":"0000191993091837715700000000","properties":{"id":"0000191993091837715700000000","pnu":"1221010200100790003","purpose":"숙박시설","floors":1,"structure":"일반목구조"},"geometry":{"type":"MultiPolygon","coordinates":[[[[126.912913,35.153111],[126.913003,35.153034],[126.912964,35.153],[126.912866,35.153071],[126.912913,35.153111]]]]}},{"type":"Feature","id":"0000191995171837066200000000","properties":{"id":"0000191995171837066200000000","pnu":"1221010200100940005","purpose":"기타","floors":2,"structure":"목구조"},"geometry":{"type":"MultiPolygon","coordinates":[[[[126.912973,35.152528],[126.913025,35.15248],[126.91299,35.152453],[126.912998,35.152442],[126.912951,35.15241],[126.91289,35.15247],[126.912973,35.152528]]]]}},{"type":"Feature","id":"0000191995511838794100000000","properties":{"id":"0000191995511838794100000000","pnu":"1221010100100160007","purpose":"기타"},"geometry":{"type":"MultiPolygon","coordinates":[[[[126.91297,35.154073],[126.913015,35.154008],[126.912958,35.153981],[126.912932,35.154018],[126.912918,35.154011],[126.912905,35.15404],[126.91297,35.154073]]]]}},{"type":"Feature","id":"0000192002821841673000000000","properties":{"id":"0000192002821841673000000000","pnu":"1221010100103200002","purpose":"기타"},"geometry":{"type":"MultiPolygon","coordinates":[[[[126.913071,35.156756],[126.913104,35.156738],[126.913007,35.156491],[126.912972,35.156503],[126.913071,35.156756]]]]}},{"type":"Feature","id":"0000192002841836560100000000","properties":{"id":"0000192002841836560100000000","pnu":"1221010200101510001","purpose":"제1종 근린생활시설","far":346.29,"floors":4,"structure":"철근콘크리트구조"},"geometry":{"type":"MultiPolygon","coordinates":[[[[126.912992,35.152012],[126.913044,35.152055],[126.913094,35.152014],[126.913043,35.151972],[126.912992,35.152012]]]]}},{"type":"Feature","id":"0000192013201837345700000000","properties":{"id":"0000192013201837345700000000","pnu":"1221010200100790000","purpose":"기타"},"geometry":{"type":"MultiPolygon","coordinates":[[[[126.91317,35.152768],[126.913211,35.152738],[126.913143,35.152675],[126.913102,35.152705],[126.91317,35.152768]]]]}},{"type":"Feature","id":"0000192019241834561700000000","properties":{"id":"0000192019241834561700000000","pnu":"1221013000100510000","purpose":"기타"},"geometry":{"type":"MultiPolygon","coordinates":[[[[126.913338,35.150235],[126.913211,35.150123],[126.913116,35.150199],[126.913204,35.150275],[126.913224,35.150284],[126.913241,35.150285],[126.913263,35.150285],[126.913338,35.150235]]]]}},{"type":"Feature","id":"0000192019611834852300000000","properties":{"id":"0000192019611834852300000000","pnu":"1221010300100480002","purpose":"제1종 근린생활시설","floors":1,"structure":"일반목구조"},"geometry":{"type":"MultiPolygon","coordinates":[[[[126.913278,35.150527],[126.913309,35.150485],[126.913232,35.150426],[126.913226,35.150425],[126.913207,35.150425],[126.913146,35.150467],[126.913202,35.150516],[126.913228,35.150499],[126.913278,35.150527]]]]}},{"type":"Feature","id":"0000192024931837659000000000","properties":{"id":"0000192024931837659000000000","pnu":"1221010200100840000","purpose":"제2종 근린생활시설"},"geometry":{"type":"MultiPolygon","coordinates":[[[[126.913267,35.153084],[126.913379,35.152981],[126.913303,35.152925],[126.91319,35.153027],[126.913267,35.153084]]]]}},{"type":"Feature","id":"0000192026721838502600000000","properties":{"id":"0000192026721838502600000000","pnu":"1221010100100240003","purpose":"단독주택"},"geometry":{"type":"MultiPolygon","coordinates":[[[[126.913296,35.153717],[126.913241,35.153754],[126.913321,35.153811],[126.913362,35.153782],[126.913296,35.153717]]]]}},{"type":"Feature","id":"0000192027401837302000000000","properties":{"id":"0000192027401837302000000000","pnu":"1221010200100920000","year":1971,"purpose":"제1종 근린생활시설","floors":4,"structure":"철근콘크리트구조"},"geometry":{"type":"MultiPolygon","coordinates":[[[[126.913264,35.152774],[126.913417,35.152649],[126.913339,35.152594],[126.913259,35.152667],[126.913268,35.152679],[126.913211,35.152734],[126.913264,35.152774]]]]}},{"type":"Feature","id":"0000192031951837784200000000","properties":{"id":"0000192031951837784200000000","pnu":"1221010200100860002","purpose":"제1종 근린생활시설","floors":2,"structure":"목구조"},"geometry":{"type":"MultiPolygon","coordinates":[[[[126.913269,35.153092],[126.913388,35.153191],[126.913456,35.153136],[126.913413,35.1531],[126.913406,35.153106],[126.913329,35.153043],[126.913269,35.153092]]]]}},{"type":"Feature","id":"0000192033421837558100000000","properties":{"id":"0000192033421837558100000000","pnu":"1221010200100840000","purpose":"제2종 근린생활시설"},"geometry":{"type":"MultiPolygon","coordinates":[[[[126.913367,35.15296],[126.913436,35.152908],[126.913389,35.152866],[126.91332,35.152919],[126.913367,35.15296]]]]}},{"type":"Feature","id":"0000192034441838432400000000","properties":{"id":"0000192034441838432400000000","pnu":"1221010100100240003","purpose":"단독주택"},"geometry":{"type":"MultiPolygon","coordinates":[[[[126.913333,35.15369],[126.913395,35.153748],[126.913444,35.153714],[126.913381,35.153654],[126.913333,35.15369]]]]}},{"type":"Feature","id":"0000192041151837851100000000","properties":{"id":"0000192041151837851100000000","pnu":"1221010200100860002","purpose":"제1종 근린생활시설","floors":2,"structure":"목구조"},"geometry":{"type":"MultiPolygon","coordinates":[[[[126.913425,35.15324],[126.913545,35.153158],[126.913501,35.153115],[126.91338,35.153197],[126.913425,35.15324]]]]}},{"type":"Feature","id":"0000192043121838651500000000","properties":{"id":"0000192043121838651500000000","pnu":"1221010100100280006","purpose":"제2종 근린생활시설"},"geometry":{"type":"MultiPolygon","coordinates":[[[[126.913594,35.153943],[126.91342,35.15382],[126.91339,35.153842],[126.913391,35.153869],[126.913512,35.153958],[126.913571,35.153965],[126.913594,35.153943]]]]}},{"type":"Feature","id":"0000192049221835207600000000","properties":{"id":"0000192049221835207600000000","pnu":"1221010200101350001","purpose":"기타"},"geometry":{"type":"MultiPolygon","coordinates":[[[[126.913524,35.15087],[126.913637,35.150772],[126.913574,35.150718],[126.913485,35.150806],[126.913491,35.150811],[126.913489,35.150821],[126.913497,35.150826],[126.913487,35.150854],[126.913524,35.15087]]]]}},{"type":"Feature","id":"0000192059991836563000000000","properties":{"id":"0000192059991836563000000000","pnu":"1221010200101750000","purpose":"기타"},"geometry":{"type":"MultiPolygon","coordinates":[[[[126.913795,35.152104],[126.913822,35.152066],[126.91354,35.151928],[126.913518,35.151965],[126.913795,35.152104]]]]}},{"type":"Feature","id":"0000192065421841181900000000","properties":{"id":"0000192065421841181900000000","pnu":"1221010100103190011","purpose":"기타"},"geometry":{"type":"MultiPolygon","coordinates":[[[[126.913663,35.156247],[126.913839,35.156184],[126.913806,35.156124],[126.913715,35.156162],[126.913674,35.156118],[126.91365,35.156118],[126.913648,35.156236],[126.913663,35.156247]]]]}},{"type":"Feature","id":"0000192068941836449100000000","properties":{"id":"0000192068941836449100000000","pnu":"1221010200101750000","purpose":"기타"},"geometry":{"type":"MultiPolygon","coordinates":[[[[126.913916,35.151999],[126.913929,35.151959],[126.913805,35.151896],[126.913614,35.151841],[126.913601,35.15188],[126.91377,35.151932],[126.913916,35.151999]]]]}},{"type":"Feature","id":"0000192072361835991800000000","properties":{"id":"0000192072361835991800000000","pnu":"1221010200101730000","purpose":"기타"},"geometry":{"type":"MultiPolygon","coordinates":[[[[126.913764,35.151521],[126.913804,35.151542],[126.91385,35.151482],[126.91381,35.151461],[126.913764,35.151521]]]]}},{"type":"Feature","id":"0000192086211835236400000000","properties":{"id":"0000192086211835236400000000","pnu":"1221013400100850001","purpose":"제1종 근린생활시설"},"geometry":{"type":"MultiPolygon","coordinates":[[[[126.913974,35.150905],[126.913992,35.150905],[126.914076,35.150851],[126.913936,35.150728],[126.913845,35.150796],[126.913974,35.150905]]]]}},{"type":"Feature","id":"0000192094701839219700000000","properties":{"id":"0000192094701839219700000000","pnu":"1221010100100200025","purpose":"숙박시설","floors":1,"structure":"일반목구조"},"geometry":{"type":"MultiPolygon","coordinates":[[[[126.914046,35.154441],[126.914087,35.154409],[126.914047,35.154382],[126.914014,35.154414],[126.914046,35.154441]]]]}},{"type":"Feature","id":"0000192094731836298900000000","properties":{"id":"0000192094731836298900000000","pnu":"1221010200101740001","purpose":"기타"},"geometry":{"type":"MultiPolygon","coordinates":[[[[126.91408,35.151825],[126.914113,35.15177],[126.914027,35.151732],[126.91399,35.151788],[126.91408,35.151825]]]]}},{"type":"Feature","id":"0000192097011840763000000000","properties":{"id":"0000192097011840763000000000","pnu":"1221010100103160004","purpose":"기타"},"geometry":{"type":"MultiPolygon","coordinates":[[[[126.914034,35.155861],[126.914147,35.155776],[126.914112,35.155744],[126.913998,35.155829],[126.914034,35.155861]]]]}},{"type":"Feature","id":"0000192098051839268500000000","properties":{"id":"0000192098051839268500000000","pnu":"1221010100100200025","purpose":"기타"},"geometry":{"type":"MultiPolygon","coordinates":[[[[126.914073,35.154493],[126.914132,35.154454],[126.914099,35.154419],[126.914039,35.154456],[126.914073,35.154493]]]]}},{"type":"Feature","id":"0000192112451840944200000000","properties":{"id":"0000192112451840944200000000","pnu":"1221010100103160018","purpose":"기타"},"geometry":{"type":"MultiPolygon","coordinates":[[[[126.91429,35.155996],[126.914225,35.155919],[126.914194,35.155936],[126.914259,35.156013],[126.91429,35.155996]]]]}},{"type":"Feature","id":"0000192113521841014900000000","properties":{"id":"0000192113521841014900000000","pnu":"1221010100103160018","purpose":"기타"},"geometry":{"type":"MultiPolygon","coordinates":[[[[126.91424,35.156046],[126.91428,35.156029],[126.914271,35.156013],[126.914224,35.156032],[126.91424,35.156046]]]]}},{"type":"Feature","id":"0000192114321832117400000000","properties":{"id":"0000192114321832117400000000","pnu":"1221011700100070007","purpose":"기타"},"geometry":{"type":"MultiPolygon","coordinates":[[[[126.914232,35.148056],[126.914312,35.148056],[126.914311,35.147963],[126.91423,35.147964],[126.914232,35.148056]]]]}},{"type":"Feature","id":"0000192115651840924600000000","properties":{"id":"0000192115651840924600000000","pnu":"1221010100103160018","purpose":"기타"},"geometry":{"type":"MultiPolygon","coordinates":[[[[126.914294,35.155995],[126.914325,35.155977],[126.914261,35.155902],[126.91423,35.155919],[126.914294,35.155995]]]]}},{"type":"Feature","id":"0000192118941840988000000000","properties":{"id":"0000192118941840988000000000","pnu":"1221010100103160018","purpose":"기타"},"geometry":{"type":"MultiPolygon","coordinates":[[[[126.914351,35.156007],[126.914329,35.15598],[126.914277,35.156009],[126.914287,35.156029],[126.914351,35.156007]]]]}},{"type":"Feature","id":"0000192121931834594800000000","properties":{"id":"0000192121931834594800000000","pnu":"1221013400100790001","purpose":"기타"},"geometry":{"type":"MultiPolygon","coordinates":[[[[126.914392,35.150391],[126.914531,35.150268],[126.91431,35.150093],[126.914175,35.150222],[126.914392,35.150391]]]]}},{"type":"Feature","id":"0000192122741837607800000000","properties":{"id":"0000192122741837607800000000","pnu":"1221010100100860003","purpose":"기타"},"geometry":{"type":"MultiPolygon","coordinates":[[[[126.914453,35.153062],[126.914496,35.153021],[126.914263,35.152856],[126.914221,35.152896],[126.914453,35.153062]]]]}},{"type":"Feature","id":"0000192128651839033100000000","properties":{"id":"0000192128651839033100000000","pnu":"1221010100100290005","purpose":"기타"},"geometry":{"type":"MultiPolygon","coordinates":[[[[126.914419,35.154277],[126.914464,35.154243],[126.914423,35.154212],[126.91438,35.154239],[126.914419,35.154277]]]]}},{"type":"Feature","id":"0000192137651838905400000000","properties":{"id":"0000192137651838905400000000","pnu":"1221010100100290004","purpose":"기타"},"geometry":{"type":"MultiPolygon","coordinates":[[[[126.914483,35.154235],[126.914665,35.154117],[126.914554,35.15402],[126.914377,35.154145],[126.914483,35.154235]]]]}},{"type":"Feature","id":"0000192153841836412400000000","properties":{"id":"0000192153841836412400000000","pnu":"1221010200102120000","purpose":"단독주택","far":8.89,"floors":1,"structure":"벽돌구조"},"geometry":{"type":"MultiPolygon","coordinates":[[[[126.914554,35.151898],[126.914606,35.151916],[126.914585,35.151949],[126.914636,35.151972],[126.914669,35.151923],[126.914768,35.151964],[126.914796,35.151921],[126.914804,35.151924],[126.914814,35.151912],[126.914832,35.15192],[126.91486,35.15187],[126.914679,35.151788],[126.914649,35.151829],[126.914611,35.15181],[126.914554,35.151898]]]]}},{"type":"Feature","id":"0000192154341836209400000000","properties":{"id":"0000192154341836209400000000","pnu":"1221010200102120000","purpose":"기타"},"geometry":{"type":"MultiPolygon","coordinates":[[[[126.914621,35.151702],[126.914679,35.151738],[126.914686,35.15173],[126.914739,35.151761],[126.914794,35.151697],[126.914739,35.151663],[126.914733,35.151671],[126.914674,35.151634],[126.914621,35.151702]]]]}},{"type":"Feature","id":"0000192177791839336100000000","properties":{"id":"0000192177791839336100000000","pnu":"1221010100103240009","purpose":"기타"},"geometry":{"type":"MultiPolygon","coordinates":[[[[126.914906,35.154573],[126.915038,35.154494],[126.915009,35.154462],[126.914884,35.154542],[126.914899,35.154564],[126.914906,35.154573]]]]}},{"type":"Feature","id":"0000192179301837392500000000","properties":{"id":"0000192179301837392500000000","pnu":"1221010100100960000","purpose":"기타"},"geometry":{"type":"MultiPolygon","coordinates":[[[[126.91489,35.152768],[126.914982,35.152828],[126.915061,35.15276],[126.914979,35.152696],[126.914948,35.152723],[126.914992,35.152757],[126.914976,35.152771],[126.914924,35.152738],[126.91489,35.152768]]]]}},{"type":"Feature","id":"0000192185451836705500000000","properties":{"id":"0000192185451836705500000000","pnu":"1221010200102120000","purpose":"기타"},"geometry":{"type":"MultiPolygon","coordinates":[[[[126.915032,35.152172],[126.915082,35.15214],[126.915062,35.15212],[126.915013,35.152152],[126.915032,35.152172]]]]}},{"type":"Feature","id":"0000192188361836618500000000","properties":{"id":"0000192188361836618500000000","pnu":"1221010200102120000","purpose":"기타"},"geometry":{"type":"MultiPolygon","coordinates":[[[[126.915076,35.152125],[126.915149,35.152076],[126.915082,35.15201],[126.91501,35.15206],[126.915076,35.152125]]]]}},{"type":"Feature","id":"0000192194661835945100000000","properties":{"id":"0000192194661835945100000000","pnu":"1221013400100390005","purpose":"제2종 근린생활시설","far":36.05,"floors":1,"structure":"일반목구조"},"geometry":{"type":"MultiPolygon","coordinates":[[[[126.915082,35.151456],[126.915189,35.151504],[126.915215,35.151465],[126.915112,35.151417],[126.915082,35.151456]]]]}},{"type":"Feature","id":"0000192197041835883500000000","properties":{"id":"0000192197041835883500000000","pnu":"1221013400100390005","purpose":"기타"},"geometry":{"type":"MultiPolygon","coordinates":[[[[126.915203,35.151437],[126.915221,35.151413],[126.915147,35.151374],[126.915129,35.151396],[126.915203,35.151437]]]]}},{"type":"Feature","id":"0000192204231837554000000000","properties":{"id":"0000192204231837554000000000","pnu":"1221010100100610001","purpose":"기타"},"geometry":{"type":"MultiPolygon","coordinates":[[[[126.915211,35.152932],[126.915246,35.152951],[126.915294,35.15289],[126.915259,35.152871],[126.915211,35.152932]]]]}},{"type":"Feature","id":"0000192210471836767600000000","properties":{"id":"0000192210471836767600000000","pnu":"1221010100101180001","purpose":"제1종 근린생활시설","floors":1,"structure":"일반목구조"},"geometry":{"type":"MultiPolygon","coordinates":[[[[126.915306,35.15224],[126.915365,35.152186],[126.91534,35.152165],[126.915279,35.152214],[126.915306,35.15224]]]]}},{"type":"Feature","id":"0000192213521837940400000000","properties":{"id":"0000192213521837940400000000","pnu":"1221010100100410004","purpose":"기타"},"geometry":{"type":"MultiPolygon","coordinates":[[[[126.915409,35.153171],[126.915252,35.15332],[126.915291,35.153348],[126.915454,35.153208],[126.915409,35.153171]]]]}},{"type":"Feature","id":"0000192216531836803700000000","properties":{"id":"0000192216531836803700000000","pnu":"1221010100101180003","purpose":"기타"},"geometry":{"type":"MultiPolygon","coordinates":[[[[126.91541,35.152279],[126.91544,35.152249],[126.915368,35.152192],[126.915335,35.152218],[126.91541,35.152279]]]]}},{"type":"Feature","id":"0000192219001835959700000000","properties":{"id":"0000192219001835959700000000","pnu":"1221013400100420004","purpose":"숙박시설","far":32.81,"floors":1,"structure":"일반목구조"},"geometry":{"type":"MultiPolygon","coordinates":[[[[126.915467,35.151434],[126.91542,35.151411],[126.915367,35.151519],[126.915409,35.151537],[126.915467,35.151434]]]]}},{"type":"Feature","id":"0000192219831835683400000000","properties":{"id":"0000192219831835683400000000","pnu":"1221013400100390003","purpose":"제2종 근린생활시설","far":63.14,"floors":1,"structure":"경량철골구조"},"geometry":{"type":"MultiPolygon","coordinates":[[[[126.915471,35.151278],[126.915496,35.151251],[126.91544,35.1512],[126.915386,35.151177],[126.91535,35.151207],[126.915471,35.151278]]]]}},{"type":"Feature","id":"0000192222301836344200000000","properties":{"id":"0000192222301836344200000000","pnu":"1221013400100410002","purpose":"제1종 근린생활시설","far":54.76,"floors":2,"structure":"벽돌구조"},"geometry":{"type":"MultiPolygon","coordinates":[[[[126.915425,35.151898],[126.915557,35.151806],[126.915506,35.151764],[126.9155,35.151768],[126.915462,35.151744],[126.91535,35.151842],[126.915425,35.151898]]]]}},{"type":"Feature","id":"0000192222931832798500000000","properties":{"id":"0000192222931832798500000000","pnu":"1221012900100210001","purpose":"기타","floors":2,"structure":"벽돌구조"},"geometry":{"type":"MultiPolygon","coordinates":[[[[126.915462,35.148629],[126.915463,35.148629],[126.915464,35.148629],[126.915465,35.148629],[126.915466,35.148628],[126.915466,35.148628],[126.915467,35.148627],[126.915467,35.148626],[126.915468,35.148625],[126.915468,35.148625],[126.915468,35.148624],[126.915467,35.148623],[126.915467,35.148622],[126.915466,35.148622],[126.915466,35.148621],[126.915465,35.148621],[126.915464,35.14862],[126.915463,35.14862],[126.915462,35.14862],[126.915461,35.14862],[126.91546,35.14862],[126.91546,35.148621],[126.915459,35.148621],[126.915458,35.148622],[126.915458,35.148622],[126.915457,35.148623],[126.915457,35.148624],[126.915457,35.148625],[126.915457,35.148625],[126.915457,35.148626],[126.915458,35.148627],[126.915458,35.148628],[126.915459,35.148628],[126.91546,35.148629],[126.91546,35.148629],[126.915461,35.148629],[126.915462,35.148629]]]]}},{"type":"Feature","id":"0000192224261836048500000000","properties":{"id":"0000192224261836048500000000","pnu":"1221013400100420000","purpose":"기타"},"geometry":{"type":"MultiPolygon","coordinates":[[[[126.915495,35.1516],[126.915532,35.151558],[126.915449,35.151508],[126.915417,35.151548],[126.915495,35.1516]]]]}},{"type":"Feature","id":"0000192225791833301400000000","properties":{"id":"0000192225791833301400000000","pnu":"1221012900100090010","purpose":"기타"},"geometry":{"type":"MultiPolygon","coordinates":[[[[126.915477,35.149118],[126.915547,35.149071],[126.915521,35.149045],[126.915512,35.149051],[126.915502,35.149042],[126.915441,35.149082],[126.915477,35.149118]]]]}},{"type":"Feature","id":"0000192228821838938300000000","properties":{"id":"0000192228821838938300000000","pnu":"1221010100103120002","purpose":"기타"},"geometry":{"type":"MultiPolygon","coordinates":[[[[126.91548,35.154225],[126.91561,35.154151],[126.915558,35.154091],[126.915433,35.154169],[126.91548,35.154225]]]]}},{"type":"Feature","id":"0000192232141833345500000000","properties":{"id":"0000192232141833345500000000","pnu":"1221012900100090010","purpose":"기타"},"geometry":{"type":"MultiPolygon","coordinates":[[[[126.915555,35.149157],[126.915611,35.149113],[126.915571,35.149079],[126.915515,35.149123],[126.915555,35.149157]]]]}},{"type":"Feature","id":"0000192235781835450800000000","properties":{"id":"0000192235781835450800000000","pnu":"1221013400100510000","purpose":"기타","floors":1,"structure":"일반목구조"},"geometry":{"type":"MultiPolygon","coordinates":[[[[126.915601,35.151078],[126.915674,35.151001],[126.915597,35.150951],[126.915529,35.151033],[126.915601,35.151078]]]]}},{"type":"Feature","id":"0000192236011840099500000000","properties":{"id":"0000192236011840099500000000","pnu":"1221010100103150006","purpose":"기타"},"geometry":{"type":"MultiPolygon","coordinates":[[[[126.915669,35.155203],[126.915604,35.155148],[126.915529,35.155209],[126.915594,35.155263],[126.915669,35.155203]]]]}},{"type":"Feature","id":"0000192236931832140700000000","properties":{"id":"0000192236931832140700000000","pnu":"1221012800100290001","purpose":"기타"},"geometry":{"type":"MultiPolygon","coordinates":[[[[126.915607,35.148093],[126.915695,35.14803],[126.91562,35.14797],[126.915542,35.148035],[126.915607,35.148093]]]]}},{"type":"Feature","id":"0000192238381836436700000000","properties":{"id":"0000192238381836436700000000","pnu":"1221010100101270001","purpose":"기타"},"geometry":{"type":"MultiPolygon","coordinates":[[[[126.915622,35.151952],[126.915686,35.151905],[126.915637,35.151857],[126.915569,35.1519],[126.915622,35.151952]]]]}},{"type":"Feature","id":"0000192242421836020700000000","properties":{"id":"0000192242421836020700000000","pnu":"1221013400100420000","purpose":"숙박시설","far":15.26,"floors":1,"structure":"일반목구조"},"geometry":{"type":"MultiPolygon","coordinates":[[[[126.91571,35.151609],[126.9158,35.151537],[126.915745,35.151494],[126.915714,35.151525],[126.915595,35.151449],[126.915545,35.151493],[126.91571,35.151609]]]]}},{"type":"Feature","id":"0000192246261832181200000000","properties":{"id":"0000192246261832181200000000","pnu":"1221012800100290001","purpose":"기타"},"geometry":{"type":"MultiPolygon","coordinates":[[[[126.915674,35.148144],[126.915813,35.148036],[126.915775,35.147993],[126.915623,35.148096],[126.915674,35.148144]]]]}},{"type":"Feature","id":"0000192246521836144100000000","properties":{"id":"0000192246521836144100000000","pnu":"1221013400100420000","purpose":"기타"},"geometry":{"type":"MultiPolygon","coordinates":[[[[126.915871,35.151598],[126.915821,35.151559],[126.915695,35.151635],[126.915616,35.151592],[126.915575,35.151656],[126.915666,35.151704],[126.915694,35.151715],[126.91571,35.151713],[126.915871,35.151598]]]]}},{"type":"Feature","id":"0000192251491835164200000000","properties":{"id":"0000192251491835164200000000","pnu":"1221013400100500000","purpose":"제1종 근린생활시설","floors":1,"structure":"벽돌구조"},"geometry":{"type":"MultiPolygon","coordinates":[[[[126.915792,35.150839],[126.915882,35.150759],[126.915742,35.150663],[126.915677,35.150782],[126.915792,35.150839]]]]}},{"type":"Feature","id":"0000192255741835947800000000","properties":{"id":"0000192255741835947800000000","pnu":"1221013400100420007","purpose":"기타"},"geometry":{"type":"MultiPolygon","coordinates":[[[[126.915832,35.151511],[126.915877,35.151468],[126.915808,35.151418],[126.915761,35.151457],[126.915832,35.151511]]]]}},{"type":"Feature","id":"0000192257971839164600000000","properties":{"id":"0000192257971839164600000000","pnu":"1221010100103110006","year":1971,"purpose":"제2종 근린생활시설","floors":5,"structure":"철근콘크리트구조"},"geometry":{"type":"MultiPolygon","coordinates":[[[[126.915706,35.154418],[126.915758,35.154466],[126.915975,35.154308],[126.915924,35.15426],[126.915706,35.154418]]]]}},{"type":"Feature","id":"0000192261121833120300000000","properties":{"id":"0000192261121833120300000000","pnu":"1221012900100110003","purpose":"기타"},"geometry":{"type":"MultiPolygon","coordinates":[[[[126.915881,35.148919],[126.915882,35.148919],[126.915883,35.148919],[126.915884,35.148919],[126.915885,35.148918],[126.915885,35.148918],[126.915886,35.148917],[126.915886,35.148917],[126.915886,35.148916],[126.915887,35.148915],[126.915886,35.148914],[126.915886,35.148913],[126.915886,35.148913],[126.915885,35.148912],[126.915885,35.148912],[126.915884,35.148911],[126.915883,35.148911],[126.915882,35.148911],[126.915881,35.14891],[126.91588,35.148911],[126.915879,35.148911],[126.915878,35.148911],[126.915878,35.148912],[126.915877,35.148912],[126.915876,35.148913],[126.915876,35.148913],[126.915876,35.148914],[126.915876,35.148915],[126.915876,35.148916],[126.915876,35.148917],[126.915876,35.148917],[126.915877,35.148918],[126.915878,35.148918],[126.915878,35.148919],[126.915879,35.148919],[126.91588,35.148919],[126.915881,35.148919]]]]}},{"type":"Feature","id":"0000192261711835254800000000","properties":{"id":"0000192261711835254800000000","pnu":"1221013400100510000","purpose":"기타","floors":1,"structure":"블록구조"},"geometry":{"type":"MultiPolygon","coordinates":[[[[126.915873,35.150912],[126.915972,35.150823],[126.915898,35.150765],[126.915799,35.150856],[126.915873,35.150912]]]]}},{"type":"Feature","id":"0000192262091837907600000000","properties":{"id":"0000192262091837907600000000","pnu":"1221010100100490001","purpose":"기타"},"geometry":{"type":"MultiPolygon","coordinates":[[[[126.915852,35.153288],[126.91595,35.153223],[126.915905,35.153176],[126.91584,35.153219],[126.915863,35.153243],[126.915829,35.153265],[126.915852,35.153288]]]]}},{"type":"Feature","id":"0000192263471836434200000000","properties":{"id":"0000192263471836434200000000","pnu":"1221010100101440001","purpose":"기타"},"geometry":{"type":"MultiPolygon","coordinates":[[[[126.915946,35.151903],[126.915906,35.151866],[126.915861,35.151902],[126.915903,35.151938],[126.915946,35.151903]]]]}},{"type":"Feature","id":"0000192266971835491900000000","properties":{"id":"0000192266971835491900000000","pnu":"1221013400100510000","purpose":"기타","floors":1,"structure":"일반목구조"},"geometry":{"type":"MultiPolygon","coordinates":[[[[126.915917,35.151115],[126.916009,35.151015],[126.915969,35.15099],[126.915877,35.15109],[126.915917,35.151115]]]]}},{"type":"Feature","id":"0000192267611836023600000000","properties":{"id":"0000192267611836023600000000","pnu":"1221013400100430002","purpose":"기타"},"geometry":{"type":"MultiPolygon","coordinates":[[[[126.915902,35.15159],[126.916021,35.151498],[126.915994,35.151474],[126.915877,35.15157],[126.915902,35.15159]]]]}},{"type":"Feature","id":"0000192279271836135500000000","properties":{"id":"0000192279271836135500000000","pnu":"1221010100101440003","purpose":"기타"},"geometry":{"type":"MultiPolygon","coordinates":[[[[126.916136,35.151658],[126.916057,35.151579],[126.916018,35.151606],[126.916099,35.151687],[126.916136,35.151658]]]]}},{"type":"Feature","id":"0000192279741836320800000000","properties":{"id":"0000192279741836320800000000","pnu":"1221010100101440003","purpose":"기타"},"geometry":{"type":"MultiPolygon","coordinates":[[[[126.9161,35.151876],[126.916162,35.151836],[126.916058,35.151725],[126.916004,35.151756],[126.9161,35.151876]]]]}},{"type":"Feature","id":"0000192284211838280700000000","properties":{"id":"0000192284211838280700000000","pnu":"1221010100103120012","purpose":"제1종 근린생활시설","floors":4,"structure":"철근콘크리트구조"},"geometry":{"type":"MultiPolygon","coordinates":[[[[126.916108,35.153645],[126.916227,35.15357],[126.916149,35.153487],[126.916033,35.153566],[126.916108,35.153645]]]]}},{"type":"Feature","id":"0000192291821837759700000000","properties":{"id":"0000192291821837759700000000","pnu":"1221010100100490000","purpose":"기타"},"geometry":{"type":"MultiPolygon","coordinates":[[[[126.916253,35.153096],[126.916212,35.153061],[126.916176,35.153103],[126.916213,35.153131],[126.916253,35.153096]]]]}},{"type":"Feature","id":"0000192294321842848500000000","properties":{"id":"0000192294321842848500000000","pnu":"1221010900105910009","purpose":"기타"},"geometry":{"type":"MultiPolygon","coordinates":[[[[126.91629,35.157763],[126.916334,35.15773],[126.916173,35.157603],[126.916139,35.157633],[126.91629,35.157763]]]]}},{"type":"Feature","id":"0000192297651836468200000000","properties":{"id":"0000192297651836468200000000","pnu":"1221010100101530000","purpose":"기타"},"geometry":{"type":"MultiPolygon","coordinates":[[[[126.916348,35.152028],[126.916382,35.15199],[126.91621,35.15184],[126.916172,35.15187],[126.916348,35.152028]]]]}},{"type":"Feature","id":"0000192298661834625100000000","properties":{"id":"0000192298661834625100000000","pnu":"1221013300100020005","purpose":"기타"},"geometry":{"type":"MultiPolygon","coordinates":[[[[126.916345,35.150349],[126.916384,35.150311],[126.91624,35.150195],[126.916199,35.150232],[126.916345,35.150349]]]]}},{"type":"Feature","id":"0000192300231836224800000000","properties":{"id":"0000192300231836224800000000","pnu":"1221010100101420000","purpose":"기타"},"geometry":{"type":"MultiPolygon","coordinates":[[[[126.916351,35.151732],[126.916293,35.151669],[126.916264,35.151687],[126.916302,35.151728],[126.91629,35.151736],[126.916309,35.151758],[126.916351,35.151732]]]]}},{"type":"Feature","id":"0000192302201837675700000000","properties":{"id":"0000192302201837675700000000","pnu":"1221010100100490000","purpose":"기타"},"geometry":{"type":"MultiPolygon","coordinates":[[[[126.916345,35.15307],[126.916386,35.153037],[126.916305,35.152974],[126.91627,35.153],[126.916345,35.15307]]]]}},{"type":"Feature","id":"0000192309581842810700000000","properties":{"id":"0000192309581842810700000000","pnu":"1221010900105910009","purpose":"기타"},"geometry":{"type":"MultiPolygon","coordinates":[[[[126.91635,35.157718],[126.916486,35.157611],[126.916453,35.157583],[126.916323,35.157689],[126.91635,35.157718]]]]}},{"type":"Feature","id":"0000192313081838684000000000","properties":{"id":"0000192313081838684000000000","pnu":"1221010100103100006","year":1971,"purpose":"제2종 근린생활시설","far":78.561,"floors":1,"structure":"블록구조"},"geometry":{"type":"MultiPolygon","coordinates":[[[[126.916372,35.154023],[126.916481,35.153938],[126.916531,35.153979],[126.91659,35.153927],[126.916499,35.15385],[126.916458,35.153853],[126.916303,35.153956],[126.916372,35.154023]]]]}},{"type":"Feature","id":"0000192313851837210600000000","properties":{"id":"0000192313851837210600000000","pnu":"1221010100101740000","purpose":"단독주택"},"geometry":{"type":"MultiPolygon","coordinates":[[[[126.916439,35.152648],[126.91651,35.152582],[126.916477,35.152557],[126.916401,35.152619],[126.916439,35.152648]]]]}},{"type":"Feature","id":"0000192321031837281100000000","properties":{"id":"0000192321031837281100000000","pnu":"1221010100101800000","purpose":"제1종 근린생활시설"},"geometry":{"type":"MultiPolygon","coordinates":[[[[126.916432,35.152814],[126.916712,35.152573],[126.916641,35.152516],[126.916356,35.152758],[126.916432,35.152814]]]]}},{"type":"Feature","id":"0000192331601843001600000000","properties":{"id":"0000192331601843001600000000","pnu":"1221010900105880011","year":1970,"purpose":"제1종 근린생활시설"},"geometry":{"type":"MultiPolygon","coordinates":[[[[126.916609,35.157926],[126.916747,35.157819],[126.916649,35.157737],[126.9166,35.157739],[126.91656,35.157769],[126.916609,35.157811],[126.916636,35.15779],[126.916658,35.157805],[126.916565,35.157884],[126.916609,35.157926]]]]}},{"type":"Feature","id":"0000192335511840109300000000","properties":{"id":"0000192335511840109300000000","pnu":"1221010900105140022","purpose":"기타"},"geometry":{"type":"MultiPolygon","coordinates":[[[[126.91676,35.155193],[126.91668,35.155156],[126.916628,35.155228],[126.916683,35.155276],[126.916695,35.155277],[126.91676,35.155193]]]]}},{"type":"Feature","id":"0000192340411833026200000000","properties":{"id":"0000192340411833026200000000","pnu":"1221013200100270000","purpose":"기타","floors":1,"structure":"철근콘크리트구조"},"geometry":{"type":"MultiPolygon","coordinates":[[[[126.916751,35.148835],[126.916752,35.148835],[126.916753,35.148835],[126.916754,35.148835],[126.916755,35.148834],[126.916756,35.148834],[126.916756,35.148833],[126.916757,35.148832],[126.916757,35.148832],[126.916757,35.148831],[126.916757,35.14883],[126.916757,35.148829],[126.916756,35.148829],[126.916756,35.148828],[126.916755,35.148827],[126.916754,35.148827],[126.916753,35.148827],[126.916752,35.148826],[126.916751,35.148826],[126.91675,35.148826],[126.916749,35.148827],[126.916749,35.148827],[126.916748,35.148827],[126.916747,35.148828],[126.916747,35.148829],[126.916746,35.148829],[126.916746,35.14883],[126.916746,35.148831],[126.916746,35.148832],[126.916746,35.148832],[126.916747,35.148833],[126.916747,35.148834],[126.916748,35.148834],[126.916749,35.148835],[126.916749,35.148835],[126.91675,35.148835],[126.916751,35.148835]]]]}},{"type":"Feature","id":"0000192340551832241100000000","properties":{"id":"0000192340551832241100000000","pnu":"1221012800100080003","year":1975,"purpose":"제1종 근린생활시설","far":357.1166,"floors":5,"structure":"철근콘크리트구조"},"geometry":{"type":"MultiPolygon","coordinates":[[[[126.916548,35.148134],[126.916619,35.148206],[126.916665,35.148178],[126.916749,35.148261],[126.916937,35.148133],[126.916806,35.147979],[126.916548,35.148134]]]]}},{"type":"Feature","id":"0000192343291837991000000000","properties":{"id":"0000192343291837991000000000","pnu":"1221010100103130008","purpose":"기타"},"geometry":{"type":"MultiPolygon","coordinates":[[[[126.916792,35.153368],[126.916854,35.153324],[126.916764,35.153245],[126.916703,35.153285],[126.916792,35.153368]]]]}},{"type":"Feature","id":"0000192346271832402100000000","properties":{"id":"0000192346271832402100000000","pnu":"1221012800100080000","purpose":"제1종 근린생활시설"},"geometry":{"type":"MultiPolygon","coordinates":[[[[126.916857,35.148291],[126.916832,35.148267],[126.916874,35.148238],[126.916846,35.14821],[126.916755,35.148272],[126.916807,35.148325],[126.916857,35.148291]]]]}},{"type":"Feature","id":"0000192346291836513700000000","properties":{"id":"0000192346291836513700000000","pnu":"1221010100101630000","purpose":"기타"},"geometry":{"type":"MultiPolygon","coordinates":[[[[126.916814,35.152018],[126.916866,35.151976],[126.916809,35.151932],[126.91676,35.151972],[126.916814,35.152018]]]]}},{"type":"Feature","id":"0000192354321837028000000000","properties":{"id":"0000192354321837028000000000","pnu":"1221010100101710001","purpose":"단독주택","floors":1,"structure":"일반목구조"},"geometry":{"type":"MultiPolygon","coordinates":[[[[126.916837,35.152473],[126.916862,35.15249],[126.916963,35.152402],[126.916939,35.152386],[126.916837,35.152473]]]]}},{"type":"Feature","id":"0000192356311832420800000000","properties":{"id":"0000192356311832420800000000","pnu":"1221012800100080000","purpose":"제2종 근린생활시설","far":103.78,"floors":2,"structure":"철근콘크리트구조"},"geometry":{"type":"MultiPolygon","coordinates":[[[[126.916852,35.148304],[126.916884,35.14834],[126.916916,35.14832],[126.916936,35.148342],[126.917007,35.148299],[126.916935,35.148218],[126.916861,35.148262],[126.916882,35.148286],[126.916852,35.148304]]]]}},{"type":"Feature","id":"0000192359871834914300000000","properties":{"id":"0000192359871834914300000000","pnu":"1221013300100010031","purpose":"기타"},"geometry":{"type":"MultiPolygon","coordinates":[[[[126.916937,35.150654],[126.917103,35.150497],[126.916997,35.150414],[126.916822,35.15056],[126.916937,35.150654]]]]}},{"type":"Feature","id":"0000192362311837245000000000","properties":{"id":"0000192362311837245000000000","pnu":"1221010100101820005","purpose":"제1종 근린생활시설","floors":1,"structure":"일반목구조"},"geometry":{"type":"MultiPolygon","coordinates":[[[[126.916926,35.15271],[126.917097,35.152603],[126.917054,35.152557],[126.916879,35.152662],[126.916926,35.15271]]]]}},{"type":"Feature","id":"0000192363791837082400000000","properties":{"id":"0000192363791837082400000000","pnu":"1221010100101820000","purpose":"제1종 근린생활시설","floors":1,"structure":"일반목구조"},"geometry":{"type":"MultiPolygon","coordinates":[[[[126.916981,35.152583],[126.917112,35.152466],[126.917007,35.15238],[126.916966,35.15241],[126.917022,35.152457],[126.916969,35.152506],[126.916915,35.152477],[126.91688,35.152503],[126.916981,35.152583]]]]}},{"type":"Feature","id":"0000192366561834502000000000","properties":{"id":"0000192366561834502000000000","pnu":"1221010600100580007","purpose":"기타"},"geometry":{"type":"MultiPolygon","coordinates":[[[[126.916977,35.150282],[126.917182,35.150082],[126.917086,35.15005],[126.916901,35.150228],[126.916977,35.150282]]]]}},{"type":"Feature","id":"0000192372511835099700000000","properties":{"id":"0000192372511835099700000000","pnu":"1221013300100010031","purpose":"기타"},"geometry":{"type":"MultiPolygon","coordinates":[[[[126.917031,35.150776],[126.917207,35.15066],[126.917172,35.150624],[126.916996,35.15074],[126.917031,35.150776]]]]}},{"type":"Feature","id":"0000192374191837138000000000","properties":{"id":"0000192374191837138000000000","pnu":"1221010100101820000","purpose":"기타"},"geometry":{"type":"MultiPolygon","coordinates":[[[[126.917133,35.152583],[126.917175,35.152553],[126.917108,35.152491],[126.917061,35.152525],[126.917133,35.152583]]]]}},{"type":"Feature","id":"0000192374701834553300000000","properties":{"id":"0000192374701834553300000000","pnu":"1221010600100580007","purpose":"기타"},"geometry":{"type":"MultiPolygon","coordinates":[[[[126.916977,35.150282],[126.917059,35.150342],[126.917285,35.150122],[126.917182,35.150082],[126.916977,35.150282]]]]}},{"type":"Feature","id":"0000192375431835148200000000","properties":{"id":"0000192375431835148200000000","pnu":"1221010600100640003","purpose":"기타"},"geometry":{"type":"MultiPolygon","coordinates":[[[[126.917258,35.150691],[126.917213,35.15066],[126.917014,35.150793],[126.91705,35.15083],[126.917258,35.150691]]]]}},{"type":"Feature","id":"0000192382441837702400000000","properties":{"id":"0000192382441837702400000000","pnu":"1221010100103130027","purpose":"제1종 근린생활시설","floors":2,"structure":"일반목구조"},"geometry":{"type":"MultiPolygon","coordinates":[[[[126.917208,35.153051],[126.917209,35.15305],[126.91721,35.15305],[126.917211,35.15305],[126.917212,35.15305],[126.917212,35.153049],[126.917213,35.153048],[126.917213,35.153048],[126.917214,35.153047],[126.917214,35.153046],[126.917214,35.153045],[126.917213,35.153045],[126.917213,35.153044],[126.917212,35.153043],[126.917212,35.153043],[126.917211,35.153042],[126.91721,35.153042],[126.917209,35.153042],[126.917208,35.153042],[126.917207,35.153042],[126.917206,35.153042],[126.917206,35.153042],[126.917205,35.153043],[126.917204,35.153043],[126.917203,35.153044],[126.917203,35.153045],[126.917203,35.153045],[126.917203,35.153046],[126.917203,35.153047],[126.917203,35.153048],[126.917203,35.153048],[126.917204,35.153049],[126.917205,35.15305],[126.917205,35.15305],[126.917206,35.15305],[126.917207,35.15305],[126.917208,35.153051]]]]}},{"type":"Feature","id":"0000192396011839677800000000","properties":{"id":"0000192396011839677800000000","pnu":"1221010900104200000","purpose":"단독주택","floors":1,"structure":"벽돌구조"},"geometry":{"type":"MultiPolygon","coordinates":[[[[126.917345,35.154877],[126.917417,35.15482],[126.917366,35.154776],[126.917293,35.154833],[126.917345,35.154877]]]]}},{"type":"Feature","id":"0000192396771839170200000000","properties":{"id":"0000192396771839170200000000","pnu":"1221010100103290000","purpose":"기타"},"geometry":{"type":"MultiPolygon","coordinates":[[[[126.917322,35.154428],[126.917432,35.154329],[126.917409,35.154309],[126.917296,35.154408],[126.917322,35.154428]]]]}},{"type":"Feature","id":"0000192406081834578400000000","properties":{"id":"0000192406081834578400000000","pnu":"1221010600100580002","purpose":"기타"},"geometry":{"type":"MultiPolygon","coordinates":[[[[126.917443,35.150283],[126.917527,35.150204],[126.917494,35.150179],[126.917415,35.150257],[126.917443,35.150283]]]]}},{"type":"Feature","id":"0000192406261834858900000000","properties":{"id":"0000192406261834858900000000","pnu":"1221010600100580001","purpose":"제2종 근린생활시설","floors":1,"structure":"일반목구조"},"geometry":{"type":"MultiPolygon","coordinates":[[[[126.917368,35.150566],[126.917599,35.150429],[126.917571,35.150402],[126.917346,35.150539],[126.917368,35.150566]]]]}},{"type":"Feature","id":"0000192407931838938900000000","properties":{"id":"0000192407931838938900000000","pnu":"1221010100103090015","purpose":"기타"},"geometry":{"type":"MultiPolygon","coordinates":[[[[126.917487,35.154216],[126.917554,35.154163],[126.917486,35.154106],[126.91742,35.154157],[126.917487,35.154216]]]]}},{"type":"Feature","id":"0000192409891835008300000000","properties":{"id":"0000192409891835008300000000","pnu":"1221010600100620006","purpose":"단독주택","floors":2,"structure":"벽돌구조"},"geometry":{"type":"MultiPolygon","coordinates":[[[[126.917535,35.150693],[126.917598,35.150628],[126.917496,35.150546],[126.917421,35.150602],[126.917535,35.150693]]]]}},{"type":"Feature","id":"0000192410011840472100000000","properties":{"id":"0000192410011840472100000000","pnu":"1221010900104660001","purpose":"단독주택","far":63.68,"floors":1,"structure":"일반목구조"},"geometry":{"type":"MultiPolygon","coordinates":[[[[126.917464,35.155539],[126.917536,35.155571],[126.917551,35.155559],[126.917498,35.155513],[126.917464,35.155539]]]]}},{"type":"Feature","id":"0000192411301834504900000000","properties":{"id":"0000192411301834504900000000","pnu":"1221010600100580002","purpose":"기타"},"geometry":{"type":"MultiPolygon","coordinates":[[[[126.917586,35.150176],[126.917527,35.150123],[126.917466,35.150168],[126.917485,35.150186],[126.917498,35.150176],[126.917512,35.150188],[126.917525,35.150178],[126.917551,35.150202],[126.917586,35.150176]]]]}},{"type":"Feature","id":"0000192412741838057600000000","properties":{"id":"0000192412741838057600000000","pnu":"1221010100103080020","purpose":"기타"},"geometry":{"type":"MultiPolygon","coordinates":[[[[126.917489,35.153379],[126.917518,35.153407],[126.917595,35.153351],[126.917559,35.153328],[126.917489,35.153379]]]]}},{"type":"Feature","id":"0000192413351839563300000000","properties":{"id":"0000192413351839563300000000","pnu":"1221010900104230000","purpose":"기타"},"geometry":{"type":"MultiPolygon","coordinates":[[[[126.917559,35.154759],[126.91759,35.154714],[126.91753,35.154687],[126.917503,35.154735],[126.917559,35.154759]]]]}},{"type":"Feature","id":"0000192415211840443000000000","properties":{"id":"0000192415211840443000000000","pnu":"1221010900104660001","purpose":"단독주택","far":63.68,"floors":1,"structure":"일반목구조"},"geometry":{"type":"MultiPolygon","coordinates":[[[[126.91757,35.155549],[126.917601,35.155517],[126.917563,35.155485],[126.917528,35.155514],[126.91757,35.155549]]]]}},{"type":"Feature","id":"0000192416161840780000000000","properties":{"id":"0000192416161840780000000000","pnu":"1221010900104650012","year":1972,"purpose":"숙박시설","far":128.36,"floors":2,"structure":"벽돌구조"},"geometry":{"type":"MultiPolygon","coordinates":[[[[126.917596,35.155884],[126.91765,35.155832],[126.917556,35.155757],[126.917501,35.155809],[126.917596,35.155884]]]]}},{"type":"Feature","id":"0000192418871840489000000000","properties":{"id":"0000192418871840489000000000","pnu":"1221010900104660001","purpose":"단독주택","far":63.68,"floors":1,"structure":"일반목구조"},"geometry":{"type":"MultiPolygon","coordinates":[[[[126.917594,35.155603],[126.917644,35.155566],[126.917643,35.155538],[126.917613,35.155509],[126.917558,35.15557],[126.917594,35.155603]]]]}},{"type":"Feature","id":"0000192424961834174600000000","properties":{"id":"0000192424961834174600000000","pnu":"1221010600100550000","purpose":"제2종 근린생활시설"},"geometry":{"type":"MultiPolygon","coordinates":[[[[126.917582,35.149888],[126.917662,35.149946],[126.917775,35.149845],[126.917694,35.149787],[126.917582,35.149888]]]]}},{"type":"Feature","id":"0000192428601842106100000000","properties":{"id":"0000192428601842106100000000","pnu":"1221010900104840006","purpose":"기타"},"geometry":{"type":"MultiPolygon","coordinates":[[[[126.917673,35.156938],[126.917638,35.156944],[126.917603,35.156971],[126.91767,35.157043],[126.917687,35.157033],[126.917813,35.157106],[126.917835,35.157086],[126.917673,35.156938]]]]}},{"type":"Feature","id":"0000192429831838370800000000","properties":{"id":"0000192429831838370800000000","pnu":"1221010100103080028","purpose":"숙박시설","floors":2,"structure":"철근콘크리트구조"},"geometry":{"type":"MultiPolygon","coordinates":[[[[126.917757,35.153712],[126.917789,35.153686],[126.917732,35.153612],[126.917684,35.153593],[126.917662,35.153612],[126.917757,35.153712]]]]}},{"type":"Feature","id":"0000192437121841963900000000","properties":{"id":"0000192437121841963900000000","pnu":"1221010900104840012","purpose":"기타"},"geometry":{"type":"MultiPolygon","coordinates":[[[[126.917826,35.156949],[126.917903,35.156893],[126.917812,35.15681],[126.917706,35.15689],[126.917778,35.156956],[126.917809,35.156934],[126.917826,35.156949]]]]}},{"type":"Feature","id":"0000192437271834168500000000","properties":{"id":"0000192437271834168500000000","pnu":"1221010600100550000","purpose":"제2종 근린생활시설"},"geometry":{"type":"MultiPolygon","coordinates":[[[[126.917676,35.149946],[126.917732,35.149991],[126.917874,35.149872],[126.91787,35.149868],[126.91791,35.149833],[126.917915,35.149837],[126.917942,35.149815],[126.917902,35.149783],[126.917894,35.14979],[126.917858,35.149761],[126.917862,35.149758],[126.917834,35.149736],[126.917772,35.149789],[126.917836,35.14984],[126.917752,35.149911],[126.917735,35.149897],[126.917676,35.149946]]]]}},{"type":"Feature","id":"0000192440351832911100000000","properties":{"id":"0000192440351832911100000000","pnu":"1221013200100100003","purpose":"제2종 근린생활시설"},"geometry":{"type":"MultiPolygon","coordinates":[[[[126.917836,35.148761],[126.917888,35.148722],[126.917862,35.148695],[126.917808,35.148732],[126.917836,35.148761]]]]}},{"type":"Feature","id":"0000192445321839916100000000","properties":{"id":"0000192445321839916100000000","pnu":"1221010900104560000","purpose":"기타"},"geometry":{"type":"MultiPolygon","coordinates":[[[[126.917933,35.155015],[126.917907,35.155001],[126.917859,35.15507],[126.917885,35.155083],[126.917933,35.155015]]]]}},{"type":"Feature","id":"0000192445951841841000000000","properties":{"id":"0000192445951841841000000000","pnu":"1221010900104850040","purpose":"기타"},"geometry":{"type":"MultiPolygon","coordinates":[[[[126.917893,35.156815],[126.917949,35.156774],[126.91791,35.156739],[126.917854,35.15678],[126.917893,35.156815]]]]}},{"type":"Feature","id":"0000192448311836482800000000","properties":{"id":"0000192448311836482800000000","pnu":"1221010600100010001","purpose":"제2종 근린생활시설","far":133.76,"floors":2,"structure":"일반철골구조"},"geometry":{"type":"MultiPolygon","coordinates":[[[[126.918041,35.151976],[126.917917,35.151885],[126.917841,35.151956],[126.917849,35.151971],[126.917965,35.151987],[126.918041,35.151976]]]]}},{"type":"Feature","id":"0000192449251832959800000000","properties":{"id":"0000192449251832959800000000","pnu":"1221013200100100003","purpose":"제2종 근린생활시설"},"geometry":{"type":"MultiPolygon","coordinates":[[[[126.917865,35.148783],[126.91798,35.148828],[126.918027,35.148765],[126.917914,35.148713],[126.917865,35.148783]]]]}},{"type":"Feature","id":"0000192454011832121900000000","properties":{"id":"0000192454011832121900000000","pnu":"1221013100100190001","purpose":"제1종 근린생활시설"},"geometry":{"type":"MultiPolygon","coordinates":[[[[126.917903,35.148005],[126.918008,35.148095],[126.918094,35.148028],[126.917989,35.147938],[126.917903,35.148005]]]]}},{"type":"Feature","id":"0000192454481839965700000000","properties":{"id":"0000192454481839965700000000","pnu":"1221010900104560000","purpose":"기타"},"geometry":{"type":"MultiPolygon","coordinates":[[[[126.917995,35.155119],[126.918031,35.155068],[126.917996,35.155055],[126.917964,35.155106],[126.917995,35.155119]]]]}},{"type":"Feature","id":"0000192455881834093000000000","properties":{"id":"0000192455881834093000000000","pnu":"1221010600100510022","purpose":"단독주택","far":5.9038,"floors":1,"structure":"벽돌구조"},"geometry":{"type":"MultiPolygon","coordinates":[[[[126.917944,35.149798],[126.91801,35.149848],[126.918094,35.149774],[126.918057,35.149746],[126.918024,35.149774],[126.917996,35.149752],[126.917945,35.149797],[126.917944,35.149798]]]]}},{"type":"Feature","id":"0000192458631839531900000000","properties":{"id":"0000192458631839531900000000","pnu":"1221010900104450000","purpose":"기타"},"geometry":{"type":"MultiPolygon","coordinates":[[[[126.918078,35.154677],[126.918039,35.154661],[126.918008,35.154715],[126.918045,35.154731],[126.918078,35.154677]]]]}},{"type":"Feature","id":"0000192459821841184500000000","properties":{"id":"0000192459821841184500000000","pnu":"1221010900104650025","purpose":"기타"},"geometry":{"type":"MultiPolygon","coordinates":[[[[126.918087,35.156237],[126.918124,35.156191],[126.918022,35.156135],[126.917982,35.156177],[126.918087,35.156237]]]]}},{"type":"Feature","id":"0000192465031842081900000000","properties":{"id":"0000192465031842081900000000","pnu":"1221010900104860015","purpose":"기타"},"geometry":{"type":"MultiPolygon","coordinates":[[[[126.918089,35.157046],[126.918176,35.156976],[126.918133,35.156942],[126.918045,35.157011],[126.918089,35.157046]]]]}},{"type":"Feature","id":"0000192466401839365200000000","properties":{"id":"0000192466401839365200000000","pnu":"1221010900104470000","year":1971,"purpose":"제2종 근린생활시설","floors":1,"structure":"블록구조"},"geometry":{"type":"MultiPolygon","coordinates":[[[[126.918166,35.154584],[126.918186,35.154556],[126.918088,35.154508],[126.918069,35.154532],[126.918166,35.154584]]]]}},{"type":"Feature","id":"0000192468161839469700000000","properties":{"id":"0000192468161839469700000000","pnu":"1221010900104490000","purpose":"기타"},"geometry":{"type":"MultiPolygon","coordinates":[[[[126.918186,35.154606],[126.918165,35.154598],[126.918109,35.154669],[126.918133,35.154681],[126.918186,35.154606]]]]}},{"type":"Feature","id":"0000192474441840181600000000","properties":{"id":"0000192474441840181600000000","pnu":"1221010900104610002","purpose":"기타"},"geometry":{"type":"MultiPolygon","coordinates":[[[[126.918246,35.155272],[126.918206,35.155256],[126.918185,35.15529],[126.918226,35.155307],[126.918246,35.155272]]]]}},{"type":"Feature","id":"0000192477961841578100000000","properties":{"id":"0000192477961841578100000000","pnu":"1221010900104650037","purpose":"기타","floors":1,"structure":"일반목구조"},"geometry":{"type":"MultiPolygon","coordinates":[[[[126.918243,35.156643],[126.918302,35.156594],[126.918252,35.156554],[126.918344,35.156474],[126.918305,35.156436],[126.918194,35.15652],[126.918183,35.156591],[126.918243,35.156643]]]]}},{"type":"Feature","id":"0000192482751836925300000000","properties":{"id":"0000192482751836925300000000","pnu":"1221010700100090009","purpose":"기타"},"geometry":{"type":"MultiPolygon","coordinates":[[[[126.918316,35.152384],[126.918352,35.152351],[126.918301,35.15231],[126.918268,35.15234],[126.918316,35.152384]]]]}},{"type":"Feature","id":"0000192483091841690600000000","properties":{"id":"0000192483091841690600000000","pnu":"1221010900104650036","purpose":"기타","floors":1,"structure":"일반목구조"},"geometry":{"type":"MultiPolygon","coordinates":[[[[126.918306,35.156578],[126.918232,35.156634],[126.918311,35.156705],[126.918388,35.156647],[126.918362,35.156624],[126.918359,35.156626],[126.918306,35.156578]]]]}},{"type":"Feature","id":"0000192491901837752300000000","properties":{"id":"0000192491901837752300000000","pnu":"1221010100101900016","purpose":"기타"},"geometry":{"type":"MultiPolygon","coordinates":[[[[126.918327,35.153115],[126.91838,35.153159],[126.918492,35.153069],[126.918439,35.153025],[126.918327,35.153115]]]]}},{"type":"Feature","id":"0000192495661834591500000000","properties":{"id":"0000192495661834591500000000","pnu":"1221010600100350005","purpose":"제1종 근린생활시설","floors":1,"structure":"일반목구조"},"geometry":{"type":"MultiPolygon","coordinates":[[[[126.918463,35.150306],[126.918531,35.150241],[126.918445,35.15018],[126.918376,35.150245],[126.918463,35.150306]]]]}},{"type":"Feature","id":"0000192498591834093000000000","properties":{"id":"0000192498591834093000000000","pnu":"1221010600100520003","purpose":"기타"},"geometry":{"type":"MultiPolygon","coordinates":[[[[126.918505,35.149873],[126.91858,35.149801],[126.918465,35.149715],[126.918393,35.149785],[126.918505,35.149873]]]]}},{"type":"Feature","id":"0000192500651839126900000000","properties":{"id":"0000192500651839126900000000","pnu":"1221010900103910000","purpose":"기타"},"geometry":{"type":"MultiPolygon","coordinates":[[[[126.918521,35.154364],[126.918547,35.154339],[126.918487,35.154298],[126.918462,35.154322],[126.918521,35.154364]]]]}},{"type":"Feature","id":"0000192503321838809400000000","properties":{"id":"0000192503321838809400000000","pnu":"1221010900103640002","purpose":"기타"},"geometry":{"type":"MultiPolygon","coordinates":[[[[126.918557,35.154066],[126.918565,35.154035],[126.91851,35.154023],[126.918504,35.154056],[126.918557,35.154066]]]]}},{"type":"Feature","id":"0000192510091840412800000000","properties":{"id":"0000192510091840412800000000","pnu":"1221010900102980010","purpose":"기타"},"geometry":{"type":"MultiPolygon","coordinates":[[[[126.918645,35.155525],[126.918664,35.155487],[126.918567,35.155454],[126.918552,35.155495],[126.918645,35.155525]]]]}},{"type":"Feature","id":"0000192510201838837400000000","properties":{"id":"0000192510201838837400000000","pnu":"1221010900103640002","purpose":"기타"},"geometry":{"type":"MultiPolygon","coordinates":[[[[126.918638,35.154045],[126.918603,35.154036],[126.918583,35.154097],[126.918612,35.154105],[126.918638,35.154045]]]]}},{"type":"Feature","id":"0000192511281837225300000000","properties":{"id":"0000192511281837225300000000","pnu":"1221010700100050001","purpose":"제1종 근린생활시설","floors":1,"structure":"일반목구조"},"geometry":{"type":"MultiPolygon","coordinates":[[[[126.918651,35.152659],[126.918675,35.15264],[126.918594,35.152574],[126.918571,35.152596],[126.918651,35.152659]]]]}},{"type":"Feature","id":"0000192513331840324100000000","properties":{"id":"0000192513331840324100000000","pnu":"1221010900102980010","purpose":"기타"},"geometry":{"type":"MultiPolygon","coordinates":[[[[126.918689,35.155384],[126.91866,35.155366],[126.918596,35.155438],[126.918622,35.155455],[126.918689,35.155384]]]]}},{"type":"Feature","id":"0000192515521837181700000000","properties":{"id":"0000192515521837181700000000","pnu":"1221010700100150005","purpose":"기타"},"geometry":{"type":"MultiPolygon","coordinates":[[[[126.91869,35.152625],[126.918728,35.152587],[126.918648,35.152532],[126.91861,35.152564],[126.91869,35.152625]]]]}},{"type":"Feature","id":"0000192517851840514400000000","properties":{"id":"0000192517851840514400000000","pnu":"1221010900102980003","purpose":"기타"},"geometry":{"type":"MultiPolygon","coordinates":[[[[126.918708,35.155604],[126.918722,35.155574],[126.918674,35.155561],[126.918661,35.155587],[126.918708,35.155604]]]]}},{"type":"Feature","id":"0000192517971840859400000000","properties":{"id":"0000192517971840859400000000","pnu":"1221010900102970006","purpose":"기타"},"geometry":{"type":"MultiPolygon","coordinates":[[[[126.918698,35.155947],[126.918758,35.155901],[126.918706,35.155846],[126.918619,35.155876],[126.918698,35.155947]]]]}},{"type":"Feature","id":"0000192522001838743400000000","properties":{"id":"0000192522001838743400000000","pnu":"1221010900103630002","purpose":"단독주택","floors":1,"structure":"일반목구조"},"geometry":{"type":"MultiPolygon","coordinates":[[[[126.918755,35.154018],[126.918786,35.153975],[126.918703,35.15396],[126.918696,35.153987],[126.918755,35.154018]]]]}},{"type":"Feature","id":"0000192522891837248900000000","properties":{"id":"0000192522891837248900000000","pnu":"1221010700100150005","purpose":"기타"},"geometry":{"type":"MultiPolygon","coordinates":[[[[126.918799,35.152647],[126.918739,35.152599],[126.918702,35.15263],[126.918761,35.152678],[126.918799,35.152647]]]]}},{"type":"Feature","id":"0000192525531837351200000000","properties":{"id":"0000192525531837351200000000","pnu":"1221010700100020001","purpose":"제1종 근린생활시설","far":42.26,"floors":1,"structure":"경량철골구조"},"geometry":{"type":"MultiPolygon","coordinates":[[[[126.918845,35.152816],[126.918884,35.152781],[126.918699,35.152643],[126.918669,35.152668],[126.918845,35.152816]]]]}},{"type":"Feature","id":"0000192527041833283200000000","properties":{"id":"0000192527041833283200000000","pnu":"1221010500100820002","purpose":"제2종 근린생활시설","far":190.07,"floors":5,"structure":"철근콘크리트구조"},"geometry":{"type":"MultiPolygon","coordinates":[[[[126.918723,35.149053],[126.918834,35.14912],[126.918851,35.14911],[126.918878,35.149079],[126.918785,35.149024],[126.918793,35.149015],[126.918769,35.149001],[126.918723,35.149053]]]]}},{"type":"Feature","id":"0000192527951835047400000000","properties":{"id":"0000192527951835047400000000","pnu":"1221010600100330000","purpose":"기타"},"geometry":{"type":"MultiPolygon","coordinates":[[[[126.918725,35.150634],[126.918845,35.150718],[126.918891,35.150674],[126.918771,35.15059],[126.918725,35.150634]]]]}},{"type":"Feature","id":"0000192528811834203600000000","properties":{"id":"0000192528811834203600000000","pnu":"1221010600100370005","purpose":"제2종 근린생활시설","far":209.76,"floors":3,"structure":"철근콘크리트구조"},"geometry":{"type":"MultiPolygon","coordinates":[[[[126.918829,35.149946],[126.918883,35.149892],[126.91881,35.149842],[126.91875,35.149893],[126.918829,35.149946]]]]}},{"type":"Feature","id":"0000192529711837066000000000","properties":{"id":"0000192529711837066000000000","pnu":"1221010700100150005","purpose":"기타"},"geometry":{"type":"MultiPolygon","coordinates":[[[[126.918898,35.152566],[126.91894,35.152531],[126.918752,35.152381],[126.91871,35.152416],[126.918898,35.152566]]]]}},{"type":"Feature","id":"0000192533281837272000000000","properties":{"id":"0000192533281837272000000000","pnu":"1221010700100020001","purpose":"단독주택","far":27.5,"floors":1,"structure":"일반목구조"},"geometry":{"type":"MultiPolygon","coordinates":[[[[126.918837,35.152721],[126.918935,35.152636],[126.918891,35.152597],[126.918793,35.152684],[126.918837,35.152721]]]]}},{"type":"Feature","id":"0000192534071833224300000000","properties":{"id":"0000192534071833224300000000","pnu":"1221010500100820002","purpose":"제2종 근린생활시설","far":190.07,"floors":5,"structure":"철근콘크리트구조"},"geometry":{"type":"MultiPolygon","coordinates":[[[[126.918903,35.149082],[126.918968,35.149016],[126.91885,35.14894],[126.918785,35.149005],[126.918903,35.149082]]]]}},{"type":"Feature","id":"0000192534971834981200000000","properties":{"id":"0000192534971834981200000000","pnu":"1221010600100330000","purpose":"기타"},"geometry":{"type":"MultiPolygon","coordinates":[[[[126.918928,35.15066],[126.91897,35.150622],[126.918841,35.150528],[126.9188,35.150566],[126.918928,35.15066]]]]}},{"type":"Feature","id":"0000192535901833497600000000","properties":{"id":"0000192535901833497600000000","pnu":"1221010500100800001","purpose":"제2종 근린생활시설","far":73.4,"floors":1,"structure":"벽돌구조"},"geometry":{"type":"MultiPolygon","coordinates":[[[[126.918818,35.149278],[126.918876,35.149329],[126.918975,35.149236],[126.918914,35.149186],[126.918818,35.149278]]]]}},{"type":"Feature","id":"0000192537361837981900000000","properties":{"id":"0000192537361837981900000000","pnu":"1221010100101980012","purpose":"기타"},"geometry":{"type":"MultiPolygon","coordinates":[[[[126.918877,35.15336],[126.918971,35.15329],[126.918972,35.153254],[126.918951,35.153238],[126.91883,35.153316],[126.918877,35.15336]]]]}},{"type":"Feature","id":"0000192538091839371300000000","properties":{"id":"0000192538091839371300000000","pnu":"1221010900103160000","purpose":"단독주택"},"geometry":{"type":"MultiPolygon","coordinates":[[[[126.918902,35.154599],[126.918977,35.154543],[126.918925,35.154503],[126.918854,35.154562],[126.918902,35.154599]]]]}},{"type":"Feature","id":"0000192541421841340700000000","properties":{"id":"0000192541421841340700000000","pnu":"1221010900102960008","purpose":"기타"},"geometry":{"type":"MultiPolygon","coordinates":[[[[126.91883,35.15635],[126.918914,35.156417],[126.91908,35.156287],[126.918971,35.156246],[126.91883,35.15635]]]]}},{"type":"Feature","id":"0000192541571837335000000000","properties":{"id":"0000192541571837335000000000","pnu":"1221010700100020001","purpose":"기타"},"geometry":{"type":"MultiPolygon","coordinates":[[[[126.918913,35.152774],[126.919016,35.152696],[126.919017,35.152672],[126.918996,35.152659],[126.918884,35.152745],[126.918913,35.152774]]]]}},{"type":"Feature","id":"0000192543101834909200000000","properties":{"id":"0000192543101834909200000000","pnu":"1221010600100330000","purpose":"기타"},"geometry":{"type":"MultiPolygon","coordinates":[[[[126.919019,35.150595],[126.919061,35.150558],[126.918928,35.150464],[126.918888,35.150502],[126.919019,35.150595]]]]}},{"type":"Feature","id":"0000192544591839006800000000","properties":{"id":"0000192544591839006800000000","pnu":"1221010900103130003","purpose":"기타"},"geometry":{"type":"MultiPolygon","coordinates":[[[[126.919001,35.154263],[126.919041,35.154232],[126.91897,35.154181],[126.918935,35.154218],[126.919001,35.154263]]]]}},{"type":"Feature","id":"0000192544981834693400000000","properties":{"id":"0000192544981834693400000000","pnu":"1221010600100300000","purpose":"기타"},"geometry":{"type":"MultiPolygon","coordinates":[[[[126.919009,35.150396],[126.919079,35.150329],[126.91903,35.150294],[126.91901,35.150313],[126.918961,35.150279],[126.918911,35.150328],[126.919009,35.150396]]]]}},{"type":"Feature","id":"0000192546421838737900000000","properties":{"id":"0000192546421838737900000000","pnu":"1221010900103810019","purpose":"기타"},"geometry":{"type":"MultiPolygon","coordinates":[[[[126.918369,35.153918],[126.91837,35.153956],[126.918535,35.153945],[126.91871,35.153952],[126.919275,35.154037],[126.919559,35.154103],[126.919609,35.154063],[126.919279,35.153983],[126.918777,35.153914],[126.918564,35.153899],[126.918369,35.153918]]]]}},{"type":"Feature","id":"1925192536101838922900000000","properties":{"id":"1925192536101838922900000000","pnu":"1221010900103130005","purpose":"기타","structure":"일반목구조"},"geometry":{"type":"MultiPolygon","coordinates":[[[[126.918894,35.154152],[126.918894,35.154152],[126.918895,35.154151],[126.918896,35.154151],[126.918897,35.154151],[126.918898,35.15415],[126.918898,35.15415],[126.918899,35.154149],[126.918899,35.154148],[126.918899,35.154147],[126.918899,35.154146],[126.918899,35.154146],[126.918898,35.154145],[126.918898,35.154144],[126.918897,35.154144],[126.918896,35.154143],[126.918895,35.154143],[126.918894,35.154143],[126.918894,35.154143],[126.918893,35.154143],[126.918892,35.154143],[126.918891,35.154143],[126.91889,35.154144],[126.918889,35.154144],[126.918889,35.154145],[126.918888,35.154146],[126.918888,35.154146],[126.918888,35.154147],[126.918888,35.154148],[126.918888,35.154149],[126.918889,35.15415],[126.918889,35.15415],[126.91889,35.154151],[126.918891,35.154151],[126.918892,35.154151],[126.918893,35.154152],[126.918894,35.154152]]]]}},{"type":"Feature","id":"1925192536931838986800000000","properties":{"id":"1925192536931838986800000000","pnu":"1221010900103130005","purpose":"단독주택","floors":1,"structure":"일반목구조"},"geometry":{"type":"MultiPolygon","coordinates":[[[[126.918903,35.154248],[126.918954,35.154197],[126.918904,35.154162],[126.918851,35.154212],[126.918903,35.154248]]]]}},{"type":"Feature","id":"1930192439101835275500000000","properties":{"id":"1930192439101835275500000000","pnu":"1221010600100060002","purpose":"기타","far":0.465532,"structure":"벽돌구조"},"geometry":{"type":"MultiPolygon","coordinates":[[[[126.917796,35.150964],[126.917952,35.15081],[126.917864,35.150757],[126.917715,35.150905],[126.917796,35.150964]]]]}},{"type":"Feature","id":"1935192004151835605800000000","properties":{"id":"1935192004151835605800000000","pnu":"1221010300100380001","year":1935,"purpose":"기타"},"geometry":{"type":"MultiPolygon","coordinates":[[[[126.913059,35.151158],[126.91306,35.151158],[126.913061,35.151158],[126.913061,35.151157],[126.913062,35.151157],[126.913063,35.151156],[126.913063,35.151156],[126.913064,35.151155],[126.913064,35.151154],[126.913064,35.151153],[126.913064,35.151153],[126.913064,35.151152],[126.913063,35.151151],[126.913063,35.15115],[126.913062,35.15115],[126.913061,35.151149],[126.913061,35.151149],[126.91306,35.151149],[126.913059,35.151149],[126.913058,35.151149],[126.913057,35.151149],[126.913056,35.151149],[126.913055,35.15115],[126.913055,35.15115],[126.913054,35.151151],[126.913054,35.151152],[126.913053,35.151153],[126.913053,35.151153],[126.913053,35.151154],[126.913054,35.151155],[126.913054,35.151156],[126.913055,35.151156],[126.913055,35.151157],[126.913056,35.151157],[126.913057,35.151158],[126.913058,35.151158],[126.913059,35.151158]]]]}},{"type":"Feature","id":"1943192323021837105800000000","properties":{"id":"1943192323021837105800000000","pnu":"1221010100101740005","purpose":"단독주택"},"geometry":{"type":"MultiPolygon","coordinates":[[[[126.916553,35.152555],[126.916615,35.152496],[126.916564,35.15246],[126.916497,35.152518],[126.916553,35.152555]]]]}},{"type":"Feature","id":"1944192502551840803200000000","properties":{"id":"1944192502551840803200000000","pnu":"1221010900104630018","purpose":"단독주택","floors":1,"structure":"벽돌구조"},"geometry":{"type":"MultiPolygon","coordinates":[[[[126.918514,35.155892],[126.91857,35.155872],[126.91854,35.155819],[126.918558,35.155812],[126.918543,35.155791],[126.918475,35.155819],[126.918514,35.155892]]]]}},{"type":"Feature","id":"1944192507411840799200000000","properties":{"id":"1944192507411840799200000000","pnu":"1221010900104630018","purpose":"기타","structure":"벽돌구조"},"geometry":{"type":"MultiPolygon","coordinates":[[[[126.918577,35.155843],[126.918578,35.155843],[126.918579,35.155843],[126.91858,35.155842],[126.91858,35.155842],[126.918581,35.155841],[126.918582,35.155841],[126.918582,35.15584],[126.918582,35.155839],[126.918582,35.155838],[126.918582,35.155837],[126.918582,35.155837],[126.918582,35.155836],[126.918581,35.155835],[126.91858,35.155835],[126.91858,35.155834],[126.918579,35.155834],[126.918578,35.155834],[126.918577,35.155834],[126.918576,35.155834],[126.918575,35.155834],[126.918574,35.155834],[126.918573,35.155835],[126.918573,35.155835],[126.918572,35.155836],[126.918572,35.155837],[126.918571,35.155837],[126.918571,35.155838],[126.918571,35.155839],[126.918572,35.15584],[126.918572,35.155841],[126.918573,35.155841],[126.918573,35.155842],[126.918574,35.155842],[126.918575,35.155843],[126.918576,35.155843],[126.918577,35.155843]]]]}},{"type":"Feature","id":"1948192424461842191400000000","properties":{"id":"1948192424461842191400000000","pnu":"1221010900104840006","purpose":"단독주택","far":5.6224299,"structure":"일반목구조"},"geometry":{"type":"MultiPolygon","coordinates":[[[[126.917649,35.157124],[126.917698,35.157074],[126.917684,35.15706],[126.917631,35.157111],[126.917649,35.157124]]]]}},{"type":"Feature","id":"1948192424681842302700000000","properties":{"id":"1948192424681842302700000000","pnu":"1221010900104840006","purpose":"단독주택","floors":1,"structure":"일반목구조"},"geometry":{"type":"MultiPolygon","coordinates":[[[[126.917688,35.157255],[126.91774,35.157214],[126.917643,35.157132],[126.917596,35.157168],[126.917688,35.157255]]]]}},{"type":"Feature","id":"1948192431231842211500000000","properties":{"id":"1948192431231842211500000000","pnu":"1221010900104840006","purpose":"단독주택","far":5.6224299,"structure":"일반목구조"},"geometry":{"type":"MultiPolygon","coordinates":[[[[126.917773,35.157148],[126.917793,35.157124],[126.917702,35.157074],[126.917685,35.157094],[126.917773,35.157148]]]]}},{"type":"Feature","id":"1948192432221842458300000000","properties":{"id":"1948192432221842458300000000","pnu":"1221010900104840006","year":1948,"purpose":"단독주택"},"geometry":{"type":"MultiPolygon","coordinates":[[[[126.917726,35.157356],[126.917785,35.157328],[126.917774,35.157311],[126.917716,35.157337],[126.917726,35.157356]]]]}},{"type":"Feature","id":"1950192056111833811500000000","properties":{"id":"1950192056111833811500000000","pnu":"1221013000100350014","purpose":"제1종 근린생활시설","floors":1,"structure":"일반목구조"},"geometry":{"type":"MultiPolygon","coordinates":[[[[126.913722,35.149454],[126.913653,35.149429],[126.913538,35.14961],[126.913615,35.149644],[126.913722,35.149454]]]]}},{"type":"Feature","id":"1950192177641835935200000000","properties":{"id":"1950192177641835935200000000","pnu":"1221013400100050000","purpose":"기타","structure":"벽돌구조"},"geometry":{"type":"MultiPolygon","coordinates":[[[[126.915001,35.151429],[126.914965,35.151413],[126.914923,35.151473],[126.91496,35.151491],[126.915001,35.151429]]]]}},{"type":"Feature","id":"1950192184321835968700000000","properties":{"id":"1950192184321835968700000000","pnu":"1221013400100050000","purpose":"제2종 근린생활시설","floors":1,"structure":"일반목구조"},"geometry":{"type":"MultiPolygon","coordinates":[[[[126.915053,35.151522],[126.915085,35.151483],[126.915017,35.151441],[126.914987,35.151482],[126.915053,35.151522]]]]}},{"type":"Feature","id":"1950192294891840547900000000","properties":{"id":"1950192294891840547900000000","pnu":"1221010900104720004","year":1950,"purpose":"제1종 근린생활시설"},"geometry":{"type":"MultiPolygon","coordinates":[[[[126.91621,35.155673],[126.916321,35.155586],[126.916278,35.155548],[126.916169,35.155634],[126.91621,35.155673]]]]}},{"type":"Feature","id":"1951191677601836454500000000","properties":{"id":"1951191677601836454500000000","pnu":"1221010400100040002","purpose":"단독주택","floors":1,"structure":"일반목구조"},"geometry":{"type":"MultiPolygon","coordinates":[[[[126.909442,35.151966],[126.909537,35.151896],[126.909505,35.151865],[126.90941,35.151937],[126.909442,35.151966]]]]}},{"type":"Feature","id":"1951191688221836359500000000","properties":{"id":"1951191688221836359500000000","pnu":"1221010400100040002","purpose":"단독주택","floors":1,"structure":"일반목구조"},"geometry":{"type":"MultiPolygon","coordinates":[[[[126.909562,35.151883],[126.909653,35.151811],[126.909624,35.151777],[126.909527,35.151848],[126.909562,35.151883]]]]}},{"type":"Feature","id":"1951191750631835509500000000","properties":{"id":"1951191750631835509500000000","pnu":"1221010400100420011","purpose":"단독주택","floors":1,"structure":"일반목구조"},"geometry":{"type":"MultiPolygon","coordinates":[[[[126.910307,35.151128],[126.910339,35.151094],[126.910286,35.151049],[126.91031,35.151022],[126.910278,35.150998],[126.910209,35.151059],[126.910307,35.151128]]]]}},{"type":"Feature","id":"1951191770371834092900000000","properties":{"id":"1951191770371834092900000000","pnu":"1221010400100800000","year":1951,"purpose":"기타"},"geometry":{"type":"MultiPolygon","coordinates":[[[[126.910513,35.149876],[126.910598,35.149805],[126.910471,35.149702],[126.910392,35.149763],[126.910513,35.149876]]]]}},{"type":"Feature","id":"1951191776431833912500000000","properties":{"id":"1951191776431833912500000000","pnu":"1221010400100800000","year":1951,"purpose":"단독주택"},"geometry":{"type":"MultiPolygon","coordinates":[[[[126.910578,35.14968],[126.91063,35.149625],[126.910545,35.149571],[126.910493,35.149626],[126.910578,35.14968]]]]}},{"type":"Feature","id":"1951191778781836563800000000","properties":{"id":"1951191778781836563800000000","pnu":"1221010300100920005","purpose":"제1종 근린생활시설","floors":3,"structure":"철근콘크리트구조"},"geometry":{"type":"MultiPolygon","coordinates":[[[[126.910602,35.152077],[126.910654,35.152037],[126.910571,35.151954],[126.910512,35.151992],[126.910602,35.152077]]]]}},{"type":"Feature","id":"1951191782831834033100000000","properties":{"id":"1951191782831834033100000000","pnu":"1221010400100800000","year":1951,"purpose":"기타"},"geometry":{"type":"MultiPolygon","coordinates":[[[[126.910615,35.149783],[126.910686,35.149712],[126.910646,35.149687],[126.910578,35.149752],[126.910615,35.149783]]]]}},{"type":"Feature","id":"1951191791941836313500000000","properties":{"id":"1951191791941836313500000000","pnu":"1221010300100930010","year":1951,"purpose":"단독주택"},"geometry":{"type":"MultiPolygon","coordinates":[[[[126.910723,35.151821],[126.910769,35.151786],[126.910735,35.151757],[126.910689,35.151795],[126.910723,35.151821]]]]}},{"type":"Feature","id":"1951191799501836377100000000","properties":{"id":"1951191799501836377100000000","pnu":"1221010300100930010","year":1951,"purpose":"제1종 근린생활시설"},"geometry":{"type":"MultiPolygon","coordinates":[[[[126.910839,35.151904],[126.91088,35.15188],[126.910785,35.151789],[126.910744,35.151816],[126.910839,35.151904]]]]}},{"type":"Feature","id":"1951191859201834145300000000","properties":{"id":"1951191859201834145300000000","pnu":"1221010400100540001","purpose":"제1종 근린생활시설","floors":1,"structure":"일반목구조"},"geometry":{"type":"MultiPolygon","coordinates":[[[[126.911533,35.149895],[126.911558,35.149839],[126.911461,35.149772],[126.911371,35.149845],[126.911371,35.149856],[126.911441,35.149875],[126.91146,35.149853],[126.911533,35.149895]]]]}},{"type":"Feature","id":"1951191872781834224200000000","properties":{"id":"1951191872781834224200000000","pnu":"1221010400100540001","purpose":"제1종 근린생활시설","floors":1,"structure":"일반목구조"},"geometry":{"type":"MultiPolygon","coordinates":[[[[126.911695,35.149889],[126.911559,35.149849],[126.911535,35.149905],[126.911606,35.149926],[126.911594,35.149954],[126.911659,35.149973],[126.911695,35.149889]]]]}},{"type":"Feature","id":"1951191914671837890000000000","properties":{"id":"1951191914671837890000000000","pnu":"1221010200100730007","year":1951,"purpose":"기타"},"geometry":{"type":"MultiPolygon","coordinates":[[[[126.911993,35.153202],[126.912088,35.153278],[126.912156,35.153222],[126.912062,35.153144],[126.911993,35.153202]]]]}},{"type":"Feature","id":"1951191947081835981800000000","properties":{"id":"1951191947081835981800000000","pnu":"1221010200101240003","purpose":"제1종 근린생활시설","floors":1,"structure":"일반목구조"},"geometry":{"type":"MultiPolygon","coordinates":[[[[126.912432,35.151496],[126.912433,35.151496],[126.912434,35.151496],[126.912435,35.151496],[126.912435,35.151495],[126.912436,35.151495],[126.912437,35.151494],[126.912437,35.151493],[126.912437,35.151493],[126.912437,35.151492],[126.912437,35.151491],[126.912437,35.15149],[126.912437,35.15149],[126.912436,35.151489],[126.912435,35.151488],[126.912435,35.151488],[126.912434,35.151488],[126.912433,35.151487],[126.912432,35.151487],[126.912431,35.151487],[126.91243,35.151488],[126.912429,35.151488],[126.912428,35.151488],[126.912428,35.151489],[126.912427,35.15149],[126.912427,35.15149],[126.912427,35.151491],[126.912426,35.151492],[126.912427,35.151493],[126.912427,35.151493],[126.912427,35.151494],[126.912428,35.151495],[126.912428,35.151495],[126.912429,35.151496],[126.91243,35.151496],[126.912431,35.151496],[126.912432,35.151496]]]]}},{"type":"Feature","id":"1951191993261838501500000000","properties":{"id":"1951191993261838501500000000","pnu":"1221010100100160003","purpose":"숙박시설","floors":1,"structure":"일반목구조"},"geometry":{"type":"MultiPolygon","coordinates":[[[[126.912965,35.153846],[126.913034,35.153781],[126.912911,35.153685],[126.912835,35.153737],[126.912965,35.153846]]]]}},{"type":"Feature","id":"1951192001381835246000000000","properties":{"id":"1951192001381835246000000000","pnu":"1221010300100440000","purpose":"제2종 근린생활시설","floors":2,"structure":"일반목구조"},"geometry":{"type":"MultiPolygon","coordinates":[[[[126.913043,35.150884],[126.913091,35.150838],[126.913015,35.150775],[126.912966,35.150819],[126.913043,35.150884]]]]}},{"type":"Feature","id":"1951192033091834518500000000","properties":{"id":"1951192033091834518500000000","pnu":"1221013000100480001","purpose":"제1종 근린생활시설","floors":2,"structure":"일반목구조"},"geometry":{"type":"MultiPolygon","coordinates":[[[[126.913348,35.150236],[126.913456,35.150161],[126.913405,35.150113],[126.913301,35.150181],[126.913348,35.150236]]]]}},{"type":"Feature","id":"1951192060561833928800000000","properties":{"id":"1951192060561833928800000000","pnu":"1221013000100350001","purpose":"기타","structure":"일반목구조"},"geometry":{"type":"MultiPolygon","coordinates":[[[[126.913721,35.149631],[126.91366,35.149606],[126.913637,35.149657],[126.913678,35.149672],[126.913709,35.149667],[126.913721,35.149631]]]]}},{"type":"Feature","id":"1951192064721837658600000000","properties":{"id":"1951192064721837658600000000","pnu":"1221010200100890002","purpose":"제1종 근린생활시설","floors":1,"structure":"일반목구조"},"geometry":{"type":"MultiPolygon","coordinates":[[[[126.913797,35.152993],[126.913799,35.152965],[126.913771,35.152938],[126.91368,35.153],[126.913669,35.152989],[126.913631,35.153015],[126.913686,35.153069],[126.913797,35.152993]]]]}},{"type":"Feature","id":"1951192070521833863100000000","properties":{"id":"1951192070521833863100000000","pnu":"1221013000100350001","purpose":"제1종 근린생활시설","floors":1,"structure":"일반목구조"},"geometry":{"type":"MultiPolygon","coordinates":[[[[126.913789,35.149588],[126.91379,35.149587],[126.913791,35.149587],[126.913791,35.149587],[126.913792,35.149586],[126.913793,35.149586],[126.913793,35.149585],[126.913794,35.149585],[126.913794,35.149584],[126.913794,35.149583],[126.913794,35.149582],[126.913794,35.149582],[126.913793,35.149581],[126.913793,35.14958],[126.913792,35.14958],[126.913791,35.149579],[126.913791,35.149579],[126.91379,35.149579],[126.913789,35.149579],[126.913788,35.149579],[126.913787,35.149579],[126.913786,35.149579],[126.913785,35.14958],[126.913784,35.14958],[126.913784,35.149581],[126.913784,35.149581],[126.913783,35.149582],[126.913783,35.149583],[126.913783,35.149584],[126.913784,35.149585],[126.913784,35.149585],[126.913784,35.149586],[126.913785,35.149586],[126.913786,35.149587],[126.913787,35.149587],[126.913788,35.149587],[126.913789,35.149588]]]]}},{"type":"Feature","id":"1951192100481835768500000000","properties":{"id":"1951192100481835768500000000","pnu":"1221010200101660000","purpose":"제1종 근린생활시설","floors":2,"structure":"일반목구조"},"geometry":{"type":"MultiPolygon","coordinates":[[[[126.914116,35.151305],[126.914117,35.151305],[126.914118,35.151305],[126.914118,35.151305],[126.914119,35.151304],[126.91412,35.151304],[126.91412,35.151303],[126.914121,35.151302],[126.914121,35.151302],[126.914121,35.151301],[126.914121,35.1513],[126.914121,35.151299],[126.91412,35.151299],[126.91412,35.151298],[126.914119,35.151297],[126.914118,35.151297],[126.914118,35.151297],[126.914117,35.151296],[126.914116,35.151296],[126.914115,35.151296],[126.914114,35.151297],[126.914113,35.151297],[126.914112,35.151297],[126.914111,35.151298],[126.914111,35.151298],[126.91411,35.151299],[126.91411,35.1513],[126.91411,35.151301],[126.91411,35.151302],[126.91411,35.151302],[126.914111,35.151303],[126.914111,35.151304],[126.914112,35.151304],[126.914113,35.151305],[126.914114,35.151305],[126.914115,35.151305],[126.914116,35.151305]]]]}},{"type":"Feature","id":"1951192107671838237100000000","properties":{"id":"1951192107671838237100000000","pnu":"1221010100100250004","year":1951,"purpose":"제1종 근린생활시설"},"geometry":{"type":"MultiPolygon","coordinates":[[[[126.914179,35.153606],[126.914289,35.153519],[126.914204,35.153448],[126.914096,35.153527],[126.914179,35.153606]]]]}},{"type":"Feature","id":"1951192117591838160200000000","properties":{"id":"1951192117591838160200000000","pnu":"1221010100100250004","year":1951,"purpose":"제2종 근린생활시설"},"geometry":{"type":"MultiPolygon","coordinates":[[[[126.91431,35.153512],[126.914368,35.153467],[126.91429,35.153402],[126.914236,35.153444],[126.91431,35.153512]]]]}},{"type":"Feature","id":"1951192202261836732400000000","properties":{"id":"1951192202261836732400000000","pnu":"1221010100101220003","year":1951,"purpose":"제1종 근린생활시설"},"geometry":{"type":"MultiPolygon","coordinates":[[[[126.915202,35.152232],[126.915314,35.152152],[126.915279,35.152119],[126.91524,35.152121],[126.915151,35.152188],[126.915202,35.152232]]]]}},{"type":"Feature","id":"1951192235291836259700000000","properties":{"id":"1951192235291836259700000000","pnu":"1221013400100410003","purpose":"제1종 근린생활시설","floors":2,"structure":"일반목구조"},"geometry":{"type":"MultiPolygon","coordinates":[[[[126.915584,35.151795],[126.915657,35.15174],[126.915604,35.151694],[126.915533,35.151748],[126.915584,35.151795]]]]}},{"type":"Feature","id":"1951192359841839891900000000","properties":{"id":"1951192359841839891900000000","pnu":"1221010900104670018","purpose":"단독주택","far":95.0333,"floors":2,"structure":"일반목구조"},"geometry":{"type":"MultiPolygon","coordinates":[[[[126.91699,35.155055],[126.91697,35.154968],[126.916959,35.154967],[126.916916,35.155036],[126.916974,35.15506],[126.91699,35.155055]]]]}},{"type":"Feature","id":"1951192422011839374200000000","properties":{"id":"1951192422011839374200000000","pnu":"1221010900104260000","purpose":"기타","structure":"일반목구조"},"geometry":{"type":"MultiPolygon","coordinates":[[[[126.917641,35.154558],[126.917642,35.154558],[126.917643,35.154557],[126.917644,35.154557],[126.917645,35.154557],[126.917645,35.154556],[126.917646,35.154556],[126.917646,35.154555],[126.917646,35.154554],[126.917646,35.154553],[126.917646,35.154552],[126.917646,35.154552],[126.917646,35.154551],[126.917645,35.15455],[126.917645,35.15455],[126.917644,35.154549],[126.917643,35.154549],[126.917642,35.154549],[126.917641,35.154549],[126.91764,35.154549],[126.917639,35.154549],[126.917638,35.154549],[126.917637,35.15455],[126.917637,35.15455],[126.917636,35.154551],[126.917636,35.154552],[126.917636,35.154552],[126.917636,35.154553],[126.917636,35.154554],[126.917636,35.154555],[126.917636,35.154555],[126.917637,35.154556],[126.917637,35.154557],[126.917638,35.154557],[126.917639,35.154557],[126.91764,35.154558],[126.917641,35.154558]]]]}},{"type":"Feature","id":"1951192426371839439400000000","properties":{"id":"1951192426371839439400000000","pnu":"1221010900104260000","purpose":"단독주택","floors":1,"structure":"일반목구조"},"geometry":{"type":"MultiPolygon","coordinates":[[[[126.917722,35.154647],[126.917741,35.154619],[126.917655,35.154577],[126.917637,35.154606],[126.917722,35.154647]]]]}},{"type":"Feature","id":"1951192431111839417400000000","properties":{"id":"1951192431111839417400000000","pnu":"1221010900104260000","purpose":"기타","structure":"일반목구조"},"geometry":{"type":"MultiPolygon","coordinates":[[[[126.917741,35.154597],[126.917742,35.154597],[126.917743,35.154596],[126.917744,35.154596],[126.917744,35.154596],[126.917745,35.154595],[126.917746,35.154594],[126.917746,35.154594],[126.917746,35.154593],[126.917746,35.154592],[126.917746,35.154591],[126.917746,35.154591],[126.917746,35.15459],[126.917745,35.154589],[126.917744,35.154589],[126.917744,35.154588],[126.917743,35.154588],[126.917742,35.154588],[126.917741,35.154588],[126.91774,35.154588],[126.917739,35.154588],[126.917738,35.154588],[126.917737,35.154589],[126.917737,35.154589],[126.917736,35.15459],[126.917736,35.154591],[126.917735,35.154591],[126.917735,35.154592],[126.917735,35.154593],[126.917736,35.154594],[126.917736,35.154594],[126.917737,35.154595],[126.917737,35.154596],[126.917738,35.154596],[126.917739,35.154596],[126.91774,35.154597],[126.917741,35.154597]]]]}},{"type":"Feature","id":"1951192432941839362100000000","properties":{"id":"1951192432941839362100000000","pnu":"1221010900104270000","purpose":"단독주택","floors":1,"structure":"일반목구조"},"geometry":{"type":"MultiPolygon","coordinates":[[[[126.917787,35.154597],[126.91783,35.154557],[126.917735,35.154488],[126.917692,35.154528],[126.917787,35.154597]]]]}},{"type":"Feature","id":"1951192440751839349100000000","properties":{"id":"1951192440751839349100000000","pnu":"1221010900104270000","purpose":"기타","structure":"블록구조"},"geometry":{"type":"MultiPolygon","coordinates":[[[[126.917847,35.154535],[126.917848,35.154535],[126.917849,35.154535],[126.917849,35.154535],[126.91785,35.154534],[126.917851,35.154534],[126.917851,35.154533],[126.917852,35.154532],[126.917852,35.154532],[126.917852,35.154531],[126.917852,35.15453],[126.917852,35.154529],[126.917851,35.154528],[126.917851,35.154528],[126.91785,35.154527],[126.917849,35.154527],[126.917849,35.154526],[126.917848,35.154526],[126.917847,35.154526],[126.917846,35.154526],[126.917845,35.154526],[126.917844,35.154527],[126.917843,35.154527],[126.917842,35.154528],[126.917842,35.154528],[126.917841,35.154529],[126.917841,35.15453],[126.917841,35.154531],[126.917841,35.154531],[126.917841,35.154532],[126.917842,35.154533],[126.917842,35.154534],[126.917843,35.154534],[126.917844,35.154535],[126.917845,35.154535],[126.917846,35.154535],[126.917847,35.154535]]]]}},{"type":"Feature","id":"1951192447321840018900000000","properties":{"id":"1951192447321840018900000000","pnu":"1221010900104560000","purpose":"단독주택","floors":1,"structure":"일반목구조"},"geometry":{"type":"MultiPolygon","coordinates":[[[[126.917973,35.155176],[126.917988,35.155143],[126.917865,35.155093],[126.917849,35.155128],[126.917973,35.155176]]]]}},{"type":"Feature","id":"1951192483051840488300000000","properties":{"id":"1951192483051840488300000000","pnu":"1221010900104620006","year":1951,"purpose":"단독주택"},"geometry":{"type":"MultiPolygon","coordinates":[[[[126.918317,35.15561],[126.918369,35.15558],[126.918331,35.155541],[126.918336,35.155533],[126.91831,35.155504],[126.918249,35.155542],[126.918317,35.15561]]]]}},{"type":"Feature","id":"1951192488101839059800000000","properties":{"id":"1951192488101839059800000000","pnu":"1221010900103940000","year":1951,"purpose":"제1종 근린생활시설"},"geometry":{"type":"MultiPolygon","coordinates":[[[[126.918372,35.154309],[126.918417,35.154272],[126.918359,35.154231],[126.918317,35.15427],[126.918372,35.154309]]]]}},{"type":"Feature","id":"1951192490231840411800000000","properties":{"id":"1951192490231840411800000000","pnu":"1221010900104620006","year":1951,"purpose":"단독주택"},"geometry":{"type":"MultiPolygon","coordinates":[[[[126.918379,35.155536],[126.918457,35.155486],[126.918424,35.155451],[126.918383,35.155478],[126.918358,35.155451],[126.918321,35.155475],[126.918379,35.155536]]]]}},{"type":"Feature","id":"1951192493151833957000000000","properties":{"id":"1951192493151833957000000000","pnu":"1221010600100410000","purpose":"제2종 근린생활시설","far":40.29,"floors":1,"structure":"일반목구조"},"geometry":{"type":"MultiPolygon","coordinates":[[[[126.91843,35.149712],[126.918476,35.149673],[126.918424,35.14963],[126.918377,35.149668],[126.91843,35.149712]]]]}},{"type":"Feature","id":"1951192493341839005800000000","properties":{"id":"1951192493341839005800000000","pnu":"1221010900103940000","year":1951,"purpose":"제1종 근린생활시설"},"geometry":{"type":"MultiPolygon","coordinates":[[[[126.918492,35.154229],[126.918392,35.154172],[126.918358,35.154217],[126.918456,35.15427],[126.918492,35.154229]]]]}},{"type":"Feature","id":"1951192522981838542700000000","properties":{"id":"1951192522981838542700000000","pnu":"1221010900103890002","purpose":"기타","structure":"벽돌구조"},"geometry":{"type":"MultiPolygon","coordinates":[[[[126.918709,35.153775],[126.918699,35.153813],[126.918798,35.153831],[126.918803,35.153802],[126.918709,35.153775]]]]}},{"type":"Feature","id":"1951192527731838496600000000","properties":{"id":"1951192527731838496600000000","pnu":"1221010900103890002","purpose":"기타","structure":"일반목구조"},"geometry":{"type":"MultiPolygon","coordinates":[[[[126.918806,35.1538],[126.918816,35.153791],[126.918841,35.153811],[126.91887,35.153787],[126.918787,35.153719],[126.918781,35.153724],[126.91877,35.153716],[126.918736,35.153744],[126.918806,35.1538]]]]}},{"type":"Feature","id":"1951192531481839053900000000","properties":{"id":"1951192531481839053900000000","pnu":"1221010900103130004","purpose":"단독주택","floors":1,"structure":"일반목구조"},"geometry":{"type":"MultiPolygon","coordinates":[[[[126.918857,35.154305],[126.918892,35.15427],[126.918828,35.154225],[126.918794,35.154261],[126.918857,35.154305]]]]}},{"type":"Feature","id":"1951192534791838443000000000","properties":{"id":"1951192534791838443000000000","pnu":"1221010900103890002","purpose":"단독주택","far":98.02,"floors":2,"structure":"벽돌구조"},"geometry":{"type":"MultiPolygon","coordinates":[[[[126.918787,35.153713],[126.918881,35.153781],[126.918975,35.153704],[126.918927,35.153669],[126.918903,35.153687],[126.918858,35.153655],[126.918787,35.153713]]]]}},{"type":"Feature","id":"1951192537881838527100000000","properties":{"id":"1951192537881838527100000000","pnu":"1221010900103890002","purpose":"기타","structure":"일반목구조"},"geometry":{"type":"MultiPolygon","coordinates":[[[[126.918913,35.153795],[126.918914,35.153795],[126.918915,35.153795],[126.918916,35.153794],[126.918917,35.153794],[126.918918,35.153793],[126.918918,35.153793],[126.918919,35.153792],[126.918919,35.153791],[126.918919,35.153791],[126.918919,35.15379],[126.918919,35.153789],[126.918918,35.153788],[126.918918,35.153788],[126.918917,35.153787],[126.918916,35.153787],[126.918915,35.153786],[126.918914,35.153786],[126.918913,35.153786],[126.918912,35.153786],[126.918912,35.153786],[126.918911,35.153787],[126.91891,35.153787],[126.918909,35.153788],[126.918909,35.153788],[126.918908,35.153789],[126.918908,35.15379],[126.918908,35.153791],[126.918908,35.153791],[126.918908,35.153792],[126.918909,35.153793],[126.918909,35.153793],[126.91891,35.153794],[126.918911,35.153794],[126.918912,35.153795],[126.918912,35.153795],[126.918913,35.153795]]]]}},{"type":"Feature","id":"1952191910711835286300000000","properties":{"id":"1952191910711835286300000000","pnu":"1221010300100560000","purpose":"기타","structure":"일반목구조"},"geometry":{"type":"MultiPolygon","coordinates":[[[[126.912066,35.150904],[126.912109,35.150868],[126.912033,35.150816],[126.911959,35.150871],[126.911998,35.150906],[126.912032,35.150879],[126.912066,35.150904]]]]}},{"type":"Feature","id":"1952192015711839143400000000","properties":{"id":"1952192015711839143400000000","pnu":"1221010100100220008","year":1952,"purpose":"단독주택"},"geometry":{"type":"MultiPolygon","coordinates":[[[[126.913183,35.15438],[126.91323,35.154345],[126.91318,35.154303],[126.913135,35.154341],[126.913183,35.15438]]]]}},{"type":"Feature","id":"1952192019561839072400000000","properties":{"id":"1952192019561839072400000000","pnu":"1221010100100220008","purpose":"제1종 근린생활시설","structure":"블록구조"},"geometry":{"type":"MultiPolygon","coordinates":[[[[126.913221,35.154308],[126.913255,35.154264],[126.913231,35.154248],[126.913193,35.15429],[126.913221,35.154308]]]]}},{"type":"Feature","id":"1952192026671839125200000000","properties":{"id":"1952192026671839125200000000","pnu":"1221010100100220008","year":1952,"purpose":"제1종 근린생활시설"},"geometry":{"type":"MultiPolygon","coordinates":[[[[126.913261,35.154265],[126.913222,35.154308],[126.91333,35.154388],[126.913386,35.154337],[126.913261,35.154265]]]]}},{"type":"Feature","id":"1952192130981838497700000000","properties":{"id":"1952192130981838497700000000","pnu":"1221010100100310012","purpose":"기타","far":145.84,"floors":3,"structure":"철근콘크리트구조"},"geometry":{"type":"MultiPolygon","coordinates":[[[[126.914268,35.15379],[126.91429,35.153809],[126.914285,35.153814],[126.914359,35.153879],[126.914364,35.153875],[126.914424,35.153928],[126.914515,35.153812],[126.914502,35.153801],[126.914636,35.1537],[126.914592,35.153661],[126.91459,35.15366],[126.914558,35.15365],[126.914509,35.153607],[126.914268,35.15379]]]]}},{"type":"Feature","id":"1953191810241834425300000000","properties":{"id":"1953191810241834425300000000","pnu":"1221010400100740000","purpose":"단독주택","floors":1,"structure":"일반목구조"},"geometry":{"type":"MultiPolygon","coordinates":[[[[126.910932,35.150092],[126.910933,35.150092],[126.910934,35.150092],[126.910935,35.150092],[126.910935,35.150091],[126.910936,35.150091],[126.910937,35.15009],[126.910937,35.150089],[126.910937,35.150088],[126.910937,35.150088],[126.910937,35.150087],[126.910937,35.150086],[126.910937,35.150085],[126.910936,35.150085],[126.910935,35.150084],[126.910935,35.150084],[126.910934,35.150083],[126.910933,35.150083],[126.910932,35.150083],[126.910931,35.150083],[126.91093,35.150083],[126.910929,35.150084],[126.910928,35.150084],[126.910928,35.150085],[126.910927,35.150085],[126.910927,35.150086],[126.910926,35.150087],[126.910926,35.150088],[126.910926,35.150088],[126.910927,35.150089],[126.910927,35.15009],[126.910928,35.150091],[126.910928,35.150091],[126.910929,35.150092],[126.91093,35.150092],[126.910931,35.150092],[126.910932,35.150092]]]]}},{"type":"Feature","id":"1953191960121833239900000000","properties":{"id":"1953191960121833239900000000","pnu":"1221013000100300006","purpose":"제1종 근린생활시설"},"geometry":{"type":"MultiPolygon","coordinates":[[[[126.912572,35.14908],[126.912631,35.148988],[126.912578,35.148962],[126.912526,35.149054],[126.912572,35.14908]]]]}},{"type":"Feature","id":"1953192238541837599200000000","properties":{"id":"1953192238541837599200000000","pnu":"1221010100100450000","purpose":"제1종 근린생활시설","floors":1,"structure":"철근콘크리트구조"},"geometry":{"type":"MultiPolygon","coordinates":[[[[126.915666,35.152805],[126.915469,35.152996],[126.915604,35.1531],[126.91571,35.152995],[126.915693,35.152984],[126.915788,35.152889],[126.915666,35.152805]]]]}},{"type":"Feature","id":"1953192242111837744500000000","properties":{"id":"1953192242111837744500000000","pnu":"1221010100100450000","purpose":"제1종 근린생활시설","floors":1,"structure":"철근콘크리트구조"},"geometry":{"type":"MultiPolygon","coordinates":[[[[126.915629,35.153092],[126.915668,35.15312],[126.915705,35.153069],[126.915673,35.153047],[126.915629,35.153092]]]]}},{"type":"Feature","id":"1953192250861837597000000000","properties":{"id":"1953192250861837597000000000","pnu":"1221010100100450000","purpose":"제1종 근린생활시설","floors":1,"structure":"철근콘크리트구조"},"geometry":{"type":"MultiPolygon","coordinates":[[[[126.915699,35.152985],[126.91574,35.153011],[126.91583,35.152915],[126.915789,35.152889],[126.915699,35.152985]]]]}},{"type":"Feature","id":"1953192264021836312600000000","properties":{"id":"1953192264021836312600000000","pnu":"1221010100101300000","purpose":"단독주택","floors":1,"structure":"일반목구조"},"geometry":{"type":"MultiPolygon","coordinates":[[[[126.915886,35.151847],[126.915987,35.151775],[126.91595,35.151737],[126.91589,35.151781],[126.915871,35.15177],[126.915832,35.1518],[126.915886,35.151847]]]]}},{"type":"Feature","id":"1953192406991840112800000000","properties":{"id":"1953192406991840112800000000","pnu":"1221010900104660011","year":1953,"purpose":"단독주택"},"geometry":{"type":"MultiPolygon","coordinates":[[[[126.917462,35.155256],[126.917517,35.155204],[126.917491,35.155182],[126.917433,35.155232],[126.917462,35.155256]]]]}},{"type":"Feature","id":"1953192412651840161700000000","properties":{"id":"1953192412651840161700000000","pnu":"1221010900104660011","year":1953,"purpose":"단독주택"},"geometry":{"type":"MultiPolygon","coordinates":[[[[126.917518,35.155304],[126.917585,35.155247],[126.917555,35.155224],[126.917492,35.155276],[126.917518,35.155304]]]]}},{"type":"Feature","id":"1953192442611840909100000000","properties":{"id":"1953192442611840909100000000","pnu":"1221010900104650007","purpose":"단독주택"},"geometry":{"type":"MultiPolygon","coordinates":[[[[126.917893,35.156],[126.917946,35.15595],[126.917839,35.155873],[126.917785,35.155924],[126.917893,35.156]]]]}},{"type":"Feature","id":"1953192443261840272900000000","properties":{"id":"1953192443261840272900000000","pnu":"1221010900104600002","purpose":"제2종 근린생활시설","far":53.8,"floors":1,"structure":"일반목구조"},"geometry":{"type":"MultiPolygon","coordinates":[[[[126.917923,35.155348],[126.917876,35.155323],[126.917825,35.155378],[126.917869,35.155405],[126.917923,35.155348]]]]}},{"type":"Feature","id":"1953192444531840223100000000","properties":{"id":"1953192444531840223100000000","pnu":"1221010900104600002","purpose":"기타","structure":"일반목구조"},"geometry":{"type":"MultiPolygon","coordinates":[[[[126.917887,35.155323],[126.917888,35.155323],[126.917889,35.155323],[126.91789,35.155322],[126.917891,35.155322],[126.917892,35.155321],[126.917892,35.155321],[126.917893,35.15532],[126.917893,35.155319],[126.917893,35.155319],[126.917893,35.155318],[126.917893,35.155317],[126.917892,35.155316],[126.917892,35.155316],[126.917891,35.155315],[126.91789,35.155315],[126.917889,35.155314],[126.917888,35.155314],[126.917887,35.155314],[126.917886,35.155314],[126.917886,35.155314],[126.917885,35.155315],[126.917884,35.155315],[126.917883,35.155316],[126.917883,35.155316],[126.917882,35.155317],[126.917882,35.155318],[126.917882,35.155319],[126.917882,35.155319],[126.917882,35.15532],[126.917883,35.155321],[126.917883,35.155321],[126.917884,35.155322],[126.917885,35.155322],[126.917885,35.155323],[126.917886,35.155323],[126.917887,35.155323]]]]}},{"type":"Feature","id":"1953192449751840834700000000","properties":{"id":"1953192449751840834700000000","pnu":"1221010900104650007","purpose":"기타"},"geometry":{"type":"MultiPolygon","coordinates":[[[[126.917913,35.155916],[126.917952,35.155934],[126.917999,35.155871],[126.917918,35.155808],[126.917888,35.155837],[126.91794,35.155885],[126.917913,35.155916]]]]}},{"type":"Feature","id":"1953192450681839314900000000","properties":{"id":"1953192450681839314900000000","pnu":"1221010900104310000","year":1953,"purpose":"단독주택"},"geometry":{"type":"MultiPolygon","coordinates":[[[[126.917901,35.154524],[126.917933,35.154547],[126.91801,35.154477],[126.917978,35.154453],[126.917901,35.154524]]]]}},{"type":"Feature","id":"1953192455801839344600000000","properties":{"id":"1953192455801839344600000000","pnu":"1221010900104310000","year":1953,"purpose":"단독주택"},"geometry":{"type":"MultiPolygon","coordinates":[[[[126.917995,35.154588],[126.918076,35.154493],[126.918029,35.154466],[126.917948,35.154561],[126.917995,35.154588]]]]}},{"type":"Feature","id":"1953192482931840667900000000","properties":{"id":"1953192482931840667900000000","pnu":"1221010900104630022","year":1953,"purpose":"단독주택"},"geometry":{"type":"MultiPolygon","coordinates":[[[[126.918316,35.155791],[126.918383,35.155746],[126.918337,35.155698],[126.918354,35.155681],[126.91832,35.155648],[126.918227,35.155706],[126.918316,35.155791]]]]}},{"type":"Feature","id":"1953192483021836760000000000","properties":{"id":"1953192483021836760000000000","pnu":"1221010700100110006","purpose":"제1종 근린생활시설","far":82.63,"floors":2,"structure":"일반목구조"},"geometry":{"type":"MultiPolygon","coordinates":[[[[126.918246,35.152323],[126.918282,35.152323],[126.918306,35.152223],[126.918419,35.152135],[126.918372,35.152099],[126.918262,35.152173],[126.918246,35.152323]]]]}},{"type":"Feature","id":"1953192488031840656300000000","properties":{"id":"1953192488031840656300000000","pnu":"1221010900104630022","year":1953,"purpose":"단독주택"},"geometry":{"type":"MultiPolygon","coordinates":[[[[126.918364,35.155714],[126.918365,35.155714],[126.918366,35.155714],[126.918367,35.155713],[126.918368,35.155713],[126.918369,35.155712],[126.918369,35.155712],[126.91837,35.155711],[126.91837,35.15571],[126.91837,35.155709],[126.91837,35.155709],[126.91837,35.155708],[126.918369,35.155707],[126.918369,35.155706],[126.918368,35.155706],[126.918367,35.155705],[126.918366,35.155705],[126.918365,35.155705],[126.918364,35.155705],[126.918363,35.155705],[126.918363,35.155705],[126.918362,35.155705],[126.918361,35.155706],[126.91836,35.155706],[126.91836,35.155707],[126.918359,35.155708],[126.918359,35.155709],[126.918359,35.155709],[126.918359,35.15571],[126.918359,35.155711],[126.91836,35.155712],[126.91836,35.155712],[126.918361,35.155713],[126.918362,35.155713],[126.918363,35.155714],[126.918363,35.155714],[126.918364,35.155714]]]]}},{"type":"Feature","id":"1953192489771834681700000000","properties":{"id":"1953192489771834681700000000","pnu":"1221010600100340009","purpose":"제1종 근린생활시설","floors":2,"structure":"일반목구조"},"geometry":{"type":"MultiPolygon","coordinates":[[[[126.918421,35.150389],[126.918465,35.150339],[126.918358,35.150259],[126.918313,35.150311],[126.918421,35.150389]]]]}},{"type":"Feature","id":"1954191810821834993600000000","properties":{"id":"1954191810821834993600000000","pnu":"1221010400100450001","year":1954,"purpose":"기타"},"geometry":{"type":"MultiPolygon","coordinates":[[[[126.910905,35.150686],[126.911012,35.150602],[126.911004,35.150554],[126.911021,35.150529],[126.910987,35.150508],[126.910836,35.150628],[126.910905,35.150686]]]]}},{"type":"Feature","id":"1954191829381835668000000000","properties":{"id":"1954191829381835668000000000","pnu":"1221010300100800004","purpose":"단독주택","far":56.36,"floors":1,"structure":"일반목구조"},"geometry":{"type":"MultiPolygon","coordinates":[[[[126.911165,35.151272],[126.911221,35.15122],[126.911116,35.151144],[126.91106,35.151196],[126.911165,35.151272]]]]}},{"type":"Feature","id":"1954192255461836442200000000","properties":{"id":"1954192255461836442200000000","pnu":"1221010100101450000","purpose":"단독주택"},"geometry":{"type":"MultiPolygon","coordinates":[[[[126.915727,35.151916],[126.915851,35.152003],[126.915883,35.151973],[126.915862,35.151958],[126.915877,35.151943],[126.915832,35.151911],[126.915884,35.151861],[126.915826,35.151819],[126.915818,35.151828],[126.915808,35.151821],[126.915795,35.151832],[126.915795,35.151846],[126.915775,35.151873],[126.915767,35.151878],[126.915727,35.151916]]]]}},{"type":"Feature","id":"1954192258121836567200000000","properties":{"id":"1954192258121836567200000000","pnu":"1221010100101450000","year":1954,"purpose":"단독주택"},"geometry":{"type":"MultiPolygon","coordinates":[[[[126.915819,35.152025],[126.915832,35.15204],[126.915875,35.152013],[126.915869,35.152005],[126.915849,35.152017],[126.915843,35.15201],[126.915819,35.152025]]]]}},{"type":"Feature","id":"1954192272811836188500000000","properties":{"id":"1954192272811836188500000000","pnu":"1221010100101440003","purpose":"제2종 근린생활시설","far":29.48,"floors":1,"structure":"일반목구조"},"geometry":{"type":"MultiPolygon","coordinates":[[[[126.916007,35.151747],[126.916086,35.151699],[126.91601,35.151613],[126.915925,35.151665],[126.916007,35.151747]]]]}},{"type":"Feature","id":"1954192313891832662100000000","properties":{"id":"1954192313891832662100000000","pnu":"1221012800100020002","year":1954,"purpose":"제1종 근린생활시설"},"geometry":{"type":"MultiPolygon","coordinates":[[[[126.916461,35.148507],[126.916462,35.148507],[126.916463,35.148507],[126.916463,35.148506],[126.916464,35.148506],[126.916465,35.148505],[126.916465,35.148505],[126.916466,35.148504],[126.916466,35.148503],[126.916466,35.148502],[126.916466,35.148502],[126.916466,35.148501],[126.916465,35.1485],[126.916465,35.148499],[126.916464,35.148499],[126.916463,35.148498],[126.916463,35.148498],[126.916462,35.148498],[126.916461,35.148498],[126.91646,35.148498],[126.916459,35.148498],[126.916458,35.148498],[126.916457,35.148499],[126.916456,35.148499],[126.916456,35.1485],[126.916456,35.148501],[126.916455,35.148502],[126.916455,35.148502],[126.916455,35.148503],[126.916456,35.148504],[126.916456,35.148505],[126.916456,35.148505],[126.916457,35.148506],[126.916458,35.148506],[126.916459,35.148507],[126.91646,35.148507],[126.916461,35.148507]]]]}},{"type":"Feature","id":"1954192499781838924900000000","properties":{"id":"1954192499781838924900000000","pnu":"1221010900103640001","purpose":"단독주택","floors":1,"structure":"블록구조"},"geometry":{"type":"MultiPolygon","coordinates":[[[[126.918525,35.154194],[126.918557,35.154156],[126.918466,35.154104],[126.918433,35.154142],[126.918525,35.154194]]]]}},{"type":"Feature","id":"1955191856231836266400000000","properties":{"id":"1955191856231836266400000000","pnu":"1221010300100170008","purpose":"단독주택","floors":1,"structure":"일반목구조"},"geometry":{"type":"MultiPolygon","coordinates":[[[[126.91144,35.151821],[126.911576,35.151726],[126.911544,35.151695],[126.911462,35.151758],[126.911348,35.151676],[126.911311,35.151721],[126.91144,35.151821]]]]}},{"type":"Feature","id":"1955191998081833905400000000","properties":{"id":"1955191998081833905400000000","pnu":"1221013000100340009","purpose":"단독주택"},"geometry":{"type":"MultiPolygon","coordinates":[[[[126.912953,35.149539],[126.912888,35.149635],[126.913035,35.149702],[126.913099,35.149606],[126.912953,35.149539]]]]}},{"type":"Feature","id":"1955192059521834534400000000","properties":{"id":"1955192059521834534400000000","pnu":"1221013000100040002","purpose":"기타"},"geometry":{"type":"MultiPolygon","coordinates":[[[[126.91368,35.150247],[126.913736,35.150196],[126.913655,35.150133],[126.913598,35.150172],[126.91368,35.150247]]]]}},{"type":"Feature","id":"1955192071981834650600000000","properties":{"id":"1955192071981834650600000000","pnu":"1221013000100040002","purpose":"기타"},"geometry":{"type":"MultiPolygon","coordinates":[[[[126.913745,35.150291],[126.913802,35.150348],[126.913859,35.150283],[126.913816,35.150242],[126.913745,35.150291]]]]}},{"type":"Feature","id":"1955192268961836673000000000","properties":{"id":"1955192268961836673000000000","pnu":"1221010100101500000","year":1955,"purpose":"제2종 근린생활시설"},"geometry":{"type":"MultiPolygon","coordinates":[[[[126.91598,35.152171],[126.916031,35.152126],[126.915949,35.152064],[126.915896,35.15211],[126.91598,35.152171]]]]}},{"type":"Feature","id":"1955192274601836821000000000","properties":{"id":"1955192274601836821000000000","pnu":"1221010100101500000","year":1955,"purpose":"제2종 근린생활시설"},"geometry":{"type":"MultiPolygon","coordinates":[[[[126.916035,35.152325],[126.916118,35.152241],[126.916014,35.152175],[126.915935,35.152264],[126.916035,35.152325]]]]}},{"type":"Feature","id":"1955192275241836621100000000","properties":{"id":"1955192275241836621100000000","pnu":"1221010100101500000","year":1955,"purpose":"제1종 근린생활시설"},"geometry":{"type":"MultiPolygon","coordinates":[[[[126.916061,35.152118],[126.916093,35.152087],[126.916001,35.152024],[126.915972,35.15205],[126.916061,35.152118]]]]}},{"type":"Feature","id":"1955192283481836726300000000","properties":{"id":"1955192283481836726300000000","pnu":"1221010100101500000","year":1955,"purpose":"제1종 근린생활시설"},"geometry":{"type":"MultiPolygon","coordinates":[[[[126.916136,35.152231],[126.916203,35.152161],[126.916111,35.152101],[126.916042,35.152166],[126.916136,35.152231]]]]}},{"type":"Feature","id":"1955192435201834920700000000","properties":{"id":"1955192435201834920700000000","pnu":"1221010600100620002","purpose":"제1종 근린생활시설","far":95.29,"floors":1,"structure":"일반목구조"},"geometry":{"type":"MultiPolygon","coordinates":[[[[126.917714,35.15053],[126.917835,35.150614],[126.917869,35.150581],[126.917783,35.150521],[126.917822,35.150483],[126.917788,35.150459],[126.917714,35.15053]]]]}},{"type":"Feature","id":"1955192476191841218600000000","properties":{"id":"1955192476191841218600000000","pnu":"1221010900104650023","year":1955,"purpose":"단독주택"},"geometry":{"type":"MultiPolygon","coordinates":[[[[126.918254,35.156266],[126.918293,35.156225],[126.918215,35.156167],[126.918174,35.156206],[126.918254,35.156266]]]]}},{"type":"Feature","id":"1955192480901841146400000000","properties":{"id":"1955192480901841146400000000","pnu":"1221010900104650023","year":1955,"purpose":"제1종 근린생활시설"},"geometry":{"type":"MultiPolygon","coordinates":[[[[126.918322,35.156194],[126.918342,35.156166],[126.918249,35.15611],[126.918226,35.156132],[126.918322,35.156194]]]]}},{"type":"Feature","id":"1956191850151833966100000000","properties":{"id":"1956191850151833966100000000","pnu":"1221010400100680000","purpose":"단독주택"},"geometry":{"type":"MultiPolygon","coordinates":[[[[126.911439,35.149689],[126.911354,35.149617],[126.911302,35.149659],[126.911386,35.149731],[126.911439,35.149689]]]]}},{"type":"Feature","id":"1956191956181837361600000000","properties":{"id":"1956191956181837361600000000","pnu":"1221010200100990004","purpose":"제1종 근린생활시설","far":8.5899,"floors":1,"structure":"일반목구조"},"geometry":{"type":"MultiPolygon","coordinates":[[[[126.912539,35.152811],[126.91262,35.152753],[126.912518,35.152658],[126.912443,35.152721],[126.912539,35.152811]]]]}},{"type":"Feature","id":"1956191962541837211300000000","properties":{"id":"1956191962541837211300000000","pnu":"1221010200100990004","purpose":"단독주택","far":38.3536,"floors":1,"structure":"일반목구조"},"geometry":{"type":"MultiPolygon","coordinates":[[[[126.912611,35.152692],[126.912718,35.152618],[126.912676,35.152566],[126.912646,35.152579],[126.912563,35.152509],[126.912486,35.152566],[126.912611,35.152692]]]]}},{"type":"Feature","id":"1956191979551835207500000000","properties":{"id":"1956191979551835207500000000","pnu":"1221010300100330000","year":1956,"purpose":"제1종 근린생활시설"},"geometry":{"type":"MultiPolygon","coordinates":[[[[126.912829,35.150898],[126.912875,35.150792],[126.912778,35.150706],[126.912683,35.150769],[126.912829,35.150898]]]]}},{"type":"Feature","id":"1956192207981837899400000000","properties":{"id":"1956192207981837899400000000","pnu":"1221010100100410004","year":1956,"purpose":"제2종 근린생활시설"},"geometry":{"type":"MultiPolygon","coordinates":[[[[126.915245,35.153325],[126.915409,35.153166],[126.915342,35.153119],[126.915178,35.153279],[126.915245,35.153325]]]]}},{"type":"Feature","id":"1956192380231843196400000000","properties":{"id":"1956192380231843196400000000","pnu":"1221010900104890008","year":1956,"purpose":"단독주택"},"geometry":{"type":"MultiPolygon","coordinates":[[[[126.917143,35.158041],[126.917235,35.157975],[126.917213,35.157955],[126.917122,35.158023],[126.917143,35.158041]]]]}},{"type":"Feature","id":"1956192464641840744600000000","properties":{"id":"1956192464641840744600000000","pnu":"1221010900104630024","purpose":"기타","structure":"일반목구조"},"geometry":{"type":"MultiPolygon","coordinates":[[[[126.918108,35.155793],[126.918109,35.155793],[126.918109,35.155793],[126.91811,35.155793],[126.918111,35.155792],[126.918112,35.155792],[126.918112,35.155791],[126.918113,35.15579],[126.918113,35.15579],[126.918113,35.155789],[126.918113,35.155788],[126.918113,35.155787],[126.918112,35.155787],[126.918112,35.155786],[126.918111,35.155785],[126.91811,35.155785],[126.918109,35.155785],[126.918109,35.155784],[126.918108,35.155784],[126.918107,35.155784],[126.918106,35.155785],[126.918105,35.155785],[126.918104,35.155785],[126.918103,35.155786],[126.918103,35.155787],[126.918102,35.155787],[126.918102,35.155788],[126.918102,35.155789],[126.918102,35.15579],[126.918102,35.15579],[126.918103,35.155791],[126.918103,35.155792],[126.918104,35.155792],[126.918105,35.155793],[126.918106,35.155793],[126.918107,35.155793],[126.918108,35.155793]]]]}},{"type":"Feature","id":"1956192466081840812500000000","properties":{"id":"1956192466081840812500000000","pnu":"1221010900104630024","purpose":"단독주택","floors":1,"structure":"일반목구조"},"geometry":{"type":"MultiPolygon","coordinates":[[[[126.918153,35.155904],[126.918192,35.155869],[126.918094,35.155796],[126.918054,35.15583],[126.918153,35.155904]]]]}},{"type":"Feature","id":"1957191789651836145300000000","properties":{"id":"1957191789651836145300000000","pnu":"1221010300100950014","purpose":"제1종 근린생활시설"},"geometry":{"type":"MultiPolygon","coordinates":[[[[126.91071,35.151735],[126.910819,35.151625],[126.910691,35.151543],[126.910592,35.151646],[126.91071,35.151735]]]]}},{"type":"Feature","id":"1957191844361838952600000000","properties":{"id":"1957191844361838952600000000","pnu":"1221010200100050012","year":1957,"purpose":"단독주택"},"geometry":{"type":"MultiPolygon","coordinates":[[[[126.911323,35.154221],[126.911363,35.15418],[126.91128,35.154116],[126.911241,35.154159],[126.911323,35.154221]]]]}},{"type":"Feature","id":"1957191850281838902700000000","properties":{"id":"1957191850281838902700000000","pnu":"1221010200100050012","year":1957,"purpose":"단독주택"},"geometry":{"type":"MultiPolygon","coordinates":[[[[126.911396,35.154176],[126.911433,35.15414],[126.911335,35.154072],[126.911301,35.154106],[126.911396,35.154176]]]]}},{"type":"Feature","id":"1957192155571833164800000000","properties":{"id":"1957192155571833164800000000","pnu":"1221012900100270000","purpose":"제2종 근린생활시설","far":107.47,"floors":2,"structure":"경량철골구조"},"geometry":{"type":"MultiPolygon","coordinates":[[[[126.914629,35.14899],[126.914758,35.149061],[126.914798,35.14901],[126.914809,35.14899],[126.914807,35.14892],[126.914768,35.148857],[126.914721,35.148873],[126.914736,35.14888],[126.914674,35.148879],[126.914629,35.148897],[126.914629,35.14899]]]]}},{"type":"Feature","id":"1957192164591837575300000000","properties":{"id":"1957192164591837575300000000","pnu":"1221010100100940001","year":1957,"purpose":"단독주택"},"geometry":{"type":"MultiPolygon","coordinates":[[[[126.914826,35.152994],[126.914896,35.152936],[126.914809,35.152866],[126.91474,35.152924],[126.914826,35.152994]]]]}},{"type":"Feature","id":"1957192171841837478300000000","properties":{"id":"1957192171841837478300000000","pnu":"1221010100100940001","year":1957,"purpose":"단독주택"},"geometry":{"type":"MultiPolygon","coordinates":[[[[126.914817,35.152869],[126.914863,35.152899],[126.91489,35.152871],[126.914916,35.152888],[126.914976,35.152828],[126.914904,35.15278],[126.914817,35.152869]]]]}},{"type":"Feature","id":"1957192175691837582700000000","properties":{"id":"1957192175691837582700000000","pnu":"1221010100100940001","purpose":"숙박시설","floors":1,"structure":"일반목구조"},"geometry":{"type":"MultiPolygon","coordinates":[[[[126.914935,35.152975],[126.914984,35.15293],[126.914941,35.152899],[126.914896,35.152942],[126.914935,35.152975]]]]}},{"type":"Feature","id":"1957192181541834517000000000","properties":{"id":"1957192181541834517000000000","pnu":"1221013400100750007","purpose":"제1종 근린생활시설"},"geometry":{"type":"MultiPolygon","coordinates":[[[[126.914956,35.15026],[126.915084,35.150177],[126.915086,35.150099],[126.91506,35.150082],[126.914903,35.1502],[126.914956,35.15026]]]]}},{"type":"Feature","id":"1957192208571832818000000000","properties":{"id":"1957192208571832818000000000","pnu":"1221012900100210008","purpose":"단독주택","floors":3,"structure":"철근콘크리트구조"},"geometry":{"type":"MultiPolygon","coordinates":[[[[126.915294,35.148697],[126.915373,35.148635],[126.915318,35.148588],[126.915236,35.148646],[126.915294,35.148697]]]]}},{"type":"Feature","id":"1957192235841833274300000000","properties":{"id":"1957192235841833274300000000","pnu":"1221012900100090014","purpose":"단독주택"},"geometry":{"type":"MultiPolygon","coordinates":[[[[126.915619,35.149112],[126.915675,35.149067],[126.915588,35.148995],[126.915532,35.149041],[126.915619,35.149112]]]]}},{"type":"Feature","id":"1957192240811833404700000000","properties":{"id":"1957192240811833404700000000","pnu":"1221012900100090000","purpose":"단독주택","far":59.23,"floors":1,"structure":"일반목구조"},"geometry":{"type":"MultiPolygon","coordinates":[[[[126.915615,35.149256],[126.91576,35.149147],[126.915698,35.149089],[126.915559,35.149191],[126.915615,35.149256]]]]}},{"type":"Feature","id":"1957192404651840418000000000","properties":{"id":"1957192404651840418000000000","pnu":"1221010900104660006","purpose":"단독주택","floors":1,"structure":"일반목구조"},"geometry":{"type":"MultiPolygon","coordinates":[[[[126.917467,35.155535],[126.917501,35.155508],[126.91743,35.155453],[126.917399,35.155479],[126.917467,35.155535]]]]}},{"type":"Feature","id":"1957192407151843132000000000","properties":{"id":"1957192407151843132000000000","pnu":"1221010900104890010","purpose":"단독주택","floors":1,"structure":"일반목구조"},"geometry":{"type":"MultiPolygon","coordinates":[[[[126.91748,35.15798],[126.917521,35.157947],[126.917466,35.157901],[126.917429,35.157933],[126.91748,35.15798]]]]}},{"type":"Feature","id":"1957192409051840385800000000","properties":{"id":"1957192409051840385800000000","pnu":"1221010900104660006","purpose":"기타","structure":"일반목구조"},"geometry":{"type":"MultiPolygon","coordinates":[[[[126.917498,35.155469],[126.917499,35.155469],[126.9175,35.155469],[126.917501,35.155469],[126.917501,35.155468],[126.917502,35.155468],[126.917503,35.155467],[126.917503,35.155467],[126.917503,35.155466],[126.917503,35.155465],[126.917503,35.155464],[126.917503,35.155463],[126.917503,35.155463],[126.917502,35.155462],[126.917501,35.155462],[126.917501,35.155461],[126.9175,35.155461],[126.917499,35.155461],[126.917498,35.15546],[126.917497,35.155461],[126.917496,35.155461],[126.917495,35.155461],[126.917494,35.155462],[126.917494,35.155462],[126.917493,35.155463],[126.917493,35.155463],[126.917492,35.155464],[126.917492,35.155465],[126.917492,35.155466],[126.917493,35.155467],[126.917493,35.155467],[126.917494,35.155468],[126.917494,35.155468],[126.917495,35.155469],[126.917496,35.155469],[126.917497,35.155469],[126.917498,35.155469]]]]}},{"type":"Feature","id":"1957192446601840489000000000","properties":{"id":"1957192446601840489000000000","pnu":"1221010900104650019","purpose":"단독주택","far":22.91,"floors":1,"structure":"일반목구조"},"geometry":{"type":"MultiPolygon","coordinates":[[[[126.917932,35.155614],[126.917978,35.155578],[126.917888,35.155502],[126.917842,35.155541],[126.917932,35.155614]]]]}},{"type":"Feature","id":"1957192446651840381100000000","properties":{"id":"1957192446651840381100000000","pnu":"1221010900104650019","purpose":"단독주택","structure":"일반목구조"},"geometry":{"type":"MultiPolygon","coordinates":[[[[126.91791,35.155465],[126.917911,35.155465],[126.917912,35.155465],[126.917913,35.155465],[126.917914,35.155464],[126.917915,35.155464],[126.917915,35.155463],[126.917916,35.155462],[126.917916,35.155462],[126.917916,35.155461],[126.917916,35.15546],[126.917916,35.155459],[126.917915,35.155459],[126.917915,35.155458],[126.917914,35.155458],[126.917913,35.155457],[126.917912,35.155457],[126.917911,35.155457],[126.91791,35.155456],[126.91791,35.155457],[126.917909,35.155457],[126.917908,35.155457],[126.917907,35.155457],[126.917906,35.155458],[126.917906,35.155459],[126.917905,35.155459],[126.917905,35.15546],[126.917905,35.155461],[126.917905,35.155462],[126.917905,35.155462],[126.917906,35.155463],[126.917906,35.155464],[126.917907,35.155464],[126.917908,35.155465],[126.917909,35.155465],[126.917909,35.155465],[126.91791,35.155465]]]]}},{"type":"Feature","id":"1957192455491840456600000000","properties":{"id":"1957192455491840456600000000","pnu":"1221010900104650019","purpose":"단독주택","structure":"벽돌구조"},"geometry":{"type":"MultiPolygon","coordinates":[[[[126.917974,35.155541],[126.917996,35.155557],[126.918041,35.155517],[126.918018,35.155501],[126.917974,35.155541]]]]}},{"type":"Feature","id":"1958191642731836297400000000","properties":{"id":"1958191642731836297400000000","pnu":"1221010400100040027","year":1958,"purpose":"제1종 근린생활시설"},"geometry":{"type":"MultiPolygon","coordinates":[[[[126.90907,35.151813],[126.909136,35.151754],[126.909115,35.151735],[126.909048,35.15179],[126.90907,35.151813]]]]}},{"type":"Feature","id":"1958191644691836560500000000","properties":{"id":"1958191644691836560500000000","pnu":"1221010400100040025","purpose":"단독주택"},"geometry":{"type":"MultiPolygon","coordinates":[[[[126.909134,35.152057],[126.909173,35.152029],[126.909088,35.151964],[126.909054,35.151992],[126.909134,35.152057]]]]}},{"type":"Feature","id":"1958191646881836365800000000","properties":{"id":"1958191646881836365800000000","pnu":"1221010400100040027","year":1958,"purpose":"제2종 근린생활시설"},"geometry":{"type":"MultiPolygon","coordinates":[[[[126.909161,35.151885],[126.909194,35.151857],[126.909113,35.151787],[126.909079,35.151811],[126.909161,35.151885]]]]}},{"type":"Feature","id":"1958191648241836509100000000","properties":{"id":"1958191648241836509100000000","pnu":"1221010400100040025","purpose":"기타"},"geometry":{"type":"MultiPolygon","coordinates":[[[[126.909179,35.152],[126.909202,35.151981],[126.909125,35.151928],[126.909102,35.151949],[126.909179,35.152]]]]}},{"type":"Feature","id":"1958191674421835999600000000","properties":{"id":"1958191674421835999600000000","pnu":"1221010400100050005","purpose":"기타","floors":1,"structure":"일반목구조"},"geometry":{"type":"MultiPolygon","coordinates":[[[[126.909399,35.151587],[126.909542,35.151469],[126.909486,35.151424],[126.909336,35.151539],[126.909399,35.151587]]]]}},{"type":"Feature","id":"1958191685911836719700000000","properties":{"id":"1958191685911836719700000000","pnu":"1221010300100960042","purpose":"단독주택"},"geometry":{"type":"MultiPolygon","coordinates":[[[[126.909568,35.15223],[126.909655,35.152169],[126.909568,35.152082],[126.909472,35.152137],[126.909568,35.15223]]]]}},{"type":"Feature","id":"1958191765371834843900000000","properties":{"id":"1958191765371834843900000000","pnu":"1221010400100350001","purpose":"제1종 근린생활시설"},"geometry":{"type":"MultiPolygon","coordinates":[[[[126.910417,35.150522],[126.910505,35.150448],[126.910456,35.150408],[126.910375,35.150481],[126.910417,35.150522]]]]}},{"type":"Feature","id":"1958191777781837045900000000","properties":{"id":"1958191777781837045900000000","pnu":"1221010300100110000","purpose":"기타","far":146.11,"floors":2,"structure":"벽돌구조"},"geometry":{"type":"MultiPolygon","coordinates":[[[[126.91044,35.152503],[126.910527,35.152571],[126.910706,35.152423],[126.910559,35.152307],[126.910527,35.152334],[126.910584,35.152381],[126.91044,35.152503]]]]}},{"type":"Feature","id":"1958191853821833237500000000","properties":{"id":"1958191853821833237500000000","pnu":"1221010400100910006","purpose":"단독주택"},"geometry":{"type":"MultiPolygon","coordinates":[[[[126.91151,35.149005],[126.911433,35.148939],[126.911311,35.149031],[126.91139,35.149095],[126.91151,35.149005]]]]}},{"type":"Feature","id":"1958191885401835937200000000","properties":{"id":"1958191885401835937200000000","pnu":"1221010300100230000","purpose":"제1종 근린생활시설","floors":2,"structure":"일반목구조"},"geometry":{"type":"MultiPolygon","coordinates":[[[[126.911755,35.151501],[126.911815,35.151456],[126.911757,35.151401],[126.911695,35.151447],[126.911755,35.151501]]]]}},{"type":"Feature","id":"1958191915621835212400000000","properties":{"id":"1958191915621835212400000000","pnu":"1221010300100590002","purpose":"기타"},"geometry":{"type":"MultiPolygon","coordinates":[[[[126.912131,35.150848],[126.912158,35.150809],[126.912049,35.150748],[126.912015,35.150789],[126.912131,35.150848]]]]}},{"type":"Feature","id":"1958191919261835147000000000","properties":{"id":"1958191919261835147000000000","pnu":"1221010300100590002","purpose":"기타"},"geometry":{"type":"MultiPolygon","coordinates":[[[[126.912173,35.150807],[126.91223,35.150755],[126.91216,35.150711],[126.912154,35.150717],[126.912077,35.150669],[126.912027,35.150724],[126.912173,35.150807]]]]}},{"type":"Feature","id":"1958191927821834650100000000","properties":{"id":"1958191927821834650100000000","pnu":"1221010300100620010","purpose":"기타","structure":"벽돌구조"},"geometry":{"type":"MultiPolygon","coordinates":[[[[126.91224,35.150337],[126.912275,35.150288],[126.912208,35.150245],[126.912166,35.150294],[126.91224,35.150337]]]]}},{"type":"Feature","id":"1958191935061834701600000000","properties":{"id":"1958191935061834701600000000","pnu":"1221010300100620010","purpose":"단독주택","floors":1,"structure":"일반목구조"},"geometry":{"type":"MultiPolygon","coordinates":[[[[126.91236,35.150325],[126.912281,35.150288],[126.912243,35.150349],[126.912322,35.150388],[126.91236,35.150325]]]]}},{"type":"Feature","id":"1958191962321837996300000000","properties":{"id":"1958191962321837996300000000","pnu":"1221010200100770003","purpose":"기타"},"geometry":{"type":"MultiPolygon","coordinates":[[[[126.912632,35.153353],[126.912663,35.153316],[126.912561,35.153262],[126.912532,35.1533],[126.912632,35.153353]]]]}},{"type":"Feature","id":"1958191964141835439200000000","properties":{"id":"1958191964141835439200000000","pnu":"1221010300100320000","year":1958,"purpose":"제1종 근린생활시설"},"geometry":{"type":"MultiPolygon","coordinates":[[[[126.912638,35.151088],[126.912698,35.151057],[126.912591,35.150916],[126.912543,35.150937],[126.912638,35.151088]]]]}},{"type":"Feature","id":"1958191967531834996000000000","properties":{"id":"1958191967531834996000000000","pnu":"1221010300100520012","purpose":"제1종 근린생활시설","floors":2,"structure":"벽돌구조"},"geometry":{"type":"MultiPolygon","coordinates":[[[[126.912672,35.150683],[126.912751,35.150623],[126.91264,35.150524],[126.912565,35.150581],[126.912672,35.150683]]]]}},{"type":"Feature","id":"1958191968441837898500000000","properties":{"id":"1958191968441837898500000000","pnu":"1221010200100770003","purpose":"단독주택"},"geometry":{"type":"MultiPolygon","coordinates":[[[[126.912739,35.153264],[126.912754,35.15324],[126.912639,35.153172],[126.912581,35.15323],[126.912608,35.15325],[126.912644,35.153217],[126.912739,35.153264]]]]}},{"type":"Feature","id":"1958191987171837012800000000","properties":{"id":"1958191987171837012800000000","pnu":"1221010200100940005","purpose":"기타","structure":"일반목구조"},"geometry":{"type":"MultiPolygon","coordinates":[[[[126.912864,35.152364],[126.912801,35.152424],[126.912878,35.152478],[126.912941,35.152419],[126.912864,35.152364]]]]}},{"type":"Feature","id":"1958192005071838603100000000","properties":{"id":"1958192005071838603100000000","pnu":"1221010100100160001","purpose":"단독주택","floors":1,"structure":"일반목구조"},"geometry":{"type":"MultiPolygon","coordinates":[[[[126.913092,35.153913],[126.913126,35.153848],[126.913047,35.153802],[126.912998,35.153851],[126.913092,35.153913]]]]}},{"type":"Feature","id":"1958192010291838521100000000","properties":{"id":"1958192010291838521100000000","pnu":"1221010100100160001","purpose":"숙박시설","structure":"일반목구조"},"geometry":{"type":"MultiPolygon","coordinates":[[[[126.91313,35.153819],[126.913161,35.153776],[126.913125,35.153745],[126.913081,35.153783],[126.91313,35.153819]]]]}},{"type":"Feature","id":"1958192022041834983000000000","properties":{"id":"1958192022041834983000000000","pnu":"1221010300100420000","year":1958,"purpose":"제2종 근린생활시설"},"geometry":{"type":"MultiPolygon","coordinates":[[[[126.913256,35.150597],[126.913257,35.150597],[126.913257,35.150596],[126.913258,35.150596],[126.913259,35.150596],[126.91326,35.150595],[126.91326,35.150594],[126.913261,35.150594],[126.913261,35.150593],[126.913261,35.150592],[126.913261,35.150591],[126.913261,35.150591],[126.91326,35.15059],[126.91326,35.150589],[126.913259,35.150589],[126.913258,35.150588],[126.913257,35.150588],[126.913257,35.150588],[126.913256,35.150588],[126.913255,35.150588],[126.913254,35.150588],[126.913253,35.150588],[126.913252,35.150589],[126.913251,35.150589],[126.913251,35.15059],[126.91325,35.150591],[126.91325,35.150591],[126.91325,35.150592],[126.91325,35.150593],[126.91325,35.150594],[126.913251,35.150594],[126.913251,35.150595],[126.913252,35.150596],[126.913253,35.150596],[126.913254,35.150596],[126.913255,35.150597],[126.913256,35.150597]]]]}},{"type":"Feature","id":"1958192022761835481400000000","properties":{"id":"1958192022761835481400000000","pnu":"1221010200101320000","purpose":"제2종 근린생활시설"},"geometry":{"type":"MultiPolygon","coordinates":[[[[126.913245,35.151107],[126.913341,35.15103],[126.91328,35.150974],[126.913185,35.151057],[126.913245,35.151107]]]]}},{"type":"Feature","id":"1958192025961835544300000000","properties":{"id":"1958192025961835544300000000","pnu":"1221010200101310005","purpose":"제1종 근린생활시설","floors":1,"structure":"벽돌구조"},"geometry":{"type":"MultiPolygon","coordinates":[[[[126.913298,35.151103],[126.913299,35.151103],[126.9133,35.151102],[126.913301,35.151102],[126.913302,35.151102],[126.913302,35.151101],[126.913303,35.1511],[126.913303,35.1511],[126.913303,35.151099],[126.913304,35.151098],[126.913303,35.151097],[126.913303,35.151097],[126.913303,35.151096],[126.913302,35.151095],[126.913302,35.151095],[126.913301,35.151094],[126.9133,35.151094],[126.913299,35.151094],[126.913298,35.151094],[126.913297,35.151094],[126.913296,35.151094],[126.913295,35.151094],[126.913295,35.151095],[126.913294,35.151095],[126.913293,35.151096],[126.913293,35.151097],[126.913293,35.151097],[126.913293,35.151098],[126.913293,35.151099],[126.913293,35.1511],[126.913293,35.1511],[126.913294,35.151101],[126.913295,35.151102],[126.913295,35.151102],[126.913296,35.151102],[126.913297,35.151103],[126.913298,35.151103]]]]}},{"type":"Feature","id":"1958192026041834937900000000","properties":{"id":"1958192026041834937900000000","pnu":"1221010300100420000","year":1958,"purpose":"제1종 근린생활시설"},"geometry":{"type":"MultiPolygon","coordinates":[[[[126.91329,35.150599],[126.913352,35.150535],[126.913312,35.150505],[126.913246,35.150565],[126.91329,35.150599]]]]}},{"type":"Feature","id":"1958192033341836849700000000","properties":{"id":"1958192033341836849700000000","pnu":"1221010200101770003","purpose":"제1종 근린생활시설","far":292.19,"floors":3,"structure":"철근콘크리트구조"},"geometry":{"type":"MultiPolygon","coordinates":[[[[126.913218,35.15224],[126.913378,35.152381],[126.91343,35.152386],[126.913571,35.152281],[126.913529,35.152242],[126.913456,35.152295],[126.913356,35.152212],[126.913396,35.15218],[126.913339,35.152136],[126.913218,35.15224]]]]}},{"type":"Feature","id":"1958192043691836755700000000","properties":{"id":"1958192043691836755700000000","pnu":"1221010200101770000","purpose":"제2종 근린생활시설","far":38.43,"floors":1,"structure":"일반목구조"},"geometry":{"type":"MultiPolygon","coordinates":[[[[126.913506,35.152235],[126.913544,35.152207],[126.913477,35.152146],[126.913439,35.152173],[126.913506,35.152235]]]]}},{"type":"Feature","id":"1958192044911834844400000000","properties":{"id":"1958192044911834844400000000","pnu":"1221013000100020002","purpose":"제1종 근린생활시설","floors":2,"structure":"일반목구조"},"geometry":{"type":"MultiPolygon","coordinates":[[[[126.913498,35.150518],[126.913569,35.15046],[126.913517,35.150417],[126.913444,35.150476],[126.913468,35.150496],[126.91347,35.150495],[126.913498,35.150518]]]]}},{"type":"Feature","id":"1958192045111837001100000000","properties":{"id":"1958192045111837001100000000","pnu":"1221010200101770000","purpose":"제2종 근린생활시설","far":38.43,"floors":1,"structure":"일반목구조"},"geometry":{"type":"MultiPolygon","coordinates":[[[[126.913491,35.152481],[126.913587,35.152395],[126.913521,35.152345],[126.913428,35.152421],[126.913491,35.152481]]]]}},{"type":"Feature","id":"1958192052431836842800000000","properties":{"id":"1958192052431836842800000000","pnu":"1221010200101770000","purpose":"제2종 근린생활시설","far":38.43,"floors":1,"structure":"일반목구조"},"geometry":{"type":"MultiPolygon","coordinates":[[[[126.913567,35.152333],[126.913659,35.152263],[126.913569,35.15221],[126.913532,35.152244],[126.913573,35.152281],[126.913535,35.152309],[126.913567,35.152333]]]]}},{"type":"Feature","id":"1958192258821840289000000000","properties":{"id":"1958192258821840289000000000","pnu":"1221010900104720009","year":1958,"purpose":"단독주택"},"geometry":{"type":"MultiPolygon","coordinates":[[[[126.915849,35.155381],[126.91585,35.155381],[126.915851,35.155381],[126.915852,35.15538],[126.915853,35.15538],[126.915853,35.155379],[126.915854,35.155379],[126.915854,35.155378],[126.915855,35.155377],[126.915855,35.155377],[126.915855,35.155376],[126.915854,35.155375],[126.915854,35.155374],[126.915853,35.155374],[126.915853,35.155373],[126.915852,35.155373],[126.915851,35.155372],[126.91585,35.155372],[126.915849,35.155372],[126.915848,35.155372],[126.915847,35.155372],[126.915846,35.155373],[126.915846,35.155373],[126.915845,35.155374],[126.915844,35.155374],[126.915844,35.155375],[126.915844,35.155376],[126.915844,35.155377],[126.915844,35.155377],[126.915844,35.155378],[126.915844,35.155379],[126.915845,35.155379],[126.915846,35.15538],[126.915846,35.15538],[126.915847,35.155381],[126.915848,35.155381],[126.915849,35.155381]]]]}},{"type":"Feature","id":"1958192265801837966900000000","properties":{"id":"1958192265801837966900000000","pnu":"1221010100100490001","purpose":"제1종 근린생활시설"},"geometry":{"type":"MultiPolygon","coordinates":[[[[126.915901,35.153345],[126.916007,35.153276],[126.915955,35.153222],[126.915849,35.153292],[126.915901,35.153345]]]]}},{"type":"Feature","id":"1958192276321837118400000000","properties":{"id":"1958192276321837118400000000","pnu":"1221010100101760000","purpose":"제1종 근린생활시설"},"geometry":{"type":"MultiPolygon","coordinates":[[[[126.916021,35.152601],[126.916137,35.152487],[126.916065,35.152437],[126.915952,35.152552],[126.916021,35.152601]]]]}},{"type":"Feature","id":"1958192351311842735900000000","properties":{"id":"1958192351311842735900000000","pnu":"1221010900104890016","year":1958,"purpose":"제1종 근린생활시설"},"geometry":{"type":"MultiPolygon","coordinates":[[[[126.916831,35.157617],[126.916908,35.157563],[126.916894,35.157548],[126.916816,35.157602],[126.916831,35.157617]]]]}},{"type":"Feature","id":"1958192354641842801300000000","properties":{"id":"1958192354641842801300000000","pnu":"1221010900104890016","year":1958,"purpose":"단독주택"},"geometry":{"type":"MultiPolygon","coordinates":[[[[126.916911,35.157692],[126.916963,35.157657],[126.916883,35.157592],[126.916835,35.157625],[126.916911,35.157692]]]]}},{"type":"Feature","id":"1958192402371834447500000000","properties":{"id":"1958192402371834447500000000","pnu":"1221010600100580009","year":1971,"purpose":"제1종 근린생활시설","floors":2,"structure":"철근콘크리트구조"},"geometry":{"type":"MultiPolygon","coordinates":[[[[126.917458,35.150157],[126.917501,35.150118],[126.917423,35.150061],[126.91736,35.150118],[126.917405,35.150152],[126.917426,35.150133],[126.917458,35.150157]]]]}},{"type":"Feature","id":"1958192412421839662400000000","properties":{"id":"1958192412421839662400000000","pnu":"1221010900104360000","purpose":"기타","structure":"일반목구조"},"geometry":{"type":"MultiPolygon","coordinates":[[[[126.917539,35.154852],[126.917569,35.154785],[126.917535,35.154772],[126.917501,35.15484],[126.917539,35.154852]]]]}},{"type":"Feature","id":"1958192413681839764300000000","properties":{"id":"1958192413681839764300000000","pnu":"1221010900104360000","purpose":"단독주택","floors":1,"structure":"일반목구조"},"geometry":{"type":"MultiPolygon","coordinates":[[[[126.917593,35.154944],[126.917611,35.154909],[126.917504,35.154866],[126.917487,35.154899],[126.917593,35.154944]]]]}},{"type":"Feature","id":"1958192418761839722100000000","properties":{"id":"1958192418761839722100000000","pnu":"1221010900104360000","purpose":"기타","structure":"블록구조"},"geometry":{"type":"MultiPolygon","coordinates":[[[[126.917635,35.154889],[126.917646,35.154867],[126.917575,35.154845],[126.917564,35.154867],[126.917635,35.154889]]]]}},{"type":"Feature","id":"1958192425401840002400000000","properties":{"id":"1958192425401840002400000000","pnu":"1221010900104390000","purpose":"기타","structure":"일반목구조"},"geometry":{"type":"MultiPolygon","coordinates":[[[[126.917719,35.155085],[126.917688,35.155073],[126.917636,35.155151],[126.917669,35.155166],[126.917719,35.155085]]]]}},{"type":"Feature","id":"1958192426831838204900000000","properties":{"id":"1958192426831838204900000000","pnu":"1221010100103080018","year":1958,"purpose":"단독주택"},"geometry":{"type":"MultiPolygon","coordinates":[[[[126.917687,35.153538],[126.917743,35.153492],[126.917702,35.153459],[126.917647,35.153508],[126.917687,35.153538]]]]}},{"type":"Feature","id":"1958192431071840047300000000","properties":{"id":"1958192431071840047300000000","pnu":"1221010900104390000","purpose":"단독주택","floors":1,"structure":"일반목구조"},"geometry":{"type":"MultiPolygon","coordinates":[[[[126.917798,35.155157],[126.917704,35.15512],[126.91768,35.155161],[126.917774,35.155201],[126.917798,35.155157]]]]}},{"type":"Feature","id":"1958192432641840370400000000","properties":{"id":"1958192432641840370400000000","pnu":"1221010900104650018","purpose":"단독주택","floors":1,"structure":"일반목구조"},"geometry":{"type":"MultiPolygon","coordinates":[[[[126.917733,35.155498],[126.917813,35.155434],[126.91778,35.155404],[126.917701,35.155469],[126.917733,35.155498]]]]}},{"type":"Feature","id":"1958192433601840800100000000","properties":{"id":"1958192433601840800100000000","pnu":"1221010900104650008","purpose":"단독주택","floors":1,"structure":"일반목구조"},"geometry":{"type":"MultiPolygon","coordinates":[[[[126.91779,35.155889],[126.917831,35.155845],[126.917744,35.155788],[126.917702,35.155831],[126.91779,35.155889]]]]}},{"type":"Feature","id":"1958192440381840725300000000","properties":{"id":"1958192440381840725300000000","pnu":"1221010900104650008","purpose":"기타","structure":"일반목구조"},"geometry":{"type":"MultiPolygon","coordinates":[[[[126.917872,35.155814],[126.917895,35.155793],[126.917809,35.155728],[126.917788,35.155747],[126.917872,35.155814]]]]}},{"type":"Feature","id":"1958192459941839885200000000","properties":{"id":"1958192459941839885200000000","pnu":"1221010900104600009","purpose":"단독주택","floors":1,"structure":"일반목구조"},"geometry":{"type":"MultiPolygon","coordinates":[[[[126.91804,35.155052],[126.918127,35.155021],[126.918117,35.155],[126.918069,35.155016],[126.918047,35.154974],[126.918001,35.154988],[126.91804,35.155052]]]]}},{"type":"Feature","id":"1958192473741839521700000000","properties":{"id":"1958192473741839521700000000","pnu":"1221010900104490000","purpose":"단독주택","floors":1,"structure":"일반목구조"},"geometry":{"type":"MultiPolygon","coordinates":[[[[126.918234,35.154737],[126.918275,35.154688],[126.918181,35.154636],[126.918143,35.154685],[126.918234,35.154737]]]]}},{"type":"Feature","id":"1958192483221839578400000000","properties":{"id":"1958192483221839578400000000","pnu":"1221010900104490000","purpose":"단독주택","floors":1,"structure":"일반목구조"},"geometry":{"type":"MultiPolygon","coordinates":[[[[126.918306,35.154784],[126.918361,35.154713],[126.918319,35.154692],[126.918264,35.154762],[126.918306,35.154784]]]]}},{"type":"Feature","id":"1958192496761840080900000000","properties":{"id":"1958192496761840080900000000","pnu":"1221010900104610005","purpose":"기타","structure":"블록구조"},"geometry":{"type":"MultiPolygon","coordinates":[[[[126.918461,35.155195],[126.918462,35.155195],[126.918463,35.155195],[126.918463,35.155195],[126.918464,35.155194],[126.918465,35.155194],[126.918465,35.155193],[126.918466,35.155192],[126.918466,35.155192],[126.918466,35.155191],[126.918466,35.15519],[126.918466,35.155189],[126.918465,35.155189],[126.918465,35.155188],[126.918464,35.155187],[126.918463,35.155187],[126.918463,35.155187],[126.918462,35.155186],[126.918461,35.155186],[126.91846,35.155186],[126.918459,35.155187],[126.918458,35.155187],[126.918457,35.155187],[126.918456,35.155188],[126.918456,35.155189],[126.918455,35.155189],[126.918455,35.15519],[126.918455,35.155191],[126.918455,35.155192],[126.918455,35.155192],[126.918456,35.155193],[126.918456,35.155194],[126.918457,35.155194],[126.918458,35.155195],[126.918459,35.155195],[126.91846,35.155195],[126.918461,35.155195]]]]}},{"type":"Feature","id":"1958192498141840408700000000","properties":{"id":"1958192498141840408700000000","pnu":"1221010900102980011","purpose":"기타","structure":"블록구조"},"geometry":{"type":"MultiPolygon","coordinates":[[[[126.918469,35.155513],[126.918504,35.155474],[126.918482,35.15546],[126.918447,35.155499],[126.918469,35.155513]]]]}},{"type":"Feature","id":"1958192499381840474100000000","properties":{"id":"1958192499381840474100000000","pnu":"1221010900102980011","purpose":"단독주택","floors":1,"structure":"블록구조"},"geometry":{"type":"MultiPolygon","coordinates":[[[[126.918486,35.15559],[126.918533,35.155516],[126.918494,35.1555],[126.918445,35.155573],[126.918486,35.15559]]]]}},{"type":"Feature","id":"1958192501411840164000000000","properties":{"id":"1958192501411840164000000000","pnu":"1221010900104610005","purpose":"단독주택","floors":1,"structure":"일반목구조"},"geometry":{"type":"MultiPolygon","coordinates":[[[[126.918405,35.155291],[126.918553,35.155322],[126.918562,35.155291],[126.918586,35.155296],[126.918597,35.15526],[126.918573,35.155255],[126.918581,35.155204],[126.91852,35.155197],[126.918511,35.155257],[126.918423,35.155241],[126.918405,35.155291]]]]}},{"type":"Feature","id":"1958192511271835046000000000","properties":{"id":"1958192511271835046000000000","pnu":"1221010600100340002","purpose":"제1종 근린생활시설","floors":1,"structure":"일반목구조"},"geometry":{"type":"MultiPolygon","coordinates":[[[[126.918628,35.150735],[126.91873,35.150658],[126.918614,35.150571],[126.918522,35.150645],[126.918628,35.150735]]]]}},{"type":"Feature","id":"1958192511571839143600000000","properties":{"id":"1958192511571839143600000000","pnu":"1221010900103120000","year":1958,"purpose":"단독주택"},"geometry":{"type":"MultiPolygon","coordinates":[[[[126.918635,35.15438],[126.918665,35.154352],[126.918615,35.154312],[126.918583,35.15434],[126.918635,35.15438]]]]}},{"type":"Feature","id":"1958192513081839079000000000","properties":{"id":"1958192513081839079000000000","pnu":"1221010900103120000","year":1958,"purpose":"단독주택"},"geometry":{"type":"MultiPolygon","coordinates":[[[[126.918636,35.154313],[126.918671,35.154277],[126.918645,35.154262],[126.918611,35.154299],[126.918636,35.154313]]]]}},{"type":"Feature","id":"1958192519411839048400000000","properties":{"id":"1958192519411839048400000000","pnu":"1221010900103120000","year":1958,"purpose":"단독주택"},"geometry":{"type":"MultiPolygon","coordinates":[[[[126.918736,35.154297],[126.91876,35.154263],[126.918685,35.154224],[126.918661,35.154258],[126.918736,35.154297]]]]}},{"type":"Feature","id":"1959191645931835729500000000","properties":{"id":"1959191645931835729500000000","pnu":"1221010400100060004","purpose":"단독주택","floors":1,"structure":"일반목구조"},"geometry":{"type":"MultiPolygon","coordinates":[[[[126.909154,35.151319],[126.909196,35.151283],[126.909105,35.151206],[126.909056,35.15124],[126.909154,35.151319]]]]}},{"type":"Feature","id":"1959191809581836538600000000","properties":{"id":"1959191809581836538600000000","pnu":"1221010300100140003","purpose":"단독주택","floors":1,"structure":"일반목구조"},"geometry":{"type":"MultiPolygon","coordinates":[[[[126.910911,35.152031],[126.910967,35.151986],[126.910938,35.151953],[126.910876,35.151999],[126.910911,35.152031]]]]}},{"type":"Feature","id":"1959191838081839025600000000","properties":{"id":"1959191838081839025600000000","pnu":"1221010200100050003","purpose":"단독주택","floors":1,"structure":"일반목구조"},"geometry":{"type":"MultiPolygon","coordinates":[[[[126.911266,35.154287],[126.911298,35.154251],[126.911196,35.154183],[126.911166,35.154213],[126.911266,35.154287]]]]}},{"type":"Feature","id":"1959191915371838108700000000","properties":{"id":"1959191915371838108700000000","pnu":"1221010200100740010","purpose":"기타","structure":"벽돌구조"},"geometry":{"type":"MultiPolygon","coordinates":[[[[126.912061,35.153447],[126.91213,35.153389],[126.912109,35.153371],[126.912048,35.153412],[126.912036,35.153424],[126.912061,35.153447]]]]}},{"type":"Feature","id":"1959191920001838199200000000","properties":{"id":"1959191920001838199200000000","pnu":"1221010200100740010","purpose":"기타","structure":"일반목구조"},"geometry":{"type":"MultiPolygon","coordinates":[[[[126.912201,35.153527],[126.912082,35.153431],[126.912062,35.153448],[126.912177,35.153548],[126.912201,35.153527]]]]}},{"type":"Feature","id":"1959191922521838154800000000","properties":{"id":"1959191922521838154800000000","pnu":"1221010200100740010","purpose":"단독주택","floors":1,"structure":"일반목구조"},"geometry":{"type":"MultiPolygon","coordinates":[[[[126.912186,35.153511],[126.912235,35.15347],[126.912135,35.153389],[126.912086,35.15343],[126.912186,35.153511]]]]}},{"type":"Feature","id":"1959191923111838082600000000","properties":{"id":"1959191923111838082600000000","pnu":"1221010200100740010","purpose":"기타","structure":"경량철골구조"},"geometry":{"type":"MultiPolygon","coordinates":[[[[126.91219,35.153421],[126.912214,35.153396],[126.912144,35.153349],[126.912119,35.153374],[126.91219,35.153421]]]]}},{"type":"Feature","id":"1959192026341834059800000000","properties":{"id":"1959192026341834059800000000","pnu":"1221013000100350003","purpose":"단독주택","floors":1,"structure":"일반목구조"},"geometry":{"type":"MultiPolygon","coordinates":[[[[126.913359,35.149741],[126.913318,35.14971],[126.913247,35.149777],[126.913293,35.14981],[126.913359,35.149741]]]]}},{"type":"Feature","id":"1959192118511837767900000000","properties":{"id":"1959192118511837767900000000","pnu":"1221010100100820000","purpose":"제1종 근린생활시설","far":98.18,"floors":2,"structure":"일반목구조"},"geometry":{"type":"MultiPolygon","coordinates":[[[[126.914199,35.153102],[126.91431,35.153188],[126.91442,35.153093],[126.914326,35.15302],[126.91429,35.15305],[126.914295,35.153055],[126.914272,35.153073],[126.914251,35.153057],[126.914199,35.153102]]]]}},{"type":"Feature","id":"1959192170341837644600000000","properties":{"id":"1959192170341837644600000000","pnu":"1221010100100930001","year":1959,"purpose":"단독주택"},"geometry":{"type":"MultiPolygon","coordinates":[[[[126.914877,35.153027],[126.914922,35.152984],[126.914884,35.152957],[126.914839,35.153001],[126.914877,35.153027]]]]}},{"type":"Feature","id":"1959192173621837737100000000","properties":{"id":"1959192173621837737100000000","pnu":"1221010100100930001","year":1959,"purpose":"단독주택"},"geometry":{"type":"MultiPolygon","coordinates":[[[[126.914922,35.152989],[126.914817,35.153113],[126.914879,35.153149],[126.914913,35.153153],[126.915019,35.153047],[126.914922,35.152989]]]]}},{"type":"Feature","id":"1959192301131836106800000000","properties":{"id":"1959192301131836106800000000","pnu":"1221010100101410000","purpose":"기타"},"geometry":{"type":"MultiPolygon","coordinates":[[[[126.916344,35.151671],[126.916376,35.151646],[126.916329,35.151603],[126.916353,35.151575],[126.916322,35.151545],[126.916254,35.151596],[126.916344,35.151671]]]]}},{"type":"Feature","id":"1959192308411836131300000000","properties":{"id":"1959192308411836131300000000","pnu":"1221010100101410000","purpose":"단독주택"},"geometry":{"type":"MultiPolygon","coordinates":[[[[126.916333,35.151706],[126.916354,35.151728],[126.916475,35.151643],[126.916356,35.151528],[126.916328,35.151548],[126.916426,35.151642],[126.916333,35.151706]]]]}},{"type":"Feature","id":"1959192354581839805900000000","properties":{"id":"1959192354581839805900000000","pnu":"1221010900104670027","purpose":"단독주택","floors":1,"structure":"일반목구조"},"geometry":{"type":"MultiPolygon","coordinates":[[[[126.916963,35.154952],[126.916922,35.154884],[126.916834,35.15492],[126.916878,35.154992],[126.916895,35.154998],[126.916913,35.154995],[126.916963,35.154952]]]]}},{"type":"Feature","id":"1959192379731838236900000000","properties":{"id":"1959192379731838236900000000","pnu":"1221010100103080024","year":1959,"purpose":"제1종 근린생활시설"},"geometry":{"type":"MultiPolygon","coordinates":[[[[126.917194,35.153583],[126.917242,35.153543],[126.917161,35.153475],[126.917114,35.153509],[126.917194,35.153583]]]]}},{"type":"Feature","id":"1959192380931838164500000000","properties":{"id":"1959192380931838164500000000","pnu":"1221010100103080024","year":1959,"purpose":"제1종 근린생활시설"},"geometry":{"type":"MultiPolygon","coordinates":[[[[126.917107,35.153498],[126.91716,35.153463],[126.917237,35.153524],[126.917284,35.153484],[126.917191,35.1534],[126.917087,35.153467],[126.917098,35.153491],[126.917107,35.153498]]]]}},{"type":"Feature","id":"1959192388091838272300000000","properties":{"id":"1959192388091838272300000000","pnu":"1221010100103080024","year":1959,"purpose":"단독주택"},"geometry":{"type":"MultiPolygon","coordinates":[[[[126.917238,35.153608],[126.91733,35.153534],[126.917306,35.153512],[126.91721,35.153582],[126.917238,35.153608]]]]}},{"type":"Feature","id":"1959192393961838373800000000","properties":{"id":"1959192393961838373800000000","pnu":"1221010100103080014","purpose":"단독주택","floors":2,"structure":"일반목구조"},"geometry":{"type":"MultiPolygon","coordinates":[[[[126.917346,35.153726],[126.917424,35.153676],[126.917327,35.153574],[126.917242,35.153634],[126.917346,35.153726]]]]}},{"type":"Feature","id":"1959192401961840068100000000","properties":{"id":"1959192401961840068100000000","pnu":"1221010900104660013","year":1959,"purpose":"단독주택"},"geometry":{"type":"MultiPolygon","coordinates":[[[[126.91741,35.155215],[126.917462,35.15517],[126.917431,35.155143],[126.917379,35.155185],[126.91741,35.155215]]]]}},{"type":"Feature","id":"1959192404941838522000000000","properties":{"id":"1959192404941838522000000000","pnu":"1221010100103080013","year":1959,"purpose":"단독주택"},"geometry":{"type":"MultiPolygon","coordinates":[[[[126.917527,35.15382],[126.917415,35.153724],[126.917382,35.15375],[126.917494,35.153846],[126.917527,35.15382]]]]}},{"type":"Feature","id":"1959192410921839823900000000","properties":{"id":"1959192410921839823900000000","pnu":"1221010900104390002","year":1959,"purpose":"단독주택"},"geometry":{"type":"MultiPolygon","coordinates":[[[[126.917559,35.155002],[126.917583,35.154964],[126.917479,35.154916],[126.917453,35.154952],[126.917559,35.155002]]]]}},{"type":"Feature","id":"1959192411531838464000000000","properties":{"id":"1959192411531838464000000000","pnu":"1221010100103080013","year":1959,"purpose":"제1종 근린생활시설"},"geometry":{"type":"MultiPolygon","coordinates":[[[[126.917598,35.153752],[126.917542,35.153672],[126.917455,35.153714],[126.917512,35.153793],[126.917598,35.153752]]]]}},{"type":"Feature","id":"1959192415301838524800000000","properties":{"id":"1959192415301838524800000000","pnu":"1221010100103080013","year":1959,"purpose":"단독주택"},"geometry":{"type":"MultiPolygon","coordinates":[[[[126.917539,35.153819],[126.917615,35.153781],[126.917597,35.153756],[126.917521,35.153795],[126.917539,35.153819]]]]}},{"type":"Feature","id":"1959192415611839958500000000","properties":{"id":"1959192415611839958500000000","pnu":"1221010900104390002","year":1959,"purpose":"단독주택"},"geometry":{"type":"MultiPolygon","coordinates":[[[[126.917601,35.15514],[126.917649,35.155075],[126.917536,35.155019],[126.917493,35.155085],[126.917601,35.15514]]]]}},{"type":"Feature","id":"1959192419001839479800000000","properties":{"id":"1959192419001839479800000000","pnu":"1221010900104240001","purpose":"단독주택","floors":1,"structure":"일반목구조"},"geometry":{"type":"MultiPolygon","coordinates":[[[[126.91765,35.154629],[126.917609,35.154607],[126.917565,35.154666],[126.917607,35.15469],[126.91765,35.154629]]]]}},{"type":"Feature","id":"1959192420581834501800000000","properties":{"id":"1959192420581834501800000000","pnu":"1221010600100580003","purpose":"제2종 근린생활시설"},"geometry":{"type":"MultiPolygon","coordinates":[[[[126.917684,35.150236],[126.917722,35.150202],[126.917577,35.150086],[126.917539,35.150124],[126.917684,35.150236]]]]}},{"type":"Feature","id":"1959192422401839487600000000","properties":{"id":"1959192422401839487600000000","pnu":"1221010900104240001","purpose":"단독주택","structure":"벽돌구조"},"geometry":{"type":"MultiPolygon","coordinates":[[[[126.917645,35.15466],[126.917646,35.15466],[126.917647,35.15466],[126.917648,35.154659],[126.917649,35.154659],[126.917649,35.154658],[126.91765,35.154658],[126.91765,35.154657],[126.917651,35.154656],[126.917651,35.154655],[126.917651,35.154655],[126.91765,35.154654],[126.91765,35.154653],[126.917649,35.154653],[126.917649,35.154652],[126.917648,35.154652],[126.917647,35.154651],[126.917646,35.154651],[126.917645,35.154651],[126.917644,35.154651],[126.917643,35.154651],[126.917642,35.154652],[126.917642,35.154652],[126.917641,35.154653],[126.91764,35.154653],[126.91764,35.154654],[126.91764,35.154655],[126.91764,35.154655],[126.91764,35.154656],[126.91764,35.154657],[126.91764,35.154658],[126.917641,35.154658],[126.917642,35.154659],[126.917642,35.154659],[126.917643,35.15466],[126.917644,35.15466],[126.917645,35.15466]]]]}},{"type":"Feature","id":"1959192437261840516400000000","properties":{"id":"1959192437261840516400000000","pnu":"1221010900104650020","purpose":"기타","structure":"일반목구조"},"geometry":{"type":"MultiPolygon","coordinates":[[[[126.917789,35.155618],[126.917847,35.155566],[126.917827,35.155548],[126.917767,35.155599],[126.917789,35.155618]]]]}},{"type":"Feature","id":"1959192442791840562500000000","properties":{"id":"1959192442791840562500000000","pnu":"1221010900104650020","purpose":"단독주택","floors":1,"structure":"일반목구조"},"geometry":{"type":"MultiPolygon","coordinates":[[[[126.917888,35.155661],[126.917913,35.155629],[126.917849,35.155589],[126.917821,35.155618],[126.917888,35.155661]]]]}},{"type":"Feature","id":"1959192505641840637300000000","properties":{"id":"1959192505641840637300000000","pnu":"1221010900104630020","purpose":"단독주택","floors":1,"structure":"일반목구조"},"geometry":{"type":"MultiPolygon","coordinates":[[[[126.918558,35.155729],[126.918604,35.155709],[126.918554,35.155653],[126.918513,35.155679],[126.918558,35.155729]]]]}},{"type":"Feature","id":"1959192506761834853600000000","properties":{"id":"1959192506761834853600000000","pnu":"1221010600100340011","purpose":"단독주택","floors":1,"structure":"일반목구조"},"geometry":{"type":"MultiPolygon","coordinates":[[[[126.918616,35.15055],[126.918664,35.150503],[126.918622,35.150476],[126.918628,35.150461],[126.918539,35.150409],[126.918486,35.150467],[126.918616,35.15055]]]]}},{"type":"Feature","id":"1959192526521840291800000000","properties":{"id":"1959192526521840291800000000","pnu":"1221010900103000013","purpose":"단독주택","floors":1,"structure":"일반목구조"},"geometry":{"type":"MultiPolygon","coordinates":[[[[126.91881,35.155415],[126.918831,35.155366],[126.918765,35.155347],[126.918743,35.155396],[126.91881,35.155415]]]]}},{"type":"Feature","id":"1960191635071836936600000000","properties":{"id":"1960191635071836936600000000","pnu":"1221010400100040015","year":1960,"purpose":"기타"},"geometry":{"type":"MultiPolygon","coordinates":[[[[126.909007,35.152354],[126.909008,35.152354],[126.909009,35.152354],[126.90901,35.152354],[126.90901,35.152353],[126.909011,35.152353],[126.909012,35.152352],[126.909012,35.152351],[126.909012,35.152351],[126.909012,35.15235],[126.909012,35.152349],[126.909012,35.152348],[126.909012,35.152348],[126.909011,35.152347],[126.90901,35.152346],[126.90901,35.152346],[126.909009,35.152346],[126.909008,35.152345],[126.909007,35.152345],[126.909006,35.152345],[126.909005,35.152346],[126.909004,35.152346],[126.909003,35.152346],[126.909003,35.152347],[126.909002,35.152348],[126.909002,35.152348],[126.909001,35.152349],[126.909001,35.15235],[126.909001,35.152351],[126.909002,35.152351],[126.909002,35.152352],[126.909003,35.152353],[126.909003,35.152353],[126.909004,35.152354],[126.909005,35.152354],[126.909006,35.152354],[126.909007,35.152354]]]]}},{"type":"Feature","id":"1960191640611836907000000000","properties":{"id":"1960191640611836907000000000","pnu":"1221010400100040015","year":1960,"purpose":"제2종 근린생활시설"},"geometry":{"type":"MultiPolygon","coordinates":[[[[126.909077,35.152384],[126.909158,35.152353],[126.909157,35.152339],[126.909042,35.152256],[126.908977,35.152306],[126.909077,35.152384]]]]}},{"type":"Feature","id":"1960191674021836585700000000","properties":{"id":"1960191674021836585700000000","pnu":"1221010300100960004","year":1960,"purpose":"단독주택"},"geometry":{"type":"MultiPolygon","coordinates":[[[[126.909479,35.152041],[126.909443,35.151992],[126.909387,35.152031],[126.909431,35.152073],[126.909479,35.152041]]]]}},{"type":"Feature","id":"1960191681031836625000000000","properties":{"id":"1960191681031836625000000000","pnu":"1221010300100960004","year":1960,"purpose":"단독주택"},"geometry":{"type":"MultiPolygon","coordinates":[[[[126.909468,35.152112],[126.909576,35.152058],[126.909551,35.152025],[126.909446,35.152085],[126.909468,35.152112]]]]}},{"type":"Feature","id":"1960191687081836976700000000","properties":{"id":"1960191687081836976700000000","pnu":"1221010300100960041","year":1960,"purpose":"단독주택"},"geometry":{"type":"MultiPolygon","coordinates":[[[[126.909603,35.152435],[126.909627,35.152414],[126.909555,35.15234],[126.909526,35.152357],[126.909603,35.152435]]]]}},{"type":"Feature","id":"1960191690171836942200000000","properties":{"id":"1960191690171836942200000000","pnu":"1221010300100960041","year":1960,"purpose":"단독주택"},"geometry":{"type":"MultiPolygon","coordinates":[[[[126.909631,35.152409],[126.909674,35.152377],[126.909592,35.152302],[126.909549,35.152334],[126.909631,35.152409]]]]}},{"type":"Feature","id":"1960191692441836883400000000","properties":{"id":"1960191692441836883400000000","pnu":"1221010300100960041","year":1960,"purpose":"단독주택"},"geometry":{"type":"MultiPolygon","coordinates":[[[[126.909636,35.152307],[126.909637,35.152307],[126.909638,35.152307],[126.909639,35.152306],[126.90964,35.152306],[126.909641,35.152305],[126.909641,35.152305],[126.909642,35.152304],[126.909642,35.152303],[126.909642,35.152302],[126.909642,35.152302],[126.909642,35.152301],[126.909641,35.1523],[126.909641,35.152299],[126.90964,35.152299],[126.909639,35.152298],[126.909638,35.152298],[126.909637,35.152298],[126.909636,35.152298],[126.909636,35.152298],[126.909635,35.152298],[126.909634,35.152298],[126.909633,35.152299],[126.909632,35.152299],[126.909632,35.1523],[126.909631,35.152301],[126.909631,35.152302],[126.909631,35.152302],[126.909631,35.152303],[126.909631,35.152304],[126.909632,35.152305],[126.909632,35.152305],[126.909633,35.152306],[126.909634,35.152306],[126.909635,35.152307],[126.909636,35.152307],[126.909636,35.152307]]]]}},{"type":"Feature","id":"1960191863341834854800000000","properties":{"id":"1960191863341834854800000000","pnu":"1221010300100760010","year":1960,"purpose":"제1종 근린생활시설"},"geometry":{"type":"MultiPolygon","coordinates":[[[[126.911436,35.150591],[126.911653,35.150413],[126.91159,35.150362],[126.911378,35.150534],[126.911436,35.150591]]]]}},{"type":"Feature","id":"1960191863741834719900000000","properties":{"id":"1960191863741834719900000000","pnu":"1221010300100760010","year":1960,"purpose":"단독주택"},"geometry":{"type":"MultiPolygon","coordinates":[[[[126.911505,35.15041],[126.911589,35.150351],[126.911533,35.150297],[126.911449,35.150356],[126.911505,35.15041]]]]}},{"type":"Feature","id":"1960191873011834676300000000","properties":{"id":"1960191873011834676300000000","pnu":"1221010300100760010","year":1960,"purpose":"단독주택"},"geometry":{"type":"MultiPolygon","coordinates":[[[[126.911643,35.150366],[126.91168,35.15033],[126.911601,35.150264],[126.911559,35.150298],[126.911643,35.150366]]]]}},{"type":"Feature","id":"1960191923311835088000000000","properties":{"id":"1960191923311835088000000000","pnu":"1221010300100590003","purpose":"단독주택","floors":1,"structure":"일반목구조"},"geometry":{"type":"MultiPolygon","coordinates":[[[[126.912236,35.150708],[126.912142,35.150634],[126.912105,35.150663],[126.912207,35.150739],[126.912236,35.150708]]]]}},{"type":"Feature","id":"1960192065821833815500000000","properties":{"id":"1960192065821833815500000000","pnu":"1221013000100350008","purpose":"제2종 근린생활시설","far":271.53,"floors":3,"structure":"철근콘크리트구조"},"geometry":{"type":"MultiPolygon","coordinates":[[[[126.913813,35.149483],[126.913747,35.149456],[126.913664,35.149598],[126.913723,35.149626],[126.913813,35.149483]]]]}},{"type":"Feature","id":"1960192181791838425100000000","properties":{"id":"1960192181791838425100000000","pnu":"1221010100100320009","purpose":"제1종 근린생활시설"},"geometry":{"type":"MultiPolygon","coordinates":[[[[126.914918,35.153726],[126.914963,35.153766],[126.915093,35.153667],[126.915046,35.153626],[126.914918,35.153726]]]]}},{"type":"Feature","id":"1960192222171837745200000000","properties":{"id":"1960192222171837745200000000","pnu":"1221010100100410005","year":1960,"purpose":"단독주택"},"geometry":{"type":"MultiPolygon","coordinates":[[[[126.915542,35.153055],[126.915472,35.153],[126.915354,35.153112],[126.915433,35.153165],[126.915542,35.153055]]]]}},{"type":"Feature","id":"1960192227191837858100000000","properties":{"id":"1960192227191837858100000000","pnu":"1221010100100410005","year":1960,"purpose":"단독주택"},"geometry":{"type":"MultiPolygon","coordinates":[[[[126.91557,35.153194],[126.915486,35.153131],[126.915438,35.153174],[126.915523,35.15324],[126.91557,35.153194]]]]}},{"type":"Feature","id":"1960192232691837798100000000","properties":{"id":"1960192232691837798100000000","pnu":"1221010100100410005","year":1960,"purpose":"단독주택"},"geometry":{"type":"MultiPolygon","coordinates":[[[[126.915586,35.153182],[126.915628,35.153147],[126.915547,35.15308],[126.9155,35.153118],[126.915586,35.153182]]]]}},{"type":"Feature","id":"1960192272091836425800000000","properties":{"id":"1960192272091836425800000000","pnu":"1221010100101440002","purpose":"단독주택"},"geometry":{"type":"MultiPolygon","coordinates":[[[[126.916017,35.151965],[126.916086,35.151918],[126.915974,35.151823],[126.915914,35.151871],[126.916017,35.151965]]]]}},{"type":"Feature","id":"1960192287281840252300000000","properties":{"id":"1960192287281840252300000000","pnu":"1221010900104700015","purpose":"제2종 근린생활시설"},"geometry":{"type":"MultiPolygon","coordinates":[[[[126.91612,35.155398],[126.91623,35.155313],[126.916203,35.15529],[126.916094,35.155373],[126.91612,35.155398]]]]}},{"type":"Feature","id":"1960192289111840336100000000","properties":{"id":"1960192289111840336100000000","pnu":"1221010900104710036","purpose":"단독주택"},"geometry":{"type":"MultiPolygon","coordinates":[[[[126.916188,35.155463],[126.916235,35.155427],[126.916174,35.155376],[126.916129,35.15541],[126.916188,35.155463]]]]}},{"type":"Feature","id":"1960192322461837957600000000","properties":{"id":"1960192322461837957600000000","pnu":"1221010100103130018","purpose":"제1종 근린생활시설","floors":1,"structure":"일반목구조"},"geometry":{"type":"MultiPolygon","coordinates":[[[[126.916504,35.153334],[126.916626,35.15325],[126.916592,35.153218],[126.916473,35.153303],[126.916504,35.153334]]]]}},{"type":"Feature","id":"1960192362481842996500000000","properties":{"id":"1960192362481842996500000000","pnu":"1221010900104890025","year":1960,"purpose":"단독주택"},"geometry":{"type":"MultiPolygon","coordinates":[[[[126.916953,35.15787],[126.917055,35.157802],[126.917012,35.157766],[126.916916,35.157832],[126.916953,35.15787]]]]}},{"type":"Feature","id":"1960192413601842204100000000","properties":{"id":"1960192413601842204100000000","pnu":"1221010900104840007","purpose":"단독주택"},"geometry":{"type":"MultiPolygon","coordinates":[[[[126.91755,35.157166],[126.917612,35.157123],[126.917538,35.157043],[126.917482,35.15708],[126.91755,35.157166]]]]}},{"type":"Feature","id":"1960192416161842105200000000","properties":{"id":"1960192416161842105200000000","pnu":"1221010900104840007","purpose":"기타"},"geometry":{"type":"MultiPolygon","coordinates":[[[[126.917561,35.157042],[126.917613,35.157008],[126.917585,35.156988],[126.917537,35.157021],[126.917561,35.157042]]]]}},{"type":"Feature","id":"1960192433631839959800000000","properties":{"id":"1960192433631839959800000000","pnu":"1221010900104550000","year":1960,"purpose":"단독주택"},"geometry":{"type":"MultiPolygon","coordinates":[[[[126.917814,35.155118],[126.917829,35.155093],[126.917719,35.155045],[126.917704,35.155067],[126.917814,35.155118]]]]}},{"type":"Feature","id":"1960192436331839917700000000","properties":{"id":"1960192436331839917700000000","pnu":"1221010900104550000","year":1960,"purpose":"단독주택"},"geometry":{"type":"MultiPolygon","coordinates":[[[[126.917828,35.155078],[126.917848,35.155045],[126.917767,35.155009],[126.917746,35.155041],[126.917828,35.155078]]]]}},{"type":"Feature","id":"1960192438341839877900000000","properties":{"id":"1960192438341839877900000000","pnu":"1221010900104550000","purpose":"기타","structure":"일반목구조"},"geometry":{"type":"MultiPolygon","coordinates":[[[[126.917854,35.155035],[126.917864,35.155014],[126.917787,35.15498],[126.917776,35.155001],[126.917854,35.155035]]]]}},{"type":"Feature","id":"1960192442991841900200000000","properties":{"id":"1960192442991841900200000000","pnu":"1221010900104850004","purpose":"제2종 근린생활시설","floors":1,"structure":"일반목구조"},"geometry":{"type":"MultiPolygon","coordinates":[[[[126.917854,35.15678],[126.917812,35.15681],[126.917903,35.156893],[126.91791,35.156832],[126.917893,35.156815],[126.917854,35.15678]]]]}},{"type":"Feature","id":"1960192487531839248500000000","properties":{"id":"1960192487531839248500000000","pnu":"1221010900103920000","purpose":"단독주택","floors":1,"structure":"일반목구조"},"geometry":{"type":"MultiPolygon","coordinates":[[[[126.918358,35.154503],[126.918444,35.154425],[126.918381,35.154384],[126.918345,35.154422],[126.918312,35.154401],[126.918276,35.154437],[126.918358,35.154503]]]]}},{"type":"Feature","id":"1960192487831839170500000000","properties":{"id":"1960192487831839170500000000","pnu":"1221010900103920000","purpose":"기타","structure":"일반목구조"},"geometry":{"type":"MultiPolygon","coordinates":[[[[126.918363,35.154375],[126.918364,35.154375],[126.918365,35.154374],[126.918366,35.154374],[126.918367,35.154374],[126.918368,35.154373],[126.918368,35.154372],[126.918369,35.154372],[126.918369,35.154371],[126.918369,35.15437],[126.918369,35.154369],[126.918369,35.154369],[126.918368,35.154368],[126.918368,35.154367],[126.918367,35.154367],[126.918366,35.154366],[126.918365,35.154366],[126.918364,35.154366],[126.918363,35.154366],[126.918363,35.154366],[126.918362,35.154366],[126.918361,35.154366],[126.91836,35.154367],[126.918359,35.154367],[126.918359,35.154368],[126.918358,35.154369],[126.918358,35.154369],[126.918358,35.15437],[126.918358,35.154371],[126.918358,35.154372],[126.918359,35.154372],[126.918359,35.154373],[126.91836,35.154374],[126.918361,35.154374],[126.918362,35.154374],[126.918363,35.154375],[126.918363,35.154375]]]]}},{"type":"Feature","id":"1960192507301841457900000000","properties":{"id":"1960192507301841457900000000","pnu":"1221010900102960016","year":1960,"purpose":"숙박시설"},"geometry":{"type":"MultiPolygon","coordinates":[[[[126.918563,35.156472],[126.918624,35.156424],[126.918588,35.156392],[126.918527,35.15644],[126.918563,35.156472]]]]}},{"type":"Feature","id":"1960192515811841544500000000","properties":{"id":"1960192515811841544500000000","pnu":"1221010900102960016","year":1960,"purpose":"숙박시설"},"geometry":{"type":"MultiPolygon","coordinates":[[[[126.918697,35.156565],[126.91873,35.156534],[126.91864,35.156456],[126.918606,35.156484],[126.918697,35.156565]]]]}},{"type":"Feature","id":"1961191635791835011400000000","properties":{"id":"1961191635791835011400000000","pnu":"1221010400100220005","purpose":"단독주택","floors":1,"structure":"일반목구조"},"geometry":{"type":"MultiPolygon","coordinates":[[[[126.908989,35.15068],[126.90909,35.150576],[126.909052,35.150549],[126.908943,35.150646],[126.908989,35.15068]]]]}},{"type":"Feature","id":"1961191641571835055800000000","properties":{"id":"1961191641571835055800000000","pnu":"1221010400100220005","purpose":"단독주택","floors":1,"structure":"일반목구조"},"geometry":{"type":"MultiPolygon","coordinates":[[[[126.909048,35.150733],[126.909162,35.150613],[126.909113,35.150578],[126.908999,35.150692],[126.909048,35.150733]]]]}},{"type":"Feature","id":"1961191665771836541800000000","properties":{"id":"1961191665771836541800000000","pnu":"1221010400100040023","purpose":"제2종 근린생활시설"},"geometry":{"type":"MultiPolygon","coordinates":[[[[126.909263,35.151996],[126.909336,35.152048],[126.90942,35.151979],[126.909383,35.151942],[126.909327,35.151981],[126.909303,35.151965],[126.909263,35.151996]]]]}},{"type":"Feature","id":"1961191797931836690000000000","properties":{"id":"1961191797931836690000000000","pnu":"1221010300100130013","purpose":"기타","floors":1,"structure":"일반목구조"},"geometry":{"type":"MultiPolygon","coordinates":[[[[126.910794,35.152133],[126.910795,35.152133],[126.910796,35.152133],[126.910797,35.152133],[126.910798,35.152132],[126.910799,35.152132],[126.910799,35.152131],[126.9108,35.15213],[126.9108,35.15213],[126.9108,35.152129],[126.9108,35.152128],[126.9108,35.152127],[126.910799,35.152127],[126.910799,35.152126],[126.910798,35.152125],[126.910797,35.152125],[126.910796,35.152125],[126.910795,35.152124],[126.910794,35.152124],[126.910793,35.152124],[126.910793,35.152125],[126.910792,35.152125],[126.910791,35.152125],[126.91079,35.152126],[126.91079,35.152127],[126.910789,35.152127],[126.910789,35.152128],[126.910789,35.152129],[126.910789,35.15213],[126.910789,35.15213],[126.91079,35.152131],[126.91079,35.152132],[126.910791,35.152132],[126.910792,35.152133],[126.910793,35.152133],[126.910793,35.152133],[126.910794,35.152133]]]]}},{"type":"Feature","id":"1961191799001834948100000000","properties":{"id":"1961191799001834948100000000","pnu":"1221010400100460000","year":1961,"purpose":"단독주택"},"geometry":{"type":"MultiPolygon","coordinates":[[[[126.910826,35.150611],[126.910876,35.150565],[126.910791,35.150506],[126.91074,35.150554],[126.910826,35.150611]]]]}},{"type":"Feature","id":"1961191801161834877000000000","properties":{"id":"1961191801161834877000000000","pnu":"1221010400100460000","year":1961,"purpose":"단독주택"},"geometry":{"type":"MultiPolygon","coordinates":[[[[126.910832,35.150499],[126.910833,35.150499],[126.910834,35.150499],[126.910834,35.150499],[126.910835,35.150498],[126.910836,35.150498],[126.910836,35.150497],[126.910837,35.150496],[126.910837,35.150496],[126.910837,35.150495],[126.910837,35.150494],[126.910837,35.150493],[126.910836,35.150493],[126.910836,35.150492],[126.910835,35.150491],[126.910834,35.150491],[126.910834,35.150491],[126.910833,35.15049],[126.910832,35.15049],[126.910831,35.15049],[126.91083,35.150491],[126.910829,35.150491],[126.910828,35.150491],[126.910827,35.150492],[126.910827,35.150493],[126.910827,35.150493],[126.910826,35.150494],[126.910826,35.150495],[126.910826,35.150496],[126.910827,35.150496],[126.910827,35.150497],[126.910827,35.150498],[126.910828,35.150498],[126.910829,35.150499],[126.91083,35.150499],[126.910831,35.150499],[126.910832,35.150499]]]]}},{"type":"Feature","id":"1961191813841836601600000000","properties":{"id":"1961191813841836601600000000","pnu":"1221010300100150003","purpose":"기타","structure":"일반목구조"},"geometry":{"type":"MultiPolygon","coordinates":[[[[126.91097,35.152086],[126.911011,35.152062],[126.91097,35.152013],[126.910927,35.152036],[126.91097,35.152086]]]]}},{"type":"Feature","id":"1961191816561836652300000000","properties":{"id":"1961191816561836652300000000","pnu":"1221010300100150003","purpose":"기타","floors":1,"structure":"일반목구조"},"geometry":{"type":"MultiPolygon","coordinates":[[[[126.910979,35.152133],[126.911044,35.152082],[126.911018,35.152058],[126.910955,35.152107],[126.910979,35.152133]]]]}},{"type":"Feature","id":"1961191819341836542200000000","properties":{"id":"1961191819341836542200000000","pnu":"1221010300100150006","purpose":"제1종 근린생활시설","floors":1,"structure":"일반목구조"},"geometry":{"type":"MultiPolygon","coordinates":[[[[126.911068,35.152067],[126.911104,35.152045],[126.910985,35.151923],[126.910955,35.151942],[126.911068,35.152067]]]]}},{"type":"Feature","id":"1961191865971834062700000000","properties":{"id":"1961191865971834062700000000","pnu":"1221010400100550003","purpose":"단독주택","floors":1,"structure":"일반목구조"},"geometry":{"type":"MultiPolygon","coordinates":[[[[126.911542,35.149813],[126.911602,35.149752],[126.911549,35.149712],[126.911483,35.149766],[126.911542,35.149813]]]]}},{"type":"Feature","id":"1961191915941834531600000000","properties":{"id":"1961191915941834531600000000","pnu":"1221010300100740011","purpose":"단독주택","floors":2,"structure":"벽돌구조"},"geometry":{"type":"MultiPolygon","coordinates":[[[[126.912121,35.150246],[126.912169,35.150191],[126.912063,35.150124],[126.912012,35.150176],[126.912121,35.150246]]]]}},{"type":"Feature","id":"1961191921521834453300000000","properties":{"id":"1961191921521834453300000000","pnu":"1221010300100740011","purpose":"단독주택","floors":2,"structure":"벽돌구조"},"geometry":{"type":"MultiPolygon","coordinates":[[[[126.91218,35.150167],[126.912218,35.15012],[126.912126,35.150064],[126.912086,35.150102],[126.91218,35.150167]]]]}},{"type":"Feature","id":"1961191973261835288400000000","properties":{"id":"1961191973261835288400000000","pnu":"1221010300100330002","purpose":"제1종 근린생활시설","floors":5,"structure":"철근콘크리트구조"},"geometry":{"type":"MultiPolygon","coordinates":[[[[126.91272,35.150872],[126.912721,35.150871],[126.912722,35.150871],[126.912723,35.150871],[126.912724,35.15087],[126.912724,35.15087],[126.912725,35.150869],[126.912725,35.150869],[126.912725,35.150868],[126.912725,35.150867],[126.912725,35.150866],[126.912725,35.150865],[126.912725,35.150865],[126.912724,35.150864],[126.912724,35.150864],[126.912723,35.150863],[126.912722,35.150863],[126.912721,35.150863],[126.91272,35.150862],[126.912719,35.150863],[126.912718,35.150863],[126.912717,35.150863],[126.912716,35.150864],[126.912716,35.150864],[126.912715,35.150865],[126.912715,35.150865],[126.912715,35.150866],[126.912715,35.150867],[126.912715,35.150868],[126.912715,35.150869],[126.912715,35.150869],[126.912716,35.15087],[126.912716,35.15087],[126.912717,35.150871],[126.912718,35.150871],[126.912719,35.150871],[126.91272,35.150872]]]]}},{"type":"Feature","id":"1961191979501837772500000000","properties":{"id":"1961191979501837772500000000","pnu":"1221010200100770006","purpose":"기타"},"geometry":{"type":"MultiPolygon","coordinates":[[[[126.912798,35.153155],[126.912825,35.153078],[126.912789,35.153052],[126.912769,35.153064],[126.912748,35.153149],[126.912798,35.153155]]]]}},{"type":"Feature","id":"1961191983431837866100000000","properties":{"id":"1961191983431837866100000000","pnu":"1221010200100770006","purpose":"기타"},"geometry":{"type":"MultiPolygon","coordinates":[[[[126.912887,35.153218],[126.912893,35.153175],[126.912771,35.153162],[126.912768,35.153208],[126.912887,35.153218]]]]}},{"type":"Feature","id":"1961191986201837797300000000","properties":{"id":"1961191986201837797300000000","pnu":"1221010200100770006","purpose":"기타"},"geometry":{"type":"MultiPolygon","coordinates":[[[[126.91287,35.15316],[126.9129,35.153134],[126.912848,35.153095],[126.91282,35.153126],[126.91287,35.15316]]]]}},{"type":"Feature","id":"1961191991621837909300000000","properties":{"id":"1961191991621837909300000000","pnu":"1221010200100770006","purpose":"숙박시설"},"geometry":{"type":"MultiPolygon","coordinates":[[[[126.912989,35.153185],[126.912948,35.153155],[126.912852,35.153272],[126.912883,35.153308],[126.912989,35.153185]]]]}},{"type":"Feature","id":"1961191992461834697200000000","properties":{"id":"1961191992461834697200000000","pnu":"1221010300100490000","purpose":"기타"},"geometry":{"type":"MultiPolygon","coordinates":[[[[126.912977,35.150483],[126.913027,35.150443],[126.913053,35.150409],[126.913064,35.150382],[126.913067,35.150347],[126.913065,35.150315],[126.913052,35.150279],[126.913031,35.150255],[126.912932,35.150185],[126.912761,35.15033],[126.912749,35.150358],[126.912815,35.150408],[126.912833,35.150405],[126.912856,35.150386],[126.912977,35.150483]]]]}},{"type":"Feature","id":"1961191999161835036700000000","properties":{"id":"1961191999161835036700000000","pnu":"1221010300100460003","purpose":"제2종 근린생활시설","floors":3,"structure":"철근콘크리트구조"},"geometry":{"type":"MultiPolygon","coordinates":[[[[126.913018,35.150696],[126.913067,35.150656],[126.912992,35.150584],[126.912941,35.150626],[126.913018,35.150696]]]]}},{"type":"Feature","id":"1961192069491842055800000000","properties":{"id":"1961192069491842055800000000","pnu":"1221010900102700007","year":1984,"purpose":"제2종 근린생활시설","floors":3,"structure":"철근콘크리트구조","source":"registry"},"geometry":{"type":"MultiPolygon","coordinates":[[[[126.913758,35.157019],[126.913815,35.157005],[126.913777,35.156915],[126.913727,35.156928],[126.913758,35.157019]]]]}},{"type":"Feature","id":"1961192083861838426500000000","properties":{"id":"1961192083861838426500000000","pnu":"1221010100100270009","year":1961,"purpose":"제2종 근린생활시설"},"geometry":{"type":"MultiPolygon","coordinates":[[[[126.913924,35.153749],[126.914024,35.153698],[126.913956,35.15365],[126.913937,35.153674],[126.913891,35.153649],[126.913845,35.153692],[126.913924,35.153749]]]]}},{"type":"Feature","id":"1961192095261838340800000000","properties":{"id":"1961192095261838340800000000","pnu":"1221010100100270009","year":1961,"purpose":"기타"},"geometry":{"type":"MultiPolygon","coordinates":[[[[126.913956,35.15364],[126.914032,35.153702],[126.914156,35.153599],[126.914079,35.153537],[126.913956,35.15364]]]]}},{"type":"Feature","id":"1961192102871837975000000000","properties":{"id":"1961192102871837975000000000","pnu":"1221010100100250006","year":1961,"purpose":"제1종 근린생활시설"},"geometry":{"type":"MultiPolygon","coordinates":[[[[126.91414,35.153294],[126.914141,35.153294],[126.914142,35.153294],[126.914143,35.153293],[126.914143,35.153293],[126.914144,35.153292],[126.914145,35.153292],[126.914145,35.153291],[126.914145,35.15329],[126.914145,35.15329],[126.914145,35.153289],[126.914145,35.153288],[126.914145,35.153287],[126.914144,35.153287],[126.914143,35.153286],[126.914143,35.153286],[126.914142,35.153285],[126.914141,35.153285],[126.91414,35.153285],[126.914139,35.153285],[126.914138,35.153285],[126.914137,35.153286],[126.914136,35.153286],[126.914136,35.153287],[126.914135,35.153287],[126.914135,35.153288],[126.914134,35.153289],[126.914134,35.15329],[126.914134,35.15329],[126.914135,35.153291],[126.914135,35.153292],[126.914136,35.153292],[126.914136,35.153293],[126.914137,35.153293],[126.914138,35.153294],[126.914139,35.153294],[126.91414,35.153294]]]]}},{"type":"Feature","id":"1961192216931832911900000000","properties":{"id":"1961192216931832911900000000","pnu":"1221012900100210012","purpose":"단독주택","floors":1,"structure":"일반목구조"},"geometry":{"type":"MultiPolygon","coordinates":[[[[126.915399,35.148797],[126.915478,35.148728],[126.915393,35.148657],[126.915315,35.148723],[126.915399,35.148797]]]]}},{"type":"Feature","id":"1961192232731836486400000000","properties":{"id":"1961192232731836486400000000","pnu":"1221010100101460000","year":1961,"purpose":"단독주택"},"geometry":{"type":"MultiPolygon","coordinates":[[[[126.91557,35.151991],[126.915618,35.151956],[126.915563,35.151906],[126.915514,35.151943],[126.91557,35.151991]]]]}},{"type":"Feature","id":"1961192240211836600300000000","properties":{"id":"1961192240211836600300000000","pnu":"1221010100101460000","purpose":"단독주택"},"geometry":{"type":"MultiPolygon","coordinates":[[[[126.91567,35.152111],[126.915721,35.152065],[126.915626,35.151992],[126.915576,35.152037],[126.91567,35.152111]]]]}},{"type":"Feature","id":"1961192305511837468900000000","properties":{"id":"1961192305511837468900000000","pnu":"1221010100101800003","purpose":"제2종 근린생활시설"},"geometry":{"type":"MultiPolygon","coordinates":[[[[126.916396,35.152896],[126.916438,35.152853],[126.916331,35.152776],[126.916288,35.152812],[126.916396,35.152896]]]]}},{"type":"Feature","id":"1961192320071843166600000000","properties":{"id":"1961192320071843166600000000","pnu":"1221010900105880012","purpose":"단독주택","floors":1,"structure":"일반목구조"},"geometry":{"type":"MultiPolygon","coordinates":[[[[126.916495,35.158013],[126.916572,35.15796],[126.916541,35.157928],[126.916465,35.157983],[126.916495,35.158013]]]]}},{"type":"Feature","id":"1961192325651837523200000000","properties":{"id":"1961192325651837523200000000","pnu":"1221010100101800002","purpose":"제1종 근린생활시설"},"geometry":{"type":"MultiPolygon","coordinates":[[[[126.916433,35.152935],[126.91648,35.15298],[126.916498,35.152976],[126.916739,35.152827],[126.916698,35.152783],[126.916433,35.152935]]]]}},{"type":"Feature","id":"1961192411711836687400000000","properties":{"id":"1961192411711836687400000000","pnu":"1221010100101830001","year":1961,"purpose":"제1종 근린생활시설"},"geometry":{"type":"MultiPolygon","coordinates":[[[[126.917605,35.15225],[126.917626,35.152144],[126.917469,35.152025],[126.917412,35.152079],[126.917473,35.152128],[126.917465,35.152142],[126.917535,35.152187],[126.91753,35.152198],[126.917605,35.15225]]]]}},{"type":"Feature","id":"1961192432151842902500000000","properties":{"id":"1961192432151842902500000000","pnu":"1221010900104880012","purpose":"단독주택","floors":1,"structure":"벽돌구조"},"geometry":{"type":"MultiPolygon","coordinates":[[[[126.91776,35.157781],[126.9178,35.15775],[126.91776,35.157713],[126.917765,35.157705],[126.917744,35.157686],[126.917697,35.157719],[126.91776,35.157781]]]]}},{"type":"Feature","id":"1961192433261839518600000000","properties":{"id":"1961192433261839518600000000","pnu":"1221010900104340000","purpose":"기타","structure":"일반목구조"},"geometry":{"type":"MultiPolygon","coordinates":[[[[126.917795,35.154707],[126.917804,35.154693],[126.917736,35.15466],[126.917726,35.154677],[126.917795,35.154707]]]]}},{"type":"Feature","id":"1961192434681839584200000000","properties":{"id":"1961192434681839584200000000","pnu":"1221010900104340000","purpose":"단독주택","floors":1,"structure":"일반목구조"},"geometry":{"type":"MultiPolygon","coordinates":[[[[126.917829,35.154783],[126.917848,35.154744],[126.917731,35.154703],[126.917711,35.15474],[126.917829,35.154783]]]]}},{"type":"Feature","id":"1961192440361840113400000000","properties":{"id":"1961192440361840113400000000","pnu":"1221010900104570000","year":1961,"purpose":"단독주택"},"geometry":{"type":"MultiPolygon","coordinates":[[[[126.917891,35.155172],[126.91784,35.155157],[126.917794,35.15527],[126.917841,35.155282],[126.917891,35.155172]]]]}},{"type":"Feature","id":"1961192447171843119400000000","properties":{"id":"1961192447171843119400000000","pnu":"1221010900104870024","year":1961,"purpose":"단독주택"},"geometry":{"type":"MultiPolygon","coordinates":[[[[126.917936,35.157979],[126.917971,35.157945],[126.917889,35.157881],[126.917856,35.15791],[126.917936,35.157979]]]]}},{"type":"Feature","id":"1961192447281840114400000000","properties":{"id":"1961192447281840114400000000","pnu":"1221010900104570000","year":1961,"purpose":"단독주택"},"geometry":{"type":"MultiPolygon","coordinates":[[[[126.917961,35.15519],[126.917929,35.155176],[126.917875,35.155251],[126.917906,35.155265],[126.917961,35.15519]]]]}},{"type":"Feature","id":"1961192448951839827100000000","properties":{"id":"1961192448951839827100000000","pnu":"1221010900104540001","purpose":"단독주택","floors":1,"structure":"일반목구조"},"geometry":{"type":"MultiPolygon","coordinates":[[[[126.917946,35.155008],[126.917971,35.15498],[126.917948,35.154968],[126.917974,35.154928],[126.917942,35.154912],[126.91789,35.154976],[126.917946,35.155008]]]]}},{"type":"Feature","id":"1961192451041843039500000000","properties":{"id":"1961192451041843039500000000","pnu":"1221010900104870024","year":1961,"purpose":"단독주택"},"geometry":{"type":"MultiPolygon","coordinates":[[[[126.917996,35.157858],[126.917973,35.157829],[126.917916,35.157859],[126.917936,35.157884],[126.917963,35.15787],[126.917967,35.157874],[126.917996,35.157858]]]]}},{"type":"Feature","id":"1961192456561843083600000000","properties":{"id":"1961192456561843083600000000","pnu":"1221010900104870024","year":1961,"purpose":"단독주택"},"geometry":{"type":"MultiPolygon","coordinates":[[[[126.918018,35.157927],[126.918052,35.157903],[126.918016,35.157867],[126.917981,35.157891],[126.918018,35.157927]]]]}},{"type":"Feature","id":"1961192456801833573600000000","properties":{"id":"1961192456801833573600000000","pnu":"1221010600100490000","purpose":"제1종 근린생활시설"},"geometry":{"type":"MultiPolygon","coordinates":[[[[126.917933,35.149312],[126.918038,35.149402],[126.918121,35.149332],[126.918021,35.149251],[126.917933,35.149312]]]]}},{"type":"Feature","id":"1961192523641837755400000000","properties":{"id":"1961192523641837755400000000","pnu":"1221010100101980025","purpose":"제1종 근린생활시설","far":84.38,"floors":1,"structure":"일반목구조"},"geometry":{"type":"MultiPolygon","coordinates":[[[[126.918781,35.153131],[126.9188,35.153116],[126.918735,35.153059],[126.918715,35.153072],[126.918781,35.153131]]]]}},{"type":"Feature","id":"1962191738271836272800000000","properties":{"id":"1962191738271836272800000000","pnu":"1221010300100950004","purpose":"제2종 근린생활시설","far":52.94,"floors":1,"structure":"일반목구조"},"geometry":{"type":"MultiPolygon","coordinates":[[[[126.910113,35.151811],[126.91021,35.151729],[126.910171,35.151696],[126.910071,35.151769],[126.910113,35.151811]]]]}},{"type":"Feature","id":"1962191769471836352300000000","properties":{"id":"1962191769471836352300000000","pnu":"1221010300100930002","purpose":"단독주택","floors":1,"structure":"일반목구조"},"geometry":{"type":"MultiPolygon","coordinates":[[[[126.91048,35.151889],[126.910562,35.151815],[126.910487,35.151759],[126.910402,35.151835],[126.91048,35.151889]]]]}},{"type":"Feature","id":"1962191822311839163800000000","properties":{"id":"1962191822311839163800000000","pnu":"1221010200100050001","purpose":"제1종 근린생활시설","far":74.21,"floors":1,"structure":"일반목구조"},"geometry":{"type":"MultiPolygon","coordinates":[[[[126.911081,35.154408],[126.911118,35.154377],[126.911037,35.154309],[126.911001,35.154341],[126.911081,35.154408]]]]}},{"type":"Feature","id":"1962191827671837212400000000","properties":{"id":"1962191827671837212400000000","pnu":"1221010200100610010","purpose":"제1종 근린생활시설","far":152.27,"floors":2,"structure":"벽돌구조"},"geometry":{"type":"MultiPolygon","coordinates":[[[[126.911034,35.15259],[126.911119,35.152666],[126.911203,35.15261],[126.911129,35.152535],[126.911034,35.15259]]]]}},{"type":"Feature","id":"1962191830841837100600000000","properties":{"id":"1962191830841837100600000000","pnu":"1221010200100610010","purpose":"제1종 근린생활시설","far":4.5364891,"structure":"벽돌구조"},"geometry":{"type":"MultiPolygon","coordinates":[[[[126.911156,35.152517],[126.911176,35.152503],[126.911155,35.152482],[126.911134,35.152496],[126.911156,35.152517]]]]}},{"type":"Feature","id":"1962191840661835746700000000","properties":{"id":"1962191840661835746700000000","pnu":"1221010300100800014","purpose":"단독주택","floors":1,"structure":"일반목구조"},"geometry":{"type":"MultiPolygon","coordinates":[[[[126.911264,35.151283],[126.911265,35.151283],[126.911266,35.151283],[126.911267,35.151283],[126.911268,35.151282],[126.911268,35.151282],[126.911269,35.151281],[126.911269,35.151281],[126.91127,35.15128],[126.91127,35.151279],[126.91127,35.151278],[126.911269,35.151277],[126.911269,35.151277],[126.911268,35.151276],[126.911268,35.151276],[126.911267,35.151275],[126.911266,35.151275],[126.911265,35.151275],[126.911264,35.151274],[126.911263,35.151275],[126.911262,35.151275],[126.911262,35.151275],[126.911261,35.151276],[126.91126,35.151276],[126.91126,35.151277],[126.911259,35.151277],[126.911259,35.151278],[126.911259,35.151279],[126.911259,35.15128],[126.911259,35.151281],[126.911259,35.151281],[126.91126,35.151282],[126.911261,35.151282],[126.911262,35.151283],[126.911262,35.151283],[126.911263,35.151283],[126.911264,35.151283]]]]}},{"type":"Feature","id":"1962191882001834360000000000","properties":{"id":"1962191882001834360000000000","pnu":"1221010300100740012","purpose":"단독주택"},"geometry":{"type":"MultiPolygon","coordinates":[[[[126.91168,35.150001],[126.911665,35.150033],[126.911757,35.150065],[126.911774,35.150028],[126.911705,35.150001],[126.911684,35.149992],[126.91168,35.150001]]]]}},{"type":"Feature","id":"1962191885291834305500000000","properties":{"id":"1962191885291834305500000000","pnu":"1221010300100740012","purpose":"단독주택"},"geometry":{"type":"MultiPolygon","coordinates":[[[[126.911751,35.150001],[126.911789,35.150017],[126.911798,35.150001],[126.911808,35.149982],[126.911726,35.149943],[126.911701,35.14998],[126.911751,35.150001]]]]}},{"type":"Feature","id":"1962191897711834259400000000","properties":{"id":"1962191897711834259400000000","pnu":"1221010300100740004","purpose":"단독주택","floors":1,"structure":"일반목구조"},"geometry":{"type":"MultiPolygon","coordinates":[[[[126.911912,35.149995],[126.911937,35.149947],[126.911903,35.149936],[126.911922,35.149886],[126.911891,35.149873],[126.911844,35.149962],[126.911912,35.149995]]]]}},{"type":"Feature","id":"1962191989721835293900000000","properties":{"id":"1962191989721835293900000000","pnu":"1221010300100340000","purpose":"제1종 근린생활시설","floors":2,"structure":"일반목구조"},"geometry":{"type":"MultiPolygon","coordinates":[[[[126.912928,35.150915],[126.912943,35.150848],[126.912874,35.150831],[126.912857,35.150894],[126.912928,35.150915]]]]}},{"type":"Feature","id":"1962191994821835046500000000","properties":{"id":"1962191994821835046500000000","pnu":"1221010300100460002","purpose":"제1종 근린생활시설","floors":1,"structure":"일반목구조"},"geometry":{"type":"MultiPolygon","coordinates":[[[[126.912957,35.150654],[126.912958,35.150654],[126.912959,35.150653],[126.91296,35.150653],[126.91296,35.150653],[126.912961,35.150652],[126.912962,35.150651],[126.912962,35.150651],[126.912962,35.15065],[126.912962,35.150649],[126.912962,35.150648],[126.912962,35.150648],[126.912962,35.150647],[126.912961,35.150646],[126.91296,35.150646],[126.91296,35.150645],[126.912959,35.150645],[126.912958,35.150645],[126.912957,35.150645],[126.912956,35.150645],[126.912955,35.150645],[126.912954,35.150645],[126.912953,35.150646],[126.912953,35.150646],[126.912952,35.150647],[126.912952,35.150648],[126.912951,35.150648],[126.912951,35.150649],[126.912951,35.15065],[126.912952,35.150651],[126.912952,35.150651],[126.912953,35.150652],[126.912953,35.150653],[126.912954,35.150653],[126.912955,35.150653],[126.912956,35.150654],[126.912957,35.150654]]]]}},{"type":"Feature","id":"1962192008381837014000000000","properties":{"id":"1962192008381837014000000000","pnu":"1221010200100940004","purpose":"제1종 근린생활시설","floors":2,"structure":"일반목구조"},"geometry":{"type":"MultiPolygon","coordinates":[[[[126.913104,35.152427],[126.913105,35.152427],[126.913106,35.152427],[126.913106,35.152427],[126.913107,35.152426],[126.913108,35.152426],[126.913108,35.152425],[126.913109,35.152424],[126.913109,35.152423],[126.913109,35.152423],[126.913109,35.152422],[126.913109,35.152421],[126.913108,35.15242],[126.913108,35.15242],[126.913107,35.152419],[126.913106,35.152419],[126.913106,35.152418],[126.913105,35.152418],[126.913104,35.152418],[126.913103,35.152418],[126.913102,35.152418],[126.913101,35.152419],[126.9131,35.152419],[126.9131,35.15242],[126.913099,35.15242],[126.913099,35.152421],[126.913098,35.152422],[126.913098,35.152423],[126.913098,35.152423],[126.913099,35.152424],[126.913099,35.152425],[126.9131,35.152426],[126.9131,35.152426],[126.913101,35.152427],[126.913102,35.152427],[126.913103,35.152427],[126.913104,35.152427]]]]}},{"type":"Feature","id":"1962192086681842539100000000","properties":{"id":"1962192086681842539100000000","pnu":"1221010900102700015","purpose":"제1종 근린생활시설","floors":1,"structure":"일반목구조","source":"registry"},"geometry":{"type":"MultiPolygon","coordinates":[[[[126.913943,35.157476],[126.914013,35.157457],[126.91397,35.157325],[126.913939,35.157331],[126.913921,35.157346],[126.913911,35.157376],[126.913918,35.157416],[126.913943,35.157476]]]]}},{"type":"Feature","id":"1962192090441842675200000000","properties":{"id":"1962192090441842675200000000","pnu":"1221010900102700011","purpose":"제2종 근린생활시설","floors":1,"structure":"일반목구조","source":"registry"},"geometry":{"type":"MultiPolygon","coordinates":[[[[126.913981,35.157576],[126.914046,35.157556],[126.914018,35.157477],[126.913951,35.157496],[126.913981,35.157576]]]]}},{"type":"Feature","id":"1962192103941839172100000000","properties":{"id":"1962192103941839172100000000","pnu":"1221010100100210000","purpose":"제2종 근린생활시설","floors":2,"structure":"일반목구조"},"geometry":{"type":"MultiPolygon","coordinates":[[[[126.914152,35.154439],[126.914234,35.154393],[126.914249,35.154369],[126.914101,35.154298],[126.914062,35.154361],[126.914116,35.154401],[126.914152,35.154439]]]]}},{"type":"Feature","id":"1962192247261836369800000000","properties":{"id":"1962192247261836369800000000","pnu":"1221010100101280001","year":1962,"purpose":"제1종 근린생활시설"},"geometry":{"type":"MultiPolygon","coordinates":[[[[126.915707,35.151904],[126.915799,35.151828],[126.915749,35.151786],[126.915653,35.151854],[126.915707,35.151904]]]]}},{"type":"Feature","id":"1962192275391837774400000000","properties":{"id":"1962192275391837774400000000","pnu":"1221010100100490005","purpose":"기타","structure":"일반목구조"},"geometry":{"type":"MultiPolygon","coordinates":[[[[126.916009,35.153191],[126.91612,35.153067],[126.916061,35.15303],[126.915947,35.153148],[126.916009,35.153191]]]]}},{"type":"Feature","id":"1962192284171837823100000000","properties":{"id":"1962192284171837823100000000","pnu":"1221010100100490005","purpose":"제2종 근린생활시설","floors":4,"structure":"철근콘크리트구조"},"geometry":{"type":"MultiPolygon","coordinates":[[[[126.916117,35.153219],[126.916215,35.153151],[126.916208,35.153133],[126.916145,35.153089],[126.916036,35.153163],[126.916117,35.153219]]]]}},{"type":"Feature","id":"1962192288551836257500000000","properties":{"id":"1962192288551836257500000000","pnu":"1221010100101430000","purpose":"기타","structure":"일반목구조"},"geometry":{"type":"MultiPolygon","coordinates":[[[[126.916199,35.151817],[126.916263,35.151775],[126.916159,35.151669],[126.916096,35.151711],[126.916199,35.151817]]]]}},{"type":"Feature","id":"1962192313711838107300000000","properties":{"id":"1962192313711838107300000000","pnu":"1221010100103130010","purpose":"기타","structure":"일반목구조"},"geometry":{"type":"MultiPolygon","coordinates":[[[[126.916418,35.153451],[126.916507,35.153394],[126.916488,35.15337],[126.9164,35.153427],[126.916418,35.153451]]]]}},{"type":"Feature","id":"1962192321341838138800000000","properties":{"id":"1962192321341838138800000000","pnu":"1221010100103130010","year":1962,"purpose":"제2종 근린생활시설"},"geometry":{"type":"MultiPolygon","coordinates":[[[[126.916432,35.153466],[126.916485,35.153524],[126.916548,35.153485],[126.916534,35.15347],[126.916649,35.153398],[126.916609,35.153355],[126.916432,35.153466]]]]}},{"type":"Feature","id":"1962192322041838234700000000","properties":{"id":"1962192322041838234700000000","pnu":"1221010100103130010","year":1962,"purpose":"제2종 근린생활시설"},"geometry":{"type":"MultiPolygon","coordinates":[[[[126.916507,35.153581],[126.916619,35.153507],[126.916584,35.153471],[126.916472,35.153542],[126.916507,35.153581]]]]}},{"type":"Feature","id":"1962192332471837014100000000","properties":{"id":"1962192332471837014100000000","pnu":"1221010100101730000","year":1962,"purpose":"단독주택"},"geometry":{"type":"MultiPolygon","coordinates":[[[[126.916681,35.152491],[126.916739,35.152445],[126.91664,35.152359],[126.916582,35.152405],[126.916681,35.152491]]]]}},{"type":"Feature","id":"1962192351641835559100000000","properties":{"id":"1962192351641835559100000000","pnu":"1221010600100690003","purpose":"제1종 근린생활시설","floors":1,"structure":"일반목구조"},"geometry":{"type":"MultiPolygon","coordinates":[[[[126.916922,35.151239],[126.917031,35.151148],[126.916807,35.150989],[126.916718,35.151073],[126.916922,35.151239]]]]}},{"type":"Feature","id":"1962192354071840118200000000","properties":{"id":"1962192354071840118200000000","pnu":"1221010900104710031","purpose":"단독주택","floors":1,"structure":"일반목구조"},"geometry":{"type":"MultiPolygon","coordinates":[[[[126.916882,35.155262],[126.916935,35.155204],[126.916909,35.155184],[126.916853,35.155244],[126.916882,35.155262]]]]}},{"type":"Feature","id":"1962192372611839991200000000","properties":{"id":"1962192372611839991200000000","pnu":"1221010900104670020","year":1962,"purpose":"단독주택","floors":2,"structure":"벽돌구조"},"geometry":{"type":"MultiPolygon","coordinates":[[[[126.917072,35.155155],[126.917156,35.155136],[126.91714,35.155085],[126.917119,35.155088],[126.917109,35.155062],[126.917043,35.155077],[126.917072,35.155155]]]]}},{"type":"Feature","id":"1962192378931842162100000000","properties":{"id":"1962192378931842162100000000","pnu":"1221010900104840019","purpose":"제1종 근린생활시설"},"geometry":{"type":"MultiPolygon","coordinates":[[[[126.917172,35.157104],[126.917213,35.157077],[126.917157,35.157026],[126.917119,35.157056],[126.917172,35.157104]]]]}},{"type":"Feature","id":"1962192385461842085500000000","properties":{"id":"1962192385461842085500000000","pnu":"1221010900104820006","year":1962,"purpose":"제1종 근린생활시설"},"geometry":{"type":"MultiPolygon","coordinates":[[[[126.917238,35.157058],[126.917308,35.157001],[126.917237,35.156937],[126.917166,35.156989],[126.917238,35.157058]]]]}},{"type":"Feature","id":"1962192399731842638600000000","properties":{"id":"1962192399731842638600000000","pnu":"1221010900104890029","purpose":"단독주택"},"geometry":{"type":"MultiPolygon","coordinates":[[[[126.917365,35.157549],[126.91746,35.157472],[126.917425,35.157443],[126.917327,35.157515],[126.917365,35.157549]]]]}},{"type":"Feature","id":"1962192419891839584700000000","properties":{"id":"1962192419891839584700000000","pnu":"1221010900104350000","purpose":"기타","structure":"일반목구조"},"geometry":{"type":"MultiPolygon","coordinates":[[[[126.917641,35.154767],[126.917649,35.15474],[126.917596,35.154719],[126.917586,35.154747],[126.917641,35.154767]]]]}},{"type":"Feature","id":"1962192421571839651900000000","properties":{"id":"1962192421571839651900000000","pnu":"1221010900104350000","purpose":"단독주택","floors":1,"structure":"일반목구조"},"geometry":{"type":"MultiPolygon","coordinates":[[[[126.917695,35.154774],[126.917654,35.154762],[126.917645,35.154783],[126.917597,35.15477],[126.917575,35.15482],[126.917659,35.154848],[126.917695,35.154774]]]]}},{"type":"Feature","id":"1962192424331840894000000000","properties":{"id":"1962192424331840894000000000","pnu":"1221010900104650009","purpose":"단독주택","floors":1,"structure":"일반목구조"},"geometry":{"type":"MultiPolygon","coordinates":[[[[126.917698,35.155968],[126.917724,35.155942],[126.917632,35.155879],[126.917605,35.155902],[126.917698,35.155968]]]]}},{"type":"Feature","id":"1962192430981840890000000000","properties":{"id":"1962192430981840890000000000","pnu":"1221010900104650009","purpose":"기타","structure":"일반목구조"},"geometry":{"type":"MultiPolygon","coordinates":[[[[126.917738,35.155924],[126.917739,35.155924],[126.91774,35.155924],[126.917741,35.155924],[126.917742,35.155923],[126.917742,35.155923],[126.917743,35.155922],[126.917743,35.155921],[126.917743,35.15592],[126.917744,35.15592],[126.917743,35.155919],[126.917743,35.155918],[126.917743,35.155917],[126.917742,35.155917],[126.917742,35.155916],[126.917741,35.155916],[126.91774,35.155915],[126.917739,35.155915],[126.917738,35.155915],[126.917737,35.155915],[126.917736,35.155915],[126.917735,35.155916],[126.917734,35.155916],[126.917734,35.155917],[126.917733,35.155917],[126.917733,35.155918],[126.917733,35.155919],[126.917733,35.15592],[126.917733,35.15592],[126.917733,35.155921],[126.917733,35.155922],[126.917734,35.155922],[126.917734,35.155923],[126.917735,35.155924],[126.917736,35.155924],[126.917737,35.155924],[126.917738,35.155924]]]]}},{"type":"Feature","id":"1962192435501840985100000000","properties":{"id":"1962192435501840985100000000","pnu":"1221010900104650006","purpose":"단독주택"},"geometry":{"type":"MultiPolygon","coordinates":[[[[126.91782,35.156064],[126.917861,35.156024],[126.917755,35.155948],[126.917713,35.155984],[126.91782,35.156064]]]]}},{"type":"Feature","id":"1962192435741839814800000000","properties":{"id":"1962192435741839814800000000","pnu":"1221010900104540002","purpose":"기타","structure":"일반목구조"},"geometry":{"type":"MultiPolygon","coordinates":[[[[126.917791,35.154955],[126.917792,35.154955],[126.917793,35.154955],[126.917794,35.154954],[126.917795,35.154954],[126.917795,35.154953],[126.917796,35.154953],[126.917796,35.154952],[126.917797,35.154951],[126.917797,35.154951],[126.917797,35.15495],[126.917796,35.154949],[126.917796,35.154948],[126.917795,35.154948],[126.917795,35.154947],[126.917794,35.154947],[126.917793,35.154946],[126.917792,35.154946],[126.917791,35.154946],[126.91779,35.154946],[126.917789,35.154946],[126.917788,35.154947],[126.917788,35.154947],[126.917787,35.154948],[126.917786,35.154948],[126.917786,35.154949],[126.917786,35.15495],[126.917786,35.154951],[126.917786,35.154951],[126.917786,35.154952],[126.917786,35.154953],[126.917787,35.154953],[126.917788,35.154954],[126.917788,35.154954],[126.917789,35.154955],[126.91779,35.154955],[126.917791,35.154955]]]]}},{"type":"Feature","id":"1962192436671840210900000000","properties":{"id":"1962192436671840210900000000","pnu":"1221010900104600003","purpose":"단독주택","floors":1,"structure":"벽돌구조"},"geometry":{"type":"MultiPolygon","coordinates":[[[[126.917802,35.155344],[126.91785,35.155311],[126.917831,35.155294],[126.917821,35.1553],[126.917793,35.155271],[126.917755,35.155296],[126.917802,35.155344]]]]}},{"type":"Feature","id":"1962192438921839484900000000","properties":{"id":"1962192438921839484900000000","pnu":"1221010900104330000","purpose":"단독주택","floors":1,"structure":"일반목구조"},"geometry":{"type":"MultiPolygon","coordinates":[[[[126.917862,35.154713],[126.917901,35.154665],[126.91784,35.154631],[126.917851,35.154617],[126.917803,35.154591],[126.917753,35.154652],[126.917862,35.154713]]]]}},{"type":"Feature","id":"1962192442001840980400000000","properties":{"id":"1962192442001840980400000000","pnu":"1221010900104650006","purpose":"기타"},"geometry":{"type":"MultiPolygon","coordinates":[[[[126.917859,35.156006],[126.91786,35.156006],[126.917861,35.156005],[126.917862,35.156005],[126.917862,35.156005],[126.917863,35.156004],[126.917864,35.156003],[126.917864,35.156003],[126.917864,35.156002],[126.917864,35.156001],[126.917864,35.156],[126.917864,35.156],[126.917864,35.155999],[126.917863,35.155998],[126.917862,35.155998],[126.917862,35.155997],[126.917861,35.155997],[126.91786,35.155997],[126.917859,35.155997],[126.917858,35.155997],[126.917857,35.155997],[126.917856,35.155997],[126.917855,35.155998],[126.917855,35.155998],[126.917854,35.155999],[126.917854,35.156],[126.917853,35.156],[126.917853,35.156001],[126.917853,35.156002],[126.917854,35.156003],[126.917854,35.156003],[126.917855,35.156004],[126.917855,35.156005],[126.917856,35.156005],[126.917857,35.156005],[126.917858,35.156006],[126.917859,35.156006]]]]}},{"type":"Feature","id":"1962192442821839792100000000","properties":{"id":"1962192442821839792100000000","pnu":"1221010900104540002","purpose":"기타","structure":"일반목구조"},"geometry":{"type":"MultiPolygon","coordinates":[[[[126.917919,35.154898],[126.917889,35.154879],[126.917818,35.154961],[126.917853,35.15498],[126.917919,35.154898]]]]}},{"type":"Feature","id":"1962192446591839495400000000","properties":{"id":"1962192446591839495400000000","pnu":"1221010900104330000","purpose":"기타","structure":"일반목구조"},"geometry":{"type":"MultiPolygon","coordinates":[[[[126.917911,35.154667],[126.917912,35.154667],[126.917912,35.154667],[126.917913,35.154667],[126.917914,35.154666],[126.917915,35.154666],[126.917915,35.154665],[126.917916,35.154664],[126.917916,35.154663],[126.917916,35.154663],[126.917916,35.154662],[126.917916,35.154661],[126.917915,35.15466],[126.917915,35.15466],[126.917914,35.154659],[126.917913,35.154659],[126.917912,35.154658],[126.917912,35.154658],[126.917911,35.154658],[126.91791,35.154658],[126.917909,35.154658],[126.917908,35.154659],[126.917907,35.154659],[126.917906,35.15466],[126.917906,35.15466],[126.917905,35.154661],[126.917905,35.154662],[126.917905,35.154663],[126.917905,35.154663],[126.917905,35.154664],[126.917906,35.154665],[126.917906,35.154666],[126.917907,35.154666],[126.917908,35.154667],[126.917909,35.154667],[126.91791,35.154667],[126.917911,35.154667]]]]}},{"type":"Feature","id":"1962192457701839423700000000","properties":{"id":"1962192457701839423700000000","pnu":"1221010900104460000","purpose":"기타","structure":"일반목구조"},"geometry":{"type":"MultiPolygon","coordinates":[[[[126.918075,35.15456],[126.918057,35.15455],[126.91799,35.154634],[126.91801,35.154645],[126.918075,35.15456]]]]}},{"type":"Feature","id":"1962192463461839444900000000","properties":{"id":"1962192463461839444900000000","pnu":"1221010900104460000","purpose":"단독주택","floors":1,"structure":"일반목구조"},"geometry":{"type":"MultiPolygon","coordinates":[[[[126.918145,35.15459],[126.918099,35.154568],[126.918046,35.154643],[126.918095,35.154667],[126.918145,35.15459]]]]}},{"type":"Feature","id":"1962192478351839767500000000","properties":{"id":"1962192478351839767500000000","pnu":"1221010900104600012","purpose":"단독주택","structure":"벽돌구조"},"geometry":{"type":"MultiPolygon","coordinates":[[[[126.918244,35.154908],[126.918265,35.15492],[126.918274,35.154909],[126.918253,35.154896],[126.918244,35.154908]]]]}},{"type":"Feature","id":"1962192478641839868300000000","properties":{"id":"1962192478641839868300000000","pnu":"1221010900104600012","purpose":"단독주택","far":84.81,"floors":1,"structure":"일반목구조"},"geometry":{"type":"MultiPolygon","coordinates":[[[[126.9182,35.154988],[126.918296,35.155043],[126.918324,35.15501],[126.918228,35.154955],[126.9182,35.154988]]]]}},{"type":"Feature","id":"1962192481171839814000000000","properties":{"id":"1962192481171839814000000000","pnu":"1221010900104600012","purpose":"제2종 근린생활시설","structure":"경량철골구조"},"geometry":{"type":"MultiPolygon","coordinates":[[[[126.918247,35.154955],[126.918296,35.154985],[126.918333,35.154945],[126.918284,35.154915],[126.918247,35.154955]]]]}},{"type":"Feature","id":"1962192485101840099900000000","properties":{"id":"1962192485101840099900000000","pnu":"1221010900104610007","purpose":"단독주택","floors":1,"structure":"일반목구조"},"geometry":{"type":"MultiPolygon","coordinates":[[[[126.91837,35.155251],[126.918397,35.155191],[126.918294,35.155164],[126.91827,35.155226],[126.91837,35.155251]]]]}},{"type":"Feature","id":"1962192485791839840800000000","properties":{"id":"1962192485791839840800000000","pnu":"1221010900104600012","purpose":"단독주택","structure":"벽돌구조"},"geometry":{"type":"MultiPolygon","coordinates":[[[[126.918315,35.154974],[126.91833,35.154982],[126.918322,35.15499],[126.918342,35.155002],[126.918349,35.154996],[126.918365,35.154965],[126.918338,35.154948],[126.918315,35.154974]]]]}},{"type":"Feature","id":"1962192489431841604500000000","properties":{"id":"1962192489431841604500000000","pnu":"1221010900104650038","year":1962,"purpose":"단독주택"},"geometry":{"type":"MultiPolygon","coordinates":[[[[126.918407,35.156647],[126.918485,35.156583],[126.918346,35.156481],[126.918275,35.156544],[126.918407,35.156647]]]]}},{"type":"Feature","id":"1962192490391840537300000000","properties":{"id":"1962192490391840537300000000","pnu":"1221010900104630021","purpose":"기타","structure":"일반목구조"},"geometry":{"type":"MultiPolygon","coordinates":[[[[126.918383,35.155623],[126.918414,35.155594],[126.918397,35.155581],[126.918367,35.15561],[126.918383,35.155623]]]]}},{"type":"Feature","id":"1962192491931840595100000000","properties":{"id":"1962192491931840595100000000","pnu":"1221010900104630021","purpose":"단독주택","floors":1,"structure":"일반목구조"},"geometry":{"type":"MultiPolygon","coordinates":[[[[126.918376,35.155689],[126.918456,35.155666],[126.918444,35.155622],[126.918356,35.155641],[126.918376,35.155689]]]]}},{"type":"Feature","id":"1962192493291840048500000000","properties":{"id":"1962192493291840048500000000","pnu":"1221010900104610007","purpose":"기타","structure":"블록구조"},"geometry":{"type":"MultiPolygon","coordinates":[[[[126.91845,35.155139],[126.918419,35.155128],[126.918394,35.155184],[126.918429,35.155194],[126.91845,35.155139]]]]}},{"type":"Feature","id":"1962192506841840541000000000","properties":{"id":"1962192506841840541000000000","pnu":"1221010900102980009","purpose":"단독주택","floors":1,"structure":"일반목구조"},"geometry":{"type":"MultiPolygon","coordinates":[[[[126.918634,35.155595],[126.918545,35.155558],[126.918508,35.155612],[126.918593,35.155655],[126.918634,35.155595]]]]}},{"type":"Feature","id":"1962192508991840473400000000","properties":{"id":"1962192508991840473400000000","pnu":"1221010900102980009","purpose":"기타","structure":"벽돌구조"},"geometry":{"type":"MultiPolygon","coordinates":[[[[126.918625,35.155574],[126.918639,35.15555],[126.918562,35.155515],[126.918552,35.155539],[126.918625,35.155574]]]]}},{"type":"Feature","id":"1962192514711840592000000000","properties":{"id":"1962192514711840592000000000","pnu":"1221010900102980018","purpose":"단독주택","floors":1,"structure":"일반목구조"},"geometry":{"type":"MultiPolygon","coordinates":[[[[126.918707,35.15563],[126.918657,35.155606],[126.918609,35.155675],[126.918655,35.155697],[126.918707,35.15563]]]]}},{"type":"Feature","id":"1962192535911838849900000000","properties":{"id":"1962192535911838849900000000","pnu":"1221010900103620000","year":1962,"purpose":"숙박시설"},"geometry":{"type":"MultiPolygon","coordinates":[[[[126.918891,35.154086],[126.918892,35.154086],[126.918893,35.154086],[126.918894,35.154085],[126.918895,35.154085],[126.918896,35.154084],[126.918896,35.154084],[126.918897,35.154083],[126.918897,35.154082],[126.918897,35.154081],[126.918897,35.154081],[126.918897,35.15408],[126.918896,35.154079],[126.918896,35.154079],[126.918895,35.154078],[126.918894,35.154078],[126.918893,35.154077],[126.918892,35.154077],[126.918891,35.154077],[126.918891,35.154077],[126.91889,35.154077],[126.918889,35.154078],[126.918888,35.154078],[126.918887,35.154079],[126.918887,35.154079],[126.918886,35.15408],[126.918886,35.154081],[126.918886,35.154081],[126.918886,35.154082],[126.918886,35.154083],[126.918887,35.154084],[126.918887,35.154084],[126.918888,35.154085],[126.918889,35.154085],[126.91889,35.154086],[126.918891,35.154086],[126.918891,35.154086]]]]}},{"type":"Feature","id":"1962192539291838781900000000","properties":{"id":"1962192539291838781900000000","pnu":"1221010900103620000","year":1962,"purpose":"제1종 근린생활시설"},"geometry":{"type":"MultiPolygon","coordinates":[[[[126.91898,35.154011],[126.918892,35.153994],[126.918878,35.154014],[126.918892,35.154032],[126.918962,35.154049],[126.91898,35.154011]]]]}},{"type":"Feature","id":"1963191650841836755900000000","properties":{"id":"1963191650841836755900000000","pnu":"1221010400100040020","year":1963,"purpose":"단독주택"},"geometry":{"type":"MultiPolygon","coordinates":[[[[126.909159,35.152242],[126.909233,35.152149],[126.909204,35.15213],[126.909126,35.152225],[126.909159,35.152242]]]]}},{"type":"Feature","id":"1963191654811836845400000000","properties":{"id":"1963191654811836845400000000","pnu":"1221010400100040020","year":1963,"purpose":"단독주택"},"geometry":{"type":"MultiPolygon","coordinates":[[[[126.909233,35.152316],[126.909283,35.152275],[126.909212,35.152221],[126.909165,35.152259],[126.909233,35.152316]]]]}},{"type":"Feature","id":"1963191654831836472600000000","properties":{"id":"1963191654831836472600000000","pnu":"1221010400100040024","purpose":"단독주택"},"geometry":{"type":"MultiPolygon","coordinates":[[[[126.909247,35.151985],[126.90929,35.151947],[126.909201,35.151878],[126.909159,35.151917],[126.909247,35.151985]]]]}},{"type":"Feature","id":"1963191659411836424000000000","properties":{"id":"1963191659411836424000000000","pnu":"1221010400100040024","purpose":"기타"},"geometry":{"type":"MultiPolygon","coordinates":[[[[126.909301,35.151933],[126.909325,35.151916],[126.90925,35.151843],[126.909224,35.151861],[126.909301,35.151933]]]]}},{"type":"Feature","id":"1963191681181837068800000000","properties":{"id":"1963191681181837068800000000","pnu":"1221010300100960040","year":1963,"purpose":"단독주택"},"geometry":{"type":"MultiPolygon","coordinates":[[[[126.909513,35.152474],[126.909514,35.152474],[126.909515,35.152474],[126.909515,35.152473],[126.909516,35.152473],[126.909517,35.152472],[126.909517,35.152472],[126.909518,35.152471],[126.909518,35.15247],[126.909518,35.152469],[126.909518,35.152469],[126.909518,35.152468],[126.909517,35.152467],[126.909517,35.152466],[126.909516,35.152466],[126.909515,35.152465],[126.909515,35.152465],[126.909514,35.152465],[126.909513,35.152465],[126.909512,35.152465],[126.909511,35.152465],[126.90951,35.152465],[126.909509,35.152466],[126.909509,35.152466],[126.909508,35.152467],[126.909508,35.152468],[126.909507,35.152469],[126.909507,35.152469],[126.909507,35.15247],[126.909508,35.152471],[126.909508,35.152472],[126.909509,35.152472],[126.909509,35.152473],[126.90951,35.152473],[126.909511,35.152474],[126.909512,35.152474],[126.909513,35.152474]]]]}},{"type":"Feature","id":"1963191742781833755000000000","properties":{"id":"1963191742781833755000000000","pnu":"1221010400100990003","purpose":"제2종 근린생활시설","floors":3,"structure":"벽돌구조"},"geometry":{"type":"MultiPolygon","coordinates":[[[[126.910217,35.149603],[126.910325,35.149489],[126.910242,35.14944],[126.910252,35.149418],[126.910159,35.149363],[126.910076,35.149456],[126.910091,35.149488],[126.910154,35.149564],[126.910217,35.149603]]]]}},{"type":"Feature","id":"1963191757301833672100000000","properties":{"id":"1963191757301833672100000000","pnu":"1221010400101000001","purpose":"제2종 근린생활시설","floors":1,"structure":"일반목구조"},"geometry":{"type":"MultiPolygon","coordinates":[[[[126.910359,35.149457],[126.910413,35.149403],[126.910342,35.149359],[126.910291,35.149415],[126.910359,35.149457]]]]}},{"type":"Feature","id":"1963191838411837103900000000","properties":{"id":"1963191838411837103900000000","pnu":"1221010200100610012","purpose":"기타","floors":1,"structure":"일반목구조"},"geometry":{"type":"MultiPolygon","coordinates":[[[[126.911223,35.15258],[126.911317,35.152514],[126.91124,35.152428],[126.911161,35.152484],[126.911215,35.152541],[126.911198,35.152554],[126.911223,35.15258]]]]}},{"type":"Feature","id":"1963191852131834685500000000","properties":{"id":"1963191852131834685500000000","pnu":"1221010300100760009","purpose":"제2종 근린생활시설"},"geometry":{"type":"MultiPolygon","coordinates":[[[[126.911494,35.150319],[126.911428,35.150254],[126.911358,35.150294],[126.91134,35.150279],[126.911287,35.150323],[126.911376,35.150394],[126.911494,35.150319]]]]}},{"type":"Feature","id":"1963191908631833905900000000","properties":{"id":"1963191908631833905900000000","pnu":"1221010300100690001","purpose":"제1종 근린생활시설"},"geometry":{"type":"MultiPolygon","coordinates":[[[[126.912012,35.149681],[126.912086,35.14961],[126.912011,35.149561],[126.911938,35.149628],[126.912012,35.149681]]]]}},{"type":"Feature","id":"1963191916471833819400000000","properties":{"id":"1963191916471833819400000000","pnu":"1221010300100690001","purpose":"단독주택","floors":1,"structure":"블록구조"},"geometry":{"type":"MultiPolygon","coordinates":[[[[126.912112,35.149599],[126.912165,35.149547],[126.912085,35.149487],[126.91203,35.149536],[126.912112,35.149599]]]]}},{"type":"Feature","id":"1963191957991834767800000000","properties":{"id":"1963191957991834767800000000","pnu":"1221010300100520001","purpose":"기타"},"geometry":{"type":"MultiPolygon","coordinates":[[[[126.912602,35.150391],[126.912535,35.150359],[126.912503,35.150402],[126.91257,35.150438],[126.912602,35.150391]]]]}},{"type":"Feature","id":"1963191966461834806300000000","properties":{"id":"1963191966461834806300000000","pnu":"1221010300100520001","purpose":"제1종 근린생활시설"},"geometry":{"type":"MultiPolygon","coordinates":[[[[126.912654,35.150492],[126.912721,35.150428],[126.91264,35.150371],[126.912569,35.150439],[126.912654,35.150492]]]]}},{"type":"Feature","id":"1963191982161834864900000000","properties":{"id":"1963191982161834864900000000","pnu":"1221010300100520001","purpose":"기타"},"geometry":{"type":"MultiPolygon","coordinates":[[[[126.912859,35.150547],[126.912906,35.150503],[126.91282,35.150444],[126.912797,35.150463],[126.912724,35.150425],[126.912708,35.150441],[126.912859,35.150547]]]]}},{"type":"Feature","id":"1963192065361833485200000000","properties":{"id":"1963192065361833485200000000","pnu":"1221013000100270001","purpose":"제1종 근린생활시설","floors":2,"structure":"철근콘크리트구조"},"geometry":{"type":"MultiPolygon","coordinates":[[[[126.913829,35.149174],[126.913757,35.149136],[126.913634,35.149308],[126.913713,35.149347],[126.913829,35.149174]]]]}},{"type":"Feature","id":"1963192145411832880800000000","properties":{"id":"1963192145411832880800000000","pnu":"1221012900100370002","purpose":"제1종 근린생활시설","floors":2,"structure":"벽돌구조"},"geometry":{"type":"MultiPolygon","coordinates":[[[[126.914591,35.14876],[126.914671,35.148706],[126.914594,35.14864],[126.914572,35.148653],[126.914591,35.14876]]]]}},{"type":"Feature","id":"1963192149871833017300000000","properties":{"id":"1963192149871833017300000000","pnu":"1221012900100370003","purpose":"제2종 근린생활시설","far":179.04,"floors":3,"structure":"벽돌구조"},"geometry":{"type":"MultiPolygon","coordinates":[[[[126.914613,35.148883],[126.914706,35.148857],[126.914744,35.148819],[126.914655,35.148759],[126.9146,35.148786],[126.914613,35.148883]]]]}},{"type":"Feature","id":"1963192161091837840700000000","properties":{"id":"1963192161091837840700000000","pnu":"1221010100100920000","purpose":"단독주택","floors":1,"structure":"일반목구조"},"geometry":{"type":"MultiPolygon","coordinates":[[[[126.914783,35.153233],[126.914852,35.153171],[126.914754,35.153106],[126.914712,35.153144],[126.914754,35.153173],[126.914731,35.153197],[126.914783,35.153233]]]]}},{"type":"Feature","id":"1963192163291837704100000000","properties":{"id":"1963192163291837704100000000","pnu":"1221010100100920000","purpose":"기타","structure":"일반목구조"},"geometry":{"type":"MultiPolygon","coordinates":[[[[126.914761,35.153066],[126.91479,35.153083],[126.914847,35.153025],[126.914815,35.15301],[126.914761,35.153066]]]]}},{"type":"Feature","id":"1963192186491833130200000000","properties":{"id":"1963192186491833130200000000","pnu":"1221012900100260002","purpose":"제1종 근린생활시설","floors":5,"structure":"철근콘크리트구조"},"geometry":{"type":"MultiPolygon","coordinates":[[[[126.915103,35.14902],[126.915178,35.148962],[126.915023,35.148825],[126.914947,35.14889],[126.915103,35.14902]]]]}},{"type":"Feature","id":"1963192297471836892200000000","properties":{"id":"1963192297471836892200000000","pnu":"1221010100101750003","purpose":"제1종 근린생활시설","floors":1,"structure":"일반목구조"},"geometry":{"type":"MultiPolygon","coordinates":[[[[126.916264,35.152398],[126.916374,35.152288],[126.916285,35.152232],[126.916181,35.152345],[126.916264,35.152398]]]]}},{"type":"Feature","id":"1963192319931839959500000000","properties":{"id":"1963192319931839959500000000","pnu":"1221010900104700027","year":1963,"purpose":"제1종 근린생활시설"},"geometry":{"type":"MultiPolygon","coordinates":[[[[126.916504,35.155123],[126.916575,35.155079],[126.916544,35.155039],[126.916463,35.155076],[126.916504,35.155123]]]]}},{"type":"Feature","id":"1963192323711835985100000000","properties":{"id":"1963192323711835985100000000","pnu":"1221010100101390000","purpose":"단독주택"},"geometry":{"type":"MultiPolygon","coordinates":[[[[126.916588,35.151571],[126.916659,35.15152],[126.916543,35.151425],[126.916471,35.151473],[126.916588,35.151571]]]]}},{"type":"Feature","id":"1963192336051836915100000000","properties":{"id":"1963192336051836915100000000","pnu":"1221010100101710002","year":1963,"purpose":"단독주택"},"geometry":{"type":"MultiPolygon","coordinates":[[[[126.916755,35.152316],[126.916722,35.15229],[126.916645,35.152356],[126.916677,35.152382],[126.916755,35.152316]]]]}},{"type":"Feature","id":"1963192340171837074900000000","properties":{"id":"1963192340171837074900000000","pnu":"1221010100101710001","purpose":"기타","structure":"일반목구조"},"geometry":{"type":"MultiPolygon","coordinates":[[[[126.916733,35.152523],[126.916795,35.152466],[126.916755,35.152439],[126.916718,35.15247],[126.916721,35.152473],[126.916696,35.152494],[126.916733,35.152523]]]]}},{"type":"Feature","id":"1963192341921836978800000000","properties":{"id":"1963192341921836978800000000","pnu":"1221010100101710002","year":1963,"purpose":"단독주택"},"geometry":{"type":"MultiPolygon","coordinates":[[[[126.916775,35.152448],[126.91682,35.15237],[126.91675,35.152342],[126.916709,35.152413],[126.916775,35.152448]]]]}},{"type":"Feature","id":"1963192342971837832000000000","properties":{"id":"1963192342971837832000000000","pnu":"1221010100103130008","year":1963,"purpose":"제2종 근린생활시설"},"geometry":{"type":"MultiPolygon","coordinates":[[[[126.916684,35.153263],[126.916913,35.153114],[126.916858,35.153063],[126.916636,35.153217],[126.916684,35.153263]]]]}},{"type":"Feature","id":"1963192344441837108000000000","properties":{"id":"1963192344441837108000000000","pnu":"1221010100101710001","purpose":"기타","structure":"일반목구조"},"geometry":{"type":"MultiPolygon","coordinates":[[[[126.916808,35.152463],[126.916801,35.152469],[126.916796,35.152466],[126.916734,35.152525],[126.916779,35.152561],[126.916851,35.152494],[126.916808,35.152463]]]]}},{"type":"Feature","id":"1963192349421837156600000000","properties":{"id":"1963192349421837156600000000","pnu":"1221010100101710001","year":1963,"purpose":"단독주택"},"geometry":{"type":"MultiPolygon","coordinates":[[[[126.916855,35.152495],[126.916782,35.152561],[126.916835,35.152612],[126.9169,35.152562],[126.916889,35.152555],[126.916908,35.152539],[126.916855,35.152495]]]]}},{"type":"Feature","id":"1963192350331836994100000000","properties":{"id":"1963192350331836994100000000","pnu":"1221010100101710001","year":1963,"purpose":"단독주택"},"geometry":{"type":"MultiPolygon","coordinates":[[[[126.916779,35.152441],[126.916806,35.152461],[126.916815,35.152456],[126.916836,35.152471],[126.916935,35.152386],[126.916872,35.152339],[126.916779,35.152441]]]]}},{"type":"Feature","id":"1963192372601837901700000000","properties":{"id":"1963192372601837901700000000","pnu":"1221010100103130006","year":1963,"purpose":"제1종 근린생활시설"},"geometry":{"type":"MultiPolygon","coordinates":[[[[126.917071,35.153278],[126.917171,35.153213],[126.91713,35.153174],[126.917029,35.153238],[126.917071,35.153278]]]]}},{"type":"Feature","id":"1963192377891837967000000000","properties":{"id":"1963192377891837967000000000","pnu":"1221010100103130006","year":1963,"purpose":"단독주택"},"geometry":{"type":"MultiPolygon","coordinates":[[[[126.917124,35.15334],[126.917235,35.153269],[126.917187,35.153231],[126.917085,35.153298],[126.917124,35.15334]]]]}},{"type":"Feature","id":"1963192385531841005000000000","properties":{"id":"1963192385531841005000000000","pnu":"1221010900104780028","purpose":"단독주택"},"geometry":{"type":"MultiPolygon","coordinates":[[[[126.91724,35.156067],[126.917291,35.156026],[126.917239,35.155979],[126.917186,35.156018],[126.91724,35.156067]]]]}},{"type":"Feature","id":"1963192393071841072200000000","properties":{"id":"1963192393071841072200000000","pnu":"1221010900104790010","purpose":"단독주택"},"geometry":{"type":"MultiPolygon","coordinates":[[[[126.917318,35.156128],[126.917373,35.156084],[126.917328,35.15604],[126.917269,35.156082],[126.917318,35.156128]]]]}},{"type":"Feature","id":"1963192416911834127300000000","properties":{"id":"1963192416911834127300000000","pnu":"1221010600100550008","purpose":"단독주택"},"geometry":{"type":"MultiPolygon","coordinates":[[[[126.917585,35.149875],[126.917652,35.149822],[126.917595,35.149773],[126.917528,35.149825],[126.917585,35.149875]]]]}},{"type":"Feature","id":"1963192425771834439000000000","properties":{"id":"1963192425771834439000000000","pnu":"1221010600100580012","purpose":"제2종 근린생활시설","far":61.06,"floors":1,"structure":"일반목구조"},"geometry":{"type":"MultiPolygon","coordinates":[[[[126.91774,35.150186],[126.917786,35.150147],[126.917639,35.150023],[126.917588,35.150069],[126.91774,35.150186]]]]}},{"type":"Feature","id":"1963192425821839531600000000","properties":{"id":"1963192425821839531600000000","pnu":"1221010900104240000","year":1963,"purpose":"단독주택","floors":1,"structure":"일반목구조"},"geometry":{"type":"MultiPolygon","coordinates":[[[[126.917729,35.15467],[126.917679,35.154651],[126.917635,35.154716],[126.917688,35.154741],[126.917729,35.15467]]]]}},{"type":"Feature","id":"1963192436851841237700000000","properties":{"id":"1963192436851841237700000000","pnu":"1221010900104650026","year":1963,"purpose":"제1종 근린생활시설"},"geometry":{"type":"MultiPolygon","coordinates":[[[[126.917839,35.156283],[126.917863,35.15626],[126.917856,35.156254],[126.91776,35.156183],[126.917738,35.1562],[126.917839,35.156283]]]]}},{"type":"Feature","id":"1963192439451841178300000000","properties":{"id":"1963192439451841178300000000","pnu":"1221010900104650026","year":1963,"purpose":"단독주택"},"geometry":{"type":"MultiPolygon","coordinates":[[[[126.917856,35.156254],[126.917908,35.156206],[126.917835,35.156152],[126.917871,35.156119],[126.917839,35.156095],[126.917751,35.156177],[126.917856,35.156254]]]]}},{"type":"Feature","id":"1963192439731842587200000000","properties":{"id":"1963192439731842587200000000","pnu":"1221010900104870005","purpose":"단독주택"},"geometry":{"type":"MultiPolygon","coordinates":[[[[126.917779,35.157458],[126.917824,35.1575],[126.917887,35.15744],[126.917839,35.157399],[126.917779,35.157458]]]]}},{"type":"Feature","id":"1963192440981833031100000000","properties":{"id":"1963192440981833031100000000","pnu":"1221013200100100002","purpose":"제1종 근린생활시설"},"geometry":{"type":"MultiPolygon","coordinates":[[[[126.917905,35.14881],[126.917862,35.148789],[126.917807,35.148866],[126.917844,35.148883],[126.917905,35.14881]]]]}},{"type":"Feature","id":"1963192455641838316700000000","properties":{"id":"1963192455641838316700000000","pnu":"1221010100103080008","year":1963,"purpose":"단독주택"},"geometry":{"type":"MultiPolygon","coordinates":[[[[126.918073,35.153671],[126.91811,35.153625],[126.91795,35.15353],[126.917911,35.153575],[126.918073,35.153671]]]]}},{"type":"Feature","id":"1963192503721837106700000000","properties":{"id":"1963192503721837106700000000","pnu":"1221010700100060006","purpose":"제1종 근린생활시설","floors":1,"structure":"일반목구조"},"geometry":{"type":"MultiPolygon","coordinates":[[[[126.918525,35.152555],[126.918588,35.152497],[126.91855,35.152466],[126.918494,35.152523],[126.918525,35.152555]]]]}},{"type":"Feature","id":"1963192514701840188300000000","properties":{"id":"1963192514701840188300000000","pnu":"1221010900103000016","purpose":"단독주택","floors":1,"structure":"일반목구조"},"geometry":{"type":"MultiPolygon","coordinates":[[[[126.918712,35.155336],[126.918729,35.155289],[126.918655,35.155265],[126.918661,35.15524],[126.918617,35.155231],[126.918595,35.155304],[126.918712,35.155336]]]]}},{"type":"Feature","id":"1963192518031840155200000000","properties":{"id":"1963192518031840155200000000","pnu":"1221010900103000016","purpose":"기타","structure":"벽돌구조"},"geometry":{"type":"MultiPolygon","coordinates":[[[[126.918694,35.155262],[126.918695,35.155262],[126.918696,35.155262],[126.918697,35.155262],[126.918698,35.155261],[126.918698,35.155261],[126.918699,35.15526],[126.918699,35.155259],[126.918699,35.155259],[126.9187,35.155258],[126.918699,35.155257],[126.918699,35.155256],[126.918699,35.155256],[126.918698,35.155255],[126.918698,35.155254],[126.918697,35.155254],[126.918696,35.155254],[126.918695,35.155253],[126.918694,35.155253],[126.918693,35.155253],[126.918692,35.155254],[126.918691,35.155254],[126.91869,35.155254],[126.91869,35.155255],[126.918689,35.155256],[126.918689,35.155256],[126.918689,35.155257],[126.918689,35.155258],[126.918689,35.155259],[126.918689,35.155259],[126.918689,35.15526],[126.91869,35.155261],[126.91869,35.155261],[126.918691,35.155262],[126.918692,35.155262],[126.918693,35.155262],[126.918694,35.155262]]]]}},{"type":"Feature","id":"1963192537651838258600000000","properties":{"id":"1963192537651838258600000000","pnu":"1221010900103870008","year":1963,"purpose":"숙박시설"},"geometry":{"type":"MultiPolygon","coordinates":[[[[126.918897,35.153631],[126.91899,35.153556],[126.918992,35.153538],[126.918977,35.153526],[126.918991,35.153514],[126.918932,35.153465],[126.918813,35.15356],[126.918897,35.153631]]]]}},{"type":"Feature","id":"1963192542591841676600000000","properties":{"id":"1963192542591841676600000000","pnu":"1221010900102960000","purpose":"기타","structure":"일반목구조"},"geometry":{"type":"MultiPolygon","coordinates":[[[[126.918962,35.156634],[126.918963,35.156634],[126.918964,35.156634],[126.918965,35.156633],[126.918966,35.156633],[126.918966,35.156632],[126.918967,35.156632],[126.918967,35.156631],[126.918968,35.15663],[126.918968,35.156629],[126.918968,35.156629],[126.918967,35.156628],[126.918967,35.156627],[126.918966,35.156627],[126.918966,35.156626],[126.918965,35.156626],[126.918964,35.156625],[126.918963,35.156625],[126.918962,35.156625],[126.918961,35.156625],[126.91896,35.156625],[126.91896,35.156626],[126.918959,35.156626],[126.918958,35.156627],[126.918957,35.156627],[126.918957,35.156628],[126.918957,35.156629],[126.918957,35.156629],[126.918957,35.15663],[126.918957,35.156631],[126.918957,35.156632],[126.918958,35.156632],[126.918959,35.156633],[126.918959,35.156633],[126.91896,35.156634],[126.918961,35.156634],[126.918962,35.156634]]]]}},{"type":"Feature","id":"1964191794521834213000000000","properties":{"id":"1964191794521834213000000000","pnu":"1221010400100770004","year":1964,"purpose":"제1종 근린생활시설"},"geometry":{"type":"MultiPolygon","coordinates":[[[[126.91076,35.149901],[126.91076,35.149901],[126.910761,35.1499],[126.910762,35.1499],[126.910763,35.1499],[126.910764,35.149899],[126.910764,35.149898],[126.910765,35.149898],[126.910765,35.149897],[126.910765,35.149896],[126.910765,35.149895],[126.910765,35.149895],[126.910764,35.149894],[126.910764,35.149893],[126.910763,35.149893],[126.910762,35.149892],[126.910761,35.149892],[126.91076,35.149892],[126.91076,35.149892],[126.910759,35.149892],[126.910758,35.149892],[126.910757,35.149892],[126.910756,35.149893],[126.910755,35.149893],[126.910755,35.149894],[126.910754,35.149895],[126.910754,35.149895],[126.910754,35.149896],[126.910754,35.149897],[126.910754,35.149898],[126.910755,35.149898],[126.910755,35.149899],[126.910756,35.1499],[126.910757,35.1499],[126.910758,35.1499],[126.910759,35.149901],[126.91076,35.149901]]]]}},{"type":"Feature","id":"1964191802421834251500000000","properties":{"id":"1964191802421834251500000000","pnu":"1221010400100770004","year":1964,"purpose":"단독주택"},"geometry":{"type":"MultiPolygon","coordinates":[[[[126.910902,35.149932],[126.910833,35.149887],[126.91079,35.14993],[126.91086,35.149975],[126.910902,35.149932]]]]}},{"type":"Feature","id":"1964191818941832597300000000","properties":{"id":"1964191818941832597300000000","pnu":"1221011500100140004","purpose":"제1종 근린생활시설","far":68.31,"floors":1,"structure":"일반목구조"},"geometry":{"type":"MultiPolygon","coordinates":[[[[126.910967,35.148425],[126.910983,35.148463],[126.911033,35.148506],[126.911102,35.148436],[126.911015,35.148377],[126.910967,35.148425]]]]}},{"type":"Feature","id":"1964191819741838931300000000","properties":{"id":"1964191819741838931300000000","pnu":"1221010200100040004","purpose":"기타"},"geometry":{"type":"MultiPolygon","coordinates":[[[[126.911103,35.154186],[126.911041,35.154135],[126.911063,35.154117],[126.91102,35.154082],[126.910961,35.154132],[126.911066,35.154217],[126.911103,35.154186]]]]}},{"type":"Feature","id":"1964191844321839399300000000","properties":{"id":"1964191844321839399300000000","pnu":"1221010200100010017","purpose":"제1종 근린생활시설","floors":1,"structure":"일반목구조"},"geometry":{"type":"MultiPolygon","coordinates":[[[[126.91133,35.154638],[126.911381,35.154601],[126.911265,35.154504],[126.911222,35.154535],[126.91133,35.154638]]]]}},{"type":"Feature","id":"1964191876641837980800000000","properties":{"id":"1964191876641837980800000000","pnu":"1221010200100300000","purpose":"제1종 근린생활시설","far":64.66,"floors":1,"structure":"일반목구조"},"geometry":{"type":"MultiPolygon","coordinates":[[[[126.911679,35.15334],[126.911715,35.15331],[126.911637,35.153246],[126.911599,35.153278],[126.911679,35.15334]]]]}},{"type":"Feature","id":"1964191879001833218400000000","properties":{"id":"1964191879001833218400000000","pnu":"1221011500100050001","purpose":"제1종 근린생활시설","floors":2,"structure":"일반목구조"},"geometry":{"type":"MultiPolygon","coordinates":[[[[126.911644,35.14899],[126.9117,35.149036],[126.911731,35.149011],[126.911676,35.148965],[126.911644,35.14899]]]]}},{"type":"Feature","id":"1964191887131834971100000000","properties":{"id":"1964191887131834971100000000","pnu":"1221010300100600003","purpose":"제1종 근린생활시설","floors":4,"structure":"철근콘크리트구조"},"geometry":{"type":"MultiPolygon","coordinates":[[[[126.911929,35.150503],[126.911886,35.150463],[126.911622,35.150658],[126.911664,35.150697],[126.911929,35.150503]]]]}},{"type":"Feature","id":"1964191907681832976700000000","properties":{"id":"1964191907681832976700000000","pnu":"1221011500100030008","purpose":"제1종 근린생활시설","floors":2,"structure":"벽돌구조"},"geometry":{"type":"MultiPolygon","coordinates":[[[[126.91211,35.148743],[126.91198,35.14869],[126.9119,35.148827],[126.912018,35.148876],[126.91211,35.148743]]]]}},{"type":"Feature","id":"1964191923531838391600000000","properties":{"id":"1964191923531838391600000000","pnu":"1221010200100130001","purpose":"제1종 근린생활시설"},"geometry":{"type":"MultiPolygon","coordinates":[[[[126.912171,35.153668],[126.912172,35.153668],[126.912173,35.153668],[126.912174,35.153668],[126.912175,35.153667],[126.912175,35.153667],[126.912176,35.153666],[126.912176,35.153665],[126.912177,35.153664],[126.912177,35.153664],[126.912177,35.153663],[126.912176,35.153662],[126.912176,35.153661],[126.912175,35.153661],[126.912175,35.15366],[126.912174,35.15366],[126.912173,35.153659],[126.912172,35.153659],[126.912171,35.153659],[126.91217,35.153659],[126.912169,35.153659],[126.912168,35.15366],[126.912168,35.15366],[126.912167,35.153661],[126.912166,35.153661],[126.912166,35.153662],[126.912166,35.153663],[126.912166,35.153664],[126.912166,35.153664],[126.912166,35.153665],[126.912166,35.153666],[126.912167,35.153667],[126.912168,35.153667],[126.912168,35.153668],[126.912169,35.153668],[126.91217,35.153668],[126.912171,35.153668]]]]}},{"type":"Feature","id":"1964191928571836567400000000","properties":{"id":"1964191928571836567400000000","pnu":"1221010200101140005","purpose":"제1종 근린생활시설","floors":3,"structure":"철근콘크리트구조"},"geometry":{"type":"MultiPolygon","coordinates":[[[[126.912242,35.152074],[126.912309,35.15203],[126.912173,35.151966],[126.912151,35.15198],[126.912242,35.152074]]]]}},{"type":"Feature","id":"1964191940671832195100000000","properties":{"id":"1964191940671832195100000000","pnu":"1221011500100320022","purpose":"제2종 근린생활시설","floors":1,"structure":"일반목구조"},"geometry":{"type":"MultiPolygon","coordinates":[[[[126.912396,35.148132],[126.912439,35.148088],[126.912334,35.148025],[126.912292,35.148068],[126.912396,35.148132]]]]}},{"type":"Feature","id":"1964191946581833313400000000","properties":{"id":"1964191946581833313400000000","pnu":"1221013000100300002","purpose":"제1종 근린생활시설","floors":1,"structure":"일반목구조"},"geometry":{"type":"MultiPolygon","coordinates":[[[[126.912458,35.149179],[126.91255,35.149096],[126.912388,35.149],[126.912309,35.14906],[126.912458,35.149179]]]]}},{"type":"Feature","id":"1964192077931843106400000000","properties":{"id":"1964192077931843106400000000","pnu":"1221010900109790000","year":1964,"purpose":"제1종 근린생활시설"},"geometry":{"type":"MultiPolygon","coordinates":[[[[126.913945,35.157924],[126.913917,35.157867],[126.913831,35.157894],[126.913824,35.157879],[126.91378,35.157894],[126.913815,35.157966],[126.913945,35.157924]]]]}},{"type":"Feature","id":"1964192149921837344100000000","properties":{"id":"1964192149921837344100000000","pnu":"1221010100100980000","year":1964,"purpose":"단독주택"},"geometry":{"type":"MultiPolygon","coordinates":[[[[126.914657,35.152775],[126.914723,35.152722],[126.914654,35.152667],[126.914592,35.152722],[126.914657,35.152775]]]]}},{"type":"Feature","id":"1964192160681837429400000000","properties":{"id":"1964192160681837429400000000","pnu":"1221010100100980000","year":1964,"purpose":"제1종 근린생활시설"},"geometry":{"type":"MultiPolygon","coordinates":[[[[126.914784,35.152863],[126.914856,35.152795],[126.914764,35.152735],[126.914695,35.152799],[126.914784,35.152863]]]]}},{"type":"Feature","id":"1964192180021835531000000000","properties":{"id":"1964192180021835531000000000","pnu":"1221013400100360001","purpose":"제2종 근린생활시설","far":68.4611,"floors":1,"structure":"벽돌구조"},"geometry":{"type":"MultiPolygon","coordinates":[[[[126.915043,35.151141],[126.915071,35.151079],[126.914992,35.151054],[126.914995,35.151048],[126.914939,35.151031],[126.914908,35.151099],[126.915043,35.151141]]]]}},{"type":"Feature","id":"1964192185261835689800000000","properties":{"id":"1964192185261835689800000000","pnu":"1221013400100370002","purpose":"기타","structure":"일반목구조"},"geometry":{"type":"MultiPolygon","coordinates":[[[[126.91503,35.151237],[126.915049,35.151245],[126.915063,35.151224],[126.915044,35.151216],[126.91503,35.151237]]]]}},{"type":"Feature","id":"1964192185381835876900000000","properties":{"id":"1964192185381835876900000000","pnu":"1221013400100370001","purpose":"단독주택","floors":1,"structure":"일반목구조"},"geometry":{"type":"MultiPolygon","coordinates":[[[[126.915068,35.151447],[126.915116,35.151386],[126.915079,35.15137],[126.915071,35.151382],[126.915009,35.151356],[126.914981,35.151399],[126.915068,35.151447]]]]}},{"type":"Feature","id":"1964192187361835772800000000","properties":{"id":"1964192187361835772800000000","pnu":"1221013400100370002","purpose":"제2종 근린생활시설","far":26.47,"floors":1,"structure":"일반목구조"},"geometry":{"type":"MultiPolygon","coordinates":[[[[126.915108,35.151358],[126.915144,35.151304],[126.915028,35.151252],[126.914996,35.151307],[126.915108,35.151358]]]]}},{"type":"Feature","id":"1964192196631835772800000000","properties":{"id":"1964192196631835772800000000","pnu":"1221013400100370002","purpose":"기타","structure":"벽돌구조"},"geometry":{"type":"MultiPolygon","coordinates":[[[[126.915136,35.15133],[126.915166,35.151343],[126.915206,35.151281],[126.915175,35.151268],[126.915136,35.15133]]]]}},{"type":"Feature","id":"1964192199121836297000000000","properties":{"id":"1964192199121836297000000000","pnu":"1221013400100410002","purpose":"기타"},"geometry":{"type":"MultiPolygon","coordinates":[[[[126.915205,35.151819],[126.91525,35.151783],[126.915187,35.151736],[126.915147,35.151774],[126.915205,35.151819]]]]}},{"type":"Feature","id":"1964192203181836041900000000","properties":{"id":"1964192203181836041900000000","pnu":"1221013400100390001","purpose":"기타","structure":"일반목구조"},"geometry":{"type":"MultiPolygon","coordinates":[[[[126.915263,35.151581],[126.915287,35.151559],[126.915219,35.151515],[126.915198,35.151535],[126.915263,35.151581]]]]}},{"type":"Feature","id":"1964192209671836262700000000","properties":{"id":"1964192209671836262700000000","pnu":"1221013400100410002","purpose":"제1종 근린생활시설","far":54.76,"structure":"벽돌구조"},"geometry":{"type":"MultiPolygon","coordinates":[[[[126.915358,35.151811],[126.915398,35.151768],[126.91526,35.151684],[126.915228,35.15172],[126.915358,35.151811]]]]}},{"type":"Feature","id":"1964192209771835980900000000","properties":{"id":"1964192209771835980900000000","pnu":"1221013400100390001","purpose":"단독주택","floors":1,"structure":"일반목구조"},"geometry":{"type":"MultiPolygon","coordinates":[[[[126.915372,35.151459],[126.915312,35.151436],[126.91526,35.151523],[126.915314,35.151553],[126.915372,35.151459]]]]}},{"type":"Feature","id":"1964192237341835753600000000","properties":{"id":"1964192237341835753600000000","pnu":"1221013400100510000","purpose":"제2종 근린생활시설","far":3.85,"floors":1,"structure":"일반목구조"},"geometry":{"type":"MultiPolygon","coordinates":[[[[126.915648,35.151339],[126.915684,35.151307],[126.915586,35.151237],[126.915552,35.151269],[126.915648,35.151339]]]]}},{"type":"Feature","id":"1964192239821835633400000000","properties":{"id":"1964192239821835633400000000","pnu":"1221013400100480006","year":1964,"purpose":"단독주택"},"geometry":{"type":"MultiPolygon","coordinates":[[[[126.915645,35.151185],[126.915646,35.151184],[126.915647,35.151184],[126.915648,35.151184],[126.915649,35.151184],[126.915649,35.151183],[126.91565,35.151182],[126.91565,35.151182],[126.91565,35.151181],[126.91565,35.15118],[126.91565,35.151179],[126.91565,35.151179],[126.91565,35.151178],[126.915649,35.151177],[126.915649,35.151177],[126.915648,35.151176],[126.915647,35.151176],[126.915646,35.151176],[126.915645,35.151176],[126.915644,35.151176],[126.915643,35.151176],[126.915642,35.151176],[126.915641,35.151177],[126.915641,35.151177],[126.91564,35.151178],[126.91564,35.151179],[126.91564,35.151179],[126.91564,35.15118],[126.91564,35.151181],[126.91564,35.151182],[126.91564,35.151182],[126.915641,35.151183],[126.915641,35.151184],[126.915642,35.151184],[126.915643,35.151184],[126.915644,35.151184],[126.915645,35.151185]]]]}},{"type":"Feature","id":"1964192244271835689800000000","properties":{"id":"1964192244271835689800000000","pnu":"1221013400100480006","purpose":"단독주택"},"geometry":{"type":"MultiPolygon","coordinates":[[[[126.915765,35.15123],[126.915676,35.151175],[126.915624,35.151229],[126.915708,35.151288],[126.915765,35.15123]]]]}},{"type":"Feature","id":"1964192264221837291200000000","properties":{"id":"1964192264221837291200000000","pnu":"1221010100100540000","purpose":"제1종 근린생활시설","floors":1,"structure":"일반목구조"},"geometry":{"type":"MultiPolygon","coordinates":[[[[126.915902,35.152624],[126.915851,35.152675],[126.915928,35.152723],[126.915968,35.152679],[126.915902,35.152624]]]]}},{"type":"Feature","id":"1964192300071840210500000000","properties":{"id":"1964192300071840210500000000","pnu":"1221010900104700028","year":1964,"purpose":"단독주택"},"geometry":{"type":"MultiPolygon","coordinates":[[[[126.91631,35.155355],[126.91636,35.155314],[126.916293,35.155258],[126.916243,35.155295],[126.91631,35.155355]]]]}},{"type":"Feature","id":"1964192322001835786600000000","properties":{"id":"1964192322001835786600000000","pnu":"1221010100101360002","year":1964,"purpose":"단독주택"},"geometry":{"type":"MultiPolygon","coordinates":[[[[126.916566,35.151378],[126.916617,35.151339],[126.916529,35.15126],[126.916476,35.151299],[126.916566,35.151378]]]]}},{"type":"Feature","id":"1964192330451832900100000000","properties":{"id":"1964192330451832900100000000","pnu":"1221013200100280005","year":1964,"purpose":"기타"},"geometry":{"type":"MultiPolygon","coordinates":[[[[126.916642,35.148722],[126.916643,35.148722],[126.916644,35.148721],[126.916645,35.148721],[126.916646,35.148721],[126.916646,35.14872],[126.916647,35.148719],[126.916647,35.148719],[126.916648,35.148718],[126.916648,35.148717],[126.916648,35.148716],[126.916647,35.148716],[126.916647,35.148715],[126.916646,35.148714],[126.916646,35.148714],[126.916645,35.148713],[126.916644,35.148713],[126.916643,35.148713],[126.916642,35.148713],[126.916641,35.148713],[126.91664,35.148713],[126.916639,35.148713],[126.916639,35.148714],[126.916638,35.148714],[126.916637,35.148715],[126.916637,35.148716],[126.916637,35.148716],[126.916637,35.148717],[126.916637,35.148718],[126.916637,35.148719],[126.916637,35.148719],[126.916638,35.14872],[126.916639,35.148721],[126.916639,35.148721],[126.91664,35.148721],[126.916641,35.148722],[126.916642,35.148722]]]]}},{"type":"Feature","id":"1964192332031836818300000000","properties":{"id":"1964192332031836818300000000","pnu":"1221010100101700000","purpose":"단독주택","floors":1,"structure":"일반목구조"},"geometry":{"type":"MultiPolygon","coordinates":[[[[126.916572,35.152245],[126.916661,35.152313],[126.916749,35.152237],[126.916724,35.152217],[126.916698,35.15224],[126.916669,35.152218],[126.916676,35.152212],[126.916641,35.152185],[126.916572,35.152245]]]]}},{"type":"Feature","id":"1964192364471840315100000000","properties":{"id":"1964192364471840315100000000","pnu":"1221010900104670010","year":1964,"purpose":"단독주택"},"geometry":{"type":"MultiPolygon","coordinates":[[[[126.917015,35.155448],[126.917074,35.155412],[126.917039,35.15538],[126.917029,35.155389],[126.916983,35.155354],[126.916947,35.15538],[126.917015,35.155448]]]]}},{"type":"Feature","id":"1964192371401840251900000000","properties":{"id":"1964192371401840251900000000","pnu":"1221010900104670010","year":1964,"purpose":"제1종 근린생활시설"},"geometry":{"type":"MultiPolygon","coordinates":[[[[126.917089,35.155395],[126.917113,35.155389],[126.91708,35.155293],[126.917057,35.155296],[126.917089,35.155395]]]]}},{"type":"Feature","id":"1964192407681838006500000000","properties":{"id":"1964192407681838006500000000","pnu":"1221010100103080020","purpose":"제1종 근린생활시설","floors":1,"structure":"벽돌구조"},"geometry":{"type":"MultiPolygon","coordinates":[[[[126.91743,35.153317],[126.917473,35.153363],[126.917545,35.153317],[126.917534,35.15331],[126.91749,35.153281],[126.917442,35.15331],[126.91743,35.153317]]]]}},{"type":"Feature","id":"1964192410261837959600000000","properties":{"id":"1964192410261837959600000000","pnu":"1221010100103080020","purpose":"제1종 근린생활시설","floors":1,"structure":"벽돌구조"},"geometry":{"type":"MultiPolygon","coordinates":[[[[126.917385,35.153269],[126.917396,35.15328],[126.917412,35.153297],[126.917463,35.153268],[126.917472,35.153267],[126.917544,35.153314],[126.917599,35.15335],[126.917642,35.15332],[126.917632,35.153314],[126.917471,35.153212],[126.917396,35.153261],[126.917385,35.153269]]]]}},{"type":"Feature","id":"1964192412711834663900000000","properties":{"id":"1964192412711834663900000000","pnu":"1221010600100580002","purpose":"단독주택"},"geometry":{"type":"MultiPolygon","coordinates":[[[[126.917577,35.150375],[126.917629,35.150327],[126.917506,35.15024],[126.917458,35.150285],[126.917577,35.150375]]]]}},{"type":"Feature","id":"1964192420081833956700000000","properties":{"id":"1964192420081833956700000000","pnu":"1221010600100550003","purpose":"단독주택","floors":1,"structure":"일반목구조"},"geometry":{"type":"MultiPolygon","coordinates":[[[[126.917656,35.149752],[126.917721,35.149699],[126.917598,35.149588],[126.917528,35.149644],[126.917656,35.149752]]]]}},{"type":"Feature","id":"1964192423431834736100000000","properties":{"id":"1964192423431834736100000000","pnu":"1221010600100580002","purpose":"기타"},"geometry":{"type":"MultiPolygon","coordinates":[[[[126.917644,35.150415],[126.917713,35.15036],[126.91768,35.150329],[126.917607,35.150387],[126.917644,35.150415]]]]}},{"type":"Feature","id":"1964192432081834616200000000","properties":{"id":"1964192432081834616200000000","pnu":"1221010600100580002","purpose":"단독주택"},"geometry":{"type":"MultiPolygon","coordinates":[[[[126.917748,35.15033],[126.917827,35.150254],[126.917763,35.150201],[126.917686,35.150273],[126.917748,35.15033]]]]}},{"type":"Feature","id":"1964192433161833009600000000","properties":{"id":"1964192433161833009600000000","pnu":"1221013200100090001","purpose":"제2종 근린생활시설"},"geometry":{"type":"MultiPolygon","coordinates":[[[[126.917763,35.14887],[126.917813,35.148835],[126.917837,35.148789],[126.917805,35.148768],[126.917755,35.1488],[126.91773,35.148785],[126.917691,35.148811],[126.917763,35.14887]]]]}},{"type":"Feature","id":"1964192433661842522400000000","properties":{"id":"1964192433661842522400000000","pnu":"1221010900104870022","year":1964,"purpose":"단독주택"},"geometry":{"type":"MultiPolygon","coordinates":[[[[126.917742,35.157443],[126.917833,35.157376],[126.917788,35.157339],[126.917701,35.157405],[126.917742,35.157443]]]]}},{"type":"Feature","id":"1964192439481834565000000000","properties":{"id":"1964192439481834565000000000","pnu":"1221010600100580002","purpose":"단독주택"},"geometry":{"type":"MultiPolygon","coordinates":[[[[126.917858,35.150255],[126.917879,35.150235],[126.917819,35.150183],[126.917794,35.150203],[126.917858,35.150255]]]]}},{"type":"Feature","id":"1964192444391842532700000000","properties":{"id":"1964192444391842532700000000","pnu":"1221010900104870022","year":1964,"purpose":"단독주택"},"geometry":{"type":"MultiPolygon","coordinates":[[[[126.917896,35.157441],[126.917933,35.157413],[126.917872,35.157359],[126.917835,35.157388],[126.917896,35.157441]]]]}},{"type":"Feature","id":"1964192447341840654900000000","properties":{"id":"1964192447341840654900000000","pnu":"1221010900104620001","purpose":"기타","structure":"일반목구조"},"geometry":{"type":"MultiPolygon","coordinates":[[[[126.917918,35.155712],[126.917919,35.155712],[126.91792,35.155712],[126.917921,35.155712],[126.917921,35.155711],[126.917922,35.155711],[126.917923,35.15571],[126.917923,35.155709],[126.917923,35.155709],[126.917923,35.155708],[126.917923,35.155707],[126.917923,35.155706],[126.917923,35.155705],[126.917922,35.155705],[126.917921,35.155704],[126.917921,35.155704],[126.91792,35.155704],[126.917919,35.155703],[126.917918,35.155703],[126.917917,35.155703],[126.917916,35.155704],[126.917915,35.155704],[126.917914,35.155704],[126.917914,35.155705],[126.917913,35.155705],[126.917913,35.155706],[126.917912,35.155707],[126.917912,35.155708],[126.917912,35.155709],[126.917913,35.155709],[126.917913,35.15571],[126.917914,35.155711],[126.917914,35.155711],[126.917915,35.155712],[126.917916,35.155712],[126.917917,35.155712],[126.917918,35.155712]]]]}},{"type":"Feature","id":"1964192451201840639400000000","properties":{"id":"1964192451201840639400000000","pnu":"1221010900104620001","purpose":"단독주택","floors":1,"structure":"일반목구조"},"geometry":{"type":"MultiPolygon","coordinates":[[[[126.917981,35.155742],[126.91802,35.155712],[126.917942,35.155647],[126.917899,35.155676],[126.917981,35.155742]]]]}},{"type":"Feature","id":"1964192455001840527400000000","properties":{"id":"1964192455001840527400000000","pnu":"1221010900104620001","purpose":"기타","structure":"일반목구조"},"geometry":{"type":"MultiPolygon","coordinates":[[[[126.918002,35.155597],[126.918003,35.155597],[126.918004,35.155597],[126.918005,35.155597],[126.918006,35.155596],[126.918006,35.155596],[126.918007,35.155595],[126.918007,35.155594],[126.918007,35.155594],[126.918008,35.155593],[126.918007,35.155592],[126.918007,35.155591],[126.918007,35.155591],[126.918006,35.15559],[126.918006,35.155589],[126.918005,35.155589],[126.918004,35.155589],[126.918003,35.155588],[126.918002,35.155588],[126.918001,35.155588],[126.918,35.155589],[126.917999,35.155589],[126.917998,35.155589],[126.917998,35.15559],[126.917997,35.155591],[126.917997,35.155591],[126.917997,35.155592],[126.917997,35.155593],[126.917997,35.155594],[126.917997,35.155594],[126.917997,35.155595],[126.917998,35.155596],[126.917998,35.155596],[126.917999,35.155597],[126.918,35.155597],[126.918001,35.155597],[126.918002,35.155597]]]]}},{"type":"Feature","id":"1964192455771842983000000000","properties":{"id":"1964192455771842983000000000","pnu":"1221010900104880009","purpose":"제1종 근린생활시설","floors":1,"structure":"일반목구조"},"geometry":{"type":"MultiPolygon","coordinates":[[[[126.918058,35.157896],[126.918114,35.157852],[126.917982,35.157735],[126.91793,35.157729],[126.917899,35.157755],[126.918058,35.157896]]]]}},{"type":"Feature","id":"1964192460461840519000000000","properties":{"id":"1964192460461840519000000000","pnu":"1221010900104620001","purpose":"기타","structure":"일반목구조"},"geometry":{"type":"MultiPolygon","coordinates":[[[[126.918079,35.15563],[126.918118,35.155604],[126.918045,35.155541],[126.918006,35.155567],[126.918079,35.15563]]]]}},{"type":"Feature","id":"1964192481501834748600000000","properties":{"id":"1964192481501834748600000000","pnu":"1221010600100340007","purpose":"제1종 근린생활시설"},"geometry":{"type":"MultiPolygon","coordinates":[[[[126.91828,35.150448],[126.918375,35.150369],[126.918309,35.150321],[126.918225,35.150399],[126.91828,35.150448]]]]}},{"type":"Feature","id":"1964192486501839748500000000","properties":{"id":"1964192486501839748500000000","pnu":"1221010900104600013","purpose":"단독주택","floors":1,"structure":"일반목구조"},"geometry":{"type":"MultiPolygon","coordinates":[[[[126.918389,35.154932],[126.918415,35.154892],[126.918306,35.154849],[126.918283,35.154892],[126.918389,35.154932]]]]}},{"type":"Feature","id":"1964192486671840183200000000","properties":{"id":"1964192486671840183200000000","pnu":"1221010900104610002","purpose":"기타","structure":"블록구조"},"geometry":{"type":"MultiPolygon","coordinates":[[[[126.918379,35.155262],[126.918348,35.155251],[126.918321,35.155305],[126.91835,35.155315],[126.918379,35.155262]]]]}},{"type":"Feature","id":"1964192489331839670600000000","properties":{"id":"1964192489331839670600000000","pnu":"1221010900104600017","purpose":"단독주택","floors":1,"structure":"일반목구조"},"geometry":{"type":"MultiPolygon","coordinates":[[[[126.918313,35.154824],[126.918419,35.154865],[126.918446,35.154818],[126.91834,35.154777],[126.918313,35.154824]]]]}},{"type":"Feature","id":"1964192491181839620100000000","properties":{"id":"1964192491181839620100000000","pnu":"1221010900104600017","purpose":"기타","structure":"일반목구조"},"geometry":{"type":"MultiPolygon","coordinates":[[[[126.91834,35.154777],[126.918446,35.154818],[126.918459,35.154795],[126.91838,35.154726],[126.91834,35.154777]]]]}},{"type":"Feature","id":"1964192493341841799300000000","properties":{"id":"1964192493341841799300000000","pnu":"1221010900104650035","purpose":"단독주택","floors":1,"structure":"블록구조"},"geometry":{"type":"MultiPolygon","coordinates":[[[[126.91843,35.156803],[126.918497,35.156747],[126.918411,35.156677],[126.918348,35.156731],[126.91843,35.156803]]]]}},{"type":"Feature","id":"1964192495861839323200000000","properties":{"id":"1964192495861839323200000000","pnu":"1221010900103080001","purpose":"단독주택","floors":1,"structure":"일반목구조"},"geometry":{"type":"MultiPolygon","coordinates":[[[[126.91843,35.154554],[126.918506,35.154489],[126.918471,35.154462],[126.918398,35.154528],[126.91843,35.154554]]]]}},{"type":"Feature","id":"1964192499681839510400000000","properties":{"id":"1964192499681839510400000000","pnu":"1221010900104600016","purpose":"단독주택","floors":1,"structure":"일반목구조"},"geometry":{"type":"MultiPolygon","coordinates":[[[[126.918521,35.154726],[126.918553,35.154693],[126.918465,35.154628],[126.918433,35.154659],[126.918521,35.154726]]]]}},{"type":"Feature","id":"1964192500801841735300000000","properties":{"id":"1964192500801841735300000000","pnu":"1221010900104650035","purpose":"단독주택","floors":1,"structure":"블록구조"},"geometry":{"type":"MultiPolygon","coordinates":[[[[126.918528,35.156726],[126.918551,35.156706],[126.918476,35.156638],[126.918455,35.156654],[126.918528,35.156726]]]]}},{"type":"Feature","id":"1964192504151839151200000000","properties":{"id":"1964192504151839151200000000","pnu":"1221010900103080003","purpose":"기타","structure":"일반목구조"},"geometry":{"type":"MultiPolygon","coordinates":[[[[126.918543,35.154357],[126.918544,35.154357],[126.918544,35.154357],[126.918545,35.154357],[126.918546,35.154356],[126.918547,35.154356],[126.918547,35.154355],[126.918548,35.154354],[126.918548,35.154354],[126.918548,35.154353],[126.918548,35.154352],[126.918548,35.154351],[126.918547,35.154351],[126.918547,35.15435],[126.918546,35.154349],[126.918545,35.154349],[126.918544,35.154349],[126.918544,35.154348],[126.918543,35.154348],[126.918542,35.154348],[126.918541,35.154349],[126.91854,35.154349],[126.918539,35.154349],[126.918538,35.15435],[126.918538,35.154351],[126.918537,35.154351],[126.918537,35.154352],[126.918537,35.154353],[126.918537,35.154354],[126.918537,35.154354],[126.918538,35.154355],[126.918538,35.154356],[126.918539,35.154356],[126.91854,35.154357],[126.918541,35.154357],[126.918542,35.154357],[126.918543,35.154357]]]]}},{"type":"Feature","id":"1964192504841839226200000000","properties":{"id":"1964192504841839226200000000","pnu":"1221010900103080003","purpose":"단독주택","floors":1,"structure":"일반목구조"},"geometry":{"type":"MultiPolygon","coordinates":[[[[126.918525,35.154472],[126.918612,35.154396],[126.918573,35.15437],[126.91849,35.154443],[126.918525,35.154472]]]]}},{"type":"Feature","id":"1964192522951839001200000000","properties":{"id":"1964192522951839001200000000","pnu":"1221010900103130007","purpose":"단독주택","floors":1,"structure":"일반목구조"},"geometry":{"type":"MultiPolygon","coordinates":[[[[126.918775,35.154252],[126.918793,35.154221],[126.918724,35.154183],[126.918705,35.154216],[126.918775,35.154252]]]]}},{"type":"Feature","id":"1964192536441834599600000000","properties":{"id":"1964192536441834599600000000","pnu":"1221010600100360001","purpose":"단독주택","floors":1,"structure":"일반목구조"},"geometry":{"type":"MultiPolygon","coordinates":[[[[126.918924,35.150302],[126.918972,35.150253],[126.918939,35.150228],[126.918928,35.150237],[126.918868,35.150201],[126.918829,35.150239],[126.918924,35.150302]]]]}},{"type":"Feature","id":"1964192543411840252200000000","properties":{"id":"1964192543411840252200000000","pnu":"1221010900103000010","purpose":"단독주택","floors":1,"structure":"일반목구조"},"geometry":{"type":"MultiPolygon","coordinates":[[[[126.919027,35.155393],[126.919056,35.155336],[126.91891,35.155299],[126.918892,35.155353],[126.919027,35.155393]]]]}},{"type":"Feature","id":"1965191716001837333900000000","properties":{"id":"1965191716001837333900000000","pnu":"1221010300100080005","purpose":"단독주택","floors":1,"structure":"일반목구조"},"geometry":{"type":"MultiPolygon","coordinates":[[[[126.909883,35.152771],[126.909975,35.152716],[126.909906,35.152645],[126.909815,35.152703],[126.909883,35.152771]]]]}},{"type":"Feature","id":"1965191723621837417100000000","properties":{"id":"1965191723621837417100000000","pnu":"1221010300100080005","purpose":"제1종 근린생활시설","far":38.38,"floors":1,"structure":"일반목구조"},"geometry":{"type":"MultiPolygon","coordinates":[[[[126.909969,35.15285],[126.910062,35.152789],[126.909985,35.152718],[126.909895,35.152776],[126.909969,35.15285]]]]}},{"type":"Feature","id":"1965191732691835707200000000","properties":{"id":"1965191732691835707200000000","pnu":"1221010400100420012","year":1965,"purpose":"기타"},"geometry":{"type":"MultiPolygon","coordinates":[[[[126.910058,35.151309],[126.91016,35.151227],[126.910102,35.151177],[126.909999,35.151256],[126.910058,35.151309]]]]}},{"type":"Feature","id":"1965191739741835831300000000","properties":{"id":"1965191739741835831300000000","pnu":"1221010400100420012","year":1965,"purpose":"단독주택"},"geometry":{"type":"MultiPolygon","coordinates":[[[[126.910192,35.151406],[126.910224,35.151371],[126.910121,35.151303],[126.910089,35.151336],[126.910192,35.151406]]]]}},{"type":"Feature","id":"1965191744531835764500000000","properties":{"id":"1965191744531835764500000000","pnu":"1221010400100420012","year":1965,"purpose":"단독주택"},"geometry":{"type":"MultiPolygon","coordinates":[[[[126.910226,35.151349],[126.910274,35.151297],[126.910191,35.151243],[126.910143,35.151283],[126.910226,35.151349]]]]}},{"type":"Feature","id":"1965191761281835198700000000","properties":{"id":"1965191761281835198700000000","pnu":"1221010400100440005","year":1965,"purpose":"기타"},"geometry":{"type":"MultiPolygon","coordinates":[[[[126.910381,35.150888],[126.910522,35.150795],[126.910382,35.150681],[126.910289,35.150758],[126.910295,35.150794],[126.910381,35.150888]]]]}},{"type":"Feature","id":"1965191828991833029100000000","properties":{"id":"1965191828991833029100000000","pnu":"1221010400100940001","purpose":"제1종 근린생활시설"},"geometry":{"type":"MultiPolygon","coordinates":[[[[126.911157,35.148955],[126.911282,35.148816],[126.911164,35.148726],[126.911093,35.148731],[126.910992,35.148835],[126.911157,35.148955]]]]}},{"type":"Feature","id":"1965191865711837030800000000","properties":{"id":"1965191865711837030800000000","pnu":"1221010200100620002","purpose":"기타","floors":4,"structure":"철근콘크리트구조"},"geometry":{"type":"MultiPolygon","coordinates":[[[[126.9115,35.152568],[126.911698,35.152428],[126.911639,35.152372],[126.911586,35.152409],[126.911481,35.152309],[126.911405,35.152363],[126.9115,35.152459],[126.911437,35.152504],[126.9115,35.152568]]]]}},{"type":"Feature","id":"1965191883481837421000000000","properties":{"id":"1965191883481837421000000000","pnu":"1221010200100660001","purpose":"제1종 근린생활시설"},"geometry":{"type":"MultiPolygon","coordinates":[[[[126.911708,35.152825],[126.911784,35.152773],[126.911762,35.152752],[126.911681,35.1528],[126.911708,35.152825]]]]}},{"type":"Feature","id":"1965191886011836364100000000","properties":{"id":"1965191886011836364100000000","pnu":"1221010300100210000","purpose":"기타","floors":2,"structure":"벽돌구조"},"geometry":{"type":"MultiPolygon","coordinates":[[[[126.911808,35.151889],[126.911839,35.151843],[126.911749,35.151802],[126.911763,35.151783],[126.91174,35.151771],[126.911684,35.151838],[126.911808,35.151889]]]]}},{"type":"Feature","id":"1965191889881837500900000000","properties":{"id":"1965191889881837500900000000","pnu":"1221010200100660001","purpose":"제1종 근린생활시설"},"geometry":{"type":"MultiPolygon","coordinates":[[[[126.911811,35.15292],[126.911884,35.152861],[126.911841,35.152825],[126.91182,35.152842],[126.911775,35.152805],[126.911724,35.152847],[126.911811,35.15292]]]]}},{"type":"Feature","id":"1965191893871836280900000000","properties":{"id":"1965191893871836280900000000","pnu":"1221010300100210000","purpose":"기타","floors":2,"structure":"벽돌구조"},"geometry":{"type":"MultiPolygon","coordinates":[[[[126.911749,35.151802],[126.911849,35.151848],[126.911948,35.15172],[126.911843,35.151675],[126.911749,35.151802]]]]}},{"type":"Feature","id":"1965191963721835717500000000","properties":{"id":"1965191963721835717500000000","pnu":"1221010200101250005","purpose":"제2종 근린생활시설"},"geometry":{"type":"MultiPolygon","coordinates":[[[[126.912591,35.151342],[126.912644,35.1513],[126.912631,35.151287],[126.912707,35.151221],[126.912647,35.151171],[126.912532,35.151259],[126.91255,35.15128],[126.912539,35.15129],[126.912591,35.151342]]]]}},{"type":"Feature","id":"1965192078671839225200000000","properties":{"id":"1965192078671839225200000000","pnu":"1221010100100210002","purpose":"단독주택"},"geometry":{"type":"MultiPolygon","coordinates":[[[[126.913909,35.154465],[126.913938,35.154436],[126.913839,35.154367],[126.913808,35.154398],[126.913909,35.154465]]]]}},{"type":"Feature","id":"1965192084371839173600000000","properties":{"id":"1965192084371839173600000000","pnu":"1221010100100210002","purpose":"단독주택","structure":"벽돌구조"},"geometry":{"type":"MultiPolygon","coordinates":[[[[126.913959,35.154422],[126.913997,35.154374],[126.913913,35.154319],[126.913873,35.154364],[126.913959,35.154422]]]]}},{"type":"Feature","id":"1965192107871838068000000000","properties":{"id":"1965192107871838068000000000","pnu":"1221010100100250005","year":1965,"purpose":"제1종 근린생활시설"},"geometry":{"type":"MultiPolygon","coordinates":[[[[126.914204,35.153443],[126.914277,35.153387],[126.914188,35.153305],[126.91411,35.153359],[126.914204,35.153443]]]]}},{"type":"Feature","id":"1965192372251837614200000000","properties":{"id":"1965192372251837614200000000","pnu":"1221010100103130024","purpose":"제1종 근린생활시설","floors":1,"structure":"블록구조"},"geometry":{"type":"MultiPolygon","coordinates":[[[[126.917096,35.152971],[126.917097,35.152971],[126.917098,35.152971],[126.917099,35.15297],[126.9171,35.15297],[126.917101,35.152969],[126.917101,35.152969],[126.917102,35.152968],[126.917102,35.152967],[126.917102,35.152966],[126.917102,35.152966],[126.917102,35.152965],[126.917101,35.152964],[126.917101,35.152964],[126.9171,35.152963],[126.917099,35.152963],[126.917098,35.152962],[126.917097,35.152962],[126.917096,35.152962],[126.917096,35.152962],[126.917095,35.152962],[126.917094,35.152963],[126.917093,35.152963],[126.917092,35.152964],[126.917092,35.152964],[126.917091,35.152965],[126.917091,35.152966],[126.917091,35.152966],[126.917091,35.152967],[126.917091,35.152968],[126.917092,35.152969],[126.917092,35.152969],[126.917093,35.15297],[126.917094,35.15297],[126.917095,35.152971],[126.917096,35.152971],[126.917096,35.152971]]]]}},{"type":"Feature","id":"1965192436681838457200000000","properties":{"id":"1965192436681838457200000000","pnu":"1221010100103080011","purpose":"단독주택"},"geometry":{"type":"MultiPolygon","coordinates":[[[[126.917792,35.153766],[126.917848,35.153717],[126.917814,35.153688],[126.917757,35.153737],[126.917792,35.153766]]]]}},{"type":"Feature","id":"1965192441301839237100000000","properties":{"id":"1965192441301839237100000000","pnu":"1221010900104280000","year":1965,"purpose":"제1종 근린생활시설"},"geometry":{"type":"MultiPolygon","coordinates":[[[[126.917813,35.154474],[126.917914,35.154408],[126.917892,35.154387],[126.917794,35.154449],[126.917813,35.154474]]]]}},{"type":"Feature","id":"1965192445091839284800000000","properties":{"id":"1965192445091839284800000000","pnu":"1221010900104280000","year":1965,"purpose":"단독주택"},"geometry":{"type":"MultiPolygon","coordinates":[[[[126.917874,35.154517],[126.917949,35.154457],[126.917918,35.15443],[126.91784,35.154485],[126.917874,35.154517]]]]}},{"type":"Feature","id":"1965192462851833880700000000","properties":{"id":"1965192462851833880700000000","pnu":"1221010600100500010","purpose":"제2종 근린생활시설","floors":1,"structure":"일반목구조"},"geometry":{"type":"MultiPolygon","coordinates":[[[[126.918099,35.149663],[126.918172,35.149602],[126.918089,35.14954],[126.918017,35.149604],[126.918099,35.149663]]]]}},{"type":"Feature","id":"1965192469501833823000000000","properties":{"id":"1965192469501833823000000000","pnu":"1221010600100500011","purpose":"제2종 근린생활시설","far":79.32,"floors":1,"structure":"일반목구조"},"geometry":{"type":"MultiPolygon","coordinates":[[[[126.918198,35.14962],[126.918254,35.149569],[126.918137,35.14948],[126.91808,35.149531],[126.918198,35.14962]]]]}},{"type":"Feature","id":"1965192474321833765100000000","properties":{"id":"1965192474321833765100000000","pnu":"1221010600100500011","purpose":"기타","structure":"벽돌구조"},"geometry":{"type":"MultiPolygon","coordinates":[[[[126.918146,35.149469],[126.918256,35.149565],[126.918264,35.149558],[126.918286,35.149516],[126.91819,35.149435],[126.918146,35.149469]]]]}},{"type":"Feature","id":"1965192478951840899500000000","properties":{"id":"1965192478951840899500000000","pnu":"1221010900104630009","purpose":"단독주택","floors":1,"structure":"벽돌구조"},"geometry":{"type":"MultiPolygon","coordinates":[[[[126.918278,35.155984],[126.918331,35.155925],[126.918255,35.155875],[126.918196,35.155927],[126.918278,35.155984]]]]}},{"type":"Feature","id":"1965192479851838994500000000","properties":{"id":"1965192479851838994500000000","pnu":"1221010900103950000","purpose":"제1종 근린생활시설","floors":2,"structure":"벽돌구조"},"geometry":{"type":"MultiPolygon","coordinates":[[[[126.918297,35.154257],[126.918338,35.154208],[126.918257,35.154164],[126.918213,35.154216],[126.918297,35.154257]]]]}},{"type":"Feature","id":"1965192491491836808500000000","properties":{"id":"1965192491491836808500000000","pnu":"1221010700100090010","year":1965,"purpose":"기타"},"geometry":{"type":"MultiPolygon","coordinates":[[[[126.91837,35.152325],[126.918507,35.152208],[126.918443,35.15216],[126.918306,35.152269],[126.91837,35.152325]]]]}},{"type":"Feature","id":"1965192506001834694100000000","properties":{"id":"1965192506001834694100000000","pnu":"1221010600100350004","purpose":"제2종 근린생활시설","far":87.44,"floors":1,"structure":"일반목구조"},"geometry":{"type":"MultiPolygon","coordinates":[[[[126.918479,35.150322],[126.918604,35.150402],[126.918654,35.150349],[126.91853,35.150269],[126.918479,35.150322]]]]}},{"type":"Feature","id":"1965192510791840707100000000","properties":{"id":"1965192510791840707100000000","pnu":"1221010900104630017","purpose":"단독주택","floors":1,"structure":"벽돌구조"},"geometry":{"type":"MultiPolygon","coordinates":[[[[126.918591,35.155796],[126.918665,35.155764],[126.918637,35.155716],[126.918564,35.155744],[126.918591,35.155796]]]]}},{"type":"Feature","id":"1965192519171833352400000000","properties":{"id":"1965192519171833352400000000","pnu":"1221010500100810000","purpose":"제2종 근린생활시설","floors":1,"structure":"일반목구조"},"geometry":{"type":"MultiPolygon","coordinates":[[[[126.918743,35.149176],[126.91878,35.149134],[126.918683,35.149076],[126.918645,35.149119],[126.918743,35.149176]]]]}},{"type":"Feature","id":"1966191635311835747300000000","properties":{"id":"1966191635311835747300000000","pnu":"1221010400100060005","purpose":"단독주택","floors":1,"structure":"일반목구조"},"geometry":{"type":"MultiPolygon","coordinates":[[[[126.909028,35.151329],[126.909072,35.151293],[126.908992,35.151227],[126.908949,35.151261],[126.909028,35.151329]]]]}},{"type":"Feature","id":"1966191684911836098400000000","properties":{"id":"1966191684911836098400000000","pnu":"1221010400100050004","purpose":"기타","floors":3,"structure":"철근콘크리트구조"},"geometry":{"type":"MultiPolygon","coordinates":[[[[126.909549,35.151695],[126.909691,35.151585],[126.909609,35.151512],[126.909558,35.151548],[126.909502,35.151517],[126.909419,35.151586],[126.909549,35.151695]]]]}},{"type":"Feature","id":"1966191763021833889300000000","properties":{"id":"1966191763021833889300000000","pnu":"1221010400100810003","purpose":"제1종 근린생활시설","floors":3,"structure":"철근콘크리트구조"},"geometry":{"type":"MultiPolygon","coordinates":[[[[126.910505,35.149606],[126.91039,35.149529],[126.910323,35.149603],[126.910439,35.149678],[126.910505,35.149606]]]]}},{"type":"Feature","id":"1966191800061834384400000000","properties":{"id":"1966191800061834384400000000","pnu":"1221010400100770003","purpose":"기타","far":232.79,"floors":3,"structure":"철근콘크리트구조"},"geometry":{"type":"MultiPolygon","coordinates":[[[[126.910736,35.150001],[126.910698,35.150035],[126.910834,35.150149],[126.910859,35.150154],[126.910872,35.150154],[126.91091,35.150127],[126.910875,35.150098],[126.910935,35.150047],[126.910874,35.150001],[126.9108,35.149944],[126.910736,35.150001]]]]}},{"type":"Feature","id":"1966191897661834030100000000","properties":{"id":"1966191897661834030100000000","pnu":"1221010300100720000","purpose":"단독주택","floors":3,"structure":"벽돌구조"},"geometry":{"type":"MultiPolygon","coordinates":[[[[126.911887,35.149798],[126.911967,35.149719],[126.9119,35.149668],[126.911815,35.149742],[126.911887,35.149798]]]]}},{"type":"Feature","id":"1966191960171832484500000000","properties":{"id":"1966191960171832484500000000","pnu":"1221011500100350020","purpose":"단독주택","floors":1,"structure":"벽돌구조"},"geometry":{"type":"MultiPolygon","coordinates":[[[[126.912575,35.148387],[126.912635,35.148339],[126.912589,35.148292],[126.91252,35.148341],[126.912575,35.148387]]]]}},{"type":"Feature","id":"1966191968601832411000000000","properties":{"id":"1966191968601832411000000000","pnu":"1221011500100350017","purpose":"제2종 근린생활시설","floors":1,"structure":"일반목구조"},"geometry":{"type":"MultiPolygon","coordinates":[[[[126.912668,35.148342],[126.91273,35.148324],[126.912677,35.148205],[126.912612,35.148224],[126.912668,35.148342]]]]}},{"type":"Feature","id":"1966192049691843031100000000","properties":{"id":"1966192049691843031100000000","pnu":"1221010900109680000","year":1966,"purpose":"단독주택"},"geometry":{"type":"MultiPolygon","coordinates":[[[[126.913521,35.157887],[126.913606,35.157869],[126.913577,35.157803],[126.913498,35.157826],[126.913521,35.157887]]]]}},{"type":"Feature","id":"1966192054321843169100000000","properties":{"id":"1966192054321843169100000000","pnu":"1221010900102390096","purpose":"기타"},"geometry":{"type":"MultiPolygon","coordinates":[[[[126.913586,35.158047],[126.913671,35.158025],[126.913615,35.157892],[126.913534,35.157918],[126.913586,35.158047]]]]}},{"type":"Feature","id":"1966192061061842987300000000","properties":{"id":"1966192061061842987300000000","pnu":"1221010900109680000","year":1966,"purpose":"단독주택"},"geometry":{"type":"MultiPolygon","coordinates":[[[[126.913632,35.157869],[126.913757,35.157835],[126.91372,35.157745],[126.913596,35.157779],[126.913632,35.157869]]]]}},{"type":"Feature","id":"1966192061841832268200000000","properties":{"id":"1966192061841832268200000000","pnu":"1221011700100050016","year":1966,"purpose":"제1종 근린생활시설"},"geometry":{"type":"MultiPolygon","coordinates":[[[[126.913651,35.148221],[126.913784,35.148106],[126.913746,35.14807],[126.913607,35.148178],[126.913651,35.148221]]]]}},{"type":"Feature","id":"1966192064791832359300000000","properties":{"id":"1966192064791832359300000000","pnu":"1221011700100050016","year":1966,"purpose":"제1종 근린생활시설"},"geometry":{"type":"MultiPolygon","coordinates":[[[[126.913716,35.148277],[126.913786,35.148223],[126.913737,35.148179],[126.913669,35.148232],[126.913716,35.148277]]]]}},{"type":"Feature","id":"1966192066581843183100000000","properties":{"id":"1966192066581843183100000000","pnu":"1221010900102390131","year":1970,"purpose":"단독주택"},"geometry":{"type":"MultiPolygon","coordinates":[[[[126.913687,35.158016],[126.913799,35.15799],[126.913785,35.157951],[126.913675,35.157978],[126.913687,35.158016]]]]}},{"type":"Feature","id":"1966192070081839088800000000","properties":{"id":"1966192070081839088800000000","pnu":"1221010100100210034","purpose":"단독주택","floors":2,"structure":"일반목구조"},"geometry":{"type":"MultiPolygon","coordinates":[[[[126.913812,35.154357],[126.913828,35.154337],[126.913821,35.154332],[126.913847,35.154298],[126.913811,35.154279],[126.913817,35.154272],[126.913745,35.154235],[126.913706,35.154286],[126.913776,35.154322],[126.913768,35.15433],[126.913812,35.154357]]]]}},{"type":"Feature","id":"1966192072001832281800000000","properties":{"id":"1966192072001832281800000000","pnu":"1221011700100050005","year":1966,"purpose":"제1종 근린생활시설"},"geometry":{"type":"MultiPolygon","coordinates":[[[[126.913816,35.148209],[126.913861,35.148165],[126.913799,35.148108],[126.913751,35.148148],[126.913816,35.148209]]]]}},{"type":"Feature","id":"1966192073601842171300000000","properties":{"id":"1966192073601842171300000000","pnu":"1221010900102700007","year":1980,"purpose":"단독주택","far":174.38,"floors":3,"structure":"벽돌구조","source":"registry"},"geometry":{"type":"MultiPolygon","coordinates":[[[[126.913797,35.157122],[126.913861,35.157103],[126.913833,35.157024],[126.913768,35.157038],[126.913797,35.157122]]]]}},{"type":"Feature","id":"1966192077381842282300000000","properties":{"id":"1966192077381842282300000000","pnu":"1221010900102700017","purpose":"단독주택","floors":1,"structure":"일반목구조","source":"registry"},"geometry":{"type":"MultiPolygon","coordinates":[[[[126.913909,35.157203],[126.913876,35.157124],[126.913805,35.157137],[126.913828,35.157214],[126.913873,35.157214],[126.913909,35.157203]]]]}},{"type":"Feature","id":"1966192080231832371400000000","properties":{"id":"1966192080231832371400000000","pnu":"1221011700100050005","year":1966,"purpose":"제1종 근린생활시설"},"geometry":{"type":"MultiPolygon","coordinates":[[[[126.913926,35.148299],[126.913973,35.148263],[126.91387,35.148176],[126.913821,35.14822],[126.913926,35.148299]]]]}},{"type":"Feature","id":"1966192086641834364600000000","properties":{"id":"1966192086641834364600000000","pnu":"1221013000100070031","purpose":"제1종 근린생활시설","floors":3,"structure":"철근콘크리트구조"},"geometry":{"type":"MultiPolygon","coordinates":[[[[126.913869,35.150001],[126.913978,35.150111],[126.914069,35.150054],[126.91402,35.150011],[126.914011,35.150016],[126.913997,35.150001],[126.913983,35.149986],[126.913961,35.150001],[126.913953,35.150005],[126.913949,35.150001],[126.913911,35.14996],[126.913861,35.149992],[126.913869,35.150001]]]]}},{"type":"Feature","id":"1966192098061832927400000000","properties":{"id":"1966192098061832927400000000","pnu":"1221011700100020000","purpose":"제1종 근린생활시설","far":266.2,"floors":3,"structure":"철근콘크리트구조"},"geometry":{"type":"MultiPolygon","coordinates":[[[[126.914026,35.148729],[126.914104,35.148803],[126.914165,35.148762],[126.914073,35.148673],[126.914044,35.148694],[126.914046,35.148697],[126.914036,35.148706],[126.914045,35.148715],[126.914026,35.148729]]]]}},{"type":"Feature","id":"1966192102391834454500000000","properties":{"id":"1966192102391834454500000000","pnu":"1221013000100070012","purpose":"제1종 근린생활시설","floors":3,"structure":"벽돌구조"},"geometry":{"type":"MultiPolygon","coordinates":[[[[126.914183,35.150188],[126.91423,35.150141],[126.91408,35.150047],[126.914043,35.150079],[126.914183,35.150188]]]]}},{"type":"Feature","id":"1966192107991832278100000000","properties":{"id":"1966192107991832278100000000","pnu":"1221011700100070000","purpose":"제1종 근린생활시설","floors":1,"structure":"일반목구조"},"geometry":{"type":"MultiPolygon","coordinates":[[[[126.914176,35.148188],[126.914233,35.148174],[126.914222,35.148113],[126.914169,35.148146],[126.914176,35.148188]]]]}},{"type":"Feature","id":"1966192116541832239900000000","properties":{"id":"1966192116541832239900000000","pnu":"1221011700100070000","purpose":"제1종 근린생활시설","floors":1,"structure":"일반목구조"},"geometry":{"type":"MultiPolygon","coordinates":[[[[126.914235,35.148085],[126.914238,35.148159],[126.914356,35.148156],[126.914353,35.148082],[126.914235,35.148085]]]]}},{"type":"Feature","id":"1966192201211836413000000000","properties":{"id":"1966192201211836413000000000","pnu":"1221013400100010002","purpose":"기타","structure":"벽돌구조"},"geometry":{"type":"MultiPolygon","coordinates":[[[[126.915214,35.151942],[126.91529,35.151871],[126.915228,35.151824],[126.915151,35.151892],[126.915214,35.151942]]]]}},{"type":"Feature","id":"1966192206381836473400000000","properties":{"id":"1966192206381836473400000000","pnu":"1221013400100010002","purpose":"기타","structure":"일반목구조"},"geometry":{"type":"MultiPolygon","coordinates":[[[[126.915219,35.151945],[126.915265,35.151986],[126.915342,35.151933],[126.915276,35.151888],[126.915219,35.151945]]]]}},{"type":"Feature","id":"1966192211251836405100000000","properties":{"id":"1966192211251836405100000000","pnu":"1221013400100010002","purpose":"제1종 근린생활시설","floors":2,"structure":"벽돌구조"},"geometry":{"type":"MultiPolygon","coordinates":[[[[126.915361,35.151944],[126.915413,35.151896],[126.915288,35.151804],[126.91525,35.151839],[126.915294,35.151873],[126.915281,35.151886],[126.915361,35.151944]]]]}},{"type":"Feature","id":"1966192281581840190400000000","properties":{"id":"1966192281581840190400000000","pnu":"1221010900104700017","year":1966,"purpose":"제1종 근린생활시설"},"geometry":{"type":"MultiPolygon","coordinates":[[[[126.916062,35.155351],[126.916183,35.155277],[126.91614,35.155227],[126.916016,35.155293],[126.916062,35.155351]]]]}},{"type":"Feature","id":"1966192318781833051800000000","properties":{"id":"1966192318781833051800000000","pnu":"1221013200100280001","purpose":"제1종 근린생활시설","floors":3,"structure":"철근콘크리트구조"},"geometry":{"type":"MultiPolygon","coordinates":[[[[126.916416,35.148882],[126.916489,35.14894],[126.916573,35.148869],[126.916552,35.148853],[126.916609,35.148805],[126.916556,35.148763],[126.916416,35.148882]]]]}},{"type":"Feature","id":"1966192360181836521500000000","properties":{"id":"1966192360181836521500000000","pnu":"1221010100101610002","purpose":"기타","floors":3,"structure":"철근콘크리트구조"},"geometry":{"type":"MultiPolygon","coordinates":[[[[126.916986,35.152045],[126.917043,35.151994],[126.916943,35.151917],[126.916887,35.151969],[126.916986,35.152045]]]]}},{"type":"Feature","id":"1966192376391837650000000000","properties":{"id":"1966192376391837650000000000","pnu":"1221010100103130023","purpose":"기타","floors":1,"structure":"일반목구조"},"geometry":{"type":"MultiPolygon","coordinates":[[[[126.917142,35.153003],[126.917143,35.153003],[126.917144,35.153003],[126.917145,35.153003],[126.917145,35.153002],[126.917146,35.153002],[126.917147,35.153001],[126.917147,35.153],[126.917147,35.153],[126.917147,35.152999],[126.917147,35.152998],[126.917147,35.152997],[126.917147,35.152997],[126.917146,35.152996],[126.917145,35.152995],[126.917145,35.152995],[126.917144,35.152995],[126.917143,35.152994],[126.917142,35.152994],[126.917141,35.152994],[126.91714,35.152995],[126.917139,35.152995],[126.917138,35.152995],[126.917138,35.152996],[126.917137,35.152997],[126.917137,35.152997],[126.917136,35.152998],[126.917136,35.152999],[126.917136,35.153],[126.917137,35.153],[126.917137,35.153001],[126.917138,35.153002],[126.917138,35.153002],[126.917139,35.153003],[126.91714,35.153003],[126.917141,35.153003],[126.917142,35.153003]]]]}},{"type":"Feature","id":"1966192379381836642900000000","properties":{"id":"1966192379381836642900000000","pnu":"1221010100101610002","purpose":"기타","floors":3,"structure":"철근콘크리트구조"},"geometry":{"type":"MultiPolygon","coordinates":[[[[126.917086,35.152173],[126.917122,35.152197],[126.917165,35.152205],[126.917303,35.152083],[126.917151,35.151975],[126.917068,35.152056],[126.917139,35.152111],[126.917086,35.152173]]]]}},{"type":"Feature","id":"1966192385081836466800000000","properties":{"id":"1966192385081836466800000000","pnu":"1221010100101610002","purpose":"기타","floors":3,"structure":"철근콘크리트구조"},"geometry":{"type":"MultiPolygon","coordinates":[[[[126.917218,35.152002],[126.917324,35.151916],[126.917253,35.151862],[126.917155,35.151952],[126.917218,35.152002]]]]}},{"type":"Feature","id":"1966192385891837735200000000","properties":{"id":"1966192385891837735200000000","pnu":"1221010100103130026","purpose":"제1종 근린생활시설","floors":2,"structure":"일반목구조"},"geometry":{"type":"MultiPolygon","coordinates":[[[[126.917246,35.15308],[126.917247,35.15308],[126.917248,35.15308],[126.917249,35.15308],[126.91725,35.153079],[126.91725,35.153079],[126.917251,35.153078],[126.917251,35.153077],[126.917251,35.153076],[126.917252,35.153076],[126.917251,35.153075],[126.917251,35.153074],[126.917251,35.153073],[126.91725,35.153073],[126.91725,35.153072],[126.917249,35.153072],[126.917248,35.153071],[126.917247,35.153071],[126.917246,35.153071],[126.917245,35.153071],[126.917244,35.153071],[126.917243,35.153072],[126.917243,35.153072],[126.917242,35.153073],[126.917241,35.153073],[126.917241,35.153074],[126.917241,35.153075],[126.917241,35.153076],[126.917241,35.153076],[126.917241,35.153077],[126.917241,35.153078],[126.917242,35.153079],[126.917243,35.153079],[126.917243,35.15308],[126.917244,35.15308],[126.917245,35.15308],[126.917246,35.15308]]]]}},{"type":"Feature","id":"1966192396881840342300000000","properties":{"id":"1966192396881840342300000000","pnu":"1221010900104660004","purpose":"단독주택","floors":1,"structure":"일반목구조"},"geometry":{"type":"MultiPolygon","coordinates":[[[[126.917382,35.155467],[126.917419,35.155439],[126.917343,35.155383],[126.917311,35.155413],[126.917382,35.155467]]]]}},{"type":"Feature","id":"1966192398501840274600000000","properties":{"id":"1966192398501840274600000000","pnu":"1221010900104660004","purpose":"기타","structure":"벽돌구조"},"geometry":{"type":"MultiPolygon","coordinates":[[[[126.917381,35.155392],[126.917414,35.155367],[126.91738,35.155337],[126.91736,35.155352],[126.917364,35.155356],[126.917352,35.155366],[126.917381,35.155392]]]]}},{"type":"Feature","id":"1966192419271840218800000000","properties":{"id":"1966192419271840218800000000","pnu":"1221010900104660010","purpose":"단독주택","floors":1,"structure":"일반목구조"},"geometry":{"type":"MultiPolygon","coordinates":[[[[126.917589,35.155367],[126.917674,35.155303],[126.91763,35.155261],[126.917546,35.155328],[126.917589,35.155367]]]]}},{"type":"Feature","id":"1966192483231840792800000000","properties":{"id":"1966192483231840792800000000","pnu":"1221010900104630010","purpose":"기타","structure":"블록구조"},"geometry":{"type":"MultiPolygon","coordinates":[[[[126.918312,35.155837],[126.918313,35.155837],[126.918313,35.155837],[126.918314,35.155836],[126.918315,35.155836],[126.918316,35.155835],[126.918316,35.155835],[126.918317,35.155834],[126.918317,35.155833],[126.918317,35.155832],[126.918317,35.155832],[126.918317,35.155831],[126.918316,35.15583],[126.918316,35.155829],[126.918315,35.155829],[126.918314,35.155828],[126.918313,35.155828],[126.918313,35.155828],[126.918312,35.155828],[126.918311,35.155828],[126.91831,35.155828],[126.918309,35.155828],[126.918308,35.155829],[126.918307,35.155829],[126.918307,35.15583],[126.918306,35.155831],[126.918306,35.155832],[126.918306,35.155832],[126.918306,35.155833],[126.918306,35.155834],[126.918307,35.155835],[126.918307,35.155835],[126.918308,35.155836],[126.918309,35.155836],[126.91831,35.155837],[126.918311,35.155837],[126.918312,35.155837]]]]}},{"type":"Feature","id":"1966192486551840847800000000","properties":{"id":"1966192486551840847800000000","pnu":"1221010900104630010","purpose":"단독주택","floors":1,"structure":"벽돌구조"},"geometry":{"type":"MultiPolygon","coordinates":[[[[126.918357,35.155926],[126.918394,35.155904],[126.918336,35.155838],[126.918302,35.155859],[126.918357,35.155926]]]]}},{"type":"Feature","id":"1966192488981840746800000000","properties":{"id":"1966192488981840746800000000","pnu":"1221010900104630026","purpose":"기타","structure":"일반목구조"},"geometry":{"type":"MultiPolygon","coordinates":[[[[126.918375,35.155795],[126.918376,35.155795],[126.918377,35.155795],[126.918377,35.155795],[126.918378,35.155794],[126.918379,35.155794],[126.918379,35.155793],[126.91838,35.155792],[126.91838,35.155792],[126.91838,35.155791],[126.91838,35.15579],[126.91838,35.155789],[126.918379,35.155789],[126.918379,35.155788],[126.918378,35.155787],[126.918377,35.155787],[126.918377,35.155787],[126.918376,35.155786],[126.918375,35.155786],[126.918374,35.155786],[126.918373,35.155787],[126.918372,35.155787],[126.918371,35.155787],[126.918371,35.155788],[126.91837,35.155789],[126.91837,35.155789],[126.918369,35.15579],[126.918369,35.155791],[126.918369,35.155792],[126.91837,35.155792],[126.91837,35.155793],[126.918371,35.155794],[126.918371,35.155794],[126.918372,35.155795],[126.918373,35.155795],[126.918374,35.155795],[126.918375,35.155795]]]]}},{"type":"Feature","id":"1966192492671840806800000000","properties":{"id":"1966192492671840806800000000","pnu":"1221010900104630026","purpose":"단독주택","floors":1,"structure":"일반목구조"},"geometry":{"type":"MultiPolygon","coordinates":[[[[126.918425,35.155903],[126.918472,35.155882],[126.918407,35.155789],[126.918357,35.155807],[126.918425,35.155903]]]]}},{"type":"Feature","id":"1966192496381840780200000000","properties":{"id":"1966192496381840780200000000","pnu":"1221010900104630026","purpose":"기타","structure":"블록구조"},"geometry":{"type":"MultiPolygon","coordinates":[[[[126.918456,35.155826],[126.918457,35.155825],[126.918458,35.155825],[126.918459,35.155825],[126.918459,35.155825],[126.91846,35.155824],[126.918461,35.155823],[126.918461,35.155823],[126.918461,35.155822],[126.918461,35.155821],[126.918461,35.15582],[126.918461,35.15582],[126.918461,35.155819],[126.91846,35.155818],[126.918459,35.155818],[126.918459,35.155817],[126.918458,35.155817],[126.918457,35.155817],[126.918456,35.155817],[126.918455,35.155817],[126.918454,35.155817],[126.918453,35.155817],[126.918452,35.155818],[126.918452,35.155818],[126.918451,35.155819],[126.918451,35.15582],[126.91845,35.15582],[126.91845,35.155821],[126.91845,35.155822],[126.918451,35.155823],[126.918451,35.155823],[126.918452,35.155824],[126.918452,35.155824],[126.918453,35.155825],[126.918454,35.155825],[126.918455,35.155825],[126.918456,35.155826]]]]}},{"type":"Feature","id":"1966192502241840367000000000","properties":{"id":"1966192502241840367000000000","pnu":"1221010900104620009","purpose":"기타","structure":"블록구조"},"geometry":{"type":"MultiPolygon","coordinates":[[[[126.918529,35.155465],[126.918539,35.155451],[126.918516,35.155434],[126.9185,35.155445],[126.918529,35.155465]]]]}},{"type":"Feature","id":"1966192505951840292200000000","properties":{"id":"1966192505951840292200000000","pnu":"1221010900104620009","purpose":"단독주택","floors":1,"structure":"일반목구조"},"geometry":{"type":"MultiPolygon","coordinates":[[[[126.918609,35.155345],[126.918564,35.15533],[126.918515,35.15542],[126.918554,35.155435],[126.918609,35.155345]]]]}},{"type":"Feature","id":"1966192517341839259700000000","properties":{"id":"1966192517341839259700000000","pnu":"1221010900103100002","year":1966,"purpose":"단독주택"},"geometry":{"type":"MultiPolygon","coordinates":[[[[126.91867,35.154505],[126.918777,35.154419],[126.918752,35.154396],[126.918696,35.154447],[126.918647,35.154418],[126.918608,35.154452],[126.91867,35.154505]]]]}},{"type":"Feature","id":"1966192517761839193700000000","properties":{"id":"1966192517761839193700000000","pnu":"1221010900103100002","year":1966,"purpose":"단독주택"},"geometry":{"type":"MultiPolygon","coordinates":[[[[126.918697,35.154429],[126.918738,35.154388],[126.918686,35.154355],[126.918645,35.154391],[126.918697,35.154429]]]]}},{"type":"Feature","id":"1966192524671839152400000000","properties":{"id":"1966192524671839152400000000","pnu":"1221010900103100002","year":1966,"purpose":"단독주택"},"geometry":{"type":"MultiPolygon","coordinates":[[[[126.918793,35.154398],[126.918823,35.154372],[126.918743,35.154309],[126.918714,35.154339],[126.918793,35.154398]]]]}},{"type":"Feature","id":"1966192527851839109600000000","properties":{"id":"1966192527851839109600000000","pnu":"1221010900103100002","year":1966,"purpose":"단독주택"},"geometry":{"type":"MultiPolygon","coordinates":[[[[126.918823,35.154352],[126.918849,35.154328],[126.918782,35.15428],[126.918756,35.154301],[126.918823,35.154352]]]]}},{"type":"Feature","id":"1966192540131838577500000000","properties":{"id":"1966192540131838577500000000","pnu":"1221010900103850011","purpose":"단독주택","floors":1,"structure":"블록구조"},"geometry":{"type":"MultiPolygon","coordinates":[[[[126.918938,35.153841],[126.918939,35.15384],[126.91894,35.15384],[126.918941,35.15384],[126.918942,35.153839],[126.918942,35.153839],[126.918943,35.153838],[126.918943,35.153838],[126.918943,35.153837],[126.918943,35.153836],[126.918943,35.153835],[126.918943,35.153834],[126.918943,35.153834],[126.918942,35.153833],[126.918942,35.153833],[126.918941,35.153832],[126.91894,35.153832],[126.918939,35.153832],[126.918938,35.153832],[126.918937,35.153832],[126.918936,35.153832],[126.918935,35.153832],[126.918934,35.153833],[126.918934,35.153833],[126.918933,35.153834],[126.918933,35.153834],[126.918933,35.153835],[126.918933,35.153836],[126.918933,35.153837],[126.918933,35.153838],[126.918933,35.153838],[126.918934,35.153839],[126.918934,35.153839],[126.918935,35.15384],[126.918936,35.15384],[126.918937,35.15384],[126.918938,35.153841]]]]}},{"type":"Feature","id":"1967191739601836091300000000","properties":{"id":"1967191739601836091300000000","pnu":"1221010300100950006","year":1967,"purpose":"제2종 근린생활시설"},"geometry":{"type":"MultiPolygon","coordinates":[[[[126.91018,35.151661],[126.910247,35.151616],[126.910131,35.151515],[126.910064,35.151565],[126.91018,35.151661]]]]}},{"type":"Feature","id":"1967191745961836188600000000","properties":{"id":"1967191745961836188600000000","pnu":"1221010300100950006","year":1967,"purpose":"단독주택"},"geometry":{"type":"MultiPolygon","coordinates":[[[[126.910265,35.151669],[126.910233,35.151643],[126.910184,35.151684],[126.910216,35.15171],[126.910265,35.151669]]]]}},{"type":"Feature","id":"1967191750751836137100000000","properties":{"id":"1967191750751836137100000000","pnu":"1221010300100950006","year":1967,"purpose":"단독주택"},"geometry":{"type":"MultiPolygon","coordinates":[[[[126.910271,35.151665],[126.91032,35.151627],[126.910284,35.151595],[126.910234,35.151633],[126.910271,35.151665]]]]}},{"type":"Feature","id":"1967191770391835252900000000","properties":{"id":"1967191770391835252900000000","pnu":"1221010400100440008","year":1967,"purpose":"단독주택"},"geometry":{"type":"MultiPolygon","coordinates":[[[[126.910494,35.150838],[126.910495,35.150838],[126.910495,35.150838],[126.910496,35.150837],[126.910497,35.150837],[126.910498,35.150836],[126.910498,35.150836],[126.910499,35.150835],[126.910499,35.150834],[126.910499,35.150833],[126.910499,35.150833],[126.910499,35.150832],[126.910498,35.150831],[126.910498,35.15083],[126.910497,35.15083],[126.910496,35.150829],[126.910495,35.150829],[126.910495,35.150829],[126.910494,35.150829],[126.910493,35.150829],[126.910492,35.150829],[126.910491,35.150829],[126.91049,35.15083],[126.910489,35.15083],[126.910489,35.150831],[126.910488,35.150832],[126.910488,35.150833],[126.910488,35.150833],[126.910488,35.150834],[126.910488,35.150835],[126.910489,35.150836],[126.910489,35.150836],[126.91049,35.150837],[126.910491,35.150837],[126.910492,35.150838],[126.910493,35.150838],[126.910494,35.150838]]]]}},{"type":"Feature","id":"1967191771131835316200000000","properties":{"id":"1967191771131835316200000000","pnu":"1221010400100440008","purpose":"단독주택"},"geometry":{"type":"MultiPolygon","coordinates":[[[[126.910475,35.150942],[126.91057,35.150876],[126.910527,35.150839],[126.910433,35.150905],[126.910475,35.150942]]]]}},{"type":"Feature","id":"1967191776911835381200000000","properties":{"id":"1967191776911835381200000000","pnu":"1221010400100440006","purpose":"단독주택","floors":1,"structure":"일반목구조"},"geometry":{"type":"MultiPolygon","coordinates":[[[[126.910535,35.15101],[126.910641,35.150929],[126.910593,35.150891],[126.910492,35.150964],[126.910535,35.15101]]]]}},{"type":"Feature","id":"1967191789211834283500000000","properties":{"id":"1967191789211834283500000000","pnu":"1221010400100770002","purpose":"제1종 근린생활시설","floors":5,"structure":"철근콘크리트구조"},"geometry":{"type":"MultiPolygon","coordinates":[[[[126.910657,35.150001],[126.910687,35.150025],[126.910716,35.150001],[126.91078,35.149945],[126.910706,35.149895],[126.910627,35.149976],[126.910657,35.150001]]]]}},{"type":"Feature","id":"1967191890511833051400000000","properties":{"id":"1967191890511833051400000000","pnu":"1221011500100050005","purpose":"단독주택"},"geometry":{"type":"MultiPolygon","coordinates":[[[[126.911754,35.148865],[126.911841,35.148897],[126.911874,35.148835],[126.911787,35.148803],[126.911754,35.148865]]]]}},{"type":"Feature","id":"1967191921441832470500000000","properties":{"id":"1967191921441832470500000000","pnu":"1221011500100320009","purpose":"제2종 근린생활시설","far":37.06,"floors":3,"structure":"철근콘크리트구조"},"geometry":{"type":"MultiPolygon","coordinates":[[[[126.912256,35.148304],[126.912183,35.148261],[126.912172,35.148272],[126.912129,35.148247],[126.912053,35.148341],[126.912167,35.148414],[126.912256,35.148304]]]]}},{"type":"Feature","id":"1967191923071832357500000000","properties":{"id":"1967191923071832357500000000","pnu":"1221011500100320009","purpose":"기타","structure":"벽돌구조"},"geometry":{"type":"MultiPolygon","coordinates":[[[[126.91213,35.148235],[126.912176,35.14826],[126.912213,35.148215],[126.912169,35.14819],[126.91213,35.148235]]]]}},{"type":"Feature","id":"1967191925981832317400000000","properties":{"id":"1967191925981832317400000000","pnu":"1221011500100320009","purpose":"기타","structure":"벽돌구조"},"geometry":{"type":"MultiPolygon","coordinates":[[[[126.912204,35.148193],[126.912205,35.148193],[126.912206,35.148193],[126.912207,35.148193],[126.912208,35.148192],[126.912208,35.148192],[126.912209,35.148191],[126.912209,35.14819],[126.912209,35.148189],[126.912209,35.148189],[126.912209,35.148188],[126.912209,35.148187],[126.912209,35.148186],[126.912208,35.148186],[126.912208,35.148185],[126.912207,35.148185],[126.912206,35.148184],[126.912205,35.148184],[126.912204,35.148184],[126.912203,35.148184],[126.912202,35.148184],[126.912201,35.148185],[126.9122,35.148185],[126.9122,35.148186],[126.912199,35.148186],[126.912199,35.148187],[126.912199,35.148188],[126.912199,35.148189],[126.912199,35.148189],[126.912199,35.14819],[126.912199,35.148191],[126.9122,35.148192],[126.9122,35.148192],[126.912201,35.148193],[126.912202,35.148193],[126.912203,35.148193],[126.912204,35.148193]]]]}},{"type":"Feature","id":"1967191934931832281100000000","properties":{"id":"1967191934931832281100000000","pnu":"1221011500100320021","purpose":"제2종 근린생활시설","floors":2,"structure":"벽돌구조"},"geometry":{"type":"MultiPolygon","coordinates":[[[[126.912343,35.148231],[126.91239,35.148174],[126.912348,35.148145],[126.912354,35.148133],[126.912266,35.148084],[126.912211,35.148145],[126.912343,35.148231]]]]}},{"type":"Feature","id":"1967191958721836057900000000","properties":{"id":"1967191958721836057900000000","pnu":"1221010200101470007","purpose":"제1종 근린생활시설"},"geometry":{"type":"MultiPolygon","coordinates":[[[[126.912528,35.151637],[126.912658,35.151541],[126.912592,35.151485],[126.912462,35.151577],[126.912528,35.151637]]]]}},{"type":"Feature","id":"1967192006941839052900000000","properties":{"id":"1967192006941839052900000000","pnu":"1221010100100230004","year":1967,"purpose":"숙박시설"},"geometry":{"type":"MultiPolygon","coordinates":[[[[126.9131,35.154319],[126.913159,35.154259],[126.913061,35.154204],[126.913018,35.154258],[126.9131,35.154319]]]]}},{"type":"Feature","id":"1967192012551838972000000000","properties":{"id":"1967192012551838972000000000","pnu":"1221010100100230004","year":1967,"purpose":"제2종 근린생활시설"},"geometry":{"type":"MultiPolygon","coordinates":[[[[126.913164,35.154255],[126.913235,35.154177],[126.913128,35.154122],[126.913061,35.154196],[126.913164,35.154255]]]]}},{"type":"Feature","id":"1967192028181840629900000000","properties":{"id":"1967192028181840629900000000","pnu":"1221010100103210020","year":1967,"purpose":"단독주택"},"geometry":{"type":"MultiPolygon","coordinates":[[[[126.913252,35.155716],[126.913399,35.155714],[126.913398,35.155664],[126.913319,35.155665],[126.913319,35.155637],[126.913253,35.155638],[126.913252,35.155716]]]]}},{"type":"Feature","id":"1967192028251840532500000000","properties":{"id":"1967192028251840532500000000","pnu":"1221010100103210046","purpose":"단독주택","floors":1,"structure":"블록구조"},"geometry":{"type":"MultiPolygon","coordinates":[[[[126.913255,35.155567],[126.913255,35.155623],[126.913382,35.155621],[126.913381,35.155566],[126.913255,35.155567]]]]}},{"type":"Feature","id":"1967192028671840571400000000","properties":{"id":"1967192028671840571400000000","pnu":"1221010100103210020","year":1967,"purpose":"단독주택"},"geometry":{"type":"MultiPolygon","coordinates":[[[[126.913253,35.155637],[126.913394,35.155635],[126.913394,35.155622],[126.913253,35.155623],[126.913253,35.155637]]]]}},{"type":"Feature","id":"1967192037361837401000000000","properties":{"id":"1967192037361837401000000000","pnu":"1221010200100910001","purpose":"기타","floors":7,"structure":"철근콘크리트구조"},"geometry":{"type":"MultiPolygon","coordinates":[[[[126.913578,35.152775],[126.913431,35.152648],[126.913261,35.152781],[126.913378,35.152874],[126.913413,35.152849],[126.913448,35.152877],[126.913456,35.152871],[126.913578,35.152775]]]]}},{"type":"Feature","id":"1967192063351843090000000000","properties":{"id":"1967192063351843090000000000","pnu":"1221010900102390114","year":1985,"purpose":"단독주택","floors":1,"structure":"블록구조"},"geometry":{"type":"MultiPolygon","coordinates":[[[[126.913653,35.157937],[126.913767,35.157904],[126.913752,35.157864],[126.913635,35.157894],[126.913653,35.157937]]]]}},{"type":"Feature","id":"1967192097731832222900000000","properties":{"id":"1967192097731832222900000000","pnu":"1221011700100060001","purpose":"제1종 근린생활시설","floors":2,"structure":"벽돌구조"},"geometry":{"type":"MultiPolygon","coordinates":[[[[126.914093,35.14817],[126.914163,35.148114],[126.914086,35.148042],[126.914014,35.148091],[126.914093,35.14817]]]]}},{"type":"Feature","id":"1967192103401832160500000000","properties":{"id":"1967192103401832160500000000","pnu":"1221011700100060001","purpose":"단독주택","floors":2,"structure":"일반목구조"},"geometry":{"type":"MultiPolygon","coordinates":[[[[126.914194,35.148096],[126.914217,35.148071],[126.91411,35.148002],[126.914084,35.148025],[126.914194,35.148096]]]]}},{"type":"Feature","id":"1967192140861837392000000000","properties":{"id":"1967192140861837392000000000","pnu":"1221010100100990000","year":1967,"purpose":"단독주택"},"geometry":{"type":"MultiPolygon","coordinates":[[[[126.914509,35.15277],[126.914546,35.152804],[126.914605,35.152757],[126.91457,35.152725],[126.914509,35.15277]]]]}},{"type":"Feature","id":"1967192141411833509600000000","properties":{"id":"1967192141411833509600000000","pnu":"1221012900100300005","purpose":"제1종 근린생활시설","far":236.95,"floors":3,"structure":"벽돌구조"},"geometry":{"type":"MultiPolygon","coordinates":[[[[126.914588,35.149379],[126.91469,35.1493],[126.914583,35.149214],[126.914584,35.149202],[126.914582,35.149142],[126.914502,35.149145],[126.914502,35.149157],[126.91453,35.149196],[126.914452,35.14926],[126.914588,35.149379]]]]}},{"type":"Feature","id":"1967192143451837473800000000","properties":{"id":"1967192143451837473800000000","pnu":"1221010100100990000","year":1967,"purpose":"제2종 근린생활시설"},"geometry":{"type":"MultiPolygon","coordinates":[[[[126.914569,35.152907],[126.914654,35.152797],[126.914606,35.152768],[126.914515,35.152879],[126.914569,35.152907]]]]}},{"type":"Feature","id":"1967192152301837611400000000","properties":{"id":"1967192152301837611400000000","pnu":"1221010100100910000","purpose":"단독주택","floors":1,"structure":"블록구조"},"geometry":{"type":"MultiPolygon","coordinates":[[[[126.914616,35.152983],[126.914653,35.153004],[126.914692,35.152959],[126.914746,35.152991],[126.914763,35.152971],[126.914672,35.152918],[126.914616,35.152983]]]]}},{"type":"Feature","id":"1967192154971837683900000000","properties":{"id":"1967192154971837683900000000","pnu":"1221010100100910000","purpose":"기타","structure":"블록구조"},"geometry":{"type":"MultiPolygon","coordinates":[[[[126.914775,35.153041],[126.914678,35.152982],[126.914649,35.153014],[126.914746,35.153073],[126.914775,35.153041]]]]}},{"type":"Feature","id":"1967192155621832904000000000","properties":{"id":"1967192155621832904000000000","pnu":"1221012900100370001","purpose":"제1종 근린생활시설","floors":2,"structure":"벽돌구조"},"geometry":{"type":"MultiPolygon","coordinates":[[[[126.914699,35.148754],[126.914769,35.148716],[126.914747,35.148686],[126.914679,35.148721],[126.914699,35.148754]]]]}},{"type":"Feature","id":"1967192161071832976600000000","properties":{"id":"1967192161071832976600000000","pnu":"1221012900100370001","purpose":"제1종 근린생활시설","floors":2,"structure":"벽돌구조"},"geometry":{"type":"MultiPolygon","coordinates":[[[[126.914792,35.148827],[126.914833,35.148798],[126.914773,35.148742],[126.914734,35.148772],[126.914792,35.148827]]]]}},{"type":"Feature","id":"1967192162311832834100000000","properties":{"id":"1967192162311832834100000000","pnu":"1221012900100380011","purpose":"제2종 근린생활시설","far":185.28,"floors":3,"structure":"벽돌구조"},"geometry":{"type":"MultiPolygon","coordinates":[[[[126.914736,35.148667],[126.914786,35.148706],[126.914858,35.148645],[126.914808,35.148607],[126.914736,35.148667]]]]}},{"type":"Feature","id":"1967192182531837308500000000","properties":{"id":"1967192182531837308500000000","pnu":"1221010100100960000","purpose":"기타"},"geometry":{"type":"MultiPolygon","coordinates":[[[[126.914993,35.152696],[126.915018,35.152708],[126.915036,35.152683],[126.915011,35.152671],[126.914993,35.152696]]]]}},{"type":"Feature","id":"1967192191921837321000000000","properties":{"id":"1967192191921837321000000000","pnu":"1221010100100960000","purpose":"제2종 근린생활시설"},"geometry":{"type":"MultiPolygon","coordinates":[[[[126.915036,35.15267],[126.915056,35.152685],[126.915045,35.152695],[126.915059,35.152705],[126.915069,35.152694],[126.915083,35.152705],[126.915072,35.152715],[126.915102,35.152735],[126.915078,35.152758],[126.915118,35.152786],[126.915209,35.152699],[126.915189,35.152684],[126.915183,35.15269],[126.915086,35.152622],[126.915036,35.15267]]]]}},{"type":"Feature","id":"1967192198961835689400000000","properties":{"id":"1967192198961835689400000000","pnu":"1221013400100370003","purpose":"단독주택"},"geometry":{"type":"MultiPolygon","coordinates":[[[[126.915209,35.151273],[126.915242,35.151207],[126.915183,35.151189],[126.915152,35.151252],[126.915209,35.151273]]]]}},{"type":"Feature","id":"1967192203171835819200000000","properties":{"id":"1967192203171835819200000000","pnu":"1221013400100390002","purpose":"단독주택","floors":1,"structure":"일반목구조"},"geometry":{"type":"MultiPolygon","coordinates":[[[[126.915242,35.151398],[126.915299,35.151328],[126.915246,35.151295],[126.915185,35.151368],[126.915242,35.151398]]]]}},{"type":"Feature","id":"1967192211901835874900000000","properties":{"id":"1967192211901835874900000000","pnu":"1221013400100390002","purpose":"단독주택","floors":1,"structure":"벽돌구조"},"geometry":{"type":"MultiPolygon","coordinates":[[[[126.915372,35.151439],[126.915398,35.151391],[126.915309,35.151356],[126.915276,35.151403],[126.915372,35.151439]]]]}},{"type":"Feature","id":"1967192215491833406000000000","properties":{"id":"1967192215491833406000000000","pnu":"1221012900100080000","purpose":"기타","floors":7,"structure":"철근콘크리트구조"},"geometry":{"type":"MultiPolygon","coordinates":[[[[126.915476,35.149338],[126.915576,35.149272],[126.915284,35.149006],[126.915185,35.149073],[126.915476,35.149338]]]]}},{"type":"Feature","id":"1967192223451835972100000000","properties":{"id":"1967192223451835972100000000","pnu":"1221013400100420004","purpose":"기타","structure":"벽돌구조"},"geometry":{"type":"MultiPolygon","coordinates":[[[[126.915465,35.15149],[126.915466,35.15149],[126.915467,35.151489],[126.915468,35.151489],[126.915469,35.151489],[126.915469,35.151488],[126.91547,35.151487],[126.91547,35.151487],[126.91547,35.151486],[126.91547,35.151485],[126.91547,35.151484],[126.91547,35.151484],[126.91547,35.151483],[126.915469,35.151482],[126.915469,35.151482],[126.915468,35.151481],[126.915467,35.151481],[126.915466,35.151481],[126.915465,35.151481],[126.915464,35.151481],[126.915463,35.151481],[126.915462,35.151481],[126.915461,35.151482],[126.915461,35.151482],[126.91546,35.151483],[126.91546,35.151484],[126.91546,35.151484],[126.91546,35.151485],[126.91546,35.151486],[126.91546,35.151487],[126.91546,35.151487],[126.915461,35.151488],[126.915461,35.151489],[126.915462,35.151489],[126.915463,35.151489],[126.915464,35.15149],[126.915465,35.15149]]]]}},{"type":"Feature","id":"1967192225431835840800000000","properties":{"id":"1967192225431835840800000000","pnu":"1221013400100420008","purpose":"제2종 근린생활시설","far":34.4,"floors":1,"structure":"일반목구조"},"geometry":{"type":"MultiPolygon","coordinates":[[[[126.915431,35.1514],[126.915491,35.151423],[126.915543,35.151334],[126.915484,35.151311],[126.915431,35.1514]]]]}},{"type":"Feature","id":"1967192233481835860100000000","properties":{"id":"1967192233481835860100000000","pnu":"1221013400100420008","purpose":"단독주택","floors":1,"structure":"벽돌구조"},"geometry":{"type":"MultiPolygon","coordinates":[[[[126.915544,35.151409],[126.91557,35.15142],[126.915606,35.15136],[126.91558,35.151349],[126.915544,35.151409]]]]}},{"type":"Feature","id":"1967192255221832542500000000","properties":{"id":"1967192255221832542500000000","pnu":"1221012900100160000","purpose":"제1종 근린생활시설","far":403.05,"floors":5,"structure":"철근콘크리트구조"},"geometry":{"type":"MultiPolygon","coordinates":[[[[126.915866,35.148487],[126.915907,35.148459],[126.915912,35.148429],[126.915765,35.148302],[126.91571,35.148345],[126.915866,35.148487]]]]}},{"type":"Feature","id":"1967192269041838359400000000","properties":{"id":"1967192269041838359400000000","pnu":"1221010100103120026","purpose":"제1종 근린생활시설","floors":4,"structure":"철근콘크리트구조"},"geometry":{"type":"MultiPolygon","coordinates":[[[[126.915963,35.153642],[126.915964,35.153642],[126.915965,35.153642],[126.915966,35.153641],[126.915967,35.153641],[126.915967,35.15364],[126.915968,35.15364],[126.915968,35.153639],[126.915969,35.153638],[126.915969,35.153637],[126.915969,35.153637],[126.915968,35.153636],[126.915968,35.153635],[126.915967,35.153634],[126.915967,35.153634],[126.915966,35.153633],[126.915965,35.153633],[126.915964,35.153633],[126.915963,35.153633],[126.915962,35.153633],[126.915961,35.153633],[126.91596,35.153633],[126.91596,35.153634],[126.915959,35.153634],[126.915958,35.153635],[126.915958,35.153636],[126.915958,35.153637],[126.915958,35.153637],[126.915958,35.153638],[126.915958,35.153639],[126.915958,35.15364],[126.915959,35.15364],[126.91596,35.153641],[126.91596,35.153641],[126.915961,35.153642],[126.915962,35.153642],[126.915963,35.153642]]]]}},{"type":"Feature","id":"1967192304031837132100000000","properties":{"id":"1967192304031837132100000000","pnu":"1221010100101740007","year":1967,"purpose":"단독주택"},"geometry":{"type":"MultiPolygon","coordinates":[[[[126.916384,35.152599],[126.916437,35.152543],[126.916311,35.152464],[126.91626,35.152521],[126.916384,35.152599]]]]}},{"type":"Feature","id":"1967192362911840041700000000","properties":{"id":"1967192362911840041700000000","pnu":"1221010900104670014","purpose":"단독주택"},"geometry":{"type":"MultiPolygon","coordinates":[[[[126.917036,35.155196],[126.917008,35.155107],[126.916966,35.155111],[126.916954,35.155157],[126.916953,35.155179],[126.916999,35.155195],[126.917036,35.155196]]]]}},{"type":"Feature","id":"1967192378911840178900000000","properties":{"id":"1967192378911840178900000000","pnu":"1221010900104670011","purpose":"단독주택","floors":1,"structure":"벽돌구조"},"geometry":{"type":"MultiPolygon","coordinates":[[[[126.91713,35.155315],[126.917198,35.155297],[126.91722,35.15527],[126.91721,35.155246],[126.917117,35.155263],[126.91713,35.155315]]]]}},{"type":"Feature","id":"1967192380351840074000000000","properties":{"id":"1967192380351840074000000000","pnu":"1221010900104670012","purpose":"제1종 근린생활시설","floors":1,"structure":"벽돌구조"},"geometry":{"type":"MultiPolygon","coordinates":[[[[126.917193,35.155215],[126.917219,35.155194],[126.917173,35.155152],[126.917147,35.155175],[126.917193,35.155215]]]]}},{"type":"Feature","id":"1967192387831840115000000000","properties":{"id":"1967192387831840115000000000","pnu":"1221010900104670012","purpose":"단독주택","floors":1,"structure":"벽돌구조"},"geometry":{"type":"MultiPolygon","coordinates":[[[[126.917262,35.155251],[126.917302,35.155215],[126.917268,35.15519],[126.917228,35.155226],[126.917262,35.155251]]]]}},{"type":"Feature","id":"1967192391251839845500000000","properties":{"id":"1967192391251839845500000000","pnu":"1221010900104380000","year":1967,"purpose":"기타"},"geometry":{"type":"MultiPolygon","coordinates":[[[[126.917348,35.155004],[126.917322,35.154988],[126.917366,35.154923],[126.917312,35.1549],[126.91724,35.155004],[126.917258,35.15503],[126.917312,35.155048],[126.917348,35.155004]]]]}},{"type":"Feature","id":"1967192400211843194100000000","properties":{"id":"1967192400211843194100000000","pnu":"1221010900104890009","purpose":"기타","structure":"벽돌구조"},"geometry":{"type":"MultiPolygon","coordinates":[[[[126.917414,35.158035],[126.917445,35.158011],[126.917381,35.157958],[126.917351,35.157979],[126.917414,35.158035]]]]}},{"type":"Feature","id":"1967192402551839894800000000","properties":{"id":"1967192402551839894800000000","pnu":"1221010900104380000","year":1967,"purpose":"단독주택"},"geometry":{"type":"MultiPolygon","coordinates":[[[[126.917414,35.15508],[126.917488,35.154993],[126.917441,35.154965],[126.917366,35.155051],[126.917414,35.15508]]]]}},{"type":"Feature","id":"1967192444481838477200000000","properties":{"id":"1967192444481838477200000000","pnu":"1221010100103080027","purpose":"단독주택","floors":1,"structure":"벽돌구조"},"geometry":{"type":"MultiPolygon","coordinates":[[[[126.917846,35.153758],[126.917895,35.153769],[126.91793,35.153741],[126.917885,35.153715],[126.917846,35.153758]]]]}},{"type":"Feature","id":"1967192452051840162900000000","properties":{"id":"1967192452051840162900000000","pnu":"1221010900104600004","purpose":"단독주택","floors":1,"structure":"벽돌구조"},"geometry":{"type":"MultiPolygon","coordinates":[[[[126.917936,35.155328],[126.918037,35.155222],[126.918004,35.155201],[126.917902,35.155308],[126.917936,35.155328]]]]}},{"type":"Feature","id":"1967192469921840958600000000","properties":{"id":"1967192469921840958600000000","pnu":"1221010900104630004","purpose":"기타","structure":"블록구조"},"geometry":{"type":"MultiPolygon","coordinates":[[[[126.918165,35.155986],[126.918166,35.155986],[126.918167,35.155986],[126.918168,35.155986],[126.918169,35.155985],[126.91817,35.155985],[126.91817,35.155984],[126.91817,35.155983],[126.918171,35.155982],[126.918171,35.155982],[126.918171,35.155981],[126.91817,35.15598],[126.91817,35.155979],[126.91817,35.155979],[126.918169,35.155978],[126.918168,35.155978],[126.918167,35.155977],[126.918166,35.155977],[126.918165,35.155977],[126.918164,35.155977],[126.918163,35.155977],[126.918163,35.155978],[126.918162,35.155978],[126.918161,35.155979],[126.918161,35.155979],[126.91816,35.15598],[126.91816,35.155981],[126.91816,35.155982],[126.91816,35.155982],[126.91816,35.155983],[126.918161,35.155984],[126.918161,35.155985],[126.918162,35.155985],[126.918163,35.155986],[126.918163,35.155986],[126.918164,35.155986],[126.918165,35.155986]]]]}},{"type":"Feature","id":"1967192470821841048200000000","properties":{"id":"1967192470821841048200000000","pnu":"1221010900104630004","purpose":"단독주택","floors":1,"structure":"일반목구조"},"geometry":{"type":"MultiPolygon","coordinates":[[[[126.918203,35.156109],[126.918232,35.156065],[126.918147,35.156016],[126.918118,35.156058],[126.918203,35.156109]]]]}},{"type":"Feature","id":"1967192471941840677600000000","properties":{"id":"1967192471941840677600000000","pnu":"1221010900104630023","purpose":"기타","structure":"일반목구조"},"geometry":{"type":"MultiPolygon","coordinates":[[[[126.918188,35.155733],[126.918189,35.155733],[126.91819,35.155733],[126.918191,35.155732],[126.918191,35.155732],[126.918192,35.155731],[126.918193,35.155731],[126.918193,35.15573],[126.918193,35.155729],[126.918193,35.155728],[126.918193,35.155728],[126.918193,35.155727],[126.918193,35.155726],[126.918192,35.155726],[126.918191,35.155725],[126.918191,35.155725],[126.91819,35.155724],[126.918189,35.155724],[126.918188,35.155724],[126.918187,35.155724],[126.918186,35.155724],[126.918185,35.155725],[126.918184,35.155725],[126.918184,35.155726],[126.918183,35.155726],[126.918183,35.155727],[126.918182,35.155728],[126.918182,35.155728],[126.918182,35.155729],[126.918183,35.15573],[126.918183,35.155731],[126.918184,35.155731],[126.918184,35.155732],[126.918185,35.155732],[126.918186,35.155733],[126.918187,35.155733],[126.918188,35.155733]]]]}},{"type":"Feature","id":"1967192474251840753500000000","properties":{"id":"1967192474251840753500000000","pnu":"1221010900104630023","purpose":"단독주택","floors":1,"structure":"일반목구조"},"geometry":{"type":"MultiPolygon","coordinates":[[[[126.91821,35.155857],[126.9183,35.155797],[126.918254,35.155755],[126.918224,35.155777],[126.91818,35.155745],[126.918128,35.155778],[126.91821,35.155857]]]]}},{"type":"Feature","id":"1967192474321834081300000000","properties":{"id":"1967192474321834081300000000","pnu":"1221010600100520009","year":1967,"purpose":"단독주택","floors":1,"structure":"벽돌구조"},"geometry":{"type":"MultiPolygon","coordinates":[[[[126.91822,35.149823],[126.918268,35.149783],[126.91822,35.149744],[126.918172,35.14978],[126.91822,35.149823]]]]}},{"type":"Feature","id":"1967192497541833316500000000","properties":{"id":"1967192497541833316500000000","pnu":"1221010500100810005","purpose":"제2종 근린생활시설","floors":1,"structure":"블록구조"},"geometry":{"type":"MultiPolygon","coordinates":[[[[126.918475,35.149098],[126.918476,35.149098],[126.918477,35.149098],[126.918478,35.149098],[126.918479,35.149097],[126.91848,35.149097],[126.91848,35.149096],[126.918481,35.149095],[126.918481,35.149094],[126.918481,35.149094],[126.918481,35.149093],[126.918481,35.149092],[126.91848,35.149091],[126.91848,35.149091],[126.918479,35.14909],[126.918478,35.14909],[126.918477,35.149089],[126.918476,35.149089],[126.918475,35.149089],[126.918475,35.149089],[126.918474,35.149089],[126.918473,35.14909],[126.918472,35.14909],[126.918471,35.149091],[126.918471,35.149091],[126.91847,35.149092],[126.91847,35.149093],[126.91847,35.149094],[126.91847,35.149094],[126.91847,35.149095],[126.918471,35.149096],[126.918471,35.149097],[126.918472,35.149097],[126.918473,35.149098],[126.918474,35.149098],[126.918475,35.149098],[126.918475,35.149098]]]]}},{"type":"Feature","id":"1967192500721840919300000000","properties":{"id":"1967192500721840919300000000","pnu":"1221010900104630011","purpose":"단독주택"},"geometry":{"type":"MultiPolygon","coordinates":[[[[126.918511,35.155993],[126.918569,35.15595],[126.918544,35.155928],[126.918535,35.155934],[126.918483,35.155902],[126.91844,35.155935],[126.918511,35.155993]]]]}},{"type":"Feature","id":"1967192504501834200400000000","properties":{"id":"1967192504501834200400000000","pnu":"1221010600100520005","purpose":"제1종 근린생활시설","far":170.51,"floors":2,"structure":"철근콘크리트구조"},"geometry":{"type":"MultiPolygon","coordinates":[[[[126.918529,35.149959],[126.918635,35.14986],[126.918579,35.149821],[126.918501,35.149895],[126.918489,35.149887],[126.918463,35.149912],[126.918529,35.149959]]]]}},{"type":"Feature","id":"1967192505191836719400000000","properties":{"id":"1967192505191836719400000000","pnu":"1221010700100130010","purpose":"단독주택"},"geometry":{"type":"MultiPolygon","coordinates":[[[[126.918556,35.152165],[126.918557,35.152165],[126.918558,35.152165],[126.918559,35.152165],[126.91856,35.152164],[126.918561,35.152164],[126.918561,35.152163],[126.918561,35.152163],[126.918562,35.152162],[126.918562,35.152161],[126.918562,35.15216],[126.918561,35.152159],[126.918561,35.152159],[126.918561,35.152158],[126.91856,35.152158],[126.918559,35.152157],[126.918558,35.152157],[126.918557,35.152157],[126.918556,35.152156],[126.918555,35.152157],[126.918554,35.152157],[126.918554,35.152157],[126.918553,35.152158],[126.918552,35.152158],[126.918552,35.152159],[126.918551,35.152159],[126.918551,35.15216],[126.918551,35.152161],[126.918551,35.152162],[126.918551,35.152163],[126.918552,35.152163],[126.918552,35.152164],[126.918553,35.152164],[126.918554,35.152165],[126.918554,35.152165],[126.918555,35.152165],[126.918556,35.152165]]]]}},{"type":"Feature","id":"1967192509571840869300000000","properties":{"id":"1967192509571840869300000000","pnu":"1221010900104630011","year":1967,"purpose":"단독주택"},"geometry":{"type":"MultiPolygon","coordinates":[[[[126.918609,35.155929],[126.918634,35.155913],[126.91859,35.155873],[126.918568,35.155891],[126.918609,35.155929]]]]}},{"type":"Feature","id":"1967192510131843079000000000","properties":{"id":"1967192510131843079000000000","pnu":"1221010900104850007","year":1967,"purpose":"제1종 근린생활시설"},"geometry":{"type":"MultiPolygon","coordinates":[[[[126.918562,35.157953],[126.918614,35.157916],[126.91864,35.157941],[126.9187,35.157894],[126.91865,35.157846],[126.918591,35.157841],[126.91851,35.157901],[126.918562,35.157953]]]]}},{"type":"Feature","id":"1967192514971836635600000000","properties":{"id":"1967192514971836635600000000","pnu":"1221010700100130009","purpose":"제2종 근린생활시설","far":45.37,"floors":1,"structure":"일반목구조"},"geometry":{"type":"MultiPolygon","coordinates":[[[[126.918664,35.15209],[126.918665,35.15209],[126.918666,35.15209],[126.918666,35.152089],[126.918667,35.152089],[126.918668,35.152088],[126.918668,35.152088],[126.918669,35.152087],[126.918669,35.152086],[126.918669,35.152085],[126.918669,35.152085],[126.918669,35.152084],[126.918668,35.152083],[126.918668,35.152083],[126.918667,35.152082],[126.918666,35.152082],[126.918666,35.152081],[126.918665,35.152081],[126.918664,35.152081],[126.918663,35.152081],[126.918662,35.152081],[126.918661,35.152082],[126.91866,35.152082],[126.918659,35.152083],[126.918659,35.152083],[126.918658,35.152084],[126.918658,35.152085],[126.918658,35.152085],[126.918658,35.152086],[126.918658,35.152087],[126.918659,35.152088],[126.918659,35.152088],[126.91866,35.152089],[126.918661,35.152089],[126.918662,35.15209],[126.918663,35.15209],[126.918664,35.15209]]]]}},{"type":"Feature","id":"1967192515501843141600000000","properties":{"id":"1967192515501843141600000000","pnu":"1221010900104850007","year":1967,"purpose":"단독주택"},"geometry":{"type":"MultiPolygon","coordinates":[[[[126.918633,35.157999],[126.918726,35.157928],[126.918694,35.1579],[126.918601,35.157972],[126.918633,35.157999]]]]}},{"type":"Feature","id":"1967192515641840777800000000","properties":{"id":"1967192515641840777800000000","pnu":"1221010900102970006","purpose":"단독주택","floors":1,"structure":"벽돌구조"},"geometry":{"type":"MultiPolygon","coordinates":[[[[126.918655,35.155859],[126.918711,35.155839],[126.91868,35.155779],[126.918624,35.155799],[126.918655,35.155859]]]]}},{"type":"Feature","id":"1967192516121834755700000000","properties":{"id":"1967192516121834755700000000","pnu":"1221010600100350010","purpose":"제2종 근린생활시설","far":58.88,"floors":1,"structure":"일반목구조"},"geometry":{"type":"MultiPolygon","coordinates":[[[[126.918682,35.150452],[126.918748,35.150382],[126.918672,35.150331],[126.918609,35.150398],[126.918682,35.150452]]]]}},{"type":"Feature","id":"1967192524761834650400000000","properties":{"id":"1967192524761834650400000000","pnu":"1221010600100350011","purpose":"단독주택","floors":1,"structure":"일반목구조"},"geometry":{"type":"MultiPolygon","coordinates":[[[[126.918782,35.150347],[126.918833,35.150289],[126.918763,35.150245],[126.918713,35.150303],[126.918782,35.150347]]]]}},{"type":"Feature","id":"1967192533271841724900000000","properties":{"id":"1967192533271841724900000000","pnu":"1221010900102960002","purpose":"단독주택","floors":1,"structure":"벽돌구조"},"geometry":{"type":"MultiPolygon","coordinates":[[[[126.918883,35.156704],[126.9189,35.15668],[126.918836,35.156643],[126.918819,35.156664],[126.918883,35.156704]]]]}},{"type":"Feature","id":"1967192539061835304900000000","properties":{"id":"1967192539061835304900000000","pnu":"1221010600100140000","purpose":"제2종 근린생활시설","far":188.97,"floors":3,"structure":"블록구조"},"geometry":{"type":"MultiPolygon","coordinates":[[[[126.918886,35.150954],[126.919012,35.150854],[126.918971,35.150818],[126.918847,35.150919],[126.918886,35.150954]]]]}},{"type":"Feature","id":"1968191681031837653600000000","properties":{"id":"1968191681031837653600000000","pnu":"1221010300100060003","purpose":"제1종 근린생활시설","floors":1,"structure":"블록구조"},"geometry":{"type":"MultiPolygon","coordinates":[[[[126.909517,35.153067],[126.909596,35.153012],[126.909503,35.152924],[126.909426,35.152983],[126.909517,35.153067]]]]}},{"type":"Feature","id":"1968191689091836535700000000","properties":{"id":"1968191689091836535700000000","pnu":"1221010300100960035","purpose":"단독주택","floors":1,"structure":"일반목구조"},"geometry":{"type":"MultiPolygon","coordinates":[[[[126.909615,35.152058],[126.909674,35.152024],[126.909587,35.151921],[126.909525,35.151952],[126.909615,35.152058]]]]}},{"type":"Feature","id":"1968191691321836443000000000","properties":{"id":"1968191691321836443000000000","pnu":"1221010300100960035","purpose":"기타","structure":"블록구조"},"geometry":{"type":"MultiPolygon","coordinates":[[[[126.909629,35.151935],[126.909658,35.151909],[126.909621,35.151876],[126.909591,35.151902],[126.909629,35.151935]]]]}},{"type":"Feature","id":"1968191697591836504600000000","properties":{"id":"1968191697591836504600000000","pnu":"1221010300100960035","purpose":"단독주택","floors":1,"structure":"일반목구조"},"geometry":{"type":"MultiPolygon","coordinates":[[[[126.909703,35.152002],[126.909742,35.151968],[126.90968,35.151921],[126.909646,35.151951],[126.909703,35.152002]]]]}},{"type":"Feature","id":"1968191784051834606600000000","properties":{"id":"1968191784051834606600000000","pnu":"1221010400100280000","purpose":"제1종 근린생활시설","floors":2,"structure":"철근콘크리트구조"},"geometry":{"type":"MultiPolygon","coordinates":[[[[126.910674,35.150326],[126.9107,35.150302],[126.910707,35.150241],[126.910622,35.15018],[126.910562,35.150237],[126.910674,35.150326]]]]}},{"type":"Feature","id":"1968191784571833721800000000","properties":{"id":"1968191784571833721800000000","pnu":"1221010400100840000","year":1968,"purpose":"숙박시설"},"geometry":{"type":"MultiPolygon","coordinates":[[[[126.910631,35.149501],[126.910698,35.149427],[126.910667,35.149407],[126.910604,35.149482],[126.910631,35.149501]]]]}},{"type":"Feature","id":"1968191787681834976500000000","properties":{"id":"1968191787681834976500000000","pnu":"1221010400100450004","year":1968,"purpose":"단독주택","floors":2,"structure":"벽돌구조"},"geometry":{"type":"MultiPolygon","coordinates":[[[[126.910748,35.150662],[126.910783,35.150635],[126.910612,35.150505],[126.910582,35.150527],[126.910748,35.150662]]]]}},{"type":"Feature","id":"1968191793411833790400000000","properties":{"id":"1968191793411833790400000000","pnu":"1221010400100840000","year":1968,"purpose":"숙박시설"},"geometry":{"type":"MultiPolygon","coordinates":[[[[126.910757,35.149589],[126.910847,35.149484],[126.910788,35.14945],[126.910759,35.149479],[126.910713,35.149467],[126.910709,35.149475],[126.910688,35.149469],[126.910653,35.149533],[126.910757,35.149589]]]]}},{"type":"Feature","id":"1968191804131834824400000000","properties":{"id":"1968191804131834824400000000","pnu":"1221010400100460012","year":1968,"purpose":"제1종 근린생활시설","floors":3,"structure":"벽돌구조"},"geometry":{"type":"MultiPolygon","coordinates":[[[[126.910864,35.150494],[126.910917,35.150443],[126.910865,35.150403],[126.910812,35.150448],[126.910864,35.150494]]]]}},{"type":"Feature","id":"1968191920271836620900000000","properties":{"id":"1968191920271836620900000000","pnu":"1221010200101140003","year":1968,"purpose":"기타","far":239.84,"floors":3,"structure":"철근콘크리트구조"},"geometry":{"type":"MultiPolygon","coordinates":[[[[126.912049,35.152046],[126.912106,35.15211],[126.912103,35.152112],[126.912132,35.152145],[126.912226,35.152088],[126.912139,35.151991],[126.912049,35.152046]]]]}},{"type":"Feature","id":"1968191934711834232500000000","properties":{"id":"1968191934711834232500000000","pnu":"1221010300100620009","year":1968,"purpose":"기타","far":168.12,"floors":4,"structure":"철근콘크리트구조"},"geometry":{"type":"MultiPolygon","coordinates":[[[[126.912118,35.150001],[126.912243,35.150108],[126.912373,35.150001],[126.912533,35.149868],[126.912366,35.149734],[126.912242,35.149835],[126.912191,35.149804],[126.912115,35.149864],[126.912157,35.149904],[126.91209,35.149976],[126.912118,35.150001]]]]}},{"type":"Feature","id":"1968192067241835058200000000","properties":{"id":"1968192067241835058200000000","pnu":"1221013400100870000","year":1968,"purpose":"제1종 근린생활시설","far":355.58,"floors":4,"structure":"철근콘크리트구조"},"geometry":{"type":"MultiPolygon","coordinates":[[[[126.913677,35.150667],[126.913738,35.150718],[126.913811,35.150658],[126.913818,35.150663],[126.913833,35.150651],[126.913826,35.150646],[126.913823,35.150648],[126.913771,35.150606],[126.913739,35.150631],[126.91373,35.150624],[126.913677,35.150667]]]]}},{"type":"Feature","id":"1968192067561842827200000000","properties":{"id":"1968192067561842827200000000","pnu":"1221010900102390131","purpose":"기타"},"geometry":{"type":"MultiPolygon","coordinates":[[[[126.913748,35.157667],[126.913749,35.157667],[126.913749,35.157667],[126.91375,35.157667],[126.913751,35.157666],[126.913752,35.157666],[126.913752,35.157665],[126.913753,35.157664],[126.913753,35.157664],[126.913753,35.157663],[126.913753,35.157662],[126.913753,35.157661],[126.913752,35.157661],[126.913752,35.15766],[126.913751,35.157659],[126.91375,35.157659],[126.913749,35.157659],[126.913749,35.157658],[126.913748,35.157658],[126.913747,35.157658],[126.913746,35.157659],[126.913745,35.157659],[126.913744,35.157659],[126.913743,35.15766],[126.913743,35.157661],[126.913742,35.157661],[126.913742,35.157662],[126.913742,35.157663],[126.913742,35.157664],[126.913742,35.157664],[126.913743,35.157665],[126.913743,35.157666],[126.913744,35.157666],[126.913745,35.157667],[126.913746,35.157667],[126.913747,35.157667],[126.913748,35.157667]]]]}},{"type":"Feature","id":"1968192112451833783800000000","properties":{"id":"1968192112451833783800000000","pnu":"1221013000100240000","year":1968,"purpose":"제1종 근린생활시설","floors":4,"structure":"철근콘크리트구조"},"geometry":{"type":"MultiPolygon","coordinates":[[[[126.914135,35.14953],[126.914242,35.149585],[126.914277,35.149591],[126.91428,35.149591],[126.914298,35.149584],[126.914318,35.149574],[126.914367,35.149521],[126.914221,35.149408],[126.914135,35.14953]]]]}},{"type":"Feature","id":"1968192125611833360100000000","properties":{"id":"1968192125611833360100000000","pnu":"1221012900100320002","year":1968,"purpose":"제1종 근린생활시설","floors":3,"structure":"철근콘크리트구조"},"geometry":{"type":"MultiPolygon","coordinates":[[[[126.914435,35.149256],[126.914503,35.149197],[126.914477,35.149178],[126.914495,35.149148],[126.914418,35.149082],[126.914445,35.149043],[126.914398,35.149001],[126.914267,35.149108],[126.914435,35.149256]]]]}},{"type":"Feature","id":"1968192136831833261000000000","properties":{"id":"1968192136831833261000000000","pnu":"1221012900100320002","purpose":"기타","structure":"벽돌구조"},"geometry":{"type":"MultiPolygon","coordinates":[[[[126.914488,35.149078],[126.914551,35.149073],[126.914549,35.149006],[126.914483,35.149007],[126.914488,35.149078]]]]}},{"type":"Feature","id":"1968192222001836938700000000","properties":{"id":"1968192222001836938700000000","pnu":"1221010100101170001","purpose":"제1종 근린생활시설","floors":2,"structure":"철근콘크리트구조"},"geometry":{"type":"MultiPolygon","coordinates":[[[[126.915445,35.15244],[126.915537,35.152339],[126.915454,35.152273],[126.915358,35.152374],[126.915445,35.15244]]]]}},{"type":"Feature","id":"1968192236791832414900000000","properties":{"id":"1968192236791832414900000000","pnu":"1221012900100190010","year":1968,"purpose":"제2종 근린생활시설","floors":5,"structure":"철근콘크리트구조"},"geometry":{"type":"MultiPolygon","coordinates":[[[[126.91576,35.148304],[126.915584,35.148157],[126.915473,35.14826],[126.915641,35.148397],[126.91576,35.148304]]]]}},{"type":"Feature","id":"1968192261421833173200000000","properties":{"id":"1968192261421833173200000000","pnu":"1221013300100130004","year":1968,"purpose":"단독주택"},"geometry":{"type":"MultiPolygon","coordinates":[[[[126.915992,35.14895],[126.915942,35.148913],[126.91587,35.148953],[126.91579,35.148918],[126.91577,35.14896],[126.915906,35.149019],[126.915992,35.14895]]]]}},{"type":"Feature","id":"1968192267361833447100000000","properties":{"id":"1968192267361833447100000000","pnu":"1221013300100120008","year":1968,"purpose":"단독주택","far":97.71,"floors":3,"structure":"벽돌구조"},"geometry":{"type":"MultiPolygon","coordinates":[[[[126.915984,35.149252],[126.916006,35.149233],[126.915913,35.149166],[126.915893,35.149185],[126.915984,35.149252]]]]}},{"type":"Feature","id":"1968192271521833383200000000","properties":{"id":"1968192271521833383200000000","pnu":"1221013300100120008","year":1968,"purpose":"단독주택","far":97.71,"floors":3,"structure":"벽돌구조"},"geometry":{"type":"MultiPolygon","coordinates":[[[[126.916005,35.149202],[126.916056,35.149164],[126.915984,35.149101],[126.915935,35.149141],[126.916005,35.149202]]]]}},{"type":"Feature","id":"1968192276971837895100000000","properties":{"id":"1968192276971837895100000000","pnu":"1221010100100490006","purpose":"제1종 근린생활시설","floors":3,"structure":"철근콘크리트구조"},"geometry":{"type":"MultiPolygon","coordinates":[[[[126.91605,35.153223],[126.916051,35.153223],[126.916052,35.153223],[126.916053,35.153223],[126.916054,35.153222],[126.916055,35.153222],[126.916055,35.153221],[126.916056,35.15322],[126.916056,35.15322],[126.916056,35.153219],[126.916056,35.153218],[126.916056,35.153217],[126.916055,35.153217],[126.916055,35.153216],[126.916054,35.153215],[126.916053,35.153215],[126.916052,35.153215],[126.916051,35.153214],[126.916051,35.153214],[126.91605,35.153214],[126.916049,35.153215],[126.916048,35.153215],[126.916047,35.153215],[126.916046,35.153216],[126.916046,35.153217],[126.916045,35.153217],[126.916045,35.153218],[126.916045,35.153219],[126.916045,35.15322],[126.916045,35.15322],[126.916046,35.153221],[126.916046,35.153222],[126.916047,35.153222],[126.916048,35.153223],[126.916049,35.153223],[126.91605,35.153223],[126.91605,35.153223]]]]}},{"type":"Feature","id":"1968192304021836966600000000","properties":{"id":"1968192304021836966600000000","pnu":"1221010100101750002","purpose":"숙박시설","floors":2,"structure":"벽돌구조"},"geometry":{"type":"MultiPolygon","coordinates":[[[[126.916322,35.152435],[126.916412,35.152364],[126.916379,35.15233],[126.916284,35.152397],[126.916322,35.152435]]]]}},{"type":"Feature","id":"1968192470881839089300000000","properties":{"id":"1968192470881839089300000000","pnu":"1221010900103930001","year":1968,"purpose":"숙박시설"},"geometry":{"type":"MultiPolygon","coordinates":[[[[126.91816,35.154362],[126.918253,35.154272],[126.918195,35.154233],[126.918103,35.154318],[126.91816,35.154362]]]]}},{"type":"Feature","id":"1968192472691839676700000000","properties":{"id":"1968192472691839676700000000","pnu":"1221010900104510001","year":1968,"purpose":"단독주택"},"geometry":{"type":"MultiPolygon","coordinates":[[[[126.918261,35.154828],[126.918157,35.154781],[126.918133,35.154824],[126.918234,35.154872],[126.918261,35.154828]]]]}},{"type":"Feature","id":"1968192474991839619000000000","properties":{"id":"1968192474991839619000000000","pnu":"1221010900104510001","year":1968,"purpose":"단독주택"},"geometry":{"type":"MultiPolygon","coordinates":[[[[126.918263,35.154811],[126.918281,35.154789],[126.918181,35.154737],[126.918165,35.154761],[126.918263,35.154811]]]]}},{"type":"Feature","id":"1968192475781839180900000000","properties":{"id":"1968192475781839180900000000","pnu":"1221010900103930001","year":1968,"purpose":"제1종 근린생활시설"},"geometry":{"type":"MultiPolygon","coordinates":[[[[126.918249,35.154424],[126.918289,35.154387],[126.918215,35.154335],[126.918173,35.154372],[126.918249,35.154424]]]]}},{"type":"Feature","id":"1968192482831839131900000000","properties":{"id":"1968192482831839131900000000","pnu":"1221010900103930001","year":1968,"purpose":"제1종 근린생활시설"},"geometry":{"type":"MultiPolygon","coordinates":[[[[126.918303,35.154382],[126.918364,35.154325],[126.918315,35.15429],[126.918254,35.154344],[126.918303,35.154382]]]]}},{"type":"Feature","id":"1968192511761837724800000000","properties":{"id":"1968192511761837724800000000","pnu":"1221010100101980006","year":1968,"purpose":"단독주택"},"geometry":{"type":"MultiPolygon","coordinates":[[[[126.918606,35.153139],[126.918718,35.153053],[126.918649,35.152996],[126.918537,35.153081],[126.918606,35.153139]]]]}},{"type":"Feature","id":"1968192530181841820000000000","properties":{"id":"1968192530181841820000000000","pnu":"1221010900102940017","purpose":"제2종 근린생활시설","floors":3,"structure":"철근콘크리트구조"},"geometry":{"type":"MultiPolygon","coordinates":[[[[126.918826,35.156763],[126.918827,35.156763],[126.918828,35.156763],[126.918829,35.156762],[126.918829,35.156762],[126.91883,35.156761],[126.918831,35.156761],[126.918831,35.15676],[126.918831,35.156759],[126.918831,35.156759],[126.918831,35.156758],[126.918831,35.156757],[126.918831,35.156756],[126.91883,35.156756],[126.918829,35.156755],[126.918829,35.156755],[126.918828,35.156754],[126.918827,35.156754],[126.918826,35.156754],[126.918825,35.156754],[126.918824,35.156754],[126.918823,35.156755],[126.918822,35.156755],[126.918822,35.156756],[126.918821,35.156756],[126.918821,35.156757],[126.918821,35.156758],[126.91882,35.156759],[126.918821,35.156759],[126.918821,35.15676],[126.918821,35.156761],[126.918822,35.156761],[126.918822,35.156762],[126.918823,35.156762],[126.918824,35.156763],[126.918825,35.156763],[126.918826,35.156763]]]]}},{"type":"Feature","id":"1968192533261842029200000000","properties":{"id":"1968192533261842029200000000","pnu":"1221010900102940017","purpose":"제1종 근린생활시설","floors":1,"structure":"일반목구조"},"geometry":{"type":"MultiPolygon","coordinates":[[[[126.918843,35.156979],[126.918899,35.156938],[126.918873,35.156916],[126.918822,35.156957],[126.918843,35.156979]]]]}},{"type":"Feature","id":"1968192538281841964200000000","properties":{"id":"1968192538281841964200000000","pnu":"1221010900102940017","purpose":"제2종 근린생활시설","structure":"벽돌구조"},"geometry":{"type":"MultiPolygon","coordinates":[[[[126.918915,35.156893],[126.918916,35.156893],[126.918916,35.156893],[126.918917,35.156892],[126.918918,35.156892],[126.918919,35.156891],[126.918919,35.156891],[126.91892,35.15689],[126.91892,35.156889],[126.91892,35.156889],[126.91892,35.156888],[126.91892,35.156887],[126.918919,35.156886],[126.918919,35.156886],[126.918918,35.156885],[126.918917,35.156885],[126.918917,35.156884],[126.918916,35.156884],[126.918915,35.156884],[126.918914,35.156884],[126.918913,35.156884],[126.918912,35.156885],[126.918911,35.156885],[126.91891,35.156886],[126.91891,35.156886],[126.918909,35.156887],[126.918909,35.156888],[126.918909,35.156889],[126.918909,35.156889],[126.918909,35.15689],[126.91891,35.156891],[126.91891,35.156891],[126.918911,35.156892],[126.918912,35.156892],[126.918913,35.156893],[126.918914,35.156893],[126.918915,35.156893]]]]}},{"type":"Feature","id":"1968192539751840307100000000","properties":{"id":"1968192539751840307100000000","pnu":"1221010900102980005","purpose":"기타","structure":"일반목구조"},"geometry":{"type":"MultiPolygon","coordinates":[[[[126.918978,35.155422],[126.918988,35.155394],[126.918885,35.155368],[126.918876,35.155395],[126.918978,35.155422]]]]}},{"type":"Feature","id":"1968192545761840390000000000","properties":{"id":"1968192545761840390000000000","pnu":"1221010900102980005","purpose":"단독주택","floors":1,"structure":"일반목구조"},"geometry":{"type":"MultiPolygon","coordinates":[[[[126.918953,35.155502],[126.919,35.15552],[126.919046,35.15544],[126.918993,35.15542],[126.918953,35.155502]]]]}},{"type":"Feature","id":"1969191654821836612200000000","properties":{"id":"1969191654821836612200000000","pnu":"1221010400100040003","purpose":"제2종 근린생활시설"},"geometry":{"type":"MultiPolygon","coordinates":[[[[126.909208,35.152107],[126.909285,35.152069],[126.909283,35.152039],[126.909225,35.152005],[126.909154,35.152066],[126.909208,35.152107]]]]}},{"type":"Feature","id":"1969191814761837060400000000","properties":{"id":"1969191814761837060400000000","pnu":"1221010200100610008","year":1969,"purpose":"제2종 근린생활시설","floors":3,"structure":"철근콘크리트구조"},"geometry":{"type":"MultiPolygon","coordinates":[[[[126.91094,35.152517],[126.911057,35.152453],[126.911011,35.152408],[126.910902,35.152477],[126.91094,35.152517]]]]}},{"type":"Feature","id":"1969191828751837012200000000","properties":{"id":"1969191828751837012200000000","pnu":"1221010200100610013","year":1969,"purpose":"단독주택","floors":2,"structure":"철근콘크리트구조"},"geometry":{"type":"MultiPolygon","coordinates":[[[[126.911124,35.152476],[126.911216,35.152419],[126.911193,35.152395],[126.911166,35.152411],[126.911119,35.152365],[126.91106,35.152404],[126.911124,35.152476]]]]}},{"type":"Feature","id":"1969191882341835124700000000","properties":{"id":"1969191882341835124700000000","pnu":"1221010300100600018","year":1969,"purpose":"기타","far":51.51,"floors":1,"structure":"벽돌구조"},"geometry":{"type":"MultiPolygon","coordinates":[[[[126.91165,35.150836],[126.911799,35.150725],[126.911787,35.150712],[126.911862,35.150642],[126.911806,35.150596],[126.911583,35.150773],[126.91165,35.150836]]]]}},{"type":"Feature","id":"1969191954271834862200000000","properties":{"id":"1969191954271834862200000000","pnu":"1221010300100520003","purpose":"제1종 근린생활시설","floors":1,"structure":"일반목구조"},"geometry":{"type":"MultiPolygon","coordinates":[[[[126.912544,35.150558],[126.912578,35.150512],[126.912546,35.150495],[126.912573,35.150442],[126.912499,35.150409],[126.912432,35.150494],[126.912544,35.150558]]]]}},{"type":"Feature","id":"1969192011281837895000000000","properties":{"id":"1969192011281837895000000000","pnu":"1221010200100850007","year":1969,"purpose":"숙박시설"},"geometry":{"type":"MultiPolygon","coordinates":[[[[126.913135,35.153221],[126.913136,35.153221],[126.913137,35.153221],[126.913137,35.153221],[126.913138,35.15322],[126.913139,35.15322],[126.913139,35.153219],[126.91314,35.153218],[126.91314,35.153217],[126.91314,35.153217],[126.91314,35.153216],[126.91314,35.153215],[126.913139,35.153214],[126.913139,35.153214],[126.913138,35.153213],[126.913137,35.153213],[126.913137,35.153212],[126.913136,35.153212],[126.913135,35.153212],[126.913134,35.153212],[126.913133,35.153212],[126.913132,35.153213],[126.913131,35.153213],[126.913131,35.153214],[126.91313,35.153214],[126.91313,35.153215],[126.913129,35.153216],[126.913129,35.153217],[126.913129,35.153217],[126.91313,35.153218],[126.91313,35.153219],[126.913131,35.15322],[126.913131,35.15322],[126.913132,35.153221],[126.913133,35.153221],[126.913134,35.153221],[126.913135,35.153221]]]]}},{"type":"Feature","id":"1969192011691835377200000000","properties":{"id":"1969192011691835377200000000","pnu":"1221010300100390000","purpose":"숙박시설","floors":2,"structure":"일반목구조"},"geometry":{"type":"MultiPolygon","coordinates":[[[[126.91316,35.15104],[126.913251,35.150953],[126.913127,35.150856],[126.91303,35.150939],[126.91316,35.15104]]]]}},{"type":"Feature","id":"1969192017801836730000000000","properties":{"id":"1969192017801836730000000000","pnu":"1221010200101520008","year":1969,"purpose":"제1종 근린생활시설","floors":5,"structure":"철근콘크리트구조"},"geometry":{"type":"MultiPolygon","coordinates":[[[[126.913204,35.15223],[126.913277,35.152152],[126.91321,35.152109],[126.913138,35.152169],[126.913204,35.15223]]]]}},{"type":"Feature","id":"1969192046211833754600000000","properties":{"id":"1969192046211833754600000000","pnu":"1221013000100350007","year":1969,"purpose":"제2종 근린생활시설","far":220.19,"floors":3,"structure":"철근콘크리트구조"},"geometry":{"type":"MultiPolygon","coordinates":[[[[126.913642,35.149413],[126.913523,35.149362],[126.913406,35.149561],[126.913513,35.14961],[126.913642,35.149413]]]]}},{"type":"Feature","id":"1969192060591836025900000000","properties":{"id":"1969192060591836025900000000","pnu":"1221010200101580001","year":1969,"purpose":"제1종 근린생활시설","floors":4,"structure":"철근콘크리트구조"},"geometry":{"type":"MultiPolygon","coordinates":[[[[126.913543,35.151564],[126.913651,35.15162],[126.913735,35.151576],[126.913785,35.151465],[126.913732,35.151434],[126.913543,35.151564]]]]}},{"type":"Feature","id":"1969192063061832632500000000","properties":{"id":"1969192063061832632500000000","pnu":"1221011700100050009","year":1969,"purpose":"제1종 근린생활시설","floors":4,"structure":"철근콘크리트구조"},"geometry":{"type":"MultiPolygon","coordinates":[[[[126.913697,35.148543],[126.913753,35.14851],[126.913755,35.148423],[126.913738,35.148409],[126.913638,35.148459],[126.913697,35.148543]]]]}},{"type":"Feature","id":"1969192074931835112800000000","properties":{"id":"1969192074931835112800000000","pnu":"1221013400100860003","year":1969,"purpose":"제1종 근린생활시설","floors":2,"structure":"철근콘크리트구조"},"geometry":{"type":"MultiPolygon","coordinates":[[[[126.913836,35.150714],[126.913837,35.150714],[126.913838,35.150714],[126.913839,35.150713],[126.913839,35.150713],[126.91384,35.150712],[126.913841,35.150712],[126.913841,35.150711],[126.913841,35.15071],[126.913841,35.15071],[126.913841,35.150709],[126.913841,35.150708],[126.913841,35.150707],[126.91384,35.150707],[126.913839,35.150706],[126.913839,35.150706],[126.913838,35.150705],[126.913837,35.150705],[126.913836,35.150705],[126.913835,35.150705],[126.913834,35.150705],[126.913833,35.150706],[126.913832,35.150706],[126.913832,35.150707],[126.913831,35.150707],[126.913831,35.150708],[126.91383,35.150709],[126.91383,35.15071],[126.91383,35.15071],[126.913831,35.150711],[126.913831,35.150712],[126.913832,35.150712],[126.913832,35.150713],[126.913833,35.150713],[126.913834,35.150714],[126.913835,35.150714],[126.913836,35.150714]]]]}},{"type":"Feature","id":"1969192078921837406200000000","properties":{"id":"1969192078921837406200000000","pnu":"1221010200101850001","purpose":"제1종 근린생활시설","floors":1,"structure":"일반목구조"},"geometry":{"type":"MultiPolygon","coordinates":[[[[126.913877,35.152781],[126.913878,35.152781],[126.913879,35.152781],[126.91388,35.152781],[126.913881,35.15278],[126.913882,35.15278],[126.913882,35.152779],[126.913883,35.152778],[126.913883,35.152777],[126.913883,35.152777],[126.913883,35.152776],[126.913883,35.152775],[126.913882,35.152774],[126.913882,35.152774],[126.913881,35.152773],[126.91388,35.152773],[126.913879,35.152772],[126.913878,35.152772],[126.913877,35.152772],[126.913877,35.152772],[126.913876,35.152772],[126.913875,35.152773],[126.913874,35.152773],[126.913873,35.152774],[126.913873,35.152774],[126.913872,35.152775],[126.913872,35.152776],[126.913872,35.152777],[126.913872,35.152777],[126.913872,35.152778],[126.913873,35.152779],[126.913873,35.15278],[126.913874,35.15278],[126.913875,35.152781],[126.913876,35.152781],[126.913876,35.152781],[126.913877,35.152781]]]]}},{"type":"Feature","id":"1969192096671834522100000000","properties":{"id":"1969192096671834522100000000","pnu":"1221013000100070005","year":1969,"purpose":"제1종 근린생활시설"},"geometry":{"type":"MultiPolygon","coordinates":[[[[126.91418,35.150207],[126.914142,35.150167],[126.914114,35.150181],[126.91404,35.150081],[126.913983,35.15011],[126.914041,35.150188],[126.91403,35.150212],[126.914082,35.150263],[126.91418,35.150207]]]]}},{"type":"Feature","id":"1969192135941833178700000000","properties":{"id":"1969192135941833178700000000","pnu":"1221012900100320007","purpose":"제1종 근린생활시설","floors":2,"structure":"벽돌구조"},"geometry":{"type":"MultiPolygon","coordinates":[[[[126.914452,35.148998],[126.914568,35.14898],[126.914563,35.148936],[126.914448,35.148953],[126.914452,35.148998]]]]}},{"type":"Feature","id":"1969192162131832670700000000","properties":{"id":"1969192162131832670700000000","pnu":"1221012900100380014","year":1969,"purpose":"제1종 근린생활시설","far":307.8,"floors":5,"structure":"철근콘크리트구조"},"geometry":{"type":"MultiPolygon","coordinates":[[[[126.91486,35.148616],[126.914925,35.148555],[126.914731,35.148402],[126.914664,35.148462],[126.91486,35.148616]]]]}},{"type":"Feature","id":"1969192170751836052300000000","properties":{"id":"1969192170751836052300000000","pnu":"1221013400100040000","purpose":"제1종 근린생활시설","far":69.06,"floors":1,"structure":"일반목구조"},"geometry":{"type":"MultiPolygon","coordinates":[[[[126.914858,35.15163],[126.914972,35.151532],[126.914916,35.151488],[126.914803,35.151574],[126.914858,35.15163]]]]}},{"type":"Feature","id":"1969192199641837700300000000","properties":{"id":"1969192199641837700300000000","pnu":"1221010100100620001","year":1969,"purpose":"기타"},"geometry":{"type":"MultiPolygon","coordinates":[[[[126.9152,35.153121],[126.915284,35.153043],[126.915275,35.153001],[126.915193,35.152964],[126.91511,35.153071],[126.9152,35.153121]]]]}},{"type":"Feature","id":"1969192210781834832600000000","properties":{"id":"1969192210781834832600000000","pnu":"1221013400100240001","year":1969,"purpose":"기타","floors":5,"structure":"철근콘크리트구조"},"geometry":{"type":"MultiPolygon","coordinates":[[[[126.915281,35.150565],[126.915476,35.150417],[126.915453,35.150386],[126.915316,35.150382],[126.915188,35.15048],[126.915281,35.150565]]]]}},{"type":"Feature","id":"1969192230451835609200000000","properties":{"id":"1969192230451835609200000000","pnu":"1221013400100510000","purpose":"단독주택","far":4.21,"floors":1,"structure":"일반목구조"},"geometry":{"type":"MultiPolygon","coordinates":[[[[126.915622,35.151143],[126.915577,35.151118],[126.915558,35.151135],[126.915507,35.151108],[126.915465,35.151163],[126.915556,35.151214],[126.915622,35.151143]]]]}},{"type":"Feature","id":"1969192239391835015400000000","properties":{"id":"1969192239391835015400000000","pnu":"1221013400100270001","year":1969,"purpose":"제1종 근린생활시설","floors":3,"structure":"철근콘크리트구조"},"geometry":{"type":"MultiPolygon","coordinates":[[[[126.915646,35.150686],[126.915716,35.150617],[126.915638,35.150562],[126.915565,35.150624],[126.915646,35.150686]]]]}},{"type":"Feature","id":"1969192385111837064700000000","properties":{"id":"1969192385111837064700000000","pnu":"1221010100101820003","year":1969,"purpose":"제1종 근린생활시설","floors":5,"structure":"철근콘크리트구조"},"geometry":{"type":"MultiPolygon","coordinates":[[[[126.917205,35.15254],[126.917323,35.15245],[126.91727,35.152404],[126.917154,35.152491],[126.917205,35.15254]]]]}},{"type":"Feature","id":"1969192387111840690300000000","properties":{"id":"1969192387111840690300000000","pnu":"1221010900104780042","year":1969,"purpose":"제1종 근린생활시설","floors":3,"structure":"벽돌구조"},"geometry":{"type":"MultiPolygon","coordinates":[[[[126.917289,35.1558],[126.917324,35.155771],[126.917219,35.155677],[126.917191,35.155704],[126.917289,35.1558]]]]}},{"type":"Feature","id":"1969192387671837759400000000","properties":{"id":"1969192387671837759400000000","pnu":"1221010100103130022","purpose":"제1종 근린생활시설","floors":2,"structure":"벽돌구조"},"geometry":{"type":"MultiPolygon","coordinates":[[[[126.917266,35.153102],[126.917267,35.153102],[126.917267,35.153102],[126.917268,35.153101],[126.917269,35.153101],[126.91727,35.1531],[126.91727,35.1531],[126.917271,35.153099],[126.917271,35.153098],[126.917271,35.153097],[126.917271,35.153097],[126.917271,35.153096],[126.91727,35.153095],[126.91727,35.153095],[126.917269,35.153094],[126.917268,35.153094],[126.917267,35.153093],[126.917267,35.153093],[126.917266,35.153093],[126.917265,35.153093],[126.917264,35.153093],[126.917263,35.153094],[126.917262,35.153094],[126.917261,35.153095],[126.917261,35.153095],[126.91726,35.153096],[126.91726,35.153097],[126.91726,35.153097],[126.91726,35.153098],[126.91726,35.153099],[126.917261,35.1531],[126.917261,35.1531],[126.917262,35.153101],[126.917263,35.153101],[126.917264,35.153102],[126.917265,35.153102],[126.917266,35.153102]]]]}},{"type":"Feature","id":"1969192389181834577500000000","properties":{"id":"1969192389181834577500000000","pnu":"1221010600100580008","year":1969,"purpose":"숙박시설","floors":2,"structure":"철근콘크리트구조"},"geometry":{"type":"MultiPolygon","coordinates":[[[[126.917265,35.150324],[126.917389,35.150209],[126.917385,35.15018],[126.917299,35.150131],[126.91726,35.150164],[126.917305,35.150198],[126.917287,35.150222],[126.917229,35.150194],[126.917168,35.150257],[126.917265,35.150324]]]]}},{"type":"Feature","id":"1969192389271840526800000000","properties":{"id":"1969192389271840526800000000","pnu":"1221010900104670004","year":1969,"purpose":"제1종 근린생활시설","floors":2,"structure":"벽돌구조"},"geometry":{"type":"MultiPolygon","coordinates":[[[[126.917243,35.15565],[126.91737,35.155598],[126.917341,35.155546],[126.917268,35.15557],[126.917246,35.155546],[126.917199,35.155564],[126.917243,35.15565]]]]}},{"type":"Feature","id":"1969192392401840454900000000","properties":{"id":"1969192392401840454900000000","pnu":"1221010900104670004","purpose":"기타","structure":"벽돌구조"},"geometry":{"type":"MultiPolygon","coordinates":[[[[126.917315,35.155532],[126.917316,35.155532],[126.917317,35.155531],[126.917318,35.155531],[126.917319,35.155531],[126.917319,35.15553],[126.91732,35.155529],[126.91732,35.155529],[126.91732,35.155528],[126.917321,35.155527],[126.91732,35.155526],[126.91732,35.155526],[126.91732,35.155525],[126.917319,35.155524],[126.917319,35.155524],[126.917318,35.155523],[126.917317,35.155523],[126.917316,35.155523],[126.917315,35.155523],[126.917314,35.155523],[126.917313,35.155523],[126.917312,35.155523],[126.917312,35.155524],[126.917311,35.155524],[126.91731,35.155525],[126.91731,35.155526],[126.91731,35.155526],[126.91731,35.155527],[126.91731,35.155528],[126.91731,35.155529],[126.91731,35.155529],[126.917311,35.15553],[126.917312,35.155531],[126.917312,35.155531],[126.917313,35.155531],[126.917314,35.155532],[126.917315,35.155532]]]]}},{"type":"Feature","id":"1969192420871840102200000000","properties":{"id":"1969192420871840102200000000","pnu":"1221010900104390004","year":1969,"purpose":"단독주택","floors":1,"structure":"일반목구조"},"geometry":{"type":"MultiPolygon","coordinates":[[[[126.917649,35.155249],[126.917679,35.155197],[126.917605,35.155169],[126.917578,35.155223],[126.917649,35.155249]]]]}},{"type":"Feature","id":"1969192429811840147900000000","properties":{"id":"1969192429811840147900000000","pnu":"1221010900104390003","year":1969,"purpose":"단독주택","floors":2,"structure":"벽돌구조"},"geometry":{"type":"MultiPolygon","coordinates":[[[[126.917778,35.155236],[126.917709,35.155211],[126.917676,35.155264],[126.917739,35.155292],[126.917778,35.155236]]]]}},{"type":"Feature","id":"1969192444801839580900000000","properties":{"id":"1969192444801839580900000000","pnu":"1221010900104530002","purpose":"기타","structure":"블록구조"},"geometry":{"type":"MultiPolygon","coordinates":[[[[126.917891,35.154744],[126.917892,35.154744],[126.917893,35.154744],[126.917894,35.154744],[126.917894,35.154743],[126.917895,35.154743],[126.917896,35.154742],[126.917896,35.154741],[126.917896,35.15474],[126.917896,35.15474],[126.917896,35.154739],[126.917896,35.154738],[126.917896,35.154737],[126.917895,35.154737],[126.917894,35.154736],[126.917894,35.154736],[126.917893,35.154735],[126.917892,35.154735],[126.917891,35.154735],[126.91789,35.154735],[126.917889,35.154735],[126.917888,35.154736],[126.917887,35.154736],[126.917887,35.154737],[126.917886,35.154737],[126.917886,35.154738],[126.917885,35.154739],[126.917885,35.15474],[126.917885,35.15474],[126.917886,35.154741],[126.917886,35.154742],[126.917887,35.154743],[126.917887,35.154743],[126.917888,35.154744],[126.917889,35.154744],[126.91789,35.154744],[126.917891,35.154744]]]]}},{"type":"Feature","id":"1969192446271839410200000000","properties":{"id":"1969192446271839410200000000","pnu":"1221010900104320000","year":1969,"purpose":"단독주택","floors":1,"structure":"일반목구조"},"geometry":{"type":"MultiPolygon","coordinates":[[[[126.917826,35.154575],[126.917937,35.154649],[126.917988,35.154597],[126.917877,35.154523],[126.917826,35.154575]]]]}},{"type":"Feature","id":"1969192448201839646700000000","properties":{"id":"1969192448201839646700000000","pnu":"1221010900104530002","year":1969,"purpose":"단독주택","floors":1,"structure":"일반목구조"},"geometry":{"type":"MultiPolygon","coordinates":[[[[126.917986,35.154774],[126.917932,35.154742],[126.917871,35.154828],[126.917921,35.154856],[126.917986,35.154774]]]]}},{"type":"Feature","id":"1969192453511834742600000000","properties":{"id":"1969192453511834742600000000","pnu":"1221010600100610004","year":1969,"purpose":"제1종 근린생활시설","floors":3,"structure":"철근콘크리트구조"},"geometry":{"type":"MultiPolygon","coordinates":[[[[126.918013,35.150446],[126.91805,35.150409],[126.918046,35.150361],[126.918016,35.150337],[126.918022,35.150333],[126.917994,35.150311],[126.917907,35.150385],[126.917935,35.150407],[126.917949,35.150395],[126.918013,35.150446]]]]}},{"type":"Feature","id":"1969192454781839585200000000","properties":{"id":"1969192454781839585200000000","pnu":"1221010900104510002","purpose":"기타","structure":"벽돌구조"},"geometry":{"type":"MultiPolygon","coordinates":[[[[126.918057,35.154787],[126.918071,35.154767],[126.917944,35.1547],[126.917932,35.154723],[126.918057,35.154787]]]]}},{"type":"Feature","id":"1969192464211839571500000000","properties":{"id":"1969192464211839571500000000","pnu":"1221010900104510002","year":1969,"purpose":"단독주택","floors":1,"structure":"일반목구조"},"geometry":{"type":"MultiPolygon","coordinates":[[[[126.918158,35.154706],[126.918098,35.15468],[126.918051,35.154755],[126.918108,35.154784],[126.918158,35.154706]]]]}},{"type":"Feature","id":"1969192467921839585100000000","properties":{"id":"1969192467921839585100000000","pnu":"1221010900104510002","purpose":"기타","structure":"벽돌구조"},"geometry":{"type":"MultiPolygon","coordinates":[[[[126.918145,35.154748],[126.918146,35.154748],[126.918146,35.154748],[126.918147,35.154748],[126.918148,35.154747],[126.918149,35.154747],[126.918149,35.154746],[126.91815,35.154745],[126.91815,35.154744],[126.91815,35.154744],[126.91815,35.154743],[126.91815,35.154742],[126.918149,35.154741],[126.918149,35.154741],[126.918148,35.15474],[126.918147,35.15474],[126.918146,35.154739],[126.918146,35.154739],[126.918145,35.154739],[126.918144,35.154739],[126.918143,35.154739],[126.918142,35.15474],[126.918141,35.15474],[126.91814,35.154741],[126.91814,35.154741],[126.918139,35.154742],[126.918139,35.154743],[126.918139,35.154744],[126.918139,35.154744],[126.918139,35.154745],[126.91814,35.154746],[126.91814,35.154747],[126.918141,35.154747],[126.918142,35.154748],[126.918143,35.154748],[126.918144,35.154748],[126.918145,35.154748]]]]}},{"type":"Feature","id":"1969192494271839150900000000","properties":{"id":"1969192494271839150900000000","pnu":"1221010900103910000","purpose":"단독주택","floors":1,"structure":"일반목구조"},"geometry":{"type":"MultiPolygon","coordinates":[[[[126.91845,35.15442],[126.918499,35.154376],[126.918443,35.154333],[126.918479,35.1543],[126.91845,35.154277],[126.918363,35.154353],[126.91845,35.15442]]]]}},{"type":"Feature","id":"1969192498731836633900000000","properties":{"id":"1969192498731836633900000000","pnu":"1221010700100120004","year":1969,"purpose":"제1종 근린생활시설","far":324.94,"floors":4,"structure":"철근콘크리트구조"},"geometry":{"type":"MultiPolygon","coordinates":[[[[126.918464,35.15216],[126.918584,35.15207],[126.918515,35.15201],[126.918385,35.152093],[126.918464,35.15216]]]]}},{"type":"Feature","id":"1969192507841839334200000000","properties":{"id":"1969192507841839334200000000","pnu":"1221010900103100001","year":1969,"purpose":"단독주택","floors":1,"structure":"일반목구조"},"geometry":{"type":"MultiPolygon","coordinates":[[[[126.918598,35.154561],[126.918634,35.15453],[126.918568,35.154476],[126.918531,35.154503],[126.918598,35.154561]]]]}},{"type":"Feature","id":"1969192508621836551100000000","properties":{"id":"1969192508621836551100000000","pnu":"1221010700100120000","year":1969,"purpose":"기타","far":218.67,"floors":4,"structure":"철근콘크리트구조"},"geometry":{"type":"MultiPolygon","coordinates":[[[[126.918593,35.15206],[126.918654,35.152012],[126.918595,35.151959],[126.918534,35.152007],[126.918593,35.15206]]]]}},{"type":"Feature","id":"1969192512851839332400000000","properties":{"id":"1969192512851839332400000000","pnu":"1221010900103100001","purpose":"기타","structure":"블록구조"},"geometry":{"type":"MultiPolygon","coordinates":[[[[126.918638,35.154521],[126.918639,35.154521],[126.91864,35.154521],[126.918641,35.15452],[126.918641,35.15452],[126.918642,35.154519],[126.918643,35.154519],[126.918643,35.154518],[126.918643,35.154517],[126.918643,35.154516],[126.918643,35.154515],[126.918643,35.154515],[126.918643,35.154514],[126.918642,35.154513],[126.918641,35.154513],[126.918641,35.154512],[126.91864,35.154512],[126.918639,35.154512],[126.918638,35.154512],[126.918637,35.154512],[126.918636,35.154512],[126.918635,35.154512],[126.918634,35.154513],[126.918634,35.154513],[126.918633,35.154514],[126.918633,35.154515],[126.918633,35.154515],[126.918632,35.154516],[126.918633,35.154517],[126.918633,35.154518],[126.918633,35.154519],[126.918634,35.154519],[126.918634,35.15452],[126.918635,35.15452],[126.918636,35.15452],[126.918637,35.154521],[126.918638,35.154521]]]]}},{"type":"Feature","id":"1969192523871839368500000000","properties":{"id":"1969192523871839368500000000","pnu":"1221010900103140003","purpose":"단독주택","floors":1,"structure":"일반목구조"},"geometry":{"type":"MultiPolygon","coordinates":[[[[126.918777,35.154607],[126.918838,35.154553],[126.918798,35.154523],[126.91879,35.154531],[126.918758,35.154507],[126.918749,35.154515],[126.918723,35.154495],[126.918679,35.154534],[126.918777,35.154607]]]]}},{"type":"Feature","id":"1969192527431839761100000000","properties":{"id":"1969192527431839761100000000","pnu":"1221010900103060002","year":1969,"purpose":"단독주택","floors":1,"structure":"일반목구조"},"geometry":{"type":"MultiPolygon","coordinates":[[[[126.918831,35.154961],[126.918873,35.154923],[126.918768,35.154843],[126.918722,35.154888],[126.918831,35.154961]]]]}},{"type":"Feature","id":"1969192530091839296800000000","properties":{"id":"1969192530091839296800000000","pnu":"1221010900103140005","year":1969,"purpose":"단독주택","floors":1,"structure":"일반목구조"},"geometry":{"type":"MultiPolygon","coordinates":[[[[126.918841,35.154539],[126.918894,35.154494],[126.918809,35.15443],[126.918762,35.154472],[126.918841,35.154539]]]]}},{"type":"Feature","id":"1969192536711834265900000000","properties":{"id":"1969192536711834265900000000","pnu":"1221010600100370006","year":1969,"purpose":"제1종 근린생활시설","far":172.92,"floors":2,"structure":"벽돌구조"},"geometry":{"type":"MultiPolygon","coordinates":[[[[126.918896,35.149995],[126.918956,35.149935],[126.918914,35.149906],[126.918853,35.149963],[126.918896,35.149995]]]]}},{"type":"Feature","id":"1970191790591836837100000000","properties":{"id":"1970191790591836837100000000","pnu":"1221010300100130006","year":1970,"purpose":"제1종 근린생활시설","floors":4,"structure":"철근콘크리트구조"},"geometry":{"type":"MultiPolygon","coordinates":[[[[126.910714,35.152266],[126.910715,35.152266],[126.910716,35.152266],[126.910716,35.152265],[126.910717,35.152265],[126.910718,35.152264],[126.910718,35.152264],[126.910719,35.152263],[126.910719,35.152262],[126.910719,35.152261],[126.910719,35.152261],[126.910719,35.15226],[126.910718,35.152259],[126.910718,35.152259],[126.910717,35.152258],[126.910716,35.152258],[126.910716,35.152257],[126.910715,35.152257],[126.910714,35.152257],[126.910713,35.152257],[126.910712,35.152257],[126.910711,35.152258],[126.91071,35.152258],[126.910709,35.152259],[126.910709,35.152259],[126.910709,35.15226],[126.910708,35.152261],[126.910708,35.152261],[126.910708,35.152262],[126.910709,35.152263],[126.910709,35.152264],[126.910709,35.152264],[126.91071,35.152265],[126.910711,35.152265],[126.910712,35.152266],[126.910713,35.152266],[126.910714,35.152266]]]]}},{"type":"Feature","id":"1970191799731838142100000000","properties":{"id":"1970191799731838142100000000","pnu":"1221010200100370006","year":1970,"purpose":"제1종 근린생활시설"},"geometry":{"type":"MultiPolygon","coordinates":[[[[126.910761,35.1535],[126.910831,35.153448],[126.910877,35.15349],[126.910918,35.153459],[126.910831,35.153366],[126.910707,35.153449],[126.910761,35.1535]]]]}},{"type":"Feature","id":"1970191803571838263100000000","properties":{"id":"1970191803571838263100000000","pnu":"1221010200100370006","purpose":"제1종 근린생활시설"},"geometry":{"type":"MultiPolygon","coordinates":[[[[126.910813,35.153613],[126.910941,35.153517],[126.910898,35.153481],[126.910769,35.153576],[126.910813,35.153613]]]]}},{"type":"Feature","id":"1970191810501838047600000000","properties":{"id":"1970191810501838047600000000","pnu":"1221010200100370011","purpose":"제1종 근린생활시설","far":257.5,"floors":3,"structure":"철근콘크리트구조"},"geometry":{"type":"MultiPolygon","coordinates":[[[[126.910902,35.153424],[126.911019,35.15334],[126.91096,35.153285],[126.910846,35.153358],[126.910902,35.153424]]]]}},{"type":"Feature","id":"1970191836991834782300000000","properties":{"id":"1970191836991834782300000000","pnu":"1221010300100760007","year":1970,"purpose":"기타","floors":4,"structure":"철근콘크리트구조"},"geometry":{"type":"MultiPolygon","coordinates":[[[[126.911225,35.150414],[126.911226,35.150414],[126.911227,35.150414],[126.911228,35.150414],[126.911228,35.150413],[126.911229,35.150413],[126.91123,35.150412],[126.91123,35.150411],[126.91123,35.15041],[126.91123,35.15041],[126.91123,35.150409],[126.91123,35.150408],[126.91123,35.150407],[126.911229,35.150407],[126.911228,35.150406],[126.911228,35.150406],[126.911227,35.150405],[126.911226,35.150405],[126.911225,35.150405],[126.911224,35.150405],[126.911223,35.150405],[126.911222,35.150406],[126.911221,35.150406],[126.911221,35.150407],[126.91122,35.150407],[126.91122,35.150408],[126.91122,35.150409],[126.911219,35.15041],[126.91122,35.15041],[126.91122,35.150411],[126.91122,35.150412],[126.911221,35.150413],[126.911221,35.150413],[126.911222,35.150414],[126.911223,35.150414],[126.911224,35.150414],[126.911225,35.150414]]]]}},{"type":"Feature","id":"1970191873641837525100000000","properties":{"id":"1970191873641837525100000000","pnu":"1221010200100660005","year":1970,"purpose":"제2종 근린생활시설","far":234.18,"floors":3,"structure":"철근콘크리트구조"},"geometry":{"type":"MultiPolygon","coordinates":[[[[126.911597,35.152952],[126.911711,35.152857],[126.911665,35.152814],[126.911536,35.152899],[126.911597,35.152952]]]]}},{"type":"Feature","id":"1970191879981837632300000000","properties":{"id":"1970191879981837632300000000","pnu":"1221010200100660004","year":1970,"purpose":"제1종 근린생활시설","far":151.59,"floors":3,"structure":"철근콘크리트구조"},"geometry":{"type":"MultiPolygon","coordinates":[[[[126.911723,35.15304],[126.911766,35.153005],[126.91167,35.152918],[126.91162,35.152955],[126.911723,35.15304]]]]}},{"type":"Feature","id":"1970191885311837560800000000","properties":{"id":"1970191885311837560800000000","pnu":"1221010200100660004","purpose":"제1종 근린생활시설","structure":"벽돌구조"},"geometry":{"type":"MultiPolygon","coordinates":[[[[126.911786,35.152963],[126.911812,35.152939],[126.91172,35.152867],[126.911693,35.152889],[126.911786,35.152963]]]]}},{"type":"Feature","id":"1970191896601834532900000000","properties":{"id":"1970191896601834532900000000","pnu":"1221010300100740002","purpose":"단독주택","floors":3,"structure":"벽돌구조"},"geometry":{"type":"MultiPolygon","coordinates":[[[[126.911969,35.150184],[126.911869,35.150147],[126.911815,35.150121],[126.91179,35.150165],[126.911826,35.150201],[126.91194,35.150249],[126.911969,35.150184]]]]}},{"type":"Feature","id":"1970191920371833049400000000","properties":{"id":"1970191920371833049400000000","pnu":"1221011500100030005","year":1970,"purpose":"제2종 근린생활시설","far":287.20139,"floors":4,"structure":"철근콘크리트구조"},"geometry":{"type":"MultiPolygon","coordinates":[[[[126.912247,35.148809],[126.912124,35.148756],[126.912058,35.148849],[126.912043,35.148842],[126.912025,35.148874],[126.912171,35.148942],[126.912247,35.148809]]]]}},{"type":"Feature","id":"1970191936251835578100000000","properties":{"id":"1970191936251835578100000000","pnu":"1221010300100280001","year":1970,"purpose":"단독주택","floors":5,"structure":"철근콘크리트구조"},"geometry":{"type":"MultiPolygon","coordinates":[[[[126.912248,35.151257],[126.912378,35.15116],[126.912413,35.151188],[126.912488,35.151129],[126.912354,35.150995],[126.912141,35.151154],[126.912248,35.151257]]]]}},{"type":"Feature","id":"1970192024801834437100000000","properties":{"id":"1970192024801834437100000000","pnu":"1221013000100480003","year":1970,"purpose":"제1종 근린생활시설","floors":4,"structure":"철근콘크리트구조"},"geometry":{"type":"MultiPolygon","coordinates":[[[[126.913282,35.150166],[126.913368,35.150096],[126.913294,35.150033],[126.913203,35.150105],[126.913282,35.150166]]]]}},{"type":"Feature","id":"1970192051321834805300000000","properties":{"id":"1970192051321834805300000000","pnu":"1221013000100030005","year":1970,"purpose":"기타"},"geometry":{"type":"MultiPolygon","coordinates":[[[[126.913586,35.150468],[126.913621,35.150436],[126.913568,35.150396],[126.913533,35.150428],[126.913586,35.150468]]]]}},{"type":"Feature","id":"1970192160231839569600000000","properties":{"id":"1970192160231839569600000000","pnu":"1221010100103240009","purpose":"기타","structure":"경량철골구조"},"geometry":{"type":"MultiPolygon","coordinates":[[[[126.914728,35.15481],[126.914878,35.15472],[126.914808,35.154644],[126.914656,35.154737],[126.914728,35.15481]]]]}},{"type":"Feature","id":"1970192164691839310100000000","properties":{"id":"1970192164691839310100000000","pnu":"1221010100103240009","purpose":"기타","far":104.05,"floors":3,"structure":"철근콘크리트구조"},"geometry":{"type":"MultiPolygon","coordinates":[[[[126.914668,35.154709],[126.914899,35.154564],[126.914884,35.154542],[126.915107,35.154398],[126.914995,35.154276],[126.914532,35.154565],[126.914668,35.154709]]]]}},{"type":"Feature","id":"1970192167121833057000000000","properties":{"id":"1970192167121833057000000000","pnu":"1221012900100260003","year":1970,"purpose":"제2종 근린생활시설","floors":1,"structure":"벽돌구조"},"geometry":{"type":"MultiPolygon","coordinates":[[[[126.914792,35.148842],[126.914836,35.148878],[126.91482,35.148892],[126.914825,35.148895],[126.914911,35.148883],[126.914907,35.148871],[126.914836,35.148813],[126.914826,35.148816],[126.914792,35.148842]]]]}},{"type":"Feature","id":"1970192169121833692700000000","properties":{"id":"1970192169121833692700000000","pnu":"1221012900100020001","year":1970,"purpose":"제1종 근린생활시설","far":320.968132311,"floors":4,"structure":"철근콘크리트구조"},"geometry":{"type":"MultiPolygon","coordinates":[[[[126.914863,35.149597],[126.915073,35.149421],[126.914904,35.149261],[126.914656,35.149443],[126.914863,35.149597]]]]}},{"type":"Feature","id":"1970192218281838809100000000","properties":{"id":"1970192218281838809100000000","pnu":"1221010100103120019","year":1970,"purpose":"기타","floors":4,"structure":"철근콘크리트구조"},"geometry":{"type":"MultiPolygon","coordinates":[[[[126.915519,35.154042],[126.91543,35.153948],[126.915319,35.154019],[126.915318,35.154087],[126.915376,35.154135],[126.915519,35.154042]]]]}},{"type":"Feature","id":"1970192219831832247600000000","properties":{"id":"1970192219831832247600000000","pnu":"1221012900100410000","year":1970,"purpose":"제2종 근린생활시설","far":486.99,"floors":6,"structure":"철근콘크리트구조"},"geometry":{"type":"MultiPolygon","coordinates":[[[[126.915439,35.148036],[126.915316,35.148134],[126.915388,35.148205],[126.915426,35.148208],[126.915547,35.148124],[126.915439,35.148036]]]]}},{"type":"Feature","id":"1970192234611839482000000000","properties":{"id":"1970192234611839482000000000","pnu":"1221010100103230009","year":1970,"purpose":"제2종 근린생활시설","far":263.2,"floors":5,"structure":"철근콘크리트구조"},"geometry":{"type":"MultiPolygon","coordinates":[[[[126.915567,35.154754],[126.915711,35.154645],[126.9156,35.154543],[126.915458,35.154656],[126.915567,35.154754]]]]}},{"type":"Feature","id":"1970192260451833541600000000","properties":{"id":"1970192260451833541600000000","pnu":"1221013300100120000","year":1970,"purpose":"제2종 근린생활시설"},"geometry":{"type":"MultiPolygon","coordinates":[[[[126.91587,35.149381],[126.915972,35.149266],[126.915873,35.14921],[126.915776,35.149321],[126.91587,35.149381]]]]}},{"type":"Feature","id":"1970192318781840380900000000","properties":{"id":"1970192318781840380900000000","pnu":"1221010900104710020","year":1970,"purpose":"기타"},"geometry":{"type":"MultiPolygon","coordinates":[[[[126.916535,35.155528],[126.91659,35.155482],[126.916479,35.155392],[126.916424,35.155436],[126.916535,35.155528]]]]}},{"type":"Feature","id":"1970192330061838550000000000","properties":{"id":"1970192330061838550000000000","pnu":"1221010100103090006","purpose":"단독주택","floors":1,"structure":"일반목구조"},"geometry":{"type":"MultiPolygon","coordinates":[[[[126.916646,35.153876],[126.916714,35.15382],[126.916619,35.153743],[126.916569,35.153775],[126.916574,35.153825],[126.916646,35.153876]]]]}},{"type":"Feature","id":"1970192337931838448300000000","properties":{"id":"1970192337931838448300000000","pnu":"1221010100103090006","purpose":"단독주택","floors":1,"structure":"일반목구조"},"geometry":{"type":"MultiPolygon","coordinates":[[[[126.9167,35.153753],[126.916764,35.153708],[126.916741,35.153683],[126.916673,35.153726],[126.9167,35.153753]]]]}},{"type":"Feature","id":"1970192338581838652700000000","properties":{"id":"1970192338581838652700000000","pnu":"1221010100103090006","purpose":"제1종 근린생활시설","floors":1,"structure":"블록구조"},"geometry":{"type":"MultiPolygon","coordinates":[[[[126.916746,35.153959],[126.916794,35.153916],[126.916709,35.153848],[126.916656,35.153885],[126.916746,35.153959]]]]}},{"type":"Feature","id":"1970192345091838516800000000","properties":{"id":"1970192345091838516800000000","pnu":"1221010100103090006","purpose":"단독주택"},"geometry":{"type":"MultiPolygon","coordinates":[[[[126.916848,35.153776],[126.916807,35.153738],[126.916747,35.153782],[126.91679,35.153822],[126.916848,35.153776]]]]}},{"type":"Feature","id":"1970192348881838373000000000","properties":{"id":"1970192348881838373000000000","pnu":"1221010100103090006","purpose":"단독주택","floors":1,"structure":"일반목구조"},"geometry":{"type":"MultiPolygon","coordinates":[[[[126.9168,35.153708],[126.916915,35.153631],[126.91688,35.153592],[126.916763,35.153668],[126.9168,35.153708]]]]}},{"type":"Feature","id":"1970192351931838477200000000","properties":{"id":"1970192351931838477200000000","pnu":"1221010100103090006","purpose":"단독주택"},"geometry":{"type":"MultiPolygon","coordinates":[[[[126.91689,35.153793],[126.916928,35.15376],[126.916856,35.153696],[126.916817,35.153727],[126.91689,35.153793]]]]}},{"type":"Feature","id":"1970192354621838681800000000","properties":{"id":"1970192354621838681800000000","pnu":"1221010100103090006","purpose":"단독주택","floors":1,"structure":"일반목구조"},"geometry":{"type":"MultiPolygon","coordinates":[[[[126.916863,35.153952],[126.916949,35.15394],[126.916942,35.153905],[126.916854,35.153918],[126.916863,35.153952]]]]}},{"type":"Feature","id":"1970192356881838593900000000","properties":{"id":"1970192356881838593900000000","pnu":"1221010100103090006","purpose":"단독주택","floors":1,"structure":"일반목구조"},"geometry":{"type":"MultiPolygon","coordinates":[[[[126.916869,35.153867],[126.916988,35.153872],[126.916989,35.153858],[126.916973,35.153832],[126.916949,35.153828],[126.91687,35.153827],[126.916869,35.153867]]]]}},{"type":"Feature","id":"1970192358441840371100000000","properties":{"id":"1970192358441840371100000000","pnu":"1221010900104710030","purpose":"기타","floors":4,"structure":"철근콘크리트구조"},"geometry":{"type":"MultiPolygon","coordinates":[[[[126.916949,35.155501],[126.917003,35.155456],[126.916933,35.155402],[126.916882,35.155444],[126.916949,35.155501]]]]}},{"type":"Feature","id":"1970192360451838450400000000","properties":{"id":"1970192360451838450400000000","pnu":"1221010100103090006","purpose":"단독주택"},"geometry":{"type":"MultiPolygon","coordinates":[[[[126.916983,35.153779],[126.917035,35.153737],[126.916951,35.153662],[126.916897,35.153701],[126.916983,35.153779]]]]}},{"type":"Feature","id":"1970192364371838661300000000","properties":{"id":"1970192364371838661300000000","pnu":"1221010100103090006","purpose":"단독주택","floors":1,"structure":"일반목구조"},"geometry":{"type":"MultiPolygon","coordinates":[[[[126.916963,35.153944],[126.917037,35.153937],[126.917074,35.153889],[126.917063,35.153879],[126.916954,35.153891],[126.916963,35.153944]]]]}},{"type":"Feature","id":"1970192364701838564100000000","properties":{"id":"1970192364701838564100000000","pnu":"1221010100103090006","purpose":"단독주택","floors":1,"structure":"일반목구조"},"geometry":{"type":"MultiPolygon","coordinates":[[[[126.917017,35.153863],[126.917057,35.153835],[126.917009,35.153783],[126.916968,35.15381],[126.917017,35.153863]]]]}},{"type":"Feature","id":"1970192382981842453100000000","properties":{"id":"1970192382981842453100000000","pnu":"1221010900104830007","year":1970,"purpose":"단독주택"},"geometry":{"type":"MultiPolygon","coordinates":[[[[126.917212,35.157383],[126.917275,35.157328],[126.917212,35.157274],[126.917142,35.157326],[126.917212,35.157383]]]]}},{"type":"Feature","id":"1970192391181837530600000000","properties":{"id":"1970192391181837530600000000","pnu":"1221010100101900004","year":1970,"purpose":"기타","floors":5,"structure":"철근콘크리트구조"},"geometry":{"type":"MultiPolygon","coordinates":[[[[126.917322,35.153026],[126.917472,35.152914],[126.917448,35.152892],[126.917463,35.152868],[126.917322,35.152753],[126.917115,35.152886],[126.917117,35.152901],[126.917154,35.152924],[126.917322,35.153026]]]]}},{"type":"Feature","id":"1970192391491842571400000000","properties":{"id":"1970192391491842571400000000","pnu":"1221010900104830007","purpose":"기타"},"geometry":{"type":"MultiPolygon","coordinates":[[[[126.91733,35.157495],[126.917372,35.15746],[126.917276,35.157377],[126.917232,35.157405],[126.91733,35.157495]]]]}},{"type":"Feature","id":"1970192392601836539800000000","properties":{"id":"1970192392601836539800000000","pnu":"1221010100101600001","year":1970,"purpose":"기타"},"geometry":{"type":"MultiPolygon","coordinates":[[[[126.917319,35.152078],[126.917411,35.151985],[126.917332,35.151919],[126.917227,35.152007],[126.917319,35.152078]]]]}},{"type":"Feature","id":"1970192398201835401900000000","properties":{"id":"1970192398201835401900000000","pnu":"1221010600100630004","year":1970,"purpose":"제2종 근린생활시설"},"geometry":{"type":"MultiPolygon","coordinates":[[[[126.91737,35.151058],[126.91749,35.150939],[126.917416,35.15089],[126.917343,35.150954],[126.917322,35.150942],[126.917273,35.150987],[126.91737,35.151058]]]]}},{"type":"Feature","id":"1970192437321841566700000000","properties":{"id":"1970192437321841566700000000","pnu":"1221010900104850003","year":1970,"purpose":"제1종 근린생활시설"},"geometry":{"type":"MultiPolygon","coordinates":[[[[126.91771,35.156517],[126.917818,35.156619],[126.917908,35.156549],[126.917788,35.156436],[126.917743,35.156469],[126.917758,35.156483],[126.91771,35.156517]]]]}},{"type":"Feature","id":"1970192449621841285200000000","properties":{"id":"1970192449621841285200000000","pnu":"1221010900104650025","year":1970,"purpose":"기타","far":153.993,"floors":3,"structure":"철근콘크리트구조"},"geometry":{"type":"MultiPolygon","coordinates":[[[[126.917919,35.15636],[126.918039,35.156261],[126.917964,35.156193],[126.917847,35.15629],[126.917919,35.15636]]]]}},{"type":"Feature","id":"1970192454731839695500000000","properties":{"id":"1970192454731839695500000000","pnu":"1221010900104530001","year":1970,"purpose":"단독주택","floors":1,"structure":"일반목구조"},"geometry":{"type":"MultiPolygon","coordinates":[[[[126.918056,35.154808],[126.91801,35.154786],[126.917944,35.154878],[126.917989,35.1549],[126.918056,35.154808]]]]}},{"type":"Feature","id":"1970192460261839741400000000","properties":{"id":"1970192460261839741400000000","pnu":"1221010900104530001","purpose":"기타","structure":"블록구조"},"geometry":{"type":"MultiPolygon","coordinates":[[[[126.918043,35.154947],[126.918118,35.15484],[126.91808,35.154822],[126.918003,35.154925],[126.918043,35.154947]]]]}},{"type":"Feature","id":"1970192497611838542700000000","properties":{"id":"1970192497611838542700000000","pnu":"1221010900103810022","year":1970,"purpose":"기타"},"geometry":{"type":"MultiPolygon","coordinates":[[[[126.918471,35.153809],[126.918472,35.153809],[126.918473,35.153809],[126.918474,35.153808],[126.918475,35.153808],[126.918476,35.153807],[126.918476,35.153807],[126.918477,35.153806],[126.918477,35.153805],[126.918477,35.153804],[126.918477,35.153804],[126.918477,35.153803],[126.918476,35.153802],[126.918476,35.153801],[126.918475,35.153801],[126.918474,35.1538],[126.918473,35.1538],[126.918472,35.1538],[126.918471,35.1538],[126.91847,35.1538],[126.91847,35.1538],[126.918469,35.1538],[126.918468,35.153801],[126.918467,35.153801],[126.918467,35.153802],[126.918466,35.153803],[126.918466,35.153803],[126.918466,35.153804],[126.918466,35.153805],[126.918466,35.153806],[126.918467,35.153807],[126.918467,35.153807],[126.918468,35.153808],[126.918469,35.153808],[126.91847,35.153809],[126.91847,35.153809],[126.918471,35.153809]]]]}},{"type":"Feature","id":"1970192504081838879500000000","properties":{"id":"1970192504081838879500000000","pnu":"1221010900103640002","purpose":"단독주택","floors":1,"structure":"일반목구조"},"geometry":{"type":"MultiPolygon","coordinates":[[[[126.918576,35.154142],[126.918594,35.154124],[126.918505,35.154074],[126.918489,35.154088],[126.918576,35.154142]]]]}},{"type":"Feature","id":"1970192509181838750900000000","properties":{"id":"1970192509181838750900000000","pnu":"1221010900103640002","purpose":"단독주택","floors":1,"structure":"블록구조"},"geometry":{"type":"MultiPolygon","coordinates":[[[[126.918538,35.154013],[126.918655,35.154019],[126.918656,35.153971],[126.918546,35.153964],[126.918538,35.154013]]]]}},{"type":"Feature","id":"1970192515171833079200000000","properties":{"id":"1970192515171833079200000000","pnu":"1221010500100830003","year":1970,"purpose":"제2종 근린생활시설","floors":6,"structure":"철근콘크리트구조"},"geometry":{"type":"MultiPolygon","coordinates":[[[[126.918751,35.148852],[126.91869,35.148814],[126.91859,35.148909],[126.918643,35.148947],[126.918751,35.148852]]]]}},{"type":"Feature","id":"1970192525871840117200000000","properties":{"id":"1970192525871840117200000000","pnu":"1221010900103000014","year":1970,"purpose":"단독주택"},"geometry":{"type":"MultiPolygon","coordinates":[[[[126.918773,35.15527],[126.918833,35.155206],[126.918783,35.155177],[126.918729,35.155244],[126.918773,35.15527]]]]}},{"type":"Feature","id":"1970192530861840187900000000","properties":{"id":"1970192530861840187900000000","pnu":"1221010900103000014","year":1970,"purpose":"단독주택"},"geometry":{"type":"MultiPolygon","coordinates":[[[[126.918843,35.155314],[126.91886,35.155269],[126.918825,35.155262],[126.91881,35.155304],[126.918843,35.155314]]]]}},{"type":"Feature","id":"1971191713681836454000000000","properties":{"id":"1971191713681836454000000000","pnu":"1221010300100960008","year":1971,"purpose":"단독주택","floors":3,"structure":"벽돌구조"},"geometry":{"type":"MultiPolygon","coordinates":[[[[126.909892,35.151972],[126.909938,35.151929],[126.909847,35.15186],[126.909802,35.151901],[126.909892,35.151972]]]]}},{"type":"Feature","id":"1971191730651835830600000000","properties":{"id":"1971191730651835830600000000","pnu":"1221010400100420013","purpose":"기타","structure":"벽돌구조"},"geometry":{"type":"MultiPolygon","coordinates":[[[[126.910057,35.151358],[126.910058,35.151358],[126.910059,35.151358],[126.91006,35.151358],[126.91006,35.151357],[126.910061,35.151357],[126.910062,35.151356],[126.910062,35.151355],[126.910062,35.151354],[126.910062,35.151354],[126.910062,35.151353],[126.910062,35.151352],[126.910062,35.151351],[126.910061,35.151351],[126.91006,35.15135],[126.91006,35.15135],[126.910059,35.151349],[126.910058,35.151349],[126.910057,35.151349],[126.910056,35.151349],[126.910055,35.151349],[126.910054,35.15135],[126.910053,35.15135],[126.910053,35.151351],[126.910052,35.151351],[126.910052,35.151352],[126.910052,35.151353],[126.910051,35.151354],[126.910052,35.151354],[126.910052,35.151355],[126.910052,35.151356],[126.910053,35.151357],[126.910053,35.151357],[126.910054,35.151358],[126.910055,35.151358],[126.910056,35.151358],[126.910057,35.151358]]]]}},{"type":"Feature","id":"1971191752131833497300000000","properties":{"id":"1971191752131833497300000000","pnu":"1221010400101010000","year":1971,"purpose":"제2종 근린생활시설"},"geometry":{"type":"MultiPolygon","coordinates":[[[[126.910328,35.149284],[126.910347,35.149262],[126.910263,35.149217],[126.910244,35.149241],[126.910328,35.149284]]]]}},{"type":"Feature","id":"1971191765341833560900000000","properties":{"id":"1971191765341833560900000000","pnu":"1221010400101010000","year":1971,"purpose":"기타"},"geometry":{"type":"MultiPolygon","coordinates":[[[[126.910435,35.149373],[126.910511,35.149281],[126.910445,35.149245],[126.910369,35.149332],[126.910435,35.149373]]]]}},{"type":"Feature","id":"1971191794331836435300000000","properties":{"id":"1971191794331836435300000000","pnu":"1221010300100930009","year":1971,"purpose":"제1종 근린생활시설","far":249.15,"floors":4,"structure":"철근콘크리트구조"},"geometry":{"type":"MultiPolygon","coordinates":[[[[126.910754,35.151971],[126.910838,35.15191],[126.910742,35.151829],[126.910695,35.151861],[126.910692,35.151904],[126.910754,35.151971]]]]}},{"type":"Feature","id":"1971191794921835171300000000","properties":{"id":"1971191794921835171300000000","pnu":"1221010400100450000","year":1971,"purpose":"단독주택","floors":3,"structure":"철근콘크리트구조"},"geometry":{"type":"MultiPolygon","coordinates":[[[[126.910856,35.150765],[126.91084,35.150752],[126.91083,35.15076],[126.910786,35.150724],[126.910802,35.150711],[126.910773,35.150687],[126.910757,35.150699],[126.910749,35.150693],[126.910675,35.150754],[126.910771,35.150834],[126.910856,35.150765]]]]}},{"type":"Feature","id":"1971191801751835088800000000","properties":{"id":"1971191801751835088800000000","pnu":"1221010400100450000","purpose":"기타","structure":"블록구조"},"geometry":{"type":"MultiPolygon","coordinates":[[[[126.910868,35.150722],[126.910898,35.150699],[126.910819,35.150641],[126.91078,35.150672],[126.910843,35.150724],[126.910868,35.150722]]]]}},{"type":"Feature","id":"1971191830731835835300000000","properties":{"id":"1971191830731835835300000000","pnu":"1221010300100800010","year":1971,"purpose":"단독주택"},"geometry":{"type":"MultiPolygon","coordinates":[[[[126.911155,35.151363],[126.911156,35.151363],[126.911157,35.151363],[126.911158,35.151363],[126.911159,35.151362],[126.911159,35.151362],[126.91116,35.151361],[126.91116,35.15136],[126.911161,35.15136],[126.911161,35.151359],[126.911161,35.151358],[126.91116,35.151357],[126.91116,35.151356],[126.911159,35.151356],[126.911159,35.151355],[126.911158,35.151355],[126.911157,35.151355],[126.911156,35.151354],[126.911155,35.151354],[126.911154,35.151354],[126.911153,35.151355],[126.911152,35.151355],[126.911152,35.151355],[126.911151,35.151356],[126.91115,35.151356],[126.91115,35.151357],[126.91115,35.151358],[126.91115,35.151359],[126.91115,35.15136],[126.91115,35.15136],[126.91115,35.151361],[126.911151,35.151362],[126.911152,35.151362],[126.911152,35.151363],[126.911153,35.151363],[126.911154,35.151363],[126.911155,35.151363]]]]}},{"type":"Feature","id":"1971191863341839279000000000","properties":{"id":"1971191863341839279000000000","pnu":"1221010200100010024","year":1971,"purpose":"제2종 근린생활시설","far":109.0359,"floors":2,"structure":"벽돌구조"},"geometry":{"type":"MultiPolygon","coordinates":[[[[126.911497,35.154519],[126.911582,35.154467],[126.911518,35.154406],[126.911439,35.154461],[126.911497,35.154519]]]]}},{"type":"Feature","id":"1971191874301834559600000000","properties":{"id":"1971191874301834559600000000","pnu":"1221010300100740005","year":1971,"purpose":"숙박시설","floors":2,"structure":"벽돌구조"},"geometry":{"type":"MultiPolygon","coordinates":[[[[126.911668,35.150289],[126.911708,35.150218],[126.911615,35.150137],[126.911551,35.150188],[126.911668,35.150289]]]]}},{"type":"Feature","id":"1971191898201837643800000000","properties":{"id":"1971191898201837643800000000","pnu":"1221010200100730002","year":1971,"purpose":"제2종 근린생활시설","floors":2,"structure":"벽돌구조"},"geometry":{"type":"MultiPolygon","coordinates":[[[[126.911914,35.15305],[126.911966,35.15299],[126.911867,35.152932],[126.91182,35.152981],[126.911885,35.153021],[126.911877,35.153032],[126.911914,35.15305]]]]}},{"type":"Feature","id":"1971191898771837581500000000","properties":{"id":"1971191898771837581500000000","pnu":"1221010200100730002","purpose":"기타","structure":"벽돌구조"},"geometry":{"type":"MultiPolygon","coordinates":[[[[126.91187,35.152928],[126.911916,35.152954],[126.911931,35.15294],[126.911884,35.152912],[126.91187,35.152928]]]]}},{"type":"Feature","id":"1971192084391835778400000000","properties":{"id":"1971192084391835778400000000","pnu":"1221010200101630001","year":1971,"purpose":"제1종 근린생활시설"},"geometry":{"type":"MultiPolygon","coordinates":[[[[126.913939,35.151314],[126.91394,35.151314],[126.913941,35.151314],[126.913942,35.151313],[126.913943,35.151313],[126.913943,35.151312],[126.913944,35.151312],[126.913944,35.151311],[126.913945,35.15131],[126.913945,35.15131],[126.913945,35.151309],[126.913944,35.151308],[126.913944,35.151307],[126.913943,35.151307],[126.913943,35.151306],[126.913942,35.151306],[126.913941,35.151305],[126.91394,35.151305],[126.913939,35.151305],[126.913938,35.151305],[126.913937,35.151305],[126.913936,35.151306],[126.913936,35.151306],[126.913935,35.151307],[126.913934,35.151307],[126.913934,35.151308],[126.913934,35.151309],[126.913934,35.15131],[126.913934,35.15131],[126.913934,35.151311],[126.913934,35.151312],[126.913935,35.151312],[126.913936,35.151313],[126.913936,35.151313],[126.913937,35.151314],[126.913938,35.151314],[126.913939,35.151314]]]]}},{"type":"Feature","id":"1971192170291832581500000000","properties":{"id":"1971192170291832581500000000","pnu":"1221012900100380006","year":1971,"purpose":"제2종 근린생활시설","floors":3,"structure":"철근콘크리트구조"},"geometry":{"type":"MultiPolygon","coordinates":[[[[126.914945,35.148532],[126.915013,35.148476],[126.91483,35.148325],[126.914756,35.148384],[126.914945,35.148532]]]]}},{"type":"Feature","id":"1971192178731835111100000000","properties":{"id":"1971192178731835111100000000","pnu":"1221013400100210010","year":1971,"purpose":"제2종 근린생활시설","far":331.54,"floors":5,"structure":"철근콘크리트구조"},"geometry":{"type":"MultiPolygon","coordinates":[[[[126.914985,35.150795],[126.915078,35.15073],[126.914967,35.150624],[126.914871,35.150684],[126.914985,35.150795]]]]}},{"type":"Feature","id":"1971192191671834998000000000","properties":{"id":"1971192191671834998000000000","pnu":"1221013400100210000","year":1971,"purpose":"기타","floors":8,"structure":"철근콘크리트구조"},"geometry":{"type":"MultiPolygon","coordinates":[[[[126.915101,35.150731],[126.91519,35.150666],[126.915174,35.150649],[126.915235,35.150607],[126.91521,35.150582],[126.91524,35.150562],[126.91517,35.150491],[126.915153,35.15049],[126.914974,35.150613],[126.915101,35.150731]]]]}},{"type":"Feature","id":"1971192287811842996300000000","properties":{"id":"1971192287811842996300000000","pnu":"1221010900105910008","year":1971,"purpose":"단독주택"},"geometry":{"type":"MultiPolygon","coordinates":[[[[126.916164,35.157868],[126.916225,35.157821],[126.916163,35.157766],[126.916106,35.157814],[126.916164,35.157868]]]]}},{"type":"Feature","id":"1971192292491842936200000000","properties":{"id":"1971192292491842936200000000","pnu":"1221010900105910008","year":1971,"purpose":"단독주택"},"geometry":{"type":"MultiPolygon","coordinates":[[[[126.916216,35.157767],[126.916217,35.157767],[126.916218,35.157767],[126.916219,35.157767],[126.91622,35.157766],[126.91622,35.157766],[126.916221,35.157765],[126.916221,35.157764],[126.916222,35.157764],[126.916222,35.157763],[126.916222,35.157762],[126.916221,35.157761],[126.916221,35.157761],[126.91622,35.15776],[126.91622,35.157759],[126.916219,35.157759],[126.916218,35.157759],[126.916217,35.157758],[126.916216,35.157758],[126.916215,35.157758],[126.916214,35.157759],[126.916213,35.157759],[126.916213,35.157759],[126.916212,35.15776],[126.916211,35.157761],[126.916211,35.157761],[126.916211,35.157762],[126.916211,35.157763],[126.916211,35.157764],[126.916211,35.157764],[126.916211,35.157765],[126.916212,35.157766],[126.916213,35.157766],[126.916213,35.157767],[126.916214,35.157767],[126.916215,35.157767],[126.916216,35.157767]]]]}},{"type":"Feature","id":"1971192295581834201000000000","properties":{"id":"1971192295581834201000000000","pnu":"1221013300100020003","year":1971,"purpose":"기타","far":131.32,"floors":2,"structure":"철근콘크리트구조"},"geometry":{"type":"MultiPolygon","coordinates":[[[[126.916266,35.149999],[126.916392,35.149904],[126.916253,35.149782],[126.916124,35.149871],[126.916266,35.149999]]]]}},{"type":"Feature","id":"1971192351121836593400000000","properties":{"id":"1971192351121836593400000000","pnu":"1221010100101610001","year":1971,"purpose":"단독주택"},"geometry":{"type":"MultiPolygon","coordinates":[[[[126.916871,35.152088],[126.916916,35.152045],[126.91686,35.152005],[126.916815,35.152047],[126.916871,35.152088]]]]}},{"type":"Feature","id":"1971192371081839259300000000","properties":{"id":"1971192371081839259300000000","pnu":"1221010100103100014","year":1971,"purpose":"제1종 근린생활시설","floors":1,"structure":"블록구조"},"geometry":{"type":"MultiPolygon","coordinates":[[[[126.916999,35.154535],[126.917185,35.154439],[126.917187,35.154416],[126.917113,35.154361],[126.917063,35.154397],[126.917081,35.154415],[126.916961,35.154496],[126.916999,35.154535]]]]}},{"type":"Feature","id":"1971192391131839066600000000","properties":{"id":"1971192391131839066600000000","pnu":"1221010100103090001","year":1971,"purpose":"제1종 근린생활시설","floors":1,"structure":"블록구조"},"geometry":{"type":"MultiPolygon","coordinates":[[[[126.917285,35.154374],[126.917471,35.154229],[126.91742,35.154183],[126.917274,35.15429],[126.917166,35.154208],[126.917123,35.154245],[126.917285,35.154374]]]]}},{"type":"Feature","id":"1971192403161833335300000000","properties":{"id":"1971192403161833335300000000","pnu":"1221013200100070004","purpose":"기타","floors":5,"structure":"철근콘크리트구조"},"geometry":{"type":"MultiPolygon","coordinates":[[[[126.917273,35.149096],[126.917442,35.149242],[126.917602,35.149126],[126.917446,35.148978],[126.917273,35.149096]]]]}},{"type":"Feature","id":"1971192420771833178800000000","properties":{"id":"1971192420771833178800000000","pnu":"1221013200100070004","year":1971,"purpose":"기타","structure":"철근콘크리트구조"},"geometry":{"type":"MultiPolygon","coordinates":[[[[126.917608,35.149115],[126.917807,35.148953],[126.917667,35.148828],[126.917456,35.148975],[126.917608,35.149115]]]]}},{"type":"Feature","id":"1971192428151841092800000000","properties":{"id":"1971192428151841092800000000","pnu":"1221010900105100068","year":1971,"purpose":"제1종 근린생활시설","floors":2,"structure":"벽돌구조"},"geometry":{"type":"MultiPolygon","coordinates":[[[[126.917714,35.15617],[126.91779,35.156114],[126.917691,35.156034],[126.917627,35.156091],[126.917714,35.15617]]]]}},{"type":"Feature","id":"1971192430861833417700000000","properties":{"id":"1971192430861833417700000000","pnu":"1221013200100070001","year":1971,"purpose":"기타","floors":3,"structure":"철근콘크리트구조"},"geometry":{"type":"MultiPolygon","coordinates":[[[[126.917663,35.149387],[126.917999,35.149115],[126.917849,35.148986],[126.9177,35.149102],[126.917674,35.149082],[126.917493,35.149242],[126.917663,35.149387]]]]}},{"type":"Feature","id":"1971192462441834157400000000","properties":{"id":"1971192462441834157400000000","pnu":"1221010600100510014","year":1971,"purpose":"단독주택","floors":2,"structure":"벽돌구조"},"geometry":{"type":"MultiPolygon","coordinates":[[[[126.918084,35.149904],[126.918157,35.149834],[126.918114,35.149802],[126.918077,35.149833],[126.918059,35.149822],[126.91802,35.149856],[126.918084,35.149904]]]]}},{"type":"Feature","id":"1971192467261839786800000000","properties":{"id":"1971192467261839786800000000","pnu":"1221010900104520000","year":1971,"purpose":"단독주택","floors":1,"structure":"일반목구조"},"geometry":{"type":"MultiPolygon","coordinates":[[[[126.91815,35.15499],[126.918183,35.154942],[126.91816,35.154933],[126.918193,35.154877],[126.918144,35.154856],[126.918071,35.154954],[126.91815,35.15499]]]]}},{"type":"Feature","id":"1971192473101842158700000000","properties":{"id":"1971192473101842158700000000","pnu":"1221010900104860015","purpose":"제1종 근린생활시설","floors":2,"structure":"벽돌구조"},"geometry":{"type":"MultiPolygon","coordinates":[[[[126.918191,35.157127],[126.918279,35.157062],[126.918204,35.157001],[126.918122,35.157063],[126.918191,35.157127]]]]}},{"type":"Feature","id":"1971192487871839403500000000","properties":{"id":"1971192487871839403500000000","pnu":"1221010900104490005","year":1971,"purpose":"제1종 근린생활시설","far":186.95,"floors":2,"structure":"벽돌구조"},"geometry":{"type":"MultiPolygon","coordinates":[[[[126.918403,35.154649],[126.918448,35.154607],[126.918325,35.154514],[126.918277,35.154548],[126.918403,35.154649]]]]}},{"type":"Feature","id":"1971192513511838614500000000","properties":{"id":"1971192513511838614500000000","pnu":"1221010900103810023","year":1971,"purpose":"기타"},"geometry":{"type":"MultiPolygon","coordinates":[[[[126.918783,35.153911],[126.918795,35.153852],[126.918505,35.153827],[126.918502,35.153888],[126.918783,35.153911]]]]}},{"type":"Feature","id":"1971192538061841183200000000","properties":{"id":"1971192538061841183200000000","pnu":"1221010900102970040","year":1971,"purpose":"단독주택","floors":1,"structure":"일반목구조"},"geometry":{"type":"MultiPolygon","coordinates":[[[[126.918947,35.156226],[126.91897,35.156176],[126.918881,35.156144],[126.918855,35.156192],[126.918947,35.156226]]]]}},{"type":"Feature","id":"1972191735731835908400000000","properties":{"id":"1972191735731835908400000000","pnu":"1221010400100420002","year":1972,"purpose":"단독주택","floors":3,"structure":"벽돌구조"},"geometry":{"type":"MultiPolygon","coordinates":[[[[126.910124,35.151484],[126.910184,35.151426],[126.910097,35.151365],[126.910043,35.15142],[126.910124,35.151484]]]]}},{"type":"Feature","id":"1972191747341833583800000000","properties":{"id":"1972191747341833583800000000","pnu":"1221010400101000002","year":1972,"purpose":"제1종 근린생활시설","far":203.75,"floors":3,"structure":"철근콘크리트구조"},"geometry":{"type":"MultiPolygon","coordinates":[[[[126.910265,35.149405],[126.910331,35.149318],[126.910221,35.149254],[126.910153,35.149337],[126.910265,35.149405]]]]}},{"type":"Feature","id":"1972191877141834893700000000","properties":{"id":"1972191877141834893700000000","pnu":"1221010300100600005","year":1972,"purpose":"숙박시설","floors":2,"structure":"벽돌구조"},"geometry":{"type":"MultiPolygon","coordinates":[[[[126.911675,35.150595],[126.911771,35.150501],[126.911675,35.150427],[126.911554,35.150518],[126.911603,35.150561],[126.911618,35.150549],[126.911675,35.150595]]]]}},{"type":"Feature","id":"1972191910181837253900000000","properties":{"id":"1972191910181837253900000000","pnu":"1221010200100690001","year":1972,"purpose":"기타","floors":4,"structure":"철근콘크리트구조"},"geometry":{"type":"MultiPolygon","coordinates":[[[[126.911934,35.152755],[126.912187,35.152589],[126.912118,35.152522],[126.911865,35.152687],[126.911934,35.152755]]]]}},{"type":"Feature","id":"1972191923641837314000000000","properties":{"id":"1972191923641837314000000000","pnu":"1221010200100690001","year":1972,"purpose":"기타","floors":4,"structure":"철근콘크리트구조"},"geometry":{"type":"MultiPolygon","coordinates":[[[[126.912138,35.152774],[126.912274,35.152667],[126.912214,35.152613],[126.912073,35.152711],[126.912138,35.152774]]]]}},{"type":"Feature","id":"1972192024131841823900000000","properties":{"id":"1972192024131841823900000000","pnu":"1221010100103200003","year":1972,"purpose":"단독주택"},"geometry":{"type":"MultiPolygon","coordinates":[[[[126.913261,35.156801],[126.913325,35.156756],[126.913282,35.156716],[126.913219,35.15676],[126.913261,35.156801]]]]}},{"type":"Feature","id":"1972192030441841761600000000","properties":{"id":"1972192030441841761600000000","pnu":"1221010100103200003","year":1972,"purpose":"단독주택"},"geometry":{"type":"MultiPolygon","coordinates":[[[[126.913334,35.156757],[126.913407,35.156713],[126.913349,35.156647],[126.913276,35.156691],[126.913334,35.156757]]]]}},{"type":"Feature","id":"1972192051041834606300000000","properties":{"id":"1972192051041834606300000000","pnu":"1221013000100040001","year":1972,"purpose":"제1종 근린생활시설"},"geometry":{"type":"MultiPolygon","coordinates":[[[[126.913663,35.150259],[126.913574,35.15018],[126.913484,35.150246],[126.913577,35.150326],[126.913663,35.150259]]]]}},{"type":"Feature","id":"1972192063321834702500000000","properties":{"id":"1972192063321834702500000000","pnu":"1221013000100040001","year":1972,"purpose":"제1종 근린생활시설"},"geometry":{"type":"MultiPolygon","coordinates":[[[[126.913726,35.150415],[126.913797,35.150355],[126.913692,35.150265],[126.913626,35.150307],[126.913674,35.150377],[126.913726,35.150415]]]]}},{"type":"Feature","id":"1972192073111832703300000000","properties":{"id":"1972192073111832703300000000","pnu":"1221011700100050008","year":1972,"purpose":"제1종 근린생활시설","far":190.74,"floors":4,"structure":"철근콘크리트구조"},"geometry":{"type":"MultiPolygon","coordinates":[[[[126.913764,35.148627],[126.913932,35.148509],[126.913871,35.148448],[126.913705,35.148567],[126.913764,35.148627]]]]}},{"type":"Feature","id":"1972192085511839866000000000","properties":{"id":"1972192085511839866000000000","pnu":"1221010100103240018","year":1972,"purpose":"제2종 근린생활시설","floors":3,"structure":"철근콘크리트구조"},"geometry":{"type":"MultiPolygon","coordinates":[[[[126.913906,35.155142],[126.914133,35.154996],[126.913987,35.154849],[126.913764,35.154986],[126.913906,35.155142]]]]}},{"type":"Feature","id":"1972192270641838686600000000","properties":{"id":"1972192270641838686600000000","pnu":"1221010100103120007","year":1972,"purpose":"기타","floors":5,"structure":"철근콘크리트구조"},"geometry":{"type":"MultiPolygon","coordinates":[[[[126.915967,35.154012],[126.916081,35.153937],[126.915994,35.153854],[126.91588,35.153923],[126.915967,35.154012]]]]}},{"type":"Feature","id":"1972192272881838995500000000","properties":{"id":"1972192272881838995500000000","pnu":"1221010100103110007","year":1972,"purpose":"제2종 근린생활시설"},"geometry":{"type":"MultiPolygon","coordinates":[[[[126.915988,35.154312],[126.916133,35.154196],[126.916046,35.154129],[126.915988,35.154131],[126.91588,35.154217],[126.915988,35.154312]]]]}},{"type":"Feature","id":"1972192296301839250100000000","properties":{"id":"1972192296301839250100000000","pnu":"1221010100103110010","year":1972,"purpose":"숙박시설"},"geometry":{"type":"MultiPolygon","coordinates":[[[[126.916216,35.154529],[126.91637,35.154413],[126.916298,35.154351],[126.916155,35.154471],[126.916216,35.154529]]]]}},{"type":"Feature","id":"1972192325411836605100000000","properties":{"id":"1972192325411836605100000000","pnu":"1221010100101620000","year":1972,"purpose":"제1종 근린생활시설","far":68.92,"floors":3,"structure":"철근콘크리트구조"},"geometry":{"type":"MultiPolygon","coordinates":[[[[126.916596,35.152202],[126.916694,35.152115],[126.916616,35.152059],[126.916707,35.151963],[126.916617,35.151905],[126.916439,35.152079],[126.916596,35.152202]]]]}},{"type":"Feature","id":"1972192342551836034600000000","properties":{"id":"1972192342551836034600000000","pnu":"1221010100101550001","year":1972,"purpose":"제1종 근린생활시설","floors":4,"structure":"철근콘크리트구조"},"geometry":{"type":"MultiPolygon","coordinates":[[[[126.916686,35.151539],[126.916778,35.151613],[126.916861,35.151543],[126.916758,35.151473],[126.916686,35.151539]]]]}},{"type":"Feature","id":"1972192350741839415600000000","properties":{"id":"1972192350741839415600000000","pnu":"1221010100103100017","year":1972,"purpose":"제1종 근린생활시설","floors":1,"structure":"벽돌구조"},"geometry":{"type":"MultiPolygon","coordinates":[[[[126.916775,35.154663],[126.916974,35.154562],[126.916941,35.154517],[126.916744,35.154618],[126.916775,35.154663]]]]}},{"type":"Feature","id":"1972192363511839206600000000","properties":{"id":"1972192363511839206600000000","pnu":"1221010100103100013","year":1972,"purpose":"제1종 근린생활시설","far":37.471389,"floors":1,"structure":"블록구조"},"geometry":{"type":"MultiPolygon","coordinates":[[[[126.916935,35.154492],[126.917106,35.154343],[126.917063,35.154312],[126.916893,35.154459],[126.916935,35.154492]]]]}},{"type":"Feature","id":"1972192380661833437100000000","properties":{"id":"1972192380661833437100000000","pnu":"1221013200100060001","year":1972,"purpose":"기타","far":405.92,"floors":6,"structure":"철근콘크리트구조"},"geometry":{"type":"MultiPolygon","coordinates":[[[[126.917128,35.1493],[126.917323,35.149163],[126.917261,35.149103],[126.917062,35.149237],[126.917128,35.1493]]]]}},{"type":"Feature","id":"1972192387481838932200000000","properties":{"id":"1972192387481838932200000000","pnu":"1221010100103090002","year":1972,"purpose":"단독주택"},"geometry":{"type":"MultiPolygon","coordinates":[[[[126.917219,35.154217],[126.917334,35.154116],[126.917309,35.15409],[126.917189,35.154193],[126.917219,35.154217]]]]}},{"type":"Feature","id":"1972192392071838978800000000","properties":{"id":"1972192392071838978800000000","pnu":"1221010100103090002","year":1972,"purpose":"단독주택"},"geometry":{"type":"MultiPolygon","coordinates":[[[[126.917273,35.154262],[126.917387,35.154157],[126.917359,35.154128],[126.917236,35.154237],[126.917273,35.154262]]]]}},{"type":"Feature","id":"1972192404591839196500000000","properties":{"id":"1972192404591839196500000000","pnu":"1221010100103270012","year":1972,"purpose":"제2종 근린생활시설"},"geometry":{"type":"MultiPolygon","coordinates":[[[[126.917348,35.154433],[126.917386,35.154462],[126.917433,35.154463],[126.917549,35.15436],[126.917486,35.154308],[126.917348,35.154433]]]]}},{"type":"Feature","id":"1972192417361838611100000000","properties":{"id":"1972192417361838611100000000","pnu":"1221010100103080004","year":1972,"purpose":"숙박시설","floors":2,"structure":"벽돌구조"},"geometry":{"type":"MultiPolygon","coordinates":[[[[126.917601,35.153938],[126.917677,35.153875],[126.917644,35.153844],[126.917647,35.153837],[126.917603,35.153797],[126.917499,35.15385],[126.917498,35.153857],[126.917601,35.153938]]]]}},{"type":"Feature","id":"1972192420791839032000000000","properties":{"id":"1972192420791839032000000000","pnu":"1221010100103270015","year":1972,"purpose":"단독주택"},"geometry":{"type":"MultiPolygon","coordinates":[[[[126.91756,35.154353],[126.917742,35.154201],[126.917739,35.154158],[126.917706,35.154135],[126.917498,35.1543],[126.91756,35.154353]]]]}},{"type":"Feature","id":"1972192427571838715900000000","properties":{"id":"1972192427571838715900000000","pnu":"1221010100103080001","year":1972,"purpose":"제2종 근린생활시설","floors":2,"structure":"철근콘크리트구조"},"geometry":{"type":"MultiPolygon","coordinates":[[[[126.917716,35.154035],[126.917796,35.153969],[126.917687,35.153886],[126.917609,35.153947],[126.917716,35.154035]]]]}},{"type":"Feature","id":"1972192441101838834000000000","properties":{"id":"1972192441101838834000000000","pnu":"1221010100103270030","year":1972,"purpose":"단독주택","floors":3,"structure":"벽돌구조"},"geometry":{"type":"MultiPolygon","coordinates":[[[[126.917926,35.154051],[126.91786,35.154001],[126.917774,35.154081],[126.917816,35.154116],[126.917862,35.154121],[126.917926,35.154051]]]]}},{"type":"Feature","id":"1972192447031838343800000000","properties":{"id":"1972192447031838343800000000","pnu":"1221010100103080009","year":1972,"purpose":"단독주택"},"geometry":{"type":"MultiPolygon","coordinates":[[[[126.917946,35.153665],[126.917971,35.153637],[126.917887,35.153584],[126.917863,35.153614],[126.917946,35.153665]]]]}},{"type":"Feature","id":"1972192448471842480600000000","properties":{"id":"1972192448471842480600000000","pnu":"1221010900104840023","year":1972,"purpose":"제2종 근린생활시설"},"geometry":{"type":"MultiPolygon","coordinates":[[[[126.917949,35.157403],[126.917987,35.157371],[126.917908,35.157302],[126.917871,35.15734],[126.917949,35.157403]]]]}},{"type":"Feature","id":"1972192449251838754500000000","properties":{"id":"1972192449251838754500000000","pnu":"1221010100103270032","year":1972,"purpose":"제1종 근린생활시설","far":279.962121212,"floors":3,"structure":"벽돌구조"},"geometry":{"type":"MultiPolygon","coordinates":[[[[126.917951,35.154038],[126.917994,35.154003],[126.917929,35.153953],[126.917887,35.153984],[126.917951,35.154038]]]]}},{"type":"Feature","id":"1972192451221838528200000000","properties":{"id":"1972192451221838528200000000","pnu":"1221010100103080027","year":1972,"purpose":"제1종 근린생활시설","far":76.79,"floors":2,"structure":"철근콘크리트구조"},"geometry":{"type":"MultiPolygon","coordinates":[[[[126.917957,35.153839],[126.918018,35.153786],[126.917968,35.153743],[126.917906,35.153795],[126.917957,35.153839]]]]}},{"type":"Feature","id":"1972192455011838699700000000","properties":{"id":"1972192455011838699700000000","pnu":"1221010100103270035","year":1972,"purpose":"단독주택","floors":3,"structure":"벽돌구조"},"geometry":{"type":"MultiPolygon","coordinates":[[[[126.918015,35.153989],[126.918057,35.153953],[126.91799,35.153903],[126.917951,35.153935],[126.918015,35.153989]]]]}},{"type":"Feature","id":"1972192457231841387800000000","properties":{"id":"1972192457231841387800000000","pnu":"1221010900104650003","year":1972,"purpose":"제2종 근린생활시설","far":116.48,"floors":4,"structure":"철근콘크리트구조"},"geometry":{"type":"MultiPolygon","coordinates":[[[[126.917947,35.156351],[126.917986,35.156404],[126.918051,35.156417],[126.918111,35.156378],[126.918072,35.156336],[126.918048,35.156351],[126.918011,35.15631],[126.917947,35.156351]]]]}},{"type":"Feature","id":"1972192460561838645300000000","properties":{"id":"1972192460561838645300000000","pnu":"1221010100103270038","year":1972,"purpose":"단독주택","floors":3,"structure":"벽돌구조"},"geometry":{"type":"MultiPolygon","coordinates":[[[[126.918072,35.153945],[126.918123,35.1539],[126.918059,35.153847],[126.918005,35.153895],[126.918072,35.153945]]]]}},{"type":"Feature","id":"1972192464011839167900000000","properties":{"id":"1972192464011839167900000000","pnu":"1221010900104300002","year":1972,"purpose":"기타"},"geometry":{"type":"MultiPolygon","coordinates":[[[[126.91817,35.154391],[126.918058,35.154315],[126.918035,35.154345],[126.918143,35.154419],[126.91817,35.154391]]]]}},{"type":"Feature","id":"1972192470971838540600000000","properties":{"id":"1972192470971838540600000000","pnu":"1221010100103270043","year":1972,"purpose":"제1종 근린생활시설","floors":3,"structure":"벽돌구조"},"geometry":{"type":"MultiPolygon","coordinates":[[[[126.91814,35.153893],[126.918282,35.15376],[126.918226,35.153711],[126.918074,35.153842],[126.91814,35.153893]]]]}},{"type":"Feature","id":"1972192502621839963300000000","properties":{"id":"1972192502621839963300000000","pnu":"1221010900103010000","purpose":"기타","structure":"블록구조"},"geometry":{"type":"MultiPolygon","coordinates":[[[[126.918525,35.155089],[126.918526,35.155089],[126.918527,35.155089],[126.918528,35.155089],[126.918529,35.155088],[126.918529,35.155088],[126.91853,35.155087],[126.91853,35.155086],[126.918531,35.155086],[126.918531,35.155085],[126.918531,35.155084],[126.91853,35.155083],[126.91853,35.155083],[126.918529,35.155082],[126.918529,35.155081],[126.918528,35.155081],[126.918527,35.155081],[126.918526,35.15508],[126.918525,35.15508],[126.918524,35.15508],[126.918523,35.155081],[126.918522,35.155081],[126.918522,35.155081],[126.918521,35.155082],[126.91852,35.155083],[126.91852,35.155083],[126.91852,35.155084],[126.91852,35.155085],[126.91852,35.155086],[126.91852,35.155086],[126.91852,35.155087],[126.918521,35.155088],[126.918522,35.155088],[126.918522,35.155089],[126.918523,35.155089],[126.918524,35.155089],[126.918525,35.155089]]]]}},{"type":"Feature","id":"1972192504241840032400000000","properties":{"id":"1972192504241840032400000000","pnu":"1221010900103010000","year":1972,"purpose":"단독주택","floors":1,"structure":"일반목구조"},"geometry":{"type":"MultiPolygon","coordinates":[[[[126.918468,35.155159],[126.918585,35.155195],[126.918616,35.155126],[126.91858,35.155115],[126.918575,35.155127],[126.918494,35.155102],[126.918468,35.155159]]]]}},{"type":"Feature","id":"1973191697671837012600000000","properties":{"id":"1973191697671837012600000000","pnu":"1221010300100960028","year":1973,"purpose":"기타"},"geometry":{"type":"MultiPolygon","coordinates":[[[[126.909652,35.152487],[126.909778,35.152393],[126.909733,35.152351],[126.90961,35.152445],[126.909652,35.152487]]]]}},{"type":"Feature","id":"1973191736821836527300000000","properties":{"id":"1973191736821836527300000000","pnu":"1221010300100960014","year":1973,"purpose":"기타","floors":1,"structure":"블록구조"},"geometry":{"type":"MultiPolygon","coordinates":[[[[126.910157,35.15205],[126.910209,35.152012],[126.910091,35.151913],[126.910039,35.151953],[126.910157,35.15205]]]]}},{"type":"Feature","id":"1973191785211833102600000000","properties":{"id":"1973191785211833102600000000","pnu":"1221010400101040000","year":1973,"purpose":"제1종 근린생활시설","far":39.34,"floors":2,"structure":"철근콘크리트구조"},"geometry":{"type":"MultiPolygon","coordinates":[[[[126.910702,35.148969],[126.910756,35.148908],[126.910612,35.148822],[126.910561,35.14888],[126.910702,35.148969]]]]}},{"type":"Feature","id":"1973191910491836504300000000","properties":{"id":"1973191910491836504300000000","pnu":"1221010200101150005","year":1973,"purpose":"제1종 근린생활시설","far":86.13,"floors":2,"structure":"벽돌구조"},"geometry":{"type":"MultiPolygon","coordinates":[[[[126.912011,35.151907],[126.911967,35.151972],[126.912043,35.152017],[126.912096,35.151955],[126.912011,35.151907]]]]}},{"type":"Feature","id":"1973191986781838593000000000","properties":{"id":"1973191986781838593000000000","pnu":"1221010100103240021","year":1973,"purpose":"제2종 근린생활시설","floors":4,"structure":"철근콘크리트구조"},"geometry":{"type":"MultiPolygon","coordinates":[[[[126.91293,35.153837],[126.912883,35.153795],[126.912805,35.153855],[126.912855,35.153899],[126.912886,35.153874],[126.912861,35.153852],[126.912884,35.153834],[126.912907,35.153855],[126.91293,35.153837]]]]}},{"type":"Feature","id":"1973192004641841004300000000","properties":{"id":"1973192004641841004300000000","pnu":"1221010100103200015","purpose":"제1종 근린생활시설","floors":3,"structure":"벽돌구조"},"geometry":{"type":"MultiPolygon","coordinates":[[[[126.913059,35.156024],[126.91306,35.156024],[126.913061,35.156023],[126.913061,35.156023],[126.913062,35.156023],[126.913063,35.156022],[126.913063,35.156021],[126.913064,35.156021],[126.913064,35.15602],[126.913064,35.156019],[126.913064,35.156018],[126.913064,35.156018],[126.913063,35.156017],[126.913063,35.156016],[126.913062,35.156016],[126.913061,35.156015],[126.913061,35.156015],[126.91306,35.156015],[126.913059,35.156015],[126.913058,35.156015],[126.913057,35.156015],[126.913056,35.156015],[126.913055,35.156016],[126.913055,35.156016],[126.913054,35.156017],[126.913054,35.156018],[126.913053,35.156018],[126.913053,35.156019],[126.913053,35.15602],[126.913054,35.156021],[126.913054,35.156021],[126.913055,35.156022],[126.913055,35.156023],[126.913056,35.156023],[126.913057,35.156023],[126.913058,35.156024],[126.913059,35.156024]]]]}},{"type":"Feature","id":"1973192024971832183600000000","properties":{"id":"1973192024971832183600000000","pnu":"1221011500100380006","year":1973,"purpose":"단독주택","floors":2,"structure":"벽돌구조"},"geometry":{"type":"MultiPolygon","coordinates":[[[[126.91329,35.148073],[126.913291,35.148073],[126.913292,35.148073],[126.913293,35.148073],[126.913294,35.148072],[126.913295,35.148072],[126.913295,35.148071],[126.913296,35.14807],[126.913296,35.14807],[126.913296,35.148069],[126.913296,35.148068],[126.913296,35.148067],[126.913295,35.148067],[126.913295,35.148066],[126.913294,35.148065],[126.913293,35.148065],[126.913292,35.148065],[126.913291,35.148064],[126.913291,35.148064],[126.91329,35.148064],[126.913289,35.148065],[126.913288,35.148065],[126.913287,35.148065],[126.913286,35.148066],[126.913286,35.148067],[126.913285,35.148067],[126.913285,35.148068],[126.913285,35.148069],[126.913285,35.14807],[126.913285,35.14807],[126.913286,35.148071],[126.913286,35.148072],[126.913287,35.148072],[126.913288,35.148073],[126.913289,35.148073],[126.91329,35.148073],[126.91329,35.148073]]]]}},{"type":"Feature","id":"1973192041211842219300000000","properties":{"id":"1973192041211842219300000000","pnu":"1221010900102390139","year":1971,"purpose":"단독주택"},"geometry":{"type":"MultiPolygon","coordinates":[[[[126.91347,35.157157],[126.913506,35.15713],[126.913444,35.157072],[126.913413,35.157098],[126.91347,35.157157]]]]}},{"type":"Feature","id":"1973192072341838950900000000","properties":{"id":"1973192072341838950900000000","pnu":"1221010100100210007","purpose":"단독주택","floors":2,"structure":"일반목구조"},"geometry":{"type":"MultiPolygon","coordinates":[[[[126.913858,35.154181],[126.913766,35.154133],[126.913751,35.154159],[126.91384,35.154204],[126.913858,35.154181]]]]}},{"type":"Feature","id":"1973192140611832502200000000","properties":{"id":"1973192140611832502200000000","pnu":"1221011700100120001","year":1973,"purpose":"제2종 근린생활시설"},"geometry":{"type":"MultiPolygon","coordinates":[[[[126.914555,35.148448],[126.914676,35.148348],[126.914607,35.148292],[126.914471,35.148289],[126.914488,35.148401],[126.914522,35.148438],[126.914555,35.148448]]]]}},{"type":"Feature","id":"1973192152471839934700000000","properties":{"id":"1973192152471839934700000000","pnu":"1221010100103220023","year":1973,"purpose":"제1종 근린생활시설","floors":2,"structure":"벽돌구조"},"geometry":{"type":"MultiPolygon","coordinates":[[[[126.914716,35.155132],[126.914764,35.155092],[126.914647,35.154982],[126.914599,35.155016],[126.914716,35.155132]]]]}},{"type":"Feature","id":"1973192153431840174100000000","properties":{"id":"1973192153431840174100000000","pnu":"1221010100103220007","year":1973,"purpose":"숙박시설","floors":2,"structure":"벽돌구조"},"geometry":{"type":"MultiPolygon","coordinates":[[[[126.914732,35.155333],[126.914763,35.155314],[126.914652,35.155211],[126.914622,35.155228],[126.914732,35.155333]]]]}},{"type":"Feature","id":"1973192192141836353900000000","properties":{"id":"1973192192141836353900000000","pnu":"1221013400100010003","year":1973,"purpose":"단독주택","floors":2,"structure":"철근콘크리트구조"},"geometry":{"type":"MultiPolygon","coordinates":[[[[126.915145,35.151882],[126.915182,35.151846],[126.915099,35.151778],[126.915058,35.15181],[126.915145,35.151882]]]]}},{"type":"Feature","id":"1973192253941837414700000000","properties":{"id":"1973192253941837414700000000","pnu":"1221010100100520002","year":1973,"purpose":"제2종 근린생활시설","far":213.94,"floors":4,"structure":"철근콘크리트구조"},"geometry":{"type":"MultiPolygon","coordinates":[[[[126.915814,35.152901],[126.91588,35.152831],[126.915843,35.152808],[126.915909,35.152734],[126.915812,35.152673],[126.915675,35.152805],[126.915814,35.152901]]]]}},{"type":"Feature","id":"1973192265211832792000000000","properties":{"id":"1973192265211832792000000000","pnu":"1221012900100150000","purpose":"제1종 근린생활시설","floors":5,"structure":"철근콘크리트구조"},"geometry":{"type":"MultiPolygon","coordinates":[[[[126.915963,35.1487],[126.916021,35.148654],[126.915903,35.14855],[126.915867,35.148551],[126.915831,35.148581],[126.915963,35.1487]]]]}},{"type":"Feature","id":"1973192279131832680500000000","properties":{"id":"1973192279131832680500000000","pnu":"1221012800100010002","year":1973,"purpose":"제1종 근린생활시설","far":397.67,"floors":5,"structure":"철근콘크리트구조"},"geometry":{"type":"MultiPolygon","coordinates":[[[[126.916106,35.148608],[126.916188,35.148545],[126.916051,35.148429],[126.915983,35.148479],[126.915995,35.148518],[126.916106,35.148608]]]]}},{"type":"Feature","id":"1973192308651839387600000000","properties":{"id":"1973192308651839387600000000","pnu":"1221010100103110012","year":1973,"purpose":"숙박시설"},"geometry":{"type":"MultiPolygon","coordinates":[[[[126.916398,35.154682],[126.916561,35.154561],[126.916487,35.1545],[126.916453,35.154528],[126.916354,35.154455],[126.916244,35.154541],[126.916398,35.154682]]]]}},{"type":"Feature","id":"1973192317031832446000000000","properties":{"id":"1973192317031832446000000000","pnu":"1221012800100030002","year":1973,"purpose":"제1종 근린생활시설"},"geometry":{"type":"MultiPolygon","coordinates":[[[[126.916465,35.148459],[126.91663,35.14835],[126.916641,35.148361],[126.916684,35.14832],[126.916523,35.148152],[126.916305,35.148304],[126.916465,35.148459]]]]}},{"type":"Feature","id":"1973192327601834905000000000","properties":{"id":"1973192327601834905000000000","pnu":"1221013300100010005","year":1973,"purpose":"기타","far":378.63,"floors":6,"structure":"철근콘크리트구조"},"geometry":{"type":"MultiPolygon","coordinates":[[[[126.916626,35.150629],[126.916728,35.150538],[126.91659,35.150421],[126.916491,35.150507],[126.916626,35.150629]]]]}},{"type":"Feature","id":"1973192338251843169600000000","properties":{"id":"1973192338251843169600000000","pnu":"1221010900105880011","purpose":"기타"},"geometry":{"type":"MultiPolygon","coordinates":[[[[126.916754,35.158025],[126.916779,35.157998],[126.916684,35.157923],[126.916655,35.157947],[126.916754,35.158025]]]]}},{"type":"Feature","id":"1973192338721840195200000000","properties":{"id":"1973192338721840195200000000","pnu":"1221010900104710024","year":1973,"purpose":"제1종 근린생활시설","floors":2,"structure":"철근콘크리트구조"},"geometry":{"type":"MultiPolygon","coordinates":[[[[126.91675,35.15529],[126.916726,35.155272],[126.916703,35.155294],[126.916725,35.155314],[126.91675,35.15529]]]]}},{"type":"Feature","id":"1973192342441843138600000000","properties":{"id":"1973192342441843138600000000","pnu":"1221010900105880011","year":1973,"purpose":"단독주택"},"geometry":{"type":"MultiPolygon","coordinates":[[[[126.916791,35.157996],[126.916827,35.157972],[126.916733,35.157894],[126.916703,35.157918],[126.916791,35.157996]]]]}},{"type":"Feature","id":"1973192343841840147900000000","properties":{"id":"1973192343841840147900000000","pnu":"1221010900104710024","year":1973,"purpose":"제1종 근린생활시설","floors":2,"structure":"철근콘크리트구조"},"geometry":{"type":"MultiPolygon","coordinates":[[[[126.916831,35.155234],[126.916774,35.155206],[126.916733,35.155264],[126.916791,35.155295],[126.916831,35.155234]]]]}},{"type":"Feature","id":"1973192378611839609100000000","properties":{"id":"1973192378611839609100000000","pnu":"1221010900104190006","purpose":"제1종 근린생활시설","floors":1,"structure":"블록구조"},"geometry":{"type":"MultiPolygon","coordinates":[[[[126.917092,35.154769],[126.917146,35.154797],[126.9172,35.154802],[126.91721,35.154735],[126.917196,35.154717],[126.917092,35.154769]]]]}},{"type":"Feature","id":"1973192383631840414100000000","properties":{"id":"1973192383631840414100000000","pnu":"1221010900104670007","year":1973,"purpose":"숙박시설","floors":2,"structure":"벽돌구조"},"geometry":{"type":"MultiPolygon","coordinates":[[[[126.91718,35.155535],[126.917237,35.155523],[126.917281,35.155482],[126.917251,35.15545],[126.917167,35.155467],[126.91718,35.155535]]]]}},{"type":"Feature","id":"1973192394181840415300000000","properties":{"id":"1973192394181840415300000000","pnu":"1221010900104670003","purpose":"기타","structure":"블록구조"},"geometry":{"type":"MultiPolygon","coordinates":[[[[126.917335,35.155496],[126.917336,35.155496],[126.917336,35.155496],[126.917337,35.155495],[126.917338,35.155495],[126.917339,35.155494],[126.917339,35.155494],[126.91734,35.155493],[126.91734,35.155492],[126.91734,35.155491],[126.91734,35.155491],[126.91734,35.15549],[126.917339,35.155489],[126.917339,35.155489],[126.917338,35.155488],[126.917337,35.155488],[126.917336,35.155487],[126.917336,35.155487],[126.917335,35.155487],[126.917334,35.155487],[126.917333,35.155487],[126.917332,35.155488],[126.917331,35.155488],[126.91733,35.155489],[126.91733,35.155489],[126.917329,35.15549],[126.917329,35.155491],[126.917329,35.155491],[126.917329,35.155492],[126.917329,35.155493],[126.91733,35.155494],[126.91733,35.155494],[126.917331,35.155495],[126.917332,35.155495],[126.917333,35.155496],[126.917334,35.155496],[126.917335,35.155496]]]]}},{"type":"Feature","id":"1973192396881839530400000000","properties":{"id":"1973192396881839530400000000","pnu":"1221010900104190001","purpose":"단독주택","floors":1,"structure":"일반목구조"},"geometry":{"type":"MultiPolygon","coordinates":[[[[126.917354,35.154743],[126.917428,35.154704],[126.917375,35.154645],[126.917303,35.154683],[126.917354,35.154743]]]]}},{"type":"Feature","id":"1973192398511840451500000000","properties":{"id":"1973192398511840451500000000","pnu":"1221010900104670003","year":1973,"purpose":"단독주택","floors":1,"structure":"벽돌구조"},"geometry":{"type":"MultiPolygon","coordinates":[[[[126.91739,35.155561],[126.917424,35.155539],[126.917375,35.155488],[126.91734,35.155509],[126.91739,35.155561]]]]}},{"type":"Feature","id":"1973192405011839650500000000","properties":{"id":"1973192405011839650500000000","pnu":"1221010900104190001","year":1973,"purpose":"단독주택","floors":2,"structure":"벽돌구조"},"geometry":{"type":"MultiPolygon","coordinates":[[[[126.917489,35.154839],[126.917512,35.154805],[126.917417,35.154766],[126.917397,35.154798],[126.917489,35.154839]]]]}},{"type":"Feature","id":"1973192459071834438800000000","properties":{"id":"1973192459071834438800000000","pnu":"1221010600100510036","year":1973,"purpose":"단독주택","floors":2,"structure":"벽돌구조"},"geometry":{"type":"MultiPolygon","coordinates":[[[[126.918052,35.150109],[126.918053,35.150109],[126.918054,35.150109],[126.918055,35.150109],[126.918056,35.150108],[126.918056,35.150108],[126.918057,35.150107],[126.918057,35.150106],[126.918058,35.150106],[126.918058,35.150105],[126.918058,35.150104],[126.918057,35.150103],[126.918057,35.150103],[126.918056,35.150102],[126.918056,35.150101],[126.918055,35.150101],[126.918054,35.150101],[126.918053,35.150101],[126.918052,35.1501],[126.918051,35.150101],[126.91805,35.150101],[126.918049,35.150101],[126.918049,35.150101],[126.918048,35.150102],[126.918047,35.150103],[126.918047,35.150103],[126.918047,35.150104],[126.918047,35.150105],[126.918047,35.150106],[126.918047,35.150106],[126.918047,35.150107],[126.918048,35.150108],[126.918049,35.150108],[126.918049,35.150109],[126.91805,35.150109],[126.918051,35.150109],[126.918052,35.150109]]]]}},{"type":"Feature","id":"1973192485931833846700000000","properties":{"id":"1973192485931833846700000000","pnu":"1221010600100410002","year":1973,"purpose":"단독주택","floors":2,"structure":"벽돌구조"},"geometry":{"type":"MultiPolygon","coordinates":[[[[126.918454,35.149557],[126.918337,35.149483],[126.918244,35.149582],[126.918352,35.149662],[126.918454,35.149557]]]]}},{"type":"Feature","id":"1973192492211832971500000000","properties":{"id":"1973192492211832971500000000","pnu":"1221013200100150000","year":1973,"purpose":"제2종 근린생활시설","far":258.32,"floors":3,"structure":"철근콘크리트구조"},"geometry":{"type":"MultiPolygon","coordinates":[[[[126.918267,35.148805],[126.918421,35.148854],[126.918542,35.148757],[126.918553,35.148727],[126.91851,35.148695],[126.918418,35.148775],[126.918401,35.148761],[126.918376,35.148776],[126.918299,35.148748],[126.918267,35.148805]]]]}},{"type":"Feature","id":"1973192492941838577200000000","properties":{"id":"1973192492941838577200000000","pnu":"1221010900103660003","year":1973,"purpose":"기타"},"geometry":{"type":"MultiPolygon","coordinates":[[[[126.91842,35.15384],[126.918421,35.15384],[126.918422,35.15384],[126.918423,35.153839],[126.918424,35.153839],[126.918424,35.153838],[126.918425,35.153838],[126.918425,35.153837],[126.918426,35.153836],[126.918426,35.153835],[126.918426,35.153835],[126.918425,35.153834],[126.918425,35.153833],[126.918424,35.153833],[126.918424,35.153832],[126.918423,35.153832],[126.918422,35.153831],[126.918421,35.153831],[126.91842,35.153831],[126.918419,35.153831],[126.918418,35.153831],[126.918417,35.153832],[126.918417,35.153832],[126.918416,35.153833],[126.918415,35.153833],[126.918415,35.153834],[126.918415,35.153835],[126.918415,35.153835],[126.918415,35.153836],[126.918415,35.153837],[126.918415,35.153838],[126.918416,35.153838],[126.918417,35.153839],[126.918417,35.153839],[126.918418,35.15384],[126.918419,35.15384],[126.91842,35.15384]]]]}},{"type":"Feature","id":"1973192498151840674800000000","properties":{"id":"1973192498151840674800000000","pnu":"1221010900104630019","purpose":"기타","structure":"벽돌구조"},"geometry":{"type":"MultiPolygon","coordinates":[[[[126.918475,35.155731],[126.918476,35.155731],[126.918477,35.15573],[126.918478,35.15573],[126.918479,35.15573],[126.91848,35.155729],[126.91848,35.155728],[126.918481,35.155728],[126.918481,35.155727],[126.918481,35.155726],[126.918481,35.155725],[126.918481,35.155725],[126.91848,35.155724],[126.91848,35.155723],[126.918479,35.155723],[126.918478,35.155722],[126.918477,35.155722],[126.918476,35.155722],[126.918475,35.155722],[126.918474,35.155722],[126.918474,35.155722],[126.918473,35.155722],[126.918472,35.155723],[126.918471,35.155723],[126.918471,35.155724],[126.91847,35.155725],[126.91847,35.155725],[126.91847,35.155726],[126.91847,35.155727],[126.91847,35.155728],[126.918471,35.155728],[126.918471,35.155729],[126.918472,35.15573],[126.918473,35.15573],[126.918474,35.15573],[126.918474,35.155731],[126.918475,35.155731]]]]}},{"type":"Feature","id":"1973192498711840712400000000","properties":{"id":"1973192498711840712400000000","pnu":"1221010900104630019","year":1973,"purpose":"단독주택","floors":2,"structure":"벽돌구조"},"geometry":{"type":"MultiPolygon","coordinates":[[[[126.918453,35.155797],[126.918534,35.155763],[126.918515,35.155723],[126.918425,35.155759],[126.918453,35.155797]]]]}},{"type":"Feature","id":"1973192518021840001900000000","properties":{"id":"1973192518021840001900000000","pnu":"1221010900103000015","purpose":"기타","structure":"벽돌구조"},"geometry":{"type":"MultiPolygon","coordinates":[[[[126.918694,35.155124],[126.918695,35.155124],[126.918696,35.155124],[126.918697,35.155124],[126.918698,35.155123],[126.918698,35.155123],[126.918699,35.155122],[126.918699,35.155121],[126.9187,35.155121],[126.9187,35.15512],[126.9187,35.155119],[126.918699,35.155118],[126.918699,35.155117],[126.918698,35.155117],[126.918698,35.155116],[126.918697,35.155116],[126.918696,35.155116],[126.918695,35.155115],[126.918694,35.155115],[126.918693,35.155115],[126.918692,35.155116],[126.918691,35.155116],[126.918691,35.155116],[126.91869,35.155117],[126.918689,35.155117],[126.918689,35.155118],[126.918689,35.155119],[126.918689,35.15512],[126.918689,35.155121],[126.918689,35.155121],[126.918689,35.155122],[126.91869,35.155123],[126.918691,35.155123],[126.918691,35.155124],[126.918692,35.155124],[126.918693,35.155124],[126.918694,35.155124]]]]}},{"type":"Feature","id":"1973192521301840035600000000","properties":{"id":"1973192521301840035600000000","pnu":"1221010900103000015","year":1973,"purpose":"단독주택","floors":1,"structure":"일반목구조"},"geometry":{"type":"MultiPolygon","coordinates":[[[[126.918749,35.155185],[126.918777,35.155154],[126.918712,35.155115],[126.918683,35.155147],[126.918749,35.155185]]]]}},{"type":"Feature","id":"1973192525341841640700000000","properties":{"id":"1973192525341841640700000000","pnu":"1221010900102960014","year":1973,"purpose":"단독주택","floors":2,"structure":"벽돌구조"},"geometry":{"type":"MultiPolygon","coordinates":[[[[126.91879,35.15664],[126.918825,35.156598],[126.918759,35.156555],[126.918719,35.156593],[126.91879,35.15664]]]]}},{"type":"Feature","id":"1973192530001841666600000000","properties":{"id":"1973192530001841666600000000","pnu":"1221010900102960014","purpose":"기타","structure":"벽돌구조"},"geometry":{"type":"MultiPolygon","coordinates":[[[[126.918824,35.156625],[126.918825,35.156625],[126.918826,35.156625],[126.918827,35.156624],[126.918828,35.156624],[126.918828,35.156623],[126.918829,35.156623],[126.918829,35.156622],[126.918829,35.156621],[126.918829,35.15662],[126.918829,35.156619],[126.918829,35.156619],[126.918829,35.156618],[126.918828,35.156617],[126.918828,35.156617],[126.918827,35.156616],[126.918826,35.156616],[126.918825,35.156616],[126.918824,35.156616],[126.918823,35.156616],[126.918822,35.156616],[126.918821,35.156616],[126.91882,35.156617],[126.91882,35.156617],[126.918819,35.156618],[126.918819,35.156619],[126.918819,35.156619],[126.918819,35.15662],[126.918819,35.156621],[126.918819,35.156622],[126.918819,35.156623],[126.91882,35.156623],[126.91882,35.156624],[126.918821,35.156624],[126.918822,35.156625],[126.918823,35.156625],[126.918824,35.156625]]]]}},{"type":"Feature","id":"1973192544701833638900000000","properties":{"id":"1973192544701833638900000000","pnu":"1221010500100790001","year":1973,"purpose":"단독주택","floors":1,"structure":"일반목구조"},"geometry":{"type":"MultiPolygon","coordinates":[[[[126.918899,35.149369],[126.919023,35.149451],[126.919084,35.149394],[126.919016,35.149343],[126.919001,35.149358],[126.918944,35.149321],[126.918899,35.149369]]]]}},{"type":"Feature","id":"1974191729261835999600000000","properties":{"id":"1974191729261835999600000000","pnu":"1221010300100950023","year":1974,"purpose":"단독주택","floors":1,"structure":"일반목구조"},"geometry":{"type":"MultiPolygon","coordinates":[[[[126.910023,35.151554],[126.910101,35.151489],[126.910062,35.15146],[126.909983,35.151517],[126.910023,35.151554]]]]}},{"type":"Feature","id":"1974191778521838320900000000","properties":{"id":"1974191778521838320900000000","pnu":"1221010200100420005","year":1974,"purpose":"제1종 근린생활시설"},"geometry":{"type":"MultiPolygon","coordinates":[[[[126.91043,35.153636],[126.910505,35.153703],[126.910727,35.153568],[126.910653,35.153492],[126.91043,35.153636]]]]}},{"type":"Feature","id":"1974191784651836792700000000","properties":{"id":"1974191784651836792700000000","pnu":"1221010300100130007","year":1974,"purpose":"제1종 근린생활시설","floors":4,"structure":"철근콘크리트구조"},"geometry":{"type":"MultiPolygon","coordinates":[[[[126.910649,35.152226],[126.91065,35.152226],[126.91065,35.152226],[126.910651,35.152225],[126.910652,35.152225],[126.910653,35.152224],[126.910653,35.152224],[126.910654,35.152223],[126.910654,35.152222],[126.910654,35.152221],[126.910654,35.152221],[126.910654,35.15222],[126.910653,35.152219],[126.910653,35.152218],[126.910652,35.152218],[126.910651,35.152217],[126.91065,35.152217],[126.91065,35.152217],[126.910649,35.152217],[126.910648,35.152217],[126.910647,35.152217],[126.910646,35.152217],[126.910645,35.152218],[126.910644,35.152218],[126.910644,35.152219],[126.910643,35.15222],[126.910643,35.152221],[126.910643,35.152221],[126.910643,35.152222],[126.910643,35.152223],[126.910644,35.152224],[126.910644,35.152224],[126.910645,35.152225],[126.910646,35.152225],[126.910647,35.152226],[126.910648,35.152226],[126.910649,35.152226]]]]}},{"type":"Feature","id":"1974191867701835766600000000","properties":{"id":"1974191867701835766600000000","pnu":"1221010300100840000","year":1974,"purpose":"제1종 근린생활시설","floors":4,"structure":"철근콘크리트구조"},"geometry":{"type":"MultiPolygon","coordinates":[[[[126.911606,35.151392],[126.911674,35.151347],[126.911511,35.1512],[126.91145,35.151249],[126.911606,35.151392]]]]}},{"type":"Feature","id":"1974191928391837691800000000","properties":{"id":"1974191928391837691800000000","pnu":"1221010200100730004","year":1974,"purpose":"단독주택","floors":2,"structure":"벽돌구조"},"geometry":{"type":"MultiPolygon","coordinates":[[[[126.912207,35.153096],[126.912233,35.153078],[126.912247,35.153091],[126.912325,35.153031],[126.912291,35.153001],[126.912277,35.153006],[126.91223,35.152973],[126.9122,35.152991],[126.912182,35.152979],[126.912133,35.153016],[126.912168,35.153059],[126.912163,35.153063],[126.912207,35.153096]]]]}},{"type":"Feature","id":"1974191932731832723800000000","properties":{"id":"1974191932731832723800000000","pnu":"1221011500100370011","year":1974,"purpose":"숙박시설","floors":2,"structure":"벽돌구조"},"geometry":{"type":"MultiPolygon","coordinates":[[[[126.912358,35.148543],[126.912318,35.148519],[126.912298,35.148539],[126.912253,35.148506],[126.912197,35.148553],[126.912222,35.148578],[126.912236,35.14857],[126.912296,35.148609],[126.912358,35.148543]]]]}},{"type":"Feature","id":"1974191937561835223500000000","properties":{"id":"1974191937561835223500000000","pnu":"1221010300100530002","year":1974,"purpose":"단독주택","floors":3,"structure":"철근콘크리트구조"},"geometry":{"type":"MultiPolygon","coordinates":[[[[126.912311,35.15093],[126.912483,35.150812],[126.912338,35.150681],[126.912176,35.150815],[126.912311,35.15093]]]]}},{"type":"Feature","id":"1974191938141832642300000000","properties":{"id":"1974191938141832642300000000","pnu":"1221011500100370011","year":1974,"purpose":"숙박시설","floors":2,"structure":"벽돌구조"},"geometry":{"type":"MultiPolygon","coordinates":[[[[126.912329,35.14852],[126.912382,35.148484],[126.912344,35.148443],[126.912292,35.148479],[126.912329,35.14852]]]]}},{"type":"Feature","id":"1974191967901833604200000000","properties":{"id":"1974191967901833604200000000","pnu":"1221013000100320000","year":1974,"purpose":"공동주택"},"geometry":{"type":"MultiPolygon","coordinates":[[[[126.912722,35.149463],[126.912801,35.149356],[126.912576,35.149238],[126.912527,35.149302],[126.91253,35.149315],[126.91263,35.149385],[126.912618,35.149407],[126.912722,35.149463]]]]}},{"type":"Feature","id":"1974191975771834923800000000","properties":{"id":"1974191975771834923800000000","pnu":"1221010300100520021","year":1974,"purpose":"제1종 근린생활시설","floors":3,"structure":"벽돌구조"},"geometry":{"type":"MultiPolygon","coordinates":[[[[126.912782,35.150603],[126.912825,35.150568],[126.912712,35.150474],[126.91267,35.150506],[126.912782,35.150603]]]]}},{"type":"Feature","id":"1974191977201838042900000000","properties":{"id":"1974191977201838042900000000","pnu":"1221010200100770001","year":1974,"purpose":"단독주택"},"geometry":{"type":"MultiPolygon","coordinates":[[[[126.912631,35.15338],[126.912742,35.153434],[126.912877,35.153335],[126.912883,35.153312],[126.912842,35.153266],[126.912761,35.153315],[126.912714,35.153287],[126.912631,35.15338]]]]}},{"type":"Feature","id":"1974192022031842204000000000","properties":{"id":"1974192022031842204000000000","pnu":"1221010900102390138","purpose":"기타"},"geometry":{"type":"MultiPolygon","coordinates":[[[[126.913231,35.157141],[126.913294,35.157104],[126.913255,35.15706],[126.913208,35.157096],[126.913231,35.157141]]]]}},{"type":"Feature","id":"1974192025991840763000000000","properties":{"id":"1974192025991840763000000000","pnu":"1221010100103210005","year":1974,"purpose":"숙박시설"},"geometry":{"type":"MultiPolygon","coordinates":[[[[126.913258,35.155874],[126.913306,35.155875],[126.913321,35.155876],[126.913329,35.155732],[126.913265,35.155728],[126.913258,35.155874]]]]}},{"type":"Feature","id":"1974192045531840715000000000","properties":{"id":"1974192045531840715000000000","pnu":"1221010100103210002","year":1974,"purpose":"제1종 근린생활시설","far":122.85,"floors":2,"structure":"블록구조"},"geometry":{"type":"MultiPolygon","coordinates":[[[[126.913471,35.155799],[126.913543,35.155801],[126.913546,35.155719],[126.913472,35.155717],[126.913471,35.155799]]]]}},{"type":"Feature","id":"1974192084571840374000000000","properties":{"id":"1974192084571840374000000000","pnu":"1221010100103160007","year":1974,"purpose":"제1종 근린생활시설","floors":2,"structure":"벽돌구조"},"geometry":{"type":"MultiPolygon","coordinates":[[[[126.913887,35.155522],[126.914034,35.155421],[126.913999,35.155392],[126.913968,35.155393],[126.913844,35.155477],[126.913887,35.155522]]]]}},{"type":"Feature","id":"1974192137431837965200000000","properties":{"id":"1974192137431837965200000000","pnu":"1221010100100800001","year":1974,"purpose":"제2종 근린생활시설","far":155.87,"floors":4,"structure":"철근콘크리트구조"},"geometry":{"type":"MultiPolygon","coordinates":[[[[126.914409,35.153286],[126.914505,35.153371],[126.91463,35.153273],[126.914533,35.153192],[126.914409,35.153286]]]]}},{"type":"Feature","id":"1974192150241832750100000000","properties":{"id":"1974192150241832750100000000","pnu":"1221012900100380009","year":1974,"purpose":"제2종 근린생활시설","far":148.083806198,"floors":4,"structure":"철근콘크리트구조"},"geometry":{"type":"MultiPolygon","coordinates":[[[[126.914702,35.148689],[126.914796,35.148614],[126.914638,35.148473],[126.914541,35.148541],[126.914564,35.14857],[126.91455,35.148582],[126.914609,35.148624],[126.914619,35.148613],[126.914702,35.148689]]]]}},{"type":"Feature","id":"1974192178151840287800000000","properties":{"id":"1974192178151840287800000000","pnu":"1221010100103150013","year":1974,"purpose":"기타"},"geometry":{"type":"MultiPolygon","coordinates":[[[[126.914982,35.155451],[126.915052,35.155397],[126.914943,35.155296],[126.914877,35.155356],[126.914982,35.155451]]]]}},{"type":"Feature","id":"1974192209471840019800000000","properties":{"id":"1974192209471840019800000000","pnu":"1221010100103150009","year":1974,"purpose":"제2종 근린생활시설","floors":3,"structure":"철근콘크리트구조"},"geometry":{"type":"MultiPolygon","coordinates":[[[[126.91531,35.155222],[126.915409,35.155145],[126.915308,35.155045],[126.915205,35.155123],[126.91531,35.155222]]]]}},{"type":"Feature","id":"1974192218521833197800000000","properties":{"id":"1974192218521833197800000000","pnu":"1221012900100090003","year":1974,"purpose":"제1종 근린생활시설","far":224.77,"floors":3,"structure":"철골콘크리트구조"},"geometry":{"type":"MultiPolygon","coordinates":[[[[126.915341,35.148926],[126.915399,35.148979],[126.915365,35.149004],[126.915438,35.149071],[126.915492,35.149031],[126.91542,35.148964],[126.91542,35.148965],[126.915402,35.148949],[126.915433,35.148926],[126.915392,35.148888],[126.915341,35.148926]]]]}},{"type":"Feature","id":"1974192223611836584500000000","properties":{"id":"1974192223611836584500000000","pnu":"1221010100101250001","year":1974,"purpose":"제1종 근린생활시설"},"geometry":{"type":"MultiPolygon","coordinates":[[[[126.915448,35.152119],[126.915565,35.152022],[126.915493,35.151955],[126.915384,35.152034],[126.915377,35.152068],[126.915448,35.152119]]]]}},{"type":"Feature","id":"1974192226911840060500000000","properties":{"id":"1974192226911840060500000000","pnu":"1221010100103150007","year":1974,"purpose":"제2종 근린생활시설","far":114.2841,"floors":2,"structure":"벽돌구조"},"geometry":{"type":"MultiPolygon","coordinates":[[[[126.915601,35.155148],[126.915539,35.155093],[126.915396,35.155201],[126.915449,35.155248],[126.915522,35.155193],[126.91553,35.155201],[126.915601,35.155148]]]]}},{"type":"Feature","id":"1974192273481839839500000000","properties":{"id":"1974192273481839839500000000","pnu":"1221010100103230014","year":1974,"purpose":"제2종 근린생활시설","floors":4,"structure":"철근콘크리트구조"},"geometry":{"type":"MultiPolygon","coordinates":[[[[126.916113,35.15498],[126.915985,35.154881],[126.915896,35.154949],[126.91603,35.155061],[126.916107,35.155013],[126.916113,35.15498]]]]}},{"type":"Feature","id":"1974192285061832619600000000","properties":{"id":"1974192285061832619600000000","pnu":"1221012800100010003","year":1974,"purpose":"제1종 근린생활시설","floors":2,"structure":"철근콘크리트구조"},"geometry":{"type":"MultiPolygon","coordinates":[[[[126.916059,35.14843],[126.916177,35.148534],[126.916229,35.148498],[126.916112,35.148394],[126.916059,35.14843]]]]}},{"type":"Feature","id":"1974192294431832580600000000","properties":{"id":"1974192294431832580600000000","pnu":"1221012800100020006","year":1974,"purpose":"제2종 근린생활시설","floors":3,"structure":"철근콘크리트구조"},"geometry":{"type":"MultiPolygon","coordinates":[[[[126.916119,35.148398],[126.916287,35.148544],[126.916347,35.148497],[126.916321,35.148463],[126.916352,35.148428],[126.916229,35.148322],[126.916119,35.148398]]]]}},{"type":"Feature","id":"1974192307371838242200000000","properties":{"id":"1974192307371838242200000000","pnu":"1221010100103130011","year":1974,"purpose":"기타","floors":4,"structure":"철근콘크리트구조"},"geometry":{"type":"MultiPolygon","coordinates":[[[[126.916406,35.153622],[126.916483,35.153569],[126.91636,35.153443],[126.916285,35.153491],[126.916406,35.153622]]]]}},{"type":"Feature","id":"1974192324131839722800000000","properties":{"id":"1974192324131839722800000000","pnu":"1221010100103270004","year":1974,"purpose":"단독주택","floors":2,"structure":"철근콘크리트구조"},"geometry":{"type":"MultiPolygon","coordinates":[[[[126.916332,35.15497],[126.916349,35.154989],[126.916763,35.154798],[126.916756,35.154779],[126.91671,35.154765],[126.916332,35.15497]]]]}},{"type":"Feature","id":"1974192330401832358600000000","properties":{"id":"1974192330401832358600000000","pnu":"1221012800100040003","year":1974,"purpose":"제1종 근린생활시설","floors":3,"structure":"철근콘크리트구조"},"geometry":{"type":"MultiPolygon","coordinates":[[[[126.916642,35.148233],[126.916643,35.148233],[126.916644,35.148233],[126.916645,35.148233],[126.916646,35.148232],[126.916646,35.148232],[126.916647,35.148231],[126.916647,35.148231],[126.916648,35.14823],[126.916648,35.148229],[126.916648,35.148228],[126.916647,35.148227],[126.916647,35.148227],[126.916646,35.148226],[126.916646,35.148226],[126.916645,35.148225],[126.916644,35.148225],[126.916643,35.148225],[126.916642,35.148224],[126.916641,35.148225],[126.91664,35.148225],[126.916639,35.148225],[126.916639,35.148226],[126.916638,35.148226],[126.916637,35.148227],[126.916637,35.148227],[126.916637,35.148228],[126.916637,35.148229],[126.916637,35.14823],[126.916637,35.148231],[126.916637,35.148231],[126.916638,35.148232],[126.916639,35.148232],[126.916639,35.148233],[126.91664,35.148233],[126.916641,35.148233],[126.916642,35.148233]]]]}},{"type":"Feature","id":"1974192338641839055400000000","properties":{"id":"1974192338641839055400000000","pnu":"1221010100103100010","year":1974,"purpose":"단독주택"},"geometry":{"type":"MultiPolygon","coordinates":[[[[126.916735,35.154323],[126.916795,35.154274],[126.916714,35.154207],[126.916659,35.154256],[126.916735,35.154323]]]]}},{"type":"Feature","id":"1974192339721838227500000000","properties":{"id":"1974192339721838227500000000","pnu":"1221010100103130003","year":1974,"purpose":"숙박시설","floors":3,"structure":"벽돌구조"},"geometry":{"type":"MultiPolygon","coordinates":[[[[126.916721,35.153589],[126.91683,35.15352],[126.916754,35.153448],[126.916649,35.153519],[126.916721,35.153589]]]]}},{"type":"Feature","id":"1974192348471838976600000000","properties":{"id":"1974192348471838976600000000","pnu":"1221010100103100010","year":1974,"purpose":"제1종 근린생활시설"},"geometry":{"type":"MultiPolygon","coordinates":[[[[126.916832,35.154249],[126.916904,35.154196],[126.916832,35.154139],[126.916766,35.154192],[126.916832,35.154249]]]]}},{"type":"Feature","id":"1974192356461839988400000000","properties":{"id":"1974192356461839988400000000","pnu":"1221010900104670017","year":1974,"purpose":"단독주택","floors":2,"structure":"벽돌구조"},"geometry":{"type":"MultiPolygon","coordinates":[[[[126.916929,35.15515],[126.916973,35.155095],[126.916916,35.155064],[126.916867,35.155114],[126.916929,35.15515]]]]}},{"type":"Feature","id":"1974192361711840098900000000","properties":{"id":"1974192361711840098900000000","pnu":"1221010900104670013","purpose":"기타","structure":"벽돌구조"},"geometry":{"type":"MultiPolygon","coordinates":[[[[126.916979,35.15521],[126.916979,35.15521],[126.91698,35.15521],[126.916981,35.15521],[126.916982,35.155209],[126.916983,35.155209],[126.916983,35.155208],[126.916984,35.155208],[126.916984,35.155207],[126.916984,35.155206],[126.916984,35.155205],[126.916984,35.155204],[126.916983,35.155204],[126.916983,35.155203],[126.916982,35.155203],[126.916981,35.155202],[126.91698,35.155202],[126.916979,35.155202],[126.916979,35.155201],[126.916978,35.155202],[126.916977,35.155202],[126.916976,35.155202],[126.916975,35.155203],[126.916974,35.155203],[126.916974,35.155204],[126.916973,35.155204],[126.916973,35.155205],[126.916973,35.155206],[126.916973,35.155207],[126.916973,35.155208],[126.916974,35.155208],[126.916974,35.155209],[126.916975,35.155209],[126.916976,35.15521],[126.916977,35.15521],[126.916978,35.15521],[126.916979,35.15521]]]]}},{"type":"Feature","id":"1974192364921840157000000000","properties":{"id":"1974192364921840157000000000","pnu":"1221010900104670013","year":1974,"purpose":"숙박시설","floors":2,"structure":"벽돌구조"},"geometry":{"type":"MultiPolygon","coordinates":[[[[126.917006,35.15531],[126.917061,35.155284],[126.917052,35.155218],[126.917006,35.155226],[126.916999,35.155212],[126.916965,35.155215],[126.916989,35.155309],[126.917006,35.15531]]]]}},{"type":"Feature","id":"1974192366721840107400000000","properties":{"id":"1974192366721840107400000000","pnu":"1221010900104670013","purpose":"기타","structure":"벽돌구조"},"geometry":{"type":"MultiPolygon","coordinates":[[[[126.917033,35.155218],[126.917034,35.155218],[126.917035,35.155218],[126.917036,35.155218],[126.917037,35.155217],[126.917038,35.155217],[126.917038,35.155216],[126.917039,35.155215],[126.917039,35.155214],[126.917039,35.155214],[126.917039,35.155213],[126.917039,35.155212],[126.917038,35.155211],[126.917038,35.155211],[126.917037,35.15521],[126.917036,35.15521],[126.917035,35.155209],[126.917034,35.155209],[126.917034,35.155209],[126.917033,35.155209],[126.917032,35.155209],[126.917031,35.15521],[126.91703,35.15521],[126.917029,35.155211],[126.917029,35.155211],[126.917028,35.155212],[126.917028,35.155213],[126.917028,35.155214],[126.917028,35.155214],[126.917028,35.155215],[126.917029,35.155216],[126.917029,35.155217],[126.91703,35.155217],[126.917031,35.155218],[126.917032,35.155218],[126.917033,35.155218],[126.917033,35.155218]]]]}},{"type":"Feature","id":"1974192368771840429600000000","properties":{"id":"1974192368771840429600000000","pnu":"1221010900104710029","year":1974,"purpose":"제1종 근린생활시설","floors":4,"structure":"철근콘크리트구조"},"geometry":{"type":"MultiPolygon","coordinates":[[[[126.917046,35.155586],[126.917125,35.155529],[126.917113,35.155424],[126.917005,35.155467],[126.916963,35.155504],[126.917046,35.155586]]]]}},{"type":"Feature","id":"1974192370651835677700000000","properties":{"id":"1974192370651835677700000000","pnu":"1221010600100680006","purpose":"기타","floors":4,"structure":"철근콘크리트구조"},"geometry":{"type":"MultiPolygon","coordinates":[[[[126.916927,35.151243],[126.917067,35.151356],[126.917219,35.151196],[126.917198,35.151148],[126.9171,35.151095],[126.917037,35.151152],[126.916927,35.151243]]]]}},{"type":"Feature","id":"1974192372311839429600000000","properties":{"id":"1974192372311839429600000000","pnu":"1221010100103270007","year":1974,"purpose":"제1종 근린생활시설","floors":2,"structure":"철근콘크리트구조"},"geometry":{"type":"MultiPolygon","coordinates":[[[[126.916821,35.154714],[126.916836,35.15473],[126.916856,35.15474],[126.917315,35.154541],[126.917313,35.154506],[126.917272,35.154474],[126.916821,35.154714]]]]}},{"type":"Feature","id":"1974192382911840305600000000","properties":{"id":"1974192382911840305600000000","pnu":"1221010900104670008","year":1974,"purpose":"숙박시설","floors":2,"structure":"벽돌구조"},"geometry":{"type":"MultiPolygon","coordinates":[[[[126.917177,35.155443],[126.917265,35.155426],[126.917281,35.155401],[126.917222,35.155342],[126.91715,35.155353],[126.917177,35.155443]]]]}},{"type":"Feature","id":"1974192387601840177800000000","properties":{"id":"1974192387601840177800000000","pnu":"1221010900104660002","purpose":"기타","structure":"벽돌구조"},"geometry":{"type":"MultiPolygon","coordinates":[[[[126.917263,35.155282],[126.917263,35.155282],[126.917264,35.155282],[126.917265,35.155281],[126.917266,35.155281],[126.917267,35.15528],[126.917267,35.15528],[126.917268,35.155279],[126.917268,35.155278],[126.917268,35.155277],[126.917268,35.155277],[126.917268,35.155276],[126.917267,35.155275],[126.917267,35.155274],[126.917266,35.155274],[126.917265,35.155273],[126.917264,35.155273],[126.917263,35.155273],[126.917263,35.155273],[126.917262,35.155273],[126.917261,35.155273],[126.91726,35.155273],[126.917259,35.155274],[126.917258,35.155274],[126.917258,35.155275],[126.917257,35.155276],[126.917257,35.155276],[126.917257,35.155277],[126.917257,35.155278],[126.917257,35.155279],[126.917258,35.15528],[126.917258,35.15528],[126.917259,35.155281],[126.91726,35.155281],[126.917261,35.155282],[126.917262,35.155282],[126.917263,35.155282]]]]}},{"type":"Feature","id":"1974192389771840245200000000","properties":{"id":"1974192389771840245200000000","pnu":"1221010900104660002","year":1974,"purpose":"단독주택","floors":1,"structure":"벽돌구조"},"geometry":{"type":"MultiPolygon","coordinates":[[[[126.917293,35.155386],[126.917357,35.155333],[126.91733,35.155312],[126.917308,35.15533],[126.917252,35.155294],[126.91722,35.155324],[126.917293,35.155386]]]]}},{"type":"Feature","id":"1974192397561833893900000000","properties":{"id":"1974192397561833893900000000","pnu":"1221013200100020000","year":1974,"purpose":"제2종 근린생활시설","floors":4,"structure":"철근콘크리트구조"},"geometry":{"type":"MultiPolygon","coordinates":[[[[126.917468,35.149601],[126.917394,35.149546],[126.917289,35.149633],[126.917331,35.149668],[126.917375,35.149667],[126.917468,35.149601]]]]}},{"type":"Feature","id":"1974192420131838410500000000","properties":{"id":"1974192420131838410500000000","pnu":"1221010100103080012","year":1974,"purpose":"제1종 근린생활시설"},"geometry":{"type":"MultiPolygon","coordinates":[[[[126.917603,35.153742],[126.917692,35.153706],[126.917639,35.153626],[126.91755,35.153666],[126.917603,35.153742]]]]}},{"type":"Feature","id":"1974192425811838495800000000","properties":{"id":"1974192425811838495800000000","pnu":"1221010100103080012","year":1974,"purpose":"단독주택"},"geometry":{"type":"MultiPolygon","coordinates":[[[[126.917653,35.153797],[126.917735,35.153774],[126.917717,35.153728],[126.917632,35.153747],[126.917653,35.153797]]]]}},{"type":"Feature","id":"1974192440491843045200000000","properties":{"id":"1974192440491843045200000000","pnu":"1221010900104880006","year":1974,"purpose":"단독주택","floors":2,"structure":"벽돌구조"},"geometry":{"type":"MultiPolygon","coordinates":[[[[126.917836,35.157907],[126.917892,35.157857],[126.917844,35.157819],[126.91779,35.157864],[126.917836,35.157907]]]]}},{"type":"Feature","id":"1974192460011838987400000000","properties":{"id":"1974192460011838987400000000","pnu":"1221010100103070002","year":1974,"purpose":"단독주택","floors":2,"structure":"철근콘크리트구조"},"geometry":{"type":"MultiPolygon","coordinates":[[[[126.91806,35.154292],[126.918165,35.154206],[126.918057,35.154118],[126.917952,35.154204],[126.91806,35.154292]]]]}},{"type":"Feature","id":"1974192465791841121300000000","properties":{"id":"1974192465791841121300000000","pnu":"1221010900104650024","year":1974,"purpose":"단독주택","floors":2,"structure":"벽돌구조"},"geometry":{"type":"MultiPolygon","coordinates":[[[[126.918152,35.156183],[126.918196,35.156132],[126.918104,35.156081],[126.918092,35.156094],[126.91807,35.156084],[126.91804,35.156118],[126.918152,35.156183]]]]}},{"type":"Feature","id":"1974192471291838876600000000","properties":{"id":"1974192471291838876600000000","pnu":"1221010100103070002","year":1974,"purpose":"단독주택","floors":2,"structure":"철근콘크리트구조"},"geometry":{"type":"MultiPolygon","coordinates":[[[[126.918182,35.154187],[126.918269,35.154115],[126.918269,35.154094],[126.91818,35.154023],[126.918086,35.154107],[126.918182,35.154187]]]]}},{"type":"Feature","id":"1974192479371838747800000000","properties":{"id":"1974192479371838747800000000","pnu":"1221010100103070002","year":1974,"purpose":"단독주택","floors":2,"structure":"철근콘크리트구조"},"geometry":{"type":"MultiPolygon","coordinates":[[[[126.91827,35.154069],[126.918308,35.153998],[126.918326,35.153912],[126.918315,35.153903],[126.9182,35.154006],[126.91827,35.154069]]]]}},{"type":"Feature","id":"1974192480671843051300000000","properties":{"id":"1974192480671843051300000000","pnu":"1221010900104850005","year":1974,"purpose":"단독주택","floors":2,"structure":"벽돌구조"},"geometry":{"type":"MultiPolygon","coordinates":[[[[126.918281,35.157873],[126.918282,35.157873],[126.918283,35.157872],[126.918284,35.157872],[126.918285,35.157872],[126.918286,35.157871],[126.918286,35.15787],[126.918287,35.15787],[126.918287,35.157869],[126.918287,35.157868],[126.918287,35.157867],[126.918287,35.157867],[126.918286,35.157866],[126.918286,35.157865],[126.918285,35.157865],[126.918284,35.157864],[126.918283,35.157864],[126.918282,35.157864],[126.918281,35.157864],[126.91828,35.157864],[126.91828,35.157864],[126.918279,35.157864],[126.918278,35.157865],[126.918277,35.157865],[126.918277,35.157866],[126.918276,35.157867],[126.918276,35.157867],[126.918276,35.157868],[126.918276,35.157869],[126.918276,35.15787],[126.918277,35.15787],[126.918277,35.157871],[126.918278,35.157872],[126.918279,35.157872],[126.91828,35.157872],[126.91828,35.157873],[126.918281,35.157873]]]]}},{"type":"Feature","id":"1974192489751842999700000000","properties":{"id":"1974192489751842999700000000","pnu":"1221010900104850051","year":1974,"purpose":"제1종 근린생활시설","far":133.38,"floors":3,"structure":"벽돌구조"},"geometry":{"type":"MultiPolygon","coordinates":[[[[126.918305,35.157818],[126.918377,35.157884],[126.918457,35.157826],[126.918385,35.157759],[126.918305,35.157818]]]]}},{"type":"Feature","id":"1974192496521842931600000000","properties":{"id":"1974192496521842931600000000","pnu":"1221010900104850052","year":1974,"purpose":"제2종 근린생활시설","floors":2,"structure":"벽돌구조"},"geometry":{"type":"MultiPolygon","coordinates":[[[[126.918455,35.157765],[126.918456,35.157765],[126.918457,35.157765],[126.918458,35.157764],[126.918459,35.157764],[126.91846,35.157763],[126.91846,35.157763],[126.918461,35.157762],[126.918461,35.157761],[126.918461,35.15776],[126.918461,35.15776],[126.918461,35.157759],[126.91846,35.157758],[126.91846,35.157757],[126.918459,35.157757],[126.918458,35.157756],[126.918457,35.157756],[126.918456,35.157756],[126.918455,35.157756],[126.918454,35.157756],[126.918454,35.157756],[126.918453,35.157756],[126.918452,35.157757],[126.918451,35.157757],[126.918451,35.157758],[126.91845,35.157759],[126.91845,35.157759],[126.91845,35.15776],[126.91845,35.157761],[126.91845,35.157762],[126.918451,35.157763],[126.918451,35.157763],[126.918452,35.157764],[126.918453,35.157764],[126.918454,35.157765],[126.918454,35.157765],[126.918455,35.157765]]]]}},{"type":"Feature","id":"1974192512741839943000000000","properties":{"id":"1974192512741839943000000000","pnu":"1221010900103040000","year":1974,"purpose":"단독주택","floors":1,"structure":"일반목구조"},"geometry":{"type":"MultiPolygon","coordinates":[[[[126.918659,35.155131],[126.918725,35.155067],[126.918673,35.155035],[126.918663,35.155044],[126.918595,35.155006],[126.918548,35.155054],[126.918659,35.155131]]]]}},{"type":"Feature","id":"1974192519721832502800000000","properties":{"id":"1974192519721832502800000000","pnu":"1221013100100010001","year":1974,"purpose":"기타"},"geometry":{"type":"MultiPolygon","coordinates":[[[[126.918827,35.148056],[126.918342,35.148377],[126.918333,35.148445],[126.918635,35.148678],[126.918649,35.148679],[126.918844,35.148522],[126.918799,35.148484],[126.918871,35.148425],[126.918916,35.148463],[126.919116,35.148303],[126.919117,35.148257],[126.918827,35.148056]]]]}},{"type":"Feature","id":"1974192519911839919900000000","properties":{"id":"1974192519911839919900000000","pnu":"1221010900103040000","purpose":"기타","structure":"벽돌구조"},"geometry":{"type":"MultiPolygon","coordinates":[[[[126.918715,35.15505],[126.918716,35.15505],[126.918717,35.15505],[126.918718,35.15505],[126.918718,35.155049],[126.918719,35.155049],[126.91872,35.155048],[126.91872,35.155047],[126.91872,35.155047],[126.91872,35.155046],[126.91872,35.155045],[126.91872,35.155044],[126.91872,35.155044],[126.918719,35.155043],[126.918718,35.155042],[126.918718,35.155042],[126.918717,35.155042],[126.918716,35.155041],[126.918715,35.155041],[126.918714,35.155041],[126.918713,35.155042],[126.918712,35.155042],[126.918711,35.155042],[126.918711,35.155043],[126.91871,35.155044],[126.91871,35.155044],[126.91871,35.155045],[126.918709,35.155046],[126.91871,35.155047],[126.91871,35.155047],[126.91871,35.155048],[126.918711,35.155049],[126.918711,35.155049],[126.918712,35.15505],[126.918713,35.15505],[126.918714,35.15505],[126.918715,35.15505]]]]}},{"type":"Feature","id":"1975191680501835692400000000","properties":{"id":"1975191680501835692400000000","pnu":"1221010400100410000","year":1975,"purpose":"제1종 근린생활시설","floors":2,"structure":"철근콘크리트구조"},"geometry":{"type":"MultiPolygon","coordinates":[[[[126.909516,35.151284],[126.909591,35.151233],[126.909509,35.151164],[126.909425,35.151225],[126.909491,35.151286],[126.909516,35.151284]]]]}},{"type":"Feature","id":"1975191788451834099400000000","properties":{"id":"1975191788451834099400000000","pnu":"1221010400100790000","year":1975,"purpose":"숙박시설","floors":3,"structure":"벽돌구조"},"geometry":{"type":"MultiPolygon","coordinates":[[[[126.910684,35.149861],[126.910767,35.149773],[126.910705,35.149727],[126.910618,35.149813],[126.910684,35.149861]]]]}},{"type":"Feature","id":"1975191796841836056400000000","properties":{"id":"1975191796841836056400000000","pnu":"1221010300100950020","purpose":"단독주택"},"geometry":{"type":"MultiPolygon","coordinates":[[[[126.910818,35.151609],[126.910856,35.151571],[126.910748,35.151507],[126.91071,35.151545],[126.910818,35.151609]]]]}},{"type":"Feature","id":"1975191802131835993200000000","properties":{"id":"1975191802131835993200000000","pnu":"1221010300100950020","purpose":"기타"},"geometry":{"type":"MultiPolygon","coordinates":[[[[126.910888,35.151561],[126.910921,35.151522],[126.910795,35.15144],[126.910762,35.151481],[126.910888,35.151561]]]]}},{"type":"Feature","id":"1975191815001836199500000000","properties":{"id":"1975191815001836199500000000","pnu":"1221010300100950014","year":1975,"purpose":"제2종 근린생활시설","far":159.9068,"floors":4,"structure":"철근콘크리트구조"},"geometry":{"type":"MultiPolygon","coordinates":[[[[126.91098,35.151828],[126.911136,35.151713],[126.911127,35.151669],[126.910958,35.151552],[126.910818,35.151659],[126.910907,35.151733],[126.910892,35.151751],[126.91098,35.151828]]]]}},{"type":"Feature","id":"1975191822781838385800000000","properties":{"id":"1975191822781838385800000000","pnu":"1221010200100370017","year":1975,"purpose":"숙박시설"},"geometry":{"type":"MultiPolygon","coordinates":[[[[126.911139,35.153653],[126.911082,35.153596],[126.910991,35.153664],[126.911051,35.153719],[126.911139,35.153653]]]]}},{"type":"Feature","id":"1975191863241834604300000000","properties":{"id":"1975191863241834604300000000","pnu":"1221010300100760016","year":1975,"purpose":"제2종 근린생활시설","far":160.8,"floors":2,"structure":"벽돌구조"},"geometry":{"type":"MultiPolygon","coordinates":[[[[126.911495,35.150311],[126.9116,35.150244],[126.911538,35.150192],[126.911425,35.150246],[126.911495,35.150311]]]]}},{"type":"Feature","id":"1975191869781839160800000000","properties":{"id":"1975191869781839160800000000","pnu":"1221010200100010029","year":1975,"purpose":"제1종 근린생활시설","floors":4,"structure":"철근콘크리트구조"},"geometry":{"type":"MultiPolygon","coordinates":[[[[126.911615,35.154447],[126.91171,35.15437],[126.911664,35.154332],[126.91162,35.154357],[126.911597,35.154337],[126.911604,35.154328],[126.911517,35.154267],[126.911455,35.154316],[126.911615,35.154447]]]]}},{"type":"Feature","id":"1975191881531835718800000000","properties":{"id":"1975191881531835718800000000","pnu":"1221010300100830001","year":1975,"purpose":"제1종 근린생활시설","floors":4,"structure":"철근콘크리트구조"},"geometry":{"type":"MultiPolygon","coordinates":[[[[126.911693,35.151338],[126.911812,35.151252],[126.911729,35.151168],[126.911615,35.151262],[126.911693,35.151338]]]]}},{"type":"Feature","id":"1975191970551836830100000000","properties":{"id":"1975191970551836830100000000","pnu":"1221010200100990008","year":1975,"purpose":"제1종 근린생활시설"},"geometry":{"type":"MultiPolygon","coordinates":[[[[126.912344,35.152442],[126.912669,35.152238],[126.912815,35.152377],[126.912977,35.152253],[126.912811,35.152106],[126.912725,35.15211],[126.912292,35.152397],[126.912344,35.152442]]]]}},{"type":"Feature","id":"1975191980411832554700000000","properties":{"id":"1975191980411832554700000000","pnu":"1221011500100350021","year":1975,"purpose":"제2종 근린생활시설","far":104.86,"floors":3,"structure":"벽돌구조"},"geometry":{"type":"MultiPolygon","coordinates":[[[[126.912823,35.14846],[126.912863,35.148436],[126.91278,35.148347],[126.912738,35.148369],[126.912823,35.14846]]]]}},{"type":"Feature","id":"1975191987441832530700000000","properties":{"id":"1975191987441832530700000000","pnu":"1221011500100350021","year":1975,"purpose":"제2종 근린생활시설","far":104.86,"floors":3,"structure":"벽돌구조"},"geometry":{"type":"MultiPolygon","coordinates":[[[[126.912891,35.148442],[126.912943,35.14841],[126.912864,35.148322],[126.912813,35.14835],[126.912891,35.148442]]]]}},{"type":"Feature","id":"1975192038291833350200000000","properties":{"id":"1975192038291833350200000000","pnu":"1221013000100290001","year":1975,"purpose":"기타","far":117.05,"floors":4,"structure":"벽돌구조"},"geometry":{"type":"MultiPolygon","coordinates":[[[[126.913589,35.149086],[126.913389,35.148996],[126.913282,35.149155],[126.913483,35.149245],[126.913589,35.149086]]]]}},{"type":"Feature","id":"1975192042461842805400000000","properties":{"id":"1975192042461842805400000000","pnu":"1221010900109690000","year":1975,"purpose":"제1종 근린생활시설"},"geometry":{"type":"MultiPolygon","coordinates":[[[[126.913481,35.157783],[126.913553,35.157766],[126.913487,35.157574],[126.913504,35.15756],[126.913483,35.157509],[126.913405,35.157532],[126.913395,35.157568],[126.913481,35.157783]]]]}},{"type":"Feature","id":"1975192042971832956100000000","properties":{"id":"1975192042971832956100000000","pnu":"1221013000100290001","purpose":"제2종 근린생활시설","structure":"벽돌구조"},"geometry":{"type":"MultiPolygon","coordinates":[[[[126.913479,35.148805],[126.913533,35.148772],[126.913494,35.148726],[126.913442,35.148758],[126.913479,35.148805]]]]}},{"type":"Feature","id":"1975192047201833015300000000","properties":{"id":"1975192047201833015300000000","pnu":"1221013000100290001","purpose":"제2종 근린생활시설","structure":"철근콘크리트구조"},"geometry":{"type":"MultiPolygon","coordinates":[[[[126.91348,35.148806],[126.913519,35.148854],[126.913541,35.148841],[126.913547,35.148849],[126.91355,35.148852],[126.913554,35.148854],[126.913559,35.148855],[126.913563,35.148854],[126.913589,35.14884],[126.913534,35.148774],[126.91348,35.148806]]]]}},{"type":"Feature","id":"1975192052261842729600000000","properties":{"id":"1975192052261842729600000000","pnu":"1221010900109690000","year":1975,"purpose":"단독주택"},"geometry":{"type":"MultiPolygon","coordinates":[[[[126.913541,35.157602],[126.913633,35.157569],[126.913624,35.157548],[126.913527,35.157578],[126.913541,35.157602]]]]}},{"type":"Feature","id":"1975192054281842645700000000","properties":{"id":"1975192054281842645700000000","pnu":"1221010900109690000","year":1975,"purpose":"단독주택"},"geometry":{"type":"MultiPolygon","coordinates":[[[[126.913516,35.157562],[126.913715,35.157507],[126.913689,35.157438],[126.913492,35.157488],[126.913516,35.157562]]]]}},{"type":"Feature","id":"1975192056221842898700000000","properties":{"id":"1975192056221842898700000000","pnu":"1221010900109690000","year":1975,"purpose":"단독주택"},"geometry":{"type":"MultiPolygon","coordinates":[[[[126.913575,35.157774],[126.913693,35.157743],[126.913671,35.157681],[126.913552,35.157711],[126.913575,35.157774]]]]}},{"type":"Feature","id":"1975192069431842942200000000","properties":{"id":"1975192069431842942200000000","pnu":"1221010900109780000","year":1975,"purpose":"단독주택"},"geometry":{"type":"MultiPolygon","coordinates":[[[[126.913768,35.157837],[126.91382,35.157826],[126.913767,35.157694],[126.913716,35.157707],[126.913768,35.157837]]]]}},{"type":"Feature","id":"1975192094321842822600000000","properties":{"id":"1975192094321842822600000000","pnu":"1221010900102700008","year":1986,"purpose":"제1종 근린생활시설","far":336.99,"floors":5,"structure":"철근콘크리트구조","source":"registry"},"geometry":{"type":"MultiPolygon","coordinates":[[[[126.914038,35.157717],[126.914086,35.157707],[126.914044,35.1576],[126.913997,35.157613],[126.914038,35.157717]]]]}},{"type":"Feature","id":"1975192122171840437700000000","properties":{"id":"1975192122171840437700000000","pnu":"1221010100103220001","year":1975,"purpose":"숙박시설","floors":2,"structure":"벽돌구조"},"geometry":{"type":"MultiPolygon","coordinates":[[[[126.914444,35.155543],[126.914319,35.155434],[126.914258,35.155483],[126.914359,35.15557],[126.914398,35.155573],[126.914444,35.155543]]]]}},{"type":"Feature","id":"1975192140181834777700000000","properties":{"id":"1975192140181834777700000000","pnu":"1221013400100790001","year":1975,"purpose":"기타"},"geometry":{"type":"MultiPolygon","coordinates":[[[[126.914559,35.150527],[126.914707,35.150426],[126.914544,35.15028],[126.914398,35.150408],[126.914448,35.150444],[126.914559,35.150527]]]]}},{"type":"Feature","id":"1975192160781840415900000000","properties":{"id":"1975192160781840415900000000","pnu":"1221010100103150016","year":1975,"purpose":"숙박시설"},"geometry":{"type":"MultiPolygon","coordinates":[[[[126.914774,35.155578],[126.914881,35.155511],[126.914764,35.155402],[126.914669,35.155466],[126.914774,35.155578]]]]}},{"type":"Feature","id":"1975192164511835202100000000","properties":{"id":"1975192164511835202100000000","pnu":"1221013400100210011","year":1975,"purpose":"제2종 근린생활시설","far":29.94,"floors":3,"structure":"철근콘크리트구조"},"geometry":{"type":"MultiPolygon","coordinates":[[[[126.91479,35.15088],[126.914938,35.150785],[126.914847,35.150701],[126.9147,35.150797],[126.91479,35.15088]]]]}},{"type":"Feature","id":"1975192199051838081000000000","properties":{"id":"1975192199051838081000000000","pnu":"1221010100100380000","year":1975,"purpose":"기타","far":163.55,"floors":4,"structure":"철근콘크리트구조"},"geometry":{"type":"MultiPolygon","coordinates":[[[[126.915082,35.153361],[126.915096,35.153371],[126.915109,35.153359],[126.915137,35.153379],[126.915125,35.153391],[126.915239,35.15347],[126.915304,35.153407],[126.91527,35.153384],[126.915267,35.153386],[126.915144,35.153301],[126.915082,35.153361]]]]}},{"type":"Feature","id":"1975192202061839771000000000","properties":{"id":"1975192202061839771000000000","pnu":"1221010100103220017","year":1975,"purpose":"숙박시설","floors":2,"structure":"벽돌구조"},"geometry":{"type":"MultiPolygon","coordinates":[[[[126.915237,35.154994],[126.915328,35.154924],[126.915222,35.154826],[126.915122,35.154892],[126.915237,35.154994]]]]}},{"type":"Feature","id":"1975192204441839118000000000","properties":{"id":"1975192204441839118000000000","pnu":"1221010100103240020","year":1975,"purpose":"제2종 근린생활시설","far":254.99,"floors":3,"structure":"철근콘크리트구조"},"geometry":{"type":"MultiPolygon","coordinates":[[[[126.915145,35.154326],[126.915218,35.154406],[126.915363,35.154316],[126.915287,35.154235],[126.915145,35.154326]]]]}},{"type":"Feature","id":"1975192213191839578900000000","properties":{"id":"1975192213191839578900000000","pnu":"1221010100103230006","year":1975,"purpose":"숙박시설","floors":2,"structure":"벽돌구조"},"geometry":{"type":"MultiPolygon","coordinates":[[[[126.915413,35.1549],[126.915544,35.154796],[126.915286,35.154572],[126.915153,35.154676],[126.915413,35.1549]]]]}},{"type":"Feature","id":"1975192214391837053900000000","properties":{"id":"1975192214391837053900000000","pnu":"1221010100101130001","year":1975,"purpose":"단독주택","far":102.45,"floors":2,"structure":"벽돌구조"},"geometry":{"type":"MultiPolygon","coordinates":[[[[126.915361,35.152522],[126.915438,35.152446],[126.915362,35.152393],[126.915334,35.152421],[126.915363,35.15244],[126.91533,35.152473],[126.915318,35.152465],[126.915324,35.152459],[126.915308,35.152448],[126.915281,35.152474],[126.915309,35.152493],[126.915313,35.152489],[126.915361,35.152522]]]]}},{"type":"Feature","id":"1975192253351839684000000000","properties":{"id":"1975192253351839684000000000","pnu":"1221010100103230011","year":1975,"purpose":"제2종 근린생활시설","far":375.44,"floors":5,"structure":"철근콘크리트구조"},"geometry":{"type":"MultiPolygon","coordinates":[[[[126.915754,35.154928],[126.915906,35.154804],[126.915821,35.154734],[126.915674,35.154862],[126.915754,35.154928]]]]}},{"type":"Feature","id":"1975192270721832410800000000","properties":{"id":"1975192270721832410800000000","pnu":"1221012800100250000","year":1975,"purpose":"제1종 근린생활시설","far":339.49,"floors":5,"structure":"철근콘크리트구조"},"geometry":{"type":"MultiPolygon","coordinates":[[[[126.916132,35.148298],[126.916015,35.148163],[126.915925,35.148219],[126.915904,35.148206],[126.915829,35.14826],[126.915957,35.148366],[126.916039,35.148368],[126.916132,35.148298]]]]}},{"type":"Feature","id":"1975192286791834641600000000","properties":{"id":"1975192286791834641600000000","pnu":"1221013300100010028","year":1975,"purpose":"제2종 근린생활시설"},"geometry":{"type":"MultiPolygon","coordinates":[[[[126.91615,35.150339],[126.916221,35.150272],[126.916173,35.150235],[126.916102,35.150298],[126.91615,35.150339]]]]}},{"type":"Feature","id":"1975192298231834755100000000","properties":{"id":"1975192298231834755100000000","pnu":"1221013300100010028","year":1975,"purpose":"제2종 근린생활시설"},"geometry":{"type":"MultiPolygon","coordinates":[[[[126.916391,35.150411],[126.916258,35.150302],[126.916208,35.150344],[126.916214,35.150349],[126.916187,35.150372],[126.916311,35.150474],[126.916391,35.150411]]]]}},{"type":"Feature","id":"1975192322601834496300000000","properties":{"id":"1975192322601834496300000000","pnu":"1221013300100010024","year":1975,"purpose":"제2종 근린생활시설","far":253.85,"floors":4,"structure":"철근콘크리트구조"},"geometry":{"type":"MultiPolygon","coordinates":[[[[126.916528,35.150242],[126.916569,35.150212],[126.916583,35.150224],[126.916671,35.150152],[126.916566,35.150067],[126.916439,35.150157],[126.916528,35.150242]]]]}},{"type":"Feature","id":"1975192325361836902100000000","properties":{"id":"1975192325361836902100000000","pnu":"1221010100101690000","year":1975,"purpose":"단독주택","floors":2,"structure":"벽돌구조"},"geometry":{"type":"MultiPolygon","coordinates":[[[[126.91658,35.152388],[126.916658,35.152326],[126.916579,35.152259],[126.916528,35.1523],[126.916538,35.152309],[126.916511,35.15233],[126.91658,35.152388]]]]}},{"type":"Feature","id":"1975192337901835218500000000","properties":{"id":"1975192337901835218500000000","pnu":"1221013300100010003","year":1975,"purpose":"기타"},"geometry":{"type":"MultiPolygon","coordinates":[[[[126.916691,35.151048],[126.916784,35.150961],[126.916687,35.150881],[126.916738,35.150828],[126.916787,35.150871],[126.916943,35.150749],[126.916731,35.150581],[126.916614,35.150683],[126.916692,35.15075],[126.916515,35.150905],[126.916691,35.151048]]]]}},{"type":"Feature","id":"1975192408411840860800000000","properties":{"id":"1975192408411840860800000000","pnu":"1221010900104650011","year":1975,"purpose":"제1종 근린생활시설","floors":4,"structure":"철근콘크리트구조"},"geometry":{"type":"MultiPolygon","coordinates":[[[[126.917488,35.155973],[126.917576,35.155902],[126.917588,35.15589],[126.917488,35.155816],[126.917414,35.155867],[126.91741,35.155908],[126.917488,35.155973]]]]}},{"type":"Feature","id":"1975192456021837883900000000","properties":{"id":"1975192456021837883900000000","pnu":"1221010100101900007","year":1975,"purpose":"제2종 근린생활시설","floors":1,"structure":"철근콘크리트구조"},"geometry":{"type":"MultiPolygon","coordinates":[[[[126.91802,35.153448],[126.918302,35.153175],[126.918011,35.152972],[126.917729,35.153245],[126.91802,35.153448]]]]}},{"type":"Feature","id":"1975192459181842777300000000","properties":{"id":"1975192459181842777300000000","pnu":"1221010900104850055","year":1975,"purpose":"단독주택","floors":2,"structure":"벽돌구조"},"geometry":{"type":"MultiPolygon","coordinates":[[[[126.918012,35.157675],[126.918115,35.157604],[126.918073,35.157568],[126.917979,35.157639],[126.918012,35.157675]]]]}},{"type":"Feature","id":"1975192462741842603900000000","properties":{"id":"1975192462741842603900000000","pnu":"1221010900104850057","year":1975,"purpose":"제2종 근린생활시설","far":103.85,"floors":2,"structure":"벽돌구조"},"geometry":{"type":"MultiPolygon","coordinates":[[[[126.918063,35.15752],[126.918167,35.157447],[126.918123,35.157412],[126.918093,35.157432],[126.918011,35.15746],[126.918011,35.157478],[126.918063,35.15752]]]]}},{"type":"Feature","id":"1975192464281833247900000000","properties":{"id":"1975192464281833247900000000","pnu":"1221013200100110000","year":1975,"purpose":"제2종 근린생활시설"},"geometry":{"type":"MultiPolygon","coordinates":[[[[126.918062,35.149129],[126.918232,35.148998],[126.918162,35.148935],[126.917989,35.149062],[126.918062,35.149129]]]]}},{"type":"Feature","id":"1975192469891842688800000000","properties":{"id":"1975192469891842688800000000","pnu":"1221010900104850058","year":1975,"purpose":"단독주택"},"geometry":{"type":"MultiPolygon","coordinates":[[[[126.918137,35.157595],[126.918229,35.157523],[126.918189,35.157489],[126.918098,35.157558],[126.918137,35.157595]]]]}},{"type":"Feature","id":"1975192475971842751500000000","properties":{"id":"1975192475971842751500000000","pnu":"1221010900104850054","year":1975,"purpose":"단독주택"},"geometry":{"type":"MultiPolygon","coordinates":[[[[126.918203,35.157647],[126.918293,35.157583],[126.918258,35.157549],[126.918167,35.157611],[126.918203,35.157647]]]]}},{"type":"Feature","id":"1975192481961842714400000000","properties":{"id":"1975192481961842714400000000","pnu":"1221010900104850054","year":1975,"purpose":"단독주택"},"geometry":{"type":"MultiPolygon","coordinates":[[[[126.918296,35.157569],[126.918297,35.157569],[126.918298,35.157569],[126.918299,35.157568],[126.918299,35.157568],[126.9183,35.157567],[126.918301,35.157567],[126.918301,35.157566],[126.918301,35.157565],[126.918301,35.157564],[126.918301,35.157564],[126.918301,35.157563],[126.918301,35.157562],[126.9183,35.157561],[126.918299,35.157561],[126.918299,35.15756],[126.918298,35.15756],[126.918297,35.15756],[126.918296,35.15756],[126.918295,35.15756],[126.918294,35.15756],[126.918293,35.15756],[126.918292,35.157561],[126.918292,35.157561],[126.918291,35.157562],[126.918291,35.157563],[126.91829,35.157564],[126.91829,35.157564],[126.91829,35.157565],[126.918291,35.157566],[126.918291,35.157567],[126.918292,35.157567],[126.918292,35.157568],[126.918293,35.157568],[126.918294,35.157569],[126.918295,35.157569],[126.918296,35.157569]]]]}},{"type":"Feature","id":"1975192530631834420900000000","properties":{"id":"1975192530631834420900000000","pnu":"1221010600100360005","year":1975,"purpose":"단독주택","floors":2,"structure":"벽돌구조"},"geometry":{"type":"MultiPolygon","coordinates":[[[[126.918867,35.150154],[126.918918,35.150103],[126.918808,35.150026],[126.918757,35.150072],[126.918867,35.150154]]]]}},{"type":"Feature","id":"1976191659411835776000000000","properties":{"id":"1976191659411835776000000000","pnu":"1221010400100060007","year":1976,"purpose":"단독주택","floors":2,"structure":"벽돌구조"},"geometry":{"type":"MultiPolygon","coordinates":[[[[126.909343,35.151294],[126.909282,35.151246],[126.909252,35.151271],[126.909257,35.151276],[126.909208,35.151317],[126.909263,35.151361],[126.909343,35.151294]]]]}},{"type":"Feature","id":"1976191709811835176800000000","properties":{"id":"1976191709811835176800000000","pnu":"1221010400100210007","year":1976,"purpose":"제1종 근린생활시설","floors":3,"structure":"벽돌구조"},"geometry":{"type":"MultiPolygon","coordinates":[[[[126.909858,35.150852],[126.909934,35.150793],[126.909793,35.150675],[126.909726,35.150734],[126.909858,35.150852]]]]}},{"type":"Feature","id":"1976191809201837465500000000","properties":{"id":"1976191809201837465500000000","pnu":"1221010200100600002","year":1976,"purpose":"제2종 근린생활시설","far":135.27,"floors":3,"structure":"벽돌구조"},"geometry":{"type":"MultiPolygon","coordinates":[[[[126.910931,35.152938],[126.911077,35.152844],[126.911018,35.152787],[126.911007,35.152793],[126.910982,35.152768],[126.91092,35.152802],[126.910832,35.152718],[126.910759,35.152771],[126.910931,35.152938]]]]}},{"type":"Feature","id":"1976191820541837136700000000","properties":{"id":"1976191820541837136700000000","pnu":"1221010200100610007","year":1976,"purpose":"제1종 근린생활시설","far":252.35,"floors":4,"structure":"철근콘크리트구조"},"geometry":{"type":"MultiPolygon","coordinates":[[[[126.911019,35.152582],[126.911108,35.152522],[126.91107,35.152483],[126.910976,35.152538],[126.911019,35.152582]]]]}},{"type":"Feature","id":"1976191823371836756800000000","properties":{"id":"1976191823371836756800000000","pnu":"1221010200100620014","year":1976,"purpose":"단독주택","floors":2,"structure":"벽돌구조"},"geometry":{"type":"MultiPolygon","coordinates":[[[[126.911066,35.152274],[126.911176,35.15219],[126.911068,35.152103],[126.910992,35.15217],[126.911005,35.152186],[126.910988,35.152207],[126.911066,35.152274]]]]}},{"type":"Feature","id":"1976191908111836660300000000","properties":{"id":"1976191908111836660300000000","pnu":"1221010200101150001","year":1976,"purpose":"기타","floors":3,"structure":"철근콘크리트구조"},"geometry":{"type":"MultiPolygon","coordinates":[[[[126.912004,35.152107],[126.912005,35.152107],[126.912005,35.152107],[126.912006,35.152107],[126.912007,35.152106],[126.912008,35.152106],[126.912008,35.152105],[126.912009,35.152105],[126.912009,35.152104],[126.912009,35.152103],[126.912009,35.152102],[126.912009,35.152101],[126.912008,35.152101],[126.912008,35.1521],[126.912007,35.1521],[126.912006,35.152099],[126.912005,35.152099],[126.912005,35.152099],[126.912004,35.152098],[126.912003,35.152099],[126.912002,35.152099],[126.912001,35.152099],[126.912,35.1521],[126.911999,35.1521],[126.911999,35.152101],[126.911998,35.152101],[126.911998,35.152102],[126.911998,35.152103],[126.911998,35.152104],[126.911998,35.152105],[126.911999,35.152105],[126.911999,35.152106],[126.912,35.152106],[126.912001,35.152107],[126.912002,35.152107],[126.912003,35.152107],[126.912004,35.152107]]]]}},{"type":"Feature","id":"1976191924301832614100000000","properties":{"id":"1976191924301832614100000000","pnu":"1221011500100370013","year":1976,"purpose":"단독주택","floors":4,"structure":"철근콘크리트구조"},"geometry":{"type":"MultiPolygon","coordinates":[[[[126.912165,35.148528],[126.912286,35.148441],[126.912213,35.148387],[126.91216,35.148429],[126.912141,35.14842],[126.912087,35.14846],[126.912165,35.148528]]]]}},{"type":"Feature","id":"1976191932591833115200000000","properties":{"id":"1976191932591833115200000000","pnu":"1221011500100030007","year":1976,"purpose":"기타","floors":4,"structure":"철근콘크리트구조"},"geometry":{"type":"MultiPolygon","coordinates":[[[[126.912252,35.149],[126.912367,35.148903],[126.912362,35.148869],[126.912257,35.148822],[126.912226,35.148867],[126.912193,35.148947],[126.912252,35.149]]]]}},{"type":"Feature","id":"1976191979161838725100000000","properties":{"id":"1976191979161838725100000000","pnu":"1221010100100170019","year":1976,"purpose":"제1종 근린생활시설"},"geometry":{"type":"MultiPolygon","coordinates":[[[[126.912798,35.153884],[126.912692,35.153979],[126.912781,35.154045],[126.912837,35.153989],[126.912823,35.153977],[126.912863,35.153936],[126.912798,35.153884]]]]}},{"type":"Feature","id":"1976191997931841018400000000","properties":{"id":"1976191997931841018400000000","pnu":"1221010100103200016","year":1976,"purpose":"제2종 근린생활시설","far":349.02,"floors":4,"structure":"철근콘크리트구조"},"geometry":{"type":"MultiPolygon","coordinates":[[[[126.912932,35.156111],[126.913038,35.156112],[126.913039,35.155952],[126.912932,35.155952],[126.912932,35.156111]]]]}},{"type":"Feature","id":"1976191999091838986700000000","properties":{"id":"1976191999091838986700000000","pnu":"1221010100100230006","year":1976,"purpose":"제2종 근린생활시설","far":199.46,"floors":3,"structure":"벽돌구조"},"geometry":{"type":"MultiPolygon","coordinates":[[[[126.91305,35.154195],[126.912993,35.154159],[126.912951,35.154203],[126.913003,35.154244],[126.91305,35.154195]]]]}},{"type":"Feature","id":"1976192031261841291600000000","properties":{"id":"1976192031261841291600000000","pnu":"1221010100103200013","year":1976,"purpose":"단독주택"},"geometry":{"type":"MultiPolygon","coordinates":[[[[126.913411,35.1563],[126.913355,35.15622],[126.913288,35.156256],[126.913345,35.156332],[126.913361,35.156333],[126.913411,35.1563]]]]}},{"type":"Feature","id":"1976192035871840237600000000","properties":{"id":"1976192035871840237600000000","pnu":"1221010100103210016","year":1976,"purpose":"제1종 근린생활시설","floors":4,"structure":"철근콘크리트구조"},"geometry":{"type":"MultiPolygon","coordinates":[[[[126.913402,35.155333],[126.913403,35.155333],[126.913404,35.155333],[126.913405,35.155332],[126.913406,35.155332],[126.913406,35.155331],[126.913407,35.155331],[126.913407,35.15533],[126.913408,35.155329],[126.913408,35.155328],[126.913408,35.155328],[126.913407,35.155327],[126.913407,35.155326],[126.913406,35.155326],[126.913406,35.155325],[126.913405,35.155325],[126.913404,35.155324],[126.913403,35.155324],[126.913402,35.155324],[126.913401,35.155324],[126.9134,35.155324],[126.9134,35.155325],[126.913399,35.155325],[126.913398,35.155326],[126.913398,35.155326],[126.913397,35.155327],[126.913397,35.155328],[126.913397,35.155328],[126.913397,35.155329],[126.913397,35.15533],[126.913398,35.155331],[126.913398,35.155331],[126.913399,35.155332],[126.9134,35.155332],[126.9134,35.155333],[126.913401,35.155333],[126.913402,35.155333]]]]}},{"type":"Feature","id":"1976192037321834400400000000","properties":{"id":"1976192037321834400400000000","pnu":"1221013000100470000","year":1976,"purpose":"제1종 근린생활시설","floors":2,"structure":"철근콘크리트구조"},"geometry":{"type":"MultiPolygon","coordinates":[[[[126.913342,35.150001],[126.913324,35.150016],[126.913483,35.150147],[126.913525,35.150116],[126.913378,35.150001],[126.913359,35.149986],[126.913342,35.150001]]]]}},{"type":"Feature","id":"1976192040601836650400000000","properties":{"id":"1976192040601836650400000000","pnu":"1221010200101760000","year":1976,"purpose":"단독주택","floors":2,"structure":"벽돌구조"},"geometry":{"type":"MultiPolygon","coordinates":[[[[126.913595,35.152077],[126.913532,35.152034],[126.913518,35.152049],[126.913454,35.152009],[126.913323,35.152122],[126.913394,35.152178],[126.913471,35.152128],[126.913512,35.152157],[126.913595,35.152077]]]]}},{"type":"Feature","id":"1976192050601837758600000000","properties":{"id":"1976192050601837758600000000","pnu":"1221010200100880002","year":1976,"purpose":"제2종 근린생활시설","floors":3,"structure":"철근콘크리트구조"},"geometry":{"type":"MultiPolygon","coordinates":[[[[126.913557,35.153151],[126.913637,35.15309],[126.913577,35.153039],[126.913495,35.153094],[126.913557,35.153151]]]]}},{"type":"Feature","id":"1976192059801840052200000000","properties":{"id":"1976192059801840052200000000","pnu":"1221010100103210032","year":1976,"purpose":"제1종 근린생활시설","floors":4,"structure":"철근콘크리트구조"},"geometry":{"type":"MultiPolygon","coordinates":[[[[126.91365,35.155274],[126.913804,35.155176],[126.913684,35.155047],[126.913523,35.15515],[126.91365,35.155274]]]]}},{"type":"Feature","id":"1976192062741842742900000000","properties":{"id":"1976192062741842742900000000","pnu":"1221010900102390095","year":1977,"purpose":"단독주택"},"geometry":{"type":"MultiPolygon","coordinates":[[[[126.913672,35.157646],[126.913752,35.157621],[126.91371,35.157528],[126.913641,35.157545],[126.913666,35.157606],[126.913655,35.157609],[126.913672,35.157646]]]]}},{"type":"Feature","id":"1976192076131840177400000000","properties":{"id":"1976192076131840177400000000","pnu":"1221010100103210018","year":1976,"purpose":"제1종 근린생활시설","far":266.98124,"floors":4,"structure":"철근콘크리트구조"},"geometry":{"type":"MultiPolygon","coordinates":[[[[126.913872,35.155361],[126.913915,35.155337],[126.913916,35.155291],[126.913822,35.155191],[126.913753,35.155234],[126.913872,35.155361]]]]}},{"type":"Feature","id":"1976192129221840383500000000","properties":{"id":"1976192129221840383500000000","pnu":"1221010100103220002","year":1976,"purpose":"숙박시설","far":155.18,"floors":3,"structure":"벽돌구조"},"geometry":{"type":"MultiPolygon","coordinates":[[[[126.914466,35.155525],[126.914503,35.155502],[126.91439,35.155396],[126.914351,35.155424],[126.914466,35.155525]]]]}},{"type":"Feature","id":"1976192130881834909700000000","properties":{"id":"1976192130881834909700000000","pnu":"1221013400100810002","year":1976,"purpose":"기타"},"geometry":{"type":"MultiPolygon","coordinates":[[[[126.914556,35.15053],[126.914445,35.150446],[126.914349,35.150528],[126.914445,35.150606],[126.914556,35.15053]]]]}},{"type":"Feature","id":"1976192147191839649300000000","properties":{"id":"1976192147191839649300000000","pnu":"1221010100103240023","year":1976,"purpose":"기타","far":326.03,"floors":5,"structure":"철근콘크리트구조"},"geometry":{"type":"MultiPolygon","coordinates":[[[[126.914706,35.154828],[126.914614,35.154723],[126.91454,35.154774],[126.914642,35.154875],[126.914706,35.154828]]]]}},{"type":"Feature","id":"1976192150821837516000000000","properties":{"id":"1976192150821837516000000000","pnu":"1221010100100990001","year":1976,"purpose":"단독주택","floors":4,"structure":"벽돌구조"},"geometry":{"type":"MultiPolygon","coordinates":[[[[126.914744,35.152879],[126.914669,35.152824],[126.914584,35.152896],[126.914605,35.15291],[126.914623,35.152901],[126.914643,35.152912],[126.914666,35.152912],[126.914689,35.152896],[126.914715,35.152909],[126.914744,35.152879]]]]}},{"type":"Feature","id":"1976192183611839701800000000","properties":{"id":"1976192183611839701800000000","pnu":"1221010100103220020","year":1976,"purpose":"숙박시설","far":273.47,"floors":5,"structure":"철근콘크리트구조"},"geometry":{"type":"MultiPolygon","coordinates":[[[[126.914959,35.154971],[126.915152,35.15483],[126.915147,35.154821],[126.915173,35.154789],[126.915093,35.154725],[126.914869,35.154881],[126.914959,35.154971]]]]}},{"type":"Feature","id":"1976192184611833845500000000","properties":{"id":"1976192184611833845500000000","pnu":"1221012900100010002","year":1976,"purpose":"제2종 근린생활시설","floors":6,"structure":"철근콘크리트구조"},"geometry":{"type":"MultiPolygon","coordinates":[[[[126.915197,35.149528],[126.915073,35.149439],[126.914885,35.149609],[126.915008,35.149697],[126.915197,35.149528]]]]}},{"type":"Feature","id":"1976192192751839032500000000","properties":{"id":"1976192192751839032500000000","pnu":"1221010100103240011","year":1976,"purpose":"제2종 근린생활시설","far":272.179570592,"floors":4,"structure":"철근콘크리트구조"},"geometry":{"type":"MultiPolygon","coordinates":[[[[126.915117,35.154342],[126.915253,35.154256],[126.915171,35.154174],[126.915158,35.15417],[126.915087,35.154168],[126.914997,35.154218],[126.915117,35.154342]]]]}},{"type":"Feature","id":"1976192207931840281100000000","properties":{"id":"1976192207931840281100000000","pnu":"1221010100103150004","year":1976,"purpose":"단독주택","far":182.72,"floors":3,"structure":"벽돌구조"},"geometry":{"type":"MultiPolygon","coordinates":[[[[126.915325,35.155445],[126.915381,35.155407],[126.915255,35.155293],[126.915201,35.15533],[126.915325,35.155445]]]]}},{"type":"Feature","id":"1976192221651832508100000000","properties":{"id":"1976192221651832508100000000","pnu":"1221012900100170005","year":1976,"purpose":"제1종 근린생활시설","far":250.58,"floors":4,"structure":"철근콘크리트구조"},"geometry":{"type":"MultiPolygon","coordinates":[[[[126.915424,35.148448],[126.915552,35.148344],[126.915468,35.148277],[126.915347,35.148384],[126.915424,35.148448]]]]}},{"type":"Feature","id":"1976192285241839602000000000","properties":{"id":"1976192285241839602000000000","pnu":"1221010100103110002","year":1976,"purpose":"제1종 근린생활시설"},"geometry":{"type":"MultiPolygon","coordinates":[[[[126.916265,35.154822],[126.916068,35.154651],[126.916014,35.154693],[126.916212,35.154864],[126.916265,35.154822]]]]}},{"type":"Feature","id":"1976192322581838035700000000","properties":{"id":"1976192322581838035700000000","pnu":"1221010100103130009","purpose":"단독주택","floors":1,"structure":"일반목구조"},"geometry":{"type":"MultiPolygon","coordinates":[[[[126.916523,35.153383],[126.916601,35.153334],[126.916573,35.153309],[126.916503,35.15336],[126.916523,35.153383]]]]}},{"type":"Feature","id":"1976192324261838347700000000","properties":{"id":"1976192324261838347700000000","pnu":"1221010100103130001","year":1976,"purpose":"제1종 근린생활시설","floors":3,"structure":"철근콘크리트구조"},"geometry":{"type":"MultiPolygon","coordinates":[[[[126.916703,35.153599],[126.916635,35.153533],[126.916432,35.153659],[126.91648,35.153704],[126.916524,35.15371],[126.916703,35.153599]]]]}},{"type":"Feature","id":"1976192331821838152200000000","properties":{"id":"1976192331821838152200000000","pnu":"1221010100103130009","purpose":"단독주택","structure":"벽돌구조"},"geometry":{"type":"MultiPolygon","coordinates":[[[[126.91663,35.153486],[126.916698,35.15344],[126.916677,35.153416],[126.916606,35.15346],[126.91663,35.153486]]]]}},{"type":"Feature","id":"1976192334161838032700000000","properties":{"id":"1976192334161838032700000000","pnu":"1221010100103130009","year":1976,"purpose":"단독주택","floors":3,"structure":"벽돌구조"},"geometry":{"type":"MultiPolygon","coordinates":[[[[126.916713,35.153426],[126.916769,35.153389],[126.916643,35.15326],[126.916588,35.1533],[126.916713,35.153426]]]]}},{"type":"Feature","id":"1976192340871833840600000000","properties":{"id":"1976192340871833840600000000","pnu":"1221013300100030005","year":1976,"purpose":"기타","far":324.28723,"floors":7,"structure":"철근콘크리트구조"},"geometry":{"type":"MultiPolygon","coordinates":[[[[126.916643,35.149747],[126.916993,35.149508],[126.916865,35.149382],[126.916518,35.149625],[126.916643,35.149747]]]]}},{"type":"Feature","id":"1976192340901833158500000000","properties":{"id":"1976192340901833158500000000","pnu":"1221013200100270000","year":1976,"purpose":"기타","far":185.29,"floors":4,"structure":"철근콘크리트구조"},"geometry":{"type":"MultiPolygon","coordinates":[[[[126.916703,35.149098],[126.916976,35.148908],[126.916871,35.148802],[126.916723,35.148903],[126.916683,35.148863],[126.916542,35.148958],[126.916684,35.1491],[126.916697,35.149092],[126.916703,35.149098]]]]}},{"type":"Feature","id":"1976192345651842842800000000","properties":{"id":"1976192345651842842800000000","pnu":"1221010900104890015","year":1976,"purpose":"단독주택"},"geometry":{"type":"MultiPolygon","coordinates":[[[[126.916823,35.157752],[126.916882,35.157707],[126.916827,35.157659],[126.916834,35.157648],[126.916775,35.157604],[126.916735,35.157637],[126.916742,35.15769],[126.916823,35.157752]]]]}},{"type":"Feature","id":"1976192348241840276000000000","properties":{"id":"1976192348241840276000000000","pnu":"1221010900104710031","year":1976,"purpose":"단독주택","floors":1,"structure":"벽돌구조"},"geometry":{"type":"MultiPolygon","coordinates":[[[[126.916872,35.155443],[126.916927,35.155397],[126.916778,35.155289],[126.916734,35.155324],[126.916872,35.155443]]]]}},{"type":"Feature","id":"1976192372291842219200000000","properties":{"id":"1976192372291842219200000000","pnu":"1221010900104830003","year":1976,"purpose":"제2종 근린생활시설"},"geometry":{"type":"MultiPolygon","coordinates":[[[[126.917077,35.157171],[126.917163,35.157114],[126.917108,35.157063],[126.917022,35.157121],[126.917077,35.157171]]]]}},{"type":"Feature","id":"1976192383501838601000000000","properties":{"id":"1976192383501838601000000000","pnu":"1221010100103090016","year":1976,"purpose":"제1종 근린생활시설"},"geometry":{"type":"MultiPolygon","coordinates":[[[[126.917287,35.153877],[126.91728,35.153828],[126.91721,35.153833],[126.917208,35.153824],[126.917158,35.153829],[126.917162,35.153889],[126.917287,35.153877]]]]}},{"type":"Feature","id":"1976192389551838536700000000","properties":{"id":"1976192389551838536700000000","pnu":"1221010100103090016","year":1976,"purpose":"단독주택"},"geometry":{"type":"MultiPolygon","coordinates":[[[[126.917315,35.153841],[126.917336,35.153823],[126.91726,35.153756],[126.917235,35.153777],[126.917315,35.153841]]]]}},{"type":"Feature","id":"1976192390081838082500000000","properties":{"id":"1976192390081838082500000000","pnu":"1221010100103080023","year":1976,"purpose":"단독주택","floors":3,"structure":"벽돌구조"},"geometry":{"type":"MultiPolygon","coordinates":[[[[126.917279,35.153451],[126.917367,35.153386],[126.917306,35.153326],[126.917215,35.153393],[126.917279,35.153451]]]]}},{"type":"Feature","id":"1976192398161839715100000000","properties":{"id":"1976192398161839715100000000","pnu":"1221010900104210001","purpose":"기타","structure":"벽돌구조"},"geometry":{"type":"MultiPolygon","coordinates":[[[[126.917379,35.154865],[126.91738,35.154865],[126.917381,35.154865],[126.917382,35.154864],[126.917382,35.154864],[126.917383,35.154863],[126.917384,35.154863],[126.917384,35.154862],[126.917384,35.154861],[126.917384,35.15486],[126.917384,35.15486],[126.917384,35.154859],[126.917384,35.154858],[126.917383,35.154857],[126.917382,35.154857],[126.917382,35.154856],[126.917381,35.154856],[126.91738,35.154856],[126.917379,35.154856],[126.917378,35.154856],[126.917377,35.154856],[126.917376,35.154856],[126.917375,35.154857],[126.917375,35.154857],[126.917374,35.154858],[126.917374,35.154859],[126.917374,35.15486],[126.917373,35.15486],[126.917374,35.154861],[126.917374,35.154862],[126.917374,35.154863],[126.917375,35.154863],[126.917375,35.154864],[126.917376,35.154864],[126.917377,35.154865],[126.917378,35.154865],[126.917379,35.154865]]]]}},{"type":"Feature","id":"1976192402751839744000000000","properties":{"id":"1976192402751839744000000000","pnu":"1221010900104210001","year":1976,"purpose":"단독주택","floors":2,"structure":"벽돌구조"},"geometry":{"type":"MultiPolygon","coordinates":[[[[126.917483,35.15486],[126.917425,35.154836],[126.917376,35.154912],[126.91743,35.154938],[126.917483,35.15486]]]]}},{"type":"Feature","id":"1976192404211839476200000000","properties":{"id":"1976192404211839476200000000","pnu":"1221010900104230000","year":1976,"purpose":"제1종 근린생활시설","floors":2,"structure":"벽돌구조"},"geometry":{"type":"MultiPolygon","coordinates":[[[[126.917436,35.154696],[126.917502,35.154659],[126.917456,35.154594],[126.917389,35.15463],[126.917436,35.154696]]]]}},{"type":"Feature","id":"1976192420011841778800000000","properties":{"id":"1976192420011841778800000000","pnu":"1221010900104840005","year":1976,"purpose":"숙박시설"},"geometry":{"type":"MultiPolygon","coordinates":[[[[126.91761,35.156768],[126.917676,35.156725],[126.917619,35.156674],[126.91756,35.156714],[126.91761,35.156768]]]]}},{"type":"Feature","id":"1976192430941843154200000000","properties":{"id":"1976192430941843154200000000","pnu":"1221010900104870027","purpose":"기타","structure":"블록구조"},"geometry":{"type":"MultiPolygon","coordinates":[[[[126.917735,35.157965],[126.917736,35.157965],[126.917737,35.157965],[126.917738,35.157964],[126.917739,35.157964],[126.91774,35.157963],[126.91774,35.157963],[126.917741,35.157962],[126.917741,35.157961],[126.917741,35.15796],[126.917741,35.15796],[126.917741,35.157959],[126.91774,35.157958],[126.91774,35.157958],[126.917739,35.157957],[126.917738,35.157957],[126.917737,35.157956],[126.917736,35.157956],[126.917735,35.157956],[126.917735,35.157956],[126.917734,35.157956],[126.917733,35.157957],[126.917732,35.157957],[126.917731,35.157958],[126.917731,35.157958],[126.91773,35.157959],[126.91773,35.15796],[126.91773,35.15796],[126.91773,35.157961],[126.91773,35.157962],[126.917731,35.157963],[126.917731,35.157963],[126.917732,35.157964],[126.917733,35.157964],[126.917734,35.157965],[126.917735,35.157965],[126.917735,35.157965]]]]}},{"type":"Feature","id":"1976192433011839206500000000","properties":{"id":"1976192433011839206500000000","pnu":"1221010100103070047","year":1976,"purpose":"단독주택","floors":4,"structure":"철근콘크리트구조"},"geometry":{"type":"MultiPolygon","coordinates":[[[[126.917626,35.154459],[126.917676,35.154497],[126.917901,35.154361],[126.917869,35.154329],[126.917849,35.154341],[126.917807,35.154314],[126.917626,35.154459]]]]}},{"type":"Feature","id":"1976192437121843168200000000","properties":{"id":"1976192437121843168200000000","pnu":"1221010900104870027","year":1976,"purpose":"단독주택","floors":2,"structure":"벽돌구조"},"geometry":{"type":"MultiPolygon","coordinates":[[[[126.917785,35.158026],[126.91787,35.15796],[126.917821,35.15792],[126.917737,35.157988],[126.917785,35.158026]]]]}},{"type":"Feature","id":"1976192453361839068000000000","properties":{"id":"1976192453361839068000000000","pnu":"1221010100103070038","year":1976,"purpose":"단독주택"},"geometry":{"type":"MultiPolygon","coordinates":[[[[126.918005,35.154331],[126.918049,35.154296],[126.91795,35.154219],[126.917936,35.154235],[126.917942,35.154276],[126.918005,35.154331]]]]}},{"type":"Feature","id":"1976192478051837656200000000","properties":{"id":"1976192478051837656200000000","pnu":"1221010100101980010","year":1976,"purpose":"제1종 근린생활시설","floors":2,"structure":"철근콘크리트구조"},"geometry":{"type":"MultiPolygon","coordinates":[[[[126.918245,35.153077],[126.918343,35.152985],[126.918269,35.152935],[126.918173,35.153023],[126.918245,35.153077]]]]}},{"type":"Feature","id":"1976192533911835243000000000","properties":{"id":"1976192533911835243000000000","pnu":"1221010600100140001","year":1976,"purpose":"단독주택"},"geometry":{"type":"MultiPolygon","coordinates":[[[[126.918839,35.15091],[126.918955,35.150801],[126.9189,35.150758],[126.918822,35.150816],[126.91881,35.150891],[126.918839,35.15091]]]]}},{"type":"Feature","id":"1977191635941836073800000000","properties":{"id":"1977191635941836073800000000","pnu":"1221010400100080002","year":1977,"purpose":"단독주택"},"geometry":{"type":"MultiPolygon","coordinates":[[[[126.909062,35.151662],[126.909123,35.151608],[126.90897,35.151484],[126.90891,35.151531],[126.909062,35.151662]]]]}},{"type":"Feature","id":"1977191661651836732500000000","properties":{"id":"1977191661651836732500000000","pnu":"1221010300100960037","year":1977,"purpose":"단독주택"},"geometry":{"type":"MultiPolygon","coordinates":[[[[126.909293,35.152243],[126.909386,35.152199],[126.909366,35.152172],[126.909347,35.152177],[126.909297,35.152091],[126.909223,35.152111],[126.909293,35.152243]]]]}},{"type":"Feature","id":"1977191667091835841800000000","properties":{"id":"1977191667091835841800000000","pnu":"1221010400100060002","year":1977,"purpose":"단독주택","floors":2,"structure":"벽돌구조"},"geometry":{"type":"MultiPolygon","coordinates":[[[[126.909345,35.151427],[126.909399,35.151386],[126.909402,35.151335],[126.909359,35.151293],[126.909321,35.151326],[126.909356,35.151353],[126.909301,35.151395],[126.909345,35.151427]]]]}},{"type":"Feature","id":"1977191668151836660500000000","properties":{"id":"1977191668151836660500000000","pnu":"1221010300100960034","year":1977,"purpose":"단독주택"},"geometry":{"type":"MultiPolygon","coordinates":[[[[126.909359,35.152154],[126.909436,35.152125],[126.909383,35.152048],[126.909304,35.152081],[126.909359,35.152154]]]]}},{"type":"Feature","id":"1977191717781836352000000000","properties":{"id":"1977191717781836352000000000","pnu":"1221010300100960002","year":1977,"purpose":"제2종 근린생활시설","far":220.87,"floors":4,"structure":"철근콘크리트구조"},"geometry":{"type":"MultiPolygon","coordinates":[[[[126.909999,35.15183],[126.909891,35.151744],[126.909873,35.151764],[126.909845,35.151809],[126.909871,35.151859],[126.909929,35.151899],[126.909999,35.15183]]]]}},{"type":"Feature","id":"1977191723951836996500000000","properties":{"id":"1977191723951836996500000000","pnu":"1221010300100960024","year":1977,"purpose":"제1종 근린생활시설","floors":4,"structure":"철근콘크리트구조"},"geometry":{"type":"MultiPolygon","coordinates":[[[[126.909947,35.15251],[126.910128,35.152386],[126.910055,35.152328],[126.910037,35.152339],[126.909996,35.152308],[126.909843,35.152412],[126.909947,35.15251]]]]}},{"type":"Feature","id":"1977191726201837256900000000","properties":{"id":"1977191726201837256900000000","pnu":"1221010300100090000","year":1977,"purpose":"제2종 근린생활시설","floors":4,"structure":"철근콘크리트구조"},"geometry":{"type":"MultiPolygon","coordinates":[[[[126.910007,35.152644],[126.910008,35.152644],[126.910008,35.152643],[126.910009,35.152643],[126.91001,35.152643],[126.910011,35.152642],[126.910011,35.152642],[126.910012,35.152641],[126.910012,35.15264],[126.910012,35.152639],[126.910012,35.152638],[126.910012,35.152638],[126.910011,35.152637],[126.910011,35.152636],[126.91001,35.152636],[126.910009,35.152635],[126.910008,35.152635],[126.910008,35.152635],[126.910007,35.152635],[126.910006,35.152635],[126.910005,35.152635],[126.910004,35.152635],[126.910003,35.152636],[126.910002,35.152636],[126.910002,35.152637],[126.910001,35.152638],[126.910001,35.152638],[126.910001,35.152639],[126.910001,35.15264],[126.910001,35.152641],[126.910002,35.152642],[126.910002,35.152642],[126.910003,35.152643],[126.910004,35.152643],[126.910005,35.152643],[126.910006,35.152644],[126.910007,35.152644]]]]}},{"type":"Feature","id":"1977191778241833229000000000","properties":{"id":"1977191778241833229000000000","pnu":"1221010400101030000","year":1969,"purpose":"제2종 근린생활시설"},"geometry":{"type":"MultiPolygon","coordinates":[[[[126.910639,35.149116],[126.910715,35.149035],[126.910658,35.148997],[126.910646,35.149004],[126.910595,35.148967],[126.910609,35.148937],[126.91054,35.148898],[126.910453,35.148995],[126.910639,35.149116]]]]}},{"type":"Feature","id":"1977191809011838994900000000","properties":{"id":"1977191809011838994900000000","pnu":"1221010200100040000","year":1977,"purpose":"제1종 근린생활시설","far":387.1,"floors":5,"structure":"철근콘크리트구조"},"geometry":{"type":"MultiPolygon","coordinates":[[[[126.910968,35.154315],[126.91104,35.15424],[126.91086,35.1541],[126.910786,35.154169],[126.910968,35.154315]]]]}},{"type":"Feature","id":"1977191852091839186500000000","properties":{"id":"1977191852091839186500000000","pnu":"1221010200100010025","year":1977,"purpose":"제2종 근린생활시설","floors":2,"structure":"벽돌구조"},"geometry":{"type":"MultiPolygon","coordinates":[[[[126.911427,35.154444],[126.911476,35.154395],[126.911385,35.154335],[126.911374,35.154343],[126.911341,35.154326],[126.911328,35.154341],[126.911302,35.154331],[126.911285,35.154349],[126.911427,35.154444]]]]}},{"type":"Feature","id":"1977191864431838733600000000","properties":{"id":"1977191864431838733600000000","pnu":"1221010200100060005","year":1977,"purpose":"제2종 근린생활시설","far":200.88,"floors":3,"structure":"철근콘크리트구조"},"geometry":{"type":"MultiPolygon","coordinates":[[[[126.91153,35.154032],[126.911592,35.153993],[126.911512,35.153908],[126.911454,35.153956],[126.91153,35.154032]]]]}},{"type":"Feature","id":"1977191969581834508700000000","properties":{"id":"1977191969581834508700000000","pnu":"1221010300100650001","purpose":"기타"},"geometry":{"type":"MultiPolygon","coordinates":[[[[126.9126,35.150184],[126.912736,35.150222],[126.912765,35.150164],[126.912697,35.150141],[126.912707,35.150119],[126.912643,35.150098],[126.9126,35.150184]]]]}},{"type":"Feature","id":"1977191978511834438600000000","properties":{"id":"1977191978511834438600000000","pnu":"1221010300100650001","year":1977,"purpose":"제1종 근린생활시설"},"geometry":{"type":"MultiPolygon","coordinates":[[[[126.912664,35.150001],[126.912643,35.150019],[126.912643,35.150037],[126.912772,35.150156],[126.912758,35.150178],[126.9128,35.150209],[126.912845,35.150213],[126.912924,35.150149],[126.91273,35.150001],[126.912694,35.149973],[126.912664,35.150001]]]]}},{"type":"Feature","id":"1977191998631840453400000000","properties":{"id":"1977191998631840453400000000","pnu":"1221010100103210013","year":1977,"purpose":"제2종 근린생활시설","floors":4,"structure":"철근콘크리트구조"},"geometry":{"type":"MultiPolygon","coordinates":[[[[126.912945,35.155552],[126.913072,35.155552],[126.912992,35.155474],[126.912938,35.155507],[126.912945,35.155552]]]]}},{"type":"Feature","id":"1977192009601840381100000000","properties":{"id":"1977192009601840381100000000","pnu":"1221010100103210013","year":1977,"purpose":"제2종 근린생활시설","floors":4,"structure":"철근콘크리트구조"},"geometry":{"type":"MultiPolygon","coordinates":[[[[126.913082,35.155542],[126.913221,35.15545],[126.913151,35.155375],[126.913005,35.15546],[126.913082,35.155542]]]]}},{"type":"Feature","id":"1977192017741836512500000000","properties":{"id":"1977192017741836512500000000","pnu":"1221010200101520000","year":1977,"purpose":"기타","floors":7,"structure":"철근콘크리트구조"},"geometry":{"type":"MultiPolygon","coordinates":[[[[126.913137,35.152168],[126.913205,35.152111],[126.913197,35.152103],[126.913465,35.151916],[126.913295,35.151859],[126.913251,35.151842],[126.913212,35.151812],[126.913013,35.151918],[126.913108,35.152018],[126.913037,35.152086],[126.913137,35.152168]]]]}},{"type":"Feature","id":"1977192018471840451000000000","properties":{"id":"1977192018471840451000000000","pnu":"1221010100103210013","year":1977,"purpose":"제2종 근린생활시설","floors":4,"structure":"철근콘크리트구조"},"geometry":{"type":"MultiPolygon","coordinates":[[[[126.913122,35.155538],[126.91313,35.155551],[126.91325,35.155549],[126.913288,35.155527],[126.913236,35.155469],[126.913122,35.155538]]]]}},{"type":"Feature","id":"1977192035961833940700000000","properties":{"id":"1977192035961833940700000000","pnu":"1221013000100350005","year":1977,"purpose":"제1종 근린생활시설","floors":3,"structure":"철근콘크리트구조"},"geometry":{"type":"MultiPolygon","coordinates":[[[[126.913478,35.149618],[126.913405,35.149581],[126.913341,35.14969],[126.913413,35.149723],[126.913478,35.149618]]]]}},{"type":"Feature","id":"1977192044781840156800000000","properties":{"id":"1977192044781840156800000000","pnu":"1221010100103210030","year":1977,"purpose":"제1종 근린생활시설"},"geometry":{"type":"MultiPolygon","coordinates":[[[[126.913372,35.155232],[126.913474,35.155336],[126.913496,35.155321],[126.913536,35.155349],[126.913628,35.155283],[126.913493,35.155154],[126.913372,35.155232]]]]}},{"type":"Feature","id":"1977192054931834276400000000","properties":{"id":"1977192054931834276400000000","pnu":"1221013000100430015","year":1977,"purpose":"제1종 근린생활시설","floors":3,"structure":"철근콘크리트구조"},"geometry":{"type":"MultiPolygon","coordinates":[[[[126.913547,35.150001],[126.913608,35.150056],[126.913684,35.150001],[126.91375,35.149953],[126.913643,35.149869],[126.913635,35.149874],[126.913621,35.149864],[126.913544,35.149918],[126.913527,35.149913],[126.913483,35.149943],[126.913547,35.150001]]]]}},{"type":"Feature","id":"1977192083611834040800000000","properties":{"id":"1977192083611834040800000000","pnu":"1221013000100370002","year":1977,"purpose":"제1종 근린생활시설","floors":4,"structure":"철근콘크리트구조"},"geometry":{"type":"MultiPolygon","coordinates":[[[[126.913778,35.149655],[126.91379,35.149668],[126.913763,35.149686],[126.913813,35.149732],[126.91384,35.149713],[126.913866,35.149737],[126.913858,35.149743],[126.913867,35.149751],[126.913848,35.149763],[126.913936,35.149844],[126.914087,35.149741],[126.914044,35.149702],[126.913993,35.149701],[126.913972,35.149681],[126.913914,35.14972],[126.913905,35.149712],[126.913896,35.149718],[126.913869,35.149692],[126.91381,35.149655],[126.913801,35.149646],[126.913796,35.149649],[126.913793,35.149645],[126.913778,35.149655]]]]}},{"type":"Feature","id":"1977192086611833931700000000","properties":{"id":"1977192086611833931700000000","pnu":"1221013000100370002","year":1977,"purpose":"제1종 근린생활시설","floors":4,"structure":"철근콘크리트구조"},"geometry":{"type":"MultiPolygon","coordinates":[[[[126.913927,35.149748],[126.913983,35.149707],[126.914028,35.1497],[126.914073,35.14974],[126.914148,35.149684],[126.914136,35.149629],[126.913902,35.149533],[126.91387,35.149577],[126.913844,35.149566],[126.913785,35.149645],[126.913927,35.149748]]]]}},{"type":"Feature","id":"1977192091851837394700000000","properties":{"id":"1977192091851837394700000000","pnu":"1221010200101860000","year":1977,"purpose":"제2종 근린생활시설","far":204.34,"floors":3,"structure":"벽돌구조"},"geometry":{"type":"MultiPolygon","coordinates":[[[[126.914001,35.152845],[126.914114,35.152763],[126.914031,35.152687],[126.913928,35.152771],[126.914001,35.152845]]]]}},{"type":"Feature","id":"1977192104951840595800000000","properties":{"id":"1977192104951840595800000000","pnu":"1221010100103160009","year":1977,"purpose":"제2종 근린생활시설","far":320.36,"floors":4,"structure":"철근콘크리트구조"},"geometry":{"type":"MultiPolygon","coordinates":[[[[126.914145,35.155753],[126.914248,35.155676],[126.914254,35.15568],[126.914286,35.15565],[126.914172,35.155555],[126.914161,35.155557],[126.914037,35.155653],[126.914145,35.155753]]]]}},{"type":"Feature","id":"1977192112811835002800000000","properties":{"id":"1977192112811835002800000000","pnu":"1221013400100810001","year":1977,"purpose":"기타"},"geometry":{"type":"MultiPolygon","coordinates":[[[[126.914106,35.150613],[126.91424,35.150728],[126.914285,35.150692],[126.914395,35.150608],[126.914293,35.150513],[126.914254,35.150503],[126.914106,35.150613]]]]}},{"type":"Feature","id":"1977192116321840783000000000","properties":{"id":"1977192116321840783000000000","pnu":"1221010100103160024","year":1977,"purpose":"숙박시설","far":191.01,"floors":3,"structure":"철근콘크리트구조"},"geometry":{"type":"MultiPolygon","coordinates":[[[[126.914285,35.155857],[126.914329,35.155825],[126.914283,35.155786],[126.914241,35.155814],[126.914285,35.155857]]]]}},{"type":"Feature","id":"1977192117221840696700000000","properties":{"id":"1977192117221840696700000000","pnu":"1221010100103160010","year":1977,"purpose":"숙박시설","far":217.18,"floors":4,"structure":"철근콘크리트구조"},"geometry":{"type":"MultiPolygon","coordinates":[[[[126.91442,35.155747],[126.914303,35.155661],[126.914162,35.155764],[126.914221,35.155809],[126.914283,35.155766],[126.91434,35.155811],[126.91442,35.155747]]]]}},{"type":"Feature","id":"1977192133171840806500000000","properties":{"id":"1977192133171840806500000000","pnu":"1221010100103160021","year":1977,"purpose":"숙박시설"},"geometry":{"type":"MultiPolygon","coordinates":[[[[126.914481,35.155897],[126.914535,35.155858],[126.914453,35.155787],[126.914406,35.155824],[126.914481,35.155897]]]]}},{"type":"Feature","id":"1977192139661835460900000000","properties":{"id":"1977192139661835460900000000","pnu":"1221013400100090002","year":1977,"purpose":"기타","floors":7,"structure":"철근콘크리트구조"},"geometry":{"type":"MultiPolygon","coordinates":[[[[126.914566,35.151144],[126.914682,35.15106],[126.91453,35.150904],[126.914408,35.150989],[126.914566,35.151144]]]]}},{"type":"Feature","id":"1977192146271839985000000000","properties":{"id":"1977192146271839985000000000","pnu":"1221010100103220024","year":1977,"purpose":"숙박시설","far":206.9,"floors":3,"structure":"철근콘크리트구조"},"geometry":{"type":"MultiPolygon","coordinates":[[[[126.914659,35.155174],[126.914699,35.155141],[126.914576,35.155031],[126.914528,35.155064],[126.914659,35.155174]]]]}},{"type":"Feature","id":"1977192147911840220300000000","properties":{"id":"1977192147911840220300000000","pnu":"1221010100103220006","year":1977,"purpose":"숙박시설","far":171.73,"floors":3,"structure":"벽돌구조"},"geometry":{"type":"MultiPolygon","coordinates":[[[[126.914666,35.155387],[126.914714,35.155349],[126.9146,35.155243],[126.914548,35.155275],[126.914666,35.155387]]]]}},{"type":"Feature","id":"1977192209771839215100000000","properties":{"id":"1977192209771839215100000000","pnu":"1221010100103240010","year":1977,"purpose":"제1종 근린생활시설","far":228.92,"floors":4,"structure":"철근콘크리트구조"},"geometry":{"type":"MultiPolygon","coordinates":[[[[126.915198,35.154424],[126.915262,35.154495],[126.915399,35.154412],[126.915408,35.154361],[126.915371,35.154319],[126.915198,35.154424]]]]}},{"type":"Feature","id":"1977192233981836984200000000","properties":{"id":"1977192233981836984200000000","pnu":"1221010100101160000","year":1977,"purpose":"제1종 근린생활시설","far":244.25,"floors":4,"structure":"철근콘크리트구조"},"geometry":{"type":"MultiPolygon","coordinates":[[[[126.915612,35.152452],[126.915642,35.152415],[126.915549,35.152345],[126.915514,35.152376],[126.915612,35.152452]]]]}},{"type":"Feature","id":"1977192264321839268600000000","properties":{"id":"1977192264321839268600000000","pnu":"1221010100103110005","year":1977,"purpose":"제1종 근린생활시설"},"geometry":{"type":"MultiPolygon","coordinates":[[[[126.915766,35.154472],[126.915808,35.154507],[126.91581,35.154505],[126.915837,35.154529],[126.915835,35.154531],[126.915863,35.154555],[126.915865,35.154554],[126.915886,35.154572],[126.916011,35.154475],[126.916006,35.154471],[126.916043,35.154442],[126.916027,35.154428],[126.916038,35.154418],[126.915954,35.154345],[126.915906,35.154383],[126.915893,35.154372],[126.915766,35.154472]]]]}},{"type":"Feature","id":"1977192286781837575500000000","properties":{"id":"1977192286781837575500000000","pnu":"1221010100100490004","year":1977,"purpose":"제2종 근린생활시설","floors":4,"structure":"철근콘크리트구조"},"geometry":{"type":"MultiPolygon","coordinates":[[[[126.916161,35.153001],[126.91624,35.15291],[126.916156,35.152863],[126.916077,35.152948],[126.916161,35.153001]]]]}},{"type":"Feature","id":"1977192304891839680300000000","properties":{"id":"1977192304891839680300000000","pnu":"1221010100103110001","year":1977,"purpose":"제2종 근린생활시설","floors":4,"structure":"철근콘크리트구조"},"geometry":{"type":"MultiPolygon","coordinates":[[[[126.916488,35.15481],[126.916403,35.15474],[126.916222,35.154862],[126.916255,35.154894],[126.916311,35.154904],[126.916488,35.15481]]]]}},{"type":"Feature","id":"1977192361831834061000000000","properties":{"id":"1977192361831834061000000000","pnu":"1221013300100030007","year":1977,"purpose":"공동주택","far":496.11584,"floors":10,"structure":"철근콘크리트구조"},"geometry":{"type":"MultiPolygon","coordinates":[[[[126.91672,35.149804],[126.916875,35.149958],[126.916976,35.14989],[126.916987,35.149901],[126.916967,35.149914],[126.916995,35.149942],[126.917072,35.149891],[126.91705,35.149869],[126.917018,35.14989],[126.917004,35.149877],[126.917158,35.149772],[126.917178,35.149792],[126.917213,35.149769],[126.91719,35.149746],[126.917241,35.149712],[126.917086,35.149557],[126.91672,35.149804]]]]}},{"type":"Feature","id":"1977192394401834248800000000","properties":{"id":"1977192394401834248800000000","pnu":"1221010600100560003","year":1977,"purpose":"숙박시설","floors":5,"structure":"철근콘크리트구조"},"geometry":{"type":"MultiPolygon","coordinates":[[[[126.91725,35.150001],[126.917364,35.150084],[126.917456,35.15],[126.917521,35.149942],[126.917327,35.14978],[126.917216,35.149871],[126.917226,35.149882],[126.917168,35.149936],[126.91725,35.150001]]]]}},{"type":"Feature","id":"1977192398751838835800000000","properties":{"id":"1977192398751838835800000000","pnu":"1221010100103090012","year":1977,"purpose":"단독주택"},"geometry":{"type":"MultiPolygon","coordinates":[[[[126.91738,35.154122],[126.917449,35.154057],[126.917396,35.154014],[126.917322,35.154077],[126.91738,35.154122]]]]}},{"type":"Feature","id":"1977192409541838770700000000","properties":{"id":"1977192409541838770700000000","pnu":"1221010100103090012","year":1977,"purpose":"단독주택"},"geometry":{"type":"MultiPolygon","coordinates":[[[[126.917508,35.15407],[126.91758,35.154014],[126.917501,35.153946],[126.91743,35.15401],[126.917508,35.15407]]]]}},{"type":"Feature","id":"1977192420031839336700000000","properties":{"id":"1977192420031839336700000000","pnu":"1221010100103070041","year":1977,"purpose":"단독주택","floors":2,"structure":"철근콘크리트구조"},"geometry":{"type":"MultiPolygon","coordinates":[[[[126.917627,35.154555],[126.917658,35.154526],[126.917613,35.154485],[126.917579,35.15451],[126.917627,35.154555]]]]}},{"type":"Feature","id":"1977192439371838626800000000","properties":{"id":"1977192439371838626800000000","pnu":"1221010100103080005","year":1977,"purpose":"단독주택","floors":2,"structure":"벽돌구조"},"geometry":{"type":"MultiPolygon","coordinates":[[[[126.917813,35.153954],[126.917931,35.153866],[126.917904,35.153822],[126.91781,35.153829],[126.917729,35.153891],[126.917813,35.153954]]]]}},{"type":"Feature","id":"1977192461541840685000000000","properties":{"id":"1977192461541840685000000000","pnu":"1221010900104620000","year":1977,"purpose":"단독주택","floors":2,"structure":"벽돌구조"},"geometry":{"type":"MultiPolygon","coordinates":[[[[126.918057,35.155784],[126.918126,35.155725],[126.918079,35.155686],[126.918047,35.155716],[126.918054,35.155724],[126.918025,35.155754],[126.918057,35.155784]]]]}},{"type":"Feature","id":"1977192514801839459300000000","properties":{"id":"1977192514801839459300000000","pnu":"1221010900103140000","year":1977,"purpose":"숙박시설","floors":2,"structure":"벽돌구조"},"geometry":{"type":"MultiPolygon","coordinates":[[[[126.918753,35.154615],[126.918675,35.154553],[126.918565,35.154646],[126.918643,35.154709],[126.918753,35.154615]]]]}},{"type":"Feature","id":"1978191797051836903000000000","properties":{"id":"1978191797051836903000000000","pnu":"1221010300100130005","year":1978,"purpose":"제2종 근린생활시설"},"geometry":{"type":"MultiPolygon","coordinates":[[[[126.910783,35.152377],[126.910857,35.15232],[126.910785,35.152263],[126.910713,35.152326],[126.910783,35.152377]]]]}},{"type":"Feature","id":"1978191826931832517400000000","properties":{"id":"1978191826931832517400000000","pnu":"1221011500100150002","year":1978,"purpose":"제1종 근린생활시설","floors":4,"structure":"철근콘크리트구조"},"geometry":{"type":"MultiPolygon","coordinates":[[[[126.911209,35.148366],[126.911084,35.148307],[126.911021,35.148378],[126.911063,35.148404],[126.911082,35.148385],[126.911169,35.148428],[126.911209,35.148366]]]]}},{"type":"Feature","id":"1978191832911839282200000000","properties":{"id":"1978191832911839282200000000","pnu":"1221010200100010021","year":1978,"purpose":"단독주택","far":1.6579,"floors":3,"structure":"벽돌구조"},"geometry":{"type":"MultiPolygon","coordinates":[[[[126.911205,35.15453],[126.911252,35.154491],[126.91114,35.154401],[126.9111,35.154435],[126.911205,35.15453]]]]}},{"type":"Feature","id":"1978191835291837889900000000","properties":{"id":"1978191835291837889900000000","pnu":"1221010200100320009","year":1978,"purpose":"기타","floors":8,"structure":"철근콘크리트구조"},"geometry":{"type":"MultiPolygon","coordinates":[[[[126.911018,35.153261],[126.911111,35.153348],[126.911384,35.153161],[126.911303,35.153071],[126.911018,35.153261]]]]}},{"type":"Feature","id":"1978191893511834385600000000","properties":{"id":"1978191893511834385600000000","pnu":"1221010300100740000","year":1978,"purpose":"단독주택","floors":2,"structure":"벽돌구조"},"geometry":{"type":"MultiPolygon","coordinates":[[[[126.911837,35.150001],[126.911792,35.150081],[126.911852,35.15011],[126.911899,35.15002],[126.911848,35.150001],[126.911839,35.149997],[126.911837,35.150001]]]]}},{"type":"Feature","id":"1978191931721837097600000000","properties":{"id":"1978191931721837097600000000","pnu":"1221010200100990007","year":1978,"purpose":"제2종 근린생활시설","far":338.63,"floors":5,"structure":"철근콘크리트구조"},"geometry":{"type":"MultiPolygon","coordinates":[[[[126.912288,35.152587],[126.912333,35.152534],[126.912346,35.152496],[126.912343,35.152481],[126.912266,35.152415],[126.912152,35.152485],[126.912288,35.152587]]]]}},{"type":"Feature","id":"1978191937921837757200000000","properties":{"id":"1978191937921837757200000000","pnu":"1221010200100730000","purpose":"단독주택","floors":1,"structure":"일반목구조"},"geometry":{"type":"MultiPolygon","coordinates":[[[[126.912289,35.153155],[126.912403,35.153062],[126.912372,35.15303],[126.912257,35.15312],[126.912289,35.153155]]]]}},{"type":"Feature","id":"1978191975691832188700000000","properties":{"id":"1978191975691832188700000000","pnu":"1221011500100340002","year":1978,"purpose":"제1종 근린생활시설","floors":4,"structure":"철근콘크리트구조"},"geometry":{"type":"MultiPolygon","coordinates":[[[[126.912774,35.148132],[126.912828,35.148085],[126.912725,35.148014],[126.912672,35.14806],[126.912774,35.148132]]]]}},{"type":"Feature","id":"1978191981401837598300000000","properties":{"id":"1978191981401837598300000000","pnu":"1221010200100780000","year":1978,"purpose":"제2종 근린생활시설","far":53.99,"floors":1,"structure":"일반목구조"},"geometry":{"type":"MultiPolygon","coordinates":[[[[126.912781,35.15302],[126.912895,35.152926],[126.912839,35.152878],[126.912726,35.152963],[126.912726,35.15298],[126.912781,35.15302]]]]}},{"type":"Feature","id":"1978191986951835541900000000","properties":{"id":"1978191986951835541900000000","pnu":"1221010300100350001","year":1978,"purpose":"제1종 근린생활시설","floors":3,"structure":"철근콘크리트구조"},"geometry":{"type":"MultiPolygon","coordinates":[[[[126.912937,35.151201],[126.913017,35.151127],[126.912796,35.150989],[126.912727,35.151065],[126.912937,35.151201]]]]}},{"type":"Feature","id":"1978191987771837659500000000","properties":{"id":"1978191987771837659500000000","pnu":"1221010200100780000","purpose":"기타","floors":1,"structure":"일반목구조"},"geometry":{"type":"MultiPolygon","coordinates":[[[[126.912846,35.153058],[126.912947,35.152986],[126.912909,35.15295],[126.912806,35.153024],[126.912846,35.153058]]]]}},{"type":"Feature","id":"1978192047261842345000000000","properties":{"id":"1978192047261842345000000000","pnu":"1221010900102390135","purpose":"기타"},"geometry":{"type":"MultiPolygon","coordinates":[[[[126.913531,35.157279],[126.913581,35.157251],[126.913518,35.157177],[126.913471,35.157204],[126.913531,35.157279]]]]}},{"type":"Feature","id":"1978192103221834177800000000","properties":{"id":"1978192103221834177800000000","pnu":"1221013000100100001","year":1978,"purpose":"제1종 근린생활시설","floors":3,"structure":"철근콘크리트구조"},"geometry":{"type":"MultiPolygon","coordinates":[[[[126.914147,35.149871],[126.914148,35.149871],[126.914149,35.149871],[126.91415,35.149871],[126.914151,35.14987],[126.914151,35.14987],[126.914152,35.149869],[126.914152,35.149868],[126.914153,35.149868],[126.914153,35.149867],[126.914153,35.149866],[126.914152,35.149865],[126.914152,35.149865],[126.914151,35.149864],[126.914151,35.149864],[126.91415,35.149863],[126.914149,35.149863],[126.914148,35.149863],[126.914147,35.149862],[126.914146,35.149863],[126.914145,35.149863],[126.914145,35.149863],[126.914144,35.149863],[126.914143,35.149864],[126.914142,35.149865],[126.914142,35.149865],[126.914142,35.149866],[126.914142,35.149867],[126.914142,35.149868],[126.914142,35.149868],[126.914142,35.149869],[126.914143,35.14987],[126.914144,35.14987],[126.914144,35.149871],[126.914145,35.149871],[126.914146,35.149871],[126.914147,35.149871]]]]}},{"type":"Feature","id":"1978192140491835743700000000","properties":{"id":"1978192140491835743700000000","pnu":"1221013400100090000","year":1978,"purpose":"기타","floors":4,"structure":"철근콘크리트구조"},"geometry":{"type":"MultiPolygon","coordinates":[[[[126.914531,35.151371],[126.914579,35.151336],[126.9146,35.151356],[126.914612,35.151347],[126.914622,35.151357],[126.914726,35.151286],[126.914651,35.151226],[126.914643,35.151233],[126.914605,35.151204],[126.914569,35.151235],[126.914525,35.151199],[126.914498,35.151222],[126.914463,35.151194],[126.914389,35.151257],[126.914531,35.151371]]]]}},{"type":"Feature","id":"1978192160441839872000000000","properties":{"id":"1978192160441839872000000000","pnu":"1221010100103220022","year":1978,"purpose":"숙박시설","floors":4,"structure":"철근콘크리트구조"},"geometry":{"type":"MultiPolygon","coordinates":[[[[126.91479,35.155079],[126.914861,35.155029],[126.914751,35.154921],[126.914678,35.154973],[126.91479,35.155079]]]]}},{"type":"Feature","id":"1978192310261838052200000000","properties":{"id":"1978192310261838052200000000","pnu":"1221010100103130017","year":1978,"purpose":"제1종 근린생활시설","floors":4,"structure":"철근콘크리트구조"},"geometry":{"type":"MultiPolygon","coordinates":[[[[126.916391,35.153413],[126.916482,35.153346],[126.916444,35.153309],[126.91635,35.153373],[126.916391,35.153413]]]]}},{"type":"Feature","id":"1978192325271832613600000000","properties":{"id":"1978192325271832613600000000","pnu":"1221012800100060002","year":1978,"purpose":"제2종 근린생활시설","floors":5,"structure":"철근콘크리트구조"},"geometry":{"type":"MultiPolygon","coordinates":[[[[126.916552,35.148542],[126.916687,35.148445],[126.916617,35.148378],[126.916486,35.14847],[126.916552,35.148542]]]]}},{"type":"Feature","id":"1978192366931834369900000000","properties":{"id":"1978192366931834369900000000","pnu":"1221010600100560002","purpose":"기타"},"geometry":{"type":"MultiPolygon","coordinates":[[[[126.916991,35.150047],[126.917035,35.150083],[126.917091,35.150038],[126.917047,35.150001],[126.916991,35.150047]]]]}},{"type":"Feature","id":"1978192377421834330700000000","properties":{"id":"1978192377421834330700000000","pnu":"1221010600100560002","year":1978,"purpose":"제2종 근린생활시설","far":217.76,"floors":3,"structure":"철근콘크리트구조"},"geometry":{"type":"MultiPolygon","coordinates":[[[[126.917054,35.150001],[126.917052,35.150002],[126.917115,35.150059],[126.917188,35.150077],[126.917261,35.150018],[126.91724,35.15],[126.91715,35.149923],[126.917054,35.150001]]]]}},{"type":"Feature","id":"1978192385451835892400000000","properties":{"id":"1978192385451835892400000000","pnu":"1221010600100070011","year":1978,"purpose":"제2종 근린생활시설","floors":4,"structure":"철근콘크리트구조"},"geometry":{"type":"MultiPolygon","coordinates":[[[[126.917245,35.151498],[126.917346,35.151409],[126.917238,35.151331],[126.917141,35.151421],[126.917245,35.151498]]]]}},{"type":"Feature","id":"1978192395301832180100000000","properties":{"id":"1978192395301832180100000000","pnu":"1221013200100350000","year":1978,"purpose":"공동주택","floors":10,"structure":"철근콘크리트구조"},"geometry":{"type":"MultiPolygon","coordinates":[[[[126.917108,35.148292],[126.917345,35.148111],[126.917394,35.148152],[126.91745,35.148102],[126.917404,35.14807],[126.917446,35.148031],[126.917582,35.148141],[126.91768,35.148053],[126.917441,35.147868],[126.917031,35.14819],[126.917087,35.148233],[126.917086,35.148277],[126.917108,35.148292]]]]}},{"type":"Feature","id":"1978192419851842656900000000","properties":{"id":"1978192419851842656900000000","pnu":"1221010900104880008","year":1978,"purpose":"단독주택","floors":2,"structure":"벽돌구조"},"geometry":{"type":"MultiPolygon","coordinates":[[[[126.917587,35.157574],[126.917691,35.157493],[126.917651,35.157458],[126.917626,35.157459],[126.917539,35.157531],[126.917587,35.157574]]]]}},{"type":"Feature","id":"1978192427151834836100000000","properties":{"id":"1978192427151834836100000000","pnu":"1221010600100620004","year":1978,"purpose":"단독주택","floors":2,"structure":"벽돌구조"},"geometry":{"type":"MultiPolygon","coordinates":[[[[126.917772,35.150459],[126.917719,35.150401],[126.917626,35.150468],[126.917683,35.150522],[126.917705,35.150501],[126.917717,35.15051],[126.917772,35.150459]]]]}},{"type":"Feature","id":"1978192427221836317300000000","properties":{"id":"1978192427221836317300000000","pnu":"1221010600100070005","year":1978,"purpose":"제1종 근린생활시설","far":333.16,"floors":4,"structure":"철근콘크리트구조"},"geometry":{"type":"MultiPolygon","coordinates":[[[[126.917672,35.151846],[126.917759,35.151776],[126.917728,35.15175],[126.917644,35.151821],[126.917672,35.151846]]]]}},{"type":"Feature","id":"1978192429571835382100000000","properties":{"id":"1978192429571835382100000000","pnu":"1221010600100060002","purpose":"기타","far":0.17,"structure":"벽돌구조"},"geometry":{"type":"MultiPolygon","coordinates":[[[[126.917749,35.151005],[126.917791,35.150964],[126.917706,35.150905],[126.917664,35.150946],[126.917749,35.151005]]]]}},{"type":"Feature","id":"1978192437471838298000000000","properties":{"id":"1978192437471838298000000000","pnu":"1221010100103080010","year":1978,"purpose":"제1종 근린생활시설","floors":2,"structure":"벽돌구조"},"geometry":{"type":"MultiPolygon","coordinates":[[[[126.91782,35.153636],[126.917873,35.153564],[126.917813,35.153532],[126.917786,35.153567],[126.917772,35.153562],[126.917747,35.153596],[126.91782,35.153636]]]]}},{"type":"Feature","id":"1978192441541838210700000000","properties":{"id":"1978192441541838210700000000","pnu":"1221010100103080010","purpose":"기타","structure":"벽돌구조"},"geometry":{"type":"MultiPolygon","coordinates":[[[[126.917883,35.153553],[126.91792,35.153516],[126.917828,35.153457],[126.917792,35.15349],[126.917883,35.153553]]]]}},{"type":"Feature","id":"1978192446821833772700000000","properties":{"id":"1978192446821833772700000000","pnu":"1221010600100500000","year":1978,"purpose":"기타","far":217.05,"floors":4,"structure":"철근콘크리트구조"},"geometry":{"type":"MultiPolygon","coordinates":[[[[126.918138,35.14945],[126.918094,35.149411],[126.918002,35.149474],[126.917873,35.149369],[126.917741,35.149483],[126.91782,35.149553],[126.917808,35.149573],[126.917868,35.149637],[126.917904,35.149644],[126.917993,35.149587],[126.917985,35.149577],[126.918138,35.14945]]]]}},{"type":"Feature","id":"1978192447991833177800000000","properties":{"id":"1978192447991833177800000000","pnu":"1221013200100100000","year":1978,"purpose":"제2종 근린생활시설"},"geometry":{"type":"MultiPolygon","coordinates":[[[[126.917968,35.149038],[126.918018,35.148983],[126.917889,35.148901],[126.917845,35.148945],[126.917968,35.149038]]]]}},{"type":"Feature","id":"1978192452521835109100000000","properties":{"id":"1978192452521835109100000000","pnu":"1221010600100060002","year":1978,"purpose":"기타"},"geometry":{"type":"MultiPolygon","coordinates":[[[[126.918076,35.150687],[126.91798,35.150626],[126.917888,35.150735],[126.91797,35.150793],[126.918076,35.150687]]]]}},{"type":"Feature","id":"1978192455351832239000000000","properties":{"id":"1978192455351832239000000000","pnu":"1221013100100190006","year":1978,"purpose":"제2종 근린생활시설","far":296.92,"floors":4,"structure":"철근콘크리트구조"},"geometry":{"type":"MultiPolygon","coordinates":[[[[126.917873,35.1481],[126.917955,35.14817],[126.918007,35.148199],[126.91803,35.148202],[126.918157,35.148119],[126.918077,35.148051],[126.918007,35.148107],[126.917927,35.148043],[126.917873,35.1481]]]]}},{"type":"Feature","id":"1978192456511833105800000000","properties":{"id":"1978192456511833105800000000","pnu":"1221013200100100000","purpose":"제2종 근린생활시설"},"geometry":{"type":"MultiPolygon","coordinates":[[[[126.918061,35.148948],[126.918086,35.14892],[126.917988,35.148859],[126.917966,35.148887],[126.918061,35.148948]]]]}},{"type":"Feature","id":"1978192458821835033400000000","properties":{"id":"1978192458821835033400000000","pnu":"1221010600100060002","purpose":"기타","far":0.0413879},"geometry":{"type":"MultiPolygon","coordinates":[[[[126.91811,35.150664],[126.918017,35.150592],[126.917988,35.150618],[126.91808,35.15069],[126.91811,35.150664]]]]}},{"type":"Feature","id":"1978192467441840621900000000","properties":{"id":"1978192467441840621900000000","pnu":"1221010900104620010","year":1978,"purpose":"단독주택","floors":2,"structure":"벽돌구조"},"geometry":{"type":"MultiPolygon","coordinates":[[[[126.918145,35.155724],[126.918197,35.155686],[126.918166,35.155657],[126.918161,35.155661],[126.918126,35.155634],[126.91808,35.155667],[126.918145,35.155724]]]]}},{"type":"Feature","id":"1978192509671833475100000000","properties":{"id":"1978192509671833475100000000","pnu":"1221010500100810001","year":1978,"purpose":"제2종 근린생활시설","far":74.481741,"floors":1,"structure":"벽돌구조"},"geometry":{"type":"MultiPolygon","coordinates":[[[[126.918701,35.149229],[126.918554,35.149175],[126.918516,35.14924],[126.918658,35.1493],[126.918701,35.149229]]]]}},{"type":"Feature","id":"1978192516181833682500000000","properties":{"id":"1978192516181833682500000000","pnu":"1221010600100400000","year":1978,"purpose":"제2종 근린생활시설","floors":2,"structure":"철근콘크리트구조"},"geometry":{"type":"MultiPolygon","coordinates":[[[[126.918857,35.149338],[126.918719,35.149276],[126.918511,35.149509],[126.918622,35.149578],[126.918857,35.149338]]]]}},{"type":"Feature","id":"1978192516631833406300000000","properties":{"id":"1978192516631833406300000000","pnu":"1221010500100810001","purpose":"기타"},"geometry":{"type":"MultiPolygon","coordinates":[[[[126.918725,35.149224],[126.918752,35.149183],[126.91865,35.149122],[126.91862,35.149174],[126.918725,35.149224]]]]}},{"type":"Feature","id":"1978192535241833853500000000","properties":{"id":"1978192535241833853500000000","pnu":"1221010600100400000","purpose":"기타","structure":"철근콘크리트구조"},"geometry":{"type":"MultiPolygon","coordinates":[[[[126.918879,35.149632],[126.918951,35.149565],[126.918893,35.149524],[126.918828,35.149593],[126.918879,35.149632]]]]}},{"type":"Feature","id":"1978192542511833752400000000","properties":{"id":"1978192542511833752400000000","pnu":"1221010600100400000","purpose":"기타","structure":"철근콘크리트구조"},"geometry":{"type":"MultiPolygon","coordinates":[[[[126.918968,35.149537],[126.91903,35.149478],[126.918967,35.149439],[126.918908,35.149492],[126.918968,35.149537]]]]}},{"type":"Feature","id":"1979191731631836210700000000","properties":{"id":"1979191731631836210700000000","pnu":"1221010300100950005","year":1979,"purpose":"기타","floors":3,"structure":"벽돌구조"},"geometry":{"type":"MultiPolygon","coordinates":[[[[126.910055,35.151762],[126.910155,35.151675],[126.910132,35.151655],[126.910109,35.151671],[126.910067,35.151639],[126.909987,35.151697],[126.910055,35.151762]]]]}},{"type":"Feature","id":"1979191741721835588900000000","properties":{"id":"1979191741721835588900000000","pnu":"1221010400100420014","year":1979,"purpose":"단독주택","far":138.43,"floors":3,"structure":"벽돌구조"},"geometry":{"type":"MultiPolygon","coordinates":[[[[126.910166,35.15119],[126.910244,35.151121],[126.91019,35.151083],[126.910114,35.15115],[126.910166,35.15119]]]]}},{"type":"Feature","id":"1979191748431835646000000000","properties":{"id":"1979191748431835646000000000","pnu":"1221010400100420010","year":1979,"purpose":"단독주택","floors":2,"structure":"벽돌구조"},"geometry":{"type":"MultiPolygon","coordinates":[[[[126.910258,35.151245],[126.910316,35.15117],[126.910252,35.151131],[126.910185,35.151201],[126.910258,35.151245]]]]}},{"type":"Feature","id":"1979191749251836383200000000","properties":{"id":"1979191749251836383200000000","pnu":"1221010300100930003","year":1979,"purpose":"단독주택","floors":2,"structure":"철근콘크리트구조"},"geometry":{"type":"MultiPolygon","coordinates":[[[[126.910255,35.151923],[126.910348,35.151841],[126.910257,35.151783],[126.910178,35.151861],[126.910255,35.151923]]]]}},{"type":"Feature","id":"1979191761631836974900000000","properties":{"id":"1979191761631836974900000000","pnu":"1221010300100110005","year":1979,"purpose":"제1종 근린생활시설","far":124.58,"floors":2,"structure":"철근콘크리트구조"},"geometry":{"type":"MultiPolygon","coordinates":[[[[126.910224,35.152426],[126.910304,35.152511],[126.91054,35.152375],[126.910511,35.152334],[126.910554,35.152296],[126.910523,35.15227],[126.910464,35.152271],[126.910224,35.152426]]]]}},{"type":"Feature","id":"1979191795091837162000000000","properties":{"id":"1979191795091837162000000000","pnu":"1221010200100590000","year":1979,"purpose":"제2종 근린생활시설","floors":4,"structure":"철근콘크리트구조"},"geometry":{"type":"MultiPolygon","coordinates":[[[[126.910833,35.15268],[126.91092,35.152612],[126.910713,35.15243],[126.910601,35.152513],[126.910663,35.152565],[126.910676,35.152555],[126.910833,35.15268]]]]}},{"type":"Feature","id":"1979191884621833929300000000","properties":{"id":"1979191884621833929300000000","pnu":"1221010400100570002","year":1979,"purpose":"제1종 근린생활시설","structure":"일반목구조"},"geometry":{"type":"MultiPolygon","coordinates":[[[[126.911788,35.149721],[126.911849,35.149659],[126.911713,35.149563],[126.911646,35.149622],[126.911788,35.149721]]]]}},{"type":"Feature","id":"1979191936361835773500000000","properties":{"id":"1979191936361835773500000000","pnu":"1221010300100250005","year":1979,"purpose":"제1종 근린생활시설"},"geometry":{"type":"MultiPolygon","coordinates":[[[[126.912253,35.151398],[126.912432,35.151259],[126.912377,35.151212],[126.912201,35.151342],[126.912253,35.151398]]]]}},{"type":"Feature","id":"1979191949911832277100000000","properties":{"id":"1979191949911832277100000000","pnu":"1221011500100340002","year":1979,"purpose":"단독주택","floors":2,"structure":"벽돌구조"},"geometry":{"type":"MultiPolygon","coordinates":[[[[126.912468,35.148199],[126.912526,35.14815],[126.912463,35.148106],[126.912408,35.148156],[126.912468,35.148199]]]]}},{"type":"Feature","id":"1979192058801832534400000000","properties":{"id":"1979192058801832534400000000","pnu":"1221011700100050007","year":1979,"purpose":"제1종 근린생활시설","far":331.87,"floors":5,"structure":"철근콘크리트구조"},"geometry":{"type":"MultiPolygon","coordinates":[[[[126.913616,35.148459],[126.91376,35.148387],[126.913708,35.148313],[126.913563,35.148382],[126.913616,35.148459]]]]}},{"type":"Feature","id":"1979192084341837182000000000","properties":{"id":"1979192084341837182000000000","pnu":"1221010200101830001","year":1979,"purpose":"기타","floors":8,"structure":"철근콘크리트구조"},"geometry":{"type":"MultiPolygon","coordinates":[[[[126.913856,35.152742],[126.914145,35.15252],[126.914016,35.152406],[126.913729,35.152632],[126.913856,35.152742]]]]}},{"type":"Feature","id":"1979192099221833685900000000","properties":{"id":"1979192099221833685900000000","pnu":"1221013000100250000","year":1979,"purpose":"제2종 근린생활시설","floors":4,"structure":"철근콘크리트구조"},"geometry":{"type":"MultiPolygon","coordinates":[[[[126.914124,35.149527],[126.914212,35.149407],[126.914095,35.149307],[126.913992,35.149461],[126.914124,35.149527]]]]}},{"type":"Feature","id":"1979192138451839361400000000","properties":{"id":"1979192138451839361400000000","pnu":"1221010100103240009","year":1979,"purpose":"제1종 근린생활시설","floors":1,"structure":"벽돌구조"},"geometry":{"type":"MultiPolygon","coordinates":[[[[126.914562,35.154493],[126.914466,35.154553],[126.914496,35.154586],[126.914592,35.154526],[126.914562,35.154493]]]]}},{"type":"Feature","id":"1979192270631834469900000000","properties":{"id":"1979192270631834469900000000","pnu":"1221013300100010011","year":1979,"purpose":"기타","far":440.6974,"floors":10,"structure":"철근콘크리트구조"},"geometry":{"type":"MultiPolygon","coordinates":[[[[126.915937,35.150001],[126.915829,35.150077],[126.915826,35.150074],[126.915671,35.150173],[126.915847,35.15035],[126.915901,35.150314],[126.915908,35.150321],[126.916053,35.150223],[126.91608,35.15025],[126.916296,35.150105],[126.91619,35.15],[126.916171,35.149983],[126.916162,35.149989],[126.916079,35.149905],[126.915937,35.150001]]]]}},{"type":"Feature","id":"1979192304311843166800000000","properties":{"id":"1979192304311843166800000000","pnu":"1221010900105880014","year":1979,"purpose":"단독주택","floors":2,"structure":"벽돌구조"},"geometry":{"type":"MultiPolygon","coordinates":[[[[126.916273,35.157985],[126.916316,35.158023],[126.916359,35.15799],[126.916371,35.158001],[126.916418,35.157965],[126.916363,35.157916],[126.916273,35.157985]]]]}},{"type":"Feature","id":"1979192372201842542200000000","properties":{"id":"1979192372201842542200000000","pnu":"1221010900104830001","year":1979,"purpose":"제1종 근린생활시설","floors":1,"structure":"철근콘크리트구조"},"geometry":{"type":"MultiPolygon","coordinates":[[[[126.917065,35.157464],[126.917165,35.157391],[126.91712,35.157354],[126.917017,35.157423],[126.917065,35.157464]]]]}},{"type":"Feature","id":"1979192380631842608800000000","properties":{"id":"1979192380631842608800000000","pnu":"1221010900104830014","year":1979,"purpose":"단독주택","floors":2,"structure":"벽돌구조"},"geometry":{"type":"MultiPolygon","coordinates":[[[[126.91715,35.15752],[126.917254,35.157461],[126.91722,35.157416],[126.917112,35.157476],[126.91715,35.15752]]]]}},{"type":"Feature","id":"1979192381271842540400000000","properties":{"id":"1979192381271842540400000000","pnu":"1221010900104830014","purpose":"기타","structure":"벽돌구조"},"geometry":{"type":"MultiPolygon","coordinates":[[[[126.917191,35.157411],[126.917192,35.157411],[126.917193,35.157411],[126.917194,35.157411],[126.917194,35.15741],[126.917195,35.15741],[126.917196,35.157409],[126.917196,35.157408],[126.917196,35.157408],[126.917196,35.157407],[126.917196,35.157406],[126.917196,35.157405],[126.917196,35.157405],[126.917195,35.157404],[126.917194,35.157403],[126.917194,35.157403],[126.917193,35.157403],[126.917192,35.157402],[126.917191,35.157402],[126.91719,35.157402],[126.917189,35.157403],[126.917188,35.157403],[126.917187,35.157403],[126.917187,35.157404],[126.917186,35.157405],[126.917186,35.157405],[126.917186,35.157406],[126.917185,35.157407],[126.917186,35.157408],[126.917186,35.157408],[126.917186,35.157409],[126.917187,35.15741],[126.917187,35.15741],[126.917188,35.157411],[126.917189,35.157411],[126.91719,35.157411],[126.917191,35.157411]]]]}},{"type":"Feature","id":"1979192481281834319300000000","properties":{"id":"1979192481281834319300000000","pnu":"1221010600100510026","year":1979,"purpose":"제1종 근린생활시설","far":314.79,"floors":5,"structure":"철근콘크리트구조"},"geometry":{"type":"MultiPolygon","coordinates":[[[[126.918248,35.15],[126.918247,35.150001],[126.918294,35.150037],[126.918339,35.15],[126.918346,35.149994],[126.918296,35.149957],[126.918248,35.15]]]]}},{"type":"Feature","id":"1979192483271834422600000000","properties":{"id":"1979192483271834422600000000","pnu":"1221010600100510018","year":1979,"purpose":"제2종 근린생활시설","floors":4,"structure":"철근콘크리트구조"},"geometry":{"type":"MultiPolygon","coordinates":[[[[126.918341,35.15],[126.918216,35.150124],[126.918287,35.150184],[126.918423,35.150056],[126.918343,35.15],[126.918342,35.15],[126.918341,35.15]]]]}},{"type":"Feature","id":"1979192516801838411900000000","properties":{"id":"1979192516801838411900000000","pnu":"1221010900103890006","year":1979,"purpose":"제1종 근린생활시설","floors":3,"structure":"철근콘크리트구조"},"geometry":{"type":"MultiPolygon","coordinates":[[[[126.918475,35.153773],[126.918649,35.153791],[126.918854,35.15361],[126.918792,35.153552],[126.918475,35.153773]]]]}},{"type":"Feature","id":"1979192540341839112000000000","properties":{"id":"1979192540341839112000000000","pnu":"1221010900103130003","year":1979,"purpose":"단독주택","floors":1,"structure":"벽돌구조"},"geometry":{"type":"MultiPolygon","coordinates":[[[[126.918934,35.154366],[126.918997,35.154314],[126.918947,35.154271],[126.918882,35.154318],[126.918934,35.154366]]]]}},{"type":"Feature","id":"1980191696511836184500000000","properties":{"id":"1980191696511836184500000000","pnu":"1221010400100050003","year":1980,"purpose":"제1종 근린생활시설","floors":3,"structure":"철근콘크리트구조"},"geometry":{"type":"MultiPolygon","coordinates":[[[[126.909661,35.151749],[126.909774,35.151659],[126.909703,35.151594],[126.909589,35.151688],[126.909661,35.151749]]]]}},{"type":"Feature","id":"1980191698811837527200000000","properties":{"id":"1980191698811837527200000000","pnu":"1221010300100070001","year":1980,"purpose":"제1종 근린생활시설","far":134.61,"floors":2,"structure":"철근콘크리트구조"},"geometry":{"type":"MultiPolygon","coordinates":[[[[126.909728,35.152981],[126.909772,35.152953],[126.909763,35.152943],[126.909812,35.152901],[126.909692,35.152787],[126.909594,35.152857],[126.909728,35.152981]]]]}},{"type":"Feature","id":"1980191706741836252900000000","properties":{"id":"1980191706741836252900000000","pnu":"1221010400100050002","year":1980,"purpose":"제2종 근린생활시설","far":223.64,"floors":4,"structure":"철근콘크리트구조"},"geometry":{"type":"MultiPolygon","coordinates":[[[[126.9098,35.151804],[126.909856,35.151751],[126.909866,35.151722],[126.909799,35.151666],[126.90971,35.151733],[126.9098,35.151804]]]]}},{"type":"Feature","id":"1980191709951837453700000000","properties":{"id":"1980191709951837453700000000","pnu":"1221010300100080002","year":1980,"purpose":"제1종 근린생활시설","floors":3,"structure":"철근콘크리트구조"},"geometry":{"type":"MultiPolygon","coordinates":[[[[126.909866,35.15291],[126.909931,35.152855],[126.909796,35.152725],[126.909723,35.152777],[126.909866,35.15291]]]]}},{"type":"Feature","id":"1980191765791835856100000000","properties":{"id":"1980191765791835856100000000","pnu":"1221010300100950010","year":1980,"purpose":"제1종 근린생활시설","floors":3,"structure":"철근콘크리트구조"},"geometry":{"type":"MultiPolygon","coordinates":[[[[126.910502,35.151464],[126.910554,35.151418],[126.910384,35.151291],[126.91033,35.151334],[126.910502,35.151464]]]]}},{"type":"Feature","id":"1980191788511835953900000000","properties":{"id":"1980191788511835953900000000","pnu":"1221010300100950015","year":1980,"purpose":"제2종 근린생활시설","floors":4,"structure":"철근콘크리트구조"},"geometry":{"type":"MultiPolygon","coordinates":[[[[126.910686,35.15153],[126.910771,35.151441],[126.910706,35.15141],[126.910679,35.151414],[126.910617,35.151485],[126.910686,35.15153]]]]}},{"type":"Feature","id":"1980191803971836635900000000","properties":{"id":"1980191803971836635900000000","pnu":"1221010300100140002","year":1980,"purpose":"제1종 근린생활시설","floors":4,"structure":"철근콘크리트구조"},"geometry":{"type":"MultiPolygon","coordinates":[[[[126.91086,35.152142],[126.910949,35.152088],[126.910918,35.152055],[126.910899,35.152068],[126.910844,35.152016],[126.910779,35.152065],[126.91086,35.152142]]]]}},{"type":"Feature","id":"1980191818391838185700000000","properties":{"id":"1980191818391838185700000000","pnu":"1221010200100370005","year":1980,"purpose":"숙박시설"},"geometry":{"type":"MultiPolygon","coordinates":[[[[126.911052,35.153577],[126.911123,35.153514],[126.910984,35.153381],[126.910909,35.153432],[126.911052,35.153577]]]]}},{"type":"Feature","id":"1980191858231836180500000000","properties":{"id":"1980191858231836180500000000","pnu":"1221010300100170002","year":1980,"purpose":"제1종 근린생활시설","floors":3,"structure":"철근콘크리트구조"},"geometry":{"type":"MultiPolygon","coordinates":[[[[126.911447,35.151738],[126.911539,35.151678],[126.911459,35.151601],[126.911378,35.151663],[126.911447,35.151738]]]]}},{"type":"Feature","id":"1980191869021836112700000000","properties":{"id":"1980191869021836112700000000","pnu":"1221010300100180000","year":1980,"purpose":"제2종 근린생활시설","structure":"철근콘크리트구조"},"geometry":{"type":"MultiPolygon","coordinates":[[[[126.911581,35.151694],[126.911677,35.151628],[126.911576,35.151525],[126.91147,35.151589],[126.911581,35.151694]]]]}},{"type":"Feature","id":"1980191902971833398000000000","properties":{"id":"1980191902971833398000000000","pnu":"1221011500100030000","year":1980,"purpose":"제2종 근린생활시설","floors":3,"structure":"철근콘크리트구조"},"geometry":{"type":"MultiPolygon","coordinates":[[[[126.911966,35.149239],[126.912044,35.149173],[126.911934,35.149088],[126.911857,35.149148],[126.911966,35.149239]]]]}},{"type":"Feature","id":"1980191934651838252400000000","properties":{"id":"1980191934651838252400000000","pnu":"1221010200100740009","year":1980,"purpose":"기타","far":289.07,"floors":5,"structure":"철근콘크리트구조"},"geometry":{"type":"MultiPolygon","coordinates":[[[[126.912286,35.15362],[126.912389,35.153536],[126.912297,35.153455],[126.912199,35.153543],[126.912286,35.15362]]]]}},{"type":"Feature","id":"1980191988811837160100000000","properties":{"id":"1980191988811837160100000000","pnu":"1221010200101010000","year":1980,"purpose":"제1종 근린생활시설","floors":3,"structure":"철근콘크리트구조"},"geometry":{"type":"MultiPolygon","coordinates":[[[[126.912933,35.152698],[126.913106,35.15259],[126.913023,35.152505],[126.912942,35.15256],[126.912885,35.152498],[126.912779,35.152433],[126.912758,35.152454],[126.912686,35.152411],[126.912651,35.152458],[126.912827,35.152581],[126.912933,35.152698]]]]}},{"type":"Feature","id":"1980192014331838276800000000","properties":{"id":"1980192014331838276800000000","pnu":"1221010100100270027","year":1980,"purpose":"제2종 근린생활시설","floors":3,"structure":"철근콘크리트구조"},"geometry":{"type":"MultiPolygon","coordinates":[[[[126.913127,35.153671],[126.913191,35.153627],[126.913171,35.153606],[126.913312,35.153502],[126.913248,35.153453],[126.913049,35.153575],[126.913052,35.15362],[126.913127,35.153671]]]]}},{"type":"Feature","id":"1980192057131840332600000000","properties":{"id":"1980192057131840332600000000","pnu":"1221010100103210019","year":1980,"purpose":"숙박시설","floors":3,"structure":"철근콘크리트구조"},"geometry":{"type":"MultiPolygon","coordinates":[[[[126.913619,35.15551],[126.91376,35.155424],[126.91365,35.155315],[126.913511,35.15541],[126.913619,35.15551]]]]}},{"type":"Feature","id":"1980192068231840237900000000","properties":{"id":"1980192068231840237900000000","pnu":"1221010100103210041","year":1980,"purpose":"제2종 근린생활시설","far":205.14,"floors":3,"structure":"철근콘크리트구조"},"geometry":{"type":"MultiPolygon","coordinates":[[[[126.913771,35.15542],[126.913861,35.155362],[126.913744,35.155238],[126.913654,35.155295],[126.913771,35.15542]]]]}},{"type":"Feature","id":"1980192079181832808600000000","properties":{"id":"1980192079181832808600000000","pnu":"1221011700100050000","year":1980,"purpose":"제1종 근린생활시설","floors":4,"structure":"철근콘크리트구조"},"geometry":{"type":"MultiPolygon","coordinates":[[[[126.913859,35.14872],[126.913987,35.148613],[126.913918,35.148546],[126.91378,35.148649],[126.913859,35.14872]]]]}},{"type":"Feature","id":"1980192080121839375600000000","properties":{"id":"1980192080121839375600000000","pnu":"1221010100100200031","year":1980,"purpose":"제1종 근린생활시설","floors":2,"structure":"벽돌구조"},"geometry":{"type":"MultiPolygon","coordinates":[[[[126.913881,35.154612],[126.913961,35.15456],[126.913894,35.154493],[126.913818,35.154541],[126.913881,35.154612]]]]}},{"type":"Feature","id":"1980192084261833641500000000","properties":{"id":"1980192084261833641500000000","pnu":"1221013000100250002","year":1980,"purpose":"제2종 근린생활시설","floors":3,"structure":"철근콘크리트구조"},"geometry":{"type":"MultiPolygon","coordinates":[[[[126.913977,35.149451],[126.914028,35.149367],[126.913969,35.149346],[126.913973,35.149338],[126.913908,35.149313],[126.913852,35.149405],[126.913977,35.149451]]]]}},{"type":"Feature","id":"1980192088531839312100000000","properties":{"id":"1980192088531839312100000000","pnu":"1221010100100200010","year":1980,"purpose":"제1종 근린생활시설","far":166.18,"floors":2,"structure":"벽돌구조"},"geometry":{"type":"MultiPolygon","coordinates":[[[[126.913965,35.15456],[126.91406,35.154501],[126.913993,35.154429],[126.913903,35.15449],[126.913965,35.15456]]]]}},{"type":"Feature","id":"1980192091331840074500000000","properties":{"id":"1980192091331840074500000000","pnu":"1221010100103240001","year":1980,"purpose":"제2종 근린생활시설","floors":5,"structure":"철근콘크리트구조"},"geometry":{"type":"MultiPolygon","coordinates":[[[[126.914104,35.155213],[126.914005,35.155108],[126.91392,35.155156],[126.914,35.155241],[126.914046,35.155243],[126.914104,35.155213]]]]}},{"type":"Feature","id":"1980192098911840005600000000","properties":{"id":"1980192098911840005600000000","pnu":"1221010100103240003","year":1980,"purpose":"제1종 근린생활시설","floors":1,"structure":"블록구조"},"geometry":{"type":"MultiPolygon","coordinates":[[[[126.914094,35.155124],[126.914095,35.155124],[126.914096,35.155124],[126.914097,35.155124],[126.914098,35.155123],[126.914099,35.155123],[126.914099,35.155122],[126.9141,35.155121],[126.9141,35.155121],[126.9141,35.15512],[126.9141,35.155119],[126.9141,35.155118],[126.914099,35.155118],[126.914099,35.155117],[126.914098,35.155116],[126.914097,35.155116],[126.914096,35.155116],[126.914095,35.155115],[126.914094,35.155115],[126.914093,35.155115],[126.914093,35.155116],[126.914092,35.155116],[126.914091,35.155116],[126.91409,35.155117],[126.91409,35.155118],[126.914089,35.155118],[126.914089,35.155119],[126.914089,35.15512],[126.914089,35.155121],[126.914089,35.155121],[126.91409,35.155122],[126.91409,35.155123],[126.914091,35.155123],[126.914092,35.155124],[126.914093,35.155124],[126.914093,35.155124],[126.914094,35.155124]]]]}},{"type":"Feature","id":"1980192105771839976700000000","properties":{"id":"1980192105771839976700000000","pnu":"1221010100103240004","year":1980,"purpose":"숙박시설","far":225.34,"floors":4,"structure":"철근콘크리트구조"},"geometry":{"type":"MultiPolygon","coordinates":[[[[126.914265,35.155116],[126.914167,35.155011],[126.914089,35.155065],[126.914087,35.155091],[126.914172,35.155174],[126.914265,35.155116]]]]}},{"type":"Feature","id":"1980192116261840222300000000","properties":{"id":"1980192116261840222300000000","pnu":"1221010100103220028","year":1980,"purpose":"숙박시설","far":212.76,"floors":3,"structure":"철근콘크리트구조"},"geometry":{"type":"MultiPolygon","coordinates":[[[[126.914309,35.155406],[126.914384,35.155349],[126.914263,35.155227],[126.914183,35.155278],[126.914309,35.155406]]]]}},{"type":"Feature","id":"1980192122401840851500000000","properties":{"id":"1980192122401840851500000000","pnu":"1221010100103160020","year":1980,"purpose":"숙박시설"},"geometry":{"type":"MultiPolygon","coordinates":[[[[126.914428,35.155889],[126.914372,35.155816],[126.914324,35.155841],[126.914333,35.155853],[126.914297,35.155871],[126.9143,35.155876],[126.914276,35.155889],[126.914319,35.155945],[126.914428,35.155889]]]]}},{"type":"Feature","id":"1980192122601835951800000000","properties":{"id":"1980192122601835951800000000","pnu":"1221010200101680000","year":1980,"purpose":"기타","floors":3,"structure":"철근콘크리트구조"},"geometry":{"type":"MultiPolygon","coordinates":[[[[126.914355,35.151584],[126.914486,35.151464],[126.914332,35.151348],[126.914283,35.151392],[126.91429,35.151405],[126.914264,35.151424],[126.914291,35.151455],[126.914251,35.151492],[126.914355,35.151584]]]]}},{"type":"Feature","id":"1980192135671840324700000000","properties":{"id":"1980192135671840324700000000","pnu":"1221010100103220003","year":1980,"purpose":"숙박시설","far":204.03,"floors":3,"structure":"철근콘크리트구조"},"geometry":{"type":"MultiPolygon","coordinates":[[[[126.914527,35.155483],[126.914581,35.155438],[126.914474,35.155335],[126.91441,35.155376],[126.914527,35.155483]]]]}},{"type":"Feature","id":"1980192154821835357300000000","properties":{"id":"1980192154821835357300000000","pnu":"1221013400100210012","year":1980,"purpose":"기타"},"geometry":{"type":"MultiPolygon","coordinates":[[[[126.91474,35.15107],[126.914857,35.150991],[126.914815,35.150939],[126.914829,35.150923],[126.914694,35.150792],[126.914555,35.150889],[126.91474,35.15107]]]]}},{"type":"Feature","id":"1980192156101833450400000000","properties":{"id":"1980192156101833450400000000","pnu":"1221012900100300000","year":1980,"purpose":"제2종 근린생활시설","far":296.37,"floors":4,"structure":"철근콘크리트구조"},"geometry":{"type":"MultiPolygon","coordinates":[[[[126.914716,35.149301],[126.914839,35.149205],[126.914747,35.149126],[126.914713,35.149154],[126.914699,35.149149],[126.914619,35.149214],[126.914716,35.149301]]]]}},{"type":"Feature","id":"1980192158181840125700000000","properties":{"id":"1980192158181840125700000000","pnu":"1221010100103220008","year":1980,"purpose":"숙박시설","floors":3,"structure":"철근콘크리트구조"},"geometry":{"type":"MultiPolygon","coordinates":[[[[126.914781,35.15529],[126.914818,35.155262],[126.914707,35.155168],[126.914671,35.155193],[126.914781,35.15529]]]]}},{"type":"Feature","id":"1980192167951839815100000000","properties":{"id":"1980192167951839815100000000","pnu":"1221010100103220021","year":1980,"purpose":"제2종 근린생활시설","far":255.4676,"floors":4,"structure":"철근콘크리트구조"},"geometry":{"type":"MultiPolygon","coordinates":[[[[126.914883,35.155021],[126.914934,35.154983],[126.914823,35.154877],[126.91477,35.154913],[126.914883,35.155021]]]]}},{"type":"Feature","id":"1980192227411837440700000000","properties":{"id":"1980192227411837440700000000","pnu":"1221010100100570000","year":1980,"purpose":"제1종 근린생활시설","floors":3,"structure":"철근콘크리트구조"},"geometry":{"type":"MultiPolygon","coordinates":[[[[126.91545,35.152894],[126.915596,35.152749],[126.91556,35.152727],[126.915419,35.152868],[126.91545,35.152894]]]]}},{"type":"Feature","id":"1980192235751839010400000000","properties":{"id":"1980192235751839010400000000","pnu":"1221010100103120001","year":1980,"purpose":"제2종 근린생활시설","far":425.42,"floors":5,"structure":"철근콘크리트구조"},"geometry":{"type":"MultiPolygon","coordinates":[[[[126.915497,35.154233],[126.915547,35.154276],[126.915596,35.15428],[126.915691,35.154223],[126.91563,35.154154],[126.915497,35.154233]]]]}},{"type":"Feature","id":"1980192284491837204700000000","properties":{"id":"1980192284491837204700000000","pnu":"1221010100101770000","year":1980,"purpose":"제2종 근린생활시설","floors":3,"structure":"철근콘크리트구조"},"geometry":{"type":"MultiPolygon","coordinates":[[[[126.916123,35.152682],[126.916227,35.152566],[126.916142,35.152515],[126.916042,35.152623],[126.916123,35.152682]]]]}},{"type":"Feature","id":"1980192298971832846400000000","properties":{"id":"1980192298971832846400000000","pnu":"1221012800100020005","year":1980,"purpose":"제2종 근린생활시설","far":277.78,"floors":4,"structure":"철근콘크리트구조"},"geometry":{"type":"MultiPolygon","coordinates":[[[[126.916259,35.148751],[126.916377,35.148653],[126.916369,35.148647],[126.916393,35.148627],[126.916405,35.148636],[126.916447,35.148601],[126.916432,35.148589],[126.916356,35.148639],[126.916307,35.148598],[126.916191,35.148695],[126.916259,35.148751]]]]}},{"type":"Feature","id":"1980192313671834357200000000","properties":{"id":"1980192313671834357200000000","pnu":"1221013300100020006","year":1980,"purpose":"숙박시설"},"geometry":{"type":"MultiPolygon","coordinates":[[[[126.916365,35.150001],[126.916347,35.150013],[126.916464,35.150118],[126.916566,35.150048],[126.916513,35.150001],[126.916448,35.149943],[126.916365,35.150001]]]]}},{"type":"Feature","id":"1980192352951840224000000000","properties":{"id":"1980192352951840224000000000","pnu":"1221010900104710031","year":1980,"purpose":"단독주택","floors":1,"structure":"일반목구조"},"geometry":{"type":"MultiPolygon","coordinates":[[[[126.916917,35.155372],[126.916955,35.155336],[126.916836,35.155265],[126.916812,35.155296],[126.916917,35.155372]]]]}},{"type":"Feature","id":"1980192361041838267600000000","properties":{"id":"1980192361041838267600000000","pnu":"1221010100103090007","year":1974,"purpose":"숙박시설","floors":3,"structure":"벽돌구조"},"geometry":{"type":"MultiPolygon","coordinates":[[[[126.916895,35.153569],[126.916937,35.153612],[126.917033,35.153544],[126.917045,35.153553],[126.91706,35.153539],[126.917034,35.153514],[126.91698,35.153515],[126.916895,35.153569]]]]}},{"type":"Feature","id":"1980192377261842785800000000","properties":{"id":"1980192377261842785800000000","pnu":"1221010900104890023","year":1980,"purpose":"단독주택"},"geometry":{"type":"MultiPolygon","coordinates":[[[[126.917172,35.157698],[126.91722,35.157661],[126.917195,35.157636],[126.917198,35.157628],[126.917166,35.1576],[126.917169,35.157592],[126.917127,35.15756],[126.91707,35.157605],[126.917172,35.157698]]]]}},{"type":"Feature","id":"1980192378561842703100000000","properties":{"id":"1980192378561842703100000000","pnu":"1221010900104890023","purpose":"기타"},"geometry":{"type":"MultiPolygon","coordinates":[[[[126.917161,35.157558],[126.917162,35.157558],[126.917163,35.157558],[126.917164,35.157557],[126.917165,35.157557],[126.917165,35.157556],[126.917166,35.157556],[126.917166,35.157555],[126.917166,35.157554],[126.917167,35.157553],[126.917166,35.157553],[126.917166,35.157552],[126.917166,35.157551],[126.917165,35.157551],[126.917165,35.15755],[126.917164,35.15755],[126.917163,35.157549],[126.917162,35.157549],[126.917161,35.157549],[126.91716,35.157549],[126.917159,35.157549],[126.917158,35.15755],[126.917158,35.15755],[126.917157,35.157551],[126.917156,35.157551],[126.917156,35.157552],[126.917156,35.157553],[126.917156,35.157553],[126.917156,35.157554],[126.917156,35.157555],[126.917156,35.157556],[126.917157,35.157556],[126.917158,35.157557],[126.917158,35.157557],[126.917159,35.157558],[126.91716,35.157558],[126.917161,35.157558]]]]}},{"type":"Feature","id":"1980192415171843048800000000","properties":{"id":"1980192415171843048800000000","pnu":"1221010900104880003","year":1980,"purpose":"단독주택","floors":2,"structure":"벽돌구조"},"geometry":{"type":"MultiPolygon","coordinates":[[[[126.917566,35.157922],[126.917626,35.157879],[126.917557,35.157809],[126.917499,35.157851],[126.917566,35.157922]]]]}},{"type":"Feature","id":"1980192420191843033200000000","properties":{"id":"1980192420191843033200000000","pnu":"1221010900104880003","purpose":"기타","structure":"벽돌구조"},"geometry":{"type":"MultiPolygon","coordinates":[[[[126.917618,35.157856],[126.917619,35.157856],[126.917619,35.157855],[126.91762,35.157855],[126.917621,35.157855],[126.917622,35.157854],[126.917622,35.157853],[126.917623,35.157853],[126.917623,35.157852],[126.917623,35.157851],[126.917623,35.15785],[126.917623,35.15785],[126.917622,35.157849],[126.917622,35.157848],[126.917621,35.157848],[126.91762,35.157847],[126.917619,35.157847],[126.917619,35.157847],[126.917618,35.157847],[126.917617,35.157847],[126.917616,35.157847],[126.917615,35.157847],[126.917614,35.157848],[126.917613,35.157848],[126.917613,35.157849],[126.917612,35.15785],[126.917612,35.15785],[126.917612,35.157851],[126.917612,35.157852],[126.917612,35.157853],[126.917613,35.157853],[126.917613,35.157854],[126.917614,35.157855],[126.917615,35.157855],[126.917616,35.157855],[126.917617,35.157856],[126.917618,35.157856]]]]}},{"type":"Feature","id":"1980192425681835073600000000","properties":{"id":"1980192425681835073600000000","pnu":"1221010600100620003","year":1980,"purpose":"제2종 근린생활시설","far":245.64,"floors":4,"structure":"철근콘크리트구조"},"geometry":{"type":"MultiPolygon","coordinates":[[[[126.917658,35.150781],[126.917803,35.150639],[126.917707,35.150575],[126.91757,35.150715],[126.917658,35.150781]]]]}},{"type":"Feature","id":"1980192428631834064800000000","properties":{"id":"1980192428631834064800000000","pnu":"1221010600100550000","purpose":"기타"},"geometry":{"type":"MultiPolygon","coordinates":[[[[126.917687,35.149778],[126.917697,35.149786],[126.917714,35.149772],[126.917727,35.149782],[126.917747,35.149766],[126.917724,35.149748],[126.917687,35.149778]]]]}},{"type":"Feature","id":"1980192428701838110100000000","properties":{"id":"1980192428701838110100000000","pnu":"1221010100103080019","year":1972,"purpose":"단독주택","floors":2,"structure":"벽돌구조"},"geometry":{"type":"MultiPolygon","coordinates":[[[[126.917757,35.153482],[126.917805,35.153437],[126.917669,35.153345],[126.917629,35.153392],[126.917757,35.153482]]]]}},{"type":"Feature","id":"1980192433081834027000000000","properties":{"id":"1980192433081834027000000000","pnu":"1221010600100550000","purpose":"기타"},"geometry":{"type":"MultiPolygon","coordinates":[[[[126.917734,35.149737],[126.917747,35.149753],[126.917755,35.149748],[126.917757,35.149751],[126.917783,35.149735],[126.917787,35.149739],[126.917803,35.14973],[126.917789,35.149715],[126.917772,35.149725],[126.917767,35.149718],[126.917734,35.149737]]]]}},{"type":"Feature","id":"1980192443621834381600000000","properties":{"id":"1980192443621834381600000000","pnu":"1221010600100540003","purpose":"제1종 근린생활시설","far":109.36,"floors":4,"structure":"철근콘크리트구조"},"geometry":{"type":"MultiPolygon","coordinates":[[[[126.917793,35.150001],[126.917772,35.150019],[126.917909,35.150137],[126.917995,35.150065],[126.917941,35.150019],[126.917918,35.15004],[126.917866,35.15],[126.917826,35.149971],[126.917793,35.150001]]]]}},{"type":"Feature","id":"1980192445671842987700000000","properties":{"id":"1980192445671842987700000000","pnu":"1221010900104880007","year":1980,"purpose":"단독주택","floors":2,"structure":"벽돌구조"},"geometry":{"type":"MultiPolygon","coordinates":[[[[126.917909,35.157852],[126.917946,35.157825],[126.917887,35.157769],[126.917849,35.157798],[126.917909,35.157852]]]]}},{"type":"Feature","id":"1980192456321834322900000000","properties":{"id":"1980192456321834322900000000","pnu":"1221010600100540003","purpose":"기타"},"geometry":{"type":"MultiPolygon","coordinates":[[[[126.917982,35.15],[126.917959,35.150019],[126.917994,35.150051],[126.918064,35.15],[126.918087,35.149983],[126.918044,35.149951],[126.917982,35.15]]]]}},{"type":"Feature","id":"1980192499611837581300000000","properties":{"id":"1980192499611837581300000000","pnu":"1221010100101980003","year":1980,"purpose":"제2종 근린생활시설","far":351.92,"floors":5,"structure":"철근콘크리트구조"},"geometry":{"type":"MultiPolygon","coordinates":[[[[126.918373,35.152917],[126.918399,35.152936],[126.918392,35.152942],[126.918506,35.153026],[126.918535,35.153026],[126.918547,35.153016],[126.918554,35.153021],[126.918619,35.152962],[126.918466,35.152833],[126.918373,35.152917]]]]}},{"type":"Feature","id":"1980192505681839064000000000","properties":{"id":"1980192505681839064000000000","pnu":"1221010900103900000","year":1980,"purpose":"단독주택","floors":2,"structure":"벽돌구조"},"geometry":{"type":"MultiPolygon","coordinates":[[[[126.918559,35.154322],[126.91861,35.154256],[126.918565,35.154226],[126.918507,35.15429],[126.918559,35.154322]]]]}},{"type":"Feature","id":"1980192506271833183500000000","properties":{"id":"1980192506271833183500000000","pnu":"1221010500100830000","year":1980,"purpose":"제2종 근린생활시설","far":173.01,"floors":3,"structure":"벽돌구조"},"geometry":{"type":"MultiPolygon","coordinates":[[[[126.91872,35.149002],[126.918532,35.148877],[126.918425,35.148986],[126.918506,35.149033],[126.918547,35.14899],[126.918669,35.149064],[126.91872,35.149002]]]]}},{"type":"Feature","id":"1980192508981834484600000000","properties":{"id":"1980192508981834484600000000","pnu":"1221010600100350001","year":1980,"purpose":"제2종 근린생활시설","far":290.49,"floors":5,"structure":"철근콘크리트구조"},"geometry":{"type":"MultiPolygon","coordinates":[[[[126.918655,35.150273],[126.918726,35.150199],[126.918647,35.150146],[126.918651,35.150135],[126.918635,35.150121],[126.918679,35.150077],[126.918589,35.150021],[126.918466,35.150138],[126.918655,35.150273]]]]}},{"type":"Feature","id":"1980192510771838990700000000","properties":{"id":"1980192510771838990700000000","pnu":"1221010900103900000","purpose":"기타","structure":"일반목구조"},"geometry":{"type":"MultiPolygon","coordinates":[[[[126.91866,35.15421],[126.918597,35.154175],[126.918573,35.154209],[126.918633,35.154241],[126.91866,35.15421]]]]}},{"type":"Feature","id":"1980192514881838939700000000","properties":{"id":"1980192514881838939700000000","pnu":"1221010900103900000","year":1980,"purpose":"단독주택","floors":2,"structure":"벽돌구조"},"geometry":{"type":"MultiPolygon","coordinates":[[[[126.918684,35.154205],[126.918717,35.154166],[126.918633,35.154121],[126.918605,35.154156],[126.918684,35.154205]]]]}},{"type":"Feature","id":"1980192522621833965600000000","properties":{"id":"1980192522621833965600000000","pnu":"1221010600100510004","year":1980,"purpose":"제2종 근린생활시설","far":236.45,"floors":4,"structure":"철근콘크리트구조"},"geometry":{"type":"MultiPolygon","coordinates":[[[[126.918749,35.149757],[126.91885,35.149656],[126.918806,35.149625],[126.918778,35.149624],[126.918758,35.149639],[126.918719,35.149618],[126.918654,35.149685],[126.918749,35.149757]]]]}},{"type":"Feature","id":"1980192531061837900900000000","properties":{"id":"1980192531061837900900000000","pnu":"1221010100101980002","year":1980,"purpose":"제1종 근린생활시설","far":345.38,"floors":5,"structure":"철근콘크리트구조"},"geometry":{"type":"MultiPolygon","coordinates":[[[[126.918823,35.153309],[126.918941,35.153241],[126.918937,35.15321],[126.918876,35.153167],[126.918872,35.153169],[126.918837,35.153142],[126.918731,35.153226],[126.918823,35.153309]]]]}},{"type":"Feature","id":"1981191669261835595300000000","properties":{"id":"1981191669261835595300000000","pnu":"1221010400100410003","year":1981,"purpose":"단독주택","floors":3,"structure":"철근콘크리트구조"},"geometry":{"type":"MultiPolygon","coordinates":[[[[126.9094,35.151222],[126.909485,35.151154],[126.909367,35.151062],[126.909281,35.151127],[126.9094,35.151222]]]]}},{"type":"Feature","id":"1981191684621835561200000000","properties":{"id":"1981191684621835561200000000","pnu":"1221010400100410005","year":1981,"purpose":"숙박시설"},"geometry":{"type":"MultiPolygon","coordinates":[[[[126.909598,35.151214],[126.909675,35.151156],[126.909502,35.151006],[126.909431,35.151065],[126.909598,35.151214]]]]}},{"type":"Feature","id":"1981191704071835945200000000","properties":{"id":"1981191704071835945200000000","pnu":"1221010400100420005","year":1981,"purpose":"제2종 근린생활시설"},"geometry":{"type":"MultiPolygon","coordinates":[[[[126.909771,35.15152],[126.909843,35.151459],[126.909757,35.151394],[126.909688,35.151452],[126.909771,35.15152]]]]}},{"type":"Feature","id":"1981191769371836586700000000","properties":{"id":"1981191769371836586700000000","pnu":"1221010300100920000","year":1981,"purpose":"기타","floors":4,"structure":"철근콘크리트구조"},"geometry":{"type":"MultiPolygon","coordinates":[[[[126.910595,35.152092],[126.910495,35.151991],[126.91054,35.151962],[126.910493,35.151918],[126.910363,35.15201],[126.910491,35.152134],[126.910534,35.152134],[126.910595,35.152092]]]]}},{"type":"Feature","id":"1981191795571832890100000000","properties":{"id":"1981191795571832890100000000","pnu":"1221010400101050005","year":1981,"purpose":"제1종 근린생활시설","floors":3,"structure":"철근콘크리트구조"},"geometry":{"type":"MultiPolygon","coordinates":[[[[126.910758,35.14878],[126.910856,35.148668],[126.910783,35.148629],[126.91069,35.14874],[126.910758,35.14878]]]]}},{"type":"Feature","id":"1981191805241832759700000000","properties":{"id":"1981191805241832759700000000","pnu":"1221010400101060004","year":1981,"purpose":"제1종 근린생활시설","far":229.52,"floors":4,"structure":"철근콘크리트구조"},"geometry":{"type":"MultiPolygon","coordinates":[[[[126.910869,35.148657],[126.910956,35.148558],[126.910891,35.148518],[126.910801,35.148608],[126.910869,35.148657]]]]}},{"type":"Feature","id":"1981191813671832840400000000","properties":{"id":"1981191813671832840400000000","pnu":"1221010400101060001","year":1981,"purpose":"제2종 근린생활시설","floors":4,"structure":"철근콘크리트구조"},"geometry":{"type":"MultiPolygon","coordinates":[[[[126.910975,35.148729],[126.911039,35.148664],[126.911025,35.148628],[126.910977,35.148583],[126.910892,35.148676],[126.910975,35.148729]]]]}},{"type":"Feature","id":"1981191842191834349200000000","properties":{"id":"1981191842191834349200000000","pnu":"1221010400100520002","year":1981,"purpose":"제2종 근린생활시설","floors":4,"structure":"철근콘크리트구조"},"geometry":{"type":"MultiPolygon","coordinates":[[[[126.911189,35.150001],[126.911174,35.150012],[126.911293,35.150107],[126.91139,35.150019],[126.911365,35.150001],[126.911273,35.149936],[126.911189,35.150001]]]]}},{"type":"Feature","id":"1981191853711836860200000000","properties":{"id":"1981191853711836860200000000","pnu":"1221010200100620011","year":1981,"purpose":"단독주택","floors":2,"structure":"벽돌구조"},"geometry":{"type":"MultiPolygon","coordinates":[[[[126.91139,35.152344],[126.91148,35.152273],[126.911418,35.15222],[126.911334,35.152297],[126.91139,35.152344]]]]}},{"type":"Feature","id":"1981191892681833863600000000","properties":{"id":"1981191892681833863600000000","pnu":"1221010400100570001","year":1981,"purpose":"제2종 근린생활시설","floors":5,"structure":"철근콘크리트구조"},"geometry":{"type":"MultiPolygon","coordinates":[[[[126.911752,35.149569],[126.911872,35.149648],[126.911922,35.149594],[126.911802,35.149517],[126.911752,35.149569]]]]}},{"type":"Feature","id":"1981191910071832229100000000","properties":{"id":"1981191910071832229100000000","pnu":"1221011500100310059","year":1981,"purpose":"숙박시설"},"geometry":{"type":"MultiPolygon","coordinates":[[[[126.912048,35.148192],[126.912093,35.148137],[126.91208,35.148127],[126.912116,35.148081],[126.912022,35.148025],[126.911936,35.148128],[126.912048,35.148192]]]]}},{"type":"Feature","id":"1981191936561834572200000000","properties":{"id":"1981191936561834572200000000","pnu":"1221010300100620012","year":1981,"purpose":"숙박시설","floors":3,"structure":"철근콘크리트구조"},"geometry":{"type":"MultiPolygon","coordinates":[[[[126.912347,35.150291],[126.912404,35.150215],[126.912288,35.150153],[126.91223,35.150222],[126.912347,35.150291]]]]}},{"type":"Feature","id":"1981191946651837241200000000","properties":{"id":"1981191946651837241200000000","pnu":"1221010200101050000","year":1981,"purpose":"제2종 근린생활시설","far":217.5847,"floors":5,"structure":"철근콘크리트구조"},"geometry":{"type":"MultiPolygon","coordinates":[[[[126.912441,35.152703],[126.91251,35.152639],[126.912415,35.152554],[126.91234,35.15261],[126.912441,35.152703]]]]}},{"type":"Feature","id":"1981191947301832109000000000","properties":{"id":"1981191947301832109000000000","pnu":"1221011500100320026","year":1981,"purpose":"제2종 근린생활시설","far":214.4,"floors":3,"structure":"철근콘크리트구조"},"geometry":{"type":"MultiPolygon","coordinates":[[[[126.912457,35.148071],[126.912521,35.148],[126.912414,35.14793],[126.912358,35.148003],[126.912457,35.148071]]]]}},{"type":"Feature","id":"1981192007761841281600000000","properties":{"id":"1981192007761841281600000000","pnu":"1221010100103200012","year":1981,"purpose":"기타","far":406.3473,"floors":6,"structure":"철근콘크리트구조"},"geometry":{"type":"MultiPolygon","coordinates":[[[[126.912963,35.156422],[126.913001,35.156424],[126.913237,35.156366],[126.913244,35.156193],[126.913227,35.156191],[126.913228,35.15616],[126.913175,35.156154],[126.913175,35.156137],[126.912965,35.156127],[126.912963,35.156422]]]]}},{"type":"Feature","id":"1981192016741840772200000000","properties":{"id":"1981192016741840772200000000","pnu":"1221010100103210006","year":1981,"purpose":"숙박시설"},"geometry":{"type":"MultiPolygon","coordinates":[[[[126.913143,35.155877],[126.913234,35.155878],[126.913238,35.155744],[126.913153,35.155738],[126.913143,35.155877]]]]}},{"type":"Feature","id":"1981192021771839199200000000","properties":{"id":"1981192021771839199200000000","pnu":"1221010100100220006","year":1981,"purpose":"제1종 근린생활시설","floors":2,"structure":"벽돌구조"},"geometry":{"type":"MultiPolygon","coordinates":[[[[126.91325,35.154439],[126.913304,35.154393],[126.913244,35.154345],[126.913194,35.154393],[126.91325,35.154439]]]]}},{"type":"Feature","id":"1981192031511841075500000000","properties":{"id":"1981192031511841075500000000","pnu":"1221010100103200024","year":1981,"purpose":"제1종 근린생활시설","floors":3,"structure":"철근콘크리트구조"},"geometry":{"type":"MultiPolygon","coordinates":[[[[126.913433,35.155954],[126.913348,35.155949],[126.913326,35.156062],[126.91323,35.156125],[126.913277,35.1562],[126.913445,35.156142],[126.91342,35.156077],[126.913433,35.155954]]]]}},{"type":"Feature","id":"1981192031561842305400000000","properties":{"id":"1981192031561842305400000000","pnu":"1221010900102390136","year":1970,"purpose":"단독주택"},"geometry":{"type":"MultiPolygon","coordinates":[[[[126.913287,35.157298],[126.913422,35.157228],[126.913418,35.157222],[126.91347,35.157176],[126.913403,35.15709],[126.913318,35.157143],[126.913245,35.157177],[126.913287,35.157298]]]]}},{"type":"Feature","id":"1981192037161842459700000000","properties":{"id":"1981192037161842459700000000","pnu":"1221010900102390055","year":1971,"purpose":"단독주택"},"geometry":{"type":"MultiPolygon","coordinates":[[[[126.91338,35.157397],[126.91354,35.157359],[126.91352,35.15731],[126.913505,35.157314],[126.913474,35.157255],[126.913294,35.157307],[126.913322,35.157384],[126.91338,35.157397]]]]}},{"type":"Feature","id":"1981192044111840460200000000","properties":{"id":"1981192044111840460200000000","pnu":"1221010100103210042","year":1981,"purpose":"숙박시설","floors":3,"structure":"철근콘크리트구조"},"geometry":{"type":"MultiPolygon","coordinates":[[[[126.913575,35.155592],[126.913607,35.155523],[126.913513,35.155458],[126.913404,35.155465],[126.913402,35.155589],[126.913575,35.155592]]]]}},{"type":"Feature","id":"1981192044241832406000000000","properties":{"id":"1981192044241832406000000000","pnu":"1221011700100050011","year":1981,"purpose":"제1종 근린생활시설","floors":4,"structure":"철근콘크리트구조"},"geometry":{"type":"MultiPolygon","coordinates":[[[[126.913502,35.148274],[126.913503,35.148274],[126.913504,35.148274],[126.913504,35.148273],[126.913505,35.148273],[126.913506,35.148272],[126.913506,35.148272],[126.913507,35.148271],[126.913507,35.14827],[126.913507,35.148269],[126.913507,35.148269],[126.913507,35.148268],[126.913506,35.148267],[126.913506,35.148267],[126.913505,35.148266],[126.913504,35.148266],[126.913504,35.148265],[126.913503,35.148265],[126.913502,35.148265],[126.913501,35.148265],[126.9135,35.148265],[126.913499,35.148266],[126.913498,35.148266],[126.913497,35.148267],[126.913497,35.148267],[126.913497,35.148268],[126.913496,35.148269],[126.913496,35.148269],[126.913496,35.14827],[126.913497,35.148271],[126.913497,35.148272],[126.913497,35.148272],[126.913498,35.148273],[126.913499,35.148273],[126.9135,35.148274],[126.913501,35.148274],[126.913502,35.148274]]]]}},{"type":"Feature","id":"1981192047631841420800000000","properties":{"id":"1981192047631841420800000000","pnu":"1221010100103200006","year":1981,"purpose":"기타","far":252.33,"floors":4,"structure":"철근콘크리트구조"},"geometry":{"type":"MultiPolygon","coordinates":[[[[126.913525,35.156476],[126.913569,35.156463],[126.913559,35.156333],[126.913534,35.156327],[126.913476,35.156346],[126.913525,35.156476]]]]}},{"type":"Feature","id":"1981192059961839535500000000","properties":{"id":"1981192059961839535500000000","pnu":"1221010100100200014","purpose":"제1종 근린생활시설","floors":2,"structure":"일반목구조"},"geometry":{"type":"MultiPolygon","coordinates":[[[[126.913665,35.154747],[126.913755,35.154683],[126.913698,35.154632],[126.913572,35.154717],[126.913586,35.154731],[126.913665,35.154747]]]]}},{"type":"Feature","id":"1981192078651833514800000000","properties":{"id":"1981192078651833514800000000","pnu":"1221013000100260000","year":1981,"purpose":"제2종 근린생활시설","far":365.62,"floors":5,"structure":"철근콘크리트구조"},"geometry":{"type":"MultiPolygon","coordinates":[[[[126.913717,35.14936],[126.913829,35.149407],[126.913934,35.149279],[126.913985,35.149307],[126.914065,35.149278],[126.914069,35.149274],[126.913878,35.149118],[126.913873,35.149123],[126.913814,35.149214],[126.913844,35.14923],[126.913829,35.149248],[126.9138,35.149235],[126.913717,35.14936]]]]}},{"type":"Feature","id":"1981192108341840287300000000","properties":{"id":"1981192108341840287300000000","pnu":"1221010100103220029","year":1981,"purpose":"제2종 근린생활시설","floors":1,"structure":"벽돌구조"},"geometry":{"type":"MultiPolygon","coordinates":[[[[126.91424,35.155461],[126.914304,35.155422],[126.914154,35.155283],[126.914106,35.155317],[126.914116,35.155355],[126.91424,35.155461]]]]}},{"type":"Feature","id":"1981192135541839727200000000","properties":{"id":"1981192135541839727200000000","pnu":"1221010100103240024","year":1981,"purpose":"제2종 근린생활시설","far":322.37,"floors":5,"structure":"철근콘크리트구조"},"geometry":{"type":"MultiPolygon","coordinates":[[[[126.914499,35.154946],[126.914586,35.154884],[126.914496,35.154793],[126.914406,35.154853],[126.914499,35.154946]]]]}},{"type":"Feature","id":"1981192209041832152500000000","properties":{"id":"1981192209041832152500000000","pnu":"1221012900100410001","year":1981,"purpose":"제2종 근린생활시설","far":292.1172,"floors":5,"structure":"철근콘크리트구조"},"geometry":{"type":"MultiPolygon","coordinates":[[[[126.915209,35.148049],[126.915299,35.14812],[126.91541,35.148035],[126.915339,35.147973],[126.915312,35.147972],[126.915209,35.148049]]]]}},{"type":"Feature","id":"1981192226201834907700000000","properties":{"id":"1981192226201834907700000000","pnu":"1221013400100210000","year":1981,"purpose":"기타","floors":4,"structure":"철근콘크리트구조"},"geometry":{"type":"MultiPolygon","coordinates":[[[[126.915621,35.15054],[126.915468,35.150435],[126.915373,35.150517],[126.915461,35.150581],[126.915473,35.150571],[126.915531,35.150615],[126.915621,35.15054]]]]}},{"type":"Feature","id":"1981192270211832921200000000","properties":{"id":"1981192270211832921200000000","pnu":"1221012900100130001","year":1981,"purpose":"제2종 근린생활시설","floors":2,"structure":"벽돌구조"},"geometry":{"type":"MultiPolygon","coordinates":[[[[126.915908,35.148777],[126.91594,35.148801],[126.916055,35.148687],[126.916032,35.148669],[126.915908,35.148777]]]]}},{"type":"Feature","id":"1981192274481839340700000000","properties":{"id":"1981192274481839340700000000","pnu":"1221010100103110004","year":1981,"purpose":"제2종 근린생활시설","far":318.55,"floors":4,"structure":"철근콘크리트구조"},"geometry":{"type":"MultiPolygon","coordinates":[[[[126.916022,35.154526],[126.916023,35.154526],[126.916024,35.154526],[126.916025,35.154526],[126.916025,35.154525],[126.916026,35.154525],[126.916027,35.154524],[126.916027,35.154523],[126.916027,35.154523],[126.916027,35.154522],[126.916027,35.154521],[126.916027,35.15452],[126.916027,35.15452],[126.916026,35.154519],[126.916025,35.154518],[126.916025,35.154518],[126.916024,35.154518],[126.916023,35.154517],[126.916022,35.154517],[126.916021,35.154517],[126.91602,35.154518],[126.916019,35.154518],[126.916018,35.154518],[126.916018,35.154519],[126.916017,35.15452],[126.916017,35.15452],[126.916016,35.154521],[126.916016,35.154522],[126.916016,35.154523],[126.916017,35.154523],[126.916017,35.154524],[126.916018,35.154525],[126.916018,35.154525],[126.916019,35.154526],[126.91602,35.154526],[126.916021,35.154526],[126.916022,35.154526]]]]}},{"type":"Feature","id":"1981192283531839091500000000","properties":{"id":"1981192283531839091500000000","pnu":"1221010100103110008","year":1981,"purpose":"단독주택","far":142.63,"floors":2,"structure":"철근콘크리트구조"},"geometry":{"type":"MultiPolygon","coordinates":[[[[126.916012,35.154346],[126.916064,35.154392],[126.916223,35.154267],[126.916147,35.154201],[126.916098,35.154238],[126.916129,35.154265],[126.916046,35.15433],[126.916039,35.154324],[126.916012,35.154346]]]]}},{"type":"Feature","id":"1981192286931835576500000000","properties":{"id":"1981192286931835576500000000","pnu":"1221013400100530000","year":1981,"purpose":"기타","far":127.2,"floors":4,"structure":"철근콘크리트구조"},"geometry":{"type":"MultiPolygon","coordinates":[[[[126.915949,35.151241],[126.916019,35.151297],[126.916061,35.151262],[126.916064,35.151263],[126.91612,35.151215],[126.916123,35.151218],[126.916166,35.15118],[126.916236,35.151236],[126.916363,35.151126],[126.916246,35.151031],[126.916241,35.151036],[126.916233,35.15103],[126.916237,35.151025],[126.916137,35.150945],[126.916091,35.150999],[126.9161,35.151005],[126.916068,35.151032],[126.916133,35.151085],[126.915949,35.151241]]]]}},{"type":"Feature","id":"1981192298301837302300000000","properties":{"id":"1981192298301837302300000000","pnu":"1221010100101790000","year":1981,"purpose":"기타"},"geometry":{"type":"MultiPolygon","coordinates":[[[[126.916297,35.152792],[126.916428,35.152677],[126.916389,35.152648],[126.916379,35.152653],[126.916269,35.15258],[126.916145,35.152683],[126.916297,35.152792]]]]}},{"type":"Feature","id":"1981192304071835682600000000","properties":{"id":"1981192304071835682600000000","pnu":"1221013400100560002","year":1981,"purpose":"제2종 근린생활시설","floors":4,"structure":"철근콘크리트구조"},"geometry":{"type":"MultiPolygon","coordinates":[[[[126.916328,35.151298],[126.916441,35.151211],[126.916372,35.15115],[126.916258,35.15124],[126.916328,35.151298]]]]}},{"type":"Feature","id":"1981192327221840028100000000","properties":{"id":"1981192327221840028100000000","pnu":"1221010900104700032","year":1981,"purpose":"제1종 근린생활시설","structure":"철근콘크리트구조"},"geometry":{"type":"MultiPolygon","coordinates":[[[[126.916669,35.155138],[126.916597,35.155084],[126.916531,35.155141],[126.916603,35.155203],[126.916669,35.155138]]]]}},{"type":"Feature","id":"1981192340451837334600000000","properties":{"id":"1981192340451837334600000000","pnu":"1221010100101800005","year":1981,"purpose":"제1종 근린생활시설","floors":5,"structure":"철근콘크리트구조"},"geometry":{"type":"MultiPolygon","coordinates":[[[[126.916761,35.152814],[126.916883,35.152733],[126.916792,35.152664],[126.916785,35.152667],[126.91671,35.152618],[126.916619,35.152685],[126.916761,35.152814]]]]}},{"type":"Feature","id":"1981192403081833765400000000","properties":{"id":"1981192403081833765400000000","pnu":"1221013200100020003","year":1981,"purpose":"제2종 근린생활시설","floors":3,"structure":"철근콘크리트구조"},"geometry":{"type":"MultiPolygon","coordinates":[[[[126.917483,35.149582],[126.917534,35.149537],[126.917394,35.149414],[126.917342,35.149457],[126.917483,35.149582]]]]}},{"type":"Feature","id":"1981192477121833106800000000","properties":{"id":"1981192477121833106800000000","pnu":"1221013200100120001","year":1981,"purpose":"제2종 근린생활시설"},"geometry":{"type":"MultiPolygon","coordinates":[[[[126.918247,35.148971],[126.91836,35.148905],[126.918329,35.148879],[126.9182,35.148846],[126.918171,35.148874],[126.91817,35.148914],[126.918247,35.148971]]]]}},{"type":"Feature","id":"1981192499461843184900000000","properties":{"id":"1981192499461843184900000000","pnu":"1221010900102910009","year":1981,"purpose":"단독주택","far":120.72,"floors":2,"structure":"벽돌구조"},"geometry":{"type":"MultiPolygon","coordinates":[[[[126.91857,35.157992],[126.918525,35.157949],[126.918518,35.157954],[126.918488,35.157925],[126.918406,35.157982],[126.918481,35.158054],[126.91857,35.157992]]]]}},{"type":"Feature","id":"1981192507991841679400000000","properties":{"id":"1981192507991841679400000000","pnu":"1221010900104650032","year":1981,"purpose":"단독주택","floors":1,"structure":"벽돌구조"},"geometry":{"type":"MultiPolygon","coordinates":[[[[126.918566,35.1567],[126.91861,35.156669],[126.918639,35.156694],[126.918683,35.156652],[126.9186,35.156585],[126.918614,35.156567],[126.918586,35.156549],[126.918485,35.156628],[126.918566,35.1567]]]]}},{"type":"Feature","id":"1981192511601834062800000000","properties":{"id":"1981192511601834062800000000","pnu":"1221010600100520002","year":1981,"purpose":"기타","floors":3,"structure":"철근콘크리트구조"},"geometry":{"type":"MultiPolygon","coordinates":[[[[126.918642,35.149848],[126.918724,35.14978],[126.918606,35.149682],[126.918537,35.149752],[126.918596,35.149796],[126.918585,35.149809],[126.918642,35.149848]]]]}},{"type":"Feature","id":"1981192540621834116400000000","properties":{"id":"1981192540621834116400000000","pnu":"1221010600100370004","year":1981,"purpose":"제2종 근린생활시설","floors":3,"structure":"철근콘크리트구조"},"geometry":{"type":"MultiPolygon","coordinates":[[[[126.918962,35.149925],[126.91907,35.149801],[126.918943,35.149708],[126.918819,35.149822],[126.918962,35.149925]]]]}},{"type":"Feature","id":"1981192544511833033200000000","properties":{"id":"1981192544511833033200000000","pnu":"1221010500100760002","year":1981,"purpose":"제2종 근린생활시설"},"geometry":{"type":"MultiPolygon","coordinates":[[[[126.918894,35.148857],[126.918974,35.148916],[126.919097,35.148805],[126.919059,35.148777],[126.919031,35.148802],[126.918988,35.148771],[126.918894,35.148857]]]]}},{"type":"Feature","id":"1982191645421835974300000000","properties":{"id":"1982191645421835974300000000","pnu":"1221010400100080001","year":1982,"purpose":"단독주택","floors":3,"structure":"철근콘크리트구조"},"geometry":{"type":"MultiPolygon","coordinates":[[[[126.909169,35.151572],[126.909235,35.151517],[126.909075,35.151394],[126.909007,35.151445],[126.909169,35.151572]]]]}},{"type":"Feature","id":"1982191709821835833700000000","properties":{"id":"1982191709821835833700000000","pnu":"1221010400100420006","year":1982,"purpose":"단독주택","floors":3,"structure":"벽돌구조"},"geometry":{"type":"MultiPolygon","coordinates":[[[[126.909833,35.151414],[126.909899,35.151368],[126.909849,35.151328],[126.909855,35.151315],[126.909829,35.151297],[126.909758,35.151348],[126.909833,35.151414]]]]}},{"type":"Feature","id":"1982191719021835932100000000","properties":{"id":"1982191719021835932100000000","pnu":"1221010400100420004","year":1982,"purpose":"단독주택","floors":2,"structure":"벽돌구조"},"geometry":{"type":"MultiPolygon","coordinates":[[[[126.90994,35.151506],[126.909999,35.151456],[126.909951,35.151415],[126.909952,35.151406],[126.909921,35.151385],[126.909859,35.151435],[126.90994,35.151506]]]]}},{"type":"Feature","id":"1982191719481835859400000000","properties":{"id":"1982191719481835859400000000","pnu":"1221010400100420004","purpose":"기타","structure":"벽돌구조"},"geometry":{"type":"MultiPolygon","coordinates":[[[[126.909934,35.151384],[126.909935,35.151384],[126.909936,35.151384],[126.909937,35.151383],[126.909938,35.151383],[126.909939,35.151382],[126.909939,35.151382],[126.909939,35.151381],[126.90994,35.15138],[126.90994,35.15138],[126.90994,35.151379],[126.909939,35.151378],[126.909939,35.151377],[126.909939,35.151377],[126.909938,35.151376],[126.909937,35.151376],[126.909936,35.151375],[126.909935,35.151375],[126.909934,35.151375],[126.909933,35.151375],[126.909932,35.151375],[126.909932,35.151376],[126.909931,35.151376],[126.90993,35.151377],[126.90993,35.151377],[126.909929,35.151378],[126.909929,35.151379],[126.909929,35.15138],[126.909929,35.15138],[126.909929,35.151381],[126.90993,35.151382],[126.90993,35.151382],[126.909931,35.151383],[126.909932,35.151383],[126.909932,35.151384],[126.909933,35.151384],[126.909934,35.151384]]]]}},{"type":"Feature","id":"1982191725511835915800000000","properties":{"id":"1982191725511835915800000000","pnu":"1221010400100420004","purpose":"기타","structure":"벽돌구조"},"geometry":{"type":"MultiPolygon","coordinates":[[[[126.91,35.151435],[126.910001,35.151435],[126.910002,35.151435],[126.910003,35.151434],[126.910004,35.151434],[126.910005,35.151433],[126.910005,35.151433],[126.910006,35.151432],[126.910006,35.151431],[126.910006,35.15143],[126.910006,35.15143],[126.910006,35.151429],[126.910005,35.151428],[126.910005,35.151428],[126.910004,35.151427],[126.910003,35.151427],[126.910002,35.151426],[126.910001,35.151426],[126.91,35.151426],[126.909999,35.151426],[126.909999,35.151426],[126.909998,35.151427],[126.909997,35.151427],[126.909996,35.151428],[126.909996,35.151428],[126.909995,35.151429],[126.909995,35.15143],[126.909995,35.15143],[126.909995,35.151431],[126.909995,35.151432],[126.909996,35.151433],[126.909996,35.151433],[126.909997,35.151434],[126.909998,35.151434],[126.909999,35.151435],[126.909999,35.151435],[126.91,35.151435]]]]}},{"type":"Feature","id":"1982191757381833994700000000","properties":{"id":"1982191757381833994700000000","pnu":"1221010400100810000","year":1982,"purpose":"제2종 근린생활시설","far":269.98,"floors":4,"structure":"철근콘크리트구조"},"geometry":{"type":"MultiPolygon","coordinates":[[[[126.91044,35.149705],[126.910324,35.149631],[126.91027,35.149696],[126.910369,35.149765],[126.91044,35.149705]]]]}},{"type":"Feature","id":"1982191804701835618500000000","properties":{"id":"1982191804701835618500000000","pnu":"1221010300100800000","year":1982,"purpose":"제2종 근린생활시설"},"geometry":{"type":"MultiPolygon","coordinates":[[[[126.91087,35.151339],[126.911078,35.151149],[126.910843,35.15099],[126.910676,35.151163],[126.910728,35.1512],[126.910719,35.151213],[126.910815,35.151288],[126.910805,35.1513],[126.91087,35.151339]]]]}},{"type":"Feature","id":"1982191836301834117700000000","properties":{"id":"1982191836301834117700000000","pnu":"1221010400100730011","year":1982,"purpose":"제2종 근린생활시설","far":246.78,"floors":4,"structure":"철근콘크리트구조"},"geometry":{"type":"MultiPolygon","coordinates":[[[[126.91121,35.14988],[126.911303,35.149799],[126.911225,35.149742],[126.911134,35.149821],[126.91121,35.14988]]]]}},{"type":"Feature","id":"1982191848561832631100000000","properties":{"id":"1982191848561832631100000000","pnu":"1221011500100120000","year":1982,"purpose":"제2종 근린생활시설","far":265.61,"floors":4,"structure":"철근콘크리트구조"},"geometry":{"type":"MultiPolygon","coordinates":[[[[126.911257,35.148489],[126.91139,35.148547],[126.911451,35.148452],[126.911318,35.148395],[126.911257,35.148489]]]]}},{"type":"Feature","id":"1982191921381835708000000000","properties":{"id":"1982191921381835708000000000","pnu":"1221010300100250007","year":1982,"purpose":"제2종 근린생활시설","floors":3,"structure":"철근콘크리트구조"},"geometry":{"type":"MultiPolygon","coordinates":[[[[126.912174,35.151326],[126.912248,35.151269],[126.912129,35.151163],[126.912062,35.151211],[126.912071,35.151242],[126.912174,35.151326]]]]}},{"type":"Feature","id":"1982191930951837412500000000","properties":{"id":"1982191930951837412500000000","pnu":"1221010200100690005","year":1982,"purpose":"숙박시설","floors":4,"structure":"철근콘크리트구조"},"geometry":{"type":"MultiPolygon","coordinates":[[[[126.91223,35.152867],[126.912357,35.152766],[126.912276,35.152697],[126.912151,35.152793],[126.91223,35.152867]]]]}},{"type":"Feature","id":"1982191953421832921200000000","properties":{"id":"1982191953421832921200000000","pnu":"1221011500100370001","year":1982,"purpose":"제2종 근린생활시설","floors":3,"structure":"철근콘크리트구조"},"geometry":{"type":"MultiPolygon","coordinates":[[[[126.912631,35.148715],[126.912549,35.148652],[126.912475,35.148698],[126.912467,35.148694],[126.912463,35.1487],[126.912439,35.148685],[126.912373,35.148757],[126.912448,35.148793],[126.912522,35.148802],[126.912631,35.148715]]]]}},{"type":"Feature","id":"1982191992261832650000000000","properties":{"id":"1982191992261832650000000000","pnu":"1221011500100350006","year":1982,"purpose":"단독주택"},"geometry":{"type":"MultiPolygon","coordinates":[[[[126.91291,35.148542],[126.912998,35.14848],[126.912952,35.148436],[126.912863,35.148498],[126.91291,35.148542]]]]}},{"type":"Feature","id":"1982192007281834930800000000","properties":{"id":"1982192007281834930800000000","pnu":"1221010300100460004","year":1982,"purpose":"단독주택"},"geometry":{"type":"MultiPolygon","coordinates":[[[[126.913064,35.150619],[126.913182,35.150518],[126.91313,35.150471],[126.913003,35.150568],[126.913064,35.150619]]]]}},{"type":"Feature","id":"1982192014001841866600000000","properties":{"id":"1982192014001841866600000000","pnu":"1221010100103200001","year":1982,"purpose":"기타","far":342.54,"floors":5,"structure":"철근콘크리트구조"},"geometry":{"type":"MultiPolygon","coordinates":[[[[126.913256,35.156798],[126.913164,35.156716],[126.913085,35.15677],[126.913126,35.156884],[126.913143,35.156876],[126.913256,35.156798]]]]}},{"type":"Feature","id":"1982192014021834990700000000","properties":{"id":"1982192014021834990700000000","pnu":"1221010300100460004","year":1982,"purpose":"제1종 근린생활시설"},"geometry":{"type":"MultiPolygon","coordinates":[[[[126.913133,35.150666],[126.913247,35.150564],[126.913208,35.150529],[126.913086,35.150634],[126.913133,35.150666]]]]}},{"type":"Feature","id":"1982192019161833742900000000","properties":{"id":"1982192019161833742900000000","pnu":"1221013000100340000","year":1982,"purpose":"제2종 근린생활시설"},"geometry":{"type":"MultiPolygon","coordinates":[[[[126.913439,35.149366],[126.913316,35.149311],[126.913221,35.14945],[126.913054,35.149387],[126.912989,35.149508],[126.913281,35.14963],[126.913439,35.149366]]]]}},{"type":"Feature","id":"1982192032231839223300000000","properties":{"id":"1982192032231839223300000000","pnu":"1221010100100220000","year":1982,"purpose":"제2종 근린생활시설","floors":5,"structure":"철근콘크리트구조"},"geometry":{"type":"MultiPolygon","coordinates":[[[[126.913352,35.154488],[126.913442,35.15438],[126.913377,35.154346],[126.913286,35.154434],[126.913352,35.154488]]]]}},{"type":"Feature","id":"1982192039601834725400000000","properties":{"id":"1982192039601834725400000000","pnu":"1221013000100030003","year":1982,"purpose":"제2종 근린생활시설","far":362.12,"floors":6,"structure":"철근콘크리트구조"},"geometry":{"type":"MultiPolygon","coordinates":[[[[126.913452,35.150461],[126.913579,35.150356],[126.913457,35.150258],[126.91333,35.150349],[126.913337,35.150386],[126.913452,35.150461]]]]}},{"type":"Feature","id":"1982192059131838153300000000","properties":{"id":"1982192059131838153300000000","pnu":"1221010100100270000","year":1982,"purpose":"기타","far":414.32,"floors":5,"structure":"철근콘크리트구조"},"geometry":{"type":"MultiPolygon","coordinates":[[[[126.913607,35.153715],[126.91366,35.15368],[126.913653,35.153672],[126.913994,35.153408],[126.913953,35.153361],[126.913965,35.153343],[126.913849,35.153229],[126.913696,35.153323],[126.913617,35.153244],[126.913314,35.153451],[126.913607,35.153715]]]]}},{"type":"Feature","id":"1982192088031837883200000000","properties":{"id":"1982192088031837883200000000","pnu":"1221010100100250010","year":1982,"purpose":"제2종 근린생활시설","far":314.52,"floors":4,"structure":"철근콘크리트구조"},"geometry":{"type":"MultiPolygon","coordinates":[[[[126.913995,35.153142],[126.913906,35.153211],[126.913916,35.153237],[126.913957,35.153272],[126.914056,35.153195],[126.913995,35.153142]]]]}},{"type":"Feature","id":"1982192089661840511100000000","properties":{"id":"1982192089661840511100000000","pnu":"1221010100103160008","purpose":"기타","structure":"벽돌구조"},"geometry":{"type":"MultiPolygon","coordinates":[[[[126.914083,35.155602],[126.913958,35.155501],[126.913902,35.155549],[126.914026,35.155649],[126.914083,35.155602]]]]}},{"type":"Feature","id":"1982192096421840436500000000","properties":{"id":"1982192096421840436500000000","pnu":"1221010100103160008","year":1982,"purpose":"제1종 근린생활시설","far":68.16,"floors":1,"structure":"벽돌구조"},"geometry":{"type":"MultiPolygon","coordinates":[[[[126.914076,35.155585],[126.914159,35.155522],[126.914054,35.155431],[126.913976,35.155494],[126.914076,35.155585]]]]}},{"type":"Feature","id":"1982192118701832984600000000","properties":{"id":"1982192118701832984600000000","pnu":"1221012900100330003","year":1982,"purpose":"제1종 근린생활시설","far":297.28,"floors":5,"structure":"철근콘크리트구조"},"geometry":{"type":"MultiPolygon","coordinates":[[[[126.914283,35.148874],[126.914419,35.148763],[126.91435,35.14871],[126.914219,35.148819],[126.914283,35.148874]]]]}},{"type":"Feature","id":"1982192131931832878500000000","properties":{"id":"1982192131931832878500000000","pnu":"1221012900100330001","year":1982,"purpose":"제2종 근린생활시설","far":236.9,"floors":5,"structure":"철근콘크리트구조"},"geometry":{"type":"MultiPolygon","coordinates":[[[[126.914516,35.148746],[126.914495,35.14862],[126.914473,35.148617],[126.914392,35.148698],[126.914462,35.148769],[126.914516,35.148746]]]]}},{"type":"Feature","id":"1982192215031836114300000000","properties":{"id":"1982192215031836114300000000","pnu":"1221013400100410004","purpose":"숙박시설","floors":1,"structure":"일반목구조"},"geometry":{"type":"MultiPolygon","coordinates":[[[[126.915402,35.151678],[126.915434,35.15164],[126.915443,35.151616],[126.915391,35.151578],[126.915394,35.151566],[126.915357,35.151547],[126.915293,35.151615],[126.915402,35.151678]]]]}},{"type":"Feature","id":"1982192270161838478200000000","properties":{"id":"1982192270161838478200000000","pnu":"1221010100103120015","year":1982,"purpose":"기타","far":363.71,"floors":5,"structure":"철근콘크리트구조"},"geometry":{"type":"MultiPolygon","coordinates":[[[[126.915816,35.153705],[126.915954,35.153856],[126.916129,35.153748],[126.916037,35.153647],[126.915932,35.153712],[126.915906,35.153683],[126.915888,35.153663],[126.915886,35.153661],[126.915816,35.153705]]]]}},{"type":"Feature","id":"1982192287271834870900000000","properties":{"id":"1982192287271834870900000000","pnu":"1221013300100010001","year":1982,"purpose":"기타","far":591.2,"floors":7,"structure":"철근콘크리트구조"},"geometry":{"type":"MultiPolygon","coordinates":[[[[126.916037,35.150522],[126.916147,35.150597],[126.916296,35.150466],[126.916186,35.150389],[126.916037,35.150522]]]]}},{"type":"Feature","id":"1982192290431836036300000000","properties":{"id":"1982192290431836036300000000","pnu":"1221010100101330001","year":1982,"purpose":"제1종 근린생활시설","floors":3,"structure":"철근콘크리트구조"},"geometry":{"type":"MultiPolygon","coordinates":[[[[126.916067,35.151567],[126.916153,35.151644],[126.916331,35.151515],[126.916256,35.151444],[126.916067,35.151567]]]]}},{"type":"Feature","id":"1982192293891838832400000000","properties":{"id":"1982192293891838832400000000","pnu":"1221010100103100005","year":1982,"purpose":"제1종 근린생활시설","floors":1,"structure":"벽돌구조"},"geometry":{"type":"MultiPolygon","coordinates":[[[[126.91621,35.154163],[126.916365,35.154061],[126.916262,35.153962],[126.916128,35.15405],[126.916127,35.1541],[126.91621,35.154163]]]]}},{"type":"Feature","id":"1982192305741840474400000000","properties":{"id":"1982192305741840474400000000","pnu":"1221010900104710018","year":1982,"purpose":"제1종 근린생활시설"},"geometry":{"type":"MultiPolygon","coordinates":[[[[126.916391,35.155599],[126.916427,35.155565],[126.916372,35.155524],[126.916379,35.155514],[126.916347,35.155489],[126.916301,35.155527],[126.916391,35.155599]]]]}},{"type":"Feature","id":"1982192321041838784300000000","properties":{"id":"1982192321041838784300000000","pnu":"1221010100103100008","year":1982,"purpose":"제2종 근린생활시설","floors":1,"structure":"블록구조"},"geometry":{"type":"MultiPolygon","coordinates":[[[[126.916467,35.154099],[126.916627,35.153964],[126.916599,35.153943],[126.91644,35.154077],[126.916467,35.154099]]]]}},{"type":"Feature","id":"1982192360591832521400000000","properties":{"id":"1982192360591832521400000000","pnu":"1221013200100320014","year":1982,"purpose":"제1종 근린생활시설","floors":1,"structure":"벽돌구조"},"geometry":{"type":"MultiPolygon","coordinates":[[[[126.916973,35.14838],[126.916974,35.14838],[126.916975,35.14838],[126.916976,35.14838],[126.916977,35.148379],[126.916978,35.148379],[126.916978,35.148378],[126.916978,35.148377],[126.916979,35.148377],[126.916979,35.148376],[126.916979,35.148375],[126.916978,35.148374],[126.916978,35.148374],[126.916978,35.148373],[126.916977,35.148372],[126.916976,35.148372],[126.916975,35.148372],[126.916974,35.148371],[126.916973,35.148371],[126.916972,35.148371],[126.916971,35.148372],[126.916971,35.148372],[126.91697,35.148372],[126.916969,35.148373],[126.916969,35.148374],[126.916968,35.148374],[126.916968,35.148375],[126.916968,35.148376],[126.916968,35.148377],[126.916968,35.148377],[126.916969,35.148378],[126.916969,35.148379],[126.91697,35.148379],[126.916971,35.14838],[126.916971,35.14838],[126.916972,35.14838],[126.916973,35.14838]]]]}},{"type":"Feature","id":"1982192382611832683400000000","properties":{"id":"1982192382611832683400000000","pnu":"1221013200100220002","year":1982,"purpose":"기타","far":786.64,"floors":15,"structure":"철근콘크리트구조"},"geometry":{"type":"MultiPolygon","coordinates":[[[[126.916988,35.148431],[126.917046,35.148491],[126.917101,35.148494],[126.91711,35.148488],[126.91717,35.14855],[126.917164,35.148555],[126.917166,35.148595],[126.917184,35.148612],[126.91714,35.148639],[126.917167,35.148666],[126.917174,35.148665],[126.917181,35.148665],[126.917186,35.148666],[126.917189,35.148667],[126.917195,35.14867],[126.917198,35.148672],[126.917213,35.148687],[126.917217,35.148685],[126.917221,35.148684],[126.917224,35.148684],[126.91723,35.148683],[126.917237,35.148684],[126.917243,35.148685],[126.917387,35.148591],[126.917303,35.148505],[126.91739,35.148449],[126.917347,35.148405],[126.917259,35.148461],[126.917239,35.14844],[126.917215,35.148456],[126.917133,35.148372],[126.917053,35.148424],[126.917032,35.148402],[126.916988,35.148431]]]]}},{"type":"Feature","id":"1982192402091836042700000000","properties":{"id":"1982192402091836042700000000","pnu":"1221010600100070009","year":1982,"purpose":"제2종 근린생활시설","floors":5,"structure":"철근콘크리트구조"},"geometry":{"type":"MultiPolygon","coordinates":[[[[126.9174,35.151632],[126.917529,35.151535],[126.917452,35.15147],[126.917322,35.151562],[126.9174,35.151632]]]]}},{"type":"Feature","id":"1982192413321836151700000000","properties":{"id":"1982192413321836151700000000","pnu":"1221010600100070007","year":1982,"purpose":"제2종 근린생활시설"},"geometry":{"type":"MultiPolygon","coordinates":[[[[126.917548,35.151751],[126.917671,35.151648],[126.917546,35.151549],[126.917428,35.151643],[126.917548,35.151751]]]]}},{"type":"Feature","id":"1982192423101836256200000000","properties":{"id":"1982192423101836256200000000","pnu":"1221010600100070006","year":1982,"purpose":"제2종 근린생활시설","floors":5,"structure":"철근콘크리트구조"},"geometry":{"type":"MultiPolygon","coordinates":[[[[126.917627,35.151813],[126.917739,35.151723],[126.917684,35.15167],[126.917572,35.151767],[126.917627,35.151813]]]]}},{"type":"Feature","id":"1982192428751838576000000000","properties":{"id":"1982192428751838576000000000","pnu":"1221010100103080005","year":1982,"purpose":"단독주택"},"geometry":{"type":"MultiPolygon","coordinates":[[[[126.91771,35.153868],[126.91776,35.153828],[126.917737,35.153806],[126.917695,35.153815],[126.917671,35.153836],[126.91771,35.153868]]]]}},{"type":"Feature","id":"1982192447671834010200000000","properties":{"id":"1982192447671834010200000000","pnu":"1221010600100510023","year":1982,"purpose":"제2종 근린생활시설"},"geometry":{"type":"MultiPolygon","coordinates":[[[[126.917927,35.149784],[126.918007,35.149716],[126.917936,35.149664],[126.917921,35.149676],[126.917898,35.14966],[126.917868,35.149687],[126.917876,35.149746],[126.917927,35.149784]]]]}},{"type":"Feature","id":"1982192451791842137000000000","properties":{"id":"1982192451791842137000000000","pnu":"1221010900104860005","year":1982,"purpose":"단독주택","far":220.38,"floors":4,"structure":"철근콘크리트구조"},"geometry":{"type":"MultiPolygon","coordinates":[[[[126.917992,35.157136],[126.918079,35.157068],[126.917941,35.156953],[126.9179,35.156987],[126.917892,35.156981],[126.91785,35.157016],[126.917992,35.157136]]]]}},{"type":"Feature","id":"1982192467051841304800000000","properties":{"id":"1982192467051841304800000000","pnu":"1221010900104650062","year":1982,"purpose":"기타","far":176.13,"floors":3,"structure":"철근콘크리트구조"},"geometry":{"type":"MultiPolygon","coordinates":[[[[126.918134,35.156298],[126.918134,35.156298],[126.918135,35.156298],[126.918136,35.156298],[126.918137,35.156297],[126.918138,35.156297],[126.918138,35.156296],[126.918139,35.156295],[126.918139,35.156295],[126.918139,35.156294],[126.918139,35.156293],[126.918139,35.156292],[126.918138,35.156291],[126.918138,35.156291],[126.918137,35.15629],[126.918136,35.15629],[126.918135,35.15629],[126.918135,35.156289],[126.918134,35.156289],[126.918133,35.156289],[126.918132,35.15629],[126.918131,35.15629],[126.91813,35.15629],[126.918129,35.156291],[126.918129,35.156291],[126.918128,35.156292],[126.918128,35.156293],[126.918128,35.156294],[126.918128,35.156295],[126.918128,35.156295],[126.918129,35.156296],[126.918129,35.156297],[126.91813,35.156297],[126.918131,35.156298],[126.918132,35.156298],[126.918133,35.156298],[126.918134,35.156298]]]]}},{"type":"Feature","id":"1982192478201840299500000000","properties":{"id":"1982192478201840299500000000","pnu":"1221010900104610002","year":1982,"purpose":"제1종 근린생활시설","floors":1,"structure":"일반목구조"},"geometry":{"type":"MultiPolygon","coordinates":[[[[126.918314,35.155428],[126.918326,35.155369],[126.9182,35.155347],[126.918188,35.155407],[126.918314,35.155428]]]]}},{"type":"Feature","id":"1982192520411838021300000000","properties":{"id":"1982192520411838021300000000","pnu":"1221010100101980012","year":1982,"purpose":"기타","floors":4,"structure":"철근콘크리트구조"},"geometry":{"type":"MultiPolygon","coordinates":[[[[126.918589,35.153326],[126.918609,35.153343],[126.918752,35.15341],[126.918764,35.153411],[126.918774,35.153412],[126.918789,35.153411],[126.918803,35.153405],[126.918852,35.15337],[126.918705,35.153238],[126.918589,35.153326]]]]}},{"type":"Feature","id":"1983191652061837391700000000","properties":{"id":"1983191652061837391700000000","pnu":"1221010300101020001","year":1983,"purpose":"단독주택","far":232.1053,"floors":4,"structure":"철근콘크리트구조"},"geometry":{"type":"MultiPolygon","coordinates":[[[[126.909203,35.152805],[126.909249,35.152766],[126.90919,35.152724],[126.909183,35.152728],[126.909168,35.152721],[126.909139,35.152749],[126.909203,35.152805]]]]}},{"type":"Feature","id":"1983191696441835794800000000","properties":{"id":"1983191696441835794800000000","pnu":"1221010400100420008","year":1983,"purpose":"제2종 근린생활시설","floors":4,"structure":"철근콘크리트구조"},"geometry":{"type":"MultiPolygon","coordinates":[[[[126.909665,35.151434],[126.909753,35.151365],[126.909717,35.151334],[126.909799,35.151255],[126.909725,35.151205],[126.909577,35.15133],[126.909579,35.151372],[126.909665,35.151434]]]]}},{"type":"Feature","id":"1983191713261836038100000000","properties":{"id":"1983191713261836038100000000","pnu":"1221010400100420003","year":1983,"purpose":"제2종 근린생활시설","floors":4,"structure":"철근콘크리트구조"},"geometry":{"type":"MultiPolygon","coordinates":[[[[126.90988,35.151609],[126.909893,35.15161],[126.909946,35.151549],[126.909851,35.151469],[126.909782,35.151528],[126.90988,35.151609]]]]}},{"type":"Feature","id":"1983191822691834529300000000","properties":{"id":"1983191822691834529300000000","pnu":"1221010400100500001","year":1983,"purpose":"제2종 근린생활시설","floors":4,"structure":"철근콘크리트구조"},"geometry":{"type":"MultiPolygon","coordinates":[[[[126.911067,35.15025],[126.91115,35.150169],[126.911064,35.150116],[126.910989,35.150191],[126.911067,35.15025]]]]}},{"type":"Feature","id":"1983191839121835242300000000","properties":{"id":"1983191839121835242300000000","pnu":"1221010300100780001","year":1983,"purpose":"제2종 근린생활시설","floors":5,"structure":"철근콘크리트구조"},"geometry":{"type":"MultiPolygon","coordinates":[[[[126.911261,35.150739],[126.911171,35.150824],[126.911154,35.150859],[126.911218,35.150905],[126.911279,35.150856],[126.91129,35.150865],[126.911352,35.150814],[126.911261,35.150739]]]]}},{"type":"Feature","id":"1983191854271838636700000000","properties":{"id":"1983191854271838636700000000","pnu":"1221010200100060006","year":1983,"purpose":"숙박시설","far":122.99,"floors":2,"structure":"철근콘크리트구조"},"geometry":{"type":"MultiPolygon","coordinates":[[[[126.911424,35.153956],[126.911498,35.153893],[126.9114,35.153813],[126.911323,35.153874],[126.911424,35.153956]]]]}},{"type":"Feature","id":"1983191879251837743000000000","properties":{"id":"1983191879251837743000000000","pnu":"1221010200100190000","year":1983,"purpose":"제2종 근린생활시설","floors":4,"structure":"철근콘크리트구조"},"geometry":{"type":"MultiPolygon","coordinates":[[[[126.911758,35.153185],[126.911818,35.153136],[126.911719,35.153055],[126.911713,35.15306],[126.911603,35.15297],[126.911551,35.153012],[126.911758,35.153185]]]]}},{"type":"Feature","id":"1983191887681833562800000000","properties":{"id":"1983191887681833562800000000","pnu":"1221010400100610002","year":1983,"purpose":"제2종 근린생활시설"},"geometry":{"type":"MultiPolygon","coordinates":[[[[126.911676,35.149337],[126.911722,35.149375],[126.911758,35.149339],[126.9118,35.14937],[126.911871,35.149313],[126.911871,35.149292],[126.911802,35.149236],[126.911676,35.149337]]]]}},{"type":"Feature","id":"1983191910011834596600000000","properties":{"id":"1983191910011834596600000000","pnu":"1221010300100740010","year":1983,"purpose":"단독주택","floors":1,"structure":"벽돌구조"},"geometry":{"type":"MultiPolygon","coordinates":[[[[126.912064,35.150294],[126.9121,35.15024],[126.912032,35.150211],[126.911989,35.150192],[126.911954,35.150246],[126.912064,35.150294]]]]}},{"type":"Feature","id":"1983191948361832563400000000","properties":{"id":"1983191948361832563400000000","pnu":"1221011500100370014","year":1983,"purpose":"단독주택","floors":1,"structure":"일반목구조"},"geometry":{"type":"MultiPolygon","coordinates":[[[[126.912406,35.148481],[126.912537,35.148382],[126.912497,35.148343],[126.912364,35.148432],[126.912406,35.148481]]]]}},{"type":"Feature","id":"1983191953651832389700000000","properties":{"id":"1983191953651832389700000000","pnu":"1221011500100350018","year":1983,"purpose":"기타","far":126.95,"floors":3,"structure":"철근콘크리트구조"},"geometry":{"type":"MultiPolygon","coordinates":[[[[126.912488,35.148313],[126.912589,35.148267],[126.912556,35.148195],[126.912414,35.148244],[126.912415,35.148252],[126.912488,35.148313]]]]}},{"type":"Feature","id":"1983191987031835958300000000","properties":{"id":"1983191987031835958300000000","pnu":"1221010200101270000","year":1983,"purpose":"기타","far":437.638,"floors":8,"structure":"철근콘크리트구조"},"geometry":{"type":"MultiPolygon","coordinates":[[[[126.912852,35.151629],[126.913055,35.151485],[126.912862,35.151313],[126.912718,35.151411],[126.912771,35.151467],[126.912724,35.151508],[126.912852,35.151629]]]]}},{"type":"Feature","id":"1983192000911832488800000000","properties":{"id":"1983192000911832488800000000","pnu":"1221011500100350003","year":1983,"purpose":"제2종 근린생활시설","far":307.17,"floors":5,"structure":"철근콘크리트구조"},"geometry":{"type":"MultiPolygon","coordinates":[[[[126.913161,35.148362],[126.912961,35.148214],[126.912915,35.148257],[126.913,35.14845],[126.913034,35.14847],[126.913161,35.148362]]]]}},{"type":"Feature","id":"1983192004011835806200000000","properties":{"id":"1983192004011835806200000000","pnu":"1221010200101280000","year":1983,"purpose":"기타","far":438.93,"floors":7,"structure":"철근콘크리트구조"},"geometry":{"type":"MultiPolygon","coordinates":[[[[126.913111,35.151455],[126.913197,35.151388],[126.912977,35.151205],[126.912924,35.151258],[126.91294,35.151279],[126.913003,35.151337],[126.912989,35.15135],[126.913111,35.151455]]]]}},{"type":"Feature","id":"1983192022461840319900000000","properties":{"id":"1983192022461840319900000000","pnu":"1221010100103210014","year":1983,"purpose":"제2종 근린생활시설","floors":3,"structure":"철근콘크리트구조"},"geometry":{"type":"MultiPolygon","coordinates":[[[[126.913272,35.155486],[126.913348,35.155435],[126.913232,35.155318],[126.913165,35.155369],[126.913272,35.155486]]]]}},{"type":"Feature","id":"1983192035291832236700000000","properties":{"id":"1983192035291832236700000000","pnu":"1221011700101160001","year":1983,"purpose":"제1종 근린생활시설","far":327.8,"floors":4,"structure":"철근콘크리트구조"},"geometry":{"type":"MultiPolygon","coordinates":[[[[126.913427,35.148199],[126.913508,35.148123],[126.913381,35.148034],[126.9133,35.148112],[126.913427,35.148199]]]]}},{"type":"Feature","id":"1983192038061835633600000000","properties":{"id":"1983192038061835633600000000","pnu":"1221010200101310000","year":1983,"purpose":"기타","floors":5,"structure":"철근콘크리트구조"},"geometry":{"type":"MultiPolygon","coordinates":[[[[126.913393,35.151098],[126.913328,35.151136],[126.913439,35.151263],[126.913536,35.151207],[126.913501,35.151167],[126.913393,35.151098]]]]}},{"type":"Feature","id":"1983192045191841220600000000","properties":{"id":"1983192045191841220600000000","pnu":"1221010100103200020","year":1983,"purpose":"단독주택","floors":4,"structure":"철근콘크리트구조"},"geometry":{"type":"MultiPolygon","coordinates":[[[[126.913556,35.156263],[126.913551,35.156139],[126.913457,35.156159],[126.913451,35.156273],[126.91347,35.156289],[126.913556,35.156263]]]]}},{"type":"Feature","id":"1983192045581840809500000000","properties":{"id":"1983192045581840809500000000","pnu":"1221010100103210001","year":1983,"purpose":"제2종 근린생활시설","floors":2,"structure":"벽돌구조"},"geometry":{"type":"MultiPolygon","coordinates":[[[[126.913468,35.155877],[126.913526,35.155884],[126.913552,35.15585],[126.913553,35.155812],[126.913469,35.155809],[126.913468,35.155877]]]]}},{"type":"Feature","id":"1983192055741839284100000000","properties":{"id":"1983192055741839284100000000","pnu":"1221010100100210005","year":1983,"purpose":"기타","far":324.4503,"floors":5,"structure":"철근콘크리트구조"},"geometry":{"type":"MultiPolygon","coordinates":[[[[126.913553,35.154605],[126.913732,35.154557],[126.913786,35.154537],[126.913856,35.15448],[126.913698,35.154388],[126.913703,35.154375],[126.913552,35.154303],[126.913507,35.154357],[126.91352,35.15437],[126.913439,35.1545],[126.913455,35.154514],[126.913444,35.154535],[126.913553,35.154605]]]]}},{"type":"Feature","id":"1983192068271833288700000000","properties":{"id":"1983192068271833288700000000","pnu":"1221013000100200002","year":1983,"purpose":"제2종 근린생활시설","floors":4,"structure":"철근콘크리트구조"},"geometry":{"type":"MultiPolygon","coordinates":[[[[126.913882,35.149112],[126.913698,35.148958],[126.913643,35.149024],[126.913746,35.149077],[126.913733,35.14911],[126.913831,35.149165],[126.913882,35.149112]]]]}},{"type":"Feature","id":"1983192077451837780800000000","properties":{"id":"1983192077451837780800000000","pnu":"1221010100100270006","year":1983,"purpose":"제1종 근린생활시설","far":422.12998,"floors":5,"structure":"철근콘크리트구조"},"geometry":{"type":"MultiPolygon","coordinates":[[[[126.913962,35.15311],[126.913871,35.153032],[126.913758,35.153119],[126.913855,35.153197],[126.913962,35.15311]]]]}},{"type":"Feature","id":"1983192086951832974700000000","properties":{"id":"1983192086951832974700000000","pnu":"1221011700100010003","year":1983,"purpose":"제2종 근린생활시설","floors":5,"structure":"철근콘크리트구조"},"geometry":{"type":"MultiPolygon","coordinates":[[[[126.914085,35.148814],[126.913942,35.148679],[126.913853,35.148749],[126.913999,35.148887],[126.914085,35.148814]]]]}},{"type":"Feature","id":"1983192130351837857900000000","properties":{"id":"1983192130351837857900000000","pnu":"1221010100100810000","year":1983,"purpose":"제1종 근린생활시설","far":278.55,"floors":4,"structure":"철근콘크리트구조"},"geometry":{"type":"MultiPolygon","coordinates":[[[[126.914407,35.153284],[126.914531,35.15319],[126.914558,35.153157],[126.914481,35.15309],[126.914423,35.15312],[126.914323,35.153208],[126.914407,35.153284]]]]}},{"type":"Feature","id":"1983192135601839480300000000","properties":{"id":"1983192135601839480300000000","pnu":"1221010100103240013","year":1983,"purpose":"제2종 근린생활시설","floors":1,"structure":"벽돌구조"},"geometry":{"type":"MultiPolygon","coordinates":[[[[126.91455,35.154733],[126.914589,35.154705],[126.914449,35.154562],[126.914405,35.154589],[126.91455,35.154733]]]]}},{"type":"Feature","id":"1983192141781840268100000000","properties":{"id":"1983192141781840268100000000","pnu":"1221010100103220005","year":1983,"purpose":"숙박시설","floors":4,"structure":"철근콘크리트구조"},"geometry":{"type":"MultiPolygon","coordinates":[[[[126.914595,35.155427],[126.914642,35.155393],[126.914535,35.155287],[126.914487,35.155322],[126.914595,35.155427]]]]}},{"type":"Feature","id":"1983192149931837746400000000","properties":{"id":"1983192149931837746400000000","pnu":"1221010100100900000","year":1983,"purpose":"단독주택"},"geometry":{"type":"MultiPolygon","coordinates":[[[[126.914694,35.153141],[126.914738,35.153084],[126.914672,35.153047],[126.914665,35.153052],[126.914618,35.153028],[126.914573,35.153083],[126.914694,35.153141]]]]}},{"type":"Feature","id":"1983192184751839916200000000","properties":{"id":"1983192184751839916200000000","pnu":"1221010100103220015","year":1983,"purpose":"숙박시설","far":156.82,"floors":3,"structure":"벽돌구조"},"geometry":{"type":"MultiPolygon","coordinates":[[[[126.915061,35.155107],[126.91512,35.155067],[126.915012,35.154972],[126.914954,35.155014],[126.915061,35.155107]]]]}},{"type":"Feature","id":"1983192245561837126500000000","properties":{"id":"1983192245561837126500000000","pnu":"1221010100100550000","year":1983,"purpose":"제2종 근린생활시설","far":316.8,"floors":5,"structure":"철근콘크리트구조"},"geometry":{"type":"MultiPolygon","coordinates":[[[[126.915626,35.152503],[126.915636,35.152511],[126.915634,35.152512],[126.915648,35.152523],[126.91562,35.152546],[126.915662,35.15258],[126.915737,35.152619],[126.915794,35.152561],[126.915794,35.15252],[126.915731,35.152471],[126.915733,35.152469],[126.915675,35.152422],[126.915642,35.152457],[126.915626,35.152503]]]]}},{"type":"Feature","id":"1983192259191836242900000000","properties":{"id":"1983192259191836242900000000","pnu":"1221010100101290001","year":1983,"purpose":"제1종 근린생활시설","far":231.63,"floors":3,"structure":"벽돌구조"},"geometry":{"type":"MultiPolygon","coordinates":[[[[126.915802,35.151796],[126.915946,35.151691],[126.915912,35.151664],[126.91577,35.151765],[126.915802,35.151796]]]]}},{"type":"Feature","id":"1983192300621838513800000000","properties":{"id":"1983192300621838513800000000","pnu":"1221010100103120010","year":1983,"purpose":"제2종 근린생활시설","floors":4,"structure":"철근콘크리트구조"},"geometry":{"type":"MultiPolygon","coordinates":[[[[126.916272,35.153862],[126.916392,35.153784],[126.916393,35.15375],[126.916336,35.153692],[126.916252,35.153747],[126.916262,35.153759],[126.916217,35.153799],[126.916272,35.153862]]]]}},{"type":"Feature","id":"1983192305001840613300000000","properties":{"id":"1983192305001840613300000000","pnu":"1221010900104720003","year":1983,"purpose":"숙박시설"},"geometry":{"type":"MultiPolygon","coordinates":[[[[126.916377,35.155725],[126.916423,35.155691],[126.91633,35.155614],[126.916289,35.155643],[126.916377,35.155725]]]]}},{"type":"Feature","id":"1983192321561836263800000000","properties":{"id":"1983192321561836263800000000","pnu":"1221010100101540002","year":1983,"purpose":"제2종 근린생활시설","floors":4,"structure":"철근콘크리트구조"},"geometry":{"type":"MultiPolygon","coordinates":[[[[126.916564,35.15182],[126.91663,35.151763],[126.916522,35.151678],[126.916452,35.151737],[126.916564,35.15182]]]]}},{"type":"Feature","id":"1983192344561834763100000000","properties":{"id":"1983192344561834763100000000","pnu":"1221013300100010023","year":1983,"purpose":"기타","far":201.59,"floors":9,"structure":"철근콘크리트구조"},"geometry":{"type":"MultiPolygon","coordinates":[[[[126.916793,35.150563],[126.91698,35.150401],[126.916946,35.150375],[126.916958,35.150365],[126.916822,35.15026],[126.916798,35.150282],[126.91676,35.150252],[126.916604,35.150388],[126.916761,35.15051],[126.916744,35.150525],[126.916793,35.150563]]]]}},{"type":"Feature","id":"1983192352091838118600000000","properties":{"id":"1983192352091838118600000000","pnu":"1221010100103130004","year":1983,"purpose":"제1종 근린생활시설","far":267.62,"floors":3,"structure":"철근콘크리트구조"},"geometry":{"type":"MultiPolygon","coordinates":[[[[126.916852,35.153512],[126.916994,35.153421],[126.916889,35.153329],[126.91676,35.153421],[126.916852,35.153512]]]]}},{"type":"Feature","id":"1983192371331839731000000000","properties":{"id":"1983192371331839731000000000","pnu":"1221010900104670025","year":1983,"purpose":"제2종 근린생활시설","floors":4,"structure":"철근콘크리트구조"},"geometry":{"type":"MultiPolygon","coordinates":[[[[126.917099,35.154952],[126.917131,35.154937],[126.917117,35.15492],[126.91717,35.154881],[126.917118,35.154815],[126.917089,35.154808],[126.917001,35.154849],[126.917001,35.154878],[126.917099,35.154952]]]]}},{"type":"Feature","id":"1983192376251840569700000000","properties":{"id":"1983192376251840569700000000","pnu":"1221010900104780041","year":1983,"purpose":"제2종 근린생활시설","floors":4,"structure":"철근콘크리트구조"},"geometry":{"type":"MultiPolygon","coordinates":[[[[126.917164,35.155696],[126.917193,35.155673],[126.917137,35.155565],[126.917074,35.15561],[126.917164,35.155696]]]]}},{"type":"Feature","id":"1983192379131837667500000000","properties":{"id":"1983192379131837667500000000","pnu":"1221010100103130030","year":1983,"purpose":"제1종 근린생활시설","floors":1,"structure":"벽돌구조"},"geometry":{"type":"MultiPolygon","coordinates":[[[[126.917172,35.153019],[126.917173,35.153019],[126.917174,35.153019],[126.917175,35.153018],[126.917175,35.153018],[126.917176,35.153017],[126.917177,35.153017],[126.917177,35.153016],[126.917177,35.153015],[126.917177,35.153015],[126.917177,35.153014],[126.917177,35.153013],[126.917177,35.153012],[126.917176,35.153012],[126.917175,35.153011],[126.917175,35.153011],[126.917174,35.15301],[126.917173,35.15301],[126.917172,35.15301],[126.917171,35.15301],[126.91717,35.15301],[126.917169,35.153011],[126.917168,35.153011],[126.917168,35.153012],[126.917167,35.153012],[126.917167,35.153013],[126.917167,35.153014],[126.917166,35.153015],[126.917167,35.153015],[126.917167,35.153016],[126.917167,35.153017],[126.917168,35.153017],[126.917168,35.153018],[126.917169,35.153018],[126.91717,35.153019],[126.917171,35.153019],[126.917172,35.153019]]]]}},{"type":"Feature","id":"1983192464391838453300000000","properties":{"id":"1983192464391838453300000000","pnu":"1221010100103080007","year":1983,"purpose":"제1종 근린생활시설"},"geometry":{"type":"MultiPolygon","coordinates":[[[[126.918079,35.153787],[126.918179,35.153695],[126.918134,35.15366],[126.918034,35.153753],[126.918079,35.153787]]]]}},{"type":"Feature","id":"1983192485481842188600000000","properties":{"id":"1983192485481842188600000000","pnu":"1221010900104860006","year":1983,"purpose":"단독주택","floors":3,"structure":"철근콘크리트구조"},"geometry":{"type":"MultiPolygon","coordinates":[[[[126.918268,35.157181],[126.918392,35.157085],[126.918435,35.157052],[126.918428,35.157005],[126.918416,35.156995],[126.918346,35.15704],[126.918351,35.157045],[126.918218,35.157141],[126.918268,35.157181]]]]}},{"type":"Feature","id":"1983192497531838294300000000","properties":{"id":"1983192497531838294300000000","pnu":"1221010100102970003","year":1983,"purpose":"단독주택","floors":2,"structure":"철근콘크리트구조"},"geometry":{"type":"MultiPolygon","coordinates":[[[[126.918374,35.153691],[126.918649,35.153507],[126.918602,35.153454],[126.918286,35.153654],[126.918303,35.15367],[126.918344,35.153689],[126.918374,35.153691]]]]}},{"type":"Feature","id":"1983192526661834525900000000","properties":{"id":"1983192526661834525900000000","pnu":"1221010600100360002","year":1983,"purpose":"단독주택","floors":2,"structure":"벽돌구조"},"geometry":{"type":"MultiPolygon","coordinates":[[[[126.918794,35.150238],[126.918854,35.150168],[126.918792,35.150132],[126.918735,35.150197],[126.918794,35.150238]]]]}},{"type":"Feature","id":"1983192529001838784000000000","properties":{"id":"1983192529001838784000000000","pnu":"1221010900103630001","year":1983,"purpose":"제1종 근린생활시설","floors":2,"structure":"벽돌구조"},"geometry":{"type":"MultiPolygon","coordinates":[[[[126.918832,35.154062],[126.918864,35.154024],[126.918798,35.153983],[126.918768,35.154019],[126.918832,35.154062]]]]}},{"type":"Feature","id":"1983192529001838910700000000","properties":{"id":"1983192529001838910700000000","pnu":"1221010900103130008","year":1983,"purpose":"단독주택","floors":2,"structure":"벽돌구조"},"geometry":{"type":"MultiPolygon","coordinates":[[[[126.918875,35.15412],[126.918815,35.154086],[126.918755,35.154148],[126.918819,35.154188],[126.918875,35.15412]]]]}},{"type":"Feature","id":"1983192534491839149400000000","properties":{"id":"1983192534491839149400000000","pnu":"1221010900103140006","purpose":"기타","structure":"벽돌구조"},"geometry":{"type":"MultiPolygon","coordinates":[[[[126.918876,35.154356],[126.918877,35.154356],[126.918877,35.154356],[126.918878,35.154355],[126.918879,35.154355],[126.91888,35.154354],[126.91888,35.154354],[126.918881,35.154353],[126.918881,35.154352],[126.918881,35.154351],[126.918881,35.154351],[126.918881,35.15435],[126.91888,35.154349],[126.91888,35.154349],[126.918879,35.154348],[126.918878,35.154348],[126.918878,35.154347],[126.918877,35.154347],[126.918876,35.154347],[126.918875,35.154347],[126.918874,35.154347],[126.918873,35.154348],[126.918872,35.154348],[126.918871,35.154349],[126.918871,35.154349],[126.91887,35.15435],[126.91887,35.154351],[126.91887,35.154351],[126.91887,35.154352],[126.91887,35.154353],[126.918871,35.154354],[126.918871,35.154354],[126.918872,35.154355],[126.918873,35.154355],[126.918874,35.154356],[126.918875,35.154356],[126.918876,35.154356]]]]}},{"type":"Feature","id":"1983192536781839230600000000","properties":{"id":"1983192536781839230600000000","pnu":"1221010900103140006","year":1983,"purpose":"단독주택","floors":1,"structure":"일반목구조"},"geometry":{"type":"MultiPolygon","coordinates":[[[[126.918911,35.154478],[126.918981,35.154425],[126.918953,35.154402],[126.91893,35.154418],[126.918869,35.154373],[126.918826,35.154407],[126.918911,35.154478]]]]}},{"type":"Feature","id":"1983192544301842228000000000","properties":{"id":"1983192544301842228000000000","pnu":"1221010900102930011","year":1983,"purpose":"제2종 근린생활시설","floors":5,"structure":"철근콘크리트구조"},"geometry":{"type":"MultiPolygon","coordinates":[[[[126.918918,35.157228],[126.919029,35.15714],[126.919081,35.157102],[126.919063,35.157065],[126.919009,35.157023],[126.918964,35.157057],[126.918981,35.157074],[126.918971,35.157088],[126.918981,35.157097],[126.918865,35.157179],[126.918918,35.157228]]]]}},{"type":"Feature","id":"1984191658781837330100000000","properties":{"id":"1984191658781837330100000000","pnu":"1221010300101000011","year":1984,"purpose":"제2종 근린생활시설","floors":3,"structure":"철근콘크리트구조"},"geometry":{"type":"MultiPolygon","coordinates":[[[[126.909278,35.152776],[126.909351,35.152711],[126.909255,35.152634],[126.909182,35.152696],[126.909278,35.152776]]]]}},{"type":"Feature","id":"1984191666081837480300000000","properties":{"id":"1984191666081837480300000000","pnu":"1221010300101000004","year":1984,"purpose":"제1종 근린생활시설","floors":2,"structure":"철근콘크리트구조"},"geometry":{"type":"MultiPolygon","coordinates":[[[[126.90936,35.152906],[126.909423,35.152858],[126.909334,35.152773],[126.90927,35.152825],[126.90936,35.152906]]]]}},{"type":"Feature","id":"1984191675651837406100000000","properties":{"id":"1984191675651837406100000000","pnu":"1221010300101000000","year":1984,"purpose":"제2종 근린생활시설","floors":4,"structure":"철근콘크리트구조"},"geometry":{"type":"MultiPolygon","coordinates":[[[[126.90944,35.152853],[126.909546,35.152771],[126.909464,35.152695],[126.909358,35.152774],[126.90944,35.152853]]]]}},{"type":"Feature","id":"1984191721261835094800000000","properties":{"id":"1984191721261835094800000000","pnu":"1221010400100400000","purpose":"기타","structure":"벽돌구조"},"geometry":{"type":"MultiPolygon","coordinates":[[[[126.909974,35.150767],[126.910063,35.150694],[126.910004,35.150648],[126.909978,35.150669],[126.909899,35.150619],[126.909846,35.150665],[126.909974,35.150767]]]]}},{"type":"Feature","id":"1984191727481835232300000000","properties":{"id":"1984191727481835232300000000","pnu":"1221010400100400000","year":1984,"purpose":"단독주택","floors":2,"structure":"철근콘크리트구조"},"geometry":{"type":"MultiPolygon","coordinates":[[[[126.909947,35.150924],[126.910151,35.150753],[126.910093,35.150707],[126.909896,35.150878],[126.909947,35.150924]]]]}},{"type":"Feature","id":"1984191760031835939100000000","properties":{"id":"1984191760031835939100000000","pnu":"1221010300100950009","year":1984,"purpose":"제1종 근린생활시설","floors":5,"structure":"철근콘크리트구조"},"geometry":{"type":"MultiPolygon","coordinates":[[[[126.910426,35.151537],[126.910487,35.15148],[126.910331,35.151365],[126.910273,35.151424],[126.910426,35.151537]]]]}},{"type":"Feature","id":"1984191809781833522100000000","properties":{"id":"1984191809781833522100000000","pnu":"1221010400100890000","year":1984,"purpose":"단독주택"},"geometry":{"type":"MultiPolygon","coordinates":[[[[126.910927,35.149335],[126.911001,35.149259],[126.910926,35.149211],[126.910855,35.149292],[126.910927,35.149335]]]]}},{"type":"Feature","id":"1984191879301832541200000000","properties":{"id":"1984191879301832541200000000","pnu":"1221011500100230008","year":1984,"purpose":"제2종 근린생활시설"},"geometry":{"type":"MultiPolygon","coordinates":[[[[126.911777,35.148494],[126.911826,35.148425],[126.911797,35.14841],[126.911812,35.148378],[126.911607,35.148288],[126.91155,35.148384],[126.911777,35.148494]]]]}},{"type":"Feature","id":"1984191887611832317700000000","properties":{"id":"1984191887611832317700000000","pnu":"1221011500100230001","year":1984,"purpose":"기타"},"geometry":{"type":"MultiPolygon","coordinates":[[[[126.911861,35.14836],[126.911931,35.148252],[126.91183,35.148199],[126.911949,35.148039],[126.911888,35.148005],[126.911831,35.14808],[126.911734,35.148034],[126.911601,35.148241],[126.911689,35.148289],[126.911861,35.14836]]]]}},{"type":"Feature","id":"1984191909691832116900000000","properties":{"id":"1984191909691832116900000000","pnu":"1221011500100230001","year":1984,"purpose":"기타"},"geometry":{"type":"MultiPolygon","coordinates":[[[[126.912039,35.14801],[126.91202,35.147999],[126.912014,35.148007],[126.912032,35.148018],[126.912039,35.14801]]]]}},{"type":"Feature","id":"1984191933771840236800000000","properties":{"id":"1984191933771840236800000000","pnu":"1221010100100040002","year":1984,"purpose":"기타","far":515.9284,"floors":7,"structure":"철근콘크리트구조"},"geometry":{"type":"MultiPolygon","coordinates":[[[[126.912126,35.1553],[126.912157,35.155324],[126.912146,35.155334],[126.912219,35.155397],[126.912425,35.155402],[126.912425,35.155395],[126.912475,35.155396],[126.912475,35.155386],[126.912366,35.155299],[126.912361,35.155303],[126.912267,35.155227],[126.912249,35.155242],[126.912215,35.155215],[126.912126,35.1553]]]]}},{"type":"Feature","id":"1984191970471836142400000000","properties":{"id":"1984191970471836142400000000","pnu":"1221010200101230002","year":1984,"purpose":"제2종 근린생활시설","floors":4,"structure":"철근콘크리트구조"},"geometry":{"type":"MultiPolygon","coordinates":[[[[126.9127,35.151731],[126.912823,35.151633],[126.912705,35.151523],[126.912552,35.151648],[126.912653,35.151734],[126.9127,35.151731]]]]}},{"type":"Feature","id":"1984192012501841030100000000","properties":{"id":"1984192012501841030100000000","pnu":"1221010100103200014","year":1984,"purpose":"숙박시설","floors":5,"structure":"철근콘크리트구조"},"geometry":{"type":"MultiPolygon","coordinates":[[[[126.913088,35.156115],[126.913198,35.156117],[126.913203,35.15597],[126.91309,35.155969],[126.913088,35.156115]]]]}},{"type":"Feature","id":"1984192042351842049300000000","properties":{"id":"1984192042351842049300000000","pnu":"1221010900102390137","purpose":"기타"},"geometry":{"type":"MultiPolygon","coordinates":[[[[126.913465,35.157021],[126.913546,35.156959],[126.913521,35.156935],[126.913514,35.15694],[126.913496,35.15692],[126.913483,35.156926],[126.913463,35.156909],[126.913401,35.156951],[126.913465,35.157021]]]]}},{"type":"Feature","id":"1984192044251840601600000000","properties":{"id":"1984192044251840601600000000","pnu":"1221010100103210045","year":1984,"purpose":"숙박시설","far":90.31,"floors":5,"structure":"철근콘크리트구조"},"geometry":{"type":"MultiPolygon","coordinates":[[[[126.913436,35.155701],[126.913551,35.155703],[126.913553,35.155613],[126.913437,35.15561],[126.913436,35.155701]]]]}},{"type":"Feature","id":"1984192074771835866000000000","properties":{"id":"1984192074771835866000000000","pnu":"1221010200101580003","year":1984,"purpose":"제1종 근린생활시설","floors":2,"structure":"벽돌구조"},"geometry":{"type":"MultiPolygon","coordinates":[[[[126.913833,35.151393],[126.913834,35.151393],[126.913835,35.151393],[126.913836,35.151392],[126.913837,35.151392],[126.913838,35.151391],[126.913838,35.151391],[126.913839,35.15139],[126.913839,35.151389],[126.913839,35.151388],[126.913839,35.151388],[126.913839,35.151387],[126.913838,35.151386],[126.913838,35.151385],[126.913837,35.151385],[126.913836,35.151384],[126.913835,35.151384],[126.913834,35.151384],[126.913833,35.151384],[126.913832,35.151384],[126.913832,35.151384],[126.913831,35.151384],[126.91383,35.151385],[126.913829,35.151385],[126.913829,35.151386],[126.913828,35.151387],[126.913828,35.151388],[126.913828,35.151388],[126.913828,35.151389],[126.913828,35.15139],[126.913829,35.151391],[126.913829,35.151391],[126.91383,35.151392],[126.913831,35.151392],[126.913832,35.151393],[126.913832,35.151393],[126.913833,35.151393]]]]}},{"type":"Feature","id":"1984192135641837280900000000","properties":{"id":"1984192135641837280900000000","pnu":"1221010100101000001","year":1984,"purpose":"제2종 근린생활시설","floors":4,"structure":"철근콘크리트구조"},"geometry":{"type":"MultiPolygon","coordinates":[[[[126.914397,35.15269],[126.914467,35.152739],[126.914606,35.152627],[126.914579,35.152607],[126.914521,35.152602],[126.914397,35.15269]]]]}},{"type":"Feature","id":"1984192170571834458800000000","properties":{"id":"1984192170571834458800000000","pnu":"1221013400100750002","year":1984,"purpose":"기타","far":387.91,"floors":5,"structure":"철근콘크리트구조"},"geometry":{"type":"MultiPolygon","coordinates":[[[[126.914968,35.150094],[126.914917,35.150052],[126.914878,35.150084],[126.914832,35.150046],[126.914771,35.150096],[126.914892,35.1502],[126.914954,35.150175],[126.914993,35.15014],[126.914952,35.150107],[126.914968,35.150094]]]]}},{"type":"Feature","id":"1984192171251838374800000000","properties":{"id":"1984192171251838374800000000","pnu":"1221010100100320015","year":1984,"purpose":"제2종 근린생활시설","floors":3,"structure":"철근콘크리트구조"},"geometry":{"type":"MultiPolygon","coordinates":[[[[126.914868,35.153582],[126.914818,35.15363],[126.914821,35.153646],[126.914914,35.153718],[126.914968,35.153667],[126.914868,35.153582]]]]}},{"type":"Feature","id":"1984192180661838281000000000","properties":{"id":"1984192180661838281000000000","pnu":"1221010100100320010","year":1984,"purpose":"제1종 근린생활시설","floors":3,"structure":"철근콘크리트구조"},"geometry":{"type":"MultiPolygon","coordinates":[[[[126.914974,35.153662],[126.915043,35.153598],[126.915059,35.153608],[126.915135,35.153553],[126.915116,35.15353],[126.91509,35.153546],[126.91498,35.153474],[126.914873,35.153577],[126.914974,35.153662]]]]}},{"type":"Feature","id":"1984192189931838160700000000","properties":{"id":"1984192189931838160700000000","pnu":"1221010100100320013","year":1984,"purpose":"제2종 근린생활시설","floors":3,"structure":"철근콘크리트구조"},"geometry":{"type":"MultiPolygon","coordinates":[[[[126.915092,35.153518],[126.91517,35.153453],[126.915093,35.153398],[126.915022,35.153462],[126.915092,35.153518]]]]}},{"type":"Feature","id":"1984192191791839847600000000","properties":{"id":"1984192191791839847600000000","pnu":"1221010100103220016","year":1984,"purpose":"숙박시설","floors":4,"structure":"철근콘크리트구조"},"geometry":{"type":"MultiPolygon","coordinates":[[[[126.915132,35.155046],[126.915192,35.155004],[126.915098,35.15491],[126.915035,35.154954],[126.915132,35.155046]]]]}},{"type":"Feature","id":"1984192198601833560100000000","properties":{"id":"1984192198601833560100000000","pnu":"1221012900100060003","year":1984,"purpose":"기타","far":318.48,"floors":4,"structure":"철근콘크리트구조"},"geometry":{"type":"MultiPolygon","coordinates":[[[[126.91522,35.149511],[126.915436,35.14934],[126.915167,35.149109],[126.914955,35.149284],[126.91522,35.149511]]]]}},{"type":"Feature","id":"1984192211171838336200000000","properties":{"id":"1984192211171838336200000000","pnu":"1221010100100320019","year":1984,"purpose":"제2종 근린생활시설","floors":4,"structure":"철근콘크리트구조"},"geometry":{"type":"MultiPolygon","coordinates":[[[[126.915282,35.153737],[126.915495,35.153595],[126.91538,35.153506],[126.915346,35.15351],[126.915166,35.153634],[126.915282,35.153737]]]]}},{"type":"Feature","id":"1984192222591839393200000000","properties":{"id":"1984192222591839393200000000","pnu":"1221010100103230008","year":1984,"purpose":"기타","floors":7,"structure":"철근콘크리트구조"},"geometry":{"type":"MultiPolygon","coordinates":[[[[126.915428,35.154667],[126.915579,35.154552],[126.915491,35.154482],[126.915475,35.154481],[126.915456,35.154486],[126.915327,35.154581],[126.915428,35.154667]]]]}},{"type":"Feature","id":"1984192237421837292400000000","properties":{"id":"1984192237421837292400000000","pnu":"1221010100100560000","year":1984,"purpose":"제1종 근린생활시설","floors":4,"structure":"철근콘크리트구조"},"geometry":{"type":"MultiPolygon","coordinates":[[[[126.915606,35.15274],[126.915691,35.152657],[126.915624,35.15261],[126.915554,35.152683],[126.915554,35.152704],[126.915606,35.15274]]]]}},{"type":"Feature","id":"1984192237431839746700000000","properties":{"id":"1984192237431839746700000000","pnu":"1221010100103230002","year":1984,"purpose":"제1종 근린생활시설"},"geometry":{"type":"MultiPolygon","coordinates":[[[[126.915657,35.154962],[126.915703,35.154927],[126.915572,35.154813],[126.915527,35.154848],[126.915657,35.154962]]]]}},{"type":"Feature","id":"1984192240721839883400000000","properties":{"id":"1984192240721839883400000000","pnu":"1221010100103230002","year":1984,"purpose":"단독주택"},"geometry":{"type":"MultiPolygon","coordinates":[[[[126.91563,35.155085],[126.915761,35.154983],[126.915707,35.154937],[126.915615,35.155009],[126.915577,35.154975],[126.915534,35.155009],[126.91563,35.155085]]]]}},{"type":"Feature","id":"1984192294771840279700000000","properties":{"id":"1984192294771840279700000000","pnu":"1221010900104700020","year":1984,"purpose":"제1종 근린생활시설"},"geometry":{"type":"MultiPolygon","coordinates":[[[[126.916248,35.155414],[126.916297,35.155371],[126.916242,35.155324],[126.916189,35.155365],[126.916248,35.155414]]]]}},{"type":"Feature","id":"1984192308691836377200000000","properties":{"id":"1984192308691836377200000000","pnu":"1221010100101540001","year":1984,"purpose":"제1종 근린생활시설","far":254.07,"floors":4,"structure":"철근콘크리트구조"},"geometry":{"type":"MultiPolygon","coordinates":[[[[126.916262,35.151857],[126.916304,35.151891],[126.916296,35.151898],[126.916335,35.151929],[126.916343,35.151922],[126.916398,35.151964],[126.916539,35.151844],[126.916513,35.151823],[126.916521,35.151816],[126.916498,35.151798],[126.916489,35.151804],[126.916403,35.151736],[126.916262,35.151857]]]]}},{"type":"Feature","id":"1984192362741832101000000000","properties":{"id":"1984192362741832101000000000","pnu":"1221012800100090001","year":1984,"purpose":"제2종 근린생활시설","floors":3,"structure":"철근콘크리트구조"},"geometry":{"type":"MultiPolygon","coordinates":[[[[126.916828,35.147974],[126.916959,35.148148],[126.917167,35.148001],[126.917042,35.147856],[126.916828,35.147974]]]]}},{"type":"Feature","id":"1984192373631840090100000000","properties":{"id":"1984192373631840090100000000","pnu":"1221010900104670030","year":1984,"purpose":"숙박시설","floors":2,"structure":"벽돌구조"},"geometry":{"type":"MultiPolygon","coordinates":[[[[126.917097,35.155236],[126.917143,35.155228],[126.917125,35.155161],[126.917073,35.155169],[126.917097,35.155236]]]]}},{"type":"Feature","id":"1984192410931833669900000000","properties":{"id":"1984192410931833669900000000","pnu":"1221013200100070003","year":1984,"purpose":"제2종 근린생활시설","floors":7,"structure":"철근콘크리트구조"},"geometry":{"type":"MultiPolygon","coordinates":[[[[126.917539,35.14951],[126.917646,35.149418],[126.917514,35.149315],[126.917401,35.149402],[126.917539,35.14951]]]]}},{"type":"Feature","id":"1984192414931837394400000000","properties":{"id":"1984192414931837394400000000","pnu":"1221010100101900015","year":1984,"purpose":"기타","floors":6,"structure":"철근콘크리트구조"},"geometry":{"type":"MultiPolygon","coordinates":[[[[126.917542,35.152953],[126.917783,35.15277],[126.91761,35.152611],[126.917565,35.15261],[126.917359,35.152737],[126.917367,35.152781],[126.917483,35.152864],[126.917467,35.152886],[126.917542,35.152953]]]]}},{"type":"Feature","id":"1984192417171838857300000000","properties":{"id":"1984192417171838857300000000","pnu":"1221010100103090015","year":1984,"purpose":"제1종 근린생활시설","floors":1,"structure":"철근콘크리트구조"},"geometry":{"type":"MultiPolygon","coordinates":[[[[126.917581,35.154134],[126.917645,35.154084],[126.917596,35.154041],[126.917532,35.154088],[126.917581,35.154134]]]]}},{"type":"Feature","id":"1984192428361837539500000000","properties":{"id":"1984192428361837539500000000","pnu":"1221010100101900014","year":1984,"purpose":"제1종 근린생활시설","floors":3,"structure":"철근콘크리트구조"},"geometry":{"type":"MultiPolygon","coordinates":[[[[126.917645,35.153022],[126.917863,35.152848],[126.917786,35.152777],[126.91756,35.152949],[126.917645,35.153022]]]]}},{"type":"Feature","id":"1984192434051837698800000000","properties":{"id":"1984192434051837698800000000","pnu":"1221010100101900002","year":1984,"purpose":"기타","far":315.81,"floors":4,"structure":"철근콘크리트구조"},"geometry":{"type":"MultiPolygon","coordinates":[[[[126.917695,35.153253],[126.918011,35.152958],[126.918014,35.152933],[126.91789,35.152827],[126.917628,35.153036],[126.917517,35.153145],[126.917695,35.153253]]]]}},{"type":"Feature","id":"1984192439611842838200000000","properties":{"id":"1984192439611842838200000000","pnu":"1221010900104880013","year":1984,"purpose":"단독주택","floors":2,"structure":"벽돌구조"},"geometry":{"type":"MultiPolygon","coordinates":[[[[126.917837,35.157722],[126.917873,35.157695],[126.917843,35.157639],[126.91783,35.15763],[126.917784,35.157665],[126.917837,35.157722]]]]}},{"type":"Feature","id":"1984192442641834703300000000","properties":{"id":"1984192442641834703300000000","pnu":"1221010600100610002","year":1984,"purpose":"제2종 근린생활시설","far":229.91,"floors":4,"structure":"철근콘크리트구조"},"geometry":{"type":"MultiPolygon","coordinates":[[[[126.917815,35.150421],[126.9179,35.150347],[126.917923,35.150361],[126.91797,35.15031],[126.917927,35.150279],[126.917899,35.150281],[126.917773,35.150379],[126.917815,35.150421]]]]}},{"type":"Feature","id":"1984192468831834422200000000","properties":{"id":"1984192468831834422200000000","pnu":"1221010600100510025","year":1984,"purpose":"제2종 근린생활시설","far":262.1177,"floors":4,"structure":"철근콘크리트구조"},"geometry":{"type":"MultiPolygon","coordinates":[[[[126.918037,35.150076],[126.918165,35.150178],[126.91824,35.150233],[126.918285,35.150193],[126.918184,35.150117],[126.918228,35.150077],[126.918231,35.150079],[126.918257,35.150056],[126.918132,35.149964],[126.918054,35.150036],[126.918069,35.150047],[126.918037,35.150076]]]]}},{"type":"Feature","id":"1984192503731833921800000000","properties":{"id":"1984192503731833921800000000","pnu":"1221010600100410007","year":1984,"purpose":"단독주택","far":145.8,"floors":3,"structure":"벽돌구조"},"geometry":{"type":"MultiPolygon","coordinates":[[[[126.918553,35.149687],[126.918594,35.149659],[126.918532,35.149592],[126.918492,35.149619],[126.918553,35.149687]]]]}},{"type":"Feature","id":"1984192507091840975100000000","properties":{"id":"1984192507091840975100000000","pnu":"1221010900104630012","year":1984,"purpose":"제1종 근린생활시설","floors":2,"structure":"철근콘크리트구조"},"geometry":{"type":"MultiPolygon","coordinates":[[[[126.918569,35.156031],[126.918612,35.155992],[126.918579,35.155964],[126.918534,35.155999],[126.918569,35.156031]]]]}},{"type":"Feature","id":"1984192529231833402600000000","properties":{"id":"1984192529231833402600000000","pnu":"1221010500100800003","year":1984,"purpose":"제1종 근린생활시설","far":83.84,"floors":2,"structure":"벽돌구조"},"geometry":{"type":"MultiPolygon","coordinates":[[[[126.918854,35.149219],[126.918893,35.149181],[126.918807,35.149121],[126.918754,35.149172],[126.918796,35.149201],[126.918809,35.149188],[126.918854,35.149219]]]]}},{"type":"Feature","id":"1984192532731842211100000000","properties":{"id":"1984192532731842211100000000","pnu":"1221010900102930010","year":1984,"purpose":"제2종 근린생활시설","far":352.53,"floors":4,"structure":"철근콘크리트구조"},"geometry":{"type":"MultiPolygon","coordinates":[[[[126.918938,35.157101],[126.918908,35.157076],[126.918822,35.157065],[126.918772,35.157107],[126.91885,35.157174],[126.918938,35.157101]]]]}},{"type":"Feature","id":"1984192541621832860800000000","properties":{"id":"1984192541621832860800000000","pnu":"1221010500100750001","year":1984,"purpose":"기타","far":428.3,"floors":8,"structure":"철근콘크리트구조"},"geometry":{"type":"MultiPolygon","coordinates":[[[[126.919154,35.148664],[126.918995,35.148533],[126.918766,35.148721],[126.918894,35.148826],[126.91899,35.148756],[126.91901,35.148769],[126.919021,35.148767],[126.919154,35.148664]]]]}},{"type":"Feature","id":"1984192541691833328500000000","properties":{"id":"1984192541691833328500000000","pnu":"1221010500100800003","year":1984,"purpose":"제1종 근린생활시설","far":83.84,"floors":2,"structure":"벽돌구조"},"geometry":{"type":"MultiPolygon","coordinates":[[[[126.918937,35.149177],[126.91904,35.149079],[126.918984,35.149034],[126.91888,35.149127],[126.918937,35.149177]]]]}},{"type":"Feature","id":"1985191661131837498300000000","properties":{"id":"1985191661131837498300000000","pnu":"1221010300101030004","purpose":"단독주택","floors":2,"structure":"일반목구조"},"geometry":{"type":"MultiPolygon","coordinates":[[[[126.909292,35.152861],[126.909293,35.152861],[126.909294,35.152861],[126.909295,35.15286],[126.909296,35.15286],[126.909296,35.152859],[126.909297,35.152859],[126.909297,35.152858],[126.909298,35.152857],[126.909298,35.152856],[126.909298,35.152856],[126.909297,35.152855],[126.909297,35.152854],[126.909296,35.152853],[126.909296,35.152853],[126.909295,35.152852],[126.909294,35.152852],[126.909293,35.152852],[126.909292,35.152852],[126.909291,35.152852],[126.90929,35.152852],[126.909289,35.152852],[126.909289,35.152853],[126.909288,35.152853],[126.909287,35.152854],[126.909287,35.152855],[126.909287,35.152856],[126.909287,35.152856],[126.909287,35.152857],[126.909287,35.152858],[126.909287,35.152859],[126.909288,35.152859],[126.909289,35.15286],[126.909289,35.15286],[126.90929,35.152861],[126.909291,35.152861],[126.909292,35.152861]]]]}},{"type":"Feature","id":"1985191763991835697100000000","properties":{"id":"1985191763991835697100000000","pnu":"1221010300100800021","year":1985,"purpose":"단독주택","floors":2,"structure":"벽돌구조"},"geometry":{"type":"MultiPolygon","coordinates":[[[[126.910462,35.151277],[126.910483,35.151241],[126.910382,35.151192],[126.91036,35.151222],[126.910462,35.151277]]]]}},{"type":"Feature","id":"1985191808551836800800000000","properties":{"id":"1985191808551836800800000000","pnu":"1221010300100130000","year":1985,"purpose":"제1종 근린생활시설"},"geometry":{"type":"MultiPolygon","coordinates":[[[[126.910907,35.152292],[126.910943,35.152317],[126.911005,35.152259],[126.910965,35.15223],[126.910976,35.152173],[126.910942,35.152149],[126.910947,35.152144],[126.910938,35.152138],[126.910933,35.152142],[126.91087,35.152157],[126.910827,35.152197],[126.910847,35.15221],[126.910823,35.152232],[126.910851,35.152252],[126.910831,35.15227],[126.910885,35.152309],[126.910907,35.152292]]]]}},{"type":"Feature","id":"1985191821581834259300000000","properties":{"id":"1985191821581834259300000000","pnu":"1221010400100730007","year":1985,"purpose":"제1종 근린생활시설"},"geometry":{"type":"MultiPolygon","coordinates":[[[[126.911057,35.149991],[126.911121,35.149936],[126.911055,35.149885],[126.910992,35.14994],[126.911057,35.149991]]]]}},{"type":"Feature","id":"1985191821761837380400000000","properties":{"id":"1985191821761837380400000000","pnu":"1221010200100610009","year":1985,"purpose":"제2종 근린생활시설","far":314.99,"floors":4,"structure":"철근콘크리트구조"},"geometry":{"type":"MultiPolygon","coordinates":[[[[126.911097,35.152808],[126.911129,35.152783],[126.911004,35.152685],[126.910995,35.152737],[126.911097,35.152808]]]]}},{"type":"Feature","id":"1985191846221836538200000000","properties":{"id":"1985191846221836538200000000","pnu":"1221010200100620018","year":1985,"purpose":"숙박시설","floors":5,"structure":"철근콘크리트구조"},"geometry":{"type":"MultiPolygon","coordinates":[[[[126.911313,35.152096],[126.911377,35.15205],[126.91136,35.152011],[126.911429,35.151949],[126.911365,35.151892],[126.911215,35.152001],[126.911313,35.152096]]]]}},{"type":"Feature","id":"1985191866911834924000000000","properties":{"id":"1985191866911834924000000000","pnu":"1221010300100600016","year":1985,"purpose":"단독주택","floors":2,"structure":"철근콘크리트구조"},"geometry":{"type":"MultiPolygon","coordinates":[[[[126.911553,35.150542],[126.911554,35.150542],[126.911555,35.150542],[126.911556,35.150542],[126.911557,35.150541],[126.911557,35.150541],[126.911558,35.15054],[126.911558,35.150539],[126.911559,35.150538],[126.911559,35.150538],[126.911559,35.150537],[126.911558,35.150536],[126.911558,35.150535],[126.911557,35.150535],[126.911557,35.150534],[126.911556,35.150534],[126.911555,35.150533],[126.911554,35.150533],[126.911553,35.150533],[126.911552,35.150533],[126.911551,35.150533],[126.91155,35.150534],[126.91155,35.150534],[126.911549,35.150535],[126.911548,35.150535],[126.911548,35.150536],[126.911548,35.150537],[126.911548,35.150538],[126.911548,35.150538],[126.911548,35.150539],[126.911548,35.15054],[126.911549,35.150541],[126.91155,35.150541],[126.91155,35.150542],[126.911551,35.150542],[126.911552,35.150542],[126.911553,35.150542]]]]}},{"type":"Feature","id":"1985191885781839062200000000","properties":{"id":"1985191885781839062200000000","pnu":"1221010200100090002","year":1985,"purpose":"제2종 근린생활시설","far":262.41,"floors":4,"structure":"철근콘크리트구조"},"geometry":{"type":"MultiPolygon","coordinates":[[[[126.911723,35.154358],[126.911867,35.154254],[126.911778,35.154175],[126.911724,35.15422],[126.911731,35.154225],[126.911646,35.154289],[126.911723,35.154358]]]]}},{"type":"Feature","id":"1985191898301834160200000000","properties":{"id":"1985191898301834160200000000","pnu":"1221010300100740014","purpose":"숙박시설"},"geometry":{"type":"MultiPolygon","coordinates":[[[[126.911898,35.149854],[126.911899,35.149854],[126.9119,35.149854],[126.911901,35.149853],[126.911902,35.149853],[126.911903,35.149852],[126.911903,35.149852],[126.911904,35.149851],[126.911904,35.14985],[126.911904,35.149849],[126.911904,35.149849],[126.911904,35.149848],[126.911903,35.149847],[126.911903,35.149847],[126.911902,35.149846],[126.911901,35.149846],[126.9119,35.149845],[126.911899,35.149845],[126.911898,35.149845],[126.911898,35.149845],[126.911897,35.149845],[126.911896,35.149846],[126.911895,35.149846],[126.911894,35.149847],[126.911894,35.149847],[126.911893,35.149848],[126.911893,35.149849],[126.911893,35.149849],[126.911893,35.14985],[126.911893,35.149851],[126.911894,35.149852],[126.911894,35.149852],[126.911895,35.149853],[126.911896,35.149853],[126.911897,35.149854],[126.911897,35.149854],[126.911898,35.149854]]]]}},{"type":"Feature","id":"1985191904611834178900000000","properties":{"id":"1985191904611834178900000000","pnu":"1221010300100740014","purpose":"숙박시설"},"geometry":{"type":"MultiPolygon","coordinates":[[[[126.912002,35.149894],[126.912009,35.149873],[126.911938,35.149838],[126.911927,35.149863],[126.912002,35.149894]]]]}},{"type":"Feature","id":"1985191909341834318100000000","properties":{"id":"1985191909341834318100000000","pnu":"1221010300100740014","purpose":"숙박시설"},"geometry":{"type":"MultiPolygon","coordinates":[[[[126.911969,35.150001],[126.912047,35.150054],[126.9121,35.150004],[126.912095,35.150001],[126.911986,35.149927],[126.911943,35.149983],[126.911969,35.150001]]]]}},{"type":"Feature","id":"1985191942141832836900000000","properties":{"id":"1985191942141832836900000000","pnu":"1221011500100370002","purpose":"제2종 근린생활시설","floors":1,"structure":"일반목구조"},"geometry":{"type":"MultiPolygon","coordinates":[[[[126.91235,35.148752],[126.912465,35.148622],[126.912377,35.148574],[126.912328,35.148635],[126.912353,35.148652],[126.912311,35.148726],[126.91235,35.148752]]]]}},{"type":"Feature","id":"1985191949841834688600000000","properties":{"id":"1985191949841834688600000000","pnu":"1221010300100620019","year":1985,"purpose":"제2종 근린생활시설","floors":3,"structure":"철근콘크리트구조"},"geometry":{"type":"MultiPolygon","coordinates":[[[[126.912536,35.150301],[126.912456,35.150259],[126.912389,35.15035],[126.912475,35.150393],[126.912536,35.150301]]]]}},{"type":"Feature","id":"1985191952461835086200000000","properties":{"id":"1985191952461835086200000000","pnu":"1221010300100520002","year":1985,"purpose":"제1종 근린생활시설"},"geometry":{"type":"MultiPolygon","coordinates":[[[[126.912533,35.150778],[126.912602,35.150732],[126.912442,35.150588],[126.912385,35.150635],[126.912533,35.150778]]]]}},{"type":"Feature","id":"1985191954121833169400000000","properties":{"id":"1985191954121833169400000000","pnu":"1221013000100300003","year":1985,"purpose":"제2종 근린생활시설","floors":4,"structure":"철근콘크리트구조"},"geometry":{"type":"MultiPolygon","coordinates":[[[[126.912527,35.149005],[126.912577,35.148949],[126.912513,35.148922],[126.912469,35.148926],[126.912448,35.148951],[126.912527,35.149005]]]]}},{"type":"Feature","id":"1985191992341834334400000000","properties":{"id":"1985191992341834334400000000","pnu":"1221013000100530002","year":1985,"purpose":"제2종 근린생활시설","floors":2,"structure":"벽돌구조"},"geometry":{"type":"MultiPolygon","coordinates":[[[[126.91293,35.150012],[126.912931,35.150012],[126.912932,35.150011],[126.912933,35.150011],[126.912934,35.150011],[126.912934,35.15001],[126.912935,35.150009],[126.912935,35.150009],[126.912936,35.150008],[126.912936,35.150007],[126.912936,35.150006],[126.912935,35.150006],[126.912935,35.150005],[126.912934,35.150004],[126.912934,35.150004],[126.912933,35.150003],[126.912932,35.150003],[126.912931,35.150003],[126.91293,35.150003],[126.912929,35.150003],[126.912928,35.150003],[126.912928,35.150003],[126.912927,35.150004],[126.912926,35.150004],[126.912925,35.150005],[126.912925,35.150006],[126.912925,35.150006],[126.912925,35.150007],[126.912925,35.150008],[126.912925,35.150009],[126.912925,35.150009],[126.912926,35.15001],[126.912927,35.150011],[126.912927,35.150011],[126.912928,35.150011],[126.912929,35.150012],[126.91293,35.150012]]]]}},{"type":"Feature","id":"1985191998641837799800000000","properties":{"id":"1985191998641837799800000000","pnu":"1221010200100790003","purpose":"숙박시설","structure":"블록구조"},"geometry":{"type":"MultiPolygon","coordinates":[[[[126.913,35.153178],[126.913079,35.153119],[126.913054,35.153097],[126.91301,35.15313],[126.91295,35.153088],[126.912919,35.153118],[126.913,35.153178]]]]}},{"type":"Feature","id":"1985192044851840980400000000","properties":{"id":"1985192044851840980400000000","pnu":"1221010100103200029","year":1985,"purpose":"숙박시설","far":328.91,"floors":5,"structure":"철근콘크리트구조"},"geometry":{"type":"MultiPolygon","coordinates":[[[[126.913442,35.156031],[126.913557,35.156034],[126.91356,35.155967],[126.913443,35.155961],[126.913442,35.156031]]]]}},{"type":"Feature","id":"1985192062891834990200000000","properties":{"id":"1985192062891834990200000000","pnu":"1221013000100010000","year":1985,"purpose":"제1종 근린생활시설"},"geometry":{"type":"MultiPolygon","coordinates":[[[[126.913704,35.150603],[126.913705,35.150603],[126.913706,35.150603],[126.913707,35.150603],[126.913707,35.150602],[126.913708,35.150602],[126.913709,35.150601],[126.913709,35.1506],[126.913709,35.1506],[126.913709,35.150599],[126.913709,35.150598],[126.913709,35.150597],[126.913709,35.150597],[126.913708,35.150596],[126.913707,35.150595],[126.913707,35.150595],[126.913706,35.150595],[126.913705,35.150594],[126.913704,35.150594],[126.913703,35.150594],[126.913702,35.150595],[126.913701,35.150595],[126.9137,35.150595],[126.9137,35.150596],[126.913699,35.150597],[126.913699,35.150597],[126.913699,35.150598],[126.913698,35.150599],[126.913699,35.1506],[126.913699,35.1506],[126.913699,35.150601],[126.9137,35.150602],[126.9137,35.150602],[126.913701,35.150603],[126.913702,35.150603],[126.913703,35.150603],[126.913704,35.150603]]]]}},{"type":"Feature","id":"1985192081281840915900000000","properties":{"id":"1985192081281840915900000000","pnu":"1221010100103190017","year":1985,"purpose":"숙박시설","far":244.46,"floors":4,"structure":"철근콘크리트구조"},"geometry":{"type":"MultiPolygon","coordinates":[[[[126.913921,35.156028],[126.914006,35.15596],[126.913879,35.155849],[126.913795,35.155926],[126.913921,35.156028]]]]}},{"type":"Feature","id":"1985192081341841111100000000","properties":{"id":"1985192081341841111100000000","pnu":"1221010100103190009","year":1985,"purpose":"숙박시설","floors":3,"structure":"철근콘크리트구조"},"geometry":{"type":"MultiPolygon","coordinates":[[[[126.913852,35.156174],[126.91398,35.156129],[126.913949,35.156058],[126.913821,35.156104],[126.913852,35.156174]]]]}},{"type":"Feature","id":"1985192104901833127500000000","properties":{"id":"1985192104901833127500000000","pnu":"1221012900100320004","year":1985,"purpose":"제1종 근린생활시설","far":238.08,"floors":3,"structure":"철근콘크리트구조"},"geometry":{"type":"MultiPolygon","coordinates":[[[[126.914151,35.149011],[126.914278,35.1489],[126.914188,35.148833],[126.914055,35.148932],[126.914151,35.149011]]]]}},{"type":"Feature","id":"1985192174671839979400000000","properties":{"id":"1985192174671839979400000000","pnu":"1221010100103220013","year":1985,"purpose":"숙박시설"},"geometry":{"type":"MultiPolygon","coordinates":[[[[126.914932,35.155179],[126.915022,35.155114],[126.91492,35.155017],[126.914829,35.155074],[126.914932,35.155179]]]]}},{"type":"Feature","id":"1985192182351832132600000000","properties":{"id":"1985192182351832132600000000","pnu":"1221011700100130002","year":1985,"purpose":"제2종 근린생활시설","floors":3,"structure":"철근콘크리트구조"},"geometry":{"type":"MultiPolygon","coordinates":[[[[126.915044,35.148072],[126.915076,35.148048],[126.914989,35.147976],[126.914959,35.147998],[126.915044,35.148072]]]]}},{"type":"Feature","id":"1985192196581838444800000000","properties":{"id":"1985192196581838444800000000","pnu":"1221010100100320007","year":1985,"purpose":"제1종 근린생활시설","far":318.65,"floors":4,"structure":"철근콘크리트구조"},"geometry":{"type":"MultiPolygon","coordinates":[[[[126.91527,35.153757],[126.91523,35.153714],[126.915225,35.153717],[126.91511,35.153594],[126.915065,35.153621],[126.91516,35.153723],[126.915118,35.153757],[126.915173,35.153817],[126.91527,35.153757]]]]}},{"type":"Feature","id":"1985192270561840264500000000","properties":{"id":"1985192270561840264500000000","pnu":"1221010900104720010","year":1985,"purpose":"제1종 근린생활시설"},"geometry":{"type":"MultiPolygon","coordinates":[[[[126.915978,35.155404],[126.916035,35.155366],[126.91598,35.155306],[126.91592,35.155341],[126.915978,35.155404]]]]}},{"type":"Feature","id":"1985192278711840343500000000","properties":{"id":"1985192278711840343500000000","pnu":"1221010900104720008","year":1985,"purpose":"단독주택"},"geometry":{"type":"MultiPolygon","coordinates":[[[[126.916092,35.155467],[126.916116,35.155442],[126.916045,35.155385],[126.916017,35.15541],[126.916092,35.155467]]]]}},{"type":"Feature","id":"1985192287371832296900000000","properties":{"id":"1985192287371832296900000000","pnu":"1221012800100230000","year":1985,"purpose":"제1종 근린생활시설","far":316.74,"floors":4,"structure":"철근콘크리트구조"},"geometry":{"type":"MultiPolygon","coordinates":[[[[126.916138,35.148079],[126.916094,35.148107],[126.916104,35.148118],[126.9161,35.148122],[126.916103,35.148127],[126.916091,35.148135],[126.916089,35.148149],[126.916194,35.148262],[126.916266,35.148217],[126.916138,35.148079]]]]}},{"type":"Feature","id":"1985192325121840338200000000","properties":{"id":"1985192325121840338200000000","pnu":"1221010900104710022","year":1985,"purpose":"제2종 근린생활시설"},"geometry":{"type":"MultiPolygon","coordinates":[[[[126.916607,35.155479],[126.916646,35.155448],[126.916563,35.155376],[126.916519,35.155376],[126.916503,35.155388],[126.916607,35.155479]]]]}},{"type":"Feature","id":"1985192349551840060000000000","properties":{"id":"1985192349551840060000000000","pnu":"1221010900104670016","year":1985,"purpose":"단독주택","floors":1,"structure":"블록구조"},"geometry":{"type":"MultiPolygon","coordinates":[[[[126.916863,35.155203],[126.916885,35.155179],[126.916828,35.155139],[126.916804,35.155161],[126.916863,35.155203]]]]}},{"type":"Feature","id":"1985192384311839698200000000","properties":{"id":"1985192384311839698200000000","pnu":"1221010900104670023","purpose":"기타","structure":"블록구조"},"geometry":{"type":"MultiPolygon","coordinates":[[[[126.917227,35.15485],[126.917228,35.154849],[126.917229,35.154849],[126.91723,35.154849],[126.91723,35.154848],[126.917231,35.154848],[126.917232,35.154847],[126.917232,35.154847],[126.917232,35.154846],[126.917232,35.154845],[126.917232,35.154844],[126.917232,35.154843],[126.917232,35.154843],[126.917231,35.154842],[126.91723,35.154842],[126.91723,35.154841],[126.917229,35.154841],[126.917228,35.154841],[126.917227,35.15484],[126.917226,35.154841],[126.917225,35.154841],[126.917224,35.154841],[126.917223,35.154842],[126.917223,35.154842],[126.917222,35.154843],[126.917222,35.154843],[126.917221,35.154844],[126.917221,35.154845],[126.917221,35.154846],[126.917222,35.154847],[126.917222,35.154847],[126.917223,35.154848],[126.917223,35.154848],[126.917224,35.154849],[126.917225,35.154849],[126.917226,35.154849],[126.917227,35.15485]]]]}},{"type":"Feature","id":"1985192384921839759300000000","properties":{"id":"1985192384921839759300000000","pnu":"1221010900104670023","year":1985,"purpose":"단독주택","floors":1,"structure":"일반목구조"},"geometry":{"type":"MultiPolygon","coordinates":[[[[126.917257,35.154946],[126.917295,35.154891],[126.91727,35.154874],[126.917258,35.154885],[126.917205,35.154857],[126.91717,35.1549],[126.917257,35.154946]]]]}},{"type":"Feature","id":"1985192399761840009200000000","properties":{"id":"1985192399761840009200000000","pnu":"1221010900104660014","year":1985,"purpose":"단독주택","floors":1,"structure":"블록구조"},"geometry":{"type":"MultiPolygon","coordinates":[[[[126.917376,35.155153],[126.917429,35.155143],[126.917417,35.155098],[126.917363,35.155108],[126.917376,35.155153]]]]}},{"type":"Feature","id":"1985192406421838295200000000","properties":{"id":"1985192406421838295200000000","pnu":"1221010100103080015","year":1985,"purpose":"단독주택","floors":2,"structure":"벽돌구조"},"geometry":{"type":"MultiPolygon","coordinates":[[[[126.917457,35.153673],[126.917589,35.153593],[126.91748,35.153488],[126.917356,35.153568],[126.917457,35.153673]]]]}},{"type":"Feature","id":"1985192410371834026500000000","properties":{"id":"1985192410371834026500000000","pnu":"1221010600100550002","year":1985,"purpose":"제1종 근린생활시설","far":274.6,"floors":5,"structure":"철근콘크리트구조"},"geometry":{"type":"MultiPolygon","coordinates":[[[[126.917523,35.149821],[126.917617,35.149739],[126.917507,35.149645],[126.917439,35.149706],[126.917438,35.149747],[126.917523,35.149821]]]]}},{"type":"Feature","id":"1985192414271839399900000000","properties":{"id":"1985192414271839399900000000","pnu":"1221010900104250000","year":1985,"purpose":"제1종 근린생활시설","floors":3,"structure":"철근콘크리트구조"},"geometry":{"type":"MultiPolygon","coordinates":[[[[126.917551,35.154635],[126.917612,35.154574],[126.917551,35.154525],[126.917504,35.154564],[126.917551,35.154635]]]]}},{"type":"Feature","id":"1985192435411836396000000000","properties":{"id":"1985192435411836396000000000","pnu":"1221010600100010003","year":1985,"purpose":"제2종 근린생활시설","floors":5,"structure":"철근콘크리트구조"},"geometry":{"type":"MultiPolygon","coordinates":[[[[126.917835,35.151984],[126.917847,35.151919],[126.917867,35.151895],[126.917826,35.151863],[126.917868,35.151823],[126.917803,35.151767],[126.917687,35.151866],[126.917835,35.151984]]]]}},{"type":"Feature","id":"1985192485301838919600000000","properties":{"id":"1985192485301838919600000000","pnu":"1221010900103960000","year":1985,"purpose":"단독주택","floors":2,"structure":"철근콘크리트구조"},"geometry":{"type":"MultiPolygon","coordinates":[[[[126.918354,35.154191],[126.918388,35.154149],[126.918383,35.154128],[126.918319,35.154098],[126.918276,35.15415],[126.918354,35.154191]]]]}},{"type":"Feature","id":"1985192491471832890300000000","properties":{"id":"1985192491471832890300000000","pnu":"1221013200100170001","year":1985,"purpose":"제2종 근린생활시설","far":267.77,"floors":4,"structure":"철근콘크리트구조"},"geometry":{"type":"MultiPolygon","coordinates":[[[[126.918424,35.14876],[126.918497,35.148698],[126.918425,35.14864],[126.918319,35.148729],[126.918375,35.148773],[126.918406,35.148747],[126.918424,35.14876]]]]}},{"type":"Feature","id":"1985192494191838624700000000","properties":{"id":"1985192494191838624700000000","pnu":"1221010900103660005","year":1985,"purpose":"단독주택","floors":3,"structure":"벽돌구조"},"geometry":{"type":"MultiPolygon","coordinates":[[[[126.918379,35.153908],[126.918489,35.153904],[126.918488,35.153847],[126.918377,35.153854],[126.918379,35.153908]]]]}},{"type":"Feature","id":"1985192502851841886600000000","properties":{"id":"1985192502851841886600000000","pnu":"1221010900104650034","year":1985,"purpose":"제2종 근린생활시설","far":314.2784,"floors":5,"structure":"철근콘크리트구조"},"geometry":{"type":"MultiPolygon","coordinates":[[[[126.918537,35.15689],[126.918608,35.156827],[126.91852,35.156747],[126.918442,35.156811],[126.918537,35.15689]]]]}},{"type":"Feature","id":"1985192520401840447900000000","properties":{"id":"1985192520401840447900000000","pnu":"1221010900102980007","year":1985,"purpose":"단독주택","floors":1,"structure":"벽돌구조"},"geometry":{"type":"MultiPolygon","coordinates":[[[[126.918761,35.155561],[126.918783,35.155513],[126.918678,35.155481],[126.918659,35.155533],[126.918761,35.155561]]]]}},{"type":"Feature","id":"1985192545541838856100000000","properties":{"id":"1985192545541838856100000000","pnu":"1221010900103610000","year":1985,"purpose":"제1종 근린생활시설","floors":3,"structure":"철근콘크리트구조"},"geometry":{"type":"MultiPolygon","coordinates":[[[[126.918983,35.154154],[126.919066,35.154059],[126.919011,35.154021],[126.918929,35.154114],[126.918983,35.154154]]]]}},{"type":"Feature","id":"1986191692681837181000000000","properties":{"id":"1986191692681837181000000000","pnu":"1221010300100960029","purpose":"제1종 근린생활시설","floors":2,"structure":"일반목구조"},"geometry":{"type":"MultiPolygon","coordinates":[[[[126.909763,35.15261],[126.909585,35.152467],[126.909515,35.152531],[126.909691,35.152673],[126.909763,35.15261]]]]}},{"type":"Feature","id":"1986191771761833761600000000","properties":{"id":"1986191771761833761600000000","pnu":"1221010400100980000","year":1986,"purpose":"제1종 근린생활시설","far":177.39,"floors":3,"structure":"철근콘크리트구조"},"geometry":{"type":"MultiPolygon","coordinates":[[[[126.910499,35.149416],[126.910422,35.149499],[126.910516,35.149564],[126.910601,35.149477],[126.910499,35.149416]]]]}},{"type":"Feature","id":"1986191810971837309600000000","properties":{"id":"1986191810971837309600000000","pnu":"1221010200100600003","year":1986,"purpose":"제1종 근린생활시설","far":324.15,"floors":4,"structure":"철근콘크리트구조"},"geometry":{"type":"MultiPolygon","coordinates":[[[[126.91095,35.152752],[126.91099,35.152731],[126.910996,35.152683],[126.910921,35.152624],[126.910864,35.152668],[126.91095,35.152752]]]]}},{"type":"Feature","id":"1986191825001836507800000000","properties":{"id":"1986191825001836507800000000","pnu":"1221010300100150002","year":1986,"purpose":"제1종 근린생활시설","far":170.42,"floors":2,"structure":"철근콘크리트구조"},"geometry":{"type":"MultiPolygon","coordinates":[[[[126.911128,35.152044],[126.911179,35.152009],[126.911043,35.151884],[126.911005,35.151912],[126.911128,35.152044]]]]}},{"type":"Feature","id":"1986191829941834024600000000","properties":{"id":"1986191829941834024600000000","pnu":"1221010400100730015","year":1986,"purpose":"숙박시설","far":237.05,"floors":5,"structure":"철근콘크리트구조"},"geometry":{"type":"MultiPolygon","coordinates":[[[[126.911233,35.149696],[126.911152,35.149653],[126.911066,35.149758],[126.911139,35.149802],[126.911233,35.149696]]]]}},{"type":"Feature","id":"1986191901321835984300000000","properties":{"id":"1986191901321835984300000000","pnu":"1221010300100220005","year":1986,"purpose":"제1종 근린생활시설","floors":4,"structure":"철근콘크리트구조"},"geometry":{"type":"MultiPolygon","coordinates":[[[[126.911901,35.151601],[126.91208,35.151461],[126.911994,35.15139],[126.911883,35.151464],[126.911854,35.151444],[126.911777,35.151506],[126.911901,35.151601]]]]}},{"type":"Feature","id":"1986191940811834444200000000","properties":{"id":"1986191940811834444200000000","pnu":"1221010300100620025","purpose":"제2종 근린생활시설","far":24.3089,"floors":2,"structure":"벽돌구조"},"geometry":{"type":"MultiPolygon","coordinates":[[[[126.91237,35.150143],[126.912413,35.150107],[126.912353,35.150068],[126.91232,35.150106],[126.91237,35.150143]]]]}},{"type":"Feature","id":"1986191948361834507100000000","properties":{"id":"1986191948361834507100000000","pnu":"1221010300100620025","purpose":"제2종 근린생활시설","far":24.3089,"floors":2,"structure":"벽돌구조"},"geometry":{"type":"MultiPolygon","coordinates":[[[[126.912451,35.150212],[126.912509,35.150163],[126.912441,35.150114],[126.912387,35.150162],[126.912451,35.150212]]]]}},{"type":"Feature","id":"1986191953381834580000000000","properties":{"id":"1986191953381834580000000000","pnu":"1221010300100620025","purpose":"기타","structure":"벽돌구조"},"geometry":{"type":"MultiPolygon","coordinates":[[[[126.912446,35.150226],[126.912541,35.150262],[126.912544,35.15021],[126.912523,35.150222],[126.912484,35.150196],[126.912446,35.150226]]]]}},{"type":"Feature","id":"1986191955411834286200000000","properties":{"id":"1986191955411834286200000000","pnu":"1221010300100620025","year":1986,"purpose":"제2종 근린생활시설","far":239.3,"floors":4,"structure":"철근콘크리트구조"},"geometry":{"type":"MultiPolygon","coordinates":[[[[126.912463,35.150001],[126.912528,35.150052],[126.912556,35.150001],[126.912603,35.149914],[126.912563,35.14988],[126.912434,35.149978],[126.912463,35.150001]]]]}},{"type":"Feature","id":"1986191969141838656300000000","properties":{"id":"1986191969141838656300000000","pnu":"1221010100100150006","year":1986,"purpose":"제1종 근린생활시설","far":174.27,"floors":2,"structure":"벽돌구조"},"geometry":{"type":"MultiPolygon","coordinates":[[[[126.912684,35.153963],[126.91275,35.153915],[126.912654,35.153841],[126.912611,35.153869],[126.912611,35.153909],[126.912684,35.153963]]]]}},{"type":"Feature","id":"1986192033711841428700000000","properties":{"id":"1986192033711841428700000000","pnu":"1221010100103200008","year":1986,"purpose":"숙박시설"},"geometry":{"type":"MultiPolygon","coordinates":[[[[126.913332,35.156459],[126.91347,35.156398],[126.913434,35.156346],[126.913372,35.156374],[126.913368,35.156365],[126.913287,35.156402],[126.913309,35.156439],[126.913318,35.156437],[126.913332,35.156459]]]]}},{"type":"Feature","id":"1986192041501837658100000000","properties":{"id":"1986192041501837658100000000","pnu":"1221010200100860003","year":1986,"purpose":"제2종 근린생활시설","far":154.17,"floors":3,"structure":"벽돌구조"},"geometry":{"type":"MultiPolygon","coordinates":[[[[126.913474,35.153061],[126.913537,35.153014],[126.913457,35.152947],[126.913397,35.15299],[126.913474,35.153061]]]]}},{"type":"Feature","id":"1986192041991835118000000000","properties":{"id":"1986192041991835118000000000","pnu":"1221010300100400002","year":1986,"purpose":"제2종 근린생활시설","far":319.12,"floors":5,"structure":"철근콘크리트구조"},"geometry":{"type":"MultiPolygon","coordinates":[[[[126.913473,35.150783],[126.91355,35.150707],[126.913481,35.150647],[126.913397,35.150717],[126.913473,35.150783]]]]}},{"type":"Feature","id":"1986192048071832138900000000","properties":{"id":"1986192048071832138900000000","pnu":"1221011700101160000","year":1986,"purpose":"제1종 근린생활시설","floors":4,"structure":"철근콘크리트구조"},"geometry":{"type":"MultiPolygon","coordinates":[[[[126.913532,35.14811],[126.913644,35.148022],[126.91355,35.147949],[126.913447,35.148031],[126.913532,35.14811]]]]}},{"type":"Feature","id":"1986192168521832881500000000","properties":{"id":"1986192168521832881500000000","pnu":"1221012900100240000","year":1986,"purpose":"제2종 근린생활시설"},"geometry":{"type":"MultiPolygon","coordinates":[[[[126.914843,35.148768],[126.914947,35.148681],[126.914892,35.148632],[126.914782,35.148712],[126.914843,35.148768]]]]}},{"type":"Feature","id":"1986192195791832612200000000","properties":{"id":"1986192195791832612200000000","pnu":"1221012900100240000","year":1986,"purpose":"기타","far":450.21,"floors":9,"structure":"철근콘크리트구조"},"geometry":{"type":"MultiPolygon","coordinates":[[[[126.915238,35.148838],[126.91533,35.148767],[126.915179,35.148643],[126.915373,35.14849],[126.915274,35.148407],[126.915424,35.148269],[126.915225,35.148114],[126.91493,35.148352],[126.915059,35.148477],[126.914902,35.148624],[126.914967,35.148682],[126.914995,35.148661],[126.915238,35.148838]]]]}},{"type":"Feature","id":"1986192275851834796800000000","properties":{"id":"1986192275851834796800000000","pnu":"1221013300100010034","year":1986,"purpose":"제1종 근린생활시설","far":317.72,"floors":5,"structure":"철근콘크리트구조"},"geometry":{"type":"MultiPolygon","coordinates":[[[[126.916023,35.150511],[126.916142,35.150412],[126.916053,35.150342],[126.915944,35.150441],[126.916023,35.150511]]]]}},{"type":"Feature","id":"1986192280411832324800000000","properties":{"id":"1986192280411832324800000000","pnu":"1221012800100240000","year":1986,"purpose":"제1종 근린생활시설","far":307.72,"floors":4,"structure":"철근콘크리트구조"},"geometry":{"type":"MultiPolygon","coordinates":[[[[126.916001,35.148145],[126.916137,35.148293],[126.916188,35.148262],[126.916087,35.14815],[126.916089,35.148125],[126.916069,35.148104],[126.916001,35.148145]]]]}},{"type":"Feature","id":"1986192305131840159300000000","properties":{"id":"1986192305131840159300000000","pnu":"1221010900104700010","year":1986,"purpose":"제2종 근린생활시설"},"geometry":{"type":"MultiPolygon","coordinates":[[[[126.916371,35.155321],[126.916407,35.155297],[126.916384,35.155224],[126.91635,35.155204],[126.916295,35.155244],[126.916371,35.155321]]]]}},{"type":"Feature","id":"1986192367681832742300000000","properties":{"id":"1986192367681832742300000000","pnu":"1221013200100310000","year":1986,"purpose":"제2종 근린생활시설","far":272.52,"floors":5,"structure":"철근콘크리트구조"},"geometry":{"type":"MultiPolygon","coordinates":[[[[126.917125,35.148625],[126.91713,35.148529],[126.917024,35.148531],[126.916943,35.148552],[126.916999,35.14862],[126.917125,35.148625]]]]}},{"type":"Feature","id":"1986192388591839589100000000","properties":{"id":"1986192388591839589100000000","pnu":"1221010900104190005","year":1986,"purpose":"제1종 근린생활시설","far":136,"floors":3,"structure":"철근콘크리트구조"},"geometry":{"type":"MultiPolygon","coordinates":[[[[126.917342,35.154752],[126.917288,35.154699],[126.917219,35.154732],[126.917218,35.154774],[126.917289,35.154786],[126.917342,35.154752]]]]}},{"type":"Feature","id":"1986192468041832807700000000","properties":{"id":"1986192468041832807700000000","pnu":"1221013200100190001","year":1986,"purpose":"제2종 근린생활시설","far":239.57,"floors":4,"structure":"철근콘크리트구조"},"geometry":{"type":"MultiPolygon","coordinates":[[[[126.918329,35.148575],[126.918233,35.148487],[126.918181,35.148521],[126.918101,35.148565],[126.918055,35.148597],[126.91802,35.14863],[126.917967,35.148664],[126.918017,35.148716],[126.918029,35.148708],[126.918065,35.148746],[126.918141,35.148768],[126.918241,35.148702],[126.918251,35.148678],[126.918229,35.148655],[126.918253,35.148639],[126.918245,35.14863],[126.918329,35.148575]]]]}},{"type":"Feature","id":"1986192472151833966900000000","properties":{"id":"1986192472151833966900000000","pnu":"1221010600100510021","year":1986,"purpose":"제2종 근린생활시설","far":195.43,"floors":3,"structure":"철근콘크리트구조"},"geometry":{"type":"MultiPolygon","coordinates":[[[[126.918155,35.149763],[126.918294,35.149643],[126.918238,35.149598],[126.918101,35.149712],[126.918155,35.149763]]]]}},{"type":"Feature","id":"1986192482611833470200000000","properties":{"id":"1986192482611833470200000000","pnu":"1221010600100450015","year":1986,"purpose":"제2종 근린생활시설","far":446.35,"floors":7,"structure":"철근콘크리트구조"},"geometry":{"type":"MultiPolygon","coordinates":[[[[126.918267,35.14937],[126.918419,35.149264],[126.918462,35.149253],[126.918479,35.149241],[126.918487,35.149226],[126.918488,35.149207],[126.918489,35.149197],[126.918328,35.149096],[126.918128,35.14926],[126.918267,35.14937]]]]}},{"type":"Feature","id":"1986192482791832849400000000","properties":{"id":"1986192482791832849400000000","pnu":"1221013200100180000","year":1986,"purpose":"제1종 근린생활시설","far":305.44,"floors":4,"structure":"철근콘크리트구조"},"geometry":{"type":"MultiPolygon","coordinates":[[[[126.918208,35.148764],[126.918272,35.148781],[126.9183,35.14875],[126.918293,35.148746],[126.918421,35.148623],[126.918361,35.148577],[126.918358,35.148579],[126.918346,35.14857],[126.918252,35.148662],[126.918277,35.14868],[126.918258,35.148698],[126.918208,35.148764]]]]}},{"type":"Feature","id":"1986192508861833033000000000","properties":{"id":"1986192508861833033000000000","pnu":"1221010500100830002","year":1986,"purpose":"제2종 근린생활시설","far":253.64,"floors":3,"structure":"벽돌구조"},"geometry":{"type":"MultiPolygon","coordinates":[[[[126.918588,35.148887],[126.918656,35.148813],[126.918628,35.148797],[126.918603,35.148801],[126.918545,35.148855],[126.918588,35.148887]]]]}},{"type":"Feature","id":"1986192520771835135500000000","properties":{"id":"1986192520771835135500000000","pnu":"1221010600100340001","year":1986,"purpose":"제1종 근린생활시설"},"geometry":{"type":"MultiPolygon","coordinates":[[[[126.918817,35.15073],[126.91875,35.150664],[126.918635,35.150742],[126.918689,35.150786],[126.918744,35.150787],[126.918817,35.15073]]]]}},{"type":"Feature","id":"1986192534081836905500000000","properties":{"id":"1986192534081836905500000000","pnu":"1221010700100130002","year":1986,"purpose":"공동주택","far":172.27,"floors":3,"structure":"철근콘크리트구조"},"geometry":{"type":"MultiPolygon","coordinates":[[[[126.919002,35.152363],[126.918857,35.15222],[126.918746,35.152296],[126.918799,35.152348],[126.918794,35.152351],[126.918837,35.152394],[126.918845,35.152388],[126.918894,35.152436],[126.919002,35.152363]]]]}},{"type":"Feature","id":"1986192540601836472900000000","properties":{"id":"1986192540601836472900000000","pnu":"1221010700100310000","year":1986,"purpose":"기타","far":195.5064,"floors":7,"structure":"철근콘크리트구조"},"geometry":{"type":"MultiPolygon","coordinates":[[[[126.918906,35.152144],[126.919152,35.151976],[126.919123,35.151948],[126.919155,35.151902],[126.919141,35.151878],[126.919007,35.151735],[126.918698,35.151933],[126.918906,35.152144]]]]}},{"type":"Feature","id":"1986192545241837458100000000","properties":{"id":"1986192545241837458100000000","pnu":"1221010700100010011","year":1986,"purpose":"제2종 근린생활시설","far":262.35,"floors":4,"structure":"철근콘크리트구조"},"geometry":{"type":"MultiPolygon","coordinates":[[[[126.918971,35.152913],[126.919101,35.152805],[126.919018,35.152741],[126.91889,35.152849],[126.918971,35.152913]]]]}},{"type":"Feature","id":"1987191734621837178700000000","properties":{"id":"1987191734621837178700000000","pnu":"1221010300100100001","year":1987,"purpose":"제1종 근린생활시설","far":314.28,"floors":4,"structure":"철근콘크리트구조"},"geometry":{"type":"MultiPolygon","coordinates":[[[[126.910047,35.152544],[126.910105,35.152625],[126.910125,35.152612],[126.91012,35.152604],[126.910155,35.152581],[126.910087,35.152517],[126.910047,35.152544]]]]}},{"type":"Feature","id":"1987191739401837128600000000","properties":{"id":"1987191739401837128600000000","pnu":"1221010300100100003","year":1987,"purpose":"제2종 근린생활시설","far":321.88,"floors":4,"structure":"철근콘크리트구조"},"geometry":{"type":"MultiPolygon","coordinates":[[[[126.910089,35.152516],[126.910153,35.152574],[126.910213,35.152534],[126.910153,35.152472],[126.910089,35.152516]]]]}},{"type":"Feature","id":"1987191746191837080000000000","properties":{"id":"1987191746191837080000000000","pnu":"1221010300100100004","year":1987,"purpose":"제2종 근린생활시설","far":322.03,"floors":4,"structure":"철근콘크리트구조"},"geometry":{"type":"MultiPolygon","coordinates":[[[[126.910165,35.152462],[126.910231,35.152534],[126.910286,35.152498],[126.910274,35.152482],[126.910221,35.152427],[126.910165,35.152462]]]]}},{"type":"Feature","id":"1987191781041835524700000000","properties":{"id":"1987191781041835524700000000","pnu":"1221010300100800024","purpose":"단독주택"},"geometry":{"type":"MultiPolygon","coordinates":[[[[126.910625,35.151167],[126.910706,35.151095],[126.910586,35.150992],[126.91052,35.151036],[126.9106,35.151152],[126.910625,35.151167]]]]}},{"type":"Feature","id":"1987191835161832736500000000","properties":{"id":"1987191835161832736500000000","pnu":"1221011500100130003","year":1987,"purpose":"제2종 근린생활시설","far":327.09,"floors":5,"structure":"철근콘크리트구조"},"geometry":{"type":"MultiPolygon","coordinates":[[[[126.911241,35.14865],[126.911314,35.148584],[126.911167,35.148481],[126.911102,35.148546],[126.911241,35.14865]]]]}},{"type":"Feature","id":"1987191851381839337500000000","properties":{"id":"1987191851381839337500000000","pnu":"1221010200100010018","year":1987,"purpose":"제2종 근린생활시설","far":379.59,"floors":5,"structure":"철근콘크리트구조"},"geometry":{"type":"MultiPolygon","coordinates":[[[[126.911405,35.1546],[126.911478,35.154535],[126.911351,35.154435],[126.911277,35.154489],[126.911405,35.1546]]]]}},{"type":"Feature","id":"1987191896141835860200000000","properties":{"id":"1987191896141835860200000000","pnu":"1221010300100220005","year":1987,"purpose":"제1종 근린생활시설","far":185.93,"floors":2,"structure":"벽돌구조"},"geometry":{"type":"MultiPolygon","coordinates":[[[[126.91183,35.15145],[126.911891,35.151414],[126.911908,35.151426],[126.911976,35.151378],[126.911893,35.151312],[126.911774,35.151387],[126.91183,35.15145]]]]}},{"type":"Feature","id":"1987191944091835936100000000","properties":{"id":"1987191944091835936100000000","pnu":"1221010200101240004","year":1987,"purpose":"제1종 근린생활시설","far":71.57,"floors":1,"structure":"철근콘크리트구조"},"geometry":{"type":"MultiPolygon","coordinates":[[[[126.912343,35.151472],[126.912376,35.151503],[126.912441,35.151437],[126.912452,35.151444],[126.912463,35.151432],[126.912416,35.151402],[126.912343,35.151472]]]]}},{"type":"Feature","id":"1987191999521838431800000000","properties":{"id":"1987191999521838431800000000","pnu":"1221010100100160005","purpose":"제1종 근린생활시설","floors":1,"structure":"일반목구조"},"geometry":{"type":"MultiPolygon","coordinates":[[[[126.913058,35.153773],[126.913103,35.153732],[126.91299,35.153645],[126.912951,35.153639],[126.912908,35.153672],[126.912983,35.153736],[126.912999,35.153723],[126.913058,35.153773]]]]}},{"type":"Feature","id":"1987192044851841083000000000","properties":{"id":"1987192044851841083000000000","pnu":"1221010100103200021","year":1984,"purpose":"제2종 근린생활시설","far":202.02,"floors":4,"structure":"철근콘크리트구조"},"geometry":{"type":"MultiPolygon","coordinates":[[[[126.913546,35.156121],[126.91355,35.156059],[126.913447,35.156056],[126.913446,35.156081],[126.913481,35.156136],[126.913546,35.156121]]]]}},{"type":"Feature","id":"1987192069171839453800000000","properties":{"id":"1987192069171839453800000000","pnu":"1221010100100200012","year":1987,"purpose":"제2종 근린생활시설","far":156.6,"floors":2,"structure":"철근콘크리트구조"},"geometry":{"type":"MultiPolygon","coordinates":[[[[126.913711,35.154603],[126.913739,35.154632],[126.913743,35.154629],[126.913794,35.154682],[126.913828,35.15466],[126.913771,35.154613],[126.913779,35.154608],[126.913765,35.154594],[126.913792,35.154579],[126.913775,35.154561],[126.913711,35.154603]]]]}},{"type":"Feature","id":"1987192076751840524400000000","properties":{"id":"1987192076751840524400000000","pnu":"1221010100103160006","year":1987,"purpose":"제2종 근린생활시설","far":368.13,"floors":6,"structure":"철근콘크리트구조"},"geometry":{"type":"MultiPolygon","coordinates":[[[[126.913861,35.155676],[126.913958,35.155599],[126.913838,35.1555],[126.913744,35.155572],[126.913861,35.155676]]]]}},{"type":"Feature","id":"1987192079411841288800000000","properties":{"id":"1987192079411841288800000000","pnu":"1221010100103190005","year":1987,"purpose":"숙박시설"},"geometry":{"type":"MultiPolygon","coordinates":[[[[126.913966,35.156311],[126.913885,35.156202],[126.913821,35.156236],[126.913823,35.156244],[126.913797,35.156261],[126.913837,35.156319],[126.913845,35.156313],[126.913869,35.156338],[126.91392,35.156323],[126.913932,35.15633],[126.913966,35.156311]]]]}},{"type":"Feature","id":"1987192092301837933200000000","properties":{"id":"1987192092301837933200000000","pnu":"1221010100100250009","purpose":"제1종 근린생활시설"},"geometry":{"type":"MultiPolygon","coordinates":[[[[126.914024,35.153256],[126.914025,35.153256],[126.914026,35.153256],[126.914027,35.153256],[126.914027,35.153255],[126.914028,35.153255],[126.914029,35.153254],[126.914029,35.153253],[126.914029,35.153253],[126.914029,35.153252],[126.914029,35.153251],[126.914029,35.15325],[126.914029,35.15325],[126.914028,35.153249],[126.914027,35.153248],[126.914027,35.153248],[126.914026,35.153248],[126.914025,35.153247],[126.914024,35.153247],[126.914023,35.153247],[126.914022,35.153248],[126.914021,35.153248],[126.91402,35.153248],[126.91402,35.153249],[126.914019,35.15325],[126.914019,35.15325],[126.914018,35.153251],[126.914018,35.153252],[126.914018,35.153253],[126.914019,35.153253],[126.914019,35.153254],[126.91402,35.153255],[126.91402,35.153255],[126.914021,35.153256],[126.914022,35.153256],[126.914023,35.153256],[126.914024,35.153256]]]]}},{"type":"Feature","id":"1987192100611841184000000000","properties":{"id":"1987192100611841184000000000","pnu":"1221010100103190007","year":1987,"purpose":"단독주택","far":178.87,"floors":3,"structure":"철근콘크리트구조"},"geometry":{"type":"MultiPolygon","coordinates":[[[[126.914112,35.156243],[126.914177,35.156196],[126.914089,35.156123],[126.914054,35.15615],[126.914112,35.156243]]]]}},{"type":"Feature","id":"1987192117091832353800000000","properties":{"id":"1987192117091832353800000000","pnu":"1221011700100050014","year":1987,"purpose":"제2종 근린생활시설","far":267.7,"floors":4,"structure":"철근콘크리트구조"},"geometry":{"type":"MultiPolygon","coordinates":[[[[126.914375,35.148242],[126.914366,35.148178],[126.914221,35.148196],[126.914256,35.148277],[126.914375,35.148242]]]]}},{"type":"Feature","id":"1987192131801833067000000000","properties":{"id":"1987192131801833067000000000","pnu":"1221012900100360000","year":1987,"purpose":"제2종 근린생활시설","far":299.57,"floors":5,"structure":"철근콘크리트구조"},"geometry":{"type":"MultiPolygon","coordinates":[[[[126.914532,35.148925],[126.914509,35.14879],[126.914481,35.148789],[126.914392,35.148821],[126.914396,35.148882],[126.914404,35.148882],[126.914412,35.148939],[126.914532,35.148925]]]]}},{"type":"Feature","id":"1987192175251833230600000000","properties":{"id":"1987192175251833230600000000","pnu":"1221012900100260001","year":1987,"purpose":"제1종 근린생활시설","far":315.16,"floors":4,"structure":"철근콘크리트구조"},"geometry":{"type":"MultiPolygon","coordinates":[[[[126.914946,35.14913],[126.915086,35.149025],[126.914922,35.148895],[126.914816,35.148986],[126.914813,35.149024],[126.914946,35.14913]]]]}},{"type":"Feature","id":"1987192189491838551000000000","properties":{"id":"1987192189491838551000000000","pnu":"1221010100100320020","purpose":"제1종 근린생활시설","floors":1,"structure":"일반목구조"},"geometry":{"type":"MultiPolygon","coordinates":[[[[126.915022,35.153829],[126.915136,35.153835],[126.915147,35.153827],[126.915096,35.153765],[126.915022,35.153829]]]]}},{"type":"Feature","id":"1987192205431836953700000000","properties":{"id":"1987192205431836953700000000","pnu":"1221010100101180000","year":1987,"purpose":"단독주택"},"geometry":{"type":"MultiPolygon","coordinates":[[[[126.915281,35.152414],[126.915318,35.152373],[126.915253,35.152328],[126.915213,35.152364],[126.915281,35.152414]]]]}},{"type":"Feature","id":"1987192210841836878600000000","properties":{"id":"1987192210841836878600000000","pnu":"1221010100101180000","year":1987,"purpose":"단독주택"},"geometry":{"type":"MultiPolygon","coordinates":[[[[126.915393,35.152291],[126.915326,35.152243],[126.915257,35.152315],[126.915328,35.15236],[126.915393,35.152291]]]]}},{"type":"Feature","id":"1987192242911838067400000000","properties":{"id":"1987192242911838067400000000","pnu":"1221010100100410007","year":1987,"purpose":"제1종 근린생활시설","far":140.49,"floors":5,"structure":"철근콘크리트구조"},"geometry":{"type":"MultiPolygon","coordinates":[[[[126.915525,35.153415],[126.915535,35.153425],[126.915642,35.153498],[126.915647,35.1535],[126.915652,35.1535],[126.915657,35.153499],[126.915823,35.153396],[126.915829,35.153391],[126.915832,35.153388],[126.915833,35.153385],[126.915833,35.15338],[126.915834,35.153375],[126.915833,35.153371],[126.915831,35.153367],[126.915827,35.153363],[126.915685,35.153243],[126.915678,35.153239],[126.915675,35.153238],[126.915672,35.153238],[126.915668,35.153238],[126.915665,35.153239],[126.915661,35.153241],[126.915578,35.153293],[126.91562,35.15334],[126.915524,35.1534],[126.915522,35.153402],[126.915521,35.153405],[126.91552,35.153408],[126.915522,35.153411],[126.915525,35.153415]]]]}},{"type":"Feature","id":"1987192298631832227900000000","properties":{"id":"1987192298631832227900000000","pnu":"1221012800100210000","year":1987,"purpose":"제1종 근린생활시설","far":304.4937,"floors":4,"structure":"철근콘크리트구조"},"geometry":{"type":"MultiPolygon","coordinates":[[[[126.91642,35.148123],[126.916305,35.148006],[126.916175,35.148096],[126.916267,35.148216],[126.91642,35.148123]]]]}},{"type":"Feature","id":"1987192324091842630300000000","properties":{"id":"1987192324091842630300000000","pnu":"1221010900104900003","year":1987,"purpose":"단독주택"},"geometry":{"type":"MultiPolygon","coordinates":[[[[126.916639,35.157512],[126.916533,35.157427],[126.916488,35.157462],[126.916594,35.157547],[126.916639,35.157512]]]]}},{"type":"Feature","id":"1987192339511839890000000000","properties":{"id":"1987192339511839890000000000","pnu":"1221010900104180000","year":1987,"purpose":"숙박시설","far":237.99,"floors":4,"structure":"철근콘크리트구조"},"geometry":{"type":"MultiPolygon","coordinates":[[[[126.916821,35.154923],[126.916573,35.15504],[126.916657,35.155107],[126.916886,35.155005],[126.916855,35.154959],[126.916845,35.154963],[126.916821,35.154923]]]]}},{"type":"Feature","id":"1987192345211842414200000000","properties":{"id":"1987192345211842414200000000","pnu":"1221010900104830005","year":1987,"purpose":"제1종 근린생활시설"},"geometry":{"type":"MultiPolygon","coordinates":[[[[126.916788,35.157395],[126.916928,35.157288],[126.916852,35.157219],[126.91683,35.157237],[126.916773,35.1572],[126.916666,35.15729],[126.916788,35.157395]]]]}},{"type":"Feature","id":"1987192430371833878900000000","properties":{"id":"1987192430371833878900000000","pnu":"1221010600100550006","year":1987,"purpose":"제1종 근린생활시설","far":253.49,"floors":4,"structure":"철근콘크리트구조"},"geometry":{"type":"MultiPolygon","coordinates":[[[[126.917772,35.149696],[126.91784,35.149648],[126.91773,35.14951],[126.91771,35.149508],[126.917631,35.149572],[126.917772,35.149696]]]]}},{"type":"Feature","id":"1987192446711834844900000000","properties":{"id":"1987192446711834844900000000","pnu":"1221010600100610000","year":1987,"purpose":"제2종 근린생활시설","far":273.81,"floors":4,"structure":"철근콘크리트구조"},"geometry":{"type":"MultiPolygon","coordinates":[[[[126.917916,35.150539],[126.917988,35.150467],[126.917974,35.150457],[126.917994,35.150437],[126.917943,35.150402],[126.917882,35.150463],[126.917853,35.150443],[126.917822,35.150475],[126.917916,35.150539]]]]}},{"type":"Feature","id":"1987192467801842282100000000","properties":{"id":"1987192467801842282100000000","pnu":"1221010900104850021","year":1987,"purpose":"숙박시설","far":234.53,"floors":5,"structure":"철근콘크리트구조"},"geometry":{"type":"MultiPolygon","coordinates":[[[[126.918232,35.15719],[126.918125,35.1571],[126.918052,35.157163],[126.918154,35.157247],[126.918232,35.15719]]]]}},{"type":"Feature","id":"1987192478541842016100000000","properties":{"id":"1987192478541842016100000000","pnu":"1221010900104860008","year":1987,"purpose":"기타","far":271.09,"floors":4,"structure":"철근콘크리트구조"},"geometry":{"type":"MultiPolygon","coordinates":[[[[126.918156,35.156914],[126.918281,35.157023],[126.918362,35.156951],[126.918236,35.156849],[126.918156,35.156914]]]]}},{"type":"Feature","id":"1987192520131834310900000000","properties":{"id":"1987192520131834310900000000","pnu":"1221010600100360006","year":1987,"purpose":"제2종 근린생활시설","floors":4,"structure":"철근콘크리트구조"},"geometry":{"type":"MultiPolygon","coordinates":[[[[126.918656,35.15],[126.918736,35.150056],[126.918792,35.15],[126.918804,35.149989],[126.918707,35.149925],[126.918642,35.14999],[126.918656,35.15]]]]}},{"type":"Feature","id":"1987192532161840627700000000","properties":{"id":"1987192532161840627700000000","pnu":"1221010900102980003","year":1987,"purpose":"숙박시설","far":302.01,"floors":6,"structure":"철근콘크리트구조"},"geometry":{"type":"MultiPolygon","coordinates":[[[[126.918899,35.155789],[126.91899,35.155716],[126.918928,35.155665],[126.918912,35.155678],[126.91876,35.155575],[126.918727,35.1556],[126.918725,35.155645],[126.918899,35.155789]]]]}},{"type":"Feature","id":"1988191686511837560900000000","properties":{"id":"1988191686511837560900000000","pnu":"1221010300100060009","purpose":"제1종 근린생활시설"},"geometry":{"type":"MultiPolygon","coordinates":[[[[126.909565,35.152967],[126.909636,35.152914],[126.909579,35.152858],[126.909504,35.152913],[126.909565,35.152967]]]]}},{"type":"Feature","id":"1988191695501835427500000000","properties":{"id":"1988191695501835427500000000","pnu":"1221010400100410002","year":1988,"purpose":"기타","far":323.3921,"floors":4,"structure":"철근콘크리트구조"},"geometry":{"type":"MultiPolygon","coordinates":[[[[126.909693,35.151124],[126.909847,35.150994],[126.909692,35.150873],[126.9096,35.150936],[126.909543,35.150898],[126.909484,35.150954],[126.909693,35.151124]]]]}},{"type":"Feature","id":"1988191798691834747000000000","properties":{"id":"1988191798691834747000000000","pnu":"1221010400100470002","year":1988,"purpose":"제2종 근린생활시설","far":254.2,"floors":3,"structure":"철근콘크리트구조"},"geometry":{"type":"MultiPolygon","coordinates":[[[[126.910785,35.150398],[126.910832,35.150425],[126.910871,35.150395],[126.910808,35.150342],[126.91076,35.150339],[126.910736,35.150358],[126.910785,35.150398]]]]}},{"type":"Feature","id":"1988191820601833403500000000","properties":{"id":"1988191820601833403500000000","pnu":"1221010400100900003","year":1988,"purpose":"제2종 근린생활시설","far":125.2,"floors":3,"structure":"철근콘크리트구조"},"geometry":{"type":"MultiPolygon","coordinates":[[[[126.911044,35.149235],[126.911122,35.149142],[126.911053,35.149098],[126.910969,35.14919],[126.911044,35.149235]]]]}},{"type":"Feature","id":"1988191835281837309600000000","properties":{"id":"1988191835281837309600000000","pnu":"1221010200100610005","year":1988,"purpose":"제2종 근린생활시설","far":301.15,"floors":4,"structure":"철근콘크리트구조"},"geometry":{"type":"MultiPolygon","coordinates":[[[[126.911211,35.152742],[126.911273,35.152696],[126.911198,35.152633],[126.911134,35.15268],[126.911211,35.152742]]]]}},{"type":"Feature","id":"1988191855921833606000000000","properties":{"id":"1988191855921833606000000000","pnu":"1221010400100680001","year":1988,"purpose":"기타"},"geometry":{"type":"MultiPolygon","coordinates":[[[[126.911643,35.149459],[126.91146,35.1493],[126.911594,35.149173],[126.911495,35.149101],[126.911256,35.149327],[126.91131,35.149369],[126.911215,35.149454],[126.911295,35.149514],[126.911354,35.14945],[126.911446,35.149522],[126.911496,35.149483],[126.91157,35.149536],[126.911643,35.149459]]]]}},{"type":"Feature","id":"1988191875851833113000000000","properties":{"id":"1988191875851833113000000000","pnu":"1221011500100050004","year":1988,"purpose":"제2종 근린생활시설"},"geometry":{"type":"MultiPolygon","coordinates":[[[[126.91164,35.148989],[126.911716,35.148923],[126.911748,35.148868],[126.911638,35.148827],[126.911614,35.14887],[126.911558,35.148927],[126.91164,35.148989]]]]}},{"type":"Feature","id":"1988191936721836370900000000","properties":{"id":"1988191936721836370900000000","pnu":"1221010200101130000","year":1988,"purpose":"기타","floors":10,"structure":"철골철근콘크리트구조"},"geometry":{"type":"MultiPolygon","coordinates":[[[[126.91233,35.151987],[126.912497,35.151861],[126.912308,35.151695],[126.91214,35.151823],[126.912316,35.151982],[126.912324,35.151987],[126.91233,35.151987]]]]}},{"type":"Feature","id":"1988191939801838369500000000","properties":{"id":"1988191939801838369500000000","pnu":"1221010200100740008","purpose":"제2종 근린생활시설","far":83.87,"floors":1,"structure":"일반목구조"},"geometry":{"type":"MultiPolygon","coordinates":[[[[126.912366,35.15369],[126.912406,35.153658],[126.912332,35.153597],[126.912294,35.15363],[126.912366,35.15369]]]]}},{"type":"Feature","id":"1988191962101832213400000000","properties":{"id":"1988191962101832213400000000","pnu":"1221011500100340002","year":1988,"purpose":"제2종 근린생활시설","far":230.94,"floors":3,"structure":"철근콘크리트구조"},"geometry":{"type":"MultiPolygon","coordinates":[[[[126.912747,35.148134],[126.91255,35.147998],[126.912476,35.148082],[126.912621,35.148176],[126.912747,35.148134]]]]}},{"type":"Feature","id":"1988191996921835465200000000","properties":{"id":"1988191996921835465200000000","pnu":"1221010300100360000","purpose":"제2종 근린생활시설","floors":1,"structure":"일반목구조"},"geometry":{"type":"MultiPolygon","coordinates":[[[[126.913022,35.151122],[126.913096,35.151064],[126.912938,35.150927],[126.912874,35.150977],[126.912898,35.150999],[126.912884,35.151018],[126.913022,35.151122]]]]}},{"type":"Feature","id":"1988192023721838378400000000","properties":{"id":"1988192023721838378400000000","pnu":"1221010100100270026","year":1988,"purpose":"제1종 근린생활시설"},"geometry":{"type":"MultiPolygon","coordinates":[[[[126.913149,35.153686],[126.913221,35.153741],[126.913388,35.153618],[126.913332,35.153562],[126.913149,35.153686]]]]}},{"type":"Feature","id":"1988192044061838416700000000","properties":{"id":"1988192044061838416700000000","pnu":"1221010100100270026","purpose":"기타"},"geometry":{"type":"MultiPolygon","coordinates":[[[[126.913499,35.153678],[126.913481,35.153691],[126.913491,35.153695],[126.913505,35.153686],[126.913499,35.153678]]]]}},{"type":"Feature","id":"1988192077151841413200000000","properties":{"id":"1988192077151841413200000000","pnu":"1221010100103190003","year":1988,"purpose":"제2종 근린생활시설"},"geometry":{"type":"MultiPolygon","coordinates":[[[[126.91381,35.156443],[126.913926,35.156368],[126.913888,35.156335],[126.913785,35.156412],[126.91381,35.156443]]]]}},{"type":"Feature","id":"1988192091061841225100000000","properties":{"id":"1988192091061841225100000000","pnu":"1221010100103190006","year":1988,"purpose":"제2종 근린생활시설","far":204.29,"floors":3,"structure":"철근콘크리트구조"},"geometry":{"type":"MultiPolygon","coordinates":[[[[126.913993,35.156314],[126.91404,35.156295],[126.914041,35.156284],[126.914094,35.156257],[126.914028,35.156129],[126.913917,35.156173],[126.913993,35.156314]]]]}},{"type":"Feature","id":"1988192091731838018200000000","properties":{"id":"1988192091731838018200000000","pnu":"1221010100100250008","purpose":"기타","structure":"철근콘크리트구조"},"geometry":{"type":"MultiPolygon","coordinates":[[[[126.91401,35.153328],[126.914018,35.153334],[126.914024,35.153329],[126.914017,35.153323],[126.91401,35.153328]]]]}},{"type":"Feature","id":"1988192092871836486900000000","properties":{"id":"1988192092871836486900000000","pnu":"1221010200101960006","purpose":"단독주택","floors":1,"structure":"일반목구조"},"geometry":{"type":"MultiPolygon","coordinates":[[[[126.914074,35.15198],[126.91411,35.15194],[126.914024,35.151887],[126.913956,35.151968],[126.914025,35.152006],[126.914058,35.15197],[126.914074,35.15198]]]]}},{"type":"Feature","id":"1988192096631837952900000000","properties":{"id":"1988192096631837952900000000","pnu":"1221010100100250008","year":1988,"purpose":"제1종 근린생활시설","far":85.53,"floors":2,"structure":"철근콘크리트구조"},"geometry":{"type":"MultiPolygon","coordinates":[[[[126.914016,35.153288],[126.914045,35.153313],[126.914127,35.15325],[126.914099,35.153226],[126.914016,35.153288]]]]}},{"type":"Feature","id":"1988192120091832461500000000","properties":{"id":"1988192120091832461500000000","pnu":"1221011700100030000","year":1988,"purpose":"제1종 근린생활시설","far":118.36,"floors":2,"structure":"철근콘크리트구조"},"geometry":{"type":"MultiPolygon","coordinates":[[[[126.914233,35.148291],[126.914243,35.14833],[126.914305,35.148361],[126.914324,35.148381],[126.914407,35.148381],[126.914406,35.148266],[126.914308,35.148267],[126.914233,35.148291]]]]}},{"type":"Feature","id":"1988192217561837333700000000","properties":{"id":"1988192217561837333700000000","pnu":"1221010100100600000","year":1988,"purpose":"단독주택","far":231.99,"floors":4,"structure":"철근콘크리트구조"},"geometry":{"type":"MultiPolygon","coordinates":[[[[126.915391,35.152767],[126.915463,35.152698],[126.915405,35.152658],[126.915336,35.152727],[126.915391,35.152767]]]]}},{"type":"Feature","id":"1988192284691838602200000000","properties":{"id":"1988192284691838602200000000","pnu":"1221010100103120009","year":1988,"purpose":"제1종 근린생활시설","far":336.15,"floors":5,"structure":"철근콘크리트구조"},"geometry":{"type":"MultiPolygon","coordinates":[[[[126.916122,35.153944],[126.916239,35.153867],[126.916146,35.15377],[126.91603,35.153845],[126.916122,35.153944]]]]}},{"type":"Feature","id":"1988192314361836760900000000","properties":{"id":"1988192314361836760900000000","pnu":"1221010100101650006","year":1988,"purpose":"기타","far":331.89039,"floors":5,"structure":"철근콘크리트구조"},"geometry":{"type":"MultiPolygon","coordinates":[[[[126.916491,35.152291],[126.916582,35.152207],[126.916416,35.152102],[126.91636,35.152166],[126.916371,35.152205],[126.916491,35.152291]]]]}},{"type":"Feature","id":"1988192314941835859200000000","properties":{"id":"1988192314941835859200000000","pnu":"1221010100101360000","year":1988,"purpose":"제2종 근린생활시설"},"geometry":{"type":"MultiPolygon","coordinates":[[[[126.916475,35.151453],[126.916555,35.151397],[126.916465,35.151315],[126.916383,35.151373],[126.916475,35.151453]]]]}},{"type":"Feature","id":"1988192318231834123200000000","properties":{"id":"1988192318231834123200000000","pnu":"1221013300100020002","year":1988,"purpose":"제1종 근린생활시설","far":259.928,"floors":7,"structure":"철근콘크리트구조"},"geometry":{"type":"MultiPolygon","coordinates":[[[[126.916533,35.149993],[126.916716,35.149847],[126.916479,35.149646],[126.916298,35.149791],[126.916533,35.149993]]]]}},{"type":"Feature","id":"1988192320381832842000000000","properties":{"id":"1988192320381832842000000000","pnu":"1221012800100060001","year":1988,"purpose":"숙박시설","far":661.84797,"floors":10,"structure":"철근콘크리트구조"},"geometry":{"type":"MultiPolygon","coordinates":[[[[126.916447,35.148836],[126.916605,35.148705],[126.916592,35.148691],[126.916804,35.148524],[126.916772,35.148497],[126.916721,35.148527],[126.916675,35.148498],[126.916492,35.148637],[126.916442,35.148607],[126.916303,35.148727],[126.916447,35.148836]]]]}},{"type":"Feature","id":"1988192331551835908500000000","properties":{"id":"1988192331551835908500000000","pnu":"1221010100101380000","purpose":"단독주택"},"geometry":{"type":"MultiPolygon","coordinates":[[[[126.91667,35.151506],[126.916744,35.151439],[126.916635,35.151353],[126.916557,35.151416],[126.91667,35.151506]]]]}},{"type":"Feature","id":"1988192352651836324900000000","properties":{"id":"1988192352651836324900000000","pnu":"1221010100101560000","year":1988,"purpose":"기타","far":579.26,"floors":10,"structure":"철근콘크리트구조"},"geometry":{"type":"MultiPolygon","coordinates":[[[[126.916702,35.151851],[126.91684,35.151954],[126.917062,35.151757],[126.916926,35.151654],[126.916702,35.151851]]]]}},{"type":"Feature","id":"1988192362771842306500000000","properties":{"id":"1988192362771842306500000000","pnu":"1221010900104830004","year":1988,"purpose":"제1종 근린생활시설"},"geometry":{"type":"MultiPolygon","coordinates":[[[[126.916974,35.157255],[126.91706,35.157186],[126.917003,35.157139],[126.916917,35.157201],[126.916974,35.157255]]]]}},{"type":"Feature","id":"1988192380941837680100000000","properties":{"id":"1988192380941837680100000000","pnu":"1221010100103130028","purpose":"제1종 근린생활시설","floors":1,"structure":"일반목구조"},"geometry":{"type":"MultiPolygon","coordinates":[[[[126.917192,35.15303],[126.917193,35.15303],[126.917194,35.15303],[126.917195,35.15303],[126.917195,35.153029],[126.917196,35.153029],[126.917197,35.153028],[126.917197,35.153027],[126.917197,35.153027],[126.917197,35.153026],[126.917197,35.153025],[126.917197,35.153024],[126.917197,35.153024],[126.917196,35.153023],[126.917195,35.153022],[126.917195,35.153022],[126.917194,35.153022],[126.917193,35.153022],[126.917192,35.153021],[126.917191,35.153022],[126.91719,35.153022],[126.917189,35.153022],[126.917188,35.153022],[126.917188,35.153023],[126.917187,35.153024],[126.917187,35.153024],[126.917186,35.153025],[126.917186,35.153026],[126.917186,35.153027],[126.917187,35.153027],[126.917187,35.153028],[126.917188,35.153029],[126.917188,35.153029],[126.917189,35.15303],[126.91719,35.15303],[126.917191,35.15303],[126.917192,35.15303]]]]}},{"type":"Feature","id":"1988192398381838021100000000","properties":{"id":"1988192398381838021100000000","pnu":"1221010100103080021","year":1988,"purpose":"기타","far":135.9,"floors":2,"structure":"철근콘크리트구조"},"geometry":{"type":"MultiPolygon","coordinates":[[[[126.917393,35.153378],[126.917437,35.153349],[126.917372,35.153288],[126.917329,35.153319],[126.917393,35.153378]]]]}},{"type":"Feature","id":"1988192399141838136300000000","properties":{"id":"1988192399141838136300000000","pnu":"1221010100103080022","year":1988,"purpose":"제1종 근린생활시설"},"geometry":{"type":"MultiPolygon","coordinates":[[[[126.917337,35.153514],[126.917494,35.153412],[126.917444,35.15336],[126.917288,35.153464],[126.917337,35.153514]]]]}},{"type":"Feature","id":"1988192417081840962000000000","properties":{"id":"1988192417081840962000000000","pnu":"1221010900104650010","year":1988,"purpose":"제2종 근린생활시설","far":307.9,"floors":4,"structure":"철근콘크리트구조"},"geometry":{"type":"MultiPolygon","coordinates":[[[[126.917595,35.156063],[126.917682,35.155999],[126.917577,35.155903],[126.917488,35.155974],[126.917595,35.156063]]]]}},{"type":"Feature","id":"1988192421401842920000000000","properties":{"id":"1988192421401842920000000000","pnu":"1221010900104880018","year":1988,"purpose":"단독주택","far":93.2,"floors":2,"structure":"벽돌구조"},"geometry":{"type":"MultiPolygon","coordinates":[[[[126.917647,35.157813],[126.917686,35.157786],[126.917668,35.157764],[126.917676,35.157756],[126.917652,35.157728],[126.91766,35.15772],[126.917631,35.157688],[126.917568,35.15773],[126.917647,35.157813]]]]}},{"type":"Feature","id":"1988192470341834554800000000","properties":{"id":"1988192470341834554800000000","pnu":"1221010600100510006","year":1988,"purpose":"제1종 근린생활시설"},"geometry":{"type":"MultiPolygon","coordinates":[[[[126.918214,35.150259],[126.918239,35.150236],[126.918134,35.15016],[126.918112,35.15018],[126.918214,35.150259]]]]}},{"type":"Feature","id":"1988192490801841450500000000","properties":{"id":"1988192490801841450500000000","pnu":"1221010900104650041","year":1988,"purpose":"제2종 근린생활시설","far":268.89,"floors":4,"structure":"철근콘크리트구조"},"geometry":{"type":"MultiPolygon","coordinates":[[[[126.918468,35.156428],[126.918392,35.156366],[126.918321,35.156424],[126.918381,35.156474],[126.918402,35.156479],[126.918468,35.156428]]]]}},{"type":"Feature","id":"1988192494931834882200000000","properties":{"id":"1988192494931834882200000000","pnu":"1221010600100340005","year":1988,"purpose":"제1종 근린생활시설","far":97.07,"floors":4,"structure":"철근콘크리트구조"},"geometry":{"type":"MultiPolygon","coordinates":[[[[126.918516,35.150642],[126.918586,35.150583],[126.918455,35.150478],[126.918509,35.150416],[126.918459,35.150376],[126.918389,35.150424],[126.918365,35.150408],[126.918303,35.150465],[126.918516,35.150642]]]]}},{"type":"Feature","id":"1988192525421842118700000000","properties":{"id":"1988192525421842118700000000","pnu":"1221010900102940017","year":1988,"purpose":"기타"},"geometry":{"type":"MultiPolygon","coordinates":[[[[126.918696,35.157041],[126.918756,35.15709],[126.918825,35.15703],[126.91882,35.157025],[126.918847,35.157007],[126.918805,35.156966],[126.918696,35.157041]]]]}},{"type":"Feature","id":"1988192538021839882800000000","properties":{"id":"1988192538021839882800000000","pnu":"1221010900103000012","year":1988,"purpose":"숙박시설","far":199.7,"floors":4,"structure":"철근콘크리트구조"},"geometry":{"type":"MultiPolygon","coordinates":[[[[126.918947,35.155076],[126.918992,35.154989],[126.918881,35.154949],[126.918841,35.155019],[126.918847,35.15504],[126.918947,35.155076]]]]}},{"type":"Feature","id":"1988192544471843169400000000","properties":{"id":"1988192544471843169400000000","pnu":"1221010900104850028","year":1988,"purpose":"단독주택","far":141.03,"floors":3,"structure":"철근콘크리트구조"},"geometry":{"type":"MultiPolygon","coordinates":[[[[126.919006,35.158052],[126.919075,35.157998],[126.918949,35.157898],[126.91889,35.157948],[126.919006,35.158052]]]]}},{"type":"Feature","id":"1988192544931835389900000000","properties":{"id":"1988192544931835389900000000","pnu":"1221010600100130000","year":1988,"purpose":"제2종 근린생활시설","far":260.77,"floors":4,"structure":"철근콘크리트구조"},"geometry":{"type":"MultiPolygon","coordinates":[[[[126.918986,35.151045],[126.919094,35.150961],[126.918998,35.15088],[126.918895,35.150967],[126.918986,35.151045]]]]}},{"type":"Feature","id":"1989191708101837123000000000","properties":{"id":"1989191708101837123000000000","pnu":"1221010300100960027","year":1989,"purpose":"제1종 근린생활시설","far":316.75,"floors":4,"structure":"철근콘크리트구조"},"geometry":{"type":"MultiPolygon","coordinates":[[[[126.909803,35.15261],[126.909923,35.152525],[126.90982,35.152426],[126.90969,35.152514],[126.909803,35.15261]]]]}},{"type":"Feature","id":"1989191861321835040800000000","properties":{"id":"1989191861321835040800000000","pnu":"1221010300100600004","year":1989,"purpose":"제1종 근린생활시설","far":114.56,"floors":2,"structure":"벽돌구조"},"geometry":{"type":"MultiPolygon","coordinates":[[[[126.911486,35.150715],[126.911578,35.15064],[126.911497,35.150571],[126.911405,35.150644],[126.911486,35.150715]]]]}},{"type":"Feature","id":"1989191870241835024900000000","properties":{"id":"1989191870241835024900000000","pnu":"1221010300100600004","purpose":"기타","structure":"벽돌구조"},"geometry":{"type":"MultiPolygon","coordinates":[[[[126.911577,35.150625],[126.911594,35.150639],[126.911602,35.150632],[126.911586,35.150619],[126.911577,35.150625]]]]}},{"type":"Feature","id":"1989191889551834211600000000","properties":{"id":"1989191889551834211600000000","pnu":"1221010300100740015","year":1989,"purpose":"숙박시설","far":279.84675,"floors":5,"structure":"철근콘크리트구조"},"geometry":{"type":"MultiPolygon","coordinates":[[[[126.911884,35.149841],[126.911835,35.149826],[126.911809,35.149865],[126.911769,35.149848],[126.91172,35.149927],[126.911813,35.149966],[126.911884,35.149841]]]]}},{"type":"Feature","id":"1989191913761838560700000000","properties":{"id":"1989191913761838560700000000","pnu":"1221010200100010005","year":1989,"purpose":"기타","far":456.34,"floors":9,"structure":"철근콘크리트구조"},"geometry":{"type":"MultiPolygon","coordinates":[[[[126.912118,35.154037],[126.912343,35.15389],[126.911995,35.153589],[126.911794,35.153734],[126.91192,35.153843],[126.911901,35.153858],[126.912118,35.154037]]]]}},{"type":"Feature","id":"1989191954071838447900000000","properties":{"id":"1989191954071838447900000000","pnu":"1221010200100740005","year":1989,"purpose":"제2종 근린생활시설","far":396.154,"floors":7,"structure":"철근콘크리트구조"},"geometry":{"type":"MultiPolygon","coordinates":[[[[126.912376,35.153704],[126.912504,35.153816],[126.912531,35.15382],[126.91263,35.153743],[126.912566,35.153687],[126.912586,35.153666],[126.912506,35.1536],[126.912376,35.153704]]]]}},{"type":"Feature","id":"1989192012771838629800000000","properties":{"id":"1989192012771838629800000000","pnu":"1221010100100230010","purpose":"제1종 근린생활시설","structure":"벽돌구조"},"geometry":{"type":"MultiPolygon","coordinates":[[[[126.913143,35.153881],[126.913152,35.153886],[126.913158,35.153878],[126.913148,35.153872],[126.913143,35.153881]]]]}},{"type":"Feature","id":"1989192019821838613200000000","properties":{"id":"1989192019821838613200000000","pnu":"1221010100100230010","year":1989,"purpose":"단독주택"},"geometry":{"type":"MultiPolygon","coordinates":[[[[126.913157,35.153861],[126.913249,35.153926],[126.913304,35.153875],[126.913215,35.153807],[126.913186,35.153813],[126.913157,35.153861]]]]}},{"type":"Feature","id":"1989192031371842133100000000","properties":{"id":"1989192031371842133100000000","pnu":"1221010900102390138","purpose":"기타"},"geometry":{"type":"MultiPolygon","coordinates":[[[[126.913447,35.157033],[126.913375,35.15697],[126.913255,35.157056],[126.913309,35.1571],[126.913335,35.15708],[126.913341,35.157086],[126.913391,35.157052],[126.913403,35.157065],[126.913447,35.157033]]]]}},{"type":"Feature","id":"1989192034921838493700000000","properties":{"id":"1989192034921838493700000000","pnu":"1221010100100240003","purpose":"기타"},"geometry":{"type":"MultiPolygon","coordinates":[[[[126.913386,35.153758],[126.913391,35.153762],[126.913401,35.153756],[126.913396,35.153751],[126.913386,35.153758]]]]}},{"type":"Feature","id":"1989192075071839447300000000","properties":{"id":"1989192075071839447300000000","pnu":"1221010100100200030","year":1989,"purpose":"제2종 근린생활시설","far":69.03,"floors":1,"structure":"철근콘크리트구조"},"geometry":{"type":"MultiPolygon","coordinates":[[[[126.913783,35.154608],[126.913802,35.154636],[126.913828,35.154659],[126.913883,35.154626],[126.913843,35.154572],[126.913783,35.154608]]]]}},{"type":"Feature","id":"1989192098921841065400000000","properties":{"id":"1989192098921841065400000000","pnu":"1221010100103190013","year":1989,"purpose":"단독주택","floors":3,"structure":"철근콘크리트구조"},"geometry":{"type":"MultiPolygon","coordinates":[[[[126.914191,35.156191],[126.914226,35.156163],[126.914227,35.156138],[126.914017,35.155966],[126.913954,35.15602],[126.914054,35.156097],[126.914067,35.156088],[126.914191,35.156191]]]]}},{"type":"Feature","id":"1989192107161840860600000000","properties":{"id":"1989192107161840860600000000","pnu":"1221010100103160002","year":1989,"purpose":"숙박시설","far":321.4,"floors":5,"structure":"벽돌구조"},"geometry":{"type":"MultiPolygon","coordinates":[[[[126.914152,35.155958],[126.914267,35.155868],[126.914216,35.155826],[126.914103,35.155908],[126.914152,35.155958]]]]}},{"type":"Feature","id":"1989192116221839633300000000","properties":{"id":"1989192116221839633300000000","pnu":"1221010100103240005","year":1989,"purpose":"기타","far":182.54,"floors":4,"structure":"철골철근콘크리트구조"},"geometry":{"type":"MultiPolygon","coordinates":[[[[126.914529,35.154744],[126.914401,35.154607],[126.91402,35.154845],[126.914066,35.154895],[126.914166,35.154904],[126.914206,35.154948],[126.914529,35.154744]]]]}},{"type":"Feature","id":"1989192179211837522100000000","properties":{"id":"1989192179211837522100000000","pnu":"1221010100100950000","year":1989,"purpose":"단독주택","floors":2,"structure":"벽돌구조"},"geometry":{"type":"MultiPolygon","coordinates":[[[[126.914984,35.152924],[126.915034,35.152877],[126.915005,35.152856],[126.914996,35.152865],[126.914962,35.152842],[126.914924,35.152881],[126.914984,35.152924]]]]}},{"type":"Feature","id":"1989192186121837630000000000","properties":{"id":"1989192186121837630000000000","pnu":"1221010100100620000","year":1989,"purpose":"단독주택"},"geometry":{"type":"MultiPolygon","coordinates":[[[[126.915098,35.153045],[126.915148,35.152979],[126.915137,35.152971],[126.915123,35.152967],[126.915107,35.152964],[126.915067,35.152945],[126.915065,35.152939],[126.91505,35.152922],[126.915041,35.152916],[126.915032,35.152913],[126.91502,35.152912],[126.915008,35.152919],[126.914962,35.152986],[126.915098,35.153045]]]]}},{"type":"Feature","id":"1989192201961837410300000000","properties":{"id":"1989192201961837410300000000","pnu":"1221010100100610002","year":1989,"purpose":"숙박시설","far":196.75,"floors":4,"structure":"철근콘크리트구조"},"geometry":{"type":"MultiPolygon","coordinates":[[[[126.915145,35.152783],[126.915191,35.152819],[126.915203,35.152808],[126.915259,35.152851],[126.915304,35.152812],[126.91525,35.15277],[126.915279,35.152745],[126.91523,35.152708],[126.915145,35.152783]]]]}},{"type":"Feature","id":"1989192209521837292400000000","properties":{"id":"1989192209521837292400000000","pnu":"1221010100100610002","year":1989,"purpose":"숙박시설","far":196.75,"floors":4,"structure":"철근콘크리트구조"},"geometry":{"type":"MultiPolygon","coordinates":[[[[126.915291,35.152739],[126.915386,35.15265],[126.915331,35.152611],[126.915236,35.1527],[126.915291,35.152739]]]]}},{"type":"Feature","id":"1989192213341837554800000000","properties":{"id":"1989192213341837554800000000","pnu":"1221010100100670001","year":1989,"purpose":"제1종 근린생활시설","far":294.9,"floors":4,"structure":"철근콘크리트구조"},"geometry":{"type":"MultiPolygon","coordinates":[[[[126.915432,35.152907],[126.915345,35.152849],[126.915288,35.152907],[126.915301,35.152916],[126.91528,35.152937],[126.915324,35.15296],[126.915381,35.152955],[126.915432,35.152907]]]]}},{"type":"Feature","id":"1989192341131832564700000000","properties":{"id":"1989192341131832564700000000","pnu":"1221012800100070002","year":1989,"purpose":"제2종 근린생활시설","far":266.47,"floors":4,"structure":"철근콘크리트구조"},"geometry":{"type":"MultiPolygon","coordinates":[[[[126.916854,35.14841],[126.916734,35.148329],[126.916713,35.148329],[126.916706,35.148344],[126.916703,35.148465],[126.916753,35.148505],[126.916854,35.14841]]]]}},{"type":"Feature","id":"1989192352831832647200000000","properties":{"id":"1989192352831832647200000000","pnu":"1221013200100320000","year":1989,"purpose":"제2종 근린생활시설","far":300.08,"floors":5,"structure":"철근콘크리트구조"},"geometry":{"type":"MultiPolygon","coordinates":[[[[126.916906,35.148551],[126.916964,35.148488],[126.916869,35.148426],[126.916813,35.148493],[126.916906,35.148551]]]]}},{"type":"Feature","id":"1989192356231832912000000000","properties":{"id":"1989192356231832912000000000","pnu":"1221013200100230002","year":1989,"purpose":"기타","far":485.26,"floors":8,"structure":"철근콘크리트구조"},"geometry":{"type":"MultiPolygon","coordinates":[[[[126.916683,35.148713],[126.916794,35.148819],[126.916872,35.148769],[126.916998,35.148882],[126.917145,35.148756],[126.917146,35.14867],[126.916935,35.148655],[126.916856,35.148585],[126.916694,35.148689],[126.916683,35.148713]]]]}},{"type":"Feature","id":"1989192407611842927800000000","properties":{"id":"1989192407611842927800000000","pnu":"1221010900104880004","year":1989,"purpose":"단독주택","far":75.04,"floors":2,"structure":"벽돌구조"},"geometry":{"type":"MultiPolygon","coordinates":[[[[126.917497,35.157825],[126.917545,35.157787],[126.917508,35.15775],[126.917525,35.157735],[126.917478,35.157688],[126.917408,35.157742],[126.917497,35.157825]]]]}},{"type":"Feature","id":"1989192418001838185000000000","properties":{"id":"1989192418001838185000000000","pnu":"1221010100103080017","year":1989,"purpose":"제1종 근린생활시설","floors":3,"structure":"철근콘크리트구조"},"geometry":{"type":"MultiPolygon","coordinates":[[[[126.917614,35.153575],[126.917659,35.153548],[126.917623,35.153501],[126.917673,35.153453],[126.91761,35.153395],[126.917511,35.153471],[126.917614,35.153575]]]]}},{"type":"Feature","id":"1989192463441834585200000000","properties":{"id":"1989192463441834585200000000","pnu":"1221010600100510005","year":1989,"purpose":"제2종 근린생활시설","far":325.4,"floors":5,"structure":"철근콘크리트구조"},"geometry":{"type":"MultiPolygon","coordinates":[[[[126.918,35.150208],[126.918118,35.150306],[126.918161,35.150306],[126.918202,35.150269],[126.918085,35.150173],[126.918087,35.150171],[126.918065,35.150153],[126.918,35.150208]]]]}},{"type":"Feature","id":"1990191673461836814100000000","properties":{"id":"1990191673461836814100000000","pnu":"1221010300100960047","year":1990,"purpose":"기타"},"geometry":{"type":"MultiPolygon","coordinates":[[[[126.909414,35.152302],[126.909507,35.152232],[126.909445,35.152177],[126.909348,35.152247],[126.909414,35.152302]]]]}},{"type":"Feature","id":"1990191757491836282000000000","properties":{"id":"1990191757491836282000000000","pnu":"1221010300100930014","year":1990,"purpose":"제1종 근린생활시설","floors":4,"structure":"철근콘크리트구조"},"geometry":{"type":"MultiPolygon","coordinates":[[[[126.91027,35.15176],[126.910291,35.151778],[126.910327,35.1518],[126.910335,35.151793],[126.910371,35.15182],[126.910432,35.151767],[126.910384,35.151729],[126.910382,35.151731],[126.91034,35.151698],[126.91027,35.15176]]]]}},{"type":"Feature","id":"1990191777401835765700000000","properties":{"id":"1990191777401835765700000000","pnu":"1221010300100800031","year":1990,"purpose":"제1종 근린생활시설","far":284.81,"floors":5,"structure":"철근콘크리트구조"},"geometry":{"type":"MultiPolygon","coordinates":[[[[126.910598,35.151367],[126.910643,35.151315],[126.910643,35.151304],[126.910572,35.151226],[126.910479,35.151284],[126.910598,35.151367]]]]}},{"type":"Feature","id":"1990191829081833507800000000","properties":{"id":"1990191829081833507800000000","pnu":"1221010400100900002","year":1990,"purpose":"제2종 근린생활시설","far":188.37,"floors":3,"structure":"철근콘크리트구조"},"geometry":{"type":"MultiPolygon","coordinates":[[[[126.911036,35.149267],[126.911167,35.149342],[126.911242,35.149256],[126.911114,35.149179],[126.911036,35.149267]]]]}},{"type":"Feature","id":"1990191845901834844500000000","properties":{"id":"1990191845901834844500000000","pnu":"1221010300100760002","year":1990,"purpose":"제1종 근린생활시설","far":327.81,"floors":4,"structure":"철근콘크리트구조"},"geometry":{"type":"MultiPolygon","coordinates":[[[[126.911213,35.150482],[126.91131,35.15056],[126.911434,35.150456],[126.911327,35.150368],[126.911292,35.150396],[126.911301,35.150403],[126.911213,35.150482]]]]}},{"type":"Feature","id":"1990191861891832729500000000","properties":{"id":"1990191861891832729500000000","pnu":"1221011500100110002","year":1990,"purpose":"제2종 근린생활시설","far":248.15,"floors":4,"structure":"철근콘크리트구조"},"geometry":{"type":"MultiPolygon","coordinates":[[[[126.911539,35.14865],[126.911608,35.148536],[126.911458,35.148473],[126.911392,35.148577],[126.911539,35.14865]]]]}},{"type":"Feature","id":"1990191874171832803900000000","properties":{"id":"1990191874171832803900000000","pnu":"1221011500100090003","year":1990,"purpose":"제2종 근린생활시설","far":336.38,"floors":5,"structure":"철근콘크리트구조"},"geometry":{"type":"MultiPolygon","coordinates":[[[[126.911541,35.148664],[126.911654,35.148708],[126.911729,35.148589],[126.911616,35.148546],[126.911541,35.148664]]]]}},{"type":"Feature","id":"1990191892261833297300000000","properties":{"id":"1990191892261833297300000000","pnu":"1221011500100030011","year":1990,"purpose":"제2종 근린생활시설","far":274.39,"floors":4,"structure":"철근콘크리트구조"},"geometry":{"type":"MultiPolygon","coordinates":[[[[126.911841,35.149147],[126.911922,35.149075],[126.911824,35.148997],[126.911744,35.149066],[126.911841,35.149147]]]]}},{"type":"Feature","id":"1990191907241833206600000000","properties":{"id":"1990191907241833206600000000","pnu":"1221011500100030006","year":1990,"purpose":"기타","far":353.51,"structure":"철근콘크리트구조"},"geometry":{"type":"MultiPolygon","coordinates":[[[[126.912042,35.149127],[126.912174,35.149005],[126.912176,35.148993],[126.912175,35.148986],[126.911894,35.14886],[126.911828,35.148967],[126.912042,35.149127]]]]}},{"type":"Feature","id":"1990192058801837586500000000","properties":{"id":"1990192058801837586500000000","pnu":"1221010200100890003","year":1990,"purpose":"제2종 근린생활시설","far":384.2,"floors":5,"structure":"철근콘크리트구조"},"geometry":{"type":"MultiPolygon","coordinates":[[[[126.913552,35.15295],[126.913622,35.153013],[126.913666,35.15298],[126.913683,35.152995],[126.913761,35.152937],[126.913673,35.152859],[126.913552,35.15295]]]]}},{"type":"Feature","id":"1990192061701834131300000000","properties":{"id":"1990192061701834131300000000","pnu":"1221013000100410002","year":1990,"purpose":"제1종 근린생활시설"},"geometry":{"type":"MultiPolygon","coordinates":[[[[126.913792,35.149924],[126.913827,35.149898],[126.913637,35.149732],[126.913574,35.149784],[126.913666,35.149865],[126.913691,35.149845],[126.913792,35.149924]]]]}},{"type":"Feature","id":"1990192071631832434700000000","properties":{"id":"1990192071631832434700000000","pnu":"1221011700100050007","year":1990,"purpose":"제1종 근린생활시설","far":87.14,"floors":1,"structure":"철근콘크리트구조"},"geometry":{"type":"MultiPolygon","coordinates":[[[[126.91381,35.148222],[126.913713,35.148304],[126.913794,35.148369],[126.913891,35.148288],[126.91381,35.148222]]]]}},{"type":"Feature","id":"1990192081231832218100000000","properties":{"id":"1990192081231832218100000000","pnu":"1221011700100050003","year":1990,"purpose":"제2종 근린생활시설","far":71.18,"floors":1,"structure":"경량철골구조"},"geometry":{"type":"MultiPolygon","coordinates":[[[[126.91375,35.148063],[126.913905,35.148199],[126.913934,35.148176],[126.913964,35.148203],[126.914015,35.148164],[126.914049,35.148194],[126.914087,35.148165],[126.913999,35.148088],[126.913994,35.148091],[126.913863,35.147976],[126.91375,35.148063]]]]}},{"type":"Feature","id":"1990192117061837021800000000","properties":{"id":"1990192117061837021800000000","pnu":"1221010200101830002","year":1990,"purpose":"기타","far":304.97,"floors":5,"structure":"철근콘크리트구조"},"geometry":{"type":"MultiPolygon","coordinates":[[[[126.914322,35.15258],[126.914495,35.152458],[126.914496,35.152429],[126.914267,35.152334],[126.914177,35.1523],[126.914091,35.152355],[126.914322,35.15258]]]]}},{"type":"Feature","id":"1990192134591836065600000000","properties":{"id":"1990192134591836065600000000","pnu":"1221010200101690000","year":1990,"purpose":"제2종 근린생활시설","far":246.28,"floors":4,"structure":"철근콘크리트구조"},"geometry":{"type":"MultiPolygon","coordinates":[[[[126.914463,35.151661],[126.914591,35.151576],[126.914592,35.151562],[126.914585,35.151538],[126.9145,35.151477],[126.914379,35.151579],[126.914463,35.151661]]]]}},{"type":"Feature","id":"1990192164741840056000000000","properties":{"id":"1990192164741840056000000000","pnu":"1221010100103220010","year":1990,"purpose":"숙박시설","far":352.94,"floors":6,"structure":"철근콘크리트구조"},"geometry":{"type":"MultiPolygon","coordinates":[[[[126.914844,35.155244],[126.914905,35.155191],[126.914797,35.15509],[126.914725,35.155139],[126.914844,35.155244]]]]}},{"type":"Feature","id":"1990192186471838483900000000","properties":{"id":"1990192186471838483900000000","pnu":"1221010100100320008","purpose":"제2종 근린생활시설","far":270.47,"floors":4,"structure":"철근콘크리트구조"},"geometry":{"type":"MultiPolygon","coordinates":[[[[126.915007,35.153808],[126.915035,35.153815],[126.915149,35.153718],[126.915123,35.153695],[126.915117,35.1537],[126.915093,35.153679],[126.915048,35.153713],[126.915045,35.153711],[126.914966,35.153772],[126.915007,35.153808]]]]}},{"type":"Feature","id":"1990192249111833484400000000","properties":{"id":"1990192249111833484400000000","pnu":"1221013300100150001","year":1990,"purpose":"제1종 근린생활시설","far":190.43,"floors":3,"structure":"철근콘크리트구조"},"geometry":{"type":"MultiPolygon","coordinates":[[[[126.915755,35.149315],[126.915826,35.149245],[126.915773,35.149198],[126.915778,35.149189],[126.915752,35.149171],[126.915669,35.149242],[126.915755,35.149315]]]]}},{"type":"Feature","id":"1990192290091837041100000000","properties":{"id":"1990192290091837041100000000","pnu":"1221010100101750001","year":1990,"purpose":"제1종 근린생활시설","far":334.39,"floors":5,"structure":"철근콘크리트구조"},"geometry":{"type":"MultiPolygon","coordinates":[[[[126.91623,35.152525],[126.916298,35.152452],[126.916162,35.152373],[126.916093,35.152448],[126.91623,35.152525]]]]}},{"type":"Feature","id":"1990192331621836155400000000","properties":{"id":"1990192331621836155400000000","pnu":"1221010100101540000","year":1990,"purpose":"제2종 근린생활시설","far":298.04,"floors":5,"structure":"철근콘크리트구조"},"geometry":{"type":"MultiPolygon","coordinates":[[[[126.91654,35.151671],[126.916592,35.151714],[126.916583,35.151721],[126.916614,35.151746],[126.916619,35.151742],[126.916621,35.151744],[126.916624,35.151745],[126.916627,35.151745],[126.91663,35.151744],[126.916632,35.151742],[126.916722,35.151667],[126.916723,35.151665],[126.916724,35.151663],[126.916724,35.151662],[126.916723,35.151659],[126.916722,35.151658],[126.91672,35.151656],[126.916725,35.151651],[126.916726,35.15165],[126.916726,35.151649],[126.916726,35.151648],[126.916726,35.151646],[126.916725,35.151645],[126.91672,35.15164],[126.916735,35.151627],[126.916746,35.151636],[126.916747,35.151637],[126.916749,35.151637],[126.916753,35.151637],[126.916756,35.151636],[126.916758,35.151635],[126.916767,35.151626],[126.916767,35.151625],[126.916767,35.151623],[126.916767,35.151621],[126.916766,35.15162],[126.916693,35.15156],[126.916685,35.151566],[126.916677,35.151561],[126.916637,35.151594],[126.916634,35.151592],[126.91654,35.151671]]]]}},{"type":"Feature","id":"1990192346531843092500000000","properties":{"id":"1990192346531843092500000000","pnu":"1221010900105880010","year":1990,"purpose":"제1종 근린생활시설","far":170.32,"floors":3,"structure":"철근콘크리트구조"},"geometry":{"type":"MultiPolygon","coordinates":[[[[126.916843,35.157971],[126.91688,35.157942],[126.916865,35.157911],[126.916769,35.157838],[126.916731,35.157871],[126.916843,35.157971]]]]}},{"type":"Feature","id":"1990192394151838800800000000","properties":{"id":"1990192394151838800800000000","pnu":"1221010100103060002","year":1990,"purpose":"기타"},"geometry":{"type":"MultiPolygon","coordinates":[[[[126.917281,35.154056],[126.917306,35.154079],[126.91739,35.154016],[126.917365,35.153993],[126.917281,35.154056]]]]}},{"type":"Feature","id":"1990192394441835967700000000","properties":{"id":"1990192394441835967700000000","pnu":"1221010600100070010","year":1990,"purpose":"제2종 근린생활시설","far":421.08,"floors":6,"structure":"철근콘크리트구조"},"geometry":{"type":"MultiPolygon","coordinates":[[[[126.917298,35.151549],[126.917431,35.151455],[126.917383,35.151417],[126.917253,35.151511],[126.917298,35.151549]]]]}},{"type":"Feature","id":"1990192397031840645800000000","properties":{"id":"1990192397031840645800000000","pnu":"1221010900104650015","year":1990,"purpose":"숙박시설","far":287.13,"floors":5,"structure":"철근콘크리트구조"},"geometry":{"type":"MultiPolygon","coordinates":[[[[126.917269,35.155705],[126.917356,35.155787],[126.917441,35.155724],[126.917409,35.155694],[126.917448,35.155666],[126.917388,35.155609],[126.917343,35.155642],[126.917349,35.155647],[126.917269,35.155705]]]]}},{"type":"Feature","id":"1990192426751840675300000000","properties":{"id":"1990192426751840675300000000","pnu":"1221010900104650013","year":1990,"purpose":"숙박시설","far":369.75,"floors":6,"structure":"철근콘크리트구조"},"geometry":{"type":"MultiPolygon","coordinates":[[[[126.917785,35.155711],[126.917703,35.155652],[126.917594,35.155738],[126.917664,35.155788],[126.917674,35.15578],[126.917696,35.155798],[126.917785,35.155711]]]]}},{"type":"Feature","id":"1990192494901841020300000000","properties":{"id":"1990192494901841020300000000","pnu":"1221010900104640005","year":1990,"purpose":"단독주택","far":253.49,"floors":4,"structure":"철근콘크리트구조"},"geometry":{"type":"MultiPolygon","coordinates":[[[[126.918553,35.15604],[126.918479,35.155977],[126.918462,35.155988],[126.918422,35.155956],[126.918322,35.156023],[126.918416,35.156108],[126.918485,35.156107],[126.918553,35.15604]]]]}},{"type":"Feature","id":"1990192519991838861600000000","properties":{"id":"1990192519991838861600000000","pnu":"1221010900103130009","year":1990,"purpose":"단독주택","far":182.09,"floors":3,"structure":"철근콘크리트구조"},"geometry":{"type":"MultiPolygon","coordinates":[[[[126.918737,35.154142],[126.918781,35.154092],[126.918695,35.154043],[126.918653,35.154091],[126.918737,35.154142]]]]}},{"type":"Feature","id":"1991191636731836429100000000","properties":{"id":"1991191636731836429100000000","pnu":"1221010400100040001","year":1991,"purpose":"제1종 근린생활시설"},"geometry":{"type":"MultiPolygon","coordinates":[[[[126.909031,35.151987],[126.909139,35.151895],[126.909017,35.1518],[126.908913,35.151885],[126.909031,35.151987]]]]}},{"type":"Feature","id":"1991191773271836193000000000","properties":{"id":"1991191773271836193000000000","pnu":"1221010300100930011","year":1991,"purpose":"제1종 근린생활시설","far":207.63,"floors":3,"structure":"철근콘크리트구조"},"geometry":{"type":"MultiPolygon","coordinates":[[[[126.910423,35.151636],[126.910515,35.151702],[126.91051,35.151707],[126.910524,35.151719],[126.910519,35.151724],[126.910563,35.151759],[126.910618,35.151711],[126.910574,35.151676],[126.91057,35.151679],[126.910487,35.151614],[126.910446,35.151615],[126.910423,35.151636]]]]}},{"type":"Feature","id":"1991191780681838594800000000","properties":{"id":"1991191780681838594800000000","pnu":"1221010200100420000","year":1991,"purpose":"기타"},"geometry":{"type":"MultiPolygon","coordinates":[[[[126.910844,35.153906],[126.910845,35.153893],[126.910836,35.153876],[126.910621,35.153684],[126.910525,35.153748],[126.910465,35.153701],[126.910444,35.153694],[126.91042,35.153692],[126.910397,35.153692],[126.910381,35.153699],[126.910362,35.153714],[126.910353,35.153734],[126.910352,35.153749],[126.910357,35.153767],[126.910382,35.153794],[126.910376,35.153802],[126.910654,35.154036],[126.910671,35.154038],[126.910844,35.153906]]]]}},{"type":"Feature","id":"1991191789701836743500000000","properties":{"id":"1991191789701836743500000000","pnu":"1221010300100130010","year":1991,"purpose":"제1종 근린생활시설","far":337.23,"floors":4,"structure":"철근콘크리트구조"},"geometry":{"type":"MultiPolygon","coordinates":[[[[126.910783,35.152215],[126.910689,35.152119],[126.910632,35.152155],[126.910684,35.152209],[126.910692,35.152204],[126.910717,35.152226],[126.910743,35.152209],[126.910762,35.152228],[126.910775,35.152225],[126.910783,35.152215]]]]}},{"type":"Feature","id":"1991191834161836650100000000","properties":{"id":"1991191834161836650100000000","pnu":"1221010200100620015","year":1991,"purpose":"제1종 근린생활시설","far":79.48,"floors":2,"structure":"철근콘크리트구조"},"geometry":{"type":"MultiPolygon","coordinates":[[[[126.911194,35.152164],[126.911284,35.152098],[126.911182,35.15202],[126.911105,35.152094],[126.911194,35.152164]]]]}},{"type":"Feature","id":"1991191860801836557700000000","properties":{"id":"1991191860801836557700000000","pnu":"1221010200100620020","year":1991,"purpose":"제2종 근린생활시설","far":320.45,"floors":5,"structure":"철근콘크리트구조"},"geometry":{"type":"MultiPolygon","coordinates":[[[[126.911501,35.152068],[126.911557,35.15201],[126.911464,35.151951],[126.911415,35.152014],[126.911501,35.152068]]]]}},{"type":"Feature","id":"1991191866021837607200000000","properties":{"id":"1991191866021837607200000000","pnu":"1221010200100210000","purpose":"제1종 근린생활시설","floors":1,"structure":"일반목구조"},"geometry":{"type":"MultiPolygon","coordinates":[[[[126.911552,35.15301],[126.911608,35.152965],[126.91153,35.152904],[126.911473,35.152944],[126.911552,35.15301]]]]}},{"type":"Feature","id":"1991191880771836803400000000","properties":{"id":"1991191880771836803400000000","pnu":"1221010200100620017","year":1991,"purpose":"기타","far":310.6,"floors":8,"structure":"철근콘크리트구조"},"geometry":{"type":"MultiPolygon","coordinates":[[[[126.911885,35.152274],[126.911681,35.152085],[126.911571,35.152159],[126.911582,35.152174],[126.911534,35.152208],[126.911701,35.152367],[126.911771,35.15233],[126.911795,35.152334],[126.911885,35.152274]]]]}},{"type":"Feature","id":"1991191885491838121200000000","properties":{"id":"1991191885491838121200000000","pnu":"1221010200100320004","year":1991,"purpose":"제2종 근린생활시설","far":455.08,"floors":6,"structure":"철근콘크리트구조"},"geometry":{"type":"MultiPolygon","coordinates":[[[[126.911758,35.153483],[126.911823,35.153424],[126.911752,35.153356],[126.911684,35.153416],[126.911758,35.153483]]]]}},{"type":"Feature","id":"1991191976971833991400000000","properties":{"id":"1991191976971833991400000000","pnu":"1221013000100550001","year":1991,"purpose":"기타","far":596.05,"floors":10,"structure":"철근콘크리트구조"},"geometry":{"type":"MultiPolygon","coordinates":[[[[126.91281,35.149569],[126.91262,35.149743],[126.912731,35.149821],[126.912848,35.14972],[126.912835,35.149708],[126.912876,35.149654],[126.912867,35.149642],[126.912883,35.149617],[126.91281,35.149569]]]]}},{"type":"Feature","id":"1991191998651836909400000000","properties":{"id":"1991191998651836909400000000","pnu":"1221010200100940012","year":1991,"purpose":"제1종 근린생활시설","far":101.77,"floors":2,"structure":"벽돌구조"},"geometry":{"type":"MultiPolygon","coordinates":[[[[126.912892,35.152338],[126.912917,35.152359],[126.912943,35.152338],[126.913006,35.152392],[126.91299,35.152405],[126.912998,35.152412],[126.913093,35.152339],[126.91299,35.152251],[126.912892,35.152338]]]]}},{"type":"Feature","id":"1991192005711836984000000000","properties":{"id":"1991192005711836984000000000","pnu":"1221010200100940011","year":1991,"purpose":"제1종 근린생활시설","far":157.15,"floors":2,"structure":"벽돌구조"},"geometry":{"type":"MultiPolygon","coordinates":[[[[126.913007,35.15242],[126.913018,35.152427],[126.913026,35.152419],[126.913064,35.152445],[126.913136,35.152379],[126.913089,35.152344],[126.913007,35.15242]]]]}},{"type":"Feature","id":"1991192050321837499000000000","properties":{"id":"1991192050321837499000000000","pnu":"1221010200100900000","year":1991,"purpose":"제2종 근린생활시설","far":455.31,"floors":6,"structure":"철근콘크리트구조"},"geometry":{"type":"MultiPolygon","coordinates":[[[[126.913543,35.152941],[126.91367,35.152854],[126.91358,35.152777],[126.913458,35.152873],[126.913543,35.152941]]]]}},{"type":"Feature","id":"1991192168011837029900000000","properties":{"id":"1991192168011837029900000000","pnu":"1221010100101030001","year":1991,"purpose":"제1종 근린생활시설","far":328.77,"floors":5,"structure":"철근콘크리트구조"},"geometry":{"type":"MultiPolygon","coordinates":[[[[126.914816,35.152497],[126.91493,35.152418],[126.914893,35.152379],[126.91478,35.152461],[126.914816,35.152497]]]]}},{"type":"Feature","id":"1991192171691837191300000000","properties":{"id":"1991192171691837191300000000","pnu":"1221010100100970001","year":1991,"purpose":"기타","far":552.15,"floors":10,"structure":"철근콘크리트구조"},"geometry":{"type":"MultiPolygon","coordinates":[[[[126.91494,35.15273],[126.915093,35.152591],[126.914893,35.152454],[126.914814,35.152518],[126.914754,35.15248],[126.914686,35.152549],[126.91494,35.15273]]]]}},{"type":"Feature","id":"1991192174201837952300000000","properties":{"id":"1991192174201837952300000000","pnu":"1221010100100720000","year":1991,"purpose":"기타","far":317.08,"floors":5,"structure":"철근콘크리트구조"},"geometry":{"type":"MultiPolygon","coordinates":[[[[126.914921,35.153165],[126.914785,35.153288],[126.914908,35.15338],[126.915073,35.153232],[126.91506,35.153222],[126.914969,35.153201],[126.914921,35.153165]]]]}},{"type":"Feature","id":"1991192188161836162400000000","properties":{"id":"1991192188161836162400000000","pnu":"1221013400100020000","year":1991,"purpose":"기타","far":415.15,"floors":7,"structure":"철근콘크리트구조"},"geometry":{"type":"MultiPolygon","coordinates":[[[[126.915023,35.151783],[126.91507,35.151739],[126.915092,35.151758],[126.915219,35.151651],[126.91521,35.151637],[126.915238,35.151609],[126.915127,35.151527],[126.914962,35.151649],[126.914942,35.151638],[126.914901,35.151674],[126.915023,35.151783]]]]}},{"type":"Feature","id":"1991192217841835371800000000","properties":{"id":"1991192217841835371800000000","pnu":"1221013400100210015","year":1991,"purpose":"기타","far":100.66,"floors":4,"structure":"철근콘크리트구조"},"geometry":{"type":"MultiPolygon","coordinates":[[[[126.915539,35.150915],[126.915476,35.150862],[126.915461,35.150872],[126.915427,35.150843],[126.915266,35.150962],[126.915382,35.151052],[126.915539,35.150915]]]]}},{"type":"Feature","id":"1991192251251839113600000000","properties":{"id":"1991192251251839113600000000","pnu":"1221010100103110016","year":1991,"purpose":"제1종 근린생활시설","far":402.57,"floors":5,"structure":"철근콘크리트구조"},"geometry":{"type":"MultiPolygon","coordinates":[[[[126.915662,35.154382],[126.915701,35.154415],[126.915893,35.154263],[126.915845,35.154223],[126.915668,35.154337],[126.915662,35.154382]]]]}},{"type":"Feature","id":"1991192295251840114200000000","properties":{"id":"1991192295251840114200000000","pnu":"1221010900104700012","year":1991,"purpose":"제1종 근린생활시설"},"geometry":{"type":"MultiPolygon","coordinates":[[[[126.916216,35.155277],[126.916328,35.155203],[126.91629,35.155166],[126.916173,35.155224],[126.916216,35.155277]]]]}},{"type":"Feature","id":"1991192299931838128400000000","properties":{"id":"1991192299931838128400000000","pnu":"1221010100103130012","purpose":"제1종 근린생활시설","floors":1,"structure":"일반목구조"},"geometry":{"type":"MultiPolygon","coordinates":[[[[126.916279,35.153484],[126.916376,35.153424],[126.916323,35.153375],[126.916231,35.153433],[126.916279,35.153484]]]]}},{"type":"Feature","id":"1991192337311839336500000000","properties":{"id":"1991192337311839336500000000","pnu":"1221010100103100001","year":1991,"purpose":"제1종 근린생활시설","far":37.25,"floors":1,"structure":"블록구조"},"geometry":{"type":"MultiPolygon","coordinates":[[[[126.916703,35.154607],[126.91682,35.154516],[126.916719,35.15443],[126.916603,35.154522],[126.916703,35.154607]]]]}},{"type":"Feature","id":"1991192347691839276800000000","properties":{"id":"1991192347691839276800000000","pnu":"1221010100103100001","purpose":"기타","structure":"벽돌구조"},"geometry":{"type":"MultiPolygon","coordinates":[[[[126.916856,35.154524],[126.916898,35.15449],[126.916794,35.154406],[126.916753,35.154441],[126.916856,35.154524]]]]}},{"type":"Feature","id":"1991192350971839074500000000","properties":{"id":"1991192350971839074500000000","pnu":"1221010100103100011","year":1991,"purpose":"제2종 근린생활시설"},"geometry":{"type":"MultiPolygon","coordinates":[[[[126.91681,35.154363],[126.916959,35.15424],[126.916913,35.154202],[126.916763,35.154326],[126.91681,35.154363]]]]}},{"type":"Feature","id":"1991192384381833605300000000","properties":{"id":"1991192384381833605300000000","pnu":"1221013200100030000","year":1991,"purpose":"기타","far":495.66,"floors":8,"structure":"철골콘크리트구조"},"geometry":{"type":"MultiPolygon","coordinates":[[[[126.917212,35.149525],[126.917469,35.149322],[126.917322,35.149187],[126.917144,35.14933],[126.917045,35.149263],[126.916971,35.149325],[126.917212,35.149525]]]]}},{"type":"Feature","id":"1991192393631842421200000000","properties":{"id":"1991192393631842421200000000","pnu":"1221010900104830008","year":1991,"purpose":"제1종 근린생활시설"},"geometry":{"type":"MultiPolygon","coordinates":[[[[126.917382,35.157387],[126.917409,35.157372],[126.917402,35.157363],[126.917408,35.157354],[126.917388,35.157328],[126.917396,35.157315],[126.917283,35.157218],[126.917232,35.157257],[126.917382,35.157387]]]]}},{"type":"Feature","id":"1991192401921837694900000000","properties":{"id":"1991192401921837694900000000","pnu":"1221010100101900003","year":1991,"purpose":"제1종 근린생활시설","far":69.66,"floors":1,"structure":"철근콘크리트구조"},"geometry":{"type":"MultiPolygon","coordinates":[[[[126.917418,35.153076],[126.917465,35.153027],[126.917427,35.153002],[126.917379,35.153052],[126.917418,35.153076]]]]}},{"type":"Feature","id":"1991192402181843051000000000","properties":{"id":"1991192402181843051000000000","pnu":"1221010900104890011","year":1991,"purpose":"단독주택","far":103.32,"floors":2,"structure":"벽돌구조"},"geometry":{"type":"MultiPolygon","coordinates":[[[[126.917404,35.157923],[126.917489,35.15786],[126.917432,35.157811],[126.917353,35.157876],[126.917404,35.157923]]]]}},{"type":"Feature","id":"1991192404521837743800000000","properties":{"id":"1991192404521837743800000000","pnu":"1221010100101900003","purpose":"제1종 근린생활시설","structure":"철근콘크리트구조"},"geometry":{"type":"MultiPolygon","coordinates":[[[[126.917451,35.153108],[126.91748,35.153082],[126.91745,35.153059],[126.917421,35.153085],[126.917451,35.153108]]]]}},{"type":"Feature","id":"1991192408581837698800000000","properties":{"id":"1991192408581837698800000000","pnu":"1221010100101900003","year":1991,"purpose":"제1종 근린생활시설","far":69.66,"floors":1,"structure":"철근콘크리트구조"},"geometry":{"type":"MultiPolygon","coordinates":[[[[126.917489,35.153083],[126.917542,35.153033],[126.917501,35.153003],[126.917448,35.153053],[126.917489,35.153083]]]]}},{"type":"Feature","id":"1991192411271837742100000000","properties":{"id":"1991192411271837742100000000","pnu":"1221010100101900003","year":1991,"purpose":"제1종 근린생활시설","far":69.66,"floors":1,"structure":"철근콘크리트구조"},"geometry":{"type":"MultiPolygon","coordinates":[[[[126.917475,35.1531],[126.917505,35.153123],[126.917574,35.153064],[126.917544,35.153041],[126.917475,35.1531]]]]}},{"type":"Feature","id":"1991192496221838751600000000","properties":{"id":"1991192496221838751600000000","pnu":"1221010900103640005","year":1991,"purpose":"제1종 근린생활시설","far":68.01,"floors":1,"structure":"벽돌구조"},"geometry":{"type":"MultiPolygon","coordinates":[[[[126.918521,35.154017],[126.918521,35.153967],[126.91839,35.153969],[126.918389,35.154017],[126.918521,35.154017]]]]}},{"type":"Feature","id":"1991192516341841230000000000","properties":{"id":"1991192516341841230000000000","pnu":"1221010900104640008","year":1991,"purpose":"제2종 근린생활시설","far":313.1,"floors":5,"structure":"철근콘크리트구조"},"geometry":{"type":"MultiPolygon","coordinates":[[[[126.918663,35.156317],[126.918715,35.156272],[126.918702,35.156261],[126.918777,35.156196],[126.918707,35.156139],[126.918586,35.156224],[126.918591,35.156268],[126.918663,35.156317]]]]}},{"type":"Feature","id":"1991192518411841995800000000","properties":{"id":"1991192518411841995800000000","pnu":"1221010900104650001","year":1991,"purpose":"제2종 근린생활시설","floors":4,"structure":"철근콘크리트구조"},"geometry":{"type":"MultiPolygon","coordinates":[[[[126.918693,35.157034],[126.918834,35.156918],[126.918702,35.156804],[126.918558,35.156909],[126.918693,35.157034]]]]}},{"type":"Feature","id":"1991192528261841413100000000","properties":{"id":"1991192528261841413100000000","pnu":"1221010900102960006","year":1991,"purpose":"제2종 근린생활시설","far":242.3457,"floors":3,"structure":"철근콘크리트구조"},"geometry":{"type":"MultiPolygon","coordinates":[[[[126.91879,35.156441],[126.918874,35.156405],[126.918849,35.156366],[126.918811,35.156352],[126.918787,35.156361],[126.918773,35.156352],[126.918737,35.156371],[126.91879,35.156441]]]]}},{"type":"Feature","id":"1992191819801833142000000000","properties":{"id":"1992191819801833142000000000","pnu":"1221010400100940003","year":1992,"purpose":"제2종 근린생활시설"},"geometry":{"type":"MultiPolygon","coordinates":[[[[126.911089,35.149019],[126.911151,35.148955],[126.910988,35.148844],[126.910924,35.148908],[126.911089,35.149019]]]]}},{"type":"Feature","id":"1992191877201836009000000000","properties":{"id":"1992191877201836009000000000","pnu":"1221010300100190000","year":1992,"purpose":"제1종 근린생활시설","far":59.07,"floors":1,"structure":"벽돌구조"},"geometry":{"type":"MultiPolygon","coordinates":[[[[126.911662,35.151562],[126.911722,35.151518],[126.911669,35.151469],[126.911608,35.151512],[126.911662,35.151562]]]]}},{"type":"Feature","id":"1992191969971835325800000000","properties":{"id":"1992191969971835325800000000","pnu":"1221010300100330001","year":1992,"purpose":"제1종 근린생활시설","far":228.78,"floors":3,"structure":"일반철골구조"},"geometry":{"type":"MultiPolygon","coordinates":[[[[126.912575,35.150852],[126.912613,35.150881],[126.912615,35.150879],[126.912658,35.150915],[126.912653,35.150919],[126.912728,35.150988],[126.912789,35.150942],[126.912738,35.150895],[126.912728,35.150902],[126.912629,35.150811],[126.912575,35.150852]]]]}},{"type":"Feature","id":"1992192025991838882000000000","properties":{"id":"1992192025991838882000000000","pnu":"1221010100100220005","year":1992,"purpose":"제1종 근린생활시설"},"geometry":{"type":"MultiPolygon","coordinates":[[[[126.913286,35.15411],[126.913294,35.154115],[126.913304,35.154103],[126.913296,35.154098],[126.913286,35.15411]]]]}},{"type":"Feature","id":"1992192036591840761300000000","properties":{"id":"1992192036591840761300000000","pnu":"1221010100103210003","year":1992,"purpose":"제2종 근린생활시설","far":267.85,"floors":4,"structure":"철근콘크리트구조"},"geometry":{"type":"MultiPolygon","coordinates":[[[[126.913365,35.155875],[126.91345,35.155877],[126.913458,35.155729],[126.913366,35.155726],[126.913365,35.155875]]]]}},{"type":"Feature","id":"1992192037511838803300000000","properties":{"id":"1992192037511838803300000000","pnu":"1221010100100220005","purpose":"제1종 근린생활시설"},"geometry":{"type":"MultiPolygon","coordinates":[[[[126.913327,35.154076],[126.913385,35.154101],[126.913411,35.154061],[126.913473,35.154094],[126.913522,35.154033],[126.913486,35.154013],[126.913405,35.153952],[126.913327,35.154076]]]]}},{"type":"Feature","id":"1992192057971835443700000000","properties":{"id":"1992192057971835443700000000","pnu":"1221010200101330000","year":1992,"purpose":"기타","far":335.05,"floors":10,"structure":"철근콘크리트구조"},"geometry":{"type":"MultiPolygon","coordinates":[[[[126.913572,35.151167],[126.91386,35.150976],[126.913727,35.15085],[126.913441,35.151035],[126.913572,35.151167]]]]}},{"type":"Feature","id":"1992192063821841405900000000","properties":{"id":"1992192063821841405900000000","pnu":"1221010100103190002","year":1992,"purpose":"단독주택","far":270.25,"floors":4,"structure":"철근콘크리트구조"},"geometry":{"type":"MultiPolygon","coordinates":[[[[126.913659,35.156437],[126.913774,35.156396],[126.91374,35.156329],[126.913657,35.156358],[126.913659,35.156437]]]]}},{"type":"Feature","id":"1992192077081836963100000000","properties":{"id":"1992192077081836963100000000","pnu":"1221010200101830000","year":1992,"purpose":"기타","far":411.06654,"floors":9,"structure":"철근콘크리트구조"},"geometry":{"type":"MultiPolygon","coordinates":[[[[126.913747,35.152585],[126.914071,35.152339],[126.914078,35.152323],[126.914088,35.152297],[126.91409,35.152271],[126.91408,35.152245],[126.91405,35.152221],[126.914,35.152201],[126.913897,35.152211],[126.913603,35.152459],[126.913747,35.152585]]]]}},{"type":"Feature","id":"1992192112561835816300000000","properties":{"id":"1992192112561835816300000000","pnu":"1221010200101670000","year":1992,"purpose":"제2종 근린생활시설","far":69.17,"floors":1,"structure":"벽돌구조"},"geometry":{"type":"MultiPolygon","coordinates":[[[[126.914164,35.151382],[126.914254,35.151424],[126.914306,35.151348],[126.91431,35.151351],[126.91433,35.151322],[126.914252,35.151256],[126.914229,35.151282],[126.914232,35.151284],[126.914164,35.151382]]]]}},{"type":"Feature","id":"1992192144581838551700000000","properties":{"id":"1992192144581838551700000000","pnu":"1221010100100310008","purpose":"기타","structure":"벽돌구조"},"geometry":{"type":"MultiPolygon","coordinates":[[[[126.914586,35.153809],[126.914592,35.153812],[126.9146,35.153818],[126.914607,35.153812],[126.914595,35.153802],[126.914586,35.153809]]]]}},{"type":"Feature","id":"1992192148061838499700000000","properties":{"id":"1992192148061838499700000000","pnu":"1221010100100310008","year":1992,"purpose":"제1종 근린생활시설","far":160.03,"floors":3,"structure":"철근콘크리트구조"},"geometry":{"type":"MultiPolygon","coordinates":[[[[126.91456,35.153762],[126.914632,35.153824],[126.914711,35.153764],[126.914639,35.153701],[126.91456,35.153762]]]]}},{"type":"Feature","id":"1992192154551838575000000000","properties":{"id":"1992192154551838575000000000","pnu":"1221010100100310006","year":1992,"purpose":"제2종 근린생활시설","far":176.68,"floors":3,"structure":"철근콘크리트구조"},"geometry":{"type":"MultiPolygon","coordinates":[[[[126.91478,35.153826],[126.914715,35.15377],[126.91463,35.15383],[126.914705,35.153894],[126.91478,35.153826]]]]}},{"type":"Feature","id":"1992192166611833347100000000","properties":{"id":"1992192166611833347100000000","pnu":"1221012900100290002","year":1992,"purpose":"제1종 근린생활시설","far":224.79,"floors":4,"structure":"철근콘크리트구조"},"geometry":{"type":"MultiPolygon","coordinates":[[[[126.914859,35.149187],[126.914927,35.14913],[126.914824,35.149052],[126.914762,35.149102],[126.914859,35.149187]]]]}},{"type":"Feature","id":"1992192227261832704600000000","properties":{"id":"1992192227261832704600000000","pnu":"1221012900100210005","year":1992,"purpose":"제1종 근린생활시설","far":256.27,"floors":3,"structure":"일반철골구조"},"geometry":{"type":"MultiPolygon","coordinates":[[[[126.915399,35.148489],[126.91542,35.148509],[126.91543,35.148502],[126.915493,35.148559],[126.91546,35.148585],[126.915553,35.14867],[126.915616,35.148623],[126.915495,35.148509],[126.915543,35.148473],[126.915545,35.148457],[126.91553,35.148444],[126.915547,35.148431],[126.915518,35.148406],[126.91544,35.148463],[126.915437,35.148461],[126.915399,35.148489]]]]}},{"type":"Feature","id":"1992192235781832728600000000","properties":{"id":"1992192235781832728600000000","pnu":"1221012900100190005","year":1992,"purpose":"제1종 근린생활시설","far":231.27,"floors":3,"structure":"철근콘크리트구조"},"geometry":{"type":"MultiPolygon","coordinates":[[[[126.915533,35.148525],[126.915617,35.148621],[126.915673,35.148585],[126.915635,35.148542],[126.915628,35.148546],[126.915601,35.14852],[126.915584,35.148529],[126.915553,35.148499],[126.915544,35.148504],[126.915552,35.148513],[126.915533,35.148525]]]]}},{"type":"Feature","id":"1992192239201839638900000000","properties":{"id":"1992192239201839638900000000","pnu":"1221010100103230010","year":1992,"purpose":"기타","far":96.1,"floors":2,"structure":"일반철골구조"},"geometry":{"type":"MultiPolygon","coordinates":[[[[126.915651,35.154847],[126.915702,35.1548],[126.915621,35.154733],[126.915566,35.154783],[126.915651,35.154847]]]]}},{"type":"Feature","id":"1992192244361839529800000000","properties":{"id":"1992192244361839529800000000","pnu":"1221010100103230010","year":1992,"purpose":"기타","far":96.1,"floors":2,"structure":"일반철골구조"},"geometry":{"type":"MultiPolygon","coordinates":[[[[126.915663,35.154739],[126.915749,35.154674],[126.915718,35.154646],[126.915634,35.154711],[126.915663,35.154739]]]]}},{"type":"Feature","id":"1992192373741836400200000000","properties":{"id":"1992192373741836400200000000","pnu":"1221010100101580003","year":1992,"purpose":"기타","far":655.06,"floors":9,"structure":"철근콘크리트구조"},"geometry":{"type":"MultiPolygon","coordinates":[[[[126.917078,35.151989],[126.91725,35.151835],[126.91725,35.15183],[126.917137,35.151758],[126.916981,35.151913],[126.917078,35.151989]]]]}},{"type":"Feature","id":"1992192402661841159300000000","properties":{"id":"1992192402661841159300000000","pnu":"1221010900104790009","year":1992,"purpose":"제2종 근린생활시설"},"geometry":{"type":"MultiPolygon","coordinates":[[[[126.917446,35.156201],[126.917473,35.156179],[126.917403,35.156123],[126.917381,35.156141],[126.917446,35.156201]]]]}},{"type":"Feature","id":"1992192419621832401700000000","properties":{"id":"1992192419621832401700000000","pnu":"1221013200100200002","year":1992,"purpose":"기타","far":882.7686,"floors":16,"structure":"철근콘크리트구조"},"geometry":{"type":"MultiPolygon","coordinates":[[[[126.917609,35.148429],[126.917873,35.14824],[126.91774,35.1481],[126.917569,35.148221],[126.917518,35.148176],[126.917431,35.148236],[126.917426,35.14823],[126.917344,35.14829],[126.917439,35.148378],[126.917505,35.148335],[126.917609,35.148429]]]]}},{"type":"Feature","id":"1992192454611842439700000000","properties":{"id":"1992192454611842439700000000","pnu":"1221010900104850016","year":1992,"purpose":"단독주택","far":189.99,"floors":3,"structure":"철근콘크리트구조"},"geometry":{"type":"MultiPolygon","coordinates":[[[[126.918005,35.157367],[126.918041,35.157346],[126.918035,35.157303],[126.917988,35.157266],[126.917939,35.157306],[126.918005,35.157367]]]]}},{"type":"Feature","id":"1993191664161834816500000000","properties":{"id":"1993191664161834816500000000","pnu":"1221010400100220003","year":1993,"purpose":"기타","far":67.66,"floors":3,"structure":"철근콘크리트구조"},"geometry":{"type":"MultiPolygon","coordinates":[[[[126.909372,35.150522],[126.909434,35.150463],[126.90928,35.150356],[126.909224,35.150414],[126.909372,35.150522]]]]}},{"type":"Feature","id":"1993191674771834893900000000","properties":{"id":"1993191674771834893900000000","pnu":"1221010400100220003","year":1993,"purpose":"기타"},"geometry":{"type":"MultiPolygon","coordinates":[[[[126.909416,35.15059],[126.909538,35.150468],[126.909479,35.150429],[126.909351,35.150542],[126.909416,35.15059]]]]}},{"type":"Feature","id":"1993191804751833871200000000","properties":{"id":"1993191804751833871200000000","pnu":"1221010400100850000","year":1993,"purpose":"제1종 근린생활시설","far":48.3,"floors":2,"structure":"경량철골구조"},"geometry":{"type":"MultiPolygon","coordinates":[[[[126.910859,35.149683],[126.910981,35.149552],[126.910883,35.149497],[126.910765,35.149617],[126.910859,35.149683]]]]}},{"type":"Feature","id":"1993191885441836180800000000","properties":{"id":"1993191885441836180800000000","pnu":"1221010300100200000","year":1993,"purpose":"제2종 근린생활시설","far":171.96,"floors":3,"structure":"철근콘크리트구조"},"geometry":{"type":"MultiPolygon","coordinates":[[[[126.911723,35.151789],[126.911886,35.151615],[126.911797,35.151549],[126.911674,35.15168],[126.911661,35.151671],[126.91162,35.151721],[126.911723,35.151789]]]]}},{"type":"Feature","id":"1993191892671832882500000000","properties":{"id":"1993191892671832882500000000","pnu":"1221011500100050007","year":1993,"purpose":"제1종 근린생활시설","far":98.44,"floors":2,"structure":"철근콘크리트구조"},"geometry":{"type":"MultiPolygon","coordinates":[[[[126.911963,35.14868],[126.911775,35.148605],[126.911715,35.148715],[126.911858,35.148777],[126.911906,35.148781],[126.911963,35.14868]]]]}},{"type":"Feature","id":"1993191893001837850400000000","properties":{"id":"1993191893001837850400000000","pnu":"1221010200100170000","year":1993,"purpose":"제1종 근린생활시설","far":89.1,"floors":2,"structure":"벽돌구조"},"geometry":{"type":"MultiPolygon","coordinates":[[[[126.91181,35.153224],[126.911896,35.15316],[126.911862,35.153127],[126.911777,35.153192],[126.91181,35.153224]]]]}},{"type":"Feature","id":"1993191898451837904600000000","properties":{"id":"1993191898451837904600000000","pnu":"1221010200100160000","year":1993,"purpose":"제1종 근린생활시설","far":158.03,"floors":3,"structure":"철근콘크리트구조"},"geometry":{"type":"MultiPolygon","coordinates":[[[[126.911897,35.153283],[126.911967,35.153215],[126.9119,35.153166],[126.911823,35.153234],[126.911897,35.153283]]]]}},{"type":"Feature","id":"1993191994971834130500000000","properties":{"id":"1993191994971834130500000000","pnu":"1221013000100540001","year":1993,"purpose":"기타","far":162.85,"floors":3,"structure":"철근콘크리트구조"},"geometry":{"type":"MultiPolygon","coordinates":[[[[126.912944,35.149954],[126.913124,35.149808],[126.912968,35.149695],[126.91281,35.149825],[126.912802,35.149831],[126.912805,35.14984],[126.912944,35.149954]]]]}},{"type":"Feature","id":"1993192006001840654300000000","properties":{"id":"1993192006001840654300000000","pnu":"1221010100103210011","year":1993,"purpose":"기타","far":226.2992,"floors":3,"structure":"철근콘크리트구조"},"geometry":{"type":"MultiPolygon","coordinates":[[[[126.91295,35.155882],[126.91313,35.155884],[126.913137,35.155727],[126.913212,35.155707],[126.913246,35.155675],[126.913252,35.155654],[126.913252,35.155623],[126.913249,35.155603],[126.913228,35.155576],[126.913206,35.155566],[126.913169,35.155561],[126.912955,35.155558],[126.91295,35.155882]]]]}},{"type":"Feature","id":"1993192031471840752600000000","properties":{"id":"1993192031471840752600000000","pnu":"1221010100103210004","year":1973,"purpose":"제1종 근린생활시설"},"geometry":{"type":"MultiPolygon","coordinates":[[[[126.913353,35.155797],[126.913354,35.155797],[126.913355,35.155797],[126.913356,35.155797],[126.913357,35.155796],[126.913358,35.155796],[126.913358,35.155795],[126.913359,35.155794],[126.913359,35.155793],[126.913359,35.155793],[126.913359,35.155792],[126.913359,35.155791],[126.913358,35.15579],[126.913358,35.15579],[126.913357,35.155789],[126.913356,35.155789],[126.913355,35.155788],[126.913354,35.155788],[126.913353,35.155788],[126.913352,35.155788],[126.913352,35.155788],[126.913351,35.155789],[126.91335,35.155789],[126.913349,35.15579],[126.913349,35.15579],[126.913348,35.155791],[126.913348,35.155792],[126.913348,35.155793],[126.913348,35.155793],[126.913348,35.155794],[126.913349,35.155795],[126.913349,35.155795],[126.91335,35.155796],[126.913351,35.155797],[126.913352,35.155797],[126.913352,35.155797],[126.913353,35.155797]]]]}},{"type":"Feature","id":"1993192043531834354500000000","properties":{"id":"1993192043531834354500000000","pnu":"1221013000100460000","year":1993,"purpose":"제1종 근린생활시설","far":217.91,"floors":4,"structure":"철근콘크리트구조"},"geometry":{"type":"MultiPolygon","coordinates":[[[[126.913407,35.150001],[126.913535,35.15011],[126.913589,35.15006],[126.913519,35.150001],[126.913452,35.149944],[126.913392,35.149988],[126.913407,35.150001]]]]}},{"type":"Feature","id":"1993192104271837646800000000","properties":{"id":"1993192104271837646800000000","pnu":"1221010100100830001","year":1993,"purpose":"제1종 근린생활시설","far":109.28,"floors":3,"structure":"철근콘크리트구조"},"geometry":{"type":"MultiPolygon","coordinates":[[[[126.91419,35.153093],[126.914254,35.153036],[126.914187,35.15298],[126.914214,35.152951],[126.914149,35.1529],[126.914049,35.152969],[126.91419,35.153093]]]]}},{"type":"Feature","id":"1993192114891833218800000000","properties":{"id":"1993192114891833218800000000","pnu":"1221012900100320003","year":1993,"purpose":"제1종 근린생활시설","far":127.08,"floors":2,"structure":"철근콘크리트구조"},"geometry":{"type":"MultiPolygon","coordinates":[[[[126.914247,35.149094],[126.914387,35.148981],[126.914304,35.148913],[126.914167,35.149022],[126.914247,35.149094]]]]}},{"type":"Feature","id":"1993192123281835572100000000","properties":{"id":"1993192123281835572100000000","pnu":"1221013400100090001","year":1993,"purpose":"기타","far":1076.39,"floors":15,"structure":"철골콘크리트구조"},"geometry":{"type":"MultiPolygon","coordinates":[[[[126.91435,35.151221],[126.914494,35.151129],[126.914377,35.151022],[126.914239,35.151129],[126.91435,35.151221]]]]}},{"type":"Feature","id":"1993192170611840356800000000","properties":{"id":"1993192170611840356800000000","pnu":"1221010100103150014","year":1993,"purpose":"단독주택"},"geometry":{"type":"MultiPolygon","coordinates":[[[[126.914903,35.155504],[126.914959,35.155464],[126.914856,35.155369],[126.914805,35.155411],[126.914903,35.155504]]]]}},{"type":"Feature","id":"1993192226401838251900000000","properties":{"id":"1993192226401838251900000000","pnu":"1221010100100410001","purpose":"제1종 근린생활시설","floors":1,"structure":"벽돌구조"},"geometry":{"type":"MultiPolygon","coordinates":[[[[126.915483,35.153537],[126.9155,35.153551],[126.915508,35.153543],[126.91549,35.153529],[126.915483,35.153537]]]]}},{"type":"Feature","id":"1993192229291838203300000000","properties":{"id":"1993192229291838203300000000","pnu":"1221010100100410001","year":1993,"purpose":"제2종 근린생활시설","far":291.49253,"floors":5,"structure":"철근콘크리트구조"},"geometry":{"type":"MultiPolygon","coordinates":[[[[126.915421,35.153478],[126.915456,35.153505],[126.915557,35.153573],[126.915642,35.15352],[126.915485,35.153415],[126.915421,35.153478]]]]}},{"type":"Feature","id":"1993192279951843029300000000","properties":{"id":"1993192279951843029300000000","pnu":"1221010900105910007","year":1993,"purpose":"제1종 근린생활시설"},"geometry":{"type":"MultiPolygon","coordinates":[[[[126.916155,35.157873],[126.916051,35.157781],[126.916004,35.157822],[126.916103,35.157912],[126.916155,35.157873]]]]}},{"type":"Feature","id":"1993192310131837010400000000","properties":{"id":"1993192310131837010400000000","pnu":"1221010100101740008","year":1993,"purpose":"숙박시설","far":267.54,"floors":4,"structure":"철근콘크리트구조"},"geometry":{"type":"MultiPolygon","coordinates":[[[[126.916341,35.152451],[126.916399,35.152485],[126.91649,35.152394],[126.91643,35.152358],[126.916341,35.152451]]]]}},{"type":"Feature","id":"1993192311491840429300000000","properties":{"id":"1993192311491840429300000000","pnu":"1221010900104710019","year":1993,"purpose":"단독주택"},"geometry":{"type":"MultiPolygon","coordinates":[[[[126.91645,35.155558],[126.916491,35.155521],[126.916407,35.15545],[126.916361,35.155485],[126.91645,35.155558]]]]}},{"type":"Feature","id":"1993192406801832654200000000","properties":{"id":"1993192406801832654200000000","pnu":"1221013200100220005","year":1993,"purpose":"제1종 근린생활시설","far":854.59,"floors":14,"structure":"철근콘크리트구조"},"geometry":{"type":"MultiPolygon","coordinates":[[[[126.917443,35.148595],[126.917597,35.14849],[126.917505,35.148394],[126.917441,35.148435],[126.917456,35.148451],[126.917363,35.148511],[126.917443,35.148595]]]]}},{"type":"Feature","id":"1993192407491840568300000000","properties":{"id":"1993192407491840568300000000","pnu":"1221010900104650049","year":1993,"purpose":"단독주택","far":252.71,"floors":4,"structure":"철근콘크리트구조"},"geometry":{"type":"MultiPolygon","coordinates":[[[[126.917483,35.155692],[126.917576,35.155615],[126.917548,35.155586],[126.917489,35.155629],[126.917427,35.155575],[126.917388,35.155602],[126.917483,35.155692]]]]}},{"type":"Feature","id":"1993192458461837321500000000","properties":{"id":"1993192458461837321500000000","pnu":"1221010100101850001","year":1993,"purpose":"기타","far":498.58,"floors":12,"structure":"철골철근콘크리트구조"},"geometry":{"type":"MultiPolygon","coordinates":[[[[126.918145,35.152898],[126.918285,35.152783],[126.917997,35.15255],[126.917852,35.152548],[126.917792,35.152606],[126.918145,35.152898]]]]}},{"type":"Feature","id":"1993192462381840054100000000","properties":{"id":"1993192462381840054100000000","pnu":"1221010900104600006","year":1993,"purpose":"단독주택"},"geometry":{"type":"MultiPolygon","coordinates":[[[[126.918085,35.155235],[126.91816,35.15517],[126.918074,35.155097],[126.918049,35.155111],[126.918019,35.15518],[126.918085,35.155235]]]]}},{"type":"Feature","id":"1993192467161840243500000000","properties":{"id":"1993192467161840243500000000","pnu":"1221010900104600005","year":1993,"purpose":"제1종 근린생활시설","far":133.1,"floors":2,"structure":"벽돌구조"},"geometry":{"type":"MultiPolygon","coordinates":[[[[126.91812,35.155388],[126.918173,35.155345],[126.918185,35.1553],[126.918167,35.155284],[126.918074,35.155349],[126.91812,35.155388]]]]}},{"type":"Feature","id":"1993192471141840506500000000","properties":{"id":"1993192471141840506500000000","pnu":"1221010900104620005","purpose":"기타","structure":"벽돌구조"},"geometry":{"type":"MultiPolygon","coordinates":[[[[126.918179,35.155579],[126.91818,35.155579],[126.918181,35.155578],[126.918182,35.155578],[126.918183,35.155578],[126.918183,35.155577],[126.918184,35.155576],[126.918184,35.155576],[126.918184,35.155575],[126.918185,35.155574],[126.918184,35.155573],[126.918184,35.155573],[126.918184,35.155572],[126.918183,35.155571],[126.918183,35.155571],[126.918182,35.15557],[126.918181,35.15557],[126.91818,35.15557],[126.918179,35.15557],[126.918178,35.15557],[126.918177,35.15557],[126.918176,35.15557],[126.918176,35.155571],[126.918175,35.155571],[126.918174,35.155572],[126.918174,35.155573],[126.918174,35.155573],[126.918174,35.155574],[126.918174,35.155575],[126.918174,35.155576],[126.918174,35.155576],[126.918175,35.155577],[126.918176,35.155578],[126.918176,35.155578],[126.918177,35.155578],[126.918178,35.155579],[126.918179,35.155579]]]]}},{"type":"Feature","id":"1993192472731839955900000000","properties":{"id":"1993192472731839955900000000","pnu":"1221010900104600011","year":1993,"purpose":"제2종 근린생활시설"},"geometry":{"type":"MultiPolygon","coordinates":[[[[126.91829,35.155067],[126.918182,35.155015],[126.918114,35.155068],[126.918143,35.155093],[126.918142,35.155119],[126.918204,35.155142],[126.91829,35.155067]]]]}},{"type":"Feature","id":"1993192475981840552700000000","properties":{"id":"1993192475981840552700000000","pnu":"1221010900104620005","year":1993,"purpose":"단독주택","far":94.1,"floors":2,"structure":"벽돌구조"},"geometry":{"type":"MultiPolygon","coordinates":[[[[126.918238,35.155669],[126.918299,35.155628],[126.918271,35.155594],[126.918264,35.155597],[126.918241,35.155577],[126.918226,35.155584],[126.918205,35.15557],[126.918162,35.155595],[126.918238,35.155669]]]]}},{"type":"Feature","id":"1993192497761839727400000000","properties":{"id":"1993192497761839727400000000","pnu":"1221010900103070000","year":1993,"purpose":"제2종 근린생활시설","far":151.384615385,"floors":2,"structure":"철근콘크리트구조"},"geometry":{"type":"MultiPolygon","coordinates":[[[[126.918472,35.154809],[126.918422,35.154904],[126.918468,35.154924],[126.918509,35.154891],[126.918508,35.154838],[126.918472,35.154809]]]]}},{"type":"Feature","id":"1993192501801841367300000000","properties":{"id":"1993192501801841367300000000","pnu":"1221010900104640006","year":1993,"purpose":"제2종 근린생활시설","far":288.8,"floors":4,"structure":"철근콘크리트구조"},"geometry":{"type":"MultiPolygon","coordinates":[[[[126.918531,35.156412],[126.918589,35.156358],[126.918502,35.156289],[126.918438,35.156341],[126.918531,35.156412]]]]}},{"type":"Feature","id":"1993192510161839606200000000","properties":{"id":"1993192510161839606200000000","pnu":"1221010900103070004","year":1993,"purpose":"제1종 근린생활시설","far":195.38,"floors":3,"structure":"철근콘크리트구조"},"geometry":{"type":"MultiPolygon","coordinates":[[[[126.918677,35.154772],[126.918593,35.154714],[126.918545,35.154761],[126.918584,35.154795],[126.918652,35.154796],[126.918677,35.154772]]]]}},{"type":"Feature","id":"1993192530001833244300000000","properties":{"id":"1993192530001833244300000000","pnu":"1221010500100820003","year":1993,"purpose":"제1종 근린생활시설","far":159.28,"floors":2,"structure":"일반철골구조"},"geometry":{"type":"MultiPolygon","coordinates":[[[[126.918743,35.149043],[126.9188,35.149074],[126.918802,35.149072],[126.918825,35.149084],[126.918871,35.149085],[126.918922,35.149019],[126.918807,35.148959],[126.918743,35.149043]]]]}},{"type":"Feature","id":"1993192540211841534000000000","properties":{"id":"1993192540211841534000000000","pnu":"1221010900102960005","year":1993,"purpose":"단독주택","far":204.76,"floors":3,"structure":"벽돌구조"},"geometry":{"type":"MultiPolygon","coordinates":[[[[126.918926,35.156566],[126.919012,35.156502],[126.918946,35.156435],[126.918879,35.15648],[126.918878,35.156528],[126.918926,35.156566]]]]}},{"type":"Feature","id":"1994191636951836640300000000","properties":{"id":"1994191636951836640300000000","pnu":"1221010400100040021","purpose":"기타"},"geometry":{"type":"MultiPolygon","coordinates":[[[[126.909015,35.152137],[126.90909,35.152073],[126.909039,35.15203],[126.908966,35.152091],[126.909015,35.152137]]]]}},{"type":"Feature","id":"1994191643791836707100000000","properties":{"id":"1994191643791836707100000000","pnu":"1221010400100040021","year":1994,"purpose":"제1종 근린생활시설"},"geometry":{"type":"MultiPolygon","coordinates":[[[[126.909108,35.152202],[126.909174,35.152146],[126.909101,35.152084],[126.909029,35.152139],[126.909108,35.152202]]]]}},{"type":"Feature","id":"1994191837361832581400000000","properties":{"id":"1994191837361832581400000000","pnu":"1221011500100150001","year":1994,"purpose":"제2종 근린생활시설","far":311.23,"floors":4,"structure":"철근콘크리트구조"},"geometry":{"type":"MultiPolygon","coordinates":[[[[126.911229,35.148486],[126.9113,35.1484],[126.911233,35.148365],[126.911163,35.148452],[126.911229,35.148486]]]]}},{"type":"Feature","id":"1994191842271833374400000000","properties":{"id":"1994191842271833374400000000","pnu":"1221010400100920000","year":1994,"purpose":"기타"},"geometry":{"type":"MultiPolygon","coordinates":[[[[126.911294,35.149051],[126.91123,35.149125],[126.911218,35.149129],[126.911178,35.149176],[126.911275,35.149231],[126.911379,35.149117],[126.911378,35.149092],[126.911294,35.149051]]]]}},{"type":"Feature","id":"1994191896501833777100000000","properties":{"id":"1994191896501833777100000000","pnu":"1221010400100590000","year":1994,"purpose":"제2종 근린생활시설","far":185.29,"floors":3,"structure":"철근콘크리트구조"},"geometry":{"type":"MultiPolygon","coordinates":[[[[126.911957,35.14952],[126.91186,35.149439],[126.911799,35.14949],[126.911902,35.14957],[126.911957,35.14952]]]]}},{"type":"Feature","id":"1994191918421834024100000000","properties":{"id":"1994191918421834024100000000","pnu":"1221010300100680001","year":1994,"purpose":"기타","far":221.77,"floors":3,"structure":"일반철골구조"},"geometry":{"type":"MultiPolygon","coordinates":[[[[126.91205,35.149877],[126.912321,35.149674],[126.91219,35.14957],[126.91192,35.149784],[126.912019,35.14987],[126.91205,35.149877]]]]}},{"type":"Feature","id":"1994191984261832324200000000","properties":{"id":"1994191984261832324200000000","pnu":"1221011500100350016","year":1994,"purpose":"기타"},"geometry":{"type":"MultiPolygon","coordinates":[[[[126.912843,35.148281],[126.912936,35.148178],[126.912853,35.148109],[126.912747,35.14821],[126.912843,35.148281]]]]}},{"type":"Feature","id":"1994191999451837499900000000","properties":{"id":"1994191999451837499900000000","pnu":"1221010200100790000","year":1994,"purpose":"제1종 근린생활시설","far":85.36,"floors":4,"structure":"철근콘크리트구조"},"geometry":{"type":"MultiPolygon","coordinates":[[[[126.912975,35.152965],[126.913132,35.152853],[126.913111,35.152831],[126.913117,35.152823],[126.913037,35.152757],[126.912872,35.152871],[126.912975,35.152965]]]]}},{"type":"Feature","id":"1994192003901838895600000000","properties":{"id":"1994192003901838895600000000","pnu":"1221010100100230008","year":1994,"purpose":"제2종 근린생활시설","far":99.05,"floors":2,"structure":"철근콘크리트구조"},"geometry":{"type":"MultiPolygon","coordinates":[[[[126.912989,35.154145],[126.913054,35.15418],[126.913114,35.154088],[126.913056,35.154057],[126.912989,35.154145]]]]}},{"type":"Feature","id":"1994192011521833981800000000","properties":{"id":"1994192011521833981800000000","pnu":"1221013000100340008","year":1994,"purpose":"제1종 근린생활시설","far":229.78,"floors":4,"structure":"철근콘크리트구조"},"geometry":{"type":"MultiPolygon","coordinates":[[[[126.913222,35.149668],[126.913104,35.149618],[126.913059,35.149711],[126.913182,35.14976],[126.913222,35.149668]]]]}},{"type":"Feature","id":"1994192012361837636600000000","properties":{"id":"1994192012361837636600000000","pnu":"1221010200100790000","purpose":"기타","far":46.43,"floors":2,"structure":"벽돌구조"},"geometry":{"type":"MultiPolygon","coordinates":[[[[126.913107,35.153086],[126.91327,35.152953],[126.913194,35.152886],[126.913023,35.153004],[126.913107,35.153086]]]]}},{"type":"Feature","id":"1994192015031837101900000000","properties":{"id":"1994192015031837101900000000","pnu":"1221010200100940013","year":1994,"purpose":"제2종 근린생활시설","far":259.66,"floors":3,"structure":"철근콘크리트구조"},"geometry":{"type":"MultiPolygon","coordinates":[[[[126.913158,35.152562],[126.913224,35.152499],[126.913229,35.152463],[126.913202,35.152442],[126.913113,35.152518],[126.913158,35.152562]]]]}},{"type":"Feature","id":"1994192024101835091000000000","properties":{"id":"1994192024101835091000000000","pnu":"1221010300100430000","year":1994,"purpose":"제2종 근린생활시설"},"geometry":{"type":"MultiPolygon","coordinates":[[[[126.913225,35.150789],[126.913416,35.150648],[126.913373,35.1506],[126.913319,35.150638],[126.913282,35.150609],[126.913169,35.150703],[126.913169,35.150747],[126.913225,35.150789]]]]}},{"type":"Feature","id":"1994192030551840275500000000","properties":{"id":"1994192030551840275500000000","pnu":"1221010100103210015","year":1994,"purpose":"제2종 근린생활시설","far":236.13,"floors":3,"structure":"철근콘크리트구조"},"geometry":{"type":"MultiPolygon","coordinates":[[[[126.913379,35.155452],[126.913436,35.155418],[126.913309,35.155273],[126.913251,35.155306],[126.913379,35.155452]]]]}},{"type":"Feature","id":"1994192064921841493800000000","properties":{"id":"1994192064921841493800000000","pnu":"1221010100103190001","year":1994,"purpose":"제2종 근린생활시설","far":266.37,"floors":4,"structure":"철근콘크리트구조"},"geometry":{"type":"MultiPolygon","coordinates":[[[[126.913684,35.156527],[126.913799,35.156451],[126.91376,35.156403],[126.913665,35.156436],[126.913665,35.156524],[126.913684,35.156527]]]]}},{"type":"Feature","id":"1994192092041835053300000000","properties":{"id":"1994192092041835053300000000","pnu":"1221013400100830001","year":1994,"purpose":"기타","far":496.81,"floors":8,"structure":"철근콘크리트구조"},"geometry":{"type":"MultiPolygon","coordinates":[[[[126.914237,35.15073],[126.914102,35.150616],[126.913956,35.150517],[126.913935,35.150537],[126.913883,35.150507],[126.913805,35.150584],[126.913849,35.150612],[126.913849,35.15062],[126.914127,35.150818],[126.914237,35.15073]]]]}},{"type":"Feature","id":"1994192143521840575600000000","properties":{"id":"1994192143521840575600000000","pnu":"1221010100103150019","year":1994,"purpose":"숙박시설","far":320.59,"floors":1,"structure":"철근콘크리트구조"},"geometry":{"type":"MultiPolygon","coordinates":[[[[126.914493,35.155625],[126.914585,35.15571],[126.914672,35.155637],[126.914585,35.15556],[126.914493,35.155625]]]]}},{"type":"Feature","id":"1994192158661838130400000000","properties":{"id":"1994192158661838130400000000","pnu":"1221010100100740000","year":1994,"purpose":"기타","far":564.36,"floors":7,"structure":"철근콘크리트구조"},"geometry":{"type":"MultiPolygon","coordinates":[[[[126.914598,35.153445],[126.91471,35.153534],[126.914772,35.153526],[126.914907,35.153402],[126.914781,35.153318],[126.914717,35.153371],[126.914695,35.153358],[126.914598,35.153445]]]]}},{"type":"Feature","id":"1994192185611837808400000000","properties":{"id":"1994192185611837808400000000","pnu":"1221010100100690001","year":1994,"purpose":"제1종 근린생활시설","far":123.58,"floors":2,"structure":"철근콘크리트구조"},"geometry":{"type":"MultiPolygon","coordinates":[[[[126.914935,35.153143],[126.915002,35.15319],[126.915047,35.1532],[126.915057,35.153191],[126.915091,35.153215],[126.915093,35.153216],[126.915095,35.153216],[126.915097,35.153216],[126.915099,35.153216],[126.915101,35.153216],[126.91512,35.153197],[126.915121,35.153196],[126.915123,35.153193],[126.915122,35.15319],[126.915121,35.153188],[126.915118,35.153186],[126.91516,35.153146],[126.915028,35.153054],[126.914935,35.153143]]]]}},{"type":"Feature","id":"1994192191751840319700000000","properties":{"id":"1994192191751840319700000000","pnu":"1221010100103150028","purpose":"제2종 근린생활시설"},"geometry":{"type":"MultiPolygon","coordinates":[[[[126.915098,35.155399],[126.915117,35.155416],[126.915127,35.155408],[126.915109,35.155392],[126.915098,35.155399]]]]}},{"type":"Feature","id":"1994192192991840425900000000","properties":{"id":"1994192192991840425900000000","pnu":"1221010100103150028","year":1994,"purpose":"기타"},"geometry":{"type":"MultiPolygon","coordinates":[[[[126.915033,35.155492],[126.915117,35.155576],[126.91522,35.155507],[126.915135,35.155423],[126.915033,35.155492]]]]}},{"type":"Feature","id":"1994192259091837703700000000","properties":{"id":"1994192259091837703700000000","pnu":"1221010100100500000","year":1994,"purpose":"기타","far":444.22,"floors":7,"structure":"철근콘크리트구조"},"geometry":{"type":"MultiPolygon","coordinates":[[[[126.915681,35.153125],[126.915802,35.153206],[126.915812,35.153206],[126.916007,35.153017],[126.916011,35.153001],[126.916012,35.152983],[126.916012,35.152967],[126.915893,35.152884],[126.915869,35.152895],[126.915681,35.153125]]]]}},{"type":"Feature","id":"1994192269041837344500000000","properties":{"id":"1994192269041837344500000000","pnu":"1221010100100500000","year":1994,"purpose":"기타","far":444.22,"floors":7,"structure":"철근콘크리트구조"},"geometry":{"type":"MultiPolygon","coordinates":[[[[126.915928,35.152726],[126.915964,35.152752],[126.916,35.152719],[126.915964,35.152693],[126.915928,35.152726]]]]}},{"type":"Feature","id":"1994192281921833610700000000","properties":{"id":"1994192281921833610700000000","pnu":"1221013300100120003","year":1994,"purpose":"기타","far":807.4,"floors":13,"structure":"철근콘크리트구조"},"geometry":{"type":"MultiPolygon","coordinates":[[[[126.916291,35.149363],[126.91613,35.149197],[126.916032,35.149271],[126.916044,35.14929],[126.915932,35.149375],[126.916063,35.149508],[126.916291,35.149363]]]]}},{"type":"Feature","id":"1994192364541838032900000000","properties":{"id":"1994192364541838032900000000","pnu":"1221010100103130005","year":1994,"purpose":"제1종 근린생활시설","far":67.82,"floors":1,"structure":"벽돌구조"},"geometry":{"type":"MultiPolygon","coordinates":[[[[126.917108,35.153349],[126.917025,35.153266],[126.916915,35.153339],[126.916998,35.153422],[126.917108,35.153349]]]]}},{"type":"Feature","id":"1994192368341842871400000000","properties":{"id":"1994192368341842871400000000","pnu":"1221010900104890015","year":1994,"purpose":"단독주택"},"geometry":{"type":"MultiPolygon","coordinates":[[[[126.917074,35.157777],[126.917124,35.157738],[126.917108,35.157724],[126.917112,35.157717],[126.917074,35.157682],[126.91708,35.157669],[126.917036,35.157633],[126.916968,35.157687],[126.917074,35.157777]]]]}},{"type":"Feature","id":"1994192473231842915600000000","properties":{"id":"1994192473231842915600000000","pnu":"1221010900104850045","year":1994,"purpose":"숙박시설","far":322.46,"floors":5,"structure":"철근콘크리트구조"},"geometry":{"type":"MultiPolygon","coordinates":[[[[126.918104,35.157735],[126.9182,35.157824],[126.918299,35.157753],[126.91828,35.157736],[126.918275,35.157739],[126.918198,35.157667],[126.918104,35.157735]]]]}},{"type":"Feature","id":"1994192488441837487600000000","properties":{"id":"1994192488441837487600000000","pnu":"1221010100101980019","year":1994,"purpose":"제2종 근린생활시설","far":399.12,"floors":6,"structure":"철근콘크리트구조"},"geometry":{"type":"MultiPolygon","coordinates":[[[[126.918307,35.152881],[126.918352,35.152912],[126.918439,35.152824],[126.918398,35.152795],[126.918309,35.152873],[126.918307,35.152881]]]]}},{"type":"Feature","id":"1994192494111839958900000000","properties":{"id":"1994192494111839958900000000","pnu":"1221010900103020000","year":1994,"purpose":"제1종 근린생활시설","far":68.9,"floors":1,"structure":"경량철골구조"},"geometry":{"type":"MultiPolygon","coordinates":[[[[126.918418,35.155113],[126.91847,35.155065],[126.918449,35.155049],[126.918393,35.155094],[126.918418,35.155113]]]]}},{"type":"Feature","id":"1994192499961837880000000000","properties":{"id":"1994192499961837880000000000","pnu":"1221010100101980005","year":1994,"purpose":"제1종 근린생활시설"},"geometry":{"type":"MultiPolygon","coordinates":[[[[126.91857,35.153298],[126.918612,35.153268],[126.91854,35.153194],[126.918544,35.15319],[126.918438,35.153118],[126.918384,35.153172],[126.91857,35.153298]]]]}},{"type":"Feature","id":"1994192502211839394900000000","properties":{"id":"1994192502211839394900000000","pnu":"1221010900103090000","year":1994,"purpose":"제1종 근린생활시설","far":121.38,"floors":2,"structure":"일반철골구조"},"geometry":{"type":"MultiPolygon","coordinates":[[[[126.918528,35.154625],[126.918578,35.154581],[126.918557,35.154562],[126.91856,35.154555],[126.918516,35.154521],[126.918462,35.154566],[126.918528,35.154625]]]]}},{"type":"Feature","id":"1994192517901837812500000000","properties":{"id":"1994192517901837812500000000","pnu":"1221010100101980005","year":1994,"purpose":"단독주택"},"geometry":{"type":"MultiPolygon","coordinates":[[[[126.918706,35.153195],[126.918752,35.153157],[126.918686,35.153097],[126.918636,35.153136],[126.918706,35.153195]]]]}},{"type":"Feature","id":"1995191874951834118100000000","properties":{"id":"1995191874951834118100000000","pnu":"1221010400100550000","year":1995,"purpose":"제2종 근린생활시설","far":59.57,"floors":1,"structure":"벽돌구조"},"geometry":{"type":"MultiPolygon","coordinates":[[[[126.911682,35.149871],[126.911718,35.1498],[126.911652,35.149775],[126.911657,35.149767],[126.911609,35.149749],[126.911566,35.149826],[126.911682,35.149871]]]]}},{"type":"Feature","id":"1995191898101835290500000000","properties":{"id":"1995191898101835290500000000","pnu":"1221010300100590001","purpose":"제2종 근린생활시설","far":163.16,"floors":3,"structure":"경량철골구조"},"geometry":{"type":"MultiPolygon","coordinates":[[[[126.911835,35.150993],[126.911953,35.150898],[126.911931,35.150877],[126.911998,35.15079],[126.912019,35.150749],[126.911988,35.150725],[126.911772,35.150924],[126.911835,35.150993]]]]}},{"type":"Feature","id":"1995191915031837776000000000","properties":{"id":"1995191915031837776000000000","pnu":"1221010200100730006","year":1995,"purpose":"제2종 근린생활시설","far":75.43,"floors":1,"structure":"벽돌구조"},"geometry":{"type":"MultiPolygon","coordinates":[[[[126.912238,35.153181],[126.912129,35.153112],[126.912144,35.153096],[126.911993,35.153003],[126.911946,35.153052],[126.91193,35.153042],[126.911918,35.153053],[126.912052,35.153137],[126.912061,35.153128],[126.912173,35.153222],[126.912238,35.153181]]]]}},{"type":"Feature","id":"1995192018181834262300000000","properties":{"id":"1995192018181834262300000000","pnu":"1221013000100530000","year":1995,"purpose":"기타","far":406.92,"floors":8,"structure":"철근콘크리트구조"},"geometry":{"type":"MultiPolygon","coordinates":[[[[126.913002,35.15004],[126.913138,35.150151],[126.913205,35.150096],[126.913193,35.150088],[126.913223,35.150062],[126.913234,35.150073],[126.913273,35.150026],[126.91327,35.150023],[126.913289,35.149995],[126.913285,35.149991],[126.913423,35.149875],[126.913418,35.149869],[126.913474,35.149822],[126.913387,35.149749],[126.91333,35.149797],[126.913321,35.149789],[126.91327,35.149831],[126.913187,35.149815],[126.913102,35.149887],[126.913089,35.149876],[126.91304,35.149919],[126.913051,35.149929],[126.913002,35.15004]]]]}},{"type":"Feature","id":"1995192020601837236200000000","properties":{"id":"1995192020601837236200000000","pnu":"1221010200100920002","year":1995,"purpose":"제2종 근린생활시설","far":204.54,"floors":4,"structure":"철근콘크리트구조"},"geometry":{"type":"MultiPolygon","coordinates":[[[[126.913291,35.15257],[126.913166,35.152656],[126.913191,35.152678],[126.913266,35.152618],[126.913321,35.15257],[126.913291,35.15257]]]]}},{"type":"Feature","id":"1995192022251837847900000000","properties":{"id":"1995192022251837847900000000","pnu":"1221010200100850009","year":1995,"purpose":"제1종 근린생활시설","far":40,"floors":1,"structure":"경량철골구조"},"geometry":{"type":"MultiPolygon","coordinates":[[[[126.913096,35.15311],[126.913314,35.153312],[126.913415,35.153238],[126.913196,35.153037],[126.913096,35.15311]]]]}},{"type":"Feature","id":"1995192077971839018900000000","properties":{"id":"1995192077971839018900000000","pnu":"1221010100100210028","year":1995,"purpose":"제2종 근린생활시설","far":231.92,"floors":3,"structure":"벽돌구조"},"geometry":{"type":"MultiPolygon","coordinates":[[[[126.913828,35.154254],[126.913855,35.154273],[126.913907,35.154208],[126.913865,35.154191],[126.913828,35.154254]]]]}},{"type":"Feature","id":"1995192102571835953500000000","properties":{"id":"1995192102571835953500000000","pnu":"1221010200101720000","year":1995,"purpose":"제2종 근린생활시설"},"geometry":{"type":"MultiPolygon","coordinates":[[[[126.914055,35.151461],[126.914194,35.151519],[126.914222,35.151475],[126.914082,35.151416],[126.914055,35.151461]]]]}},{"type":"Feature","id":"1995192109331836163600000000","properties":{"id":"1995192109331836163600000000","pnu":"1221010200101720000","year":1995,"purpose":"기타"},"geometry":{"type":"MultiPolygon","coordinates":[[[[126.914101,35.151735],[126.914154,35.151763],[126.914243,35.151652],[126.914274,35.151669],[126.914324,35.151607],[126.914241,35.151562],[126.914101,35.151735]]]]}},{"type":"Feature","id":"1995192149541833327600000000","properties":{"id":"1995192149541833327600000000","pnu":"1221012900100280002","year":1995,"purpose":"제1종 근린생활시설","far":273.57693,"floors":4,"structure":"일반철골구조"},"geometry":{"type":"MultiPolygon","coordinates":[[[[126.914647,35.149152],[126.914721,35.149094],[126.91467,35.14905],[126.91459,35.149108],[126.914647,35.149152]]]]}},{"type":"Feature","id":"1995192158211835853300000000","properties":{"id":"1995192158211835853300000000","pnu":"1221013400100060000","year":1995,"purpose":"기타","far":409.75,"floors":7,"structure":"철근콘크리트구조"},"geometry":{"type":"MultiPolygon","coordinates":[[[[126.914564,35.151397],[126.914685,35.151497],[126.914728,35.151506],[126.91493,35.151357],[126.914796,35.151239],[126.914564,35.151397]]]]}},{"type":"Feature","id":"1995192170961840461400000000","properties":{"id":"1995192170961840461400000000","pnu":"1221010100103150002","purpose":"기타","structure":"벽돌구조"},"geometry":{"type":"MultiPolygon","coordinates":[[[[126.914875,35.155528],[126.914888,35.15554],[126.914894,35.155535],[126.914882,35.155523],[126.914875,35.155528]]]]}},{"type":"Feature","id":"1995192181371840516200000000","properties":{"id":"1995192181371840516200000000","pnu":"1221010100103150002","year":1995,"purpose":"제2종 근린생활시설","far":172.31,"floors":3,"structure":"철근콘크리트구조"},"geometry":{"type":"MultiPolygon","coordinates":[[[[126.914984,35.155511],[126.914917,35.155559],[126.915012,35.155649],[126.915082,35.155605],[126.914984,35.155511]]]]}},{"type":"Feature","id":"1995192227661838709200000000","properties":{"id":"1995192227661838709200000000","pnu":"1221010100103120029","year":1995,"purpose":"제1종 근린생활시설","far":120.71,"floors":2,"structure":"벽돌구조"},"geometry":{"type":"MultiPolygon","coordinates":[[[[126.915537,35.154001],[126.91553,35.153992],[126.915572,35.153967],[126.91551,35.153895],[126.915444,35.153934],[126.915486,35.153983],[126.915487,35.153982],[126.915515,35.154014],[126.915537,35.154001]]]]}},{"type":"Feature","id":"1995192228631833135800000000","properties":{"id":"1995192228631833135800000000","pnu":"1221012900100090001","year":1995,"purpose":"제1종 근린생활시설","far":359.59,"floors":5,"structure":"철근콘크리트구조"},"geometry":{"type":"MultiPolygon","coordinates":[[[[126.915397,35.148883],[126.915455,35.148933],[126.915424,35.148956],[126.915518,35.149042],[126.91559,35.148986],[126.915614,35.149006],[126.915671,35.148963],[126.915496,35.148808],[126.915397,35.148883]]]]}},{"type":"Feature","id":"1995192286191835774100000000","properties":{"id":"1995192286191835774100000000","pnu":"1221013400100550002","year":1995,"purpose":"제1종 근린생활시설","far":63.78,"floors":1,"structure":"벽돌구조"},"geometry":{"type":"MultiPolygon","coordinates":[[[[126.916159,35.151393],[126.916259,35.151312],[126.916144,35.15122],[126.916051,35.151305],[126.916159,35.151393]]]]}},{"type":"Feature","id":"1995192333791842552700000000","properties":{"id":"1995192333791842552700000000","pnu":"1221010900104900009","year":1995,"purpose":"제1종 근린생활시설"},"geometry":{"type":"MultiPolygon","coordinates":[[[[126.91668,35.157474],[126.916739,35.157428],[126.916656,35.157361],[126.916602,35.157406],[126.91668,35.157474]]]]}},{"type":"Feature","id":"1995192479331835990700000000","properties":{"id":"1995192479331835990700000000","pnu":"1221010600100060002","year":1995,"purpose":"기타","far":22.394146,"floors":2,"structure":"철근콘크리트구조"},"geometry":{"type":"MultiPolygon","coordinates":[[[[126.917649,35.151224],[126.917576,35.151296],[126.91812,35.151666],[126.918126,35.151704],[126.91855,35.151669],[126.918552,35.151617],[126.918943,35.151355],[126.918871,35.151284],[126.918537,35.151494],[126.918097,35.151531],[126.917649,35.151224]]]]}},{"type":"Feature","id":"1995192483161838122100000000","properties":{"id":"1995192483161838122100000000","pnu":"1221010100101900001","year":1995,"purpose":"기타","far":497.45,"floors":6,"structure":"철골철근콘크리트구조"},"geometry":{"type":"MultiPolygon","coordinates":[[[[126.918035,35.153486],[126.918265,35.153634],[126.918499,35.153492],[126.918596,35.153389],[126.91831,35.153199],[126.918035,35.153486]]]]}},{"type":"Feature","id":"1995192513391840936100000000","properties":{"id":"1995192513391840936100000000","pnu":"1221010900102970004","year":1995,"purpose":"제1종 근린생활시설","far":64.42,"floors":1,"structure":"벽돌구조"},"geometry":{"type":"MultiPolygon","coordinates":[[[[126.918626,35.155989],[126.918678,35.155951],[126.918659,35.155934],[126.918606,35.155972],[126.918626,35.155989]]]]}},{"type":"Feature","id":"1995192532651843027600000000","properties":{"id":"1995192532651843027600000000","pnu":"1221010900104850029","year":1995,"purpose":"단독주택","far":191.42,"floors":3,"structure":"철근콘크리트구조"},"geometry":{"type":"MultiPolygon","coordinates":[[[[126.918852,35.157908],[126.918922,35.157845],[126.918851,35.157787],[126.918782,35.157847],[126.918852,35.157908]]]]}},{"type":"Feature","id":"1995192533281835578000000000","properties":{"id":"1995192533281835578000000000","pnu":"1221010600100060002","year":1995,"purpose":"기타","far":22.394146,"floors":2,"structure":"철근콘크리트구조"},"geometry":{"type":"MultiPolygon","coordinates":[[[[126.919009,35.151314],[126.91909,35.151254],[126.91872,35.150949],[126.918645,35.151015],[126.919009,35.151314]]]]}},{"type":"Feature","id":"1996191696191834960000000000","properties":{"id":"1996191696191834960000000000","pnu":"1221010400100230002","year":1996,"purpose":"기타","far":532.4109,"floors":20,"structure":"철골철근콘크리트구조"},"geometry":{"type":"MultiPolygon","coordinates":[[[[126.909651,35.150757],[126.909929,35.150499],[126.909796,35.150413],[126.909731,35.150471],[126.909634,35.150421],[126.909444,35.1506],[126.909651,35.150757]]]]}},{"type":"Feature","id":"1996191732311834575600000000","properties":{"id":"1996191732311834575600000000","pnu":"1221010400100330002","year":1996,"purpose":"기타"},"geometry":{"type":"MultiPolygon","coordinates":[[[[126.910198,35.150024],[126.909824,35.150378],[126.909893,35.15044],[126.910292,35.150132],[126.9103,35.150116],[126.9103,35.150101],[126.910297,35.150087],[126.91029,35.150077],[126.910277,35.150061],[126.910258,35.150046],[126.910237,35.150035],[126.910214,35.150027],[126.910198,35.150024]]]]}},{"type":"Feature","id":"1996191759381836458800000000","properties":{"id":"1996191759381836458800000000","pnu":"1221010300100930001","year":1978,"purpose":"단독주택","far":124.83,"floors":3,"structure":"벽돌구조"},"geometry":{"type":"MultiPolygon","coordinates":[[[[126.910351,35.152003],[126.910476,35.151908],[126.910387,35.15184],[126.910271,35.151928],[126.910351,35.152003]]]]}},{"type":"Feature","id":"1996191764951835577400000000","properties":{"id":"1996191764951835577400000000","pnu":"1221010300100800022","year":1996,"purpose":"제1종 근린생활시설","far":172.7,"floors":3,"structure":"철근콘크리트구조"},"geometry":{"type":"MultiPolygon","coordinates":[[[[126.910426,35.151177],[126.910496,35.151123],[126.910453,35.15108],[126.910437,35.151094],[126.910431,35.151091],[126.91041,35.151103],[126.9104,35.151097],[126.91037,35.151116],[126.910426,35.151177]]]]}},{"type":"Feature","id":"1996191771251835653100000000","properties":{"id":"1996191771251835653100000000","pnu":"1221010300100800023","year":1996,"purpose":"단독주택","far":202.87,"floors":3,"structure":"일반철골구조"},"geometry":{"type":"MultiPolygon","coordinates":[[[[126.910505,35.151249],[126.910566,35.151209],[126.910501,35.151138],[126.910439,35.151181],[126.910505,35.151249]]]]}},{"type":"Feature","id":"1996191818781836925800000000","properties":{"id":"1996191818781836925800000000","pnu":"1221010200100610014","year":1996,"purpose":"제2종 근린생활시설","far":90.32,"floors":2,"structure":"철근콘크리트구조"},"geometry":{"type":"MultiPolygon","coordinates":[[[[126.911032,35.152401],[126.911094,35.152348],[126.911013,35.152283],[126.910952,35.152334],[126.911032,35.152401]]]]}},{"type":"Feature","id":"1996191829601836464000000000","properties":{"id":"1996191829601836464000000000","pnu":"1221010300100150005","year":1996,"purpose":"제1종 근린생활시설","far":122.23,"floors":2,"structure":"일반철골구조"},"geometry":{"type":"MultiPolygon","coordinates":[[[[126.911183,35.152004],[126.91123,35.151968],[126.9111,35.151848],[126.911053,35.151879],[126.911183,35.152004]]]]}},{"type":"Feature","id":"1996192028481838698600000000","properties":{"id":"1996192028481838698600000000","pnu":"1221010100100230000","year":1996,"purpose":"제1종 근린생활시설","far":222.85,"floors":3,"structure":"철근콘크리트구조"},"geometry":{"type":"MultiPolygon","coordinates":[[[[126.913272,35.153955],[126.913354,35.154003],[126.913391,35.153942],[126.913305,35.153878],[126.913257,35.153934],[126.913251,35.153948],[126.913269,35.153958],[126.913272,35.153955]]]]}},{"type":"Feature","id":"1996192056391839028100000000","properties":{"id":"1996192056391839028100000000","pnu":"1221010100100210042","year":1996,"purpose":"제1종 근린생활시설","far":36.36,"floors":1,"structure":"벽돌구조"},"geometry":{"type":"MultiPolygon","coordinates":[[[[126.91363,35.15431],[126.913668,35.154262],[126.913657,35.154255],[126.913688,35.154208],[126.913669,35.154197],[126.913675,35.154179],[126.913644,35.154162],[126.913559,35.154267],[126.91363,35.15431]]]]}},{"type":"Feature","id":"1996192079341834438200000000","properties":{"id":"1996192079341834438200000000","pnu":"1221013000100050000","year":1996,"purpose":"제1종 근린생활시설","far":235.3,"floors":3,"structure":"철골철근콘크리트구조"},"geometry":{"type":"MultiPolygon","coordinates":[[[[126.91377,35.150043],[126.913845,35.150111],[126.913957,35.150181],[126.913996,35.150137],[126.913866,35.150059],[126.913859,35.15006],[126.913807,35.150018],[126.91377,35.150043]]]]}},{"type":"Feature","id":"1996192152141834579200000000","properties":{"id":"1996192152141834579200000000","pnu":"1221013400100750000","year":1996,"purpose":"기타","far":678.03,"floors":10,"structure":"철골콘크리트구조"},"geometry":{"type":"MultiPolygon","coordinates":[[[[126.914718,35.150407],[126.914895,35.150259],[126.914654,35.150051],[126.914471,35.1502],[126.914718,35.150407]]]]}},{"type":"Feature","id":"1996192187541840225900000000","properties":{"id":"1996192187541840225900000000","pnu":"1221010100103150011","year":1996,"purpose":"숙박시설","far":314.27,"floors":5,"structure":"철근콘크리트구조"},"geometry":{"type":"MultiPolygon","coordinates":[[[[126.915074,35.155388],[126.915152,35.155333],[126.915056,35.155251],[126.914983,35.155302],[126.915074,35.155388]]]]}},{"type":"Feature","id":"1996192256131833307000000000","properties":{"id":"1996192256131833307000000000","pnu":"1221013300100130001","year":1996,"purpose":"제2종 근린생활시설","far":150.4256,"floors":4,"structure":"철근콘크리트구조"},"geometry":{"type":"MultiPolygon","coordinates":[[[[126.915851,35.149177],[126.915927,35.14911],[126.915928,35.149083],[126.915841,35.149018],[126.915778,35.149003],[126.915711,35.149063],[126.915851,35.149177]]]]}},{"type":"Feature","id":"1996192276721832973600000000","properties":{"id":"1996192276721832973600000000","pnu":"1221012900100140002","year":1996,"purpose":"제1종 근린생활시설","far":235.16,"floors":3,"structure":"철근콘크리트구조"},"geometry":{"type":"MultiPolygon","coordinates":[[[[126.915938,35.148804],[126.91604,35.148873],[126.916079,35.148835],[126.916089,35.148842],[126.916167,35.148776],[126.916059,35.148686],[126.915938,35.148804]]]]}},{"type":"Feature","id":"1996192309181835974000000000","properties":{"id":"1996192309181835974000000000","pnu":"1221010100101350001","year":1996,"purpose":"제2종 근린생활시설"},"geometry":{"type":"MultiPolygon","coordinates":[[[[126.916482,35.151623],[126.916537,35.151587],[126.91648,35.151529],[126.91649,35.151521],[126.916455,35.151486],[126.916414,35.151513],[126.916407,35.151506],[126.916411,35.151503],[126.916399,35.151491],[126.916403,35.151489],[126.9164,35.151485],[126.916449,35.151454],[126.916442,35.151445],[126.916364,35.151365],[126.916279,35.151421],[126.91638,35.151524],[126.916384,35.151522],[126.916482,35.151623]]]]}},{"type":"Feature","id":"1996192323511839531400000000","properties":{"id":"1996192323511839531400000000","pnu":"1221010100103110013","year":1996,"purpose":"제2종 근린생활시설","far":88.41,"floors":2,"structure":"강파이프구조"},"geometry":{"type":"MultiPolygon","coordinates":[[[[126.916514,35.154793],[126.916656,35.154728],[126.91668,35.154701],[126.916686,35.154669],[126.916567,35.15459],[126.916427,35.154708],[126.916514,35.154793]]]]}},{"type":"Feature","id":"1996192366951838452200000000","properties":{"id":"1996192366951838452200000000","pnu":"1221010100103090020","purpose":"기타","structure":"경량철골구조"},"geometry":{"type":"MultiPolygon","coordinates":[[[[126.917028,35.153719],[126.917039,35.15373],[126.917047,35.153725],[126.917036,35.153714],[126.917028,35.153719]]]]}},{"type":"Feature","id":"1996192369221838346800000000","properties":{"id":"1996192369221838346800000000","pnu":"1221010100103090020","year":1996,"purpose":"제1종 근린생활시설","far":60.62,"floors":1,"structure":"벽돌구조"},"geometry":{"type":"MultiPolygon","coordinates":[[[[126.916971,35.153604],[126.917071,35.1537],[126.917157,35.15364],[126.917049,35.153558],[126.917031,35.15357],[126.917027,35.153566],[126.916971,35.153604]]]]}},{"type":"Feature","id":"1996192391791842000600000000","properties":{"id":"1996192391791842000600000000","pnu":"1221010900104810004","year":1996,"purpose":"제2종 근린생활시설"},"geometry":{"type":"MultiPolygon","coordinates":[[[[126.917337,35.156985],[126.917385,35.156943],[126.917275,35.156856],[126.91723,35.156895],[126.917337,35.156985]]]]}},{"type":"Feature","id":"1996192499321842555600000000","properties":{"id":"1996192499321842555600000000","pnu":"1221010900102930004","year":1996,"purpose":"기타","far":655.4166,"floors":9,"structure":"철골철근콘크리트구조"},"geometry":{"type":"MultiPolygon","coordinates":[[[[126.918833,35.157495],[126.918421,35.157148],[126.918174,35.15732],[126.918173,35.157373],[126.918541,35.157694],[126.918833,35.157495]]]]}},{"type":"Feature","id":"1996192520311839550800000000","properties":{"id":"1996192520311839550800000000","pnu":"1221010900103150003","year":1996,"purpose":"단독주택","far":211.56,"floors":3,"structure":"철근콘크리트구조"},"geometry":{"type":"MultiPolygon","coordinates":[[[[126.918707,35.154764],[126.918778,35.154701],[126.91873,35.154664],[126.918662,35.154723],[126.918707,35.154764]]]]}},{"type":"Feature","id":"1996192529111839461100000000","properties":{"id":"1996192529111839461100000000","pnu":"1221010900103150002","year":1996,"purpose":"단독주택","far":152.48,"floors":2,"structure":"철근콘크리트구조"},"geometry":{"type":"MultiPolygon","coordinates":[[[[126.918798,35.154687],[126.918885,35.154619],[126.91883,35.154578],[126.918749,35.154647],[126.918798,35.154687]]]]}},{"type":"Feature","id":"1997191758151835443300000000","properties":{"id":"1997191758151835443300000000","pnu":"1221010400100440000","year":1997,"purpose":"제1종 근린생활시설","far":67.64,"floors":1,"structure":"벽돌구조"},"geometry":{"type":"MultiPolygon","coordinates":[[[[126.910414,35.151046],[126.910346,35.150945],[126.910305,35.150964],[126.910372,35.151064],[126.910414,35.151046]]]]}},{"type":"Feature","id":"1997191767781835402800000000","properties":{"id":"1997191767781835402800000000","pnu":"1221010400100440009","year":1997,"purpose":"제1종 근린생활시설","far":85.3,"floors":1,"structure":"경량철골구조"},"geometry":{"type":"MultiPolygon","coordinates":[[[[126.910503,35.151043],[126.910533,35.151023],[126.910415,35.15089],[126.910391,35.150897],[126.910503,35.151043]]]]}},{"type":"Feature","id":"1997191790021834829800000000","properties":{"id":"1997191790021834829800000000","pnu":"1221010400100450006","year":1997,"purpose":"제2종 근린생활시설","far":183.93,"floors":3,"structure":"철근콘크리트구조"},"geometry":{"type":"MultiPolygon","coordinates":[[[[126.910605,35.150478],[126.910679,35.150538],[126.910814,35.150427],[126.91074,35.150366],[126.910605,35.150478]]]]}},{"type":"Feature","id":"1997191875341838970700000000","properties":{"id":"1997191875341838970700000000","pnu":"1221010200100080000","year":1997,"purpose":"제2종 근린생활시설"},"geometry":{"type":"MultiPolygon","coordinates":[[[[126.911751,35.154153],[126.911665,35.154091],[126.911533,35.154219],[126.911616,35.154279],[126.911751,35.154153]]]]}},{"type":"Feature","id":"1997191890061835215300000000","properties":{"id":"1997191890061835215300000000","pnu":"1221010300100590008","year":1997,"purpose":"제2종 근린생활시설","far":330.81,"floors":6,"structure":"철근콘크리트구조"},"geometry":{"type":"MultiPolygon","coordinates":[[[[126.911727,35.15093],[126.911961,35.150729],[126.911889,35.150671],[126.911653,35.15087],[126.911727,35.15093]]]]}},{"type":"Feature","id":"1997191985901839714200000000","properties":{"id":"1997191985901839714200000000","pnu":"1221010100100070012","year":1997,"purpose":"기타","far":378.589,"floors":20,"structure":"일반철골구조"},"geometry":{"type":"MultiPolygon","coordinates":[[[[126.912863,35.155139],[126.91329,35.154874],[126.913129,35.154691],[126.912959,35.154785],[126.912771,35.154576],[126.912444,35.154779],[126.912686,35.155048],[126.912748,35.155009],[126.912863,35.155139]]]]}},{"type":"Feature","id":"1997192023841838788400000000","properties":{"id":"1997192023841838788400000000","pnu":"1221010100100230002","year":1997,"purpose":"숙박시설","far":324.13,"floors":6,"structure":"철근콘크리트구조"},"geometry":{"type":"MultiPolygon","coordinates":[[[[126.913197,35.154042],[126.913297,35.154084],[126.913332,35.15403],[126.913329,35.154029],[126.913345,35.154001],[126.913247,35.153959],[126.913197,35.154042]]]]}},{"type":"Feature","id":"1997192053471832376600000000","properties":{"id":"1997192053471832376600000000","pnu":"1221011700100050002","year":1997,"purpose":"제1종 근린생활시설","far":144,"floors":2,"structure":"철근콘크리트구조"},"geometry":{"type":"MultiPolygon","coordinates":[[[[126.913527,35.148209],[126.913627,35.148312],[126.913679,35.148277],[126.913579,35.148175],[126.913527,35.148209]]]]}},{"type":"Feature","id":"1997192189921833003700000000","properties":{"id":"1997192189921833003700000000","pnu":"1221012900100260009","year":1997,"purpose":"제1종 근린생활시설","far":341.43,"floors":4,"structure":"철골철근콘크리트구조"},"geometry":{"type":"MultiPolygon","coordinates":[[[[126.915192,35.148928],[126.915244,35.148883],[126.914995,35.148685],[126.914953,35.148719],[126.915011,35.148764],[126.915002,35.148774],[126.915192,35.148928]]]]}},{"type":"Feature","id":"1997192276151837490900000000","properties":{"id":"1997192276151837490900000000","pnu":"1221010100100490003","year":1997,"purpose":"제1종 근린생활시설","far":168.48,"floors":3,"structure":"일반철골구조"},"geometry":{"type":"MultiPolygon","coordinates":[[[[126.916041,35.152931],[126.916141,35.152845],[126.916051,35.152779],[126.915969,35.152835],[126.915953,35.152877],[126.916041,35.152931]]]]}},{"type":"Feature","id":"1997192321551843002900000000","properties":{"id":"1997192321551843002900000000","pnu":"1221010900105880011","year":1997,"purpose":"제2종 근린생활시설"},"geometry":{"type":"MultiPolygon","coordinates":[[[[126.91653,35.157862],[126.916583,35.157822],[126.916539,35.157784],[126.916487,35.157824],[126.91653,35.157862]]]]}},{"type":"Feature","id":"1997192526291842938800000000","properties":{"id":"1997192526291842938800000000","pnu":"1221010900104850001","year":1997,"purpose":"제1종 근린생활시설","far":280.22,"floors":4,"structure":"철근콘크리트구조"},"geometry":{"type":"MultiPolygon","coordinates":[[[[126.918759,35.157833],[126.918858,35.157754],[126.918792,35.157703],[126.918728,35.157758],[126.918725,35.1578],[126.918759,35.157833]]]]}},{"type":"Feature","id":"1997192543721841858200000000","properties":{"id":"1997192543721841858200000000","pnu":"1221010900102940012","year":1997,"purpose":"숙박시설","far":269.91,"floors":5,"structure":"철근콘크리트구조"},"geometry":{"type":"MultiPolygon","coordinates":[[[[126.918902,35.156804],[126.918973,35.156872],[126.919015,35.156843],[126.919011,35.156839],[126.919063,35.156802],[126.919015,35.156756],[126.919013,35.156757],[126.91897,35.156716],[126.918956,35.156726],[126.918953,35.156723],[126.918919,35.156746],[126.918911,35.156775],[126.918917,35.156781],[126.918906,35.15679],[126.918902,35.156804]]]]}},{"type":"Feature","id":"1998191643231835819500000000","properties":{"id":"1998191643231835819500000000","pnu":"1221010400100060000","purpose":"기타","structure":"철근콘크리트구조"},"geometry":{"type":"MultiPolygon","coordinates":[[[[126.909096,35.151387],[126.909152,35.151343],[126.909096,35.1513],[126.909045,35.15134],[126.909096,35.151387]]]]}},{"type":"Feature","id":"1998191655601835906900000000","properties":{"id":"1998191655601835906900000000","pnu":"1221010400100060000","year":1998,"purpose":"단독주택","far":172.55,"floors":3,"structure":"벽돌구조"},"geometry":{"type":"MultiPolygon","coordinates":[[[[126.909245,35.151504],[126.90933,35.151431],[126.909219,35.151343],[126.909137,35.151406],[126.909245,35.151504]]]]}},{"type":"Feature","id":"1998191703341836871800000000","properties":{"id":"1998191703341836871800000000","pnu":"1221010300100960032","year":1998,"purpose":"기타"},"geometry":{"type":"MultiPolygon","coordinates":[[[[126.909789,35.152373],[126.909855,35.152321],[126.909718,35.152211],[126.909659,35.152262],[126.909789,35.152373]]]]}},{"type":"Feature","id":"1998191749811835317200000000","properties":{"id":"1998191749811835317200000000","pnu":"1221010400100440017","year":1969,"purpose":"제1종 근린생활시설","floors":2,"structure":"벽돌구조"},"geometry":{"type":"MultiPolygon","coordinates":[[[[126.910277,35.150936],[126.910312,35.150916],[126.910255,35.150846],[126.910225,35.150864],[126.910277,35.150936]]]]}},{"type":"Feature","id":"1998191858001839022900000000","properties":{"id":"1998191858001839022900000000","pnu":"1221010200100010031","year":1998,"purpose":"제2종 근린생활시설","far":141.7,"floors":2,"structure":"경량철골구조"},"geometry":{"type":"MultiPolygon","coordinates":[[[[126.911446,35.154278],[126.911459,35.154265],[126.911474,35.154276],[126.911521,35.15423],[126.911466,35.154193],[126.911459,35.154199],[126.911435,35.154183],[126.911383,35.154235],[126.911446,35.154278]]]]}},{"type":"Feature","id":"1998191873251835625700000000","properties":{"id":"1998191873251835625700000000","pnu":"1221010300100810003","year":1998,"purpose":"제2종 근린생활시설","far":426.96,"floors":6,"structure":"철근콘크리트구조"},"geometry":{"type":"MultiPolygon","coordinates":[[[[126.911609,35.151264],[126.911727,35.151157],[126.911639,35.151077],[126.911516,35.151182],[126.911609,35.151264]]]]}},{"type":"Feature","id":"1998191924211839394600000000","properties":{"id":"1998191924211839394600000000","pnu":"1221010100100070001","year":1998,"purpose":"기타","far":618.35,"floors":12,"structure":"철근콘크리트구조"},"geometry":{"type":"MultiPolygon","coordinates":[[[[126.911958,35.154994],[126.912777,35.15446],[126.912439,35.154118],[126.912212,35.154268],[126.912193,35.15425],[126.912108,35.154315],[126.912116,35.154324],[126.911612,35.154666],[126.911602,35.154678],[126.911594,35.154693],[126.91159,35.15471],[126.91159,35.154722],[126.911907,35.154989],[126.911922,35.154999],[126.911934,35.155],[126.911947,35.155],[126.911958,35.154994]]]]}},{"type":"Feature","id":"1998192008081835124000000000","properties":{"id":"1998192008081835124000000000","pnu":"1221010300100460001","year":1998,"purpose":"제2종 근린생활시설","far":36.78,"floors":1,"structure":"벽돌구조"},"geometry":{"type":"MultiPolygon","coordinates":[[[[126.913117,35.15076],[126.913146,35.150696],[126.91309,35.150677],[126.913057,35.150742],[126.913117,35.15076]]]]}},{"type":"Feature","id":"1998192017801838877100000000","properties":{"id":"1998192017801838877100000000","pnu":"1221010100100230003","year":1998,"purpose":"제1종 근린생활시설","far":198.74,"floors":3,"structure":"철근콘크리트구조"},"geometry":{"type":"MultiPolygon","coordinates":[[[[126.91328,35.15409],[126.91318,35.154057],[126.913167,35.154064],[126.913142,35.154095],[126.913137,35.154112],[126.913229,35.154152],[126.91328,35.15409]]]]}},{"type":"Feature","id":"1998192018491835692100000000","properties":{"id":"1998192018491835692100000000","pnu":"1221010200101290000","year":1998,"purpose":"기타","far":914.13,"floors":15,"structure":"철골철근콘크리트구조"},"geometry":{"type":"MultiPolygon","coordinates":[[[[126.913072,35.151229],[126.913092,35.151246],[126.913089,35.151249],[126.913199,35.151341],[126.913197,35.151342],[126.913197,35.151344],[126.913198,35.151348],[126.913199,35.151349],[126.913231,35.151375],[126.913235,35.151375],[126.913238,35.151374],[126.913243,35.151372],[126.913369,35.151285],[126.91337,35.151284],[126.913371,35.151282],[126.913371,35.15128],[126.91337,35.151278],[126.913373,35.151277],[126.913375,35.151276],[126.913383,35.15127],[126.913384,35.151269],[126.913384,35.151267],[126.913384,35.151266],[126.913383,35.151265],[126.913154,35.151073],[126.91315,35.151072],[126.913147,35.151072],[126.913136,35.151082],[126.913133,35.151081],[126.91313,35.151082],[126.913126,35.151084],[126.913082,35.151119],[126.913144,35.151171],[126.913072,35.151229]]]]}},{"type":"Feature","id":"1998192043611841649100000000","properties":{"id":"1998192043611841649100000000","pnu":"1221010100103200005","year":1998,"purpose":"기타","far":316.13,"floors":4,"structure":"철골철근콘크리트구조"},"geometry":{"type":"MultiPolygon","coordinates":[[[[126.913437,35.156687],[126.913568,35.156599],[126.913564,35.156505],[126.913382,35.156618],[126.913437,35.156687]]]]}},{"type":"Feature","id":"1998192068361838478900000000","properties":{"id":"1998192068361838478900000000","pnu":"1221010100100310013","year":1998,"purpose":"제2종 근린생활시설","far":145.51,"floors":3,"structure":"철골콘크리트구조"},"geometry":{"type":"MultiPolygon","coordinates":[[[[126.913646,35.153765],[126.913743,35.153831],[126.913882,35.153733],[126.913763,35.153652],[126.913646,35.153765]]]]}},{"type":"Feature","id":"1998192103191836557200000000","properties":{"id":"1998192103191836557200000000","pnu":"1221010200101960005","year":1998,"purpose":"제2종 근린생활시설","far":62.41,"floors":1,"structure":"경량철골구조"},"geometry":{"type":"MultiPolygon","coordinates":[[[[126.914246,35.152016],[126.914122,35.151944],[126.914051,35.152014],[126.91407,35.152027],[126.914065,35.152031],[126.914123,35.152071],[126.914149,35.152037],[126.914202,35.152065],[126.914246,35.152016]]]]}},{"type":"Feature","id":"1998192103331838488400000000","properties":{"id":"1998192103331838488400000000","pnu":"1221010100100310000","year":1998,"purpose":"기타","far":412.68,"floors":6,"structure":"철근콘크리트구조"},"geometry":{"type":"MultiPolygon","coordinates":[[[[126.913987,35.153973],[126.914452,35.15364],[126.914327,35.153522],[126.913824,35.15387],[126.913987,35.153973]]]]}},{"type":"Feature","id":"1998192193831840759600000000","properties":{"id":"1998192193831840759600000000","pnu":"1221010900104740009","year":1998,"purpose":"제1종 근린생활시설"},"geometry":{"type":"MultiPolygon","coordinates":[[[[126.915077,35.155797],[126.91513,35.155845],[126.915193,35.155791],[126.915179,35.155775],[126.915165,35.155781],[126.915146,35.15576],[126.915077,35.155797]]]]}},{"type":"Feature","id":"1998192292321837657800000000","properties":{"id":"1998192292321837657800000000","pnu":"1221010100100490000","year":1998,"purpose":"기타"},"geometry":{"type":"MultiPolygon","coordinates":[[[[126.916296,35.15295],[126.916251,35.152925],[126.916142,35.153063],[126.916185,35.153085],[126.916296,35.15295]]]]}},{"type":"Feature","id":"1998192300691833353600000000","properties":{"id":"1998192300691833353600000000","pnu":"1221013300100090002","year":1998,"purpose":"기타","far":524.97,"floors":10,"structure":"철골철근콘크리트구조"},"geometry":{"type":"MultiPolygon","coordinates":[[[[126.916024,35.149092],[126.916064,35.149132],[126.916109,35.149103],[126.916323,35.149321],[126.916565,35.14916],[126.916354,35.148946],[126.916214,35.149036],[126.916175,35.148995],[126.916024,35.149092]]]]}},{"type":"Feature","id":"1998192309351835037100000000","properties":{"id":"1998192309351835037100000000","pnu":"1221013300100010006","year":1998,"purpose":"기타","far":464.74,"floors":7,"structure":"철근콘크리트구조"},"geometry":{"type":"MultiPolygon","coordinates":[[[[126.916408,35.150484],[126.916224,35.150648],[126.916406,35.150801],[126.916595,35.15064],[126.916408,35.150484]]]]}},{"type":"Feature","id":"1998192518421834937900000000","properties":{"id":"1998192518421834937900000000","pnu":"1221010600100330000","year":1998,"purpose":"제2종 근린생활시설"},"geometry":{"type":"MultiPolygon","coordinates":[[[[126.918785,35.150543],[126.918698,35.150487],[126.918621,35.150571],[126.918709,35.150622],[126.918785,35.150543]]]]}},{"type":"Feature","id":"1998192525641840738600000000","properties":{"id":"1998192525641840738600000000","pnu":"1221010900102980019","year":1998,"purpose":"제2종 근린생활시설","far":152.91,"floors":3,"structure":"벽돌구조"},"geometry":{"type":"MultiPolygon","coordinates":[[[[126.918802,35.155868],[126.918879,35.155799],[126.918743,35.1557],[126.918685,35.155743],[126.918734,35.155821],[126.918802,35.155868]]]]}},{"type":"Feature","id":"1999191778301835059700000000","properties":{"id":"1999191778301835059700000000","pnu":"1221010400100440001","year":1999,"purpose":"단독주택","far":223.02,"floors":4,"structure":"철근콘크리트구조"},"geometry":{"type":"MultiPolygon","coordinates":[[[[126.91054,35.150735],[126.910589,35.150695],[126.910664,35.150751],[126.91074,35.150691],[126.910551,35.150556],[126.910429,35.150652],[126.91054,35.150735]]]]}},{"type":"Feature","id":"1999191833731836396100000000","properties":{"id":"1999191833731836396100000000","pnu":"1221010300100150004","year":1999,"purpose":"제1종 근린생활시설","far":219.34,"floors":3,"structure":"일반철골구조"},"geometry":{"type":"MultiPolygon","coordinates":[[[[126.911106,35.151832],[126.911196,35.151924],[126.911213,35.151913],[126.911237,35.151938],[126.911265,35.15192],[126.91124,35.151895],[126.911257,35.151884],[126.911167,35.151792],[126.911106,35.151832]]]]}},{"type":"Feature","id":"1999191839811836364100000000","properties":{"id":"1999191839811836364100000000","pnu":"1221010300100150001","year":1999,"purpose":"제1종 근린생활시설","far":244.88,"floors":3,"structure":"일반철골구조"},"geometry":{"type":"MultiPolygon","coordinates":[[[[126.91129,35.151916],[126.911343,35.151881],[126.911224,35.151761],[126.911208,35.151761],[126.911166,35.151789],[126.91129,35.151916]]]]}},{"type":"Feature","id":"1999191840591836480200000000","properties":{"id":"1999191840591836480200000000","pnu":"1221010300100150004","purpose":"기타"},"geometry":{"type":"MultiPolygon","coordinates":[[[[126.911237,35.151948],[126.911248,35.15196],[126.911289,35.15193],[126.911279,35.15192],[126.911237,35.151948]]]]}},{"type":"Feature","id":"1999191845281836343300000000","properties":{"id":"1999191845281836343300000000","pnu":"1221010300100160001","year":1999,"purpose":"제1종 근린생활시설","far":250.44,"floors":3,"structure":"일반철골구조"},"geometry":{"type":"MultiPolygon","coordinates":[[[[126.911225,35.151758],[126.911352,35.151885],[126.911393,35.151848],[126.911267,35.151753],[126.911262,35.151758],[126.911258,35.151755],[126.911225,35.151758]]]]}},{"type":"Feature","id":"1999191847941835511700000000","properties":{"id":"1999191847941835511700000000","pnu":"1221010300100780000","year":1999,"purpose":"기타","far":450.28,"floors":8,"structure":"철골철근콘크리트구조"},"geometry":{"type":"MultiPolygon","coordinates":[[[[126.911383,35.15126],[126.911613,35.151068],[126.91135,35.150856],[126.911051,35.151111],[126.911099,35.151156],[126.911141,35.151116],[126.911249,35.151204],[126.911259,35.1512],[126.911301,35.151229],[126.911323,35.151211],[126.911383,35.15126]]]]}},{"type":"Feature","id":"1999191850491839082900000000","properties":{"id":"1999191850491839082900000000","pnu":"1221010200100010027","year":1999,"purpose":"제1종 근린생활시설","far":142.01,"floors":2,"structure":"벽돌구조"},"geometry":{"type":"MultiPolygon","coordinates":[[[[126.911376,35.154332],[126.911423,35.154286],[126.911406,35.154274],[126.911416,35.154264],[126.911375,35.154236],[126.911306,35.154303],[126.911333,35.154321],[126.911345,35.15431],[126.911376,35.154332]]]]}},{"type":"Feature","id":"1999192035881836319500000000","properties":{"id":"1999192035881836319500000000","pnu":"1221010200101530002","year":1999,"purpose":"기타","far":431.76137,"floors":6,"structure":"철골철근콘크리트구조"},"geometry":{"type":"MultiPolygon","coordinates":[[[[126.913577,35.151822],[126.913393,35.151674],[126.913222,35.151802],[126.913235,35.15182],[126.91326,35.151813],[126.913315,35.151848],[126.913478,35.151902],[126.913577,35.151822]]]]}},{"type":"Feature","id":"1999192071981834092400000000","properties":{"id":"1999192071981834092400000000","pnu":"1221013000100410000","year":1999,"purpose":"제2종 근린생활시설","far":237,"floors":3,"structure":"일반철골구조"},"geometry":{"type":"MultiPolygon","coordinates":[[[[126.913856,35.149893],[126.913925,35.149841],[126.913757,35.149686],[126.913684,35.149743],[126.913856,35.149893]]]]}},{"type":"Feature","id":"1999192200491840341500000000","properties":{"id":"1999192200491840341500000000","pnu":"1221010100103150003","year":1999,"purpose":"제2종 근린생활시설"},"geometry":{"type":"MultiPolygon","coordinates":[[[[126.915234,35.155501],[126.9153,35.155453],[126.915179,35.155345],[126.91512,35.155393],[126.915234,35.155501]]]]}},{"type":"Feature","id":"1999192291921838396300000000","properties":{"id":"1999192291921838396300000000","pnu":"1221010100103120011","year":1999,"purpose":"제1종 근린생활시설"},"geometry":{"type":"MultiPolygon","coordinates":[[[[126.91619,35.153759],[126.916324,35.153676],[126.91624,35.15358],[126.916102,35.15367],[126.91619,35.153759]]]]}},{"type":"Feature","id":"1999192313121843095100000000","properties":{"id":"1999192313121843095100000000","pnu":"1221010900105880013","year":1999,"purpose":"제1종 근린생활시설","far":121.35,"floors":2,"structure":"일반철골구조"},"geometry":{"type":"MultiPolygon","coordinates":[[[[126.916436,35.157962],[126.916508,35.157899],[126.916449,35.157852],[126.916377,35.157909],[126.916436,35.157962]]]]}},{"type":"Feature","id":"1999192318591843058900000000","properties":{"id":"1999192318591843058900000000","pnu":"1221010900105880013","purpose":"기타","structure":"경량철골구조"},"geometry":{"type":"MultiPolygon","coordinates":[[[[126.91649,35.157871],[126.916506,35.157885],[126.916514,35.157879],[126.91651,35.157871],[126.9165,35.157863],[126.91649,35.157871]]]]}},{"type":"Feature","id":"1999192356181842940100000000","properties":{"id":"1999192356181842940100000000","pnu":"1221010900104890030","year":1999,"purpose":"기타","far":201.43,"floors":3,"structure":"경량철골구조"},"geometry":{"type":"MultiPolygon","coordinates":[[[[126.91689,35.157829],[126.91699,35.157749],[126.916939,35.157704],[126.91684,35.157786],[126.91689,35.157829]]]]}},{"type":"Feature","id":"1999192387931835262200000000","properties":{"id":"1999192387931835262200000000","pnu":"1221010600100630002","year":1999,"purpose":"제2종 근린생활시설"},"geometry":{"type":"MultiPolygon","coordinates":[[[[126.91729,35.150961],[126.917405,35.150865],[126.917403,35.15084],[126.917247,35.150735],[126.917125,35.150835],[126.91729,35.150961]]]]}},{"type":"Feature","id":"1999192395331836940500000000","properties":{"id":"1999192395331836940500000000","pnu":"1221010100101820002","year":1999,"purpose":"제1종 근린생활시설","far":62.09,"floors":1,"structure":"벽돌구조"},"geometry":{"type":"MultiPolygon","coordinates":[[[[126.917237,35.152375],[126.917289,35.152406],[126.917298,35.152398],[126.917356,35.152442],[126.917484,35.152363],[126.917398,35.152297],[126.91737,35.152321],[126.917306,35.152278],[126.917229,35.152355],[126.917246,35.152367],[126.917237,35.152375]]]]}},{"type":"Feature","id":"1999192404361836897400000000","properties":{"id":"1999192404361836897400000000","pnu":"1221010100101820002","year":1999,"purpose":"제1종 근린생활시설","far":62.09,"floors":1,"structure":"벽돌구조"},"geometry":{"type":"MultiPolygon","coordinates":[[[[126.917382,35.152425],[126.917599,35.152273],[126.917521,35.152219],[126.917412,35.152292],[126.917401,35.152286],[126.917309,35.152363],[126.917382,35.152425]]]]}},{"type":"Feature","id":"1999192491711838849200000000","properties":{"id":"1999192491711838849200000000","pnu":"1221010900103640006","year":1999,"purpose":"제1종 근린생활시설","far":59.38,"floors":1,"structure":"일반철골구조"},"geometry":{"type":"MultiPolygon","coordinates":[[[[126.918427,35.154122],[126.918472,35.154083],[126.918414,35.154057],[126.918372,35.15404],[126.918347,35.154077],[126.918427,35.154122]]]]}},{"type":"Feature","id":"1999192530471841081700000000","properties":{"id":"1999192530471841081700000000","pnu":"1221010900102970041","year":1999,"purpose":"제1종 근린생활시설","far":137.82,"floors":2,"structure":"일반철골구조"},"geometry":{"type":"MultiPolygon","coordinates":[[[[126.918847,35.156025],[126.918737,35.156108],[126.918833,35.156151],[126.918887,35.15612],[126.918899,35.156076],[126.918847,35.156025]]]]}},{"type":"Feature","id":"1999192531831834733000000000","properties":{"id":"1999192531831834733000000000","pnu":"1221010600100350008","year":1999,"purpose":"제2종 근린생활시설"},"geometry":{"type":"MultiPolygon","coordinates":[[[[126.918871,35.150427],[126.918918,35.150368],[126.918833,35.150313],[126.918782,35.150374],[126.918871,35.150427]]]]}},{"type":"Feature","id":"2000191778071833653800000000","properties":{"id":"2000191778071833653800000000","pnu":"1221010400100970003","year":2000,"purpose":"기타"},"geometry":{"type":"MultiPolygon","coordinates":[[[[126.910611,35.149454],[126.910657,35.149394],[126.910548,35.149333],[126.9105,35.149386],[126.910611,35.149454]]]]}},{"type":"Feature","id":"2000191836641836090000000000","properties":{"id":"2000191836641836090000000000","pnu":"1221010300100860000","year":2000,"purpose":"제1종 근린생활시설","far":254.34,"floors":3,"structure":"철골철근콘크리트구조"},"geometry":{"type":"MultiPolygon","coordinates":[[[[126.911312,35.151598],[126.911193,35.151516],[126.911141,35.151596],[126.911193,35.151637],[126.911252,35.151641],[126.911312,35.151598]]]]}},{"type":"Feature","id":"2000191968471838352200000000","properties":{"id":"2000191968471838352200000000","pnu":"1221010200100750002","year":2000,"purpose":"제1종 근린생활시설","far":25.24,"floors":3,"structure":"일반철골구조"},"geometry":{"type":"MultiPolygon","coordinates":[[[[126.912718,35.153698],[126.912761,35.153658],[126.912607,35.153559],[126.912568,35.153597],[126.912718,35.153698]]]]}},{"type":"Feature","id":"2000192163241838671800000000","properties":{"id":"2000192163241838671800000000","pnu":"1221010100100300002","year":2000,"purpose":"제1종 근린생활시설","far":398.15,"floors":5,"structure":"철근콘크리트구조"},"geometry":{"type":"MultiPolygon","coordinates":[[[[126.914709,35.153904],[126.914833,35.154011],[126.914867,35.153976],[126.914873,35.153922],[126.914865,35.153914],[126.914872,35.153909],[126.914781,35.153827],[126.91474,35.153863],[126.914751,35.153872],[126.914709,35.153904]]]]}},{"type":"Feature","id":"2001191763931836211700000000","properties":{"id":"2001191763931836211700000000","pnu":"1221010300100930013","year":2001,"purpose":"제2종 근린생활시설","far":194.99,"floors":3,"structure":"철근콘크리트구조"},"geometry":{"type":"MultiPolygon","coordinates":[[[[126.910435,35.151759],[126.910497,35.151706],[126.910411,35.151635],[126.910346,35.151691],[126.910435,35.151759]]]]}},{"type":"Feature","id":"2001191806651836970200000000","properties":{"id":"2001191806651836970200000000","pnu":"1221010200100610016","year":2001,"purpose":"제2종 근린생활시설","far":310.44,"floors":4,"structure":"철근콘크리트구조"},"geometry":{"type":"MultiPolygon","coordinates":[[[[126.910969,35.152388],[126.910896,35.15231],[126.910861,35.152333],[126.910863,35.152338],[126.910811,35.152379],[126.910877,35.152446],[126.910892,35.152446],[126.910969,35.152388]]]]}},{"type":"Feature","id":"2001191831941838302000000000","properties":{"id":"2001191831941838302000000000","pnu":"1221010200100370018","year":2001,"purpose":"기타"},"geometry":{"type":"MultiPolygon","coordinates":[[[[126.911157,35.153639],[126.911231,35.153582],[126.91117,35.153527],[126.911102,35.153579],[126.91114,35.153613],[126.911133,35.153618],[126.911157,35.153639]]]]}},{"type":"Feature","id":"2001191841361839229300000000","properties":{"id":"2001191841361839229300000000","pnu":"1221010200100010022","year":2001,"purpose":"제2종 근린생활시설","far":150.48,"floors":2,"structure":"일반철골구조"},"geometry":{"type":"MultiPolygon","coordinates":[[[[126.911273,35.154475],[126.911341,35.154422],[126.911267,35.154362],[126.911194,35.154414],[126.911273,35.154475]]]]}},{"type":"Feature","id":"2001191891281837717300000000","properties":{"id":"2001191891281837717300000000","pnu":"1221010200100730010","year":2001,"purpose":"기타","far":54.25,"floors":1,"structure":"벽돌구조"},"geometry":{"type":"MultiPolygon","coordinates":[[[[126.911826,35.153111],[126.911883,35.153062],[126.911808,35.153001],[126.911754,35.153047],[126.911826,35.153111]]]]}},{"type":"Feature","id":"2001191922401833532900000000","properties":{"id":"2001191922401833532900000000","pnu":"1221013000100570001","year":2001,"purpose":"제2종 근린생활시설","far":195.15,"floors":3,"structure":"일반철골구조"},"geometry":{"type":"MultiPolygon","coordinates":[[[[126.91217,35.149415],[126.912215,35.149375],[126.91219,35.149354],[126.912277,35.149264],[126.912242,35.149237],[126.912264,35.149207],[126.91219,35.149162],[126.912049,35.149284],[126.912048,35.149315],[126.91217,35.149415]]]]}},{"type":"Feature","id":"2001192012261832996700000000","properties":{"id":"2001192012261832996700000000","pnu":"1221013000100290002","year":2001,"purpose":"기타","far":734.44013,"floors":12,"structure":"일반철골구조"},"geometry":{"type":"MultiPolygon","coordinates":[[[[126.912749,35.14882],[126.912832,35.148888],[126.913201,35.149063],[126.913269,35.149027],[126.913298,35.149049],[126.9134,35.148967],[126.913374,35.14894],[126.913392,35.148927],[126.913369,35.148896],[126.91348,35.14881],[126.913248,35.14851],[126.913207,35.148509],[126.912749,35.14882]]]]}},{"type":"Feature","id":"2001192014011838745300000000","properties":{"id":"2001192014011838745300000000","pnu":"1221010100100230009","year":2001,"purpose":"단독주택","far":238.06,"floors":4,"structure":"철근콘크리트구조"},"geometry":{"type":"MultiPolygon","coordinates":[[[[126.913145,35.15407],[126.913164,35.154057],[126.913247,35.153937],[126.913167,35.1539],[126.913084,35.154021],[126.913118,35.154037],[126.913109,35.154049],[126.913145,35.15407]]]]}},{"type":"Feature","id":"2001192081381838881800000000","properties":{"id":"2001192081381838881800000000","pnu":"1221010100100280002","year":2001,"purpose":"제1종 근린생활시설"},"geometry":{"type":"MultiPolygon","coordinates":[[[[126.914157,35.154249],[126.914179,35.154207],[126.913665,35.153966],[126.913656,35.153976],[126.913653,35.154024],[126.914157,35.154249]]]]}},{"type":"Feature","id":"2001192089101840674500000000","properties":{"id":"2001192089101840674500000000","pnu":"1221010100103160005","year":2001,"purpose":"숙박시설","far":284.7,"floors":4,"structure":"철근콘크리트구조"},"geometry":{"type":"MultiPolygon","coordinates":[[[[126.914001,35.155813],[126.914096,35.155743],[126.913965,35.15563],[126.91388,35.155705],[126.914001,35.155813]]]]}},{"type":"Feature","id":"2001192111061839019000000000","properties":{"id":"2001192111061839019000000000","pnu":"1221010100100280002","year":2001,"purpose":"제2종 근린생활시설"},"geometry":{"type":"MultiPolygon","coordinates":[[[[126.914292,35.154209],[126.914221,35.154178],[126.914164,35.154254],[126.914209,35.154274],[126.91425,35.154273],[126.914292,35.154209]]]]}},{"type":"Feature","id":"2001192141061838664400000000","properties":{"id":"2001192141061838664400000000","pnu":"1221010100100290010","year":2001,"purpose":"제2종 근린생활시설","far":112.62,"floors":3,"structure":"일반철골구조"},"geometry":{"type":"MultiPolygon","coordinates":[[[[126.914547,35.154003],[126.914691,35.153907],[126.914693,35.153901],[126.914532,35.153813],[126.91444,35.153943],[126.914547,35.154003]]]]}},{"type":"Feature","id":"2001192150491832221000000000","properties":{"id":"2001192150491832221000000000","pnu":"1221011700100120002","year":2001,"purpose":"기타","far":292.42,"floors":6,"structure":"일반철골구조"},"geometry":{"type":"MultiPolygon","coordinates":[[[[126.914497,35.147906],[126.914509,35.148254],[126.91458,35.148242],[126.914612,35.148252],[126.91461,35.148258],[126.914632,35.148277],[126.914625,35.148283],[126.914688,35.148334],[126.914934,35.148142],[126.914741,35.148008],[126.914732,35.147923],[126.914675,35.147889],[126.914497,35.147906]]]]}},{"type":"Feature","id":"2001192222991837150900000000","properties":{"id":"2001192222991837150900000000","pnu":"1221010100101130000","year":2001,"purpose":"기타","far":231.41,"floors":5,"structure":"철근콘크리트구조"},"geometry":{"type":"MultiPolygon","coordinates":[[[[126.915337,35.152596],[126.915457,35.152663],[126.915546,35.152556],[126.915522,35.152542],[126.915559,35.152498],[126.915543,35.152489],[126.915558,35.15247],[126.915479,35.152426],[126.915337,35.152596]]]]}},{"type":"Feature","id":"2001192260381832142200000000","properties":{"id":"2001192260381832142200000000","pnu":"1221012800100280000","year":2001,"purpose":"기타","far":453.7974,"floors":8,"structure":"철근콘크리트구조"},"geometry":{"type":"MultiPolygon","coordinates":[[[[126.91569,35.148143],[126.915816,35.148248],[126.916031,35.148112],[126.915967,35.148045],[126.915915,35.14798],[126.915943,35.147962],[126.915948,35.147966],[126.916008,35.147936],[126.915952,35.1478],[126.915948,35.147799],[126.915915,35.147809],[126.915906,35.147815],[126.9159,35.147808],[126.915774,35.147887],[126.915822,35.14797],[126.915827,35.147978],[126.915832,35.147986],[126.915832,35.147992],[126.915831,35.148002],[126.915829,35.148007],[126.915822,35.148016],[126.915832,35.148026],[126.91583,35.148031],[126.91569,35.148143]]]]}},{"type":"Feature","id":"2001192412401842791900000000","properties":{"id":"2001192412401842791900000000","pnu":"1221010900104880011","year":2001,"purpose":"단독주택","far":178.55,"floors":3,"structure":"철근콘크리트구조"},"geometry":{"type":"MultiPolygon","coordinates":[[[[126.917561,35.15771],[126.917622,35.157669],[126.917497,35.157555],[126.917446,35.157597],[126.917561,35.15771]]]]}},{"type":"Feature","id":"2001192451431839227900000000","properties":{"id":"2001192451431839227900000000","pnu":"1221010900104290000","year":2001,"purpose":"단독주택","far":128.3,"floors":3,"structure":"철근콘크리트구조"},"geometry":{"type":"MultiPolygon","coordinates":[[[[126.917969,35.154453],[126.918002,35.15443],[126.917955,35.15439],[126.917927,35.154411],[126.917969,35.154453]]]]}},{"type":"Feature","id":"2001192474261839275600000000","properties":{"id":"2001192474261839275600000000","pnu":"1221010900104480000","year":2001,"purpose":"제1종 근린생활시설","far":158.91,"floors":2,"structure":"벽돌구조"},"geometry":{"type":"MultiPolygon","coordinates":[[[[126.918238,35.154508],[126.918268,35.154472],[126.918191,35.154422],[126.91816,35.154456],[126.918238,35.154508]]]]}},{"type":"Feature","id":"2002191705371835277800000000","properties":{"id":"2002191705371835277800000000","pnu":"1221010400100210009","year":2002,"purpose":"기타","far":388.23,"floors":6,"structure":"철근콘크리트구조"},"geometry":{"type":"MultiPolygon","coordinates":[[[[126.909859,35.150978],[126.909929,35.150925],[126.909703,35.150734],[126.909629,35.150784],[126.909859,35.150978]]]]}},{"type":"Feature","id":"2002191737821835432700000000","properties":{"id":"2002191737821835432700000000","pnu":"1221010400100430001","year":2002,"purpose":"제2종 근린생활시설","far":262.8914,"floors":5,"structure":"철근콘크리트구조"},"geometry":{"type":"MultiPolygon","coordinates":[[[[126.910141,35.151089],[126.91025,35.150995],[126.910129,35.150903],[126.910022,35.150992],[126.910141,35.151089]]]]}},{"type":"Feature","id":"2002191752061836019300000000","properties":{"id":"2002191752061836019300000000","pnu":"1221010300100950007","year":2002,"purpose":"단독주택","far":181.74,"floors":3,"structure":"철근콘크리트구조"},"geometry":{"type":"MultiPolygon","coordinates":[[[[126.910329,35.151607],[126.910399,35.151545],[126.910251,35.151441],[126.910186,35.151503],[126.910329,35.151607]]]]}},{"type":"Feature","id":"2002191772251834687200000000","properties":{"id":"2002191772251834687200000000","pnu":"1221010400100310002","year":2002,"purpose":"기타","far":293.99246,"floors":4,"structure":"철근콘크리트구조"},"geometry":{"type":"MultiPolygon","coordinates":[[[[126.910633,35.150329],[126.910492,35.150221],[126.910418,35.150279],[126.910433,35.150293],[126.910421,35.15031],[126.910446,35.150339],[126.910435,35.150355],[126.910518,35.150429],[126.910633,35.150329]]]]}},{"type":"Feature","id":"2002191786181836505800000000","properties":{"id":"2002191786181836505800000000","pnu":"1221010300100920003","year":2002,"purpose":"단독주택","far":317.12,"floors":4,"structure":"일반철골구조"},"geometry":{"type":"MultiPolygon","coordinates":[[[[126.910676,35.152029],[126.91074,35.151977],[126.910661,35.151898],[126.910588,35.151947],[126.910676,35.152029]]]]}},{"type":"Feature","id":"2002191810311833722500000000","properties":{"id":"2002191810311833722500000000","pnu":"1221010400100860001","year":2002,"purpose":"기타","far":284.6,"floors":4,"structure":"철근콘크리트구조"},"geometry":{"type":"MultiPolygon","coordinates":[[[[126.910995,35.149527],[126.911039,35.149467],[126.91087,35.149382],[126.910828,35.149441],[126.910995,35.149527]]]]}},{"type":"Feature","id":"2002191813871833275900000000","properties":{"id":"2002191813871833275900000000","pnu":"1221010400100950001","year":2002,"purpose":"숙박시설","far":303.1,"floors":6,"structure":"철근콘크리트구조"},"geometry":{"type":"MultiPolygon","coordinates":[[[[126.911083,35.149022],[126.910974,35.148959],[126.910862,35.149079],[126.910973,35.149146],[126.911083,35.149022]]]]}},{"type":"Feature","id":"2002191831501834436100000000","properties":{"id":"2002191831501834436100000000","pnu":"1221010400100510002","year":2002,"purpose":"단독주택","far":146.59,"floors":3,"structure":"철근콘크리트구조"},"geometry":{"type":"MultiPolygon","coordinates":[[[[126.911248,35.150096],[126.911152,35.150028],[126.911081,35.150094],[126.911179,35.15017],[126.911248,35.150096]]]]}},{"type":"Feature","id":"2002191834731839117800000000","properties":{"id":"2002191834731839117800000000","pnu":"1221010200100050002","year":2002,"purpose":"단독주택","far":209.45,"floors":3,"structure":"철근콘크리트구조"},"geometry":{"type":"MultiPolygon","coordinates":[[[[126.91122,35.154378],[126.91127,35.154332],[126.911171,35.154257],[126.911121,35.154302],[126.91122,35.154378]]]]}},{"type":"Feature","id":"2002191905591835475000000000","properties":{"id":"2002191905591835475000000000","pnu":"1221010300100570000","year":2002,"purpose":"제2종 근린생활시설","far":169.03,"floors":3,"structure":"철근콘크리트구조"},"geometry":{"type":"MultiPolygon","coordinates":[[[[126.912,35.151151],[126.912111,35.151056],[126.911952,35.150922],[126.911843,35.151004],[126.912,35.151151]]]]}},{"type":"Feature","id":"2002191966881837469300000000","properties":{"id":"2002191966881837469300000000","pnu":"1221010200101030001","year":2002,"purpose":"숙박시설","far":302.05,"floors":5,"structure":"철근콘크리트구조"},"geometry":{"type":"MultiPolygon","coordinates":[[[[126.912637,35.152904],[126.912737,35.152836],[126.912673,35.15278],[126.912664,35.152775],[126.912645,35.152775],[126.912615,35.152783],[126.912564,35.15282],[126.912637,35.152904]]]]}},{"type":"Feature","id":"2002192068901841011500000000","properties":{"id":"2002192068901841011500000000","pnu":"1221010100103190012","year":2002,"purpose":"숙박시설","far":255.38,"floors":5,"structure":"경량철골구조"},"geometry":{"type":"MultiPolygon","coordinates":[[[[126.913742,35.156134],[126.913886,35.15605],[126.913741,35.155904],[126.913706,35.155906],[126.913706,35.155962],[126.913727,35.155979],[126.913663,35.15605],[126.913742,35.156134]]]]}},{"type":"Feature","id":"2002192161081840645200000000","properties":{"id":"2002192161081840645200000000","pnu":"1221010100103150025","year":2017,"purpose":"기타","floors":1,"structure":"경량철골구조"},"geometry":{"type":"MultiPolygon","coordinates":[[[[126.914692,35.155851],[126.914982,35.155643],[126.914865,35.155545],[126.914571,35.155744],[126.914692,35.155851]]]]}},{"type":"Feature","id":"2002192229441836682700000000","properties":{"id":"2002192229441836682700000000","pnu":"1221010100101470000","year":2002,"purpose":"제2종 근린생활시설","far":210.63,"floors":3,"structure":"일반철골구조"},"geometry":{"type":"MultiPolygon","coordinates":[[[[126.915524,35.152188],[126.915604,35.152118],[126.915536,35.152065],[126.915457,35.152131],[126.915524,35.152188]]]]}},{"type":"Feature","id":"2002192253251836818800000000","properties":{"id":"2002192253251836818800000000","pnu":"1221010100101480001","year":2002,"purpose":"기타"},"geometry":{"type":"MultiPolygon","coordinates":[[[[126.915868,35.152438],[126.91599,35.152337],[126.915907,35.152272],[126.915911,35.15224],[126.915956,35.152199],[126.915863,35.152126],[126.915841,35.152144],[126.915749,35.152084],[126.915654,35.152156],[126.915624,35.152132],[126.915557,35.152192],[126.915868,35.152438]]]]}},{"type":"Feature","id":"2002192288541839174800000000","properties":{"id":"2002192288541839174800000000","pnu":"1221010100103110009","year":2002,"purpose":"공동주택","far":236.14,"floors":4,"structure":"철근콘크리트구조"},"geometry":{"type":"MultiPolygon","coordinates":[[[[126.916145,35.154458],[126.916278,35.154338],[126.916213,35.154287],[126.916073,35.154405],[126.916145,35.154458]]]]}},{"type":"Feature","id":"2002192394591842958000000000","properties":{"id":"2002192394591842958000000000","pnu":"1221010900104890028","year":2002,"purpose":"공동주택","far":241.1,"floors":5,"structure":"철근콘크리트구조"},"geometry":{"type":"MultiPolygon","coordinates":[[[[126.917347,35.157862],[126.917431,35.157797],[126.917318,35.157705],[126.917246,35.157767],[126.917347,35.157862]]]]}},{"type":"Feature","id":"2002192452231834501200000000","properties":{"id":"2002192452231834501200000000","pnu":"1221010600100540002","year":2002,"purpose":"제2종 근린생활시설","far":144.74,"floors":2,"structure":"일반철골구조"},"geometry":{"type":"MultiPolygon","coordinates":[[[[126.917914,35.150151],[126.917988,35.150213],[126.918041,35.150172],[126.917965,35.150109],[126.917914,35.150151]]]]}},{"type":"Feature","id":"2002192457291840955600000000","properties":{"id":"2002192457291840955600000000","pnu":"1221010900104630006","year":2002,"purpose":"숙박시설","far":220.78,"floors":7,"structure":"철근콘크리트구조"},"geometry":{"type":"MultiPolygon","coordinates":[[[[126.918121,35.155974],[126.918082,35.155948],[126.918088,35.155943],[126.91801,35.155893],[126.917936,35.155963],[126.917947,35.155972],[126.917935,35.155998],[126.918064,35.156065],[126.918121,35.155974]]]]}},{"type":"Feature","id":"2002192461411840386900000000","properties":{"id":"2002192461411840386900000000","pnu":"1221010900104600001","year":2002,"purpose":"숙박시설","far":281.8488,"floors":6,"structure":"철근콘크리트구조"},"geometry":{"type":"MultiPolygon","coordinates":[[[[126.91809,35.155556],[126.918169,35.155491],[126.91817,35.155477],[126.918051,35.155377],[126.91797,35.155448],[126.91809,35.155556]]]]}},{"type":"Feature","id":"2002192471741834243700000000","properties":{"id":"2002192471741834243700000000","pnu":"1221010600100540006","year":2002,"purpose":"제1종 근린생활시설","far":77.35,"floors":1,"structure":"벽돌구조"},"geometry":{"type":"MultiPolygon","coordinates":[[[[126.91822,35.149998],[126.918279,35.149947],[126.91816,35.149859],[126.918106,35.149913],[126.91822,35.149998]]]]}},{"type":"Feature","id":"2002192483601842827500000000","properties":{"id":"2002192483601842827500000000","pnu":"1221010900104850046","year":2002,"purpose":"공동주택","far":277.26,"floors":4,"structure":"철근콘크리트구조"},"geometry":{"type":"MultiPolygon","coordinates":[[[[126.918211,35.157656],[126.918311,35.157748],[126.918415,35.157672],[126.918324,35.157588],[126.918282,35.157619],[126.918273,35.157611],[126.918211,35.157656]]]]}},{"type":"Feature","id":"2002192520041836784700000000","properties":{"id":"2002192520041836784700000000","pnu":"1221010700100130008","year":2002,"purpose":"단독주택","far":209.05,"floors":3,"structure":"철근콘크리트구조"},"geometry":{"type":"MultiPolygon","coordinates":[[[[126.918688,35.15232],[126.918845,35.1522],[126.918752,35.152118],[126.918592,35.152242],[126.918688,35.15232]]]]}},{"type":"Feature","id":"2002192524721834848000000000","properties":{"id":"2002192524721834848000000000","pnu":"1221010600100350000","year":2002,"purpose":"제2종 근린생활시설"},"geometry":{"type":"MultiPolygon","coordinates":[[[[126.918792,35.150536],[126.918847,35.150475],[126.918757,35.150413],[126.918695,35.150475],[126.918792,35.150536]]]]}},{"type":"Feature","id":"2002192528831841336800000000","properties":{"id":"2002192528831841336800000000","pnu":"1221010900102960007","year":2002,"purpose":"기타","far":4.33,"floors":1,"structure":"벽돌구조"},"geometry":{"type":"MultiPolygon","coordinates":[[[[126.918821,35.15635],[126.918848,35.156323],[126.918803,35.156297],[126.918774,35.15632],[126.918821,35.15635]]]]}},{"type":"Feature","id":"2003191779851834199200000000","properties":{"id":"2003191779851834199200000000","pnu":"1221010400100780000","year":2003,"purpose":"제2종 근린생활시설","far":218.25,"floors":3,"structure":"일반철골구조"},"geometry":{"type":"MultiPolygon","coordinates":[[[[126.910592,35.149946],[126.91067,35.149874],[126.910611,35.149823],[126.910524,35.149888],[126.910592,35.149946]]]]}},{"type":"Feature","id":"2003191863411832950600000000","properties":{"id":"2003191863411832950600000000","pnu":"1221011500100070000","year":2003,"purpose":"숙박시설","far":382.37,"floors":8,"structure":"철근콘크리트구조"},"geometry":{"type":"MultiPolygon","coordinates":[[[[126.91159,35.148869],[126.911626,35.148843],[126.911623,35.148799],[126.911473,35.148674],[126.91144,35.148675],[126.911418,35.148655],[126.911381,35.148683],[126.91159,35.148869]]]]}},{"type":"Feature","id":"2003191882421832993000000000","properties":{"id":"2003191882421832993000000000","pnu":"1221011500100070000","year":2003,"purpose":"숙박시설","far":382.37,"floors":8,"structure":"철근콘크리트구조"},"geometry":{"type":"MultiPolygon","coordinates":[[[[126.911792,35.148762],[126.911714,35.148734],[126.911656,35.148829],[126.91174,35.148861],[126.911792,35.148762]]]]}},{"type":"Feature","id":"2003191957171835614800000000","properties":{"id":"2003191957171835614800000000","pnu":"1221010300100300001","year":2003,"purpose":"제1종 근린생활시설"},"geometry":{"type":"MultiPolygon","coordinates":[[[[126.912505,35.15123],[126.91263,35.151146],[126.912583,35.151092],[126.912455,35.151176],[126.912505,35.15123]]]]}},{"type":"Feature","id":"2003192034471839061100000000","properties":{"id":"2003192034471839061100000000","pnu":"1221010100100220003","year":2003,"purpose":"기타","floors":1,"structure":"경량철골구조"},"geometry":{"type":"MultiPolygon","coordinates":[[[[126.913525,35.154282],[126.913321,35.154172],[126.91325,35.154247],[126.91345,35.154367],[126.913525,35.154282]]]]}},{"type":"Feature","id":"2003192066871840785500000000","properties":{"id":"2003192066871840785500000000","pnu":"1221010100103190010","year":2003,"purpose":"숙박시설","far":253.41,"floors":6,"structure":"철근콘크리트구조"},"geometry":{"type":"MultiPolygon","coordinates":[[[[126.91367,35.155905],[126.913807,35.155902],[126.913851,35.155869],[126.913832,35.155852],[126.913854,35.155835],[126.91371,35.155705],[126.913665,35.155739],[126.91367,35.155905]]]]}},{"type":"Feature","id":"2003192084401837467600000000","properties":{"id":"2003192084401837467600000000","pnu":"1221010200101850000","year":2003,"purpose":"제2종 근린생활시설","far":253.18,"floors":4,"structure":"일반철골구조"},"geometry":{"type":"MultiPolygon","coordinates":[[[[126.913881,35.152824],[126.913918,35.152858],[126.913977,35.152865],[126.913998,35.152849],[126.913927,35.152788],[126.913881,35.152824]]]]}},{"type":"Feature","id":"2003192098771837547900000000","properties":{"id":"2003192098771837547900000000","pnu":"1221010100100840003","year":2003,"purpose":"제2종 근린생활시설","far":269.11,"floors":4,"structure":"일반철골구조"},"geometry":{"type":"MultiPolygon","coordinates":[[[[126.914043,35.152966],[126.914141,35.152892],[126.914151,35.152885],[126.914161,35.152892],[126.914166,35.152888],[126.91417,35.152892],[126.91418,35.152885],[126.914172,35.152878],[126.914165,35.152875],[126.914139,35.152849],[126.914033,35.152921],[126.914032,35.152955],[126.914043,35.152966]]]]}},{"type":"Feature","id":"2003192107771832808600000000","properties":{"id":"2003192107771832808600000000","pnu":"1221011700100020004","year":2003,"purpose":"제1종 근린생활시설","far":250.65,"floors":4,"structure":"철근콘크리트구조"},"geometry":{"type":"MultiPolygon","coordinates":[[[[126.914115,35.148599],[126.914234,35.148704],[126.914282,35.148666],[126.914163,35.148562],[126.914115,35.148599]]]]}},{"type":"Feature","id":"2003192114711832658400000000","properties":{"id":"2003192114711832658400000000","pnu":"1221011700100020001","year":2003,"purpose":"제2종 근린생활시설","far":310.45,"floors":4,"structure":"철골철근콘크리트구조"},"geometry":{"type":"MultiPolygon","coordinates":[[[[126.914309,35.148648],[126.914452,35.148533],[126.91441,35.148385],[126.914371,35.148392],[126.91434,35.148409],[126.914274,35.148348],[126.914215,35.148392],[126.914193,35.148372],[126.914134,35.148415],[126.914157,35.148437],[126.914105,35.148475],[126.914073,35.148538],[126.914115,35.148574],[126.914151,35.148546],[126.914269,35.148647],[126.914289,35.148631],[126.914309,35.148648]]]]}},{"type":"Feature","id":"2003192124771840151600000000","properties":{"id":"2003192124771840151600000000","pnu":"1221010100103220027","year":2003,"purpose":"숙박시설","far":455.8,"floors":8,"structure":"철근콘크리트구조"},"geometry":{"type":"MultiPolygon","coordinates":[[[[126.914403,35.155347],[126.914485,35.155292],[126.914356,35.155156],[126.91427,35.155213],[126.914403,35.155347]]]]}},{"type":"Feature","id":"2003192270511835328200000000","properties":{"id":"2003192270511835328200000000","pnu":"1221013400100510000","year":2003,"purpose":"기타","floors":2,"structure":"일반목구조"},"geometry":{"type":"MultiPolygon","coordinates":[[[[126.915971,35.150834],[126.915895,35.150896],[126.915993,35.150976],[126.916069,35.150914],[126.915971,35.150834]]]]}},{"type":"Feature","id":"2003192317091838993500000000","properties":{"id":"2003192317091838993500000000","pnu":"1221010100103100018","year":2003,"purpose":"기타"},"geometry":{"type":"MultiPolygon","coordinates":[[[[126.916575,35.154314],[126.916625,35.154275],[126.916403,35.154104],[126.916356,35.154145],[126.916575,35.154314]]]]}},{"type":"Feature","id":"2003192331531839183100000000","properties":{"id":"2003192331531839183100000000","pnu":"1221010100103100002","year":2003,"purpose":"숙박시설","far":368.42,"floors":7,"structure":"철근콘크리트구조"},"geometry":{"type":"MultiPolygon","coordinates":[[[[126.91678,35.15437],[126.916659,35.154269],[126.916515,35.154389],[126.916639,35.154492],[126.91678,35.15437]]]]}},{"type":"Feature","id":"2003192400581842844300000000","properties":{"id":"2003192400581842844300000000","pnu":"1221010900104890021","year":2003,"purpose":"공동주택","far":219.18,"floors":4,"structure":"철근콘크리트구조"},"geometry":{"type":"MultiPolygon","coordinates":[[[[126.917478,35.157681],[126.917415,35.15762],[126.917331,35.157684],[126.917382,35.15774],[126.917478,35.157681]]]]}},{"type":"Feature","id":"2003192469231843161000000000","properties":{"id":"2003192469231843161000000000","pnu":"1221010900104870002","year":2003,"purpose":"단독주택","far":226.5,"floors":4,"structure":"철근콘크리트구조"},"geometry":{"type":"MultiPolygon","coordinates":[[[[126.918216,35.157959],[126.918142,35.157892],[126.918074,35.157942],[126.918137,35.157999],[126.918127,35.158007],[126.91817,35.158045],[126.918216,35.158011],[126.918216,35.157959]]]]}},{"type":"Feature","id":"2003192538831839657400000000","properties":{"id":"2003192538831839657400000000","pnu":"1221010900103200002","year":2003,"purpose":"단독주택","far":242.06,"floors":4,"structure":"철근콘크리트구조"},"geometry":{"type":"MultiPolygon","coordinates":[[[[126.918937,35.154899],[126.919023,35.154829],[126.919015,35.154803],[126.918905,35.154723],[126.918814,35.154795],[126.918937,35.154899]]]]}},{"type":"Feature","id":"2004191931731833742900000000","properties":{"id":"2004191931731833742900000000","pnu":"1221013000100550003","year":2004,"purpose":"기타"},"geometry":{"type":"MultiPolygon","coordinates":[[[[126.912275,35.149511],[126.912313,35.149483],[126.912254,35.149436],[126.91222,35.149465],[126.912275,35.149511]]]]}},{"type":"Feature","id":"2004191951631837875800000000","properties":{"id":"2004191951631837875800000000","pnu":"1221010200100770004","year":2004,"purpose":"숙박시설","far":358.13,"floors":6,"structure":"철근콘크리트구조"},"geometry":{"type":"MultiPolygon","coordinates":[[[[126.912509,35.153102],[126.912349,35.15321],[126.912486,35.153289],[126.912587,35.153205],[126.912576,35.153196],[126.912585,35.153188],[126.912509,35.153102]]]]}},{"type":"Feature","id":"2004191986981838222000000000","properties":{"id":"2004191986981838222000000000","pnu":"1221010200100760002","year":2004,"purpose":"제2종 근린생활시설"},"geometry":{"type":"MultiPolygon","coordinates":[[[[126.912723,35.153559],[126.912825,35.153627],[126.913004,35.153506],[126.912874,35.153375],[126.912844,35.153396],[126.912859,35.153411],[126.912807,35.153446],[126.912841,35.153479],[126.912723,35.153559]]]]}},{"type":"Feature","id":"2004192003001838087200000000","properties":{"id":"2004192003001838087200000000","pnu":"1221010200100760002","year":2004,"purpose":"제2종 근린생활시설"},"geometry":{"type":"MultiPolygon","coordinates":[[[[126.912884,35.15338],[126.913016,35.153506],[126.9132,35.153377],[126.913075,35.15328],[126.913024,35.153316],[126.913018,35.153311],[126.91293,35.153373],[126.912913,35.153359],[126.912884,35.15338]]]]}},{"type":"Feature","id":"2004192048691838937200000000","properties":{"id":"2004192048691838937200000000","pnu":"1221010100100220010","year":2004,"purpose":"숙박시설"},"geometry":{"type":"MultiPolygon","coordinates":[[[[126.91355,35.154045],[126.913411,35.154201],[126.913535,35.154273],[126.91368,35.154103],[126.91355,35.154045]]]]}},{"type":"Feature","id":"2004192240981835287000000000","properties":{"id":"2004192240981835287000000000","pnu":"1221013400100490000","purpose":"단독주택","far":19.99,"floors":1,"structure":"일반목구조"},"geometry":{"type":"MultiPolygon","coordinates":[[[[126.915643,35.150839],[126.915623,35.150867],[126.915672,35.150896],[126.915695,35.15087],[126.915643,35.150839]]]]}},{"type":"Feature","id":"2004192241831835361700000000","properties":{"id":"2004192241831835361700000000","pnu":"1221013400100490000","year":2004,"purpose":"단독주택","floors":1,"structure":"일반목구조"},"geometry":{"type":"MultiPolygon","coordinates":[[[[126.915588,35.150929],[126.915704,35.150994],[126.915747,35.150941],[126.915631,35.150877],[126.915588,35.150929]]]]}},{"type":"Feature","id":"2004192243471835229700000000","properties":{"id":"2004192243471835229700000000","pnu":"1221013400100490000","year":2004,"purpose":"단독주택","structure":"일반목구조"},"geometry":{"type":"MultiPolygon","coordinates":[[[[126.915685,35.150821],[126.915686,35.150821],[126.915687,35.15082],[126.915688,35.15082],[126.915689,35.15082],[126.91569,35.150819],[126.91569,35.150818],[126.915691,35.150818],[126.915691,35.150817],[126.915691,35.150816],[126.915691,35.150815],[126.915691,35.150815],[126.91569,35.150814],[126.91569,35.150813],[126.915689,35.150813],[126.915688,35.150812],[126.915687,35.150812],[126.915686,35.150812],[126.915685,35.150812],[126.915685,35.150812],[126.915684,35.150812],[126.915683,35.150812],[126.915682,35.150813],[126.915681,35.150813],[126.915681,35.150814],[126.91568,35.150815],[126.91568,35.150815],[126.91568,35.150816],[126.91568,35.150817],[126.91568,35.150818],[126.915681,35.150818],[126.915681,35.150819],[126.915682,35.15082],[126.915683,35.15082],[126.915684,35.15082],[126.915685,35.150821],[126.915685,35.150821]]]]}},{"type":"Feature","id":"2004192260901839774600000000","properties":{"id":"2004192260901839774600000000","pnu":"1221010100103230013","year":2004,"purpose":"제2종 근린생활시설","far":166.92,"floors":3,"structure":"철근콘크리트구조"},"geometry":{"type":"MultiPolygon","coordinates":[[[[126.915769,35.154966],[126.9158,35.154992],[126.915977,35.154857],[126.915949,35.154832],[126.915769,35.154966]]]]}},{"type":"Feature","id":"2004192341871838853300000000","properties":{"id":"2004192341871838853300000000","pnu":"1221010100103100009","year":2004,"purpose":"제1종 근린생활시설"},"geometry":{"type":"MultiPolygon","coordinates":[[[[126.916709,35.154065],[126.916783,35.154127],[126.916815,35.154101],[126.916741,35.154039],[126.916709,35.154065]]]]}},{"type":"Feature","id":"2004192426721842763200000000","properties":{"id":"2004192426721842763200000000","pnu":"1221010900104880010","year":2004,"purpose":"제2종 근린생활시설","far":206.1203,"floors":4,"structure":"철근콘크리트구조"},"geometry":{"type":"MultiPolygon","coordinates":[[[[126.917595,35.157592],[126.917617,35.157609],[126.917601,35.157621],[126.917683,35.157695],[126.917793,35.157613],[126.917691,35.157521],[126.917595,35.157592]]]]}},{"type":"Feature","id":"2004192459931841837400000000","properties":{"id":"2004192459931841837400000000","pnu":"1221010900104860009","year":2004,"purpose":"기타","far":75.92,"floors":1,"structure":"일반철골구조"},"geometry":{"type":"MultiPolygon","coordinates":[[[[126.918085,35.156884],[126.918187,35.1568],[126.918066,35.156691],[126.91797,35.156693],[126.917917,35.156733],[126.918085,35.156884]]]]}},{"type":"Feature","id":"2005191793851836711500000000","properties":{"id":"2005191793851836711500000000","pnu":"1221010300100130012","year":2005,"purpose":"제2종 근린생활시설","far":192.53,"floors":3,"structure":"일반철골구조"},"geometry":{"type":"MultiPolygon","coordinates":[[[[126.910691,35.152116],[126.910751,35.15218],[126.910763,35.152173],[126.910793,35.152204],[126.910814,35.152191],[126.910724,35.152095],[126.910691,35.152116]]]]}},{"type":"Feature","id":"2005191846191832832100000000","properties":{"id":"2005191846191832832100000000","pnu":"1221011500100130001","year":2005,"purpose":"제2종 근린생활시설","far":222.34,"floors":3,"structure":"철근콘크리트구조"},"geometry":{"type":"MultiPolygon","coordinates":[[[[126.911324,35.14872],[126.911395,35.148661],[126.911371,35.148642],[126.911378,35.148605],[126.911347,35.14858],[126.911251,35.14866],[126.911324,35.14872]]]]}},{"type":"Feature","id":"2005191933021832854500000000","properties":{"id":"2005191933021832854500000000","pnu":"1221011500100310070","year":2005,"purpose":"제1종 근린생활시설","far":150.75,"floors":2,"structure":"벽돌구조"},"geometry":{"type":"MultiPolygon","coordinates":[[[[126.912226,35.148695],[126.912286,35.148723],[126.912335,35.14865],[126.912275,35.148623],[126.912226,35.148695]]]]}},{"type":"Feature","id":"2005192061261837897800000000","properties":{"id":"2005192061261837897800000000","pnu":"1221010100100270023","year":2005,"purpose":"제1종 근린생활시설","far":158.28,"floors":2,"structure":"기타강구조"},"geometry":{"type":"MultiPolygon","coordinates":[[[[126.913618,35.153204],[126.91372,35.153267],[126.913748,35.153236],[126.913646,35.153173],[126.913618,35.153204]]]]}},{"type":"Feature","id":"2005192248281835554000000000","properties":{"id":"2005192248281835554000000000","pnu":"1221013400100510000","year":2005,"purpose":"기타","floors":1,"structure":"일반목구조"},"geometry":{"type":"MultiPolygon","coordinates":[[[[126.915785,35.151222],[126.915884,35.15112],[126.91569,35.150995],[126.915592,35.151097],[126.915785,35.151222]]]]}},{"type":"Feature","id":"2005192258691839732400000000","properties":{"id":"2005192258691839732400000000","pnu":"1221010100103230012","year":2005,"purpose":"제2종 근린생활시설","far":79.19,"floors":1,"structure":"경량철골구조"},"geometry":{"type":"MultiPolygon","coordinates":[[[[126.915848,35.154879],[126.915849,35.154879],[126.91585,35.154879],[126.915851,35.154879],[126.915852,35.154878],[126.915852,35.154878],[126.915853,35.154877],[126.915853,35.154876],[126.915854,35.154876],[126.915854,35.154875],[126.915854,35.154874],[126.915853,35.154873],[126.915853,35.154873],[126.915852,35.154872],[126.915852,35.154871],[126.915851,35.154871],[126.91585,35.154871],[126.915849,35.15487],[126.915848,35.15487],[126.915847,35.15487],[126.915846,35.154871],[126.915846,35.154871],[126.915845,35.154871],[126.915844,35.154872],[126.915843,35.154873],[126.915843,35.154873],[126.915843,35.154874],[126.915843,35.154875],[126.915843,35.154876],[126.915843,35.154876],[126.915843,35.154877],[126.915844,35.154878],[126.915845,35.154878],[126.915845,35.154879],[126.915846,35.154879],[126.915847,35.154879],[126.915848,35.154879]]]]}},{"type":"Feature","id":"2005192363451842686100000000","properties":{"id":"2005192363451842686100000000","pnu":"1221010900104890017","year":2005,"purpose":"단독주택","far":179.82,"floors":4,"structure":"철근콘크리트구조"},"geometry":{"type":"MultiPolygon","coordinates":[[[[126.917005,35.157633],[126.91711,35.157554],[126.916985,35.157443],[126.91688,35.157522],[126.917005,35.157633]]]]}},{"type":"Feature","id":"2005192380721839844300000000","properties":{"id":"2005192380721839844300000000","pnu":"1221010900104670019","year":2005,"purpose":"단독주택","far":124.14,"floors":2,"structure":"철근콘크리트구조"},"geometry":{"type":"MultiPolygon","coordinates":[[[[126.917123,35.154984],[126.917178,35.155033],[126.917196,35.155012],[126.917208,35.15502],[126.917256,35.154967],[126.91718,35.154921],[126.917123,35.154984]]]]}},{"type":"Feature","id":"2005192387301842700900000000","properties":{"id":"2005192387301842700900000000","pnu":"1221010900104890014","year":2005,"purpose":"공동주택","far":228.05,"floors":5,"structure":"철근콘크리트구조"},"geometry":{"type":"MultiPolygon","coordinates":[[[[126.917343,35.157548],[126.917281,35.157496],[126.917254,35.157498],[126.917231,35.157515],[126.917219,35.157505],[126.917167,35.157544],[126.917263,35.157622],[126.917288,35.157601],[126.917283,35.157597],[126.917343,35.157548]]]]}},{"type":"Feature","id":"2005192428111840298200000000","properties":{"id":"2005192428111840298200000000","pnu":"1221010900104660003","year":2005,"purpose":"단독주택","far":94.79,"floors":2,"structure":"철근콘크리트구조"},"geometry":{"type":"MultiPolygon","coordinates":[[[[126.917689,35.155443],[126.917769,35.155363],[126.917714,35.155329],[126.917692,35.155347],[126.917703,35.155359],[126.917645,35.155414],[126.917689,35.155443]]]]}},{"type":"Feature","id":"2005192453191842706600000000","properties":{"id":"2005192453191842706600000000","pnu":"1221010900104850049","year":2005,"purpose":"단독주택","far":240.87,"floors":4,"structure":"철근콘크리트구조"},"geometry":{"type":"MultiPolygon","coordinates":[[[[126.917966,35.157616],[126.91805,35.157538],[126.917995,35.157499],[126.917911,35.157575],[126.917966,35.157616]]]]}},{"type":"Feature","id":"2005192502381836905700000000","properties":{"id":"2005192502381836905700000000","pnu":"1221010700100090006","year":2005,"purpose":"기타"},"geometry":{"type":"MultiPolygon","coordinates":[[[[126.918532,35.152433],[126.918648,35.152336],[126.918607,35.152299],[126.918613,35.152294],[126.918519,35.152225],[126.918399,35.152326],[126.918532,35.152433]]]]}},{"type":"Feature","id":"2005192510371837005100000000","properties":{"id":"2005192510371837005100000000","pnu":"1221010700100090006","year":2005,"purpose":"기타"},"geometry":{"type":"MultiPolygon","coordinates":[[[[126.918626,35.152454],[126.918657,35.152428],[126.9186,35.152383],[126.918569,35.152409],[126.918626,35.152454]]]]}},{"type":"Feature","id":"2006192106421837493500000000","properties":{"id":"2006192106421837493500000000","pnu":"1221010100100850000","year":2006,"purpose":"제2종 근린생활시설","far":13.95,"floors":1,"structure":"경량철골구조"},"geometry":{"type":"MultiPolygon","coordinates":[[[[126.91421,35.152856],[126.914182,35.152831],[126.914149,35.152855],[126.914176,35.152881],[126.91421,35.152856]]]]}},{"type":"Feature","id":"2006192185101836986400000000","properties":{"id":"2006192185101836986400000000","pnu":"1221010100101210000","year":2006,"purpose":"제2종 근린생활시설","far":136.2448,"floors":3,"structure":"철근콘크리트구조"},"geometry":{"type":"MultiPolygon","coordinates":[[[[126.914928,35.152443],[126.914996,35.152511],[126.915004,35.152506],[126.915068,35.152568],[126.915148,35.152513],[126.915077,35.152442],[126.915183,35.15237],[126.915057,35.152245],[126.9149,35.15235],[126.91497,35.152402],[126.914957,35.152411],[126.914944,35.152426],[126.914948,35.152431],[126.914928,35.152443]]]]}},{"type":"Feature","id":"2006192247511838675700000000","properties":{"id":"2006192247511838675700000000","pnu":"1221010100103120016","year":2006,"purpose":"기타","far":215.92,"floors":4,"structure":"철근콘크리트구조"},"geometry":{"type":"MultiPolygon","coordinates":[[[[126.915623,35.154128],[126.915895,35.15396],[126.915874,35.153938],[126.915883,35.153933],[126.91587,35.153918],[126.915874,35.153915],[126.915868,35.153909],[126.91594,35.153864],[126.915812,35.153724],[126.915533,35.153895],[126.915602,35.153971],[126.91558,35.153985],[126.915591,35.153996],[126.915534,35.154031],[126.915623,35.154128]]]]}},{"type":"Feature","id":"2006192386551837865000000000","properties":{"id":"2006192386551837865000000000","pnu":"1221010100103130007","year":2006,"purpose":"제2종 근린생활시설","floors":2,"structure":"일반철골구조"},"geometry":{"type":"MultiPolygon","coordinates":[[[[126.917237,35.153267],[126.917356,35.153189],[126.917274,35.153128],[126.917216,35.153161],[126.917203,35.153146],[126.917154,35.153174],[126.917237,35.153267]]]]}},{"type":"Feature","id":"2007191736301837292900000000","properties":{"id":"2007191736301837292900000000","pnu":"1221010200100580009","year":2007,"purpose":"기타","far":1.57,"floors":1,"structure":"경량철골구조"},"geometry":{"type":"MultiPolygon","coordinates":[[[[126.910038,35.152694],[126.910076,35.15273],[126.910197,35.152646],[126.910164,35.152614],[126.910038,35.152694]]]]}},{"type":"Feature","id":"2007191736581837437500000000","properties":{"id":"2007191736581837437500000000","pnu":"1221010200100580009","year":2007,"purpose":"기타","far":1.57,"floors":1,"structure":"경량철골구조"},"geometry":{"type":"MultiPolygon","coordinates":[[[[126.910202,35.15291],[126.910239,35.152884],[126.910038,35.152694],[126.910002,35.15272],[126.910202,35.15291]]]]}},{"type":"Feature","id":"2007191750481837308100000000","properties":{"id":"2007191750481837308100000000","pnu":"1221010200100580009","year":2007,"purpose":"기타","far":1.57,"floors":1,"structure":"경량철골구조"},"geometry":{"type":"MultiPolygon","coordinates":[[[[126.910339,35.152787],[126.910382,35.152757],[126.910207,35.152585],[126.910164,35.152614],[126.910339,35.152787]]]]}},{"type":"Feature","id":"2007191756781837533500000000","properties":{"id":"2007191756781837533500000000","pnu":"1221010200100580009","year":2007,"purpose":"기타","far":1.57,"floors":1,"structure":"경량철골구조"},"geometry":{"type":"MultiPolygon","coordinates":[[[[126.910311,35.152893],[126.91033,35.152913],[126.910373,35.152885],[126.910354,35.152865],[126.910311,35.152893]]]]}},{"type":"Feature","id":"2007191761771837793700000000","properties":{"id":"2007191761771837793700000000","pnu":"1221010200100570000","year":2007,"purpose":"기타","far":428.01,"floors":12,"structure":"철근콘크리트구조"},"geometry":{"type":"MultiPolygon","coordinates":[[[[126.910459,35.152953],[126.910161,35.153155],[126.910291,35.153285],[126.910441,35.153184],[126.91048,35.153223],[126.91063,35.153122],[126.910459,35.152953]]]]}},{"type":"Feature","id":"2007191921901832795300000000","properties":{"id":"2007191921901832795300000000","pnu":"1221011500100310072","year":2007,"purpose":"제2종 근린생활시설","far":167.27,"floors":2,"structure":"블록구조"},"geometry":{"type":"MultiPolygon","coordinates":[[[[126.912103,35.148645],[126.912168,35.14867],[126.912203,35.148607],[126.91218,35.148598],[126.912201,35.148577],[126.912176,35.148562],[126.912152,35.148581],[126.912103,35.148645]]]]}},{"type":"Feature","id":"2007191968701837746900000000","properties":{"id":"2007191968701837746900000000","pnu":"1221010200100770007","year":2007,"purpose":"제2종 근린생활시설","far":170.29,"floors":3,"structure":"철근콘크리트구조"},"geometry":{"type":"MultiPolygon","coordinates":[[[[126.912768,35.153062],[126.912665,35.152995],[126.912545,35.153076],[126.91269,35.153177],[126.912738,35.153132],[126.912768,35.153062]]]]}},{"type":"Feature","id":"2007192020031837987600000000","properties":{"id":"2007192020031837987600000000","pnu":"1221010200100850006","year":2007,"purpose":"제1종 근린생활시설","far":146.39,"floors":2,"structure":"일반철골구조"},"geometry":{"type":"MultiPolygon","coordinates":[[[[126.913231,35.153355],[126.913297,35.153301],[126.913231,35.153246],[126.913164,35.1533],[126.913231,35.153355]]]]}},{"type":"Feature","id":"2007192078171836215400000000","properties":{"id":"2007192078171836215400000000","pnu":"1221010200101740002","year":2007,"purpose":"기타","far":25.71,"floors":1,"structure":"강파이프구조"},"geometry":{"type":"MultiPolygon","coordinates":[[[[126.913963,35.151781],[126.913995,35.151738],[126.913778,35.151626],[126.913745,35.151668],[126.913963,35.151781]]]]}},{"type":"Feature","id":"2007192140771840903700000000","properties":{"id":"2007192140771840903700000000","pnu":"1221010100103160023","year":2007,"purpose":"제1종 근린생활시설"},"geometry":{"type":"MultiPolygon","coordinates":[[[[126.914488,35.15595],[126.914523,35.155985],[126.914605,35.155929],[126.91461,35.155906],[126.914573,35.155871],[126.914531,35.155914],[126.914488,35.15595]]]]}},{"type":"Feature","id":"2007192378721843092100000000","properties":{"id":"2007192378721843092100000000","pnu":"1221010900104890026","year":2007,"purpose":"단독주택","far":173.51,"floors":4,"structure":"철근콘크리트구조"},"geometry":{"type":"MultiPolygon","coordinates":[[[[126.917038,35.157929],[126.91712,35.158003],[126.917286,35.157879],[126.917205,35.157805],[126.917038,35.157929]]]]}},{"type":"Feature","id":"2007192390481833826400000000","properties":{"id":"2007192390481833826400000000","pnu":"1221013200100020004","year":2007,"purpose":"제1종 근린생활시설","far":153.34,"floors":3,"structure":"철근콘크리트구조"},"geometry":{"type":"MultiPolygon","coordinates":[[[[126.91738,35.149541],[126.917316,35.149487],[126.91722,35.149564],[126.917284,35.149618],[126.91738,35.149541]]]]}},{"type":"Feature","id":"2007192442181842365600000000","properties":{"id":"2007192442181842365600000000","pnu":"1221010900104850006","year":2007,"purpose":"기타","far":212.39,"floors":5,"structure":"벽돌구조"},"geometry":{"type":"MultiPolygon","coordinates":[[[[126.917982,35.157238],[126.917887,35.157152],[126.917775,35.157237],[126.917751,35.157289],[126.917803,35.157338],[126.917868,35.157316],[126.917982,35.157238]]]]}},{"type":"Feature","id":"2008191857571832203600000000","properties":{"id":"2008191857571832203600000000","pnu":"1221011500100160000","year":2008,"purpose":"기타","far":225.8937,"floors":3,"structure":"일반철골구조"},"geometry":{"type":"MultiPolygon","coordinates":[[[[126.911171,35.148223],[126.911319,35.148306],[126.911392,35.148336],[126.9114,35.148326],[126.911447,35.14835],[126.91156,35.148214],[126.911514,35.148188],[126.911646,35.148031],[126.911673,35.147968],[126.911725,35.147904],[126.911673,35.147875],[126.911667,35.147882],[126.911522,35.147802],[126.911171,35.148223]]]]}},{"type":"Feature","id":"2008192063981834871700000000","properties":{"id":"2008192063981834871700000000","pnu":"1221013000100030004","year":2008,"purpose":"제2종 근린생활시설","far":77.82,"floors":3,"structure":"일반철골구조"},"geometry":{"type":"MultiPolygon","coordinates":[[[[126.913539,35.150492],[126.91362,35.150557],[126.913676,35.150511],[126.913765,35.150582],[126.913871,35.150494],[126.913853,35.150479],[126.913856,35.150477],[126.913846,35.150469],[126.913843,35.150472],[126.913827,35.150459],[126.913829,35.150456],[126.91382,35.150449],[126.913817,35.150451],[126.913801,35.150438],[126.913804,35.150436],[126.913795,35.150428],[126.913792,35.150431],[126.913776,35.150417],[126.913778,35.150415],[126.913769,35.150408],[126.913767,35.150411],[126.913764,35.150409],[126.913726,35.15044],[126.913706,35.150423],[126.913683,35.15044],[126.913661,35.150423],[126.913596,35.150478],[126.913576,35.150462],[126.913539,35.150492]]]]}},{"type":"Feature","id":"2008192174081833002300000000","properties":{"id":"2008192174081833002300000000","pnu":"1221012900100260003","year":2008,"purpose":"제1종 근린생활시설","floors":2,"structure":"벽돌구조"},"geometry":{"type":"MultiPolygon","coordinates":[[[[126.914836,35.148807],[126.914934,35.148886],[126.915005,35.148826],[126.914976,35.148791],[126.914987,35.148778],[126.91493,35.148729],[126.914836,35.148807]]]]}},{"type":"Feature","id":"2008192349081838750300000000","properties":{"id":"2008192349081838750300000000","pnu":"1221010100103090003","year":2008,"purpose":"기타"},"geometry":{"type":"MultiPolygon","coordinates":[[[[126.916841,35.153995],[126.916842,35.153995],[126.916843,35.153995],[126.916844,35.153994],[126.916845,35.153994],[126.916845,35.153993],[126.916846,35.153993],[126.916846,35.153992],[126.916847,35.153991],[126.916847,35.15399],[126.916847,35.15399],[126.916846,35.153989],[126.916846,35.153988],[126.916845,35.153987],[126.916845,35.153987],[126.916844,35.153986],[126.916843,35.153986],[126.916842,35.153986],[126.916841,35.153986],[126.91684,35.153986],[126.916839,35.153986],[126.916838,35.153986],[126.916838,35.153987],[126.916837,35.153987],[126.916836,35.153988],[126.916836,35.153989],[126.916836,35.153989],[126.916836,35.15399],[126.916836,35.153991],[126.916836,35.153992],[126.916836,35.153993],[126.916837,35.153993],[126.916838,35.153994],[126.916838,35.153994],[126.916839,35.153995],[126.91684,35.153995],[126.916841,35.153995]]]]}},{"type":"Feature","id":"2008192356231839142100000000","properties":{"id":"2008192356231839142100000000","pnu":"1221010100103100012","year":2008,"purpose":"제2종 근린생활시설","far":112.26565,"floors":2,"structure":"철근콘크리트구조"},"geometry":{"type":"MultiPolygon","coordinates":[[[[126.916876,35.154433],[126.917027,35.154307],[126.916963,35.154254],[126.916811,35.15438],[126.916876,35.154433]]]]}},{"type":"Feature","id":"2008192386271838853800000000","properties":{"id":"2008192386271838853800000000","pnu":"1221010100103090003","year":2008,"purpose":"기타"},"geometry":{"type":"MultiPolygon","coordinates":[[[[126.917202,35.154089],[126.917237,35.154121],[126.917296,35.154078],[126.917261,35.154046],[126.917202,35.154089]]]]}},{"type":"Feature","id":"2008192460561833035900000000","properties":{"id":"2008192460561833035900000000","pnu":"1221013200100100001","year":2008,"purpose":"제2종 근린생활시설"},"geometry":{"type":"MultiPolygon","coordinates":[[[[126.918095,35.148905],[126.91815,35.148836],[126.918044,35.148777],[126.91799,35.148844],[126.918095,35.148905]]]]}},{"type":"Feature","id":"2009191824811838806400000000","properties":{"id":"2009191824811838806400000000","pnu":"1221010200100050008","year":2009,"purpose":"제2종 근린생활시설","far":133.52,"floors":2,"structure":"일반철골구조"},"geometry":{"type":"MultiPolygon","coordinates":[[[[126.910957,35.153992],[126.911139,35.154144],[126.911217,35.154078],[126.911213,35.154074],[126.911218,35.154071],[126.911195,35.154051],[126.911187,35.154058],[126.911034,35.15393],[126.910957,35.153992]]]]}},{"type":"Feature","id":"2009191882891838567600000000","properties":{"id":"2009191882891838567600000000","pnu":"1221010200100110000","year":2009,"purpose":"기타","far":1.6125,"floors":1,"structure":"벽돌구조"},"geometry":{"type":"MultiPolygon","coordinates":[[[[126.911304,35.153706],[126.911931,35.154228],[126.912113,35.154103],[126.911821,35.153851],[126.911871,35.153812],[126.91175,35.153707],[126.911973,35.153543],[126.91189,35.153467],[126.911896,35.153463],[126.911855,35.153426],[126.91156,35.153643],[126.911477,35.153567],[126.911304,35.153706]]]]}},{"type":"Feature","id":"2009191936891833406100000000","properties":{"id":"2009191936891833406100000000","pnu":"1221013000100560004","year":2009,"purpose":"제2종 근린생활시설","far":167.3,"floors":3,"structure":"철근콘크리트구조"},"geometry":{"type":"MultiPolygon","coordinates":[[[[126.912214,35.14916],[126.91232,35.149247],[126.912341,35.149231],[126.912364,35.149249],[126.912431,35.14919],[126.912332,35.149108],[126.912347,35.149097],[126.912319,35.149074],[126.912214,35.14916]]]]}},{"type":"Feature","id":"2009192207971835713000000000","properties":{"id":"2009192207971835713000000000","pnu":"1221013400100390003","year":2009,"purpose":"제2종 근린생활시설","far":4.7914,"floors":1,"structure":"블록구조"},"geometry":{"type":"MultiPolygon","coordinates":[[[[126.915295,35.151256],[126.915296,35.151256],[126.915297,35.151256],[126.915298,35.151255],[126.915299,35.151255],[126.9153,35.151254],[126.9153,35.151254],[126.915301,35.151253],[126.915301,35.151252],[126.915301,35.151252],[126.915301,35.151251],[126.915301,35.15125],[126.9153,35.151249],[126.9153,35.151249],[126.915299,35.151248],[126.915298,35.151248],[126.915297,35.151247],[126.915296,35.151247],[126.915295,35.151247],[126.915294,35.151247],[126.915294,35.151247],[126.915293,35.151248],[126.915292,35.151248],[126.915291,35.151249],[126.915291,35.151249],[126.91529,35.15125],[126.91529,35.151251],[126.91529,35.151252],[126.91529,35.151252],[126.91529,35.151253],[126.915291,35.151254],[126.915291,35.151254],[126.915292,35.151255],[126.915293,35.151255],[126.915294,35.151256],[126.915294,35.151256],[126.915295,35.151256]]]]}},{"type":"Feature","id":"2009192216161835754900000000","properties":{"id":"2009192216161835754900000000","pnu":"1221013400100390003","year":2009,"purpose":"제2종 근린생활시설","far":4.7914,"floors":1,"structure":"블록구조"},"geometry":{"type":"MultiPolygon","coordinates":[[[[126.91546,35.151297],[126.915349,35.151233],[126.915314,35.151288],[126.915419,35.151343],[126.91546,35.151297]]]]}},{"type":"Feature","id":"2009192245461833037900000000","properties":{"id":"2009192245461833037900000000","pnu":"1221012900100110000","year":2009,"purpose":"제1종 근린생활시설","far":139.75,"floors":3,"structure":"일반철골구조"},"geometry":{"type":"MultiPolygon","coordinates":[[[[126.915508,35.148806],[126.915696,35.148976],[126.915795,35.148902],[126.915823,35.148928],[126.915931,35.148847],[126.915845,35.148769],[126.915776,35.148821],[126.915646,35.148703],[126.915624,35.148719],[126.915508,35.148806]]]]}},{"type":"Feature","id":"2009192535601842842900000000","properties":{"id":"2009192535601842842900000000","pnu":"1221010900104850034","year":2009,"purpose":"단독주택","far":159.17,"floors":2,"structure":"벽돌구조"},"geometry":{"type":"MultiPolygon","coordinates":[[[[126.918893,35.157721],[126.918935,35.157692],[126.918876,35.15764],[126.918835,35.157671],[126.918893,35.157721]]]]}},{"type":"Feature","id":"2012191732801834777100000000","properties":{"id":"2012191732801834777100000000","pnu":"1221010400100330000","year":2012,"purpose":"기타"},"geometry":{"type":"MultiPolygon","coordinates":[[[[126.910021,35.150549],[126.91026,35.150359],[126.910142,35.150259],[126.909903,35.150449],[126.910021,35.150549]]]]}},{"type":"Feature","id":"2012191740801834946100000000","properties":{"id":"2012191740801834946100000000","pnu":"1221010400100330000","year":2012,"purpose":"기타"},"geometry":{"type":"MultiPolygon","coordinates":[[[[126.910088,35.150518],[126.910215,35.150624],[126.910251,35.150595],[126.910123,35.150489],[126.910088,35.150518]]]]}},{"type":"Feature","id":"2012191759161834773200000000","properties":{"id":"2012191759161834773200000000","pnu":"1221010400100330000","year":2012,"purpose":"기타"},"geometry":{"type":"MultiPolygon","coordinates":[[[[126.910414,35.150443],[126.910448,35.150405],[126.910437,35.150395],[126.91032,35.150357],[126.910297,35.150405],[126.910414,35.150443]]]]}},{"type":"Feature","id":"2012191776781834514900000000","properties":{"id":"2012191776781834514900000000","pnu":"1221010400100330000","year":2012,"purpose":"제2종 근린생활시설"},"geometry":{"type":"MultiPolygon","coordinates":[[[[126.910567,35.150207],[126.910611,35.150173],[126.910561,35.15013],[126.910518,35.150163],[126.910567,35.150207]]]]}},{"type":"Feature","id":"2012191918061834773700000000","properties":{"id":"2012191918061834773700000000","pnu":"1221010300100620011","year":2012,"purpose":"단독주택","far":220.31,"floors":4,"structure":"철근콘크리트구조"},"geometry":{"type":"MultiPolygon","coordinates":[[[[126.912033,35.150453],[126.912162,35.150462],[126.912166,35.150425],[126.912198,35.150427],[126.912205,35.150358],[126.912044,35.150347],[126.912033,35.150453]]]]}},{"type":"Feature","id":"2012191926081835342200000000","properties":{"id":"2012191926081835342200000000","pnu":"1221010300100550000","year":2012,"purpose":"제1종 근린생활시설","far":76.81,"floors":1,"structure":"일반철골구조"},"geometry":{"type":"MultiPolygon","coordinates":[[[[126.912108,35.150903],[126.912176,35.150969],[126.912177,35.150969],[126.912211,35.150996],[126.912304,35.150934],[126.912198,35.150836],[126.912165,35.150858],[126.912148,35.150843],[126.912128,35.150864],[126.91214,35.150877],[126.912108,35.150903]]]]}},{"type":"Feature","id":"2012192480351833987700000000","properties":{"id":"2012192480351833987700000000","pnu":"1221010600100520004","year":2012,"purpose":"제2종 근린생활시설","far":37.82,"floors":1,"structure":"강파이프구조"},"geometry":{"type":"MultiPolygon","coordinates":[[[[126.918304,35.149649],[126.918227,35.149715],[126.918268,35.149748],[126.918346,35.149682],[126.918304,35.149649]]]]}},{"type":"Feature","id":"2013191754501834566400000000","properties":{"id":"2013191754501834566400000000","pnu":"1221010400100330000","year":2013,"purpose":"기타"},"geometry":{"type":"MultiPolygon","coordinates":[[[[126.910279,35.150344],[126.910479,35.150185],[126.910361,35.150085],[126.910161,35.150244],[126.910279,35.150344]]]]}},{"type":"Feature","id":"2014192108201837332200000000","properties":{"id":"2014192108201837332200000000","pnu":"1221010200102710007","year":2014,"purpose":"제1종 근린생활시설","far":68.03,"floors":1,"structure":"경량철골구조"},"geometry":{"type":"MultiPolygon","coordinates":[[[[126.91412,35.152758],[126.91413,35.152767],[126.914274,35.152665],[126.914267,35.152659],[126.914239,35.15267],[126.914174,35.152721],[126.91412,35.152758]]]]}},{"type":"Feature","id":"road:2911010200101540001002337:29020","properties":{"id":"road:2911010200101540001002337:29020","pnu":"1221010200101540001","purpose":"공동주택","year":2014},"geometry":{"type":"MultiPolygon","coordinates":[[[[126.91396,35.151939],[126.913974,35.151946],[126.914051,35.151842],[126.914009,35.151821],[126.91401,35.151819],[126.91366,35.151644],[126.913654,35.151652],[126.913551,35.1516],[126.91343,35.15168],[126.913469,35.151719],[126.913471,35.151718],[126.913524,35.151773],[126.913563,35.151747],[126.913566,35.151751],[126.913631,35.151783],[126.913624,35.151792],[126.91366,35.15181],[126.913667,35.151801],[126.913912,35.151924],[126.913908,35.151929],[126.913951,35.151951],[126.91396,35.151939]]]]}},{"type":"Feature","id":"road:2911010900104850047000001:3069","properties":{"id":"road:2911010900104850047000001:3069","pnu":"1221010900104850047","purpose":"공동주택","year":2010},"geometry":{"type":"MultiPolygon","coordinates":[[[[126.918191,35.157654],[126.918131,35.157599],[126.918021,35.157679],[126.91808,35.157733],[126.918191,35.157654]]]]}},{"type":"Feature","id":"road:2911010900105910009001782:33676","properties":{"id":"road:2911010900105910009001782:33676","pnu":"1221010900118270000","purpose":"공동주택","year":2020},"geometry":{"type":"MultiPolygon","coordinates":[[[[126.916046,35.157744],[126.916049,35.157615],[126.916039,35.157615],[126.91604,35.157588],[126.91607,35.157588],[126.91607,35.157572],[126.916109,35.157573],[126.916111,35.157505],[126.916111,35.15748],[126.915938,35.157477],[126.915938,35.157454],[126.915689,35.15745],[126.915689,35.157479],[126.915654,35.157479],[126.915653,35.15755],[126.915665,35.15755],[126.915664,35.157604],[126.915725,35.157605],[126.915725,35.157621],[126.915805,35.157622],[126.915806,35.157567],[126.91586,35.157567],[126.91586,35.157561],[126.915909,35.157561],[126.915909,35.157551],[126.915933,35.157551],[126.915932,35.157608],[126.915957,35.157609],[126.915957,35.157629],[126.915926,35.157629],[126.915925,35.157676],[126.915935,35.157677],[126.915934,35.157743],[126.916046,35.157744]]]]}},{"type":"Feature","id":"road:2911010900105910009001783:33677","properties":{"id":"road:2911010900105910009001783:33677","pnu":"1221010900118270000","purpose":"공동주택","year":2020},"geometry":{"type":"MultiPolygon","coordinates":[[[[126.914669,35.157505],[126.91467,35.15749],[126.914696,35.157491],[126.914699,35.157419],[126.914408,35.15741],[126.914404,35.157485],[126.914432,35.157486],[126.914432,35.157497],[126.914503,35.1575],[126.914502,35.157538],[126.914571,35.15754],[126.914568,35.157603],[126.91458,35.157604],[126.914578,35.157634],[126.914673,35.157637],[126.914679,35.157506],[126.914669,35.157505]]]]}},{"type":"Feature","id":"road:2911010900105910009001784:33678","properties":{"id":"road:2911010900105910009001784:33678","pnu":"1221010900118270000","purpose":"공동주택","year":2020},"geometry":{"type":"MultiPolygon","coordinates":[[[[126.916578,35.156202],[126.916579,35.156179],[126.916606,35.156179],[126.916608,35.156108],[126.916293,35.156104],[126.916294,35.15608],[126.916192,35.156078],[126.916192,35.156085],[126.916163,35.156085],[126.916162,35.156141],[126.916182,35.156141],[126.916181,35.156193],[126.916222,35.156194],[126.916222,35.156221],[126.916258,35.156222],[126.916257,35.156241],[126.91633,35.156242],[126.916331,35.156193],[126.916441,35.156194],[126.91644,35.156239],[126.916469,35.15624],[126.916468,35.156282],[126.916479,35.156282],[126.916478,35.156315],[126.916496,35.156315],[126.916495,35.156342],[126.91659,35.156343],[126.916592,35.156202],[126.916578,35.156202]]]]}},{"type":"Feature","id":"road:2911010900105910009001785:33679","properties":{"id":"road:2911010900105910009001785:33679","pnu":"1221010900118270000","purpose":"공동주택","year":2020},"geometry":{"type":"MultiPolygon","coordinates":[[[[126.915662,35.156919],[126.915662,35.156895],[126.91569,35.156896],[126.915691,35.156825],[126.915377,35.15682],[126.915377,35.156796],[126.915275,35.156795],[126.915275,35.156802],[126.915246,35.156802],[126.915245,35.156858],[126.915265,35.156858],[126.915264,35.15691],[126.915306,35.156911],[126.915305,35.156938],[126.915341,35.156938],[126.915341,35.156957],[126.915413,35.156958],[126.915414,35.156909],[126.915524,35.156911],[126.915523,35.156956],[126.915552,35.156956],[126.915551,35.156998],[126.915562,35.156998],[126.915562,35.157032],[126.915579,35.157032],[126.915578,35.157058],[126.915673,35.15706],[126.915676,35.156919],[126.915662,35.156919]]]]}},{"type":"Feature","id":"road:2911010900105910009001786:33680","properties":{"id":"road:2911010900105910009001786:33680","pnu":"1221010900118270000","purpose":"공동주택","year":2020},"geometry":{"type":"MultiPolygon","coordinates":[[[[126.916121,35.15656],[126.916122,35.156536],[126.916149,35.156537],[126.916151,35.156465],[126.915836,35.156461],[126.915837,35.156437],[126.915735,35.156436],[126.915734,35.156443],[126.915706,35.156443],[126.915705,35.156499],[126.915725,35.156499],[126.915724,35.156551],[126.915765,35.156552],[126.915764,35.156579],[126.915801,35.156579],[126.9158,35.156598],[126.915873,35.156599],[126.915874,35.15655],[126.915984,35.156552],[126.915983,35.156597],[126.916011,35.156597],[126.916011,35.156639],[126.916022,35.156639],[126.916021,35.156673],[126.916038,35.156673],[126.916038,35.156699],[126.916132,35.156701],[126.916135,35.15656],[126.916121,35.15656]]]]}},{"type":"Feature","id":"road:2911010900105910009001787:33681","properties":{"id":"road:2911010900105910009001787:33681","pnu":"1221010900118270000","purpose":"공동주택","year":2020},"geometry":{"type":"MultiPolygon","coordinates":[[[[126.916904,35.155811],[126.91661,35.155807],[126.916609,35.155875],[126.916641,35.155876],[126.916641,35.155902],[126.91666,35.155902],[126.91666,35.15593],[126.91671,35.155931],[126.916708,35.156051],[126.916742,35.156051],[126.916741,35.156082],[126.916919,35.156084],[126.916923,35.155913],[126.916902,35.155913],[126.916904,35.155811]]]]}},{"type":"Feature","id":"road:2911010900105910009001788:33682","properties":{"id":"road:2911010900105910009001788:33682","pnu":"1221010900118270000","purpose":"공동주택","year":2020},"geometry":{"type":"MultiPolygon","coordinates":[[[[126.915677,35.155877],[126.915681,35.155863],[126.915701,35.155867],[126.915712,35.155833],[126.915725,35.155836],[126.915738,35.155795],[126.915757,35.155799],[126.915776,35.155741],[126.915885,35.155744],[126.915883,35.155797],[126.915946,35.155799],[126.915948,35.15577],[126.915992,35.155771],[126.915993,35.155752],[126.916023,35.155753],[126.916025,35.155712],[126.916038,35.155712],[126.916041,35.155644],[126.916031,35.155643],[126.916032,35.155635],[126.915921,35.155632],[126.91592,35.155645],[126.915605,35.155636],[126.915602,35.155713],[126.915626,35.155714],[126.915625,35.155736],[126.915586,35.155857],[126.915677,35.155877]]]]}},{"type":"Feature","id":"road:2911010900105910009001790:33684","properties":{"id":"road:2911010900105910009001790:33684","pnu":"1221010900118270000","purpose":"공동주택","year":2020},"geometry":{"type":"MultiPolygon","coordinates":[[[[126.913682,35.15717],[126.913691,35.157143],[126.913709,35.157147],[126.913728,35.15709],[126.913708,35.157086],[126.913727,35.157032],[126.913757,35.157033],[126.913758,35.156967],[126.913789,35.156967],[126.913789,35.15698],[126.913861,35.156981],[126.91386,35.157039],[126.91393,35.15704],[126.913931,35.157027],[126.913987,35.157028],[126.913988,35.157003],[126.914,35.157003],[126.914001,35.156973],[126.914012,35.156973],[126.914013,35.156919],[126.913999,35.156919],[126.914,35.156899],[126.913765,35.156896],[126.913765,35.156914],[126.913612,35.156912],[126.91361,35.15699],[126.913636,35.15699],[126.913636,35.157008],[126.913649,35.157009],[126.913649,35.157023],[126.913604,35.157151],[126.913682,35.15717]]]]}},{"type":"Feature","id":"road:2911010900105910009001791:33685","properties":{"id":"road:2911010900105910009001791:33685","pnu":"1221010900118270000","purpose":"공동주택","year":2020},"geometry":{"type":"MultiPolygon","coordinates":[[[[126.914106,35.1569],[126.914115,35.156874],[126.914132,35.156878],[126.914152,35.156821],[126.914132,35.156816],[126.914151,35.156763],[126.914181,35.156763],[126.914182,35.156697],[126.914213,35.156697],[126.914212,35.15671],[126.914285,35.156711],[126.914283,35.156769],[126.914354,35.15677],[126.914354,35.156758],[126.914411,35.156759],[126.914411,35.156734],[126.914424,35.156734],[126.914424,35.156703],[126.914436,35.156703],[126.914437,35.15665],[126.914423,35.156649],[126.914423,35.156629],[126.914189,35.156626],[126.914189,35.156644],[126.914036,35.156642],[126.914034,35.15672],[126.91406,35.156721],[126.91406,35.156739],[126.914072,35.156739],[126.914072,35.156753],[126.914027,35.156882],[126.914106,35.1569]]]]}},{"type":"Feature","id":"road:2911010900105910009001792:33686","properties":{"id":"road:2911010900105910009001792:33686","pnu":"1221010900118270000","purpose":"공동주택","year":2020},"geometry":{"type":"MultiPolygon","coordinates":[[[[126.91465,35.15655],[126.914659,35.156523],[126.914676,35.156527],[126.914696,35.156471],[126.914676,35.156466],[126.914695,35.156412],[126.914725,35.156413],[126.914726,35.156347],[126.914757,35.156347],[126.914756,35.15636],[126.914828,35.156361],[126.914827,35.156419],[126.914898,35.15642],[126.914898,35.156408],[126.914955,35.156409],[126.914955,35.156383],[126.914968,35.156384],[126.914968,35.156353],[126.914979,35.156353],[126.914981,35.156299],[126.914967,35.156299],[126.914967,35.156279],[126.914733,35.156276],[126.914733,35.156294],[126.914579,35.156292],[126.914578,35.15637],[126.914604,35.15637],[126.914603,35.156389],[126.914616,35.156389],[126.914616,35.156403],[126.914571,35.156532],[126.91465,35.15655]]]]}},{"type":"Feature","id":"road:2911010900105910009001793:33687","properties":{"id":"road:2911010900105910009001793:33687","pnu":"1221010900118270000","purpose":"공동주택","year":2020},"geometry":{"type":"MultiPolygon","coordinates":[[[[126.915249,35.156191],[126.915259,35.156165],[126.915276,35.156169],[126.915296,35.156112],[126.915276,35.156107],[126.915294,35.156054],[126.915324,35.156054],[126.915326,35.155988],[126.915356,35.155989],[126.915356,35.156001],[126.915428,35.156002],[126.915427,35.15606],[126.915498,35.156061],[126.915498,35.156049],[126.915554,35.15605],[126.915555,35.156025],[126.915568,35.156025],[126.915568,35.155994],[126.915579,35.155994],[126.91558,35.155941],[126.915567,35.15594],[126.915567,35.15592],[126.915333,35.155917],[126.915332,35.155935],[126.915179,35.155933],[126.915178,35.156011],[126.915204,35.156012],[126.915203,35.15603],[126.915216,35.15603],[126.915216,35.156044],[126.915171,35.156173],[126.915249,35.156191]]]]}},{"type":"Feature","id":"road:2911010900105910009001794:34889","properties":{"id":"road:2911010900105910009001794:34889","pnu":"1221010900118270000","purpose":"공동주택","year":2020},"geometry":{"type":"MultiPolygon","coordinates":[[[[126.915602,35.158135],[126.915604,35.157989],[126.915593,35.157989],[126.915593,35.157973],[126.915629,35.157974],[126.915629,35.157954],[126.915658,35.157955],[126.91566,35.157871],[126.915626,35.157871],[126.915495,35.157869],[126.915496,35.157848],[126.915306,35.157845],[126.915306,35.157853],[126.915189,35.157852],[126.915188,35.157889],[126.915166,35.157888],[126.915164,35.158006],[126.915207,35.158006],[126.915207,35.158018],[126.915251,35.158019],[126.915251,35.158007],[126.915297,35.158008],[126.915297,35.158025],[126.915358,35.158026],[126.91536,35.157952],[126.915412,35.157952],[126.915412,35.157968],[126.915478,35.157969],[126.915477,35.158001],[126.91551,35.158001],[126.91551,35.158021],[126.915473,35.15802],[126.915472,35.158071],[126.915484,35.158072],[126.915483,35.158116],[126.915504,35.158116],[126.915504,35.158134],[126.915602,35.158135]]]]}},{"type":"Feature","id":"road:2911010900105910009001797:34895","properties":{"id":"road:2911010900105910009001797:34895","pnu":"1221010900118270000","purpose":"공동주택","year":2020},"geometry":{"type":"MultiPolygon","coordinates":[[[[126.916529,35.157368],[126.916532,35.157239],[126.916523,35.157239],[126.916523,35.157212],[126.916553,35.157213],[126.916554,35.157197],[126.916593,35.157197],[126.916594,35.15713],[126.916594,35.157104],[126.916421,35.157102],[126.916421,35.157078],[126.916173,35.157075],[126.916172,35.157104],[126.916138,35.157103],[126.916136,35.157174],[126.916148,35.157174],[126.916147,35.157228],[126.916208,35.157229],[126.916208,35.157245],[126.916288,35.157246],[126.916289,35.157191],[126.916343,35.157192],[126.916343,35.157185],[126.916392,35.157186],[126.916392,35.157175],[126.916417,35.157176],[126.916416,35.157233],[126.916441,35.157233],[126.91644,35.157254],[126.916409,35.157253],[126.916408,35.157301],[126.916418,35.157301],[126.916417,35.157367],[126.916529,35.157368]]]]}},{"type":"Feature","id":"road:2911010900105910009001798:34896","properties":{"id":"road:2911010900105910009001798:34896","pnu":"1221010900118270000","purpose":"공동주택","year":2020},"geometry":{"type":"MultiPolygon","coordinates":[[[[126.917068,35.157008],[126.917071,35.156878],[126.917061,35.156878],[126.917062,35.156851],[126.917092,35.156852],[126.917092,35.156836],[126.917131,35.156836],[126.917133,35.156769],[126.917133,35.156743],[126.91696,35.156741],[126.91696,35.156717],[126.916712,35.156714],[126.916711,35.156743],[126.916676,35.156742],[126.916675,35.156813],[126.916687,35.156813],[126.916686,35.156867],[126.916747,35.156868],[126.916747,35.156884],[126.916827,35.156885],[126.916828,35.15683],[126.916882,35.156831],[126.916882,35.156824],[126.916931,35.156825],[126.916931,35.156814],[126.916955,35.156815],[126.916954,35.156872],[126.916979,35.156872],[126.916979,35.156893],[126.916948,35.156892],[126.916947,35.15694],[126.916957,35.15694],[126.916956,35.157006],[126.917068,35.157008]]]]}},{"type":"Feature","id":"road:2911010900105910009001799:34897","properties":{"id":"road:2911010900105910009001799:34897","pnu":"1221010900118270000","purpose":"공동주택","year":2020},"geometry":{"type":"MultiPolygon","coordinates":[[[[126.917554,35.156489],[126.917554,35.156465],[126.917582,35.156466],[126.917583,35.156395],[126.917269,35.156391],[126.917269,35.156367],[126.917167,35.156365],[126.917167,35.156372],[126.917138,35.156372],[126.917137,35.156428],[126.917158,35.156428],[126.917157,35.15648],[126.917198,35.156481],[126.917197,35.156508],[126.917233,35.156509],[126.917233,35.156527],[126.917305,35.156528],[126.917306,35.15648],[126.917416,35.156481],[126.917415,35.156526],[126.917444,35.156527],[126.917443,35.156568],[126.917454,35.156569],[126.917454,35.156602],[126.917471,35.156602],[126.91747,35.156629],[126.917565,35.15663],[126.917568,35.156489],[126.917554,35.156489]]]]}},{"type":"Feature","id":"road:2911010900105910009001800:34898","properties":{"id":"road:2911010900105910009001800:34898","pnu":"1221010900118270000","purpose":"공동주택","year":2020},"geometry":{"type":"MultiPolygon","coordinates":[[[[126.915175,35.157277],[126.915175,35.157275],[126.915206,35.157275],[126.915208,35.157198],[126.915208,35.157192],[126.915043,35.15719],[126.915044,35.157165],[126.914785,35.157162],[126.914784,35.15719],[126.914755,35.157189],[126.914754,35.15726],[126.914768,35.15726],[126.914767,35.157311],[126.914839,35.157312],[126.914838,35.157326],[126.914908,35.157327],[126.914909,35.157272],[126.914965,35.157273],[126.914965,35.157268],[126.915016,35.157268],[126.915016,35.157257],[126.915036,35.157257],[126.915035,35.157328],[126.915072,35.157328],[126.91507,35.157414],[126.915088,35.157415],[126.915087,35.157435],[126.91518,35.157436],[126.915183,35.157297],[126.915175,35.157297],[126.915175,35.157277]]]]}},{"type":"Feature","id":"road:2911010900105910009001801:34899","properties":{"id":"road:2911010900105910009001801:34899","pnu":"1221010900118270000","purpose":"공동주택","year":2020},"geometry":{"type":"MultiPolygon","coordinates":[[[[126.914037,35.157863],[126.914042,35.157849],[126.914061,35.157853],[126.914072,35.157819],[126.914085,35.157822],[126.914098,35.157781],[126.914118,35.157785],[126.914136,35.157727],[126.914246,35.15773],[126.914243,35.157783],[126.914307,35.157785],[126.914308,35.157756],[126.914352,35.157757],[126.914353,35.157738],[126.914384,35.157739],[126.914386,35.157698],[126.914399,35.157698],[126.914402,35.15763],[126.914392,35.15763],[126.914392,35.157622],[126.914282,35.157618],[126.914281,35.157632],[126.913966,35.157622],[126.913962,35.157699],[126.913987,35.1577],[126.913986,35.157722],[126.913947,35.157843],[126.914037,35.157863]]]]}},{"type":"Feature","id":"road:2911013000100140000003460:29130","properties":{"id":"road:2911013000100140000003460:29130","pnu":"1221013000100140000","purpose":"공동주택","year":2014},"geometry":{"type":"MultiPolygon","coordinates":[[[[126.914667,35.14994],[126.914649,35.149928],[126.914708,35.14987],[126.914588,35.149788],[126.914311,35.150061],[126.914387,35.150112],[126.914384,35.150115],[126.914447,35.150158],[126.914667,35.14994]]]]}}]}
