{"type":"FeatureCollection","features":[{"type":"Feature","id":"0000191871001831382600000000","properties":{"id":"0000191871001831382600000000","pnu":"1221011500100820000","purpose":"기타"},"geometry":{"type":"MultiPolygon","coordinates":[[[[126.911542,35.147363],[126.911581,35.147388],[126.911616,35.147383],[126.911661,35.14733],[126.911602,35.147295],[126.911542,35.147363]]]]}},{"type":"Feature","id":"0000191947231831231200000000","properties":{"id":"0000191947231831231200000000","pnu":"1221011500100430013","purpose":"기타"},"geometry":{"type":"MultiPolygon","coordinates":[[[[126.91246,35.147251],[126.912491,35.14721],[126.912415,35.147169],[126.912386,35.147208],[126.91246,35.147251]]]]}},{"type":"Feature","id":"0000191960161830573800000000","properties":{"id":"0000191960161830573800000000","pnu":"1221011500100510002","purpose":"기타"},"geometry":{"type":"MultiPolygon","coordinates":[[[[126.912569,35.146682],[126.912645,35.146582],[126.912595,35.146553],[126.912515,35.146649],[126.912569,35.146682]]]]}},{"type":"Feature","id":"0000191967861830611900000000","properties":{"id":"0000191967861830611900000000","pnu":"1221011500100510002","purpose":"기타"},"geometry":{"type":"MultiPolygon","coordinates":[[[[126.912735,35.146618],[126.912676,35.146583],[126.912594,35.146684],[126.912658,35.14672],[126.912735,35.146618]]]]}},{"type":"Feature","id":"0000191968371831031200000000","properties":{"id":"0000191968371831031200000000","pnu":"1221011500100520037","purpose":"기타"},"geometry":{"type":"MultiPolygon","coordinates":[[[[126.912625,35.147052],[126.912657,35.147072],[126.912715,35.147006],[126.912685,35.146987],[126.912625,35.147052]]]]}},{"type":"Feature","id":"0000191973941830482200000000","properties":{"id":"0000191973941830482200000000","pnu":"1221011500100510001","purpose":"기타"},"geometry":{"type":"MultiPolygon","coordinates":[[[[126.912744,35.146575],[126.912782,35.146532],[126.91272,35.146495],[126.912683,35.146538],[126.912744,35.146575]]]]}},{"type":"Feature","id":"0000191975721830850600000000","properties":{"id":"0000191975721830850600000000","pnu":"1221011500100520017","purpose":"기타"},"geometry":{"type":"MultiPolygon","coordinates":[[[[126.91274,35.146914],[126.912802,35.146844],[126.912761,35.14682],[126.912701,35.146891],[126.91274,35.146914]]]]}},{"type":"Feature","id":"0000191977651830898800000000","properties":{"id":"0000191977651830898800000000","pnu":"1221011500100520017","purpose":"기타"},"geometry":{"type":"MultiPolygon","coordinates":[[[[126.912739,35.146915],[126.912776,35.146938],[126.912805,35.146905],[126.912769,35.146883],[126.912739,35.146915]]]]}},{"type":"Feature","id":"0000191981221830850900000000","properties":{"id":"0000191981221830850900000000","pnu":"1221011500100520017","purpose":"기타"},"geometry":{"type":"MultiPolygon","coordinates":[[[[126.912809,35.146901],[126.912849,35.146855],[126.912816,35.146834],[126.912774,35.146879],[126.912809,35.146901]]]]}},{"type":"Feature","id":"0000191991081830521800000000","properties":{"id":"0000191991081830521800000000","pnu":"1221011500100550000","purpose":"기타"},"geometry":{"type":"MultiPolygon","coordinates":[[[[126.91292,35.146575],[126.912921,35.146575],[126.912922,35.146575],[126.912923,35.146575],[126.912924,35.146574],[126.912924,35.146574],[126.912925,35.146573],[126.912925,35.146572],[126.912926,35.146572],[126.912926,35.146571],[126.912926,35.14657],[126.912925,35.146569],[126.912925,35.146568],[126.912924,35.146568],[126.912924,35.146567],[126.912923,35.146567],[126.912922,35.146567],[126.912921,35.146566],[126.91292,35.146566],[126.912919,35.146566],[126.912918,35.146567],[126.912917,35.146567],[126.912917,35.146567],[126.912916,35.146568],[126.912915,35.146568],[126.912915,35.146569],[126.912915,35.14657],[126.912915,35.146571],[126.912915,35.146572],[126.912915,35.146572],[126.912915,35.146573],[126.912916,35.146574],[126.912917,35.146574],[126.912917,35.146575],[126.912918,35.146575],[126.912919,35.146575],[126.91292,35.146575]]]]}},{"type":"Feature","id":"0000192000431830600100000000","properties":{"id":"0000192000431830600100000000","pnu":"1221011500100550000","purpose":"기타"},"geometry":{"type":"MultiPolygon","coordinates":[[[[126.913014,35.146665],[126.913047,35.146627],[126.913033,35.146618],[126.912998,35.146654],[126.913014,35.146665]]]]}},{"type":"Feature","id":"0000192025871831073300000000","properties":{"id":"0000192025871831073300000000","pnu":"1221011500100670000","purpose":"기타","floors":2,"structure":"철근콘크리트구조"},"geometry":{"type":"MultiPolygon","coordinates":[[[[126.913315,35.147112],[126.913357,35.147069],[126.91329,35.147025],[126.913244,35.147066],[126.913315,35.147112]]]]}},{"type":"Feature","id":"0000192027561829784500000000","properties":{"id":"0000192027561829784500000000","pnu":"1221011600100450002","purpose":"제1종 근린생활시설","far":75.97,"floors":2,"structure":"경량철골구조"},"geometry":{"type":"MultiPolygon","coordinates":[[[[126.913211,35.145934],[126.913239,35.145952],[126.913234,35.145955],[126.913302,35.146006],[126.913313,35.145997],[126.913279,35.145969],[126.913287,35.145963],[126.913316,35.145987],[126.913403,35.145916],[126.913411,35.145921],[126.91349,35.145909],[126.913489,35.145892],[126.913402,35.145823],[126.913301,35.145907],[126.913203,35.145841],[126.913155,35.145888],[126.913216,35.14593],[126.913211,35.145934]]]]}},{"type":"Feature","id":"0000192034551830880300000000","properties":{"id":"0000192034551830880300000000","pnu":"1221011500100670000","purpose":"기타","floors":2,"structure":"철근콘크리트구조"},"geometry":{"type":"MultiPolygon","coordinates":[[[[126.913555,35.146819],[126.91345,35.146753],[126.913351,35.146867],[126.913311,35.14685],[126.913232,35.146948],[126.913384,35.147028],[126.913555,35.146819]]]]}},{"type":"Feature","id":"0000192035451831135500000000","properties":{"id":"0000192035451831135500000000","pnu":"1221011500100670000","purpose":"기타","floors":2,"structure":"철근콘크리트구조"},"geometry":{"type":"MultiPolygon","coordinates":[[[[126.913464,35.147093],[126.913396,35.147066],[126.91335,35.147156],[126.913416,35.147182],[126.913464,35.147093]]]]}},{"type":"Feature","id":"0000192047471830499000000000","properties":{"id":"0000192047471830499000000000","pnu":"1221011500100670000","purpose":"기타"},"geometry":{"type":"MultiPolygon","coordinates":[[[[126.91356,35.146599],[126.913595,35.146557],[126.913516,35.146504],[126.913482,35.146541],[126.91356,35.146599]]]]}},{"type":"Feature","id":"0000192051651829294900000000","properties":{"id":"0000192051651829294900000000","pnu":"1221011600101980015","purpose":"기타"},"geometry":{"type":"MultiPolygon","coordinates":[[[[126.91361,35.145358],[126.913497,35.145496],[126.9136,35.145564],[126.913647,35.145504],[126.913605,35.145474],[126.913662,35.145387],[126.91361,35.145358]]]]}},{"type":"Feature","id":"0000192053391830303300000000","properties":{"id":"0000192053391830303300000000","pnu":"1221011600100430000","purpose":"기타"},"geometry":{"type":"MultiPolygon","coordinates":[[[[126.913663,35.146447],[126.913705,35.146409],[126.913541,35.146302],[126.913504,35.146338],[126.913663,35.146447]]]]}},{"type":"Feature","id":"0000192064331829757500000000","properties":{"id":"0000192064331829757500000000","pnu":"1221011600100410000","purpose":"단독주택"},"geometry":{"type":"MultiPolygon","coordinates":[[[[126.913792,35.145844],[126.913723,35.14582],[126.913664,35.145928],[126.913713,35.145949],[126.913792,35.145844]]]]}},{"type":"Feature","id":"0000192064701830745000000000","properties":{"id":"0000192064701830745000000000","pnu":"1221011500100670000","purpose":"기타","floors":2,"structure":"철근콘크리트구조"},"geometry":{"type":"MultiPolygon","coordinates":[[[[126.913667,35.146894],[126.91375,35.14692],[126.91382,35.146729],[126.913679,35.146636],[126.913625,35.146704],[126.913714,35.146773],[126.913667,35.146894]]]]}},{"type":"Feature","id":"0000192090381832074800000000","properties":{"id":"0000192090381832074800000000","pnu":"1221011700100060006","purpose":"제1종 근린생활시설","floors":1,"structure":"일반목구조"},"geometry":{"type":"MultiPolygon","coordinates":[[[[126.914018,35.148044],[126.914097,35.147984],[126.913999,35.147899],[126.91392,35.147959],[126.914018,35.148044]]]]}},{"type":"Feature","id":"0000192096221831690300000000","properties":{"id":"0000192096221831690300000000","pnu":"1221011700101130002","purpose":"기타"},"geometry":{"type":"MultiPolygon","coordinates":[[[[126.914151,35.147699],[126.914176,35.147687],[126.914199,35.147637],[126.913987,35.147546],[126.913946,35.147614],[126.914151,35.147699]]]]}},{"type":"Feature","id":"0000192097661830321300000000","properties":{"id":"0000192097661830321300000000","pnu":"1221011600100230001","purpose":"기타"},"geometry":{"type":"MultiPolygon","coordinates":[[[[126.914177,35.146506],[126.914258,35.146402],[126.913993,35.146278],[126.913923,35.146375],[126.914177,35.146506]]]]}},{"type":"Feature","id":"0000192111931831128300000000","properties":{"id":"0000192111931831128300000000","pnu":"1221011500100730002","purpose":"제2종 근린생활시설","far":52.74,"floors":2,"structure":"목구조"},"geometry":{"type":"MultiPolygon","coordinates":[[[[126.914231,35.147192],[126.914326,35.147088],[126.914266,35.147046],[126.914164,35.147144],[126.914231,35.147192]]]]}},{"type":"Feature","id":"0000192113801831619900000000","properties":{"id":"0000192113801831619900000000","pnu":"1221011700101110001","purpose":"제2종 근린생활시설","far":146.73,"floors":2,"structure":"일반목구조"},"geometry":{"type":"MultiPolygon","coordinates":[[[[126.914247,35.147642],[126.914359,35.147561],[126.914252,35.147474],[126.914227,35.1475],[126.914196,35.147606],[126.914247,35.147642]]]]}},{"type":"Feature","id":"0000192123901829720000000000","properties":{"id":"0000192123901829720000000000","pnu":"1221011600100150029","purpose":"기타"},"geometry":{"type":"MultiPolygon","coordinates":[[[[126.914311,35.145842],[126.914421,35.145891],[126.914443,35.145852],[126.914335,35.145809],[126.914311,35.145842]]]]}},{"type":"Feature","id":"0000192131011831294500000000","properties":{"id":"0000192131011831294500000000","pnu":"1221011500100780005","purpose":"제2종 근린생활시설"},"geometry":{"type":"MultiPolygon","coordinates":[[[[126.914441,35.147363],[126.914566,35.147248],[126.914465,35.147174],[126.914346,35.147289],[126.914441,35.147363]]]]}},{"type":"Feature","id":"0000192131341829616400000000","properties":{"id":"0000192131341829616400000000","pnu":"1221011600100150019","purpose":"제1종 근린생활시설","far":114.43,"floors":2,"structure":"목구조"},"geometry":{"type":"MultiPolygon","coordinates":[[[[126.914339,35.145805],[126.914407,35.145838],[126.914436,35.145806],[126.914484,35.145832],[126.914578,35.145718],[126.914461,35.145666],[126.914339,35.145805]]]]}},{"type":"Feature","id":"0000192142961830359700000000","properties":{"id":"0000192142961830359700000000","pnu":"1221011600100200001","purpose":"제2종 근린생활시설"},"geometry":{"type":"MultiPolygon","coordinates":[[[[126.914646,35.146479],[126.914668,35.146404],[126.91453,35.146373],[126.914504,35.146447],[126.914646,35.146479]]]]}},{"type":"Feature","id":"0000192151011828389600000000","properties":{"id":"0000192151011828389600000000","pnu":"1221011600101740000","purpose":"기타","far":132.64,"floors":4,"structure":"일반목구조"},"geometry":{"type":"MultiPolygon","coordinates":[[[[126.915022,35.144608],[126.914643,35.144446],[126.914581,35.144539],[126.914564,35.144537],[126.914391,35.14481],[126.914553,35.144885],[126.914711,35.144635],[126.914893,35.144705],[126.914898,35.144701],[126.914952,35.144718],[126.915022,35.144608]]]]}},{"type":"Feature","id":"0000192161991829430100000000","properties":{"id":"0000192161991829430100000000","pnu":"1221011600101000001","purpose":"제2종 근린생활시설","far":89.65,"floors":2,"structure":"경량철골구조"},"geometry":{"type":"MultiPolygon","coordinates":[[[[126.914627,35.145673],[126.914657,35.145684],[126.914717,35.145618],[126.914883,35.145683],[126.914906,35.145646],[126.914901,35.145632],[126.914919,35.145601],[126.91491,35.145594],[126.914926,35.145562],[126.914743,35.145486],[126.914737,35.145502],[126.914713,35.145495],[126.914687,35.145537],[126.914727,35.145553],[126.914693,35.145608],[126.914627,35.145673]]]]}},{"type":"Feature","id":"0000192165681829857100000000","properties":{"id":"0000192165681829857100000000","pnu":"1221011600100130000","purpose":"기타"},"geometry":{"type":"MultiPolygon","coordinates":[[[[126.914773,35.145981],[126.914867,35.146015],[126.9149,35.145966],[126.91481,35.14593],[126.914773,35.145981]]]]}},{"type":"Feature","id":"0000192169511829995100000000","properties":{"id":"0000192169511829995100000000","pnu":"1221011600100120001","purpose":"기타"},"geometry":{"type":"MultiPolygon","coordinates":[[[[126.914894,35.146147],[126.914926,35.146073],[126.914866,35.146044],[126.914831,35.146126],[126.914894,35.146147]]]]}},{"type":"Feature","id":"0000192181391829593000000000","properties":{"id":"0000192181391829593000000000","pnu":"1221011600101050001","purpose":"제2종 근린생활시설"},"geometry":{"type":"MultiPolygon","coordinates":[[[[126.915022,35.145851],[126.915078,35.145771],[126.915047,35.145756],[126.915142,35.145621],[126.91508,35.145592],[126.914964,35.145756],[126.914886,35.145719],[126.914851,35.145769],[126.915022,35.145851]]]]}},{"type":"Feature","id":"0000192184031830789600000000","properties":{"id":"0000192184031830789600000000","pnu":"1221011600100010018","purpose":"제2종 근린생활시설","far":95.5294,"floors":2,"structure":"벽돌구조"},"geometry":{"type":"MultiPolygon","coordinates":[[[[126.915006,35.146858],[126.915093,35.146786],[126.915053,35.146782],[126.91504,35.146793],[126.915037,35.14679],[126.915003,35.146818],[126.915001,35.146853],[126.915006,35.146858]]]]}},{"type":"Feature","id":"0000192189301828893500000000","properties":{"id":"0000192189301828893500000000","pnu":"1221011600101690001","purpose":"제2종 근린생활시설","far":206.83,"floors":3,"structure":"철근콘크리트구조"},"geometry":{"type":"MultiPolygon","coordinates":[[[[126.915147,35.145164],[126.915182,35.145104],[126.915048,35.145048],[126.915007,35.145099],[126.915147,35.145164]]]]}},{"type":"Feature","id":"0000192189431830976100000000","properties":{"id":"0000192189431830976100000000","pnu":"1221011700101010000","purpose":"기타"},"geometry":{"type":"MultiPolygon","coordinates":[[[[126.915046,35.147077],[126.915211,35.146958],[126.915145,35.146887],[126.914983,35.147005],[126.915046,35.147077]]]]}},{"type":"Feature","id":"0000192189471830832100000000","properties":{"id":"0000192189471830832100000000","pnu":"1221011600100010017","purpose":"기타"},"geometry":{"type":"MultiPolygon","coordinates":[[[[126.9151,35.146905],[126.915166,35.146844],[126.915122,35.146814],[126.915079,35.146807],[126.915028,35.146858],[126.9151,35.146905]]]]}},{"type":"Feature","id":"0000192190271828437400000000","properties":{"id":"0000192190271828437400000000","pnu":"1221011600101830005","purpose":"기타"},"geometry":{"type":"MultiPolygon","coordinates":[[[[126.91517,35.144743],[126.915195,35.144703],[126.915047,35.144645],[126.915019,35.144682],[126.91517,35.144743]]]]}},{"type":"Feature","id":"0000192193841829614800000000","properties":{"id":"0000192193841829614800000000","pnu":"1221011600101050002","purpose":"기타"},"geometry":{"type":"MultiPolygon","coordinates":[[[[126.915193,35.145806],[126.915217,35.145756],[126.915104,35.145704],[126.915072,35.145752],[126.915193,35.145806]]]]}},{"type":"Feature","id":"0000192193981828809800000000","properties":{"id":"0000192193981828809800000000","pnu":"1221011600101690001","purpose":"제2종 근린생활시설","far":206.83,"floors":3,"structure":"철근콘크리트구조"},"geometry":{"type":"MultiPolygon","coordinates":[[[[126.915188,35.145099],[126.915244,35.145012],[126.915201,35.144993],[126.915197,35.144999],[126.9151,35.144963],[126.915054,35.145041],[126.915188,35.145099]]]]}},{"type":"Feature","id":"0000192194441829688100000000","properties":{"id":"0000192194441829688100000000","pnu":"1221011600101050000","purpose":"기타"},"geometry":{"type":"MultiPolygon","coordinates":[[[[126.915174,35.145854],[126.915194,35.145816],[126.915132,35.14579],[126.915109,35.145821],[126.915174,35.145854]]]]}},{"type":"Feature","id":"0000192196061830049800000000","properties":{"id":"0000192196061830049800000000","pnu":"1221011600100090002","purpose":"기타"},"geometry":{"type":"MultiPolygon","coordinates":[[[[126.915118,35.14617],[126.915167,35.146196],[126.915222,35.146124],[126.915173,35.146098],[126.915118,35.14617]]]]}},{"type":"Feature","id":"0000192203121831560600000000","properties":{"id":"0000192203121831560600000000","pnu":"1221011700100220001","purpose":"제1종 근린생활시설","floors":1,"structure":"일반목구조"},"geometry":{"type":"MultiPolygon","coordinates":[[[[126.915192,35.14746],[126.915165,35.147514],[126.915301,35.147559],[126.915325,35.147501],[126.915192,35.14746]]]]}},{"type":"Feature","id":"0000192210311831229000000000","properties":{"id":"0000192210311831229000000000","pnu":"1221011700100210010","purpose":"기타"},"geometry":{"type":"MultiPolygon","coordinates":[[[[126.915357,35.147182],[126.915309,35.147173],[126.915293,35.14724],[126.915344,35.147244],[126.915357,35.147182]]]]}},{"type":"Feature","id":"0000192217191828895100000000","properties":{"id":"0000192217191828895100000000","pnu":"1221011600101650006","purpose":"단독주택","floors":1,"structure":"일반목구조"},"geometry":{"type":"MultiPolygon","coordinates":[[[[126.915438,35.14517],[126.915494,35.145095],[126.91537,35.145044],[126.91531,35.145114],[126.915438,35.14517]]]]}},{"type":"Feature","id":"0000192222141830964000000000","properties":{"id":"0000192222141830964000000000","pnu":"1221011700100580001","purpose":"제1종 근린생활시설","far":79.53,"floors":1,"structure":"일반목구조"},"geometry":{"type":"MultiPolygon","coordinates":[[[[126.915381,35.14695],[126.915479,35.147032],[126.915527,35.146999],[126.915442,35.14691],[126.915381,35.14695]]]]}},{"type":"Feature","id":"0000192233011828825100000000","properties":{"id":"0000192233011828825100000000","pnu":"1221011600101640001","purpose":"기타","far":10.949766,"floors":1,"structure":"일반목구조"},"geometry":{"type":"MultiPolygon","coordinates":[[[[126.915534,35.145062],[126.915586,35.145078],[126.915621,35.145026],[126.915566,35.145009],[126.915534,35.145062]]]]}},{"type":"Feature","id":"0000192244301831195300000000","properties":{"id":"0000192244301831195300000000","pnu":"1221011700100360000","purpose":"기타"},"geometry":{"type":"MultiPolygon","coordinates":[[[[126.915595,35.147192],[126.915726,35.147257],[126.915803,35.147159],[126.915663,35.147108],[126.915595,35.147192]]]]}},{"type":"Feature","id":"0000192246461832056100000000","properties":{"id":"0000192246461832056100000000","pnu":"1221012800100290001","purpose":"제2종 근린생활시설","floors":2,"structure":"일반목구조"},"geometry":{"type":"MultiPolygon","coordinates":[[[[126.915706,35.148029],[126.915792,35.147954],[126.915763,35.14788],[126.915636,35.14796],[126.915706,35.148029]]]]}},{"type":"Feature","id":"0000192250261827901600000000","properties":{"id":"0000192250261827901600000000","pnu":"1221011400100470006","purpose":"단독주택"},"geometry":{"type":"MultiPolygon","coordinates":[[[[126.915744,35.144273],[126.915839,35.144177],[126.915793,35.144152],[126.915697,35.144235],[126.915744,35.144273]]]]}},{"type":"Feature","id":"0000192251891830097600000000","properties":{"id":"0000192251891830097600000000","pnu":"1221011600101090005","purpose":"기타"},"geometry":{"type":"MultiPolygon","coordinates":[[[[126.915703,35.146197],[126.915817,35.146249],[126.915863,35.146179],[126.915743,35.146135],[126.915703,35.146197]]]]}},{"type":"Feature","id":"0000192252731827222900000000","properties":{"id":"0000192252731827222900000000","pnu":"1221011400100570000","purpose":"기타"},"geometry":{"type":"MultiPolygon","coordinates":[[[[126.915837,35.14364],[126.915792,35.143548],[126.915757,35.143557],[126.915788,35.143645],[126.915837,35.14364]]]]}},{"type":"Feature","id":"0000192252731827638900000000","properties":{"id":"0000192252731827638900000000","pnu":"1221011400100470000","purpose":"기타"},"geometry":{"type":"MultiPolygon","coordinates":[[[[126.915866,35.143996],[126.915852,35.14395],[126.915735,35.143951],[126.915725,35.143997],[126.915866,35.143996]]]]}},{"type":"Feature","id":"0000192256871829554800000000","properties":{"id":"0000192256871829554800000000","pnu":"1221011600101120002","purpose":"제2종 근린생활시설","far":22.38,"floors":1,"structure":"일반목구조"},"geometry":{"type":"MultiPolygon","coordinates":[[[[126.91586,35.145742],[126.915888,35.145693],[126.915813,35.145662],[126.915788,35.145708],[126.91586,35.145742]]]]}},{"type":"Feature","id":"0000192257931827756600000000","properties":{"id":"0000192257931827756600000000","pnu":"1221011400100470000","purpose":"기타"},"geometry":{"type":"MultiPolygon","coordinates":[[[[126.915837,35.144166],[126.915909,35.144087],[126.915865,35.143996],[126.915813,35.144002],[126.915841,35.144086],[126.915784,35.144132],[126.915837,35.144166]]]]}},{"type":"Feature","id":"0000192261991828251000000000","properties":{"id":"0000192261991828251000000000","pnu":"1221011600101530001","purpose":"제1종 근린생활시설"},"geometry":{"type":"MultiPolygon","coordinates":[[[[126.91591,35.144578],[126.915956,35.144518],[126.915873,35.144472],[126.915854,35.144502],[126.915863,35.144513],[126.915837,35.14454],[126.91591,35.144578]]]]}},{"type":"Feature","id":"0000192263921828825300000000","properties":{"id":"0000192263921828825300000000","pnu":"1221011600101440000","purpose":"기타"},"geometry":{"type":"MultiPolygon","coordinates":[[[[126.915947,35.145074],[126.915968,35.14504],[126.915885,35.145015],[126.915861,35.145045],[126.915947,35.145074]]]]}},{"type":"Feature","id":"0000192280231831562900000000","properties":{"id":"0000192280231831562900000000","pnu":"1221011700100560001","purpose":"기타","far":103.33787,"floors":6,"structure":"철근콘크리트구조"},"geometry":{"type":"MultiPolygon","coordinates":[[[[126.916073,35.147706],[126.916294,35.147535],[126.91604,35.147324],[126.915945,35.14736],[126.916014,35.147656],[126.916073,35.147706]]]]}},{"type":"Feature","id":"0000192285641831283200000000","properties":{"id":"0000192285641831283200000000","pnu":"1221011700100560001","purpose":"기타"},"geometry":{"type":"MultiPolygon","coordinates":[[[[126.916072,35.147277],[126.916126,35.14732],[126.916233,35.147238],[126.916178,35.1472],[126.916072,35.147277]]]]}},{"type":"Feature","id":"0000192295101828198600000000","properties":{"id":"0000192295101828198600000000","pnu":"1221011400100330002","purpose":"제1종 근린생활시설"},"geometry":{"type":"MultiPolygon","coordinates":[[[[126.916246,35.144534],[126.916316,35.144455],[126.916271,35.144428],[126.916203,35.144495],[126.916246,35.144534]]]]}},{"type":"Feature","id":"0000192302801830492600000000","properties":{"id":"0000192302801830492600000000","pnu":"1221011700100630000","purpose":"제1종 근린생활시설","floors":2,"structure":"일반목구조"},"geometry":{"type":"MultiPolygon","coordinates":[[[[126.916388,35.146657],[126.916465,35.146594],[126.916286,35.146437],[126.916217,35.146492],[126.916388,35.146657]]]]}},{"type":"Feature","id":"0000192303061828326000000000","properties":{"id":"0000192303061828326000000000","pnu":"1221011400100320002","purpose":"제1종 근린생활시설","far":123.11,"floors":2,"structure":"벽돌구조"},"geometry":{"type":"MultiPolygon","coordinates":[[[[126.916337,35.144656],[126.916424,35.144578],[126.916349,35.144534],[126.916271,35.144609],[126.916337,35.144656]]]]}},{"type":"Feature","id":"0000192306381830347800000000","properties":{"id":"0000192306381830347800000000","pnu":"1221011700100630000","purpose":"기타"},"geometry":{"type":"MultiPolygon","coordinates":[[[[126.916302,35.146422],[126.916367,35.146481],[126.916458,35.146409],[126.916396,35.146352],[126.916302,35.146422]]]]}},{"type":"Feature","id":"0000192306781826875700000000","properties":{"id":"0000192306781826875700000000","pnu":"1221011400100530008","purpose":"기타"},"geometry":{"type":"MultiPolygon","coordinates":[[[[126.916314,35.143275],[126.916366,35.143344],[126.91646,35.143295],[126.916416,35.143232],[126.916314,35.143275]]]]}},{"type":"Feature","id":"0000192307031831451000000000","properties":{"id":"0000192307031831451000000000","pnu":"1221011700100560001","purpose":"기타","far":103.33787,"floors":6,"structure":"철근콘크리트구조"},"geometry":{"type":"MultiPolygon","coordinates":[[[[126.916195,35.147402],[126.916245,35.147457],[126.916235,35.147462],[126.916299,35.147524],[126.916306,35.14752],[126.916372,35.147571],[126.916439,35.147523],[126.916453,35.147534],[126.916529,35.147482],[126.916523,35.147475],[126.916582,35.147423],[126.916527,35.147366],[126.916534,35.147357],[126.916471,35.147297],[126.916458,35.147305],[126.916395,35.147248],[126.916327,35.147294],[126.916316,35.147287],[126.916243,35.147339],[126.916253,35.147351],[126.916195,35.147402]]]]}},{"type":"Feature","id":"0000192311181827084200000000","properties":{"id":"0000192311181827084200000000","pnu":"1221011400100570026","purpose":"기타"},"geometry":{"type":"MultiPolygon","coordinates":[[[[126.916415,35.143516],[126.916493,35.143484],[126.916455,35.143432],[126.91638,35.143466],[126.916415,35.143516]]]]}},{"type":"Feature","id":"0000192315211830439900000000","properties":{"id":"0000192315211830439900000000","pnu":"1221011700100630000","purpose":"기타"},"geometry":{"type":"MultiPolygon","coordinates":[[[[126.916471,35.146408],[126.916369,35.146485],[126.916481,35.146593],[126.916587,35.146508],[126.916471,35.146408]]]]}},{"type":"Feature","id":"0000192324151830066100000000","properties":{"id":"0000192324151830066100000000","pnu":"1221011700100860004","purpose":"제1종 근린생활시설","floors":1,"structure":"일반목구조"},"geometry":{"type":"MultiPolygon","coordinates":[[[[126.91655,35.146199],[126.916623,35.146171],[126.916605,35.146125],[126.916525,35.146156],[126.91655,35.146199]]]]}},{"type":"Feature","id":"0000192329721826802300000000","properties":{"id":"0000192329721826802300000000","pnu":"1221011400100570055","purpose":"기타"},"geometry":{"type":"MultiPolygon","coordinates":[[[[126.916628,35.14325],[126.916677,35.143215],[126.916649,35.143193],[126.916604,35.143223],[126.916628,35.14325]]]]}},{"type":"Feature","id":"0000192340741826836700000000","properties":{"id":"0000192340741826836700000000","pnu":"1221011400100570033","purpose":"기타"},"geometry":{"type":"MultiPolygon","coordinates":[[[[126.916784,35.143317],[126.916831,35.143282],[126.916736,35.143187],[126.916691,35.143221],[126.916784,35.143317]]]]}},{"type":"Feature","id":"0000192342611830718000000000","properties":{"id":"0000192342611830718000000000","pnu":"1221011700100680002","purpose":"기타"},"geometry":{"type":"MultiPolygon","coordinates":[[[[126.916787,35.146783],[126.916818,35.146757],[126.916771,35.14672],[126.916735,35.146739],[126.916787,35.146783]]]]}},{"type":"Feature","id":"0000192343631830622300000000","properties":{"id":"0000192343631830622300000000","pnu":"1221011700100680002","purpose":"기타"},"geometry":{"type":"MultiPolygon","coordinates":[[[[126.916695,35.146617],[126.916781,35.146723],[126.916845,35.146709],[126.916857,35.146631],[126.916695,35.146617]]]]}},{"type":"Feature","id":"0000192344351826494000000000","properties":{"id":"0000192344351826494000000000","pnu":"1221011400100530025","purpose":"기타"},"geometry":{"type":"MultiPolygon","coordinates":[[[[126.916774,35.142984],[126.916864,35.142934],[126.916838,35.142906],[126.916738,35.142944],[126.916774,35.142984]]]]}},{"type":"Feature","id":"0000192354651827008900000000","properties":{"id":"0000192354651827008900000000","pnu":"1221011400100670000","purpose":"기타"},"geometry":{"type":"MultiPolygon","coordinates":[[[[126.916875,35.143412],[126.916904,35.143435],[126.916949,35.1434],[126.916928,35.14338],[126.916875,35.143412]]]]}},{"type":"Feature","id":"0000192356141827413400000000","properties":{"id":"0000192356141827413400000000","pnu":"1221011400100700000","purpose":"기타"},"geometry":{"type":"MultiPolygon","coordinates":[[[[126.916922,35.143818],[126.916975,35.143743],[126.916937,35.143725],[126.916883,35.1438],[126.916922,35.143818]]]]}},{"type":"Feature","id":"0000192356151828224100000000","properties":{"id":"0000192356151828224100000000","pnu":"1221011400100350004","purpose":"기타"},"geometry":{"type":"MultiPolygon","coordinates":[[[[126.916888,35.144456],[126.916858,35.144517],[126.916969,35.144547],[126.917,35.144491],[126.916888,35.144456]]]]}},{"type":"Feature","id":"0000192356821827243000000000","properties":{"id":"0000192356821827243000000000","pnu":"1221011400100700000","purpose":"기타"},"geometry":{"type":"MultiPolygon","coordinates":[[[[126.917002,35.143629],[126.916914,35.143567],[126.916874,35.143607],[126.916956,35.143669],[126.917002,35.143629]]]]}},{"type":"Feature","id":"0000192358961830811000000000","properties":{"id":"0000192358961830811000000000","pnu":"1221011700100680001","purpose":"기타"},"geometry":{"type":"MultiPolygon","coordinates":[[[[126.916868,35.146849],[126.917006,35.146891],[126.917018,35.146888],[126.917026,35.146883],[126.917035,35.146876],[126.917039,35.14687],[126.917039,35.146863],[126.917034,35.146856],[126.917025,35.146849],[126.917041,35.146824],[126.916909,35.146768],[126.916868,35.146849]]]]}},{"type":"Feature","id":"0000192360581826696500000000","properties":{"id":"0000192360581826696500000000","pnu":"1221011400100570036","purpose":"기타"},"geometry":{"type":"MultiPolygon","coordinates":[[[[126.916984,35.143165],[126.917039,35.143131],[126.917005,35.143101],[126.916984,35.143116],[126.916943,35.143087],[126.916919,35.14311],[126.916984,35.143165]]]]}},{"type":"Feature","id":"0000192360891829506200000000","properties":{"id":"0000192360891829506200000000","pnu":"1221011300100860005","purpose":"제2종 근린생활시설","floors":2,"structure":"철근콘크리트구조"},"geometry":{"type":"MultiPolygon","coordinates":[[[[126.916863,35.145655],[126.917048,35.145722],[126.917086,35.145652],[126.916913,35.145599],[126.916863,35.145655]]]]}},{"type":"Feature","id":"0000192361761827197500000000","properties":{"id":"0000192361761827197500000000","pnu":"1221011400100680001","purpose":"단독주택"},"geometry":{"type":"MultiPolygon","coordinates":[[[[126.916973,35.143528],[126.916932,35.143576],[126.91701,35.143626],[126.91705,35.14358],[126.916973,35.143528]]]]}},{"type":"Feature","id":"0000192361841827316600000000","properties":{"id":"0000192361841827316600000000","pnu":"1221011400100700000","purpose":"기타"},"geometry":{"type":"MultiPolygon","coordinates":[[[[126.916989,35.143713],[126.917021,35.143668],[126.916992,35.143658],[126.916964,35.143699],[126.916989,35.143713]]]]}},{"type":"Feature","id":"0000192363491827546900000000","properties":{"id":"0000192363491827546900000000","pnu":"1221011400100820000","purpose":"기타"},"geometry":{"type":"MultiPolygon","coordinates":[[[[126.91697,35.143912],[126.917032,35.143926],[126.91705,35.143872],[126.916988,35.143858],[126.91697,35.143912]]]]}},{"type":"Feature","id":"0000192365061826870900000000","properties":{"id":"0000192365061826870900000000","pnu":"1221011400100610000","purpose":"단독주택"},"geometry":{"type":"MultiPolygon","coordinates":[[[[126.91694,35.143248],[126.917052,35.143355],[126.917122,35.143313],[126.917103,35.143289],[126.917083,35.143294],[126.916994,35.143206],[126.91694,35.143248]]]]}},{"type":"Feature","id":"0000192366651830633500000000","properties":{"id":"0000192366651830633500000000","pnu":"1221011700100680001","purpose":"기타"},"geometry":{"type":"MultiPolygon","coordinates":[[[[126.917064,35.146831],[126.917178,35.146601],[126.916972,35.146524],[126.916953,35.146636],[126.916979,35.146645],[126.916922,35.146766],[126.917064,35.146831]]]]}},{"type":"Feature","id":"0000192368571831624700000000","properties":{"id":"0000192368571831624700000000","pnu":"1221012800100160000","purpose":"기타","far":280.2435,"floors":4,"structure":"철근콘크리트구조"},"geometry":{"type":"MultiPolygon","coordinates":[[[[126.917225,35.147587],[126.917048,35.147392],[126.916993,35.147385],[126.916897,35.147443],[126.916993,35.147548],[126.916928,35.147587],[126.916945,35.147606],[126.916912,35.147627],[126.916941,35.147659],[126.91696,35.147648],[126.917054,35.147752],[126.917213,35.147655],[126.917218,35.147651],[126.917223,35.147647],[126.917227,35.147642],[126.917231,35.147637],[126.917233,35.147632],[126.917235,35.147626],[126.917236,35.14762],[126.917236,35.147614],[126.917236,35.147608],[126.917234,35.147603],[126.917232,35.147597],[126.917229,35.147592],[126.917225,35.147587]]]]}},{"type":"Feature","id":"0000192369911828268800000000","properties":{"id":"0000192369911828268800000000","pnu":"1221011400100300020","purpose":"기타"},"geometry":{"type":"MultiPolygon","coordinates":[[[[126.917058,35.144498],[126.917025,35.14456],[126.917101,35.144588],[126.917134,35.144526],[126.917058,35.144498]]]]}},{"type":"Feature","id":"0000192372201830900700000000","properties":{"id":"0000192372201830900700000000","pnu":"1221011700100740006","purpose":"제2종 근린생활시설","far":159.53,"floors":2,"structure":"벽돌구조"},"geometry":{"type":"MultiPolygon","coordinates":[[[[126.917022,35.146915],[126.917057,35.14693],[126.917077,35.146902],[126.917131,35.146928],[126.917124,35.146938],[126.917169,35.146959],[126.917188,35.146931],[126.917132,35.146905],[126.917124,35.146916],[126.917081,35.146896],[126.917087,35.146887],[126.917052,35.14687],[126.917022,35.146915]]]]}},{"type":"Feature","id":"0000192376061828624500000000","properties":{"id":"0000192376061828624500000000","pnu":"1221011400100240004","purpose":"제2종 근린생활시설","far":36.8,"floors":1,"structure":"일반목구조"},"geometry":{"type":"MultiPolygon","coordinates":[[[[126.917147,35.144868],[126.917148,35.144868],[126.917149,35.144868],[126.917149,35.144867],[126.91715,35.144867],[126.917151,35.144866],[126.917151,35.144866],[126.917152,35.144865],[126.917152,35.144864],[126.917152,35.144864],[126.917152,35.144863],[126.917152,35.144862],[126.917151,35.144861],[126.917151,35.144861],[126.91715,35.14486],[126.917149,35.14486],[126.917149,35.144859],[126.917148,35.144859],[126.917147,35.144859],[126.917146,35.144859],[126.917145,35.144859],[126.917144,35.14486],[126.917143,35.14486],[126.917143,35.144861],[126.917142,35.144861],[126.917142,35.144862],[126.917141,35.144863],[126.917141,35.144864],[126.917141,35.144864],[126.917142,35.144865],[126.917142,35.144866],[126.917143,35.144866],[126.917143,35.144867],[126.917144,35.144867],[126.917145,35.144868],[126.917146,35.144868],[126.917147,35.144868]]]]}},{"type":"Feature","id":"0000192384261829916600000000","properties":{"id":"0000192384261829916600000000","pnu":"1221011300100820001","year":1970,"purpose":"제2종 근린생활시설","floors":4,"structure":"철근콘크리트구조"},"geometry":{"type":"MultiPolygon","coordinates":[[[[126.91728,35.1461],[126.917304,35.146004],[126.917196,35.145957],[126.917163,35.14605],[126.91728,35.1461]]]]}},{"type":"Feature","id":"0000192390211831503200000000","properties":{"id":"0000192390211831503200000000","pnu":"1221012700100310005","purpose":"기타","far":260.94,"floors":3,"structure":"철근콘크리트구조"},"geometry":{"type":"MultiPolygon","coordinates":[[[[126.917235,35.147457],[126.917292,35.147512],[126.917363,35.147458],[126.917308,35.147406],[126.917235,35.147457]]]]}},{"type":"Feature","id":"0000192395031827459200000000","properties":{"id":"0000192395031827459200000000","pnu":"1221011400100890000","purpose":"기타"},"geometry":{"type":"MultiPolygon","coordinates":[[[[126.917402,35.143849],[126.917417,35.143798],[126.91731,35.143777],[126.917295,35.143829],[126.917402,35.143849]]]]}},{"type":"Feature","id":"0000192397171826589400000000","properties":{"id":"0000192397171826589400000000","pnu":"1221011400101410000","purpose":"기타"},"geometry":{"type":"MultiPolygon","coordinates":[[[[126.917348,35.142986],[126.917318,35.143023],[126.917412,35.143075],[126.917441,35.143032],[126.917348,35.142986]]]]}},{"type":"Feature","id":"0000192398961827359500000000","properties":{"id":"0000192398961827359500000000","pnu":"1221011400100890000","purpose":"기타"},"geometry":{"type":"MultiPolygon","coordinates":[[[[126.917326,35.143728],[126.917449,35.143768],[126.917472,35.143719],[126.91735,35.143679],[126.917326,35.143728]]]]}},{"type":"Feature","id":"0000192404171827072600000000","properties":{"id":"0000192404171827072600000000","pnu":"1221011400100940000","purpose":"제2종 근린생활시설","far":50.49,"floors":1,"structure":"일반목구조"},"geometry":{"type":"MultiPolygon","coordinates":[[[[126.917479,35.143486],[126.91749,35.14347],[126.917434,35.143444],[126.917423,35.143459],[126.917479,35.143486]]]]}},{"type":"Feature","id":"0000192404771826383600000000","properties":{"id":"0000192404771826383600000000","pnu":"1221011400101470023","purpose":"단독주택"},"geometry":{"type":"MultiPolygon","coordinates":[[[[126.917492,35.142897],[126.917538,35.142847],[126.917437,35.14279],[126.91739,35.142842],[126.917492,35.142897]]]]}},{"type":"Feature","id":"0000192406091827147300000000","properties":{"id":"0000192406091827147300000000","pnu":"1221011400100940000","purpose":"제2종 근린생활시설","far":50.49,"floors":1,"structure":"일반목구조"},"geometry":{"type":"MultiPolygon","coordinates":[[[[126.917399,35.143517],[126.917532,35.143581],[126.917555,35.143548],[126.917423,35.143484],[126.917399,35.143517]]]]}},{"type":"Feature","id":"0000192408201826787200000000","properties":{"id":"0000192408201826787200000000","pnu":"1221011400101400001","purpose":"기타"},"geometry":{"type":"MultiPolygon","coordinates":[[[[126.917507,35.143239],[126.917536,35.143217],[126.917493,35.143176],[126.917467,35.143198],[126.917507,35.143239]]]]}},{"type":"Feature","id":"0000192410681826628600000000","properties":{"id":"0000192410681826628600000000","pnu":"1221011400101400004","purpose":"기타"},"geometry":{"type":"MultiPolygon","coordinates":[[[[126.917527,35.143116],[126.917585,35.143059],[126.917534,35.143016],[126.91747,35.143066],[126.917527,35.143116]]]]}},{"type":"Feature","id":"0000192412021826429700000000","properties":{"id":"0000192412021826429700000000","pnu":"1221011400101470024","purpose":"기타"},"geometry":{"type":"MultiPolygon","coordinates":[[[[126.917488,35.142913],[126.917532,35.142933],[126.917597,35.142856],[126.917557,35.142838],[126.917488,35.142913]]]]}},{"type":"Feature","id":"0000192414971826519600000000","properties":{"id":"0000192414971826519600000000","pnu":"1221011400101470001","purpose":"기타"},"geometry":{"type":"MultiPolygon","coordinates":[[[[126.917562,35.143011],[126.917621,35.142936],[126.917597,35.142919],[126.917527,35.142995],[126.917562,35.143011]]]]}},{"type":"Feature","id":"0000192420951825965300000000","properties":{"id":"0000192420951825965300000000","pnu":"1221011400102100000","purpose":"기타"},"geometry":{"type":"MultiPolygon","coordinates":[[[[126.917624,35.142493],[126.91767,35.142482],[126.917658,35.142434],[126.917609,35.142464],[126.917624,35.142493]]]]}},{"type":"Feature","id":"0000192422901826419200000000","properties":{"id":"0000192422901826419200000000","pnu":"1221011400101470003","purpose":"기타"},"geometry":{"type":"MultiPolygon","coordinates":[[[[126.917641,35.142936],[126.917727,35.142843],[126.917678,35.142818],[126.917601,35.142911],[126.917641,35.142936]]]]}},{"type":"Feature","id":"0000192425561826689300000000","properties":{"id":"0000192425561826689300000000","pnu":"1221011400101400001","purpose":"기타"},"geometry":{"type":"MultiPolygon","coordinates":[[[[126.917721,35.143161],[126.917745,35.143136],[126.917655,35.143079],[126.917636,35.143096],[126.917721,35.143161]]]]}},{"type":"Feature","id":"0000192427691826102400000000","properties":{"id":"0000192427691826102400000000","pnu":"1221011400101470025","purpose":"기타"},"geometry":{"type":"MultiPolygon","coordinates":[[[[126.917747,35.142625],[126.917767,35.142598],[126.917687,35.142556],[126.917664,35.142585],[126.917747,35.142625]]]]}},{"type":"Feature","id":"0000192427981826205500000000","properties":{"id":"0000192427981826205500000000","pnu":"1221011400101470031","purpose":"기타"},"geometry":{"type":"MultiPolygon","coordinates":[[[[126.917694,35.142738],[126.917767,35.142644],[126.917739,35.142632],[126.917671,35.142725],[126.917694,35.142738]]]]}},{"type":"Feature","id":"0000192429411826503700000000","properties":{"id":"0000192429411826503700000000","pnu":"1221011400101470002","purpose":"단독주택"},"geometry":{"type":"MultiPolygon","coordinates":[[[[126.917703,35.142897],[126.917672,35.142941],[126.91776,35.143004],[126.917801,35.14297],[126.917703,35.142897]]]]}},{"type":"Feature","id":"0000192430301827323500000000","properties":{"id":"0000192430301827323500000000","pnu":"1221011400100880003","purpose":"기타"},"geometry":{"type":"MultiPolygon","coordinates":[[[[126.917732,35.143617],[126.917694,35.143626],[126.91776,35.143772],[126.91779,35.143759],[126.917732,35.143617]]]]}},{"type":"Feature","id":"0000192430741826437700000000","properties":{"id":"0000192430741826437700000000","pnu":"1221011400101470003","purpose":"기타"},"geometry":{"type":"MultiPolygon","coordinates":[[[[126.917759,35.142923],[126.917788,35.142886],[126.917735,35.142865],[126.917711,35.142896],[126.917759,35.142923]]]]}},{"type":"Feature","id":"0000192433321827629600000000","properties":{"id":"0000192433321827629600000000","pnu":"1221011400100870001","purpose":"제1종 근린생활시설"},"geometry":{"type":"MultiPolygon","coordinates":[[[[126.917716,35.143911],[126.917682,35.144004],[126.917834,35.144036],[126.917861,35.143914],[126.917716,35.143911]]]]}},{"type":"Feature","id":"0000192437151825751000000000","properties":{"id":"0000192437151825751000000000","pnu":"1221011400102110037","purpose":"기타"},"geometry":{"type":"MultiPolygon","coordinates":[[[[126.917805,35.142315],[126.917869,35.142256],[126.917835,35.142234],[126.91777,35.142291],[126.917805,35.142315]]]]}},{"type":"Feature","id":"0000192441051825785000000000","properties":{"id":"0000192441051825785000000000","pnu":"1221011400102110000","purpose":"기타"},"geometry":{"type":"MultiPolygon","coordinates":[[[[126.917846,35.142355],[126.917921,35.142283],[126.917879,35.142255],[126.917805,35.142325],[126.917846,35.142355]]]]}},{"type":"Feature","id":"0000192445501825692200000000","properties":{"id":"0000192445501825692200000000","pnu":"1221011400102110037","purpose":"기타"},"geometry":{"type":"MultiPolygon","coordinates":[[[[126.917909,35.142267],[126.917961,35.142207],[126.917911,35.142175],[126.917863,35.142238],[126.917909,35.142267]]]]}},{"type":"Feature","id":"0000192449581827974600000000","properties":{"id":"0000192449581827974600000000","pnu":"1221011400100130003","purpose":"제2종 근린생활시설","far":79.27,"floors":1,"structure":"블록구조"},"geometry":{"type":"MultiPolygon","coordinates":[[[[126.917985,35.144411],[126.918068,35.14421],[126.918015,35.144193],[126.918025,35.144167],[126.917947,35.144143],[126.917826,35.144342],[126.917985,35.144411]]]]}},{"type":"Feature","id":"0000192454191831702500000000","properties":{"id":"0000192454191831702500000000","pnu":"1221012700100020003","purpose":"제1종 근린생활시설","floors":2,"structure":"일반목구조"},"geometry":{"type":"MultiPolygon","coordinates":[[[[126.918096,35.147624],[126.917985,35.147563],[126.917903,35.147646],[126.918022,35.147717],[126.918096,35.147624]]]]}},{"type":"Feature","id":"0000192461491826969700000000","properties":{"id":"0000192461491826969700000000","pnu":"1221011400101380001","purpose":"단독주택"},"geometry":{"type":"MultiPolygon","coordinates":[[[[126.918105,35.143449],[126.918133,35.143323],[126.91804,35.143285],[126.91803,35.143296],[126.918086,35.143331],[126.91803,35.143416],[126.918062,35.143423],[126.918061,35.143445],[126.918105,35.143449]]]]}},{"type":"Feature","id":"0000192466401828826800000000","properties":{"id":"0000192466401828826800000000","pnu":"1221011200101810000","purpose":"기타"},"geometry":{"type":"MultiPolygon","coordinates":[[[[126.918142,35.144996],[126.918087,35.145037],[126.918164,35.145108],[126.91817,35.145032],[126.918142,35.144996]]]]}},{"type":"Feature","id":"0000192477371828762600000000","properties":{"id":"0000192477371828762600000000","pnu":"1221011200101800003","purpose":"기타"},"geometry":{"type":"MultiPolygon","coordinates":[[[[126.918292,35.145041],[126.918323,35.144971],[126.918229,35.144937],[126.91819,35.145005],[126.918292,35.145041]]]]}},{"type":"Feature","id":"0000192479451826658200000000","properties":{"id":"0000192479451826658200000000","pnu":"1221011400101550002","purpose":"기타"},"geometry":{"type":"MultiPolygon","coordinates":[[[[126.918252,35.143064],[126.918245,35.143111],[126.918315,35.143118],[126.918323,35.143075],[126.918252,35.143064]]]]}},{"type":"Feature","id":"0000192479841827853000000000","properties":{"id":"0000192479841827853000000000","pnu":"1221011400101070001","purpose":"단독주택","far":30.59,"floors":1,"structure":"벽돌구조"},"geometry":{"type":"MultiPolygon","coordinates":[[[[126.918309,35.14422],[126.918354,35.144157],[126.918261,35.144117],[126.918221,35.144183],[126.918309,35.14422]]]]}},{"type":"Feature","id":"0000192482751826754100000000","properties":{"id":"0000192482751826754100000000","pnu":"1221011400101540002","purpose":"제1종 근린생활시설"},"geometry":{"type":"MultiPolygon","coordinates":[[[[126.918243,35.143204],[126.918353,35.143239],[126.918396,35.143156],[126.918286,35.143116],[126.918243,35.143204]]]]}},{"type":"Feature","id":"0000192489661830507700000000","properties":{"id":"0000192489661830507700000000","pnu":"1221011300100770003","purpose":"제2종 근린생활시설","far":198.35,"floors":3,"structure":"철근콘크리트구조"},"geometry":{"type":"MultiPolygon","coordinates":[[[[126.918426,35.14652],[126.918426,35.146521],[126.918333,35.14648],[126.91831,35.146515],[126.918322,35.14652],[126.918305,35.146546],[126.918282,35.146536],[126.91826,35.146569],[126.918444,35.146652],[126.918487,35.146573],[126.918475,35.146567],[126.918508,35.146523],[126.918441,35.146498],[126.918426,35.14652]]]]}},{"type":"Feature","id":"0000192497891830371600000000","properties":{"id":"0000192497891830371600000000","pnu":"1221011300100770005","purpose":"기타"},"geometry":{"type":"MultiPolygon","coordinates":[[[[126.918333,35.146461],[126.918601,35.146543],[126.918644,35.146447],[126.918505,35.146411],[126.918526,35.14635],[126.918492,35.14634],[126.918484,35.146357],[126.918392,35.14633],[126.918333,35.146461]]]]}},{"type":"Feature","id":"0000192500311824088400000000","properties":{"id":"0000192500311824088400000000","pnu":"1221012200101650028","purpose":"단독주택","floors":2,"structure":"일반목구조"},"geometry":{"type":"MultiPolygon","coordinates":[[[[126.918584,35.140772],[126.918477,35.140723],[126.918445,35.140765],[126.918457,35.140773],[126.918456,35.140782],[126.918549,35.140832],[126.918584,35.140772]]]]}},{"type":"Feature","id":"0000192500641829857800000000","properties":{"id":"0000192500641829857800000000","pnu":"1221011300101000036","purpose":"기타"},"geometry":{"type":"MultiPolygon","coordinates":[[[[126.918516,35.146005],[126.918535,35.145953],[126.918509,35.145947],[126.91849,35.145999],[126.918516,35.146005]]]]}},{"type":"Feature","id":"0000192502851831706100000000","properties":{"id":"0000192502851831706100000000","pnu":"1221013100100190022","purpose":"기타"},"geometry":{"type":"MultiPolygon","coordinates":[[[[126.918619,35.147652],[126.918515,35.147569],[126.918451,35.147628],[126.918554,35.147717],[126.918619,35.147652]]]]}},{"type":"Feature","id":"0000192503181824742300000000","properties":{"id":"0000192503181824742300000000","pnu":"1221012200101700002","purpose":"기타"},"geometry":{"type":"MultiPolygon","coordinates":[[[[126.918529,35.141329],[126.918498,35.141366],[126.918561,35.141402],[126.918592,35.141364],[126.918529,35.141329]]]]}},{"type":"Feature","id":"0000192505051830235100000000","properties":{"id":"0000192505051830235100000000","pnu":"1221011300100770006","purpose":"기타"},"geometry":{"type":"MultiPolygon","coordinates":[[[[126.918406,35.146307],[126.918551,35.146333],[126.918542,35.146369],[126.918656,35.146395],[126.918661,35.146395],[126.918663,35.146393],[126.918692,35.146308],[126.918691,35.146305],[126.918687,35.146303],[126.918427,35.146244],[126.918406,35.146307]]]]}},{"type":"Feature","id":"0000192507371825267700000000","properties":{"id":"0000192507371825267700000000","pnu":"1221011400101990000","purpose":"단독주택","far":48.83,"floors":1,"structure":"일반목구조"},"geometry":{"type":"MultiPolygon","coordinates":[[[[126.918642,35.141829],[126.918578,35.141808],[126.918542,35.141845],[126.918596,35.141873],[126.918642,35.141829]]]]}},{"type":"Feature","id":"0000192509871824295300000000","properties":{"id":"0000192509871824295300000000","pnu":"1221012200101650014","purpose":"단독주택"},"geometry":{"type":"MultiPolygon","coordinates":[[[[126.918662,35.141021],[126.918693,35.140978],[126.918622,35.140938],[126.918628,35.140924],[126.918586,35.140904],[126.918546,35.140951],[126.918662,35.141021]]]]}},{"type":"Feature","id":"0000192511661826873400000000","properties":{"id":"0000192511661826873400000000","pnu":"1221011400101260000","purpose":"기타"},"geometry":{"type":"MultiPolygon","coordinates":[[[[126.91869,35.143486],[126.918747,35.143396],[126.918792,35.14341],[126.918892,35.14323],[126.918673,35.14315],[126.918676,35.143141],[126.918633,35.143123],[126.918651,35.143081],[126.918576,35.143051],[126.918391,35.143371],[126.91869,35.143486]]]]}},{"type":"Feature","id":"0000192514041826554900000000","properties":{"id":"0000192514041826554900000000","pnu":"1221011400101570001","purpose":"제2종 근린생활시설","far":69.63,"floors":1,"structure":"일반목구조"},"geometry":{"type":"MultiPolygon","coordinates":[[[[126.918597,35.143033],[126.918647,35.143051],[126.918674,35.143003],[126.918714,35.143026],[126.918731,35.143007],[126.918748,35.143017],[126.918754,35.143007],[126.918643,35.142943],[126.918597,35.143033]]]]}},{"type":"Feature","id":"0000192515151831438200000000","properties":{"id":"0000192515151831438200000000","pnu":"1221013100100150001","purpose":"기타"},"geometry":{"type":"MultiPolygon","coordinates":[[[[126.918715,35.147549],[126.918773,35.147551],[126.918796,35.147317],[126.918739,35.147315],[126.918738,35.147329],[126.918567,35.147323],[126.918459,35.147423],[126.918505,35.147456],[126.918594,35.147373],[126.918735,35.147375],[126.918715,35.147549]]]]}},{"type":"Feature","id":"0000192518241823983300000000","properties":{"id":"0000192518241823983300000000","pnu":"1221012200101650008","purpose":"단독주택","floors":1,"structure":"일반목구조"},"geometry":{"type":"MultiPolygon","coordinates":[[[[126.918721,35.140732],[126.918773,35.14067],[126.918701,35.140631],[126.91865,35.140692],[126.918721,35.140732]]]]}},{"type":"Feature","id":"0000192518941826483500000000","properties":{"id":"0000192518941826483500000000","pnu":"1221011400101600002","purpose":"제2종 근린생활시설"},"geometry":{"type":"MultiPolygon","coordinates":[[[[126.91876,35.142975],[126.91878,35.142952],[126.918673,35.142893],[126.918657,35.142922],[126.91876,35.142975]]]]}},{"type":"Feature","id":"0000192533311827751900000000","properties":{"id":"0000192533311827751900000000","pnu":"1221011200101460000","purpose":"제2종 근린생활시설"},"geometry":{"type":"MultiPolygon","coordinates":[[[[126.918902,35.144149],[126.918968,35.144074],[126.918855,35.144009],[126.918772,35.14408],[126.918902,35.144149]]]]}},{"type":"Feature","id":"0000192534221824773000000000","properties":{"id":"0000192534221824773000000000","pnu":"1221012200101450000","purpose":"기타"},"geometry":{"type":"MultiPolygon","coordinates":[[[[126.919,35.141365],[126.918819,35.141343],[126.918785,35.141424],[126.918908,35.141448],[126.918996,35.141386],[126.919,35.141365]]]]}},{"type":"Feature","id":"0000192535081824367200000000","properties":{"id":"0000192535081824367200000000","pnu":"1221012200100980000","purpose":"기타"},"geometry":{"type":"MultiPolygon","coordinates":[[[[126.918972,35.141052],[126.918861,35.140966],[126.918819,35.141003],[126.918929,35.141089],[126.918972,35.141052]]]]}},{"type":"Feature","id":"0000192536211829296500000000","properties":{"id":"0000192536211829296500000000","pnu":"1221011200101690001","purpose":"기타"},"geometry":{"type":"MultiPolygon","coordinates":[[[[126.91891,35.145529],[126.918951,35.145424],[126.918899,35.145411],[126.918854,35.145516],[126.91891,35.145529]]]]}},{"type":"Feature","id":"0000192538921826056700000000","properties":{"id":"0000192538921826056700000000","pnu":"1221011400101870002","purpose":"기타"},"geometry":{"type":"MultiPolygon","coordinates":[[[[126.918948,35.142638],[126.919019,35.142495],[126.918925,35.142463],[126.918854,35.142606],[126.918948,35.142638]]]]}},{"type":"Feature","id":"0000192542151829057100000000","properties":{"id":"0000192542151829057100000000","pnu":"1221011200101690006","purpose":"기타"},"geometry":{"type":"MultiPolygon","coordinates":[[[[126.918969,35.145259],[126.91897,35.145259],[126.918971,35.145259],[126.918972,35.145259],[126.918972,35.145258],[126.918973,35.145258],[126.918974,35.145257],[126.918974,35.145256],[126.918974,35.145256],[126.918974,35.145255],[126.918974,35.145254],[126.918974,35.145253],[126.918974,35.145253],[126.918973,35.145252],[126.918972,35.145251],[126.918972,35.145251],[126.918971,35.145251],[126.91897,35.14525],[126.918969,35.14525],[126.918968,35.14525],[126.918967,35.145251],[126.918966,35.145251],[126.918965,35.145251],[126.918965,35.145252],[126.918964,35.145253],[126.918964,35.145253],[126.918963,35.145254],[126.918963,35.145255],[126.918963,35.145256],[126.918964,35.145256],[126.918964,35.145257],[126.918965,35.145258],[126.918965,35.145258],[126.918966,35.145259],[126.918967,35.145259],[126.918968,35.145259],[126.918969,35.145259]]]]}},{"type":"Feature","id":"0000192542481824197400000000","properties":{"id":"0000192542481824197400000000","pnu":"1221012200100970005","purpose":"단독주택"},"geometry":{"type":"MultiPolygon","coordinates":[[[[126.91896,35.140925],[126.919045,35.140858],[126.91901,35.140827],[126.918971,35.140849],[126.918965,35.140844],[126.918908,35.140882],[126.91896,35.140925]]]]}},{"type":"Feature","id":"0000192543591823430900000000","properties":{"id":"0000192543591823430900000000","pnu":"1221012200100920005","purpose":"기타"},"geometry":{"type":"MultiPolygon","coordinates":[[[[126.919025,35.140221],[126.919044,35.140192],[126.918954,35.140147],[126.918934,35.140172],[126.919025,35.140221]]]]}},{"type":"Feature","id":"1689191916041832078100000000","properties":{"id":"1689191916041832078100000000","pnu":"1221011500100320015","year":1989,"purpose":"제2종 근린생활시설","far":216.95,"floors":3,"structure":"철근콘크리트구조"},"geometry":{"type":"MultiPolygon","coordinates":[[[[126.912165,35.148077],[126.912242,35.147986],[126.912054,35.147878],[126.912026,35.147912],[126.91199,35.147892],[126.911939,35.14795],[126.912165,35.148077]]]]}},{"type":"Feature","id":"1941192422161826590500000000","properties":{"id":"1941192422161826590500000000","pnu":"1221011400101470001","purpose":"단독주택"},"geometry":{"type":"MultiPolygon","coordinates":[[[[126.917696,35.143094],[126.917732,35.143037],[126.917612,35.142969],[126.917574,35.143019],[126.917696,35.143094]]]]}},{"type":"Feature","id":"1943192225191828739100000000","properties":{"id":"1943192225191828739100000000","pnu":"1221011600101640001","year":1943,"purpose":"단독주택"},"geometry":{"type":"MultiPolygon","coordinates":[[[[126.915515,35.145066],[126.915598,35.144926],[126.915467,35.14487],[126.915382,35.144998],[126.915515,35.145066]]]]}},{"type":"Feature","id":"1943192237771828737700000000","properties":{"id":"1943192237771828737700000000","pnu":"1221011600101640001","year":1943,"purpose":"단독주택"},"geometry":{"type":"MultiPolygon","coordinates":[[[[126.915569,35.144996],[126.915629,35.145018],[126.91569,35.144937],[126.915626,35.14491],[126.915569,35.144996]]]]}},{"type":"Feature","id":"1944192521971828546700000000","properties":{"id":"1944192521971828546700000000","pnu":"1221011200101730003","purpose":"단독주택","floors":1,"structure":"벽돌구조"},"geometry":{"type":"MultiPolygon","coordinates":[[[[126.918809,35.144865],[126.918841,35.144803],[126.918758,35.144766],[126.918774,35.144725],[126.918721,35.144707],[126.918659,35.14482],[126.918809,35.144865]]]]}},{"type":"Feature","id":"1944192535871828540500000000","properties":{"id":"1944192535871828540500000000","pnu":"1221011200101730003","purpose":"기타","structure":"벽돌구조"},"geometry":{"type":"MultiPolygon","coordinates":[[[[126.91886,35.144874],[126.918926,35.144876],[126.918937,35.144701],[126.91888,35.144697],[126.91886,35.144874]]]]}},{"type":"Feature","id":"1946192544681829362500000000","properties":{"id":"1946192544681829362500000000","pnu":"1221011200101690001","purpose":"제1종 근린생활시설","far":148.30907,"floors":2,"structure":"벽돌구조"},"geometry":{"type":"MultiPolygon","coordinates":[[[[126.919038,35.14558],[126.919062,35.145513],[126.918958,35.145482],[126.918927,35.145544],[126.919038,35.14558]]]]}},{"type":"Feature","id":"1948192472891825632700000000","properties":{"id":"1948192472891825632700000000","pnu":"1221011400102170004","year":1948,"purpose":"단독주택"},"geometry":{"type":"MultiPolygon","coordinates":[[[[126.918202,35.14223],[126.918278,35.142131],[126.918213,35.142111],[126.91815,35.142198],[126.918202,35.14223]]]]}},{"type":"Feature","id":"1951192260031828013600000000","properties":{"id":"1951192260031828013600000000","pnu":"1221011400100470006","year":1951,"purpose":"단독주택"},"geometry":{"type":"MultiPolygon","coordinates":[[[[126.915879,35.144361],[126.915936,35.144306],[126.915868,35.144265],[126.915812,35.144314],[126.915879,35.144361]]]]}},{"type":"Feature","id":"1951192260251827834600000000","properties":{"id":"1951192260251827834600000000","pnu":"1221011400100470006","purpose":"제2종 근린생활시설"},"geometry":{"type":"MultiPolygon","coordinates":[[[[126.915861,35.14419],[126.91592,35.144129],[126.915892,35.144111],[126.915833,35.144172],[126.915861,35.14419]]]]}},{"type":"Feature","id":"1951192270541828130700000000","properties":{"id":"1951192270541828130700000000","pnu":"1221011400100340005","year":1951,"purpose":"기타"},"geometry":{"type":"MultiPolygon","coordinates":[[[[126.915885,35.144373],[126.916064,35.144491],[126.9161,35.144463],[126.915907,35.144343],[126.915877,35.144371],[126.915885,35.144373]]]]}},{"type":"Feature","id":"1951192271651828048000000000","properties":{"id":"1951192271651828048000000000","pnu":"1221011400100340005","year":1951,"purpose":"기타"},"geometry":{"type":"MultiPolygon","coordinates":[[[[126.915915,35.144333],[126.916038,35.144403],[126.916083,35.144354],[126.915976,35.144284],[126.915915,35.144333]]]]}},{"type":"Feature","id":"1951192279171827980500000000","properties":{"id":"1951192279171827980500000000","pnu":"1221011400100340005","year":1951,"purpose":"단독주택"},"geometry":{"type":"MultiPolygon","coordinates":[[[[126.915993,35.14427],[126.916068,35.144294],[126.916056,35.144336],[126.916121,35.144363],[126.91615,35.144254],[126.91605,35.144217],[126.915993,35.14427]]]]}},{"type":"Feature","id":"1951192297151827267700000000","properties":{"id":"1951192297151827267700000000","pnu":"1221011400100760000","year":1951,"purpose":"단독주택"},"geometry":{"type":"MultiPolygon","coordinates":[[[[126.916271,35.143585],[126.916204,35.143608],[126.916302,35.143703],[126.916353,35.143659],[126.916271,35.143585]]]]}},{"type":"Feature","id":"1951192304421827222300000000","properties":{"id":"1951192304421827222300000000","pnu":"1221011400100760000","year":1951,"purpose":"숙박시설"},"geometry":{"type":"MultiPolygon","coordinates":[[[[126.916395,35.143552],[126.916285,35.143579],[126.916357,35.143657],[126.916419,35.143618],[126.916409,35.143593],[126.916424,35.143587],[126.916395,35.143552]]]]}},{"type":"Feature","id":"1951192331141827065900000000","properties":{"id":"1951192331141827065900000000","pnu":"1221011400100730001","year":1951,"purpose":"단독주택"},"geometry":{"type":"MultiPolygon","coordinates":[[[[126.9167,35.143414],[126.916586,35.143459],[126.916617,35.143505],[126.916725,35.143453],[126.9167,35.143414]]]]}},{"type":"Feature","id":"1951192334961827134100000000","properties":{"id":"1951192334961827134100000000","pnu":"1221011400100730001","year":1951,"purpose":"단독주택"},"geometry":{"type":"MultiPolygon","coordinates":[[[[126.916623,35.143519],[126.916659,35.14357],[126.91677,35.143521],[126.916736,35.143469],[126.916623,35.143519]]]]}},{"type":"Feature","id":"1951192339681827028800000000","properties":{"id":"1951192339681827028800000000","pnu":"1221011400100670000","purpose":"단독주택"},"geometry":{"type":"MultiPolygon","coordinates":[[[[126.916751,35.143457],[126.916789,35.143433],[126.916742,35.143394],[126.916711,35.143414],[126.916751,35.143457]]]]}},{"type":"Feature","id":"1951192343541826977500000000","properties":{"id":"1951192343541826977500000000","pnu":"1221011400100670000","purpose":"기타"},"geometry":{"type":"MultiPolygon","coordinates":[[[[126.916778,35.143406],[126.916828,35.143368],[126.916803,35.143353],[126.916756,35.143388],[126.916778,35.143406]]]]}},{"type":"Feature","id":"1951192343821826196100000000","properties":{"id":"1951192343821826196100000000","pnu":"1221011400100540009","year":1951,"purpose":"제1종 근린생활시설"},"geometry":{"type":"MultiPolygon","coordinates":[[[[126.91678,35.142717],[126.916843,35.142652],[126.916815,35.142634],[126.916748,35.142689],[126.91678,35.142717]]]]}},{"type":"Feature","id":"1951192346191827059900000000","properties":{"id":"1951192346191827059900000000","pnu":"1221011400100670000","purpose":"단독주택"},"geometry":{"type":"MultiPolygon","coordinates":[[[[126.916888,35.143445],[126.916846,35.1434],[126.916754,35.143461],[126.916793,35.143507],[126.916888,35.143445]]]]}},{"type":"Feature","id":"1951192347551827178600000000","properties":{"id":"1951192347551827178600000000","pnu":"1221011400100700001","year":1951,"purpose":"단독주택"},"geometry":{"type":"MultiPolygon","coordinates":[[[[126.916855,35.1436],[126.916898,35.143563],[126.916876,35.143545],[126.91686,35.143552],[126.916805,35.14352],[126.916773,35.143553],[126.916855,35.1436]]]]}},{"type":"Feature","id":"1951192348831826229800000000","properties":{"id":"1951192348831826229800000000","pnu":"1221011400100540009","year":1951,"purpose":"단독주택"},"geometry":{"type":"MultiPolygon","coordinates":[[[[126.916796,35.142719],[126.916847,35.142748],[126.916907,35.142693],[126.916848,35.142661],[126.916796,35.142719]]]]}},{"type":"Feature","id":"1951192350381827361900000000","properties":{"id":"1951192350381827361900000000","pnu":"1221011400100700000","purpose":"단독주택"},"geometry":{"type":"MultiPolygon","coordinates":[[[[126.916884,35.14379],[126.916924,35.143736],[126.916887,35.143712],[126.916916,35.143671],[126.916874,35.143652],[126.916796,35.143749],[126.916884,35.14379]]]]}},{"type":"Feature","id":"1951192350411826951400000000","properties":{"id":"1951192350411826951400000000","pnu":"1221011400100660000","purpose":"단독주택"},"geometry":{"type":"MultiPolygon","coordinates":[[[[126.916889,35.143399],[126.91692,35.143369],[126.916849,35.143312],[126.916812,35.143342],[126.916889,35.143399]]]]}},{"type":"Feature","id":"1951192352181826157700000000","properties":{"id":"1951192352181826157700000000","pnu":"1221011400100540008","purpose":"단독주택","floors":1,"structure":"일반목구조"},"geometry":{"type":"MultiPolygon","coordinates":[[[[126.916916,35.142692],[126.916947,35.142658],[126.916861,35.142589],[126.916825,35.142621],[126.916916,35.142692]]]]}},{"type":"Feature","id":"1951192355831826890900000000","properties":{"id":"1951192355831826890900000000","pnu":"1221011400100640000","purpose":"단독주택","floors":1,"structure":"일반목구조"},"geometry":{"type":"MultiPolygon","coordinates":[[[[126.916911,35.143345],[126.91699,35.143302],[126.916935,35.143256],[126.916866,35.143301],[126.916911,35.143345]]]]}},{"type":"Feature","id":"1951192365931827009200000000","properties":{"id":"1951192365931827009200000000","pnu":"1221011400100620000","purpose":"기타"},"geometry":{"type":"MultiPolygon","coordinates":[[[[126.91706,35.143448],[126.917089,35.143419],[126.917019,35.143368],[126.916982,35.143397],[126.91706,35.143448]]]]}},{"type":"Feature","id":"1951192367191826534500000000","properties":{"id":"1951192367191826534500000000","pnu":"1221011400100570040","year":1951,"purpose":"단독주택"},"geometry":{"type":"MultiPolygon","coordinates":[[[[126.917028,35.143036],[126.917113,35.143003],[126.917077,35.142926],[126.916989,35.142954],[126.917028,35.143036]]]]}},{"type":"Feature","id":"1951192372761826965600000000","properties":{"id":"1951192372761826965600000000","pnu":"1221011400100620000","purpose":"기타"},"geometry":{"type":"MultiPolygon","coordinates":[[[[126.917057,35.14338],[126.917092,35.143412],[126.917166,35.143353],[126.917139,35.143325],[126.917057,35.14338]]]]}},{"type":"Feature","id":"1951192374461826477000000000","properties":{"id":"1951192374461826477000000000","pnu":"1221011400100570042","purpose":"단독주택","floors":1,"structure":"일반목구조"},"geometry":{"type":"MultiPolygon","coordinates":[[[[126.917126,35.142978],[126.917178,35.142949],[126.917143,35.142883],[126.917082,35.1429],[126.917126,35.142978]]]]}},{"type":"Feature","id":"1951192377301827007500000000","properties":{"id":"1951192377301827007500000000","pnu":"1221011400100620000","purpose":"단독주택"},"geometry":{"type":"MultiPolygon","coordinates":[[[[126.917226,35.143387],[126.917183,35.143351],[126.917096,35.143424],[126.917144,35.143461],[126.917226,35.143387]]]]}},{"type":"Feature","id":"1951192378861826237200000000","properties":{"id":"1951192378861826237200000000","pnu":"1221011400100560003","year":1951,"purpose":"단독주택"},"geometry":{"type":"MultiPolygon","coordinates":[[[[126.917151,35.142776],[126.917206,35.142744],[126.917199,35.142732],[126.91726,35.142695],[126.917215,35.142655],[126.917106,35.142707],[126.917151,35.142776]]]]}},{"type":"Feature","id":"1951192396481827232900000000","properties":{"id":"1951192396481827232900000000","pnu":"1221011400100920000","purpose":"단독주택","floors":1,"structure":"일반목구조"},"geometry":{"type":"MultiPolygon","coordinates":[[[[126.917399,35.143661],[126.917427,35.143623],[126.917397,35.143604],[126.917417,35.143581],[126.917361,35.143554],[126.91731,35.143624],[126.917399,35.143661]]]]}},{"type":"Feature","id":"1951192398061826498900000000","properties":{"id":"1951192398061826498900000000","pnu":"1221011400101430000","year":1951,"purpose":"단독주택"},"geometry":{"type":"MultiPolygon","coordinates":[[[[126.917424,35.143012],[126.917472,35.142967],[126.917355,35.142884],[126.917307,35.142927],[126.917424,35.143012]]]]}},{"type":"Feature","id":"1951192402881828104000000000","properties":{"id":"1951192402881828104000000000","pnu":"1221011400100200002","year":1951,"purpose":"단독주택"},"geometry":{"type":"MultiPolygon","coordinates":[[[[126.917396,35.144416],[126.917457,35.144438],[126.917486,35.144368],[126.917426,35.144354],[126.917396,35.144416]]]]}},{"type":"Feature","id":"1951192405491827272000000000","properties":{"id":"1951192405491827272000000000","pnu":"1221011400100920001","purpose":"단독주택","floors":1,"structure":"일반목구조"},"geometry":{"type":"MultiPolygon","coordinates":[[[[126.91741,35.143676],[126.917485,35.143704],[126.917512,35.143671],[126.917493,35.143661],[126.917528,35.143605],[126.917466,35.143582],[126.91741,35.143676]]]]}},{"type":"Feature","id":"1951192406211826294900000000","properties":{"id":"1951192406211826294900000000","pnu":"1221011400101470023","purpose":"기타","structure":"일반목구조"},"geometry":{"type":"MultiPolygon","coordinates":[[[[126.91748,35.142769],[126.917481,35.142768],[126.917482,35.142768],[126.917482,35.142768],[126.917483,35.142767],[126.917484,35.142767],[126.917484,35.142766],[126.917485,35.142766],[126.917485,35.142765],[126.917485,35.142764],[126.917485,35.142763],[126.917485,35.142762],[126.917484,35.142762],[126.917484,35.142761],[126.917483,35.142761],[126.917482,35.14276],[126.917482,35.14276],[126.917481,35.14276],[126.91748,35.14276],[126.917479,35.14276],[126.917478,35.14276],[126.917477,35.14276],[126.917476,35.142761],[126.917475,35.142761],[126.917475,35.142762],[126.917475,35.142762],[126.917474,35.142763],[126.917474,35.142764],[126.917474,35.142765],[126.917475,35.142766],[126.917475,35.142766],[126.917475,35.142767],[126.917476,35.142767],[126.917477,35.142768],[126.917478,35.142768],[126.917479,35.142768],[126.91748,35.142769]]]]}},{"type":"Feature","id":"1951192409461828123100000000","properties":{"id":"1951192409461828123100000000","pnu":"1221011400100200002","year":1951,"purpose":"제1종 근린생활시설"},"geometry":{"type":"MultiPolygon","coordinates":[[[[126.917528,35.14446],[126.91756,35.144385],[126.917499,35.144363],[126.917468,35.144441],[126.917528,35.14446]]]]}},{"type":"Feature","id":"1951192410851825305600000000","properties":{"id":"1951192410851825305600000000","pnu":"1221011400102110026","year":1951,"purpose":"제1종 근린생활시설"},"geometry":{"type":"MultiPolygon","coordinates":[[[[126.917532,35.141877],[126.917532,35.141877],[126.917533,35.141877],[126.917534,35.141876],[126.917535,35.141876],[126.917536,35.141875],[126.917536,35.141875],[126.917537,35.141874],[126.917537,35.141873],[126.917537,35.141872],[126.917537,35.141872],[126.917537,35.141871],[126.917536,35.14187],[126.917536,35.141869],[126.917535,35.141869],[126.917534,35.141868],[126.917533,35.141868],[126.917532,35.141868],[126.917532,35.141868],[126.917531,35.141868],[126.91753,35.141868],[126.917529,35.141868],[126.917528,35.141869],[126.917527,35.141869],[126.917527,35.14187],[126.917526,35.141871],[126.917526,35.141872],[126.917526,35.141872],[126.917526,35.141873],[126.917526,35.141874],[126.917527,35.141875],[126.917527,35.141875],[126.917528,35.141876],[126.917529,35.141876],[126.91753,35.141877],[126.917531,35.141877],[126.917532,35.141877]]]]}},{"type":"Feature","id":"1951192414541825386600000000","properties":{"id":"1951192414541825386600000000","pnu":"1221011400102110026","year":1951,"purpose":"단독주택"},"geometry":{"type":"MultiPolygon","coordinates":[[[[126.917572,35.14195],[126.917573,35.14195],[126.917574,35.14195],[126.917575,35.141949],[126.917575,35.141949],[126.917576,35.141948],[126.917577,35.141948],[126.917577,35.141947],[126.917577,35.141946],[126.917577,35.141945],[126.917577,35.141945],[126.917577,35.141944],[126.917577,35.141943],[126.917576,35.141943],[126.917575,35.141942],[126.917575,35.141941],[126.917574,35.141941],[126.917573,35.141941],[126.917572,35.141941],[126.917571,35.141941],[126.91757,35.141941],[126.917569,35.141941],[126.917568,35.141942],[126.917568,35.141942],[126.917567,35.141943],[126.917567,35.141944],[126.917567,35.141945],[126.917566,35.141945],[126.917567,35.141946],[126.917567,35.141947],[126.917567,35.141948],[126.917568,35.141948],[126.917568,35.141949],[126.917569,35.141949],[126.91757,35.14195],[126.917571,35.14195],[126.917572,35.14195]]]]}},{"type":"Feature","id":"1951192419381828131800000000","properties":{"id":"1951192419381828131800000000","pnu":"1221011400100200002","year":1951,"purpose":"제1종 근린생활시설"},"geometry":{"type":"MultiPolygon","coordinates":[[[[126.917627,35.144518],[126.917724,35.144332],[126.917642,35.144301],[126.917515,35.144503],[126.917589,35.144527],[126.917627,35.144518]]]]}},{"type":"Feature","id":"1951192419551826758200000000","properties":{"id":"1951192419551826758200000000","pnu":"1221011400101400001","purpose":"단독주택"},"geometry":{"type":"MultiPolygon","coordinates":[[[[126.917586,35.143256],[126.917709,35.143164],[126.917638,35.143106],[126.917599,35.143143],[126.917614,35.143158],[126.917544,35.143214],[126.917586,35.143256]]]]}},{"type":"Feature","id":"1951192419561827332500000000","properties":{"id":"1951192419561827332500000000","pnu":"1221011400100930001","year":1951,"purpose":"단독주택"},"geometry":{"type":"MultiPolygon","coordinates":[[[[126.917551,35.143639],[126.917524,35.143677],[126.917695,35.143759],[126.917728,35.143722],[126.917551,35.143639]]]]}},{"type":"Feature","id":"1951192420511825190300000000","properties":{"id":"1951192420511825190300000000","pnu":"1221011400102110027","purpose":"기타","structure":"일반목구조"},"geometry":{"type":"MultiPolygon","coordinates":[[[[126.917638,35.141773],[126.917638,35.141773],[126.917639,35.141773],[126.91764,35.141772],[126.917641,35.141772],[126.917642,35.141771],[126.917642,35.141771],[126.917643,35.14177],[126.917643,35.141769],[126.917643,35.141768],[126.917643,35.141768],[126.917643,35.141767],[126.917642,35.141766],[126.917642,35.141766],[126.917641,35.141765],[126.91764,35.141765],[126.917639,35.141764],[126.917639,35.141764],[126.917638,35.141764],[126.917637,35.141764],[126.917636,35.141764],[126.917635,35.141765],[126.917634,35.141765],[126.917633,35.141766],[126.917633,35.141766],[126.917632,35.141767],[126.917632,35.141768],[126.917632,35.141768],[126.917632,35.141769],[126.917632,35.14177],[126.917633,35.141771],[126.917633,35.141771],[126.917634,35.141772],[126.917635,35.141772],[126.917636,35.141773],[126.917637,35.141773],[126.917638,35.141773]]]]}},{"type":"Feature","id":"1951192421601825354500000000","properties":{"id":"1951192421601825354500000000","pnu":"1221011400102110026","purpose":"기타","structure":"일반목구조"},"geometry":{"type":"MultiPolygon","coordinates":[[[[126.917649,35.141921],[126.91765,35.141921],[126.917651,35.141921],[126.917652,35.14192],[126.917653,35.14192],[126.917654,35.141919],[126.917654,35.141919],[126.917655,35.141918],[126.917655,35.141917],[126.917655,35.141917],[126.917655,35.141916],[126.917655,35.141915],[126.917654,35.141914],[126.917654,35.141914],[126.917653,35.141913],[126.917652,35.141913],[126.917651,35.141912],[126.91765,35.141912],[126.917649,35.141912],[126.917648,35.141912],[126.917648,35.141912],[126.917647,35.141913],[126.917646,35.141913],[126.917645,35.141914],[126.917645,35.141914],[126.917644,35.141915],[126.917644,35.141916],[126.917644,35.141917],[126.917644,35.141917],[126.917644,35.141918],[126.917645,35.141919],[126.917645,35.141919],[126.917646,35.14192],[126.917647,35.14192],[126.917648,35.141921],[126.917648,35.141921],[126.917649,35.141921]]]]}},{"type":"Feature","id":"1951192422771825289600000000","properties":{"id":"1951192422771825289600000000","pnu":"1221011400102110027","purpose":"단독주택","floors":1,"structure":"일반목구조"},"geometry":{"type":"MultiPolygon","coordinates":[[[[126.917685,35.141911],[126.917726,35.141849],[126.91764,35.141809],[126.917596,35.141859],[126.917685,35.141911]]]]}},{"type":"Feature","id":"1951192423671826900400000000","properties":{"id":"1951192423671826900400000000","pnu":"1221011400101400000","purpose":"단독주택"},"geometry":{"type":"MultiPolygon","coordinates":[[[[126.917716,35.143368],[126.917761,35.143328],[126.917692,35.143282],[126.917679,35.14329],[126.917609,35.143254],[126.917574,35.143284],[126.917716,35.143368]]]]}},{"type":"Feature","id":"1951192425461825582300000000","properties":{"id":"1951192425461825582300000000","pnu":"1221011400102110015","purpose":"단독주택","floors":1,"structure":"일반목구조"},"geometry":{"type":"MultiPolygon","coordinates":[[[[126.917725,35.14218],[126.91776,35.142126],[126.91766,35.142065],[126.917621,35.142115],[126.917725,35.14218]]]]}},{"type":"Feature","id":"1951192427701825466300000000","properties":{"id":"1951192427701825466300000000","pnu":"1221011400102110025","year":1951,"purpose":"단독주택"},"geometry":{"type":"MultiPolygon","coordinates":[[[[126.917742,35.142084],[126.917798,35.142007],[126.917689,35.141952],[126.917634,35.142027],[126.917742,35.142084]]]]}},{"type":"Feature","id":"1951192428061826767600000000","properties":{"id":"1951192428061826767600000000","pnu":"1221011400101400000","purpose":"단독주택","structure":"일반목구조"},"geometry":{"type":"MultiPolygon","coordinates":[[[[126.917701,35.143221],[126.917755,35.143171],[126.917735,35.143162],[126.917686,35.143205],[126.917701,35.143221]]]]}},{"type":"Feature","id":"1951192429161825718900000000","properties":{"id":"1951192429161825718900000000","pnu":"1221011400102110003","purpose":"단독주택","floors":1,"structure":"일반목구조"},"geometry":{"type":"MultiPolygon","coordinates":[[[[126.917752,35.142298],[126.917797,35.142238],[126.91771,35.142196],[126.917666,35.142245],[126.917752,35.142298]]]]}},{"type":"Feature","id":"1951192430541825099000000000","properties":{"id":"1951192430541825099000000000","pnu":"1221011400102110029","purpose":"단독주택"},"geometry":{"type":"MultiPolygon","coordinates":[[[[126.917632,35.141726],[126.917759,35.141783],[126.917858,35.141648],[126.917748,35.141586],[126.917632,35.141726]]]]}},{"type":"Feature","id":"1951192431391826832700000000","properties":{"id":"1951192431391826832700000000","pnu":"1221011400101400000","purpose":"단독주택","floors":1,"structure":"일반목구조"},"geometry":{"type":"MultiPolygon","coordinates":[[[[126.917739,35.143312],[126.917833,35.143238],[126.917769,35.143186],[126.917679,35.14326],[126.917739,35.143312]]]]}},{"type":"Feature","id":"1951192433411825355900000000","properties":{"id":"1951192433411825355900000000","pnu":"1221011400102110029","purpose":"단독주택"},"geometry":{"type":"MultiPolygon","coordinates":[[[[126.917805,35.141974],[126.917849,35.141919],[126.917756,35.141861],[126.917708,35.141918],[126.917805,35.141974]]]]}},{"type":"Feature","id":"1951192435891826766400000000","properties":{"id":"1951192435891826766400000000","pnu":"1221011400101400000","purpose":"단독주택"},"geometry":{"type":"MultiPolygon","coordinates":[[[[126.917846,35.143239],[126.917864,35.143215],[126.917764,35.143142],[126.917741,35.143157],[126.917846,35.143239]]]]}},{"type":"Feature","id":"1951192436021825434600000000","properties":{"id":"1951192436021825434600000000","pnu":"1221011400102110025","year":1951,"purpose":"단독주택"},"geometry":{"type":"MultiPolygon","coordinates":[[[[126.917808,35.141993],[126.917809,35.141993],[126.917809,35.141993],[126.91781,35.141993],[126.917811,35.141992],[126.917812,35.141992],[126.917812,35.141991],[126.917813,35.14199],[126.917813,35.14199],[126.917813,35.141989],[126.917813,35.141988],[126.917813,35.141987],[126.917812,35.141987],[126.917812,35.141986],[126.917811,35.141985],[126.91781,35.141985],[126.917809,35.141985],[126.917809,35.141984],[126.917808,35.141984],[126.917807,35.141984],[126.917806,35.141985],[126.917805,35.141985],[126.917804,35.141985],[126.917803,35.141986],[126.917803,35.141987],[126.917802,35.141987],[126.917802,35.141988],[126.917802,35.141989],[126.917802,35.14199],[126.917802,35.14199],[126.917803,35.141991],[126.917803,35.141992],[126.917804,35.141992],[126.917805,35.141993],[126.917806,35.141993],[126.917807,35.141993],[126.917808,35.141993]]]]}},{"type":"Feature","id":"1951192440631825226800000000","properties":{"id":"1951192440631825226800000000","pnu":"1221011400102110029","purpose":"제1종 근린생활시설"},"geometry":{"type":"MultiPolygon","coordinates":[[[[126.917893,35.141871],[126.917948,35.141796],[126.917828,35.141731],[126.917767,35.141808],[126.917893,35.141871]]]]}},{"type":"Feature","id":"1951192441101826494400000000","properties":{"id":"1951192441101826494400000000","pnu":"1221011400101470002","purpose":"기타"},"geometry":{"type":"MultiPolygon","coordinates":[[[[126.91781,35.14295],[126.917875,35.142981],[126.91792,35.142944],[126.917842,35.142904],[126.91781,35.14295]]]]}},{"type":"Feature","id":"1951192444261826427000000000","properties":{"id":"1951192444261826427000000000","pnu":"1221011400101470005","year":1951,"purpose":"단독주택"},"geometry":{"type":"MultiPolygon","coordinates":[[[[126.917822,35.142883],[126.917935,35.142935],[126.917975,35.142887],[126.917857,35.14283],[126.917822,35.142883]]]]}},{"type":"Feature","id":"1951192444741826853200000000","properties":{"id":"1951192444741826853200000000","pnu":"1221011400101390002","purpose":"단독주택"},"geometry":{"type":"MultiPolygon","coordinates":[[[[126.917924,35.143315],[126.917964,35.143267],[126.917879,35.14322],[126.91784,35.143266],[126.917924,35.143315]]]]}},{"type":"Feature","id":"1951192447461826372500000000","properties":{"id":"1951192447461826372500000000","pnu":"1221011400101470005","year":1951,"purpose":"단독주택"},"geometry":{"type":"MultiPolygon","coordinates":[[[[126.91797,35.142818],[126.917923,35.142801],[126.917893,35.142844],[126.917943,35.14287],[126.91797,35.142818]]]]}},{"type":"Feature","id":"1951192471371826992700000000","properties":{"id":"1951192471371826992700000000","pnu":"1221011400101370000","purpose":"제2종 근린생활시설"},"geometry":{"type":"MultiPolygon","coordinates":[[[[126.91814,35.143318],[126.918117,35.143444],[126.918235,35.143458],[126.918291,35.143367],[126.91814,35.143318]]]]}},{"type":"Feature","id":"1951192471871827415300000000","properties":{"id":"1951192471871827415300000000","pnu":"1221011400100980005","purpose":"제2종 근린생활시설","floors":1,"structure":"일반목구조"},"geometry":{"type":"MultiPolygon","coordinates":[[[[126.918187,35.14386],[126.918272,35.143712],[126.91821,35.143691],[126.918127,35.143835],[126.918187,35.14386]]]]}},{"type":"Feature","id":"1951192473061826001700000000","properties":{"id":"1951192473061826001700000000","pnu":"1221011400102020001","purpose":"단독주택","floors":1,"structure":"일반목구조"},"geometry":{"type":"MultiPolygon","coordinates":[[[[126.918241,35.142557],[126.918283,35.142499],[126.918189,35.142446],[126.918141,35.142497],[126.918241,35.142557]]]]}},{"type":"Feature","id":"1951192474741828955200000000","properties":{"id":"1951192474741828955200000000","pnu":"1221011200101800000","purpose":"단독주택"},"geometry":{"type":"MultiPolygon","coordinates":[[[[126.91817,35.145128],[126.918157,35.145182],[126.918295,35.145194],[126.918301,35.145145],[126.91817,35.145128]]]]}},{"type":"Feature","id":"1951192475411825755800000000","properties":{"id":"1951192475411825755800000000","pnu":"1221011400102020002","purpose":"기타","structure":"블록구조"},"geometry":{"type":"MultiPolygon","coordinates":[[[[126.918225,35.142232],[126.918175,35.142289],[126.918218,35.142315],[126.918236,35.142296],[126.918273,35.142315],[126.918309,35.142282],[126.918225,35.142232]]]]}},{"type":"Feature","id":"1951192475441827478600000000","properties":{"id":"1951192475441827478600000000","pnu":"1221011400100980001","purpose":"제2종 근린생활시설"},"geometry":{"type":"MultiPolygon","coordinates":[[[[126.9182,35.143852],[126.918268,35.143846],[126.918273,35.143819],[126.918223,35.143808],[126.9182,35.143852]]]]}},{"type":"Feature","id":"1951192475541825275900000000","properties":{"id":"1951192475541825275900000000","pnu":"1221011400102150004","year":1951,"purpose":"제1종 근린생활시설"},"geometry":{"type":"MultiPolygon","coordinates":[[[[126.918288,35.141835],[126.91823,35.141809],[126.918197,35.141857],[126.918248,35.141884],[126.918288,35.141835]]]]}},{"type":"Feature","id":"1951192479071825542600000000","properties":{"id":"1951192479071825542600000000","pnu":"1221011400102170003","purpose":"단독주택","far":85.18,"floors":1,"structure":"일반목구조"},"geometry":{"type":"MultiPolygon","coordinates":[[[[126.918312,35.142121],[126.918333,35.142077],[126.918242,35.142055],[126.918226,35.14209],[126.918312,35.142121]]]]}},{"type":"Feature","id":"1951192480231825320800000000","properties":{"id":"1951192480231825320800000000","pnu":"1221011400102150004","year":1951,"purpose":"단독주택"},"geometry":{"type":"MultiPolygon","coordinates":[[[[126.918293,35.141933],[126.918344,35.141865],[126.918295,35.14184],[126.918241,35.141907],[126.918293,35.141933]]]]}},{"type":"Feature","id":"1951192480311825653000000000","properties":{"id":"1951192480311825653000000000","pnu":"1221011400102020005","purpose":"단독주택","floors":1,"structure":"일반목구조"},"geometry":{"type":"MultiPolygon","coordinates":[[[[126.918264,35.142235],[126.918358,35.142147],[126.918333,35.142134],[126.918269,35.142193],[126.918255,35.142188],[126.918232,35.142212],[126.918264,35.142235]]]]}},{"type":"Feature","id":"1951192480511825845200000000","properties":{"id":"1951192480511825845200000000","pnu":"1221011400102020002","purpose":"단독주택","floors":1,"structure":"일반목구조"},"geometry":{"type":"MultiPolygon","coordinates":[[[[126.91832,35.142289],[126.918213,35.142392],[126.918267,35.142429],[126.918379,35.142329],[126.91832,35.142289]]]]}},{"type":"Feature","id":"1951192484671825464600000000","properties":{"id":"1951192484671825464600000000","pnu":"1221011400102010004","purpose":"단독주택"},"geometry":{"type":"MultiPolygon","coordinates":[[[[126.918355,35.142066],[126.918403,35.141998],[126.918365,35.14198],[126.918354,35.141991],[126.918312,35.141977],[126.918279,35.14202],[126.918355,35.142066]]]]}},{"type":"Feature","id":"1951192485171825209400000000","properties":{"id":"1951192485171825209400000000","pnu":"1221011400102160004","year":1951,"purpose":"단독주택"},"geometry":{"type":"MultiPolygon","coordinates":[[[[126.91837,35.14187],[126.918461,35.141758],[126.918356,35.141717],[126.918286,35.141733],[126.918236,35.141805],[126.91837,35.14187]]]]}},{"type":"Feature","id":"1951192488591828874700000000","properties":{"id":"1951192488591828874700000000","pnu":"1221011200101790006","year":1951,"purpose":"단독주택"},"geometry":{"type":"MultiPolygon","coordinates":[[[[126.918426,35.145127],[126.918451,35.145072],[126.918331,35.145052],[126.918317,35.14511],[126.918426,35.145127]]]]}},{"type":"Feature","id":"1951192491381827932600000000","properties":{"id":"1951192491381827932600000000","pnu":"1221011400101070000","purpose":"제1종 근린생활시설","floors":1,"structure":"일반목구조"},"geometry":{"type":"MultiPolygon","coordinates":[[[[126.918494,35.1443],[126.91851,35.144267],[126.918352,35.14418],[126.918319,35.144226],[126.918494,35.1443]]]]}},{"type":"Feature","id":"1951192494801828815000000000","properties":{"id":"1951192494801828815000000000","pnu":"1221011200101790006","year":1951,"purpose":"단독주택"},"geometry":{"type":"MultiPolygon","coordinates":[[[[126.918416,35.145061],[126.918471,35.145069],[126.918483,35.145011],[126.918428,35.145003],[126.918416,35.145061]]]]}},{"type":"Feature","id":"1951192495751829157600000000","properties":{"id":"1951192495751829157600000000","pnu":"1221011200101790001","purpose":"제1종 근린생활시설","floors":1,"structure":"일반목구조"},"geometry":{"type":"MultiPolygon","coordinates":[[[[126.918506,35.145321],[126.918431,35.145307],[126.918413,35.145371],[126.918489,35.145381],[126.918506,35.145321]]]]}},{"type":"Feature","id":"1951192498101829068000000000","properties":{"id":"1951192498101829068000000000","pnu":"1221011200101790001","purpose":"제1종 근린생활시설","floors":1,"structure":"일반목구조"},"geometry":{"type":"MultiPolygon","coordinates":[[[[126.918507,35.145317],[126.918542,35.145229],[126.918464,35.145211],[126.918429,35.145301],[126.918507,35.145317]]]]}},{"type":"Feature","id":"1951192501461827481000000000","properties":{"id":"1951192501461827481000000000","pnu":"1221011400101150000","purpose":"기타","structure":"블록구조"},"geometry":{"type":"MultiPolygon","coordinates":[[[[126.918548,35.143861],[126.918563,35.143839],[126.918501,35.143806],[126.918485,35.14383],[126.918548,35.143861]]]]}},{"type":"Feature","id":"1951192503221824207600000000","properties":{"id":"1951192503221824207600000000","pnu":"1221012200101650014","year":1951,"purpose":"단독주택"},"geometry":{"type":"MultiPolygon","coordinates":[[[[126.918529,35.140939],[126.918604,35.140851],[126.918562,35.140829],[126.918489,35.140915],[126.918529,35.140939]]]]}},{"type":"Feature","id":"1951192509341825358300000000","properties":{"id":"1951192509341825358300000000","pnu":"1221011400101990000","year":1951,"purpose":"단독주택"},"geometry":{"type":"MultiPolygon","coordinates":[[[[126.918549,35.141856],[126.918505,35.141905],[126.91865,35.141991],[126.918714,35.14192],[126.918656,35.14188],[126.918634,35.1419],[126.918549,35.141856]]]]}},{"type":"Feature","id":"1951192509511827452300000000","properties":{"id":"1951192509511827452300000000","pnu":"1221011400101150000","year":1951,"purpose":"단독주택"},"geometry":{"type":"MultiPolygon","coordinates":[[[[126.918659,35.143868],[126.918685,35.143819],[126.918564,35.143752],[126.918534,35.143787],[126.918659,35.143868]]]]}},{"type":"Feature","id":"1951192514661826139500000000","properties":{"id":"1951192514661826139500000000","pnu":"1221011400101900002","year":1951,"purpose":"단독주택"},"geometry":{"type":"MultiPolygon","coordinates":[[[[126.918644,35.142591],[126.918621,35.142629],[126.918696,35.142659],[126.918717,35.142618],[126.918644,35.142591]]]]}},{"type":"Feature","id":"1951192517331827509400000000","properties":{"id":"1951192517331827509400000000","pnu":"1221011400101150000","year":1951,"purpose":"단독주택"},"geometry":{"type":"MultiPolygon","coordinates":[[[[126.918659,35.143886],[126.918697,35.143901],[126.918736,35.143833],[126.918701,35.143817],[126.918659,35.143886]]]]}},{"type":"Feature","id":"1951192517631825309300000000","properties":{"id":"1951192517631825309300000000","pnu":"1221011400101990000","year":1951,"purpose":"단독주택"},"geometry":{"type":"MultiPolygon","coordinates":[[[[126.918666,35.141837],[126.91865,35.141864],[126.918731,35.141925],[126.91875,35.14187],[126.918666,35.141837]]]]}},{"type":"Feature","id":"1951192519881825060000000000","properties":{"id":"1951192519881825060000000000","pnu":"1221012200101430003","purpose":"단독주택","floors":1,"structure":"벽돌구조"},"geometry":{"type":"MultiPolygon","coordinates":[[[[126.918765,35.141723],[126.9188,35.141668],[126.9188,35.14162],[126.918696,35.141579],[126.918639,35.141674],[126.918765,35.141723]]]]}},{"type":"Feature","id":"1951192522871826587300000000","properties":{"id":"1951192522871826587300000000","pnu":"1221011400101250000","year":1951,"purpose":"단독주택"},"geometry":{"type":"MultiPolygon","coordinates":[[[[126.918746,35.143007],[126.918732,35.143034],[126.918771,35.143049],[126.918788,35.143024],[126.918746,35.143007]]]]}},{"type":"Feature","id":"1951192523351826684900000000","properties":{"id":"1951192523351826684900000000","pnu":"1221011400101250000","purpose":"단독주택"},"geometry":{"type":"MultiPolygon","coordinates":[[[[126.918733,35.143072],[126.918701,35.143114],[126.918797,35.143161],[126.918828,35.143118],[126.918733,35.143072]]]]}},{"type":"Feature","id":"1951192528661828019800000000","properties":{"id":"1951192528661828019800000000","pnu":"1221011200101520000","year":1951,"purpose":"제2종 근린생활시설"},"geometry":{"type":"MultiPolygon","coordinates":[[[[126.918795,35.144285],[126.918775,35.144325],[126.918854,35.14435],[126.91887,35.144321],[126.918795,35.144285]]]]}},{"type":"Feature","id":"1951192528841824940400000000","properties":{"id":"1951192528841824940400000000","pnu":"1221012200101440001","purpose":"기타"},"geometry":{"type":"MultiPolygon","coordinates":[[[[126.918827,35.141549],[126.918827,35.141549],[126.918828,35.141548],[126.918829,35.141548],[126.91883,35.141548],[126.918831,35.141547],[126.918831,35.141546],[126.918832,35.141546],[126.918832,35.141545],[126.918832,35.141544],[126.918832,35.141543],[126.918832,35.141543],[126.918831,35.141542],[126.918831,35.141541],[126.91883,35.141541],[126.918829,35.14154],[126.918828,35.14154],[126.918827,35.14154],[126.918827,35.14154],[126.918826,35.14154],[126.918825,35.14154],[126.918824,35.14154],[126.918823,35.141541],[126.918822,35.141541],[126.918822,35.141542],[126.918821,35.141543],[126.918821,35.141543],[126.918821,35.141544],[126.918821,35.141545],[126.918821,35.141546],[126.918822,35.141546],[126.918822,35.141547],[126.918823,35.141548],[126.918824,35.141548],[126.918825,35.141548],[126.918826,35.141549],[126.918827,35.141549]]]]}},{"type":"Feature","id":"1951192530291824876400000000","properties":{"id":"1951192530291824876400000000","pnu":"1221012200101440001","purpose":"단독주택"},"geometry":{"type":"MultiPolygon","coordinates":[[[[126.918911,35.141515],[126.918913,35.141463],[126.918775,35.141456],[126.918773,35.141511],[126.918911,35.141515]]]]}},{"type":"Feature","id":"1951192533311826220800000000","properties":{"id":"1951192533311826220800000000","pnu":"1221011400101880005","purpose":"단독주택"},"geometry":{"type":"MultiPolygon","coordinates":[[[[126.918913,35.142748],[126.918944,35.142691],[126.918834,35.142651],[126.918804,35.142701],[126.918913,35.142748]]]]}},{"type":"Feature","id":"1951192533541828105900000000","properties":{"id":"1951192533541828105900000000","pnu":"1221011200101520000","year":1951,"purpose":"단독주택"},"geometry":{"type":"MultiPolygon","coordinates":[[[[126.918717,35.144384],[126.918929,35.144472],[126.919006,35.144437],[126.918997,35.14435],[126.918967,35.144339],[126.918937,35.14439],[126.918757,35.144322],[126.918717,35.144384]]]]}},{"type":"Feature","id":"1951192536581826172700000000","properties":{"id":"1951192536581826172700000000","pnu":"1221011400101880005","purpose":"기타"},"geometry":{"type":"MultiPolygon","coordinates":[[[[126.918955,35.142688],[126.918964,35.14266],[126.918867,35.142622],[126.918855,35.142649],[126.918955,35.142688]]]]}},{"type":"Feature","id":"1951192537091828037500000000","properties":{"id":"1951192537091828037500000000","pnu":"1221011200101520000","year":1951,"purpose":"제1종 근린생활시설"},"geometry":{"type":"MultiPolygon","coordinates":[[[[126.918867,35.144336],[126.918944,35.144366],[126.918961,35.144335],[126.918885,35.144306],[126.918867,35.144336]]]]}},{"type":"Feature","id":"1951192539211827389700000000","properties":{"id":"1951192539211827389700000000","pnu":"1221011400101170001","purpose":"단독주택"},"geometry":{"type":"MultiPolygon","coordinates":[[[[126.918979,35.143805],[126.919013,35.143755],[126.918902,35.143698],[126.918862,35.143751],[126.918979,35.143805]]]]}},{"type":"Feature","id":"1951192543811827320200000000","properties":{"id":"1951192543811827320200000000","pnu":"1221011400101170002","purpose":"단독주택","floors":1,"structure":"일반목구조"},"geometry":{"type":"MultiPolygon","coordinates":[[[[126.919033,35.143739],[126.919059,35.143693],[126.918951,35.143642],[126.918912,35.143681],[126.919033,35.143739]]]]}},{"type":"Feature","id":"1952192418931827615800000000","properties":{"id":"1952192418931827615800000000","pnu":"1221011400100860004","purpose":"제1종 근린생활시설","floors":1,"structure":"일반목구조"},"geometry":{"type":"MultiPolygon","coordinates":[[[[126.917679,35.143993],[126.917691,35.143935],[126.917557,35.143917],[126.917545,35.143975],[126.917679,35.143993]]]]}},{"type":"Feature","id":"1953192317101826901500000000","properties":{"id":"1953192317101826901500000000","pnu":"1221011400100570053","purpose":"단독주택","floors":1,"structure":"일반목구조"},"geometry":{"type":"MultiPolygon","coordinates":[[[[126.9165,35.143347],[126.916543,35.143318],[126.916506,35.143275],[126.916458,35.1433],[126.9165,35.143347]]]]}},{"type":"Feature","id":"1953192420261831620000000000","properties":{"id":"1953192420261831620000000000","pnu":"1221012700100020000","purpose":"기타"},"geometry":{"type":"MultiPolygon","coordinates":[[[[126.91763,35.147645],[126.917728,35.147573],[126.917631,35.147478],[126.917528,35.147564],[126.91763,35.147645]]]]}},{"type":"Feature","id":"1953192483061824261400000000","properties":{"id":"1953192483061824261400000000","pnu":"1221012200101650010","purpose":"제1종 근린생활시설"},"geometry":{"type":"MultiPolygon","coordinates":[[[[126.918337,35.140878],[126.918273,35.140962],[126.918311,35.140987],[126.918378,35.140899],[126.918337,35.140878]]]]}},{"type":"Feature","id":"1953192488551824283500000000","properties":{"id":"1953192488551824283500000000","pnu":"1221012200101650010","purpose":"제1종 근린생활시설"},"geometry":{"type":"MultiPolygon","coordinates":[[[[126.918457,35.140914],[126.918396,35.140882],[126.918313,35.14099],[126.918374,35.141021],[126.918457,35.140914]]]]}},{"type":"Feature","id":"1953192494121824315100000000","properties":{"id":"1953192494121824315100000000","pnu":"1221012200101650010","purpose":"제1종 근린생활시설"},"geometry":{"type":"MultiPolygon","coordinates":[[[[126.918432,35.141047],[126.918509,35.140945],[126.918461,35.140915],[126.918383,35.141013],[126.918432,35.141047]]]]}},{"type":"Feature","id":"1954192362501826025900000000","properties":{"id":"1954192362501826025900000000","pnu":"1221011400100540020","purpose":"제1종 근린생활시설","floors":1,"structure":"일반목구조"},"geometry":{"type":"MultiPolygon","coordinates":[[[[126.917,35.142526],[126.917001,35.142526],[126.917002,35.142525],[126.917003,35.142525],[126.917004,35.142525],[126.917004,35.142524],[126.917005,35.142523],[126.917005,35.142523],[126.917006,35.142522],[126.917006,35.142521],[126.917006,35.14252],[126.917005,35.14252],[126.917005,35.142519],[126.917004,35.142518],[126.917004,35.142518],[126.917003,35.142517],[126.917002,35.142517],[126.917001,35.142517],[126.917,35.142517],[126.916999,35.142517],[126.916998,35.142517],[126.916998,35.142517],[126.916997,35.142518],[126.916996,35.142518],[126.916996,35.142519],[126.916995,35.14252],[126.916995,35.14252],[126.916995,35.142521],[126.916995,35.142522],[126.916995,35.142523],[126.916996,35.142523],[126.916996,35.142524],[126.916997,35.142525],[126.916998,35.142525],[126.916998,35.142525],[126.916999,35.142526],[126.917,35.142526]]]]}},{"type":"Feature","id":"1955192199321831968200000000","properties":{"id":"1955192199321831968200000000","pnu":"1221011700100150000","purpose":"제1종 근린생활시설","floors":2,"structure":"일반목구조"},"geometry":{"type":"MultiPolygon","coordinates":[[[[126.915216,35.147939],[126.915269,35.147895],[126.915269,35.147879],[126.915195,35.147815],[126.915129,35.147862],[126.915216,35.147939]]]]}},{"type":"Feature","id":"1955192206871831475000000000","properties":{"id":"1955192206871831475000000000","pnu":"1221011700100220002","year":1955,"purpose":"제2종 근린생활시설","far":33.44,"floors":1,"structure":"일반목구조"},"geometry":{"type":"MultiPolygon","coordinates":[[[[126.915315,35.147494],[126.915343,35.147394],[126.915255,35.147378],[126.915234,35.147418],[126.915247,35.147423],[126.915232,35.14746],[126.915315,35.147494]]]]}},{"type":"Feature","id":"1955192495481828172500000000","properties":{"id":"1955192495481828172500000000","pnu":"1221011400100110002","purpose":"단독주택","floors":1,"structure":"일반목구조"},"geometry":{"type":"MultiPolygon","coordinates":[[[[126.918465,35.144489],[126.91849,35.144442],[126.918446,35.144425],[126.918428,35.144476],[126.918465,35.144489]]]]}},{"type":"Feature","id":"1958192303021827010300000000","properties":{"id":"1958192303021827010300000000","pnu":"1221011400100570051","purpose":"단독주택","floors":1,"structure":"일반목구조"},"geometry":{"type":"MultiPolygon","coordinates":[[[[126.916355,35.143464],[126.916404,35.143438],[126.916345,35.143351],[126.916286,35.143384],[126.916355,35.143464]]]]}},{"type":"Feature","id":"1958192309031826964200000000","properties":{"id":"1958192309031826964200000000","pnu":"1221011400100570051","purpose":"기타","structure":"일반목구조"},"geometry":{"type":"MultiPolygon","coordinates":[[[[126.916413,35.143371],[126.916414,35.143371],[126.916414,35.143371],[126.916415,35.14337],[126.916416,35.14337],[126.916417,35.143369],[126.916417,35.143369],[126.916418,35.143368],[126.916418,35.143367],[126.916418,35.143367],[126.916418,35.143366],[126.916418,35.143365],[126.916417,35.143364],[126.916417,35.143364],[126.916416,35.143363],[126.916415,35.143363],[126.916414,35.143362],[126.916414,35.143362],[126.916413,35.143362],[126.916412,35.143362],[126.916411,35.143362],[126.91641,35.143363],[126.916409,35.143363],[126.916408,35.143364],[126.916408,35.143364],[126.916407,35.143365],[126.916407,35.143366],[126.916407,35.143367],[126.916407,35.143367],[126.916407,35.143368],[126.916408,35.143369],[126.916408,35.143369],[126.916409,35.14337],[126.91641,35.14337],[126.916411,35.143371],[126.916412,35.143371],[126.916413,35.143371]]]]}},{"type":"Feature","id":"1958192402781828903300000000","properties":{"id":"1958192402781828903300000000","pnu":"1221011400100020003","year":1958,"purpose":"제1종 근린생활시설"},"geometry":{"type":"MultiPolygon","coordinates":[[[[126.917371,35.145144],[126.917474,35.145173],[126.917499,35.145097],[126.917474,35.14509],[126.917481,35.145067],[126.91743,35.145052],[126.917413,35.145081],[126.917404,35.145079],[126.917371,35.145144]]]]}},{"type":"Feature","id":"1958192471341826643200000000","properties":{"id":"1958192471341826643200000000","pnu":"1221011400101510001","purpose":"단독주택"},"geometry":{"type":"MultiPolygon","coordinates":[[[[126.918245,35.143041],[126.918162,35.143025],[126.918146,35.143077],[126.918163,35.14308],[126.918153,35.143127],[126.918219,35.143133],[126.918245,35.143041]]]]}},{"type":"Feature","id":"1958192502331826085500000000","properties":{"id":"1958192502331826085500000000","pnu":"1221011400102030006","purpose":"단독주택","floors":1,"structure":"일반목구조"},"geometry":{"type":"MultiPolygon","coordinates":[[[[126.918464,35.142533],[126.918453,35.142555],[126.918589,35.142619],[126.918614,35.14259],[126.918464,35.142533]]]]}},{"type":"Feature","id":"1959192392871828055900000000","properties":{"id":"1959192392871828055900000000","pnu":"1221011400100190002","year":1959,"purpose":"단독주택"},"geometry":{"type":"MultiPolygon","coordinates":[[[[126.917246,35.144374],[126.91737,35.144421],[126.917417,35.144322],[126.91729,35.144286],[126.917246,35.144374]]]]}},{"type":"Feature","id":"1959192434961826062000000000","properties":{"id":"1959192434961826062000000000","pnu":"1221011400101470018","year":1959,"purpose":"단독주택"},"geometry":{"type":"MultiPolygon","coordinates":[[[[126.9178,35.142615],[126.917881,35.142521],[126.917829,35.142495],[126.917782,35.142543],[126.917736,35.142523],[126.917705,35.142563],[126.9178,35.142615]]]]}},{"type":"Feature","id":"1959192444121827045700000000","properties":{"id":"1959192444121827045700000000","pnu":"1221011400101380001","year":1959,"purpose":"단독주택"},"geometry":{"type":"MultiPolygon","coordinates":[[[[126.917849,35.143414],[126.917838,35.143432],[126.91794,35.14347],[126.917948,35.143447],[126.917849,35.143414]]]]}},{"type":"Feature","id":"1959192454501827049600000000","properties":{"id":"1959192454501827049600000000","pnu":"1221011400101380001","year":1959,"purpose":"단독주택"},"geometry":{"type":"MultiPolygon","coordinates":[[[[126.91796,35.143441],[126.917969,35.143459],[126.918058,35.143447],[126.918051,35.143431],[126.91796,35.143441]]]]}},{"type":"Feature","id":"1959192455071826961400000000","properties":{"id":"1959192455071826961400000000","pnu":"1221011400101380001","year":1959,"purpose":"단독주택"},"geometry":{"type":"MultiPolygon","coordinates":[[[[126.918003,35.143424],[126.91808,35.143331],[126.918032,35.143306],[126.917949,35.143398],[126.918003,35.143424]]]]}},{"type":"Feature","id":"1959192458881825546200000000","properties":{"id":"1959192458881825546200000000","pnu":"1221011400102150006","purpose":"제1종 근린생활시설","floors":1,"structure":"벽돌구조"},"geometry":{"type":"MultiPolygon","coordinates":[[[[126.918033,35.142158],[126.918069,35.142109],[126.918079,35.142112],[126.918123,35.142051],[126.91807,35.142025],[126.917994,35.14214],[126.918033,35.142158]]]]}},{"type":"Feature","id":"1959192461571828896800000000","properties":{"id":"1959192461571828896800000000","pnu":"1221011200101810000","year":1959,"purpose":"단독주택"},"geometry":{"type":"MultiPolygon","coordinates":[[[[126.918125,35.145171],[126.918157,35.145119],[126.918045,35.145051],[126.918009,35.145093],[126.918125,35.145171]]]]}},{"type":"Feature","id":"1959192476941828517600000000","properties":{"id":"1959192476941828517600000000","pnu":"1221011400100100001","year":1959,"purpose":"단독주택"},"geometry":{"type":"MultiPolygon","coordinates":[[[[126.91828,35.144828],[126.918328,35.14475],[126.918216,35.144714],[126.918183,35.144779],[126.91828,35.144828]]]]}},{"type":"Feature","id":"1959192477231826120200000000","properties":{"id":"1959192477231826120200000000","pnu":"1221011400102030003","purpose":"기타","structure":"일반목구조"},"geometry":{"type":"MultiPolygon","coordinates":[[[[126.918247,35.142666],[126.918317,35.142563],[126.918271,35.142547],[126.918201,35.142654],[126.918247,35.142666]]]]}},{"type":"Feature","id":"1959192485161826159200000000","properties":{"id":"1959192485161826159200000000","pnu":"1221011400102030003","purpose":"단독주택","floors":1,"structure":"일반목구조"},"geometry":{"type":"MultiPolygon","coordinates":[[[[126.918357,35.142701],[126.91841,35.142603],[126.918361,35.142581],[126.918321,35.142631],[126.918297,35.142626],[126.918275,35.142665],[126.918357,35.142701]]]]}},{"type":"Feature","id":"1960192389551828645000000000","properties":{"id":"1960192389551828645000000000","pnu":"1221011400100240000","purpose":"제2종 근린생활시설","far":79.877,"floors":1,"structure":"일반목구조"},"geometry":{"type":"MultiPolygon","coordinates":[[[[126.917347,35.144979],[126.917424,35.144852],[126.917238,35.144788],[126.917167,35.144909],[126.917347,35.144979]]]]}},{"type":"Feature","id":"1960192438051826954100000000","properties":{"id":"1960192438051826954100000000","pnu":"1221011400101390001","purpose":"단독주택"},"geometry":{"type":"MultiPolygon","coordinates":[[[[126.917816,35.143417],[126.917894,35.143334],[126.917839,35.143302],[126.917764,35.14338],[126.917816,35.143417]]]]}},{"type":"Feature","id":"1960192474571831115600000000","properties":{"id":"1960192474571831115600000000","pnu":"1221012700100080006","purpose":"제1종 근린생활시설","floors":2,"structure":"일반목구조"},"geometry":{"type":"MultiPolygon","coordinates":[[[[126.918225,35.147114],[126.918226,35.147114],[126.918227,35.147114],[126.918228,35.147114],[126.918229,35.147113],[126.91823,35.147113],[126.91823,35.147112],[126.918231,35.147111],[126.918231,35.14711],[126.918231,35.14711],[126.918231,35.147109],[126.918231,35.147108],[126.91823,35.147107],[126.91823,35.147107],[126.918229,35.147106],[126.918228,35.147106],[126.918227,35.147105],[126.918226,35.147105],[126.918225,35.147105],[126.918224,35.147105],[126.918224,35.147105],[126.918223,35.147106],[126.918222,35.147106],[126.918221,35.147107],[126.918221,35.147107],[126.91822,35.147108],[126.91822,35.147109],[126.91822,35.14711],[126.91822,35.14711],[126.91822,35.147111],[126.918221,35.147112],[126.918221,35.147113],[126.918222,35.147113],[126.918223,35.147114],[126.918224,35.147114],[126.918224,35.147114],[126.918225,35.147114]]]]}},{"type":"Feature","id":"1960192486691828959300000000","properties":{"id":"1960192486691828959300000000","pnu":"1221011200101790005","year":1960,"purpose":"제2종 근린생활시설"},"geometry":{"type":"MultiPolygon","coordinates":[[[[126.918401,35.145211],[126.918418,35.145135],[126.918317,35.145121],[126.918305,35.145199],[126.918401,35.145211]]]]}},{"type":"Feature","id":"1960192487681826059300000000","properties":{"id":"1960192487681826059300000000","pnu":"1221011400102030004","purpose":"단독주택","floors":1,"structure":"일반목구조"},"geometry":{"type":"MultiPolygon","coordinates":[[[[126.918325,35.142503],[126.918296,35.142548],[126.918426,35.142601],[126.918451,35.142559],[126.918325,35.142503]]]]}},{"type":"Feature","id":"1960192509151823924700000000","properties":{"id":"1960192509151823924700000000","pnu":"1221012200101650008","purpose":"기타","structure":"일반목구조"},"geometry":{"type":"MultiPolygon","coordinates":[[[[126.91863,35.140675],[126.918668,35.140616],[126.918622,35.140589],[126.918586,35.140595],[126.918549,35.140636],[126.91863,35.140675]]]]}},{"type":"Feature","id":"1961192272351826973700000000","properties":{"id":"1961192272351826973700000000","pnu":"1221011400100530003","year":1961,"purpose":"제1종 근린생활시설"},"geometry":{"type":"MultiPolygon","coordinates":[[[[126.916014,35.143414],[126.916058,35.143394],[126.915999,35.143333],[126.915966,35.143356],[126.916014,35.143414]]]]}},{"type":"Feature","id":"1961192276531827036600000000","properties":{"id":"1961192276531827036600000000","pnu":"1221011400100530003","year":1961,"purpose":"제1종 근린생활시설"},"geometry":{"type":"MultiPolygon","coordinates":[[[[126.916099,35.143406],[126.916004,35.143427],[126.916013,35.143458],[126.916109,35.143435],[126.916099,35.143406]]]]}},{"type":"Feature","id":"1961192277251826942800000000","properties":{"id":"1961192277251826942800000000","pnu":"1221011400100530003","year":1961,"purpose":"제2종 근린생활시설"},"geometry":{"type":"MultiPolygon","coordinates":[[[[126.916114,35.143357],[126.916043,35.143308],[126.916017,35.143328],[126.916071,35.143387],[126.916114,35.143357]]]]}},{"type":"Feature","id":"1961192282261826901900000000","properties":{"id":"1961192282261826901900000000","pnu":"1221011400100530003","year":1961,"purpose":"제2종 근린생활시설"},"geometry":{"type":"MultiPolygon","coordinates":[[[[126.916141,35.143364],[126.916178,35.143323],[126.916099,35.143259],[126.916057,35.143293],[126.916141,35.143364]]]]}},{"type":"Feature","id":"1961192287131826984300000000","properties":{"id":"1961192287131826984300000000","pnu":"1221011400100530003","year":1961,"purpose":"제2종 근린생활시설"},"geometry":{"type":"MultiPolygon","coordinates":[[[[126.91612,35.143424],[126.916239,35.143392],[126.916184,35.143333],[126.916137,35.143384],[126.916106,35.143396],[126.91612,35.143424]]]]}},{"type":"Feature","id":"1961192348741826624800000000","properties":{"id":"1961192348741826624800000000","pnu":"1221011400100570059","purpose":"단독주택","floors":1,"structure":"일반목구조"},"geometry":{"type":"MultiPolygon","coordinates":[[[[126.91681,35.1431],[126.916905,35.143046],[126.916881,35.143022],[126.916793,35.143078],[126.91681,35.1431]]]]}},{"type":"Feature","id":"1961192543931824417600000000","properties":{"id":"1961192543931824417600000000","pnu":"1221012200100990002","purpose":"단독주택","floors":1,"structure":"일반목구조"},"geometry":{"type":"MultiPolygon","coordinates":[[[[126.918977,35.141124],[126.919053,35.141061],[126.919007,35.14102],[126.918932,35.141089],[126.918977,35.141124]]]]}},{"type":"Feature","id":"1962192087051829604300000000","properties":{"id":"1962192087051829604300000000","pnu":"1221011600100400002","year":1962,"purpose":"단독주택"},"geometry":{"type":"MultiPolygon","coordinates":[[[[126.914003,35.145813],[126.914016,35.145694],[126.913938,35.145688],[126.91393,35.145778],[126.913963,35.145779],[126.913967,35.145812],[126.914003,35.145813]]]]}},{"type":"Feature","id":"1962192176351830560500000000","properties":{"id":"1962192176351830560500000000","pnu":"1221011600100010007","year":1962,"purpose":"단독주택"},"geometry":{"type":"MultiPolygon","coordinates":[[[[126.914953,35.146612],[126.914954,35.146612],[126.914955,35.146611],[126.914956,35.146611],[126.914957,35.146611],[126.914957,35.14661],[126.914958,35.146609],[126.914958,35.146609],[126.914959,35.146608],[126.914959,35.146607],[126.914959,35.146606],[126.914958,35.146606],[126.914958,35.146605],[126.914957,35.146604],[126.914957,35.146604],[126.914956,35.146603],[126.914955,35.146603],[126.914954,35.146603],[126.914953,35.146603],[126.914952,35.146603],[126.914951,35.146603],[126.914951,35.146603],[126.91495,35.146604],[126.914949,35.146604],[126.914949,35.146605],[126.914948,35.146606],[126.914948,35.146606],[126.914948,35.146607],[126.914948,35.146608],[126.914948,35.146609],[126.914949,35.146609],[126.914949,35.14661],[126.91495,35.146611],[126.914951,35.146611],[126.914951,35.146611],[126.914952,35.146612],[126.914953,35.146612]]]]}},{"type":"Feature","id":"1962192176351830649600000000","properties":{"id":"1962192176351830649600000000","pnu":"1221011600100010007","year":1962,"purpose":"단독주택"},"geometry":{"type":"MultiPolygon","coordinates":[[[[126.914985,35.146752],[126.914997,35.146631],[126.914928,35.146617],[126.914905,35.146745],[126.914985,35.146752]]]]}},{"type":"Feature","id":"1962192269821829790000000000","properties":{"id":"1962192269821829790000000000","pnu":"1221011600101100004","purpose":"제2종 근린생활시설","floors":1,"structure":"일반목구조"},"geometry":{"type":"MultiPolygon","coordinates":[[[[126.915979,35.145955],[126.916033,35.145907],[126.915973,35.145874],[126.915929,35.145916],[126.915979,35.145955]]]]}},{"type":"Feature","id":"1962192354031826471400000000","properties":{"id":"1962192354031826471400000000","pnu":"1221011400100540024","year":1962,"purpose":"단독주택"},"geometry":{"type":"MultiPolygon","coordinates":[[[[126.916907,35.142927],[126.916908,35.142927],[126.916909,35.142927],[126.91691,35.142927],[126.91691,35.142926],[126.916911,35.142926],[126.916912,35.142925],[126.916912,35.142924],[126.916912,35.142923],[126.916912,35.142923],[126.916912,35.142922],[126.916912,35.142921],[126.916912,35.14292],[126.916911,35.14292],[126.91691,35.142919],[126.91691,35.142919],[126.916909,35.142918],[126.916908,35.142918],[126.916907,35.142918],[126.916906,35.142918],[126.916905,35.142918],[126.916904,35.142919],[126.916903,35.142919],[126.916903,35.14292],[126.916902,35.14292],[126.916902,35.142921],[126.916901,35.142922],[126.916901,35.142923],[126.916901,35.142923],[126.916902,35.142924],[126.916902,35.142925],[126.916903,35.142926],[126.916903,35.142926],[126.916904,35.142927],[126.916905,35.142927],[126.916906,35.142927],[126.916907,35.142927]]]]}},{"type":"Feature","id":"1962192357421828109100000000","properties":{"id":"1962192357421828109100000000","pnu":"1221011400100350005","year":1962,"purpose":"제2종 근린생활시설"},"geometry":{"type":"MultiPolygon","coordinates":[[[[126.916871,35.14429],[126.916844,35.144421],[126.916887,35.144427],[126.916885,35.144433],[126.917028,35.144469],[126.917034,35.144451],[126.917063,35.144458],[126.917079,35.144415],[126.916907,35.144372],[126.916921,35.144331],[126.916902,35.144327],[126.916909,35.144295],[126.916871,35.14429]]]]}},{"type":"Feature","id":"1962192414091827793600000000","properties":{"id":"1962192414091827793600000000","pnu":"1221011400100160002","year":1962,"purpose":"제2종 근린생활시설"},"geometry":{"type":"MultiPolygon","coordinates":[[[[126.917629,35.14405],[126.917572,35.144037],[126.917533,35.144124],[126.917511,35.144121],[126.91749,35.144162],[126.917572,35.144186],[126.917629,35.14405]]]]}},{"type":"Feature","id":"1962192450921825933100000000","properties":{"id":"1962192450921825933100000000","pnu":"1221011400102050001","purpose":"제1종 근린생활시설","floors":2,"structure":"벽돌구조"},"geometry":{"type":"MultiPolygon","coordinates":[[[[126.917973,35.142493],[126.918035,35.142432],[126.917965,35.142386],[126.917907,35.142438],[126.917973,35.142493]]]]}},{"type":"Feature","id":"1962192457701826020500000000","properties":{"id":"1962192457701826020500000000","pnu":"1221011400102050001","purpose":"제1종 근린생활시설","floors":2,"structure":"벽돌구조"},"geometry":{"type":"MultiPolygon","coordinates":[[[[126.918034,35.142561],[126.918105,35.1425],[126.918064,35.142476],[126.918024,35.142508],[126.918007,35.142501],[126.917985,35.142521],[126.918034,35.142561]]]]}},{"type":"Feature","id":"1962192475551828870000000000","properties":{"id":"1962192475551828870000000000","pnu":"1221011200101800002","purpose":"단독주택","floors":1,"structure":"벽돌구조"},"geometry":{"type":"MultiPolygon","coordinates":[[[[126.918175,35.145111],[126.918291,35.145122],[126.918301,35.14506],[126.918186,35.145049],[126.918175,35.145111]]]]}},{"type":"Feature","id":"1962192493171825562700000000","properties":{"id":"1962192493171825562700000000","pnu":"1221011400102010003","purpose":"단독주택","floors":1,"structure":"일반목구조"},"geometry":{"type":"MultiPolygon","coordinates":[[[[126.91835,35.142106],[126.918457,35.142176],[126.918521,35.142103],[126.91841,35.142033],[126.91835,35.142106]]]]}},{"type":"Feature","id":"1963192418771828693900000000","properties":{"id":"1963192418771828693900000000","pnu":"1221011400100030004","year":1963,"purpose":"제1종 근린생활시설"},"geometry":{"type":"MultiPolygon","coordinates":[[[[126.917526,35.144873],[126.917512,35.144906],[126.917703,35.14498],[126.91772,35.144948],[126.917526,35.144873]]]]}},{"type":"Feature","id":"1963192481691827361600000000","properties":{"id":"1963192481691827361600000000","pnu":"1221011400101340001","year":1963,"purpose":"제1종 근린생활시설"},"geometry":{"type":"MultiPolygon","coordinates":[[[[126.918297,35.143767],[126.918345,35.143698],[126.918313,35.143685],[126.91827,35.143759],[126.918297,35.143767]]]]}},{"type":"Feature","id":"1963192486681827451000000000","properties":{"id":"1963192486681827451000000000","pnu":"1221011400101340001","year":1963,"purpose":"단독주택"},"geometry":{"type":"MultiPolygon","coordinates":[[[[126.918319,35.143742],[126.918271,35.143797],[126.918402,35.143871],[126.918454,35.143817],[126.918319,35.143742]]]]}},{"type":"Feature","id":"1963192494531827428000000000","properties":{"id":"1963192494531827428000000000","pnu":"1221011400101340001","year":1963,"purpose":"단독주택"},"geometry":{"type":"MultiPolygon","coordinates":[[[[126.918478,35.143831],[126.918508,35.143788],[126.918413,35.143744],[126.918387,35.143778],[126.918478,35.143831]]]]}},{"type":"Feature","id":"1963192520361826375400000000","properties":{"id":"1963192520361826375400000000","pnu":"1221011400101590001","year":1963,"purpose":"제2종 근린생활시설"},"geometry":{"type":"MultiPolygon","coordinates":[[[[126.918738,35.14289],[126.918784,35.142801],[126.918734,35.142783],[126.918677,35.142869],[126.918738,35.14289]]]]}},{"type":"Feature","id":"1963192526731826428000000000","properties":{"id":"1963192526731826428000000000","pnu":"1221011400101590001","year":1963,"purpose":"제2종 근린생활시설"},"geometry":{"type":"MultiPolygon","coordinates":[[[[126.918781,35.142951],[126.91887,35.142865],[126.918813,35.142819],[126.918776,35.142855],[126.918785,35.142868],[126.918734,35.142911],[126.918781,35.142951]]]]}},{"type":"Feature","id":"1964192005801830711700000000","properties":{"id":"1964192005801830711700000000","pnu":"1221011500100520033","year":1964,"purpose":"단독주택"},"geometry":{"type":"MultiPolygon","coordinates":[[[[126.913091,35.146787],[126.913113,35.146759],[126.913106,35.146702],[126.913089,35.146691],[126.913035,35.146755],[126.913091,35.146787]]]]}},{"type":"Feature","id":"1964192031071829577400000000","properties":{"id":"1964192031071829577400000000","pnu":"1221011600100510002","year":1964,"purpose":"제1종 근린생활시설"},"geometry":{"type":"MultiPolygon","coordinates":[[[[126.91328,35.145729],[126.913337,35.145769],[126.913372,35.145744],[126.913409,35.145772],[126.913446,35.145737],[126.913344,35.145652],[126.91328,35.145729]]]]}},{"type":"Feature","id":"1964192039761829539600000000","properties":{"id":"1964192039761829539600000000","pnu":"1221011600100510002","year":1964,"purpose":"단독주택"},"geometry":{"type":"MultiPolygon","coordinates":[[[[126.913498,35.145688],[126.913445,35.145652],[126.913413,35.145683],[126.913466,35.14572],[126.913498,35.145688]]]]}},{"type":"Feature","id":"1964192061421829855800000000","properties":{"id":"1964192061421829855800000000","pnu":"1221011600100410000","year":1964,"purpose":"단독주택"},"geometry":{"type":"MultiPolygon","coordinates":[[[[126.913656,35.145944],[126.913642,35.145971],[126.913734,35.145998],[126.913742,35.145972],[126.913656,35.145944]]]]}},{"type":"Feature","id":"1964192070971829815600000000","properties":{"id":"1964192070971829815600000000","pnu":"1221011600100410000","year":1964,"purpose":"단독주택"},"geometry":{"type":"MultiPolygon","coordinates":[[[[126.913729,35.145945],[126.913768,35.145987],[126.913868,35.145928],[126.913822,35.145882],[126.913729,35.145945]]]]}},{"type":"Feature","id":"1964192071371829662900000000","properties":{"id":"1964192071371829662900000000","pnu":"1221011600100410000","year":1964,"purpose":"제1종 근린생활시설"},"geometry":{"type":"MultiPolygon","coordinates":[[[[126.913771,35.145831],[126.913851,35.145788],[126.913837,35.145765],[126.913754,35.145802],[126.913771,35.145831]]]]}},{"type":"Feature","id":"1964192074501829982500000000","properties":{"id":"1964192074501829982500000000","pnu":"1221011600100430004","year":1964,"purpose":"단독주택"},"geometry":{"type":"MultiPolygon","coordinates":[[[[126.913866,35.146136],[126.913906,35.146091],[126.913798,35.146038],[126.913765,35.14607],[126.913866,35.146136]]]]}},{"type":"Feature","id":"1964192078341829710900000000","properties":{"id":"1964192078341829710900000000","pnu":"1221011600100410000","year":1964,"purpose":"단독주택"},"geometry":{"type":"MultiPolygon","coordinates":[[[[126.913849,35.145891],[126.913931,35.145869],[126.913876,35.145777],[126.913844,35.145792],[126.913862,35.14585],[126.913835,35.145865],[126.913849,35.145891]]]]}},{"type":"Feature","id":"1964192079921829957500000000","properties":{"id":"1964192079921829957500000000","pnu":"1221011600100430004","year":1964,"purpose":"숙박시설"},"geometry":{"type":"MultiPolygon","coordinates":[[[[126.91392,35.14609],[126.913938,35.146062],[126.913869,35.146036],[126.913853,35.146062],[126.91392,35.14609]]]]}},{"type":"Feature","id":"1964192079941829801400000000","properties":{"id":"1964192079941829801400000000","pnu":"1221011600100420000","year":1964,"purpose":"단독주택"},"geometry":{"type":"MultiPolygon","coordinates":[[[[126.913903,35.145964],[126.91392,35.145912],[126.913907,35.145876],[126.913878,35.145884],[126.913889,35.145913],[126.913865,35.145956],[126.913903,35.145964]]]]}},{"type":"Feature","id":"1964192080981829890600000000","properties":{"id":"1964192080981829890600000000","pnu":"1221011600100420000","year":1964,"purpose":"단독주택"},"geometry":{"type":"MultiPolygon","coordinates":[[[[126.913942,35.14605],[126.913976,35.145985],[126.913934,35.14597],[126.913928,35.145979],[126.913864,35.14596],[126.913836,35.146012],[126.913942,35.14605]]]]}},{"type":"Feature","id":"1964192084371829803500000000","properties":{"id":"1964192084371829803500000000","pnu":"1221011600100420000","year":1964,"purpose":"단독주택"},"geometry":{"type":"MultiPolygon","coordinates":[[[[126.913946,35.145968],[126.913976,35.145959],[126.913941,35.145879],[126.913914,35.145888],[126.913946,35.145968]]]]}},{"type":"Feature","id":"1964192105631829252000000000","properties":{"id":"1964192105631829252000000000","pnu":"1221011600100670002","purpose":"제1종 근린생활시설","floors":1,"structure":"일반목구조"},"geometry":{"type":"MultiPolygon","coordinates":[[[[126.914112,35.145429],[126.914206,35.145478],[126.914243,35.145421],[126.914151,35.145379],[126.914112,35.145429]]]]}},{"type":"Feature","id":"1964192120341829768100000000","properties":{"id":"1964192120341829768100000000","pnu":"1221011600100150031","purpose":"단독주택","floors":1,"structure":"일반목구조"},"geometry":{"type":"MultiPolygon","coordinates":[[[[126.914269,35.14589],[126.914377,35.145939],[126.914409,35.145896],[126.914305,35.145846],[126.914269,35.14589]]]]}},{"type":"Feature","id":"1964192124261829326500000000","properties":{"id":"1964192124261829326500000000","pnu":"1221011600100900004","purpose":"단독주택"},"geometry":{"type":"MultiPolygon","coordinates":[[[[126.914322,35.145526],[126.914382,35.14555],[126.914447,35.145444],[126.914419,35.145438],[126.914386,35.145468],[126.914361,35.145461],[126.914322,35.145526]]]]}},{"type":"Feature","id":"1964192132101830331100000000","properties":{"id":"1964192132101830331100000000","pnu":"1221011600100200001","year":1964,"purpose":"제2종 근린생활시설"},"geometry":{"type":"MultiPolygon","coordinates":[[[[126.914484,35.146441],[126.914507,35.14637],[126.914468,35.146353],[126.914419,35.146425],[126.914484,35.146441]]]]}},{"type":"Feature","id":"1964192132131830219900000000","properties":{"id":"1964192132131830219900000000","pnu":"1221011600100200004","purpose":"단독주택"},"geometry":{"type":"MultiPolygon","coordinates":[[[[126.914519,35.146359],[126.914548,35.146325],[126.91442,35.146241],[126.91439,35.146277],[126.914519,35.146359]]]]}},{"type":"Feature","id":"1964192137671829733300000000","properties":{"id":"1964192137671829733300000000","pnu":"1221011600100150015","purpose":"기타","far":46.8,"floors":1,"structure":"일반목구조"},"geometry":{"type":"MultiPolygon","coordinates":[[[[126.91465,35.145764],[126.914588,35.145734],[126.914404,35.145938],[126.914499,35.145981],[126.91465,35.145764]]]]}},{"type":"Feature","id":"1964192158271830489300000000","properties":{"id":"1964192158271830489300000000","pnu":"1221011600100110006","year":1964,"purpose":"단독주택"},"geometry":{"type":"MultiPolygon","coordinates":[[[[126.914715,35.14655],[126.914782,35.14657],[126.914795,35.146533],[126.914723,35.146518],[126.914715,35.14655]]]]}},{"type":"Feature","id":"1964192162351830380400000000","properties":{"id":"1964192162351830380400000000","pnu":"1221011600100110006","year":1964,"purpose":"단독주택"},"geometry":{"type":"MultiPolygon","coordinates":[[[[126.914732,35.146494],[126.914813,35.146516],[126.914868,35.146396],[126.914787,35.146373],[126.914732,35.146494]]]]}},{"type":"Feature","id":"1964192189261829727100000000","properties":{"id":"1964192189261829727100000000","pnu":"1221011600101050000","purpose":"제2종 근린생활시설","far":55.4,"floors":1,"structure":"일반목구조"},"geometry":{"type":"MultiPolygon","coordinates":[[[[126.915021,35.145871],[126.915136,35.145921],[126.915175,35.145867],[126.915096,35.145835],[126.915122,35.145788],[126.915084,35.145776],[126.915021,35.145871]]]]}},{"type":"Feature","id":"1964192196191827749200000000","properties":{"id":"1964192196191827749200000000","pnu":"1221011600101870006","purpose":"제1종 근린생활시설"},"geometry":{"type":"MultiPolygon","coordinates":[[[[126.91509,35.144076],[126.915174,35.144143],[126.915255,35.144065],[126.915179,35.144006],[126.91509,35.144076]]]]}},{"type":"Feature","id":"1964192197571829960800000000","properties":{"id":"1964192197571829960800000000","pnu":"1221011600100090003","purpose":"단독주택","floors":1,"structure":"벽돌구조"},"geometry":{"type":"MultiPolygon","coordinates":[[[[126.915102,35.14606],[126.915229,35.146125],[126.915272,35.146073],[126.915143,35.146008],[126.915102,35.14606]]]]}},{"type":"Feature","id":"1964192199921829798600000000","properties":{"id":"1964192199921829798600000000","pnu":"1221011600101060001","year":1964,"purpose":"단독주택"},"geometry":{"type":"MultiPolygon","coordinates":[[[[126.915239,35.145974],[126.91527,35.145895],[126.915192,35.145868],[126.915151,35.145938],[126.915174,35.145945],[126.915173,35.145953],[126.915239,35.145974]]]]}},{"type":"Feature","id":"1964192204721828615900000000","properties":{"id":"1964192204721828615900000000","pnu":"1221011600101640004","year":1964,"purpose":"단독주택"},"geometry":{"type":"MultiPolygon","coordinates":[[[[126.915214,35.144801],[126.915181,35.144848],[126.91533,35.144905],[126.915353,35.144862],[126.915244,35.144824],[126.915249,35.144812],[126.915214,35.144801]]]]}},{"type":"Feature","id":"1964192205611830842100000000","properties":{"id":"1964192205611830842100000000","pnu":"1221011700101000001","purpose":"제1종 근린생활시설","floors":1,"structure":"일반목구조"},"geometry":{"type":"MultiPolygon","coordinates":[[[[126.915305,35.146927],[126.915357,35.146887],[126.915296,35.146828],[126.915205,35.146802],[126.915193,35.146837],[126.915305,35.146927]]]]}},{"type":"Feature","id":"1964192213971828105900000000","properties":{"id":"1964192213971828105900000000","pnu":"1221011600101850003","purpose":"제2종 근린생활시설","far":74.45,"floors":1,"structure":"경량철골구조"},"geometry":{"type":"MultiPolygon","coordinates":[[[[126.915399,35.144435],[126.915426,35.144391],[126.915337,35.144355],[126.915311,35.144399],[126.915399,35.144435]]]]}},{"type":"Feature","id":"1964192219611830755800000000","properties":{"id":"1964192219611830755800000000","pnu":"1221011700100970000","year":1964,"purpose":"제1종 근린생활시설"},"geometry":{"type":"MultiPolygon","coordinates":[[[[126.915382,35.146879],[126.915529,35.146765],[126.915515,35.146716],[126.915466,35.146693],[126.915316,35.146811],[126.915382,35.146879]]]]}},{"type":"Feature","id":"1964192227071830901300000000","properties":{"id":"1964192227071830901300000000","pnu":"1221011700100580002","purpose":"제1종 근린생활시설","floors":1,"structure":"일반목구조"},"geometry":{"type":"MultiPolygon","coordinates":[[[[126.915518,35.146964],[126.915564,35.146922],[126.915504,35.146869],[126.915453,35.146901],[126.915518,35.146964]]]]}},{"type":"Feature","id":"1964192241881829468900000000","properties":{"id":"1964192241881829468900000000","pnu":"1221011600101130001","year":1964,"purpose":"제1종 근린생활시설"},"geometry":{"type":"MultiPolygon","coordinates":[[[[126.915584,35.145559],[126.915563,35.145638],[126.915591,35.145651],[126.915616,35.145616],[126.915789,35.145689],[126.915798,35.145645],[126.915584,35.145559]]]]}},{"type":"Feature","id":"1964192244131828874600000000","properties":{"id":"1964192244131828874600000000","pnu":"1221011600101440000","year":1964,"purpose":"단독주택"},"geometry":{"type":"MultiPolygon","coordinates":[[[[126.915714,35.145157],[126.915799,35.145075],[126.91573,35.145042],[126.915709,35.145063],[126.915652,35.145028],[126.915601,35.145078],[126.915714,35.145157]]]]}},{"type":"Feature","id":"1964192249661830483700000000","properties":{"id":"1964192249661830483700000000","pnu":"1221011700100910000","purpose":"단독주택","floors":1,"structure":"일반목구조"},"geometry":{"type":"MultiPolygon","coordinates":[[[[126.915671,35.146534],[126.915759,35.14661],[126.915843,35.146542],[126.91576,35.146467],[126.915671,35.146534]]]]}},{"type":"Feature","id":"1964192257591828331200000000","properties":{"id":"1964192257591828331200000000","pnu":"1221011600101540000","year":1964,"purpose":"단독주택","far":54.77,"floors":2,"structure":"일반목구조"},"geometry":{"type":"MultiPolygon","coordinates":[[[[126.915878,35.14464],[126.915904,35.144597],[126.915817,35.144557],[126.915788,35.144598],[126.915878,35.14464]]]]}},{"type":"Feature","id":"1964192259411828912500000000","properties":{"id":"1964192259411828912500000000","pnu":"1221011600101440000","year":1964,"purpose":"단독주택"},"geometry":{"type":"MultiPolygon","coordinates":[[[[126.915809,35.145164],[126.915861,35.145183],[126.915925,35.145082],[126.915869,35.145063],[126.915809,35.145164]]]]}},{"type":"Feature","id":"1964192260771829234400000000","properties":{"id":"1964192260771829234400000000","pnu":"1221011600101410000","year":1964,"purpose":"제1종 근린생활시설"},"geometry":{"type":"MultiPolygon","coordinates":[[[[126.915801,35.145451],[126.915901,35.145482],[126.915959,35.145388],[126.915869,35.145333],[126.915801,35.145451]]]]}},{"type":"Feature","id":"1964192269801827518100000000","properties":{"id":"1964192269801827518100000000","pnu":"1221011400100430001","purpose":"제1종 근린생활시설"},"geometry":{"type":"MultiPolygon","coordinates":[[[[126.915903,35.143923],[126.916039,35.143903],[126.916076,35.143838],[126.916041,35.143826],[126.915929,35.143809],[126.915903,35.143923]]]]}},{"type":"Feature","id":"1964192270571829675100000000","properties":{"id":"1964192270571829675100000000","pnu":"1221011600101190000","year":1964,"purpose":"단독주택"},"geometry":{"type":"MultiPolygon","coordinates":[[[[126.915988,35.145814],[126.915989,35.145814],[126.91599,35.145814],[126.915991,35.145814],[126.915992,35.145813],[126.915992,35.145813],[126.915993,35.145812],[126.915993,35.145811],[126.915993,35.145811],[126.915994,35.14581],[126.915993,35.145809],[126.915993,35.145808],[126.915993,35.145807],[126.915992,35.145807],[126.915992,35.145806],[126.915991,35.145806],[126.91599,35.145805],[126.915989,35.145805],[126.915988,35.145805],[126.915987,35.145805],[126.915986,35.145805],[126.915985,35.145806],[126.915985,35.145806],[126.915984,35.145807],[126.915983,35.145807],[126.915983,35.145808],[126.915983,35.145809],[126.915983,35.14581],[126.915983,35.145811],[126.915983,35.145811],[126.915983,35.145812],[126.915984,35.145813],[126.915985,35.145813],[126.915985,35.145814],[126.915986,35.145814],[126.915987,35.145814],[126.915988,35.145814]]]]}},{"type":"Feature","id":"1964192272051830532700000000","properties":{"id":"1964192272051830532700000000","pnu":"1221011700100620003","year":1964,"purpose":"기타"},"geometry":{"type":"MultiPolygon","coordinates":[[[[126.915942,35.146565],[126.916012,35.146634],[126.916061,35.146606],[126.916003,35.146532],[126.915942,35.146565]]]]}},{"type":"Feature","id":"1964192274851830743800000000","properties":{"id":"1964192274851830743800000000","pnu":"1221011700100550004","purpose":"제2종 근린생활시설","floors":2,"structure":"벽돌구조"},"geometry":{"type":"MultiPolygon","coordinates":[[[[126.916032,35.146814],[126.916078,35.146763],[126.916041,35.146737],[126.915988,35.146772],[126.916032,35.146814]]]]}},{"type":"Feature","id":"1964192275121830227500000000","properties":{"id":"1964192275121830227500000000","pnu":"1221011700100900000","purpose":"제1종 근린생활시설","floors":2,"structure":"일반목구조"},"geometry":{"type":"MultiPolygon","coordinates":[[[[126.916061,35.14636],[126.916123,35.146297],[126.916032,35.146245],[126.915951,35.146313],[126.916027,35.146365],[126.916061,35.14636]]]]}},{"type":"Feature","id":"1964192275391830621800000000","properties":{"id":"1964192275391830621800000000","pnu":"1221011700100620002","year":1964,"purpose":"단독주택"},"geometry":{"type":"MultiPolygon","coordinates":[[[[126.916045,35.1467],[126.916076,35.146678],[126.916038,35.146627],[126.916003,35.146648],[126.916045,35.1467]]]]}},{"type":"Feature","id":"1964192276391830986300000000","properties":{"id":"1964192276391830986300000000","pnu":"1221011700100550001","year":1964,"purpose":"제2종 근린생활시설"},"geometry":{"type":"MultiPolygon","coordinates":[[[[126.916103,35.147036],[126.916133,35.146985],[126.916093,35.146968],[126.916076,35.146984],[126.915974,35.146951],[126.915956,35.14698],[126.916103,35.147036]]]]}},{"type":"Feature","id":"1964192277071829734100000000","properties":{"id":"1964192277071829734100000000","pnu":"1221011600101190000","year":1964,"purpose":"단독주택"},"geometry":{"type":"MultiPolygon","coordinates":[[[[126.916057,35.14591],[126.916131,35.145858],[126.916078,35.145817],[126.916048,35.145838],[126.916026,35.145831],[126.915989,35.145872],[126.916057,35.14591]]]]}},{"type":"Feature","id":"1964192283551830534200000000","properties":{"id":"1964192283551830534200000000","pnu":"1221011700100620006","purpose":"제1종 근린생활시설","floors":1,"structure":"일반목구조"},"geometry":{"type":"MultiPolygon","coordinates":[[[[126.916132,35.14653],[126.916066,35.146582],[126.91612,35.146636],[126.916197,35.146589],[126.916132,35.14653]]]]}},{"type":"Feature","id":"1964192288141828027200000000","properties":{"id":"1964192288141828027200000000","pnu":"1221011400100340011","year":1964,"purpose":"단독주택"},"geometry":{"type":"MultiPolygon","coordinates":[[[[126.91619,35.144382],[126.916231,35.144278],[126.916176,35.144269],[126.916133,35.144368],[126.91619,35.144382]]]]}},{"type":"Feature","id":"1964192303881827130900000000","properties":{"id":"1964192303881827130900000000","pnu":"1221011400100570067","purpose":"단독주택"},"geometry":{"type":"MultiPolygon","coordinates":[[[[126.91632,35.143548],[126.916399,35.143523],[126.916366,35.143477],[126.916313,35.143535],[126.91632,35.143548]]]]}},{"type":"Feature","id":"1964192312131826945800000000","properties":{"id":"1964192312131826945800000000","pnu":"1221011400100570052","purpose":"단독주택","floors":1,"structure":"일반목구조"},"geometry":{"type":"MultiPolygon","coordinates":[[[[126.916453,35.143385],[126.916485,35.14336],[126.916443,35.143317],[126.916407,35.143336],[126.916453,35.143385]]]]}},{"type":"Feature","id":"1964192312491826804700000000","properties":{"id":"1964192312491826804700000000","pnu":"1221011400100530010","year":1964,"purpose":"단독주택"},"geometry":{"type":"MultiPolygon","coordinates":[[[[126.916484,35.143233],[126.916452,35.143194],[126.916418,35.143212],[126.91645,35.143252],[126.916484,35.143233]]]]}},{"type":"Feature","id":"1964192319501829953100000000","properties":{"id":"1964192319501829953100000000","pnu":"1221011700100860002","purpose":"제2종 근린생활시설","far":63.19,"floors":1,"structure":"일반목구조"},"geometry":{"type":"MultiPolygon","coordinates":[[[[126.91643,35.14608],[126.916519,35.14614],[126.916621,35.146045],[126.916528,35.14598],[126.91643,35.14608]]]]}},{"type":"Feature","id":"1964192324661826629800000000","properties":{"id":"1964192324661826629800000000","pnu":"1221011400100530020","purpose":"단독주택","floors":1,"structure":"일반목구조"},"geometry":{"type":"MultiPolygon","coordinates":[[[[126.916574,35.143092],[126.916617,35.143063],[126.916594,35.143038],[126.916552,35.143069],[126.916574,35.143092]]]]}},{"type":"Feature","id":"1964192327771826950100000000","properties":{"id":"1964192327771826950100000000","pnu":"1221011400100570029","purpose":"단독주택"},"geometry":{"type":"MultiPolygon","coordinates":[[[[126.916639,35.143417],[126.916689,35.143391],[126.916597,35.14329],[126.916549,35.143319],[126.916639,35.143417]]]]}},{"type":"Feature","id":"1964192330131826602600000000","properties":{"id":"1964192330131826602600000000","pnu":"1221011400100530022","year":1964,"purpose":"단독주택"},"geometry":{"type":"MultiPolygon","coordinates":[[[[126.91666,35.143086],[126.916684,35.143063],[126.91664,35.143002],[126.9166,35.143016],[126.91666,35.143086]]]]}},{"type":"Feature","id":"1964192330451826858900000000","properties":{"id":"1964192330451826858900000000","pnu":"1221011400100570031","purpose":"단독주택","floors":1,"structure":"일반목구조"},"geometry":{"type":"MultiPolygon","coordinates":[[[[126.916632,35.143306],[126.916688,35.143267],[126.916663,35.143236],[126.916607,35.14328],[126.916632,35.143306]]]]}},{"type":"Feature","id":"1964192335081826748700000000","properties":{"id":"1964192335081826748700000000","pnu":"1221011400100570058","purpose":"단독주택","floors":1,"structure":"일반목구조"},"geometry":{"type":"MultiPolygon","coordinates":[[[[126.916739,35.143157],[126.916718,35.143139],[126.916658,35.143181],[126.916686,35.143207],[126.916739,35.143157]]]]}},{"type":"Feature","id":"1964192335471826569200000000","properties":{"id":"1964192335471826569200000000","pnu":"1221011400100530023","purpose":"단독주택","floors":1,"structure":"일반목구조"},"geometry":{"type":"MultiPolygon","coordinates":[[[[126.916699,35.143053],[126.916754,35.14302],[126.916735,35.142998],[126.916728,35.143],[126.916697,35.142971],[126.916656,35.142994],[126.916699,35.143053]]]]}},{"type":"Feature","id":"1964192336451826660800000000","properties":{"id":"1964192336451826660800000000","pnu":"1221011400100530022","year":1964,"purpose":"단독주택"},"geometry":{"type":"MultiPolygon","coordinates":[[[[126.916713,35.143129],[126.916757,35.143093],[126.916716,35.14306],[126.916671,35.14309],[126.916713,35.143129]]]]}},{"type":"Feature","id":"1964192341381826693000000000","properties":{"id":"1964192341381826693000000000","pnu":"1221011400100570058","purpose":"단독주택","floors":1,"structure":"일반목구조"},"geometry":{"type":"MultiPolygon","coordinates":[[[[126.916816,35.143121],[126.916779,35.143088],[126.916722,35.143129],[126.916748,35.143157],[126.916783,35.143132],[126.916789,35.143138],[126.916816,35.143121]]]]}},{"type":"Feature","id":"1964192381711827745800000000","properties":{"id":"1964192381711827745800000000","pnu":"1221011400100180002","purpose":"단독주택","floors":1,"structure":"일반목구조"},"geometry":{"type":"MultiPolygon","coordinates":[[[[126.91716,35.144146],[126.917237,35.14415],[126.917263,35.144002],[126.917177,35.143995],[126.91716,35.144146]]]]}},{"type":"Feature","id":"1964192382191827390600000000","properties":{"id":"1964192382191827390600000000","pnu":"1221011400100900001","purpose":"단독주택"},"geometry":{"type":"MultiPolygon","coordinates":[[[[126.917162,35.143699],[126.917138,35.14375],[126.917273,35.1438],[126.917296,35.143761],[126.917162,35.143699]]]]}},{"type":"Feature","id":"1964192385611826171800000000","properties":{"id":"1964192385611826171800000000","pnu":"1221011400101460002","purpose":"단독주택","floors":1,"structure":"일반목구조"},"geometry":{"type":"MultiPolygon","coordinates":[[[[126.917256,35.142691],[126.917298,35.142659],[126.917256,35.142616],[126.917207,35.142646],[126.917256,35.142691]]]]}},{"type":"Feature","id":"1964192389341827788300000000","properties":{"id":"1964192389341827788300000000","pnu":"1221011400100180001","year":1964,"purpose":"단독주택"},"geometry":{"type":"MultiPolygon","coordinates":[[[[126.917245,35.144149],[126.917312,35.144165],[126.917344,35.144071],[126.917268,35.144057],[126.917245,35.144149]]]]}},{"type":"Feature","id":"1964192392711827706000000000","properties":{"id":"1964192392711827706000000000","pnu":"1221011400100180001","year":1964,"purpose":"단독주택"},"geometry":{"type":"MultiPolygon","coordinates":[[[[126.917289,35.144013],[126.917284,35.144042],[126.917368,35.144062],[126.917374,35.144025],[126.917289,35.144013]]]]}},{"type":"Feature","id":"1964192395031827042900000000","properties":{"id":"1964192395031827042900000000","pnu":"1221011400100950001","purpose":"단독주택","floors":1,"structure":"일반목구조"},"geometry":{"type":"MultiPolygon","coordinates":[[[[126.917374,35.143496],[126.917423,35.143437],[126.917337,35.143382],[126.917289,35.143436],[126.917374,35.143496]]]]}},{"type":"Feature","id":"1964192396001831590300000000","properties":{"id":"1964192396001831590300000000","pnu":"1221012700100310000","purpose":"제1종 근린생활시설","floors":2,"structure":"일반철골구조"},"geometry":{"type":"MultiPolygon","coordinates":[[[[126.917295,35.147526],[126.917348,35.147574],[126.917385,35.147581],[126.917434,35.147549],[126.917351,35.147486],[126.917295,35.147526]]]]}},{"type":"Feature","id":"1964192413861827921300000000","properties":{"id":"1964192413861827921300000000","pnu":"1221011400100160000","purpose":"단독주택","floors":2,"structure":"철근콘크리트구조"},"geometry":{"type":"MultiPolygon","coordinates":[[[[126.917507,35.144175],[126.917474,35.144253],[126.917549,35.144278],[126.917555,35.14426],[126.917618,35.144279],[126.917655,35.144208],[126.917598,35.144188],[126.917582,35.144205],[126.917507,35.144175]]]]}},{"type":"Feature","id":"1964192419921827220900000000","properties":{"id":"1964192419921827220900000000","pnu":"1221011400100930002","purpose":"단독주택","floors":1,"structure":"벽돌구조"},"geometry":{"type":"MultiPolygon","coordinates":[[[[126.917561,35.143626],[126.917635,35.143652],[126.917659,35.143615],[126.917677,35.14362],[126.917705,35.143578],[126.917607,35.143547],[126.917561,35.143626]]]]}},{"type":"Feature","id":"1964192439831828462900000000","properties":{"id":"1964192439831828462900000000","pnu":"1221011400100080001","purpose":"제1종 근린생활시설"},"geometry":{"type":"MultiPolygon","coordinates":[[[[126.917838,35.144724],[126.917848,35.144728],[126.917855,35.144713],[126.917845,35.144709],[126.917838,35.144724]]]]}},{"type":"Feature","id":"1964192443231832071700000000","properties":{"id":"1964192443231832071700000000","pnu":"1221013100100190007","purpose":"제1종 근린생활시설"},"geometry":{"type":"MultiPolygon","coordinates":[[[[126.91785,35.148045],[126.91796,35.147935],[126.917911,35.147896],[126.9178,35.148011],[126.91785,35.148045]]]]}},{"type":"Feature","id":"1964192444051830019700000000","properties":{"id":"1964192444051830019700000000","pnu":"1221011300100790008","year":1964,"purpose":"제2종 근린생활시설"},"geometry":{"type":"MultiPolygon","coordinates":[[[[126.91794,35.146161],[126.917948,35.146103],[126.917845,35.146084],[126.91783,35.146136],[126.91794,35.146161]]]]}},{"type":"Feature","id":"1964192444781826985400000000","properties":{"id":"1964192444781826985400000000","pnu":"1221011400101380003","purpose":"단독주택"},"geometry":{"type":"MultiPolygon","coordinates":[[[[126.917858,35.143407],[126.917903,35.143423],[126.917946,35.143369],[126.917901,35.143349],[126.917858,35.143407]]]]}},{"type":"Feature","id":"1964192446381829178500000000","properties":{"id":"1964192446381829178500000000","pnu":"1221011300100600004","purpose":"제1종 근린생활시설"},"geometry":{"type":"MultiPolygon","coordinates":[[[[126.917864,35.145407],[126.917932,35.145422],[126.917971,35.145322],[126.917904,35.145304],[126.917864,35.145407]]]]}},{"type":"Feature","id":"1964192447861828535800000000","properties":{"id":"1964192447861828535800000000","pnu":"1221011400100080001","purpose":"기타"},"geometry":{"type":"MultiPolygon","coordinates":[[[[126.918014,35.144739],[126.917958,35.144727],[126.91794,35.144759],[126.917873,35.144745],[126.917847,35.144804],[126.917971,35.144845],[126.918014,35.144739]]]]}},{"type":"Feature","id":"1964192455071829205800000000","properties":{"id":"1964192455071829205800000000","pnu":"1221011300100600000","purpose":"제1종 근린생활시설","floors":2,"structure":"벽돌구조"},"geometry":{"type":"MultiPolygon","coordinates":[[[[126.917942,35.145422],[126.918048,35.145449],[126.918085,35.145354],[126.917977,35.145328],[126.917942,35.145422]]]]}},{"type":"Feature","id":"1964192456131825862100000000","properties":{"id":"1964192456131825862100000000","pnu":"1221011400102060001","purpose":"단독주택","floors":1,"structure":"일반목구조"},"geometry":{"type":"MultiPolygon","coordinates":[[[[126.91804,35.142415],[126.918085,35.14236],[126.918043,35.142343],[126.918031,35.142361],[126.917989,35.142344],[126.917971,35.142372],[126.91804,35.142415]]]]}},{"type":"Feature","id":"1964192468811829265800000000","properties":{"id":"1964192468811829265800000000","pnu":"1221011300100590002","purpose":"제1종 근린생활시설","far":125.78,"floors":2,"structure":"일반목구조"},"geometry":{"type":"MultiPolygon","coordinates":[[[[126.918104,35.145463],[126.918203,35.145485],[126.918224,35.145421],[126.918125,35.1454],[126.918104,35.145463]]]]}},{"type":"Feature","id":"1964192470451826486900000000","properties":{"id":"1964192470451826486900000000","pnu":"1221011400101510005","purpose":"단독주택","floors":1,"structure":"일반목구조"},"geometry":{"type":"MultiPolygon","coordinates":[[[[126.918187,35.143002],[126.918241,35.142892],[126.918182,35.142871],[126.918127,35.142986],[126.918187,35.143002]]]]}},{"type":"Feature","id":"1964192475891826577100000000","properties":{"id":"1964192475891826577100000000","pnu":"1221011400101510004","purpose":"기타","structure":"벽돌구조"},"geometry":{"type":"MultiPolygon","coordinates":[[[[126.918195,35.143024],[126.918281,35.143044],[126.918292,35.143014],[126.918208,35.142993],[126.918195,35.143024]]]]}},{"type":"Feature","id":"1964192478931826507400000000","properties":{"id":"1964192478931826507400000000","pnu":"1221011400101510004","purpose":"단독주택","floors":1,"structure":"일반목구조"},"geometry":{"type":"MultiPolygon","coordinates":[[[[126.918285,35.143011],[126.918321,35.142916],[126.918274,35.142902],[126.918231,35.142991],[126.918285,35.143011]]]]}},{"type":"Feature","id":"1964192479881826299500000000","properties":{"id":"1964192479881826299500000000","pnu":"1221011400101500003","purpose":"단독주택","floors":1,"structure":"일반목구조"},"geometry":{"type":"MultiPolygon","coordinates":[[[[126.918237,35.142731],[126.918216,35.14277],[126.918342,35.142807],[126.918356,35.142765],[126.918237,35.142731]]]]}},{"type":"Feature","id":"1964192480511828137900000000","properties":{"id":"1964192480511828137900000000","pnu":"1221011400100120002","purpose":"제1종 근린생활시설","far":47.84,"floors":1,"structure":"벽돌구조"},"geometry":{"type":"MultiPolygon","coordinates":[[[[126.918318,35.144472],[126.91835,35.144411],[126.918267,35.144381],[126.918237,35.144439],[126.918318,35.144472]]]]}},{"type":"Feature","id":"1964192482361829898400000000","properties":{"id":"1964192482361829898400000000","pnu":"1221011300100670002","year":1964,"purpose":"단독주택"},"geometry":{"type":"MultiPolygon","coordinates":[[[[126.918321,35.146066],[126.918365,35.145987],[126.918292,35.145962],[126.918268,35.146019],[126.91828,35.146022],[126.918274,35.146052],[126.918321,35.146066]]]]}},{"type":"Feature","id":"1964192499661826136700000000","properties":{"id":"1964192499661826136700000000","pnu":"1221011400102030001","purpose":"단독주택","floors":1,"structure":"일반목구조"},"geometry":{"type":"MultiPolygon","coordinates":[[[[126.91847,35.142574],[126.918436,35.14261],[126.918544,35.14267],[126.918574,35.142635],[126.91847,35.142574]]]]}},{"type":"Feature","id":"1964192513191829878400000000","properties":{"id":"1964192513191829878400000000","pnu":"1221011300100710005","purpose":"제2종 근린생활시설"},"geometry":{"type":"MultiPolygon","coordinates":[[[[126.918528,35.146027],[126.918552,35.146046],[126.918638,35.146064],[126.918651,35.146035],[126.918667,35.14604],[126.918672,35.146027],[126.918816,35.14607],[126.918833,35.146033],[126.918669,35.145983],[126.918691,35.145913],[126.91862,35.145892],[126.918603,35.14593],[126.918574,35.145921],[126.918528,35.146027]]]]}},{"type":"Feature","id":"1964192520691829959300000000","properties":{"id":"1964192520691829959300000000","pnu":"1221011300100710005","purpose":"제2종 근린생활시설"},"geometry":{"type":"MultiPolygon","coordinates":[[[[126.918657,35.146069],[126.918787,35.146099],[126.918808,35.14609],[126.918815,35.146074],[126.918674,35.146031],[126.918657,35.146069]]]]}},{"type":"Feature","id":"1964192523431829767200000000","properties":{"id":"1964192523431829767200000000","pnu":"1221011300100690000","purpose":"제2종 근린생활시설","far":43.8,"floors":3,"structure":"철근콘크리트구조"},"geometry":{"type":"MultiPolygon","coordinates":[[[[126.918866,35.145962],[126.918903,35.145884],[126.918742,35.145844],[126.918733,35.145869],[126.918608,35.145844],[126.91859,35.145882],[126.918866,35.145962]]]]}},{"type":"Feature","id":"1964192526721826299900000000","properties":{"id":"1964192526721826299900000000","pnu":"1221011400101880008","purpose":"단독주택","floors":1,"structure":"일반목구조"},"geometry":{"type":"MultiPolygon","coordinates":[[[[126.918742,35.142774],[126.918848,35.142819],[126.918867,35.142788],[126.918804,35.142759],[126.91882,35.142727],[126.918784,35.142713],[126.918742,35.142774]]]]}},{"type":"Feature","id":"1964192527421827269300000000","properties":{"id":"1964192527421827269300000000","pnu":"1221011400101330003","purpose":"기타"},"geometry":{"type":"MultiPolygon","coordinates":[[[[126.91882,35.143666],[126.918839,35.143649],[126.918798,35.14362],[126.918779,35.143638],[126.91882,35.143666]]]]}},{"type":"Feature","id":"1964192528451827338000000000","properties":{"id":"1964192528451827338000000000","pnu":"1221011400101330003","purpose":"단독주택"},"geometry":{"type":"MultiPolygon","coordinates":[[[[126.918758,35.143714],[126.918848,35.143748],[126.918884,35.143697],[126.91879,35.143662],[126.918758,35.143714]]]]}},{"type":"Feature","id":"1964192535351825012400000000","properties":{"id":"1964192535351825012400000000","pnu":"1221012200101480000","purpose":"제2종 근린생활시설","far":40.91,"floors":1,"structure":"일반목구조"},"geometry":{"type":"MultiPolygon","coordinates":[[[[126.918919,35.141668],[126.918971,35.1416],[126.918917,35.141567],[126.918909,35.141577],[126.918868,35.141555],[126.918824,35.141612],[126.918919,35.141668]]]]}},{"type":"Feature","id":"1964192536371827969400000000","properties":{"id":"1964192536371827969400000000","pnu":"1221011200101530002","purpose":"제2종 근린생활시설","floors":1,"structure":"벽돌구조"},"geometry":{"type":"MultiPolygon","coordinates":[[[[126.918972,35.144337],[126.918997,35.144292],[126.918912,35.144247],[126.918919,35.144232],[126.918868,35.144205],[126.918818,35.144275],[126.918972,35.144337]]]]}},{"type":"Feature","id":"1965192168711830883800000000","properties":{"id":"1965192168711830883800000000","pnu":"1221011600100010026","year":1965,"purpose":"단독주택"},"geometry":{"type":"MultiPolygon","coordinates":[[[[126.914838,35.146865],[126.914825,35.146894],[126.914891,35.146932],[126.914917,35.146901],[126.914838,35.146865]]]]}},{"type":"Feature","id":"1965192169291829794100000000","properties":{"id":"1965192169291829794100000000","pnu":"1221011600100130000","purpose":"단독주택","floors":1,"structure":"일반목구조"},"geometry":{"type":"MultiPolygon","coordinates":[[[[126.914817,35.145924],[126.914899,35.14596],[126.914935,35.145909],[126.914856,35.145872],[126.914817,35.145924]]]]}},{"type":"Feature","id":"1965192174561830795500000000","properties":{"id":"1965192174561830795500000000","pnu":"1221011600100010026","year":1965,"purpose":"제1종 근린생활시설"},"geometry":{"type":"MultiPolygon","coordinates":[[[[126.914967,35.146854],[126.914959,35.146763],[126.914934,35.146763],[126.914886,35.146843],[126.914922,35.146865],[126.914967,35.146854]]]]}},{"type":"Feature","id":"1965192219251829546800000000","properties":{"id":"1965192219251829546800000000","pnu":"1221011600100970003","year":1965,"purpose":"제2종 근린생활시설"},"geometry":{"type":"MultiPolygon","coordinates":[[[[126.915499,35.145739],[126.915516,35.145704],[126.915306,35.145647],[126.9153,35.145656],[126.915499,35.145739]]]]}},{"type":"Feature","id":"1966191975091830405600000000","properties":{"id":"1966191975091830405600000000","pnu":"1221011500100570002","year":1966,"purpose":"단독주택"},"geometry":{"type":"MultiPolygon","coordinates":[[[[126.912812,35.146522],[126.912861,35.146468],[126.912811,35.14644],[126.912792,35.146464],[126.912691,35.146407],[126.912632,35.146475],[126.912678,35.146501],[126.912708,35.146464],[126.912812,35.146522]]]]}},{"type":"Feature","id":"1966192020391831511400000000","properties":{"id":"1966192020391831511400000000","pnu":"1221011500100390016","purpose":"제2종 근린생활시설","floors":1,"structure":"일반목구조"},"geometry":{"type":"MultiPolygon","coordinates":[[[[126.913312,35.147469],[126.913199,35.147415],[126.913172,35.14746],[126.913284,35.147509],[126.913312,35.147469]]]]}},{"type":"Feature","id":"1966192026481831410900000000","properties":{"id":"1966192026481831410900000000","pnu":"1221011500100390017","year":1966,"purpose":"제2종 근린생활시설","far":56.57,"floors":1,"structure":"일반목구조"},"geometry":{"type":"MultiPolygon","coordinates":[[[[126.913375,35.147369],[126.913274,35.147319],[126.91324,35.147375],[126.913341,35.147427],[126.913375,35.147369]]]]}},{"type":"Feature","id":"1966192032131831311500000000","properties":{"id":"1966192032131831311500000000","pnu":"1221011500100390018","purpose":"단독주택","floors":1,"structure":"일반목구조"},"geometry":{"type":"MultiPolygon","coordinates":[[[[126.913396,35.147338],[126.913446,35.14726],[126.913406,35.147246],[126.913398,35.147258],[126.913332,35.147232],[126.913296,35.147295],[126.913396,35.147338]]]]}},{"type":"Feature","id":"1966192035451831567800000000","properties":{"id":"1966192035451831567800000000","pnu":"1221011500100390013","purpose":"단독주택","floors":1,"structure":"일반목구조"},"geometry":{"type":"MultiPolygon","coordinates":[[[[126.913451,35.14757],[126.913486,35.147519],[126.913366,35.147457],[126.913326,35.147512],[126.913451,35.14757]]]]}},{"type":"Feature","id":"1966192039571831477900000000","properties":{"id":"1966192039571831477900000000","pnu":"1221011500100390009","purpose":"단독주택","floors":1,"structure":"벽돌구조"},"geometry":{"type":"MultiPolygon","coordinates":[[[[126.913496,35.14749],[126.91353,35.147433],[126.913403,35.147377],[126.913372,35.147429],[126.913496,35.14749]]]]}},{"type":"Feature","id":"1966192045011831555000000000","properties":{"id":"1966192045011831555000000000","pnu":"1221011500100390013","purpose":"기타","structure":"벽돌구조"},"geometry":{"type":"MultiPolygon","coordinates":[[[[126.913511,35.147507],[126.913512,35.147507],[126.913513,35.147507],[126.913514,35.147506],[126.913515,35.147506],[126.913515,35.147505],[126.913516,35.147505],[126.913516,35.147504],[126.913516,35.147503],[126.913516,35.147502],[126.913516,35.147502],[126.913516,35.147501],[126.913516,35.1475],[126.913515,35.1475],[126.913515,35.147499],[126.913514,35.147499],[126.913513,35.147498],[126.913512,35.147498],[126.913511,35.147498],[126.91351,35.147498],[126.913509,35.147498],[126.913508,35.147499],[126.913507,35.147499],[126.913507,35.1475],[126.913506,35.1475],[126.913506,35.147501],[126.913506,35.147502],[126.913505,35.147502],[126.913506,35.147503],[126.913506,35.147504],[126.913506,35.147505],[126.913507,35.147505],[126.913507,35.147506],[126.913508,35.147506],[126.913509,35.147507],[126.91351,35.147507],[126.913511,35.147507]]]]}},{"type":"Feature","id":"1966192045381831382800000000","properties":{"id":"1966192045381831382800000000","pnu":"1221011500100390027","purpose":"단독주택","floors":1,"structure":"벽돌구조"},"geometry":{"type":"MultiPolygon","coordinates":[[[[126.913561,35.147413],[126.913613,35.147336],[126.913541,35.147304],[126.913528,35.147319],[126.913446,35.14729],[126.913414,35.147344],[126.913561,35.147413]]]]}},{"type":"Feature","id":"1966192058881831403100000000","properties":{"id":"1966192058881831403100000000","pnu":"1221011500100390023","purpose":"단독주택","floors":1,"structure":"일반목구조"},"geometry":{"type":"MultiPolygon","coordinates":[[[[126.913663,35.14737],[126.913664,35.14737],[126.913665,35.14737],[126.913666,35.14737],[126.913667,35.147369],[126.913668,35.147369],[126.913668,35.147368],[126.913669,35.147367],[126.913669,35.147366],[126.913669,35.147366],[126.913669,35.147365],[126.913669,35.147364],[126.913668,35.147363],[126.913668,35.147363],[126.913667,35.147362],[126.913666,35.147362],[126.913665,35.147361],[126.913664,35.147361],[126.913663,35.147361],[126.913662,35.147361],[126.913662,35.147361],[126.913661,35.147362],[126.91366,35.147362],[126.913659,35.147363],[126.913659,35.147363],[126.913658,35.147364],[126.913658,35.147365],[126.913658,35.147366],[126.913658,35.147366],[126.913658,35.147367],[126.913659,35.147368],[126.913659,35.147369],[126.91366,35.147369],[126.913661,35.14737],[126.913662,35.14737],[126.913662,35.14737],[126.913663,35.14737]]]]}},{"type":"Feature","id":"1966192064821831267500000000","properties":{"id":"1966192064821831267500000000","pnu":"1221011500100740000","year":1966,"purpose":"단독주택"},"geometry":{"type":"MultiPolygon","coordinates":[[[[126.913753,35.147161],[126.913681,35.147141],[126.913614,35.147279],[126.913691,35.147303],[126.913698,35.147294],[126.913814,35.147325],[126.913852,35.147239],[126.913734,35.147205],[126.913753,35.147161]]]]}},{"type":"Feature","id":"1966192064851830366900000000","properties":{"id":"1966192064851830366900000000","pnu":"1221011600100430000","purpose":"제2종 근린생활시설"},"geometry":{"type":"MultiPolygon","coordinates":[[[[126.913779,35.146399],[126.913735,35.14638],[126.913681,35.146464],[126.913725,35.146483],[126.913779,35.146399]]]]}},{"type":"Feature","id":"1966192066351831050900000000","properties":{"id":"1966192066351831050900000000","pnu":"1221011500100740005","purpose":"기타","floors":1,"structure":"벽돌구조"},"geometry":{"type":"MultiPolygon","coordinates":[[[[126.913685,35.147085],[126.913754,35.14711],[126.913809,35.147019],[126.913734,35.146984],[126.913685,35.147085]]]]}},{"type":"Feature","id":"1966192078171831217100000000","properties":{"id":"1966192078171831217100000000","pnu":"1221011500100740000","year":1966,"purpose":"단독주택"},"geometry":{"type":"MultiPolygon","coordinates":[[[[126.913844,35.147236],[126.913887,35.147245],[126.913906,35.147194],[126.913884,35.147149],[126.913851,35.147154],[126.913859,35.147191],[126.913844,35.147236]]]]}},{"type":"Feature","id":"1966192088871831297000000000","properties":{"id":"1966192088871831297000000000","pnu":"1221011500100730002","year":1966,"purpose":"제2종 근린생활시설"},"geometry":{"type":"MultiPolygon","coordinates":[[[[126.914043,35.14732],[126.914068,35.14727],[126.913944,35.14722],[126.913917,35.147272],[126.914043,35.14732]]]]}},{"type":"Feature","id":"1966192096881831212700000000","properties":{"id":"1966192096881831212700000000","pnu":"1221011500100730002","year":1966,"purpose":"단독주택"},"geometry":{"type":"MultiPolygon","coordinates":[[[[126.914077,35.147239],[126.914125,35.147174],[126.914083,35.147151],[126.914037,35.147214],[126.914077,35.147239]]]]}},{"type":"Feature","id":"1966192099851831318100000000","properties":{"id":"1966192099851831318100000000","pnu":"1221011500100730002","year":1966,"purpose":"제2종 근린생활시설"},"geometry":{"type":"MultiPolygon","coordinates":[[[[126.914174,35.147235],[126.914119,35.147214],[126.914051,35.147339],[126.914111,35.147365],[126.914174,35.147235]]]]}},{"type":"Feature","id":"1966192185211831511500000000","properties":{"id":"1966192185211831511500000000","pnu":"1221011700100210017","purpose":"제2종 근린생활시설","far":137.73,"floors":2,"structure":"철근콘크리트구조"},"geometry":{"type":"MultiPolygon","coordinates":[[[[126.91504,35.147358],[126.914927,35.147438],[126.915047,35.147565],[126.915152,35.147516],[126.91516,35.147473],[126.91504,35.147358]]]]}},{"type":"Feature","id":"1966192205511828851500000000","properties":{"id":"1966192205511828851500000000","pnu":"1221011600101660001","purpose":"기타"},"geometry":{"type":"MultiPolygon","coordinates":[[[[126.915227,35.145057],[126.915309,35.145098],[126.915322,35.145076],[126.915241,35.145036],[126.915227,35.145057]]]]}},{"type":"Feature","id":"1966192211761831136600000000","properties":{"id":"1966192211761831136600000000","pnu":"1221011700100210000","purpose":"제1종 근린생활시설","far":185.76,"floors":2,"structure":"블록구조"},"geometry":{"type":"MultiPolygon","coordinates":[[[[126.915397,35.147113],[126.915318,35.147082],[126.915287,35.147131],[126.915357,35.147177],[126.915397,35.147113]]]]}},{"type":"Feature","id":"1966192213631831825100000000","properties":{"id":"1966192213631831825100000000","pnu":"1221011700100230004","purpose":"제2종 근린생활시설"},"geometry":{"type":"MultiPolygon","coordinates":[[[[126.915208,35.147723],[126.9154,35.147886],[126.915503,35.147804],[126.915491,35.147796],[126.91551,35.14778],[126.915455,35.147732],[126.915448,35.147737],[126.915422,35.147715],[126.91541,35.147725],[126.915358,35.14768],[126.915367,35.147673],[126.915374,35.147678],[126.915412,35.147648],[126.915367,35.147608],[126.915357,35.147616],[126.915319,35.147595],[126.915297,35.147653],[126.915208,35.147723]]]]}},{"type":"Feature","id":"1966192215681831079900000000","properties":{"id":"1966192215681831079900000000","pnu":"1221011700100210014","year":1966,"purpose":"단독주택"},"geometry":{"type":"MultiPolygon","coordinates":[[[[126.915402,35.147107],[126.915424,35.147079],[126.915375,35.147047],[126.91534,35.147068],[126.915402,35.147107]]]]}},{"type":"Feature","id":"1966192234781831766800000000","properties":{"id":"1966192234781831766800000000","pnu":"1221011700100230004","purpose":"기타"},"geometry":{"type":"MultiPolygon","coordinates":[[[[126.915544,35.147704],[126.915592,35.147737],[126.915639,35.14769],[126.9156,35.14765],[126.915544,35.147704]]]]}},{"type":"Feature","id":"1966192267461829615900000000","properties":{"id":"1966192267461829615900000000","pnu":"1221011600101120001","purpose":"제2종 근린생활시설","floors":1,"structure":"일반목구조"},"geometry":{"type":"MultiPolygon","coordinates":[[[[126.915963,35.145807],[126.916014,35.145741],[126.915935,35.145706],[126.9159,35.145776],[126.915963,35.145807]]]]}},{"type":"Feature","id":"1966192269251828930100000000","properties":{"id":"1966192269251828930100000000","pnu":"1221011600101390002","purpose":"단독주택","floors":1,"structure":"일반목구조"},"geometry":{"type":"MultiPolygon","coordinates":[[[[126.915917,35.145167],[126.915978,35.14519],[126.916032,35.145111],[126.915969,35.145086],[126.915917,35.145167]]]]}},{"type":"Feature","id":"1966192273451828619600000000","properties":{"id":"1966192273451828619600000000","pnu":"1221011600101460000","purpose":"제2종 근린생활시설"},"geometry":{"type":"MultiPolygon","coordinates":[[[[126.916026,35.144948],[126.916063,35.144932],[126.916121,35.144828],[126.916023,35.144787],[126.915991,35.144827],[126.915944,35.144795],[126.915904,35.14482],[126.916026,35.144948]]]]}},{"type":"Feature","id":"1966192280631831361400000000","properties":{"id":"1966192280631831361400000000","pnu":"1221011700100560001","purpose":"기타","structure":"벽돌구조"},"geometry":{"type":"MultiPolygon","coordinates":[[[[126.916116,35.147371],[126.916149,35.147346],[126.916077,35.147289],[126.916044,35.147312],[126.916116,35.147371]]]]}},{"type":"Feature","id":"1966192361041829169000000000","properties":{"id":"1966192361041829169000000000","pnu":"1221011300100900004","year":1966,"purpose":"제2종 근린생활시설"},"geometry":{"type":"MultiPolygon","coordinates":[[[[126.916981,35.145359],[126.916982,35.145359],[126.916983,35.145359],[126.916984,35.145358],[126.916985,35.145358],[126.916986,35.145357],[126.916986,35.145357],[126.916986,35.145356],[126.916987,35.145355],[126.916987,35.145354],[126.916987,35.145354],[126.916986,35.145353],[126.916986,35.145352],[126.916986,35.145351],[126.916985,35.145351],[126.916984,35.14535],[126.916983,35.14535],[126.916982,35.14535],[126.916981,35.14535],[126.91698,35.14535],[126.916979,35.14535],[126.916979,35.14535],[126.916978,35.145351],[126.916977,35.145351],[126.916977,35.145352],[126.916976,35.145353],[126.916976,35.145354],[126.916976,35.145354],[126.916976,35.145355],[126.916976,35.145356],[126.916977,35.145357],[126.916977,35.145357],[126.916978,35.145358],[126.916979,35.145358],[126.916979,35.145359],[126.91698,35.145359],[126.916981,35.145359]]]]}},{"type":"Feature","id":"1966192367411827129000000000","properties":{"id":"1966192367411827129000000000","pnu":"1221011400100680002","purpose":"단독주택","floors":1,"structure":"일반목구조"},"geometry":{"type":"MultiPolygon","coordinates":[[[[126.917117,35.143519],[126.917039,35.143464],[126.916988,35.143513],[126.917069,35.143567],[126.917117,35.143519]]]]}},{"type":"Feature","id":"1966192501661827121800000000","properties":{"id":"1966192501661827121800000000","pnu":"1221011400101330007","purpose":"단독주택","floors":1,"structure":"벽돌구조"},"geometry":{"type":"MultiPolygon","coordinates":[[[[126.918557,35.143556],[126.918589,35.143515],[126.918495,35.143465],[126.918464,35.143505],[126.918557,35.143556]]]]}},{"type":"Feature","id":"1966192510151827180200000000","properties":{"id":"1966192510151827180200000000","pnu":"1221011400101330006","purpose":"단독주택","floors":1,"structure":"벽돌구조"},"geometry":{"type":"MultiPolygon","coordinates":[[[[126.91862,35.143613],[126.918677,35.143544],[126.918615,35.143513],[126.918563,35.143581],[126.91862,35.143613]]]]}},{"type":"Feature","id":"1966192516961827192200000000","properties":{"id":"1966192516961827192200000000","pnu":"1221011400101330000","purpose":"기타"},"geometry":{"type":"MultiPolygon","coordinates":[[[[126.918694,35.143578],[126.918695,35.143578],[126.918696,35.143578],[126.918697,35.143578],[126.918698,35.143577],[126.918698,35.143577],[126.918699,35.143576],[126.918699,35.143575],[126.9187,35.143574],[126.9187,35.143574],[126.9187,35.143573],[126.918699,35.143572],[126.918699,35.143571],[126.918698,35.143571],[126.918698,35.14357],[126.918697,35.14357],[126.918696,35.143569],[126.918695,35.143569],[126.918694,35.143569],[126.918693,35.143569],[126.918692,35.143569],[126.918691,35.14357],[126.918691,35.14357],[126.91869,35.143571],[126.918689,35.143571],[126.918689,35.143572],[126.918689,35.143573],[126.918689,35.143574],[126.918689,35.143574],[126.918689,35.143575],[126.918689,35.143576],[126.91869,35.143577],[126.918691,35.143577],[126.918691,35.143578],[126.918692,35.143578],[126.918693,35.143578],[126.918694,35.143578]]]]}},{"type":"Feature","id":"1966192517101827279400000000","properties":{"id":"1966192517101827279400000000","pnu":"1221011400101330000","purpose":"단독주택","floors":1,"structure":"일반목구조"},"geometry":{"type":"MultiPolygon","coordinates":[[[[126.918655,35.1436],[126.918618,35.143658],[126.918738,35.143703],[126.918775,35.14365],[126.918655,35.1436]]]]}},{"type":"Feature","id":"1966192533821827254100000000","properties":{"id":"1966192533821827254100000000","pnu":"1221011400101330010","purpose":"단독주택"},"geometry":{"type":"MultiPolygon","coordinates":[[[[126.918902,35.143675],[126.918931,35.143639],[126.918889,35.143614],[126.918899,35.143591],[126.918873,35.143576],[126.918827,35.143637],[126.918902,35.143675]]]]}},{"type":"Feature","id":"1967191950881830667500000000","properties":{"id":"1967191950881830667500000000","pnu":"1221011500100500000","purpose":"제2종 근린생활시설"},"geometry":{"type":"MultiPolygon","coordinates":[[[[126.912431,35.146722],[126.912475,35.146746],[126.912526,35.14668],[126.912485,35.146657],[126.912431,35.146722]]]]}},{"type":"Feature","id":"1967191957651830724100000000","properties":{"id":"1967191957651830724100000000","pnu":"1221011500100500000","purpose":"제2종 근린생활시설"},"geometry":{"type":"MultiPolygon","coordinates":[[[[126.912584,35.146815],[126.912635,35.146755],[126.912522,35.146691],[126.912471,35.146751],[126.912584,35.146815]]]]}},{"type":"Feature","id":"1967192105801831431300000000","properties":{"id":"1967192105801831431300000000","pnu":"1221011500100730000","year":1967,"purpose":"제2종 근린생활시설"},"geometry":{"type":"MultiPolygon","coordinates":[[[[126.914098,35.14743],[126.914194,35.147466],[126.914256,35.147353],[126.914166,35.147315],[126.914098,35.14743]]]]}},{"type":"Feature","id":"1967192171551831912800000000","properties":{"id":"1967192171551831912800000000","pnu":"1221011700100130006","purpose":"제2종 근린생활시설","floors":2,"structure":"철근콘크리트구조"},"geometry":{"type":"MultiPolygon","coordinates":[[[[126.914969,35.147799],[126.914895,35.147759],[126.91483,35.147853],[126.914903,35.147893],[126.914969,35.147799]]]]}},{"type":"Feature","id":"1967192205191828721700000000","properties":{"id":"1967192205191828721700000000","pnu":"1221011600101660009","purpose":"단독주택"},"geometry":{"type":"MultiPolygon","coordinates":[[[[126.915209,35.144988],[126.915251,35.145002],[126.915277,35.144964],[126.9153,35.144975],[126.915344,35.14494],[126.915262,35.144897],[126.915209,35.144988]]]]}},{"type":"Feature","id":"1967192221381831479500000000","properties":{"id":"1967192221381831479500000000","pnu":"1221011700100320000","purpose":"제2종 근린생활시설","floors":3,"structure":"철근콘크리트구조"},"geometry":{"type":"MultiPolygon","coordinates":[[[[126.91536,35.147484],[126.915503,35.147509],[126.915539,35.147396],[126.915387,35.147359],[126.91536,35.147484]]]]}},{"type":"Feature","id":"1967192222621829377900000000","properties":{"id":"1967192222621829377900000000","pnu":"1221011600100970006","year":1967,"purpose":"제2종 근린생활시설"},"geometry":{"type":"MultiPolygon","coordinates":[[[[126.915353,35.145551],[126.91554,35.145609],[126.915571,35.145543],[126.9154,35.145468],[126.915353,35.145551]]]]}},{"type":"Feature","id":"1967192231851830841700000000","properties":{"id":"1967192231851830841700000000","pnu":"1221011700100580000","year":1967,"purpose":"제1종 근린생활시설","far":88.64,"floors":2,"structure":"목구조"},"geometry":{"type":"MultiPolygon","coordinates":[[[[126.91551,35.146858],[126.915553,35.146902],[126.915618,35.146865],[126.915563,35.146819],[126.91551,35.146858]]]]}},{"type":"Feature","id":"1967192295181826919200000000","properties":{"id":"1967192295181826919200000000","pnu":"1221011400100530006","purpose":"단독주택"},"geometry":{"type":"MultiPolygon","coordinates":[[[[126.916265,35.14338],[126.916309,35.143353],[126.916258,35.143275],[126.916212,35.143294],[126.916265,35.14338]]]]}},{"type":"Feature","id":"1967192307591828014600000000","properties":{"id":"1967192307591828014600000000","pnu":"1221011400100340009","year":1967,"purpose":"단독주택"},"geometry":{"type":"MultiPolygon","coordinates":[[[[126.916357,35.144371],[126.916422,35.144376],[126.916437,35.144257],[126.916367,35.144251],[126.916357,35.144371]]]]}},{"type":"Feature","id":"1967192329921826689400000000","properties":{"id":"1967192329921826689400000000","pnu":"1221011400100530021","purpose":"단독주택","floors":1,"structure":"벽돌구조"},"geometry":{"type":"MultiPolygon","coordinates":[[[[126.916646,35.143172],[126.916705,35.143132],[126.916622,35.143068],[126.916582,35.143093],[126.916632,35.143142],[126.916617,35.14315],[126.916646,35.143172]]]]}},{"type":"Feature","id":"1967192334691827741500000000","properties":{"id":"1967192334691827741500000000","pnu":"1221011400100370003","year":1967,"purpose":"단독주택"},"geometry":{"type":"MultiPolygon","coordinates":[[[[126.916663,35.144103],[126.91671,35.14411],[126.916722,35.144029],[126.916678,35.144026],[126.916663,35.144103]]]]}},{"type":"Feature","id":"1967192335991827643000000000","properties":{"id":"1967192335991827643000000000","pnu":"1221011400100370004","purpose":"기타","structure":"일반목구조"},"geometry":{"type":"MultiPolygon","coordinates":[[[[126.916685,35.144017],[126.916719,35.144021],[126.916732,35.14394],[126.916694,35.143938],[126.916685,35.144017]]]]}},{"type":"Feature","id":"1967192344561827750100000000","properties":{"id":"1967192344561827750100000000","pnu":"1221011400100370003","year":1967,"purpose":"단독주택"},"geometry":{"type":"MultiPolygon","coordinates":[[[[126.916738,35.144046],[126.916731,35.14409],[126.916865,35.144105],[126.916871,35.14406],[126.916738,35.144046]]]]}},{"type":"Feature","id":"1967192346171827667900000000","properties":{"id":"1967192346171827667900000000","pnu":"1221011400100370004","purpose":"단독주택","floors":1,"structure":"일반목구조"},"geometry":{"type":"MultiPolygon","coordinates":[[[[126.916748,35.143965],[126.91674,35.144023],[126.916888,35.14404],[126.916898,35.143976],[126.916748,35.143965]]]]}},{"type":"Feature","id":"1967192356931827094900000000","properties":{"id":"1967192356931827094900000000","pnu":"1221011400100680003","purpose":"단독주택"},"geometry":{"type":"MultiPolygon","coordinates":[[[[126.91693,35.143551],[126.917028,35.143456],[126.91696,35.143423],[126.916913,35.143467],[126.916891,35.143457],[126.916846,35.143493],[126.91693,35.143551]]]]}},{"type":"Feature","id":"1967192363061829387200000000","properties":{"id":"1967192363061829387200000000","pnu":"1221011300100880001","purpose":"제2종 근린생활시설","floors":2,"structure":"벽돌구조"},"geometry":{"type":"MultiPolygon","coordinates":[[[[126.916941,35.145572],[126.917007,35.145604],[126.917064,35.145531],[126.917003,35.145497],[126.916941,35.145572]]]]}},{"type":"Feature","id":"1967192370531829407400000000","properties":{"id":"1967192370531829407400000000","pnu":"1221011300100880001","purpose":"제2종 근린생활시설","floors":2,"structure":"벽돌구조"},"geometry":{"type":"MultiPolygon","coordinates":[[[[126.9171,35.145603],[126.917126,35.145568],[126.917076,35.145535],[126.917042,35.145572],[126.9171,35.145603]]]]}},{"type":"Feature","id":"1967192375881826715200000000","properties":{"id":"1967192375881826715200000000","pnu":"1221011400100580003","purpose":"단독주택","floors":1,"structure":"벽돌구조"},"geometry":{"type":"MultiPolygon","coordinates":[[[[126.917146,35.143147],[126.917147,35.143147],[126.917148,35.143147],[126.917149,35.143147],[126.91715,35.143146],[126.917151,35.143146],[126.917151,35.143145],[126.917152,35.143144],[126.917152,35.143143],[126.917152,35.143143],[126.917152,35.143142],[126.917152,35.143141],[126.917151,35.14314],[126.917151,35.14314],[126.91715,35.143139],[126.917149,35.143139],[126.917148,35.143138],[126.917147,35.143138],[126.917146,35.143138],[126.917146,35.143138],[126.917145,35.143138],[126.917144,35.143139],[126.917143,35.143139],[126.917142,35.14314],[126.917142,35.14314],[126.917141,35.143141],[126.917141,35.143142],[126.917141,35.143143],[126.917141,35.143143],[126.917141,35.143144],[126.917142,35.143145],[126.917142,35.143146],[126.917143,35.143146],[126.917144,35.143147],[126.917145,35.143147],[126.917146,35.143147],[126.917146,35.143147]]]]}},{"type":"Feature","id":"1967192381241826657800000000","properties":{"id":"1967192381241826657800000000","pnu":"1221011400100580001","purpose":"단독주택","floors":1,"structure":"벽돌구조"},"geometry":{"type":"MultiPolygon","coordinates":[[[[126.917205,35.143095],[126.917206,35.143095],[126.917207,35.143095],[126.917208,35.143095],[126.917209,35.143094],[126.91721,35.143094],[126.91721,35.143093],[126.917211,35.143092],[126.917211,35.143092],[126.917211,35.143091],[126.917211,35.14309],[126.917211,35.143089],[126.91721,35.143089],[126.91721,35.143088],[126.917209,35.143087],[126.917208,35.143087],[126.917207,35.143087],[126.917206,35.143086],[126.917205,35.143086],[126.917204,35.143086],[126.917204,35.143087],[126.917203,35.143087],[126.917202,35.143087],[126.917201,35.143088],[126.917201,35.143089],[126.9172,35.143089],[126.9172,35.14309],[126.9172,35.143091],[126.9172,35.143092],[126.9172,35.143092],[126.917201,35.143093],[126.917201,35.143094],[126.917202,35.143094],[126.917203,35.143095],[126.917203,35.143095],[126.917204,35.143095],[126.917205,35.143095]]]]}},{"type":"Feature","id":"1967192388041826987200000000","properties":{"id":"1967192388041826987200000000","pnu":"1221011400100950004","purpose":"단독주택","floors":1,"structure":"벽돌구조"},"geometry":{"type":"MultiPolygon","coordinates":[[[[126.917231,35.143402],[126.91728,35.143427],[126.917325,35.143375],[126.917286,35.143346],[126.917231,35.143402]]]]}},{"type":"Feature","id":"1967192392201827562900000000","properties":{"id":"1967192392201827562900000000","pnu":"1221011400100840000","year":1967,"purpose":"단독주택"},"geometry":{"type":"MultiPolygon","coordinates":[[[[126.91732,35.143968],[126.917364,35.14385],[126.917334,35.143843],[126.917284,35.143957],[126.91732,35.143968]]]]}},{"type":"Feature","id":"1967192398821827841600000000","properties":{"id":"1967192398821827841600000000","pnu":"1221011400100170001","purpose":"단독주택","floors":1,"structure":"일반목구조"},"geometry":{"type":"MultiPolygon","coordinates":[[[[126.917397,35.144163],[126.917398,35.144163],[126.917399,35.144162],[126.9174,35.144162],[126.917401,35.144162],[126.917401,35.144161],[126.917402,35.14416],[126.917402,35.14416],[126.917403,35.144159],[126.917403,35.144158],[126.917403,35.144157],[126.917402,35.144157],[126.917402,35.144156],[126.917401,35.144155],[126.917401,35.144155],[126.9174,35.144154],[126.917399,35.144154],[126.917398,35.144154],[126.917397,35.144154],[126.917396,35.144154],[126.917395,35.144154],[126.917394,35.144154],[126.917394,35.144155],[126.917393,35.144155],[126.917392,35.144156],[126.917392,35.144157],[126.917392,35.144157],[126.917392,35.144158],[126.917392,35.144159],[126.917392,35.14416],[126.917392,35.14416],[126.917393,35.144161],[126.917394,35.144162],[126.917394,35.144162],[126.917395,35.144162],[126.917396,35.144163],[126.917397,35.144163]]]]}},{"type":"Feature","id":"1967192399501826819000000000","properties":{"id":"1967192399501826819000000000","pnu":"1221011400100960002","purpose":"단독주택","floors":1,"structure":"벽돌구조"},"geometry":{"type":"MultiPolygon","coordinates":[[[[126.91739,35.143196],[126.917358,35.143222],[126.917422,35.143275],[126.917454,35.143256],[126.91739,35.143196]]]]}},{"type":"Feature","id":"1967192401451827583600000000","properties":{"id":"1967192401451827583600000000","pnu":"1221011400100840000","year":1967,"purpose":"단독주택"},"geometry":{"type":"MultiPolygon","coordinates":[[[[126.917426,35.143983],[126.917467,35.143882],[126.917423,35.14387],[126.917388,35.143971],[126.917426,35.143983]]]]}},{"type":"Feature","id":"1967192405541826900700000000","properties":{"id":"1967192405541826900700000000","pnu":"1221011400100960001","purpose":"단독주택","floors":1,"structure":"벽돌구조"},"geometry":{"type":"MultiPolygon","coordinates":[[[[126.917417,35.143288],[126.917471,35.143366],[126.917525,35.143338],[126.917498,35.143296],[126.917506,35.143292],[126.917469,35.143255],[126.917417,35.143288]]]]}},{"type":"Feature","id":"1967192430531831074100000000","properties":{"id":"1967192430531831074100000000","pnu":"1221012700100260002","purpose":"제1종 근린생활시설","far":385.56,"floors":4,"structure":"철근콘크리트구조"},"geometry":{"type":"MultiPolygon","coordinates":[[[[126.917645,35.147029],[126.917785,35.147143],[126.917837,35.147093],[126.917669,35.147001],[126.917645,35.147029]]]]}},{"type":"Feature","id":"1967192443461830624700000000","properties":{"id":"1967192443461830624700000000","pnu":"1221012700100220000","year":1967,"purpose":"제2종 근린생활시설","far":286.26,"floors":3,"structure":"철근콘크리트구조"},"geometry":{"type":"MultiPolygon","coordinates":[[[[126.917857,35.146597],[126.917791,35.146668],[126.91791,35.146742],[126.917976,35.146657],[126.917857,35.146597]]]]}},{"type":"Feature","id":"1967192452301825751100000000","properties":{"id":"1967192452301825751100000000","pnu":"1221011400102120000","purpose":"단독주택","far":37.37,"floors":1,"structure":"일반목구조"},"geometry":{"type":"MultiPolygon","coordinates":[[[[126.917989,35.142325],[126.918048,35.142264],[126.918001,35.142236],[126.917991,35.142244],[126.917965,35.142235],[126.917925,35.142274],[126.917989,35.142325]]]]}},{"type":"Feature","id":"1967192503801827995600000000","properties":{"id":"1967192503801827995600000000","pnu":"1221011400101080000","purpose":"제2종 근린생활시설"},"geometry":{"type":"MultiPolygon","coordinates":[[[[126.91858,35.144329],[126.918595,35.144298],[126.918519,35.144266],[126.918503,35.144298],[126.91858,35.144329]]]]}},{"type":"Feature","id":"1967192513861828279300000000","properties":{"id":"1967192513861828279300000000","pnu":"1221011200101750004","purpose":"단독주택"},"geometry":{"type":"MultiPolygon","coordinates":[[[[126.918678,35.144612],[126.918724,35.144528],[126.918636,35.144498],[126.918596,35.144577],[126.918678,35.144612]]]]}},{"type":"Feature","id":"1968192188401831260400000000","properties":{"id":"1968192188401831260400000000","pnu":"1221011700100210005","year":1968,"purpose":"제2종 근린생활시설"},"geometry":{"type":"MultiPolygon","coordinates":[[[[126.915096,35.147332],[126.915183,35.147236],[126.915083,35.147153],[126.914981,35.147223],[126.915096,35.147332]]]]}},{"type":"Feature","id":"1968192189831831893000000000","properties":{"id":"1968192189831831893000000000","pnu":"1221011700100130010","purpose":"제1종 근린생활시설","floors":3,"structure":"철근콘크리트구조"},"geometry":{"type":"MultiPolygon","coordinates":[[[[126.91508,35.14786],[126.915161,35.147794],[126.915123,35.147758],[126.915039,35.147819],[126.91508,35.14786]]]]}},{"type":"Feature","id":"1968192198731831302700000000","properties":{"id":"1968192198731831302700000000","pnu":"1221011700100210005","year":1968,"purpose":"제2종 근린생활시설","floors":4,"structure":"철근콘크리트구조"},"geometry":{"type":"MultiPolygon","coordinates":[[[[126.915193,35.14732],[126.915242,35.147247],[126.915204,35.147231],[126.915154,35.147307],[126.915193,35.14732]]]]}},{"type":"Feature","id":"1968192202981831355600000000","properties":{"id":"1968192202981831355600000000","pnu":"1221011700100210005","year":1968,"purpose":"제2종 근린생활시설"},"geometry":{"type":"MultiPolygon","coordinates":[[[[126.915186,35.147352],[126.915256,35.147379],[126.915297,35.14729],[126.915245,35.147268],[126.915186,35.147352]]]]}},{"type":"Feature","id":"1968192208811831360100000000","properties":{"id":"1968192208811831360100000000","pnu":"1221011700100210005","year":1968,"purpose":"제2종 근린생활시설"},"geometry":{"type":"MultiPolygon","coordinates":[[[[126.91527,35.147369],[126.915314,35.147373],[126.915327,35.147327],[126.91534,35.147328],[126.915341,35.147288],[126.915306,35.147281],[126.91527,35.147369]]]]}},{"type":"Feature","id":"1968192283371828990400000000","properties":{"id":"1968192283371828990400000000","pnu":"1221011600101390001","year":1968,"purpose":"제1종 근린생활시설","far":206.36,"floors":4,"structure":"철근콘크리트구조"},"geometry":{"type":"MultiPolygon","coordinates":[[[[126.916165,35.145311],[126.916222,35.145202],[126.916239,35.145206],[126.916263,35.145164],[126.91604,35.145099],[126.915997,35.145181],[126.916112,35.145224],[126.916087,35.14528],[126.916165,35.145311]]]]}},{"type":"Feature","id":"1968192303761828882800000000","properties":{"id":"1968192303761828882800000000","pnu":"1221011600101360002","year":1968,"purpose":"제2종 근린생활시설"},"geometry":{"type":"MultiPolygon","coordinates":[[[[126.916269,35.145112],[126.916307,35.145137],[126.916318,35.145124],[126.916389,35.145165],[126.916435,35.145111],[126.916365,35.14507],[126.916392,35.145038],[126.916351,35.145014],[126.916269,35.145112]]]]}},{"type":"Feature","id":"1968192357361826342000000000","properties":{"id":"1968192357361826342000000000","pnu":"1221011400100550006","purpose":"단독주택","floors":1,"structure":"일반목구조"},"geometry":{"type":"MultiPolygon","coordinates":[[[[126.917001,35.142795],[126.91697,35.142763],[126.916886,35.142815],[126.91692,35.14285],[126.917001,35.142795]]]]}},{"type":"Feature","id":"1968192361761826427400000000","properties":{"id":"1968192361761826427400000000","pnu":"1221011400100550006","purpose":"단독주택","floors":1,"structure":"일반목구조"},"geometry":{"type":"MultiPolygon","coordinates":[[[[126.916968,35.142929],[126.917051,35.142874],[126.91701,35.14284],[126.916937,35.142888],[126.916968,35.142929]]]]}},{"type":"Feature","id":"1968192373751829287500000000","properties":{"id":"1968192373751829287500000000","pnu":"1221011300100880005","year":1968,"purpose":"제1종 근린생활시설","floors":2,"structure":"철근콘크리트구조"},"geometry":{"type":"MultiPolygon","coordinates":[[[[126.917023,35.14549],[126.917115,35.145545],[126.917215,35.145421],[126.917136,35.145381],[126.917023,35.14549]]]]}},{"type":"Feature","id":"1968192441711831156900000000","properties":{"id":"1968192441711831156900000000","pnu":"1221012700100260001","purpose":"제1종 근린생활시설","far":354.59,"floors":4,"structure":"철근콘크리트구조"},"geometry":{"type":"MultiPolygon","coordinates":[[[[126.917865,35.147199],[126.91793,35.147154],[126.917928,35.147141],[126.917843,35.147098],[126.9178,35.147136],[126.917865,35.147199]]]]}},{"type":"Feature","id":"1968192444651827621900000000","properties":{"id":"1968192444651827621900000000","pnu":"1221011400101000002","purpose":"제1종 근린생활시설","floors":3,"structure":"철근콘크리트구조"},"geometry":{"type":"MultiPolygon","coordinates":[[[[126.91785,35.144027],[126.917897,35.144034],[126.917965,35.143901],[126.917879,35.143902],[126.91785,35.144027]]]]}},{"type":"Feature","id":"1968192447011825430400000000","properties":{"id":"1968192447011825430400000000","pnu":"1221011400102110020","year":1968,"purpose":"제1종 근린생활시설"},"geometry":{"type":"MultiPolygon","coordinates":[[[[126.917974,35.142075],[126.918044,35.141983],[126.917875,35.141895],[126.917816,35.141987],[126.917974,35.142075]]]]}},{"type":"Feature","id":"1968192486091827138300000000","properties":{"id":"1968192486091827138300000000","pnu":"1221011400101350001","year":2014,"purpose":"제2종 근린생활시설","far":79.7,"floors":1,"structure":"경량철골구조"},"geometry":{"type":"MultiPolygon","coordinates":[[[[126.918253,35.143621],[126.918324,35.143646],[126.918462,35.143438],[126.918373,35.143409],[126.918253,35.143621]]]]}},{"type":"Feature","id":"1968192498531825787200000000","properties":{"id":"1968192498531825787200000000","pnu":"1221011400102020007","purpose":"단독주택","far":36.415525,"floors":1,"structure":"벽돌구조"},"geometry":{"type":"MultiPolygon","coordinates":[[[[126.918413,35.142321],[126.918537,35.142359],[126.918569,35.142293],[126.918457,35.142255],[126.918413,35.142321]]]]}},{"type":"Feature","id":"1968192512281828402600000000","properties":{"id":"1968192512281828402600000000","pnu":"1221011200101750000","purpose":"제2종 근린생활시설","far":63.99,"floors":2,"structure":"벽돌구조"},"geometry":{"type":"MultiPolygon","coordinates":[[[[126.918703,35.144718],[126.918732,35.144668],[126.918581,35.14461],[126.918554,35.144664],[126.918703,35.144718]]]]}},{"type":"Feature","id":"1968192521661828398400000000","properties":{"id":"1968192521661828398400000000","pnu":"1221011200101750000","purpose":"기타","structure":"벽돌구조"},"geometry":{"type":"MultiPolygon","coordinates":[[[[126.918716,35.144659],[126.918768,35.144676],[126.918774,35.144663],[126.918722,35.144646],[126.918716,35.144659]]]]}},{"type":"Feature","id":"1969191948681831498400000000","properties":{"id":"1969191948681831498400000000","pnu":"1221011500100430002","year":1969,"purpose":"기타"},"geometry":{"type":"MultiPolygon","coordinates":[[[[126.912454,35.147455],[126.912455,35.147455],[126.912456,35.147455],[126.912457,35.147455],[126.912457,35.147454],[126.912458,35.147454],[126.912459,35.147453],[126.912459,35.147452],[126.912459,35.147451],[126.912459,35.147451],[126.912459,35.14745],[126.912459,35.147449],[126.912459,35.147448],[126.912458,35.147448],[126.912457,35.147447],[126.912457,35.147447],[126.912456,35.147446],[126.912455,35.147446],[126.912454,35.147446],[126.912453,35.147446],[126.912452,35.147446],[126.912451,35.147447],[126.91245,35.147447],[126.91245,35.147448],[126.912449,35.147448],[126.912449,35.147449],[126.912448,35.14745],[126.912448,35.147451],[126.912448,35.147451],[126.912449,35.147452],[126.912449,35.147453],[126.91245,35.147453],[126.91245,35.147454],[126.912451,35.147455],[126.912452,35.147455],[126.912453,35.147455],[126.912454,35.147455]]]]}},{"type":"Feature","id":"1969192007891830941100000000","properties":{"id":"1969192007891830941100000000","pnu":"1221011500100410008","year":1969,"purpose":"단독주택"},"geometry":{"type":"MultiPolygon","coordinates":[[[[126.913115,35.146972],[126.913134,35.14695],[126.913094,35.146925],[126.913074,35.146947],[126.913115,35.146972]]]]}},{"type":"Feature","id":"1969192080541830111500000000","properties":{"id":"1969192080541830111500000000","pnu":"1221011600100360002","year":1969,"purpose":"제1종 근린생활시설","floors":2,"structure":"벽돌구조"},"geometry":{"type":"MultiPolygon","coordinates":[[[[126.913947,35.146187],[126.913891,35.146155],[126.913866,35.146232],[126.9139,35.146245],[126.913947,35.146187]]]]}},{"type":"Feature","id":"1969192186051828512300000000","properties":{"id":"1969192186051828512300000000","pnu":"1221011600101830000","year":1969,"purpose":"단독주택"},"geometry":{"type":"MultiPolygon","coordinates":[[[[126.915022,35.144692],[126.914975,35.144778],[126.9151,35.144831],[126.915148,35.144743],[126.915022,35.144692]]]]}},{"type":"Feature","id":"1969192196721828702700000000","properties":{"id":"1969192196721828702700000000","pnu":"1221011600101660008","year":1969,"purpose":"기타"},"geometry":{"type":"MultiPolygon","coordinates":[[[[126.915189,35.144991],[126.915249,35.144909],[126.915168,35.144873],[126.915109,35.144958],[126.915189,35.144991]]]]}},{"type":"Feature","id":"1969192221881831281900000000","properties":{"id":"1969192221881831281900000000","pnu":"1221011700100330000","year":1969,"purpose":"숙박시설"},"geometry":{"type":"MultiPolygon","coordinates":[[[[126.915477,35.147339],[126.915546,35.147247],[126.915413,35.147162],[126.915375,35.147301],[126.915477,35.147339]]]]}},{"type":"Feature","id":"1969192224891829833600000000","properties":{"id":"1969192224891829833600000000","pnu":"1221011600101070004","year":1969,"purpose":"제2종 근린생활시설","far":175.02,"floors":3,"structure":"벽돌구조"},"geometry":{"type":"MultiPolygon","coordinates":[[[[126.915399,35.145987],[126.915488,35.146],[126.915487,35.146008],[126.915518,35.146012],[126.915557,35.145959],[126.915588,35.145974],[126.915608,35.145948],[126.915491,35.14589],[126.915472,35.145917],[126.915434,35.145898],[126.915404,35.14594],[126.915396,35.145943],[126.91539,35.145948],[126.915374,35.145969],[126.915402,35.145973],[126.915399,35.145987]]]]}},{"type":"Feature","id":"1969192228241829961700000000","properties":{"id":"1969192228241829961700000000","pnu":"1221011600101070002","year":1969,"purpose":"제1종 근린생활시설"},"geometry":{"type":"MultiPolygon","coordinates":[[[[126.91546,35.146074],[126.915542,35.146116],[126.915591,35.146059],[126.915494,35.146022],[126.91546,35.146074]]]]}},{"type":"Feature","id":"1969192232181829769500000000","properties":{"id":"1969192232181829769500000000","pnu":"1221011600101070005","year":1969,"purpose":"숙박시설"},"geometry":{"type":"MultiPolygon","coordinates":[[[[126.91552,35.145851],[126.915501,35.145889],[126.915621,35.145935],[126.915637,35.145908],[126.91552,35.145851]]]]}},{"type":"Feature","id":"1969192234451829735800000000","properties":{"id":"1969192234451829735800000000","pnu":"1221011600101070005","year":1969,"purpose":"숙박시설"},"geometry":{"type":"MultiPolygon","coordinates":[[[[126.915645,35.145902],[126.915656,35.145885],[126.915538,35.145827],[126.915526,35.145842],[126.915645,35.145902]]]]}},{"type":"Feature","id":"1969192236451829715500000000","properties":{"id":"1969192236451829715500000000","pnu":"1221011600101070005","year":1969,"purpose":"숙박시설"},"geometry":{"type":"MultiPolygon","coordinates":[[[[126.915572,35.145813],[126.915563,35.145829],[126.915656,35.145878],[126.915668,35.145866],[126.915572,35.145813]]]]}},{"type":"Feature","id":"1969192261281829813200000000","properties":{"id":"1969192261281829813200000000","pnu":"1221011600101100003","purpose":"단독주택","floors":1,"structure":"일반목구조"},"geometry":{"type":"MultiPolygon","coordinates":[[[[126.915905,35.145985],[126.915932,35.145955],[126.915916,35.145941],[126.915928,35.145929],[126.915875,35.145887],[126.915832,35.145924],[126.915905,35.145985]]]]}},{"type":"Feature","id":"1969192294341831047700000000","properties":{"id":"1969192294341831047700000000","pnu":"1221011700100480005","year":1969,"purpose":"제2종 근린생활시설"},"geometry":{"type":"MultiPolygon","coordinates":[[[[126.91632,35.147115],[126.916367,35.147058],[126.916179,35.146979],[126.916128,35.147038],[126.91632,35.147115]]]]}},{"type":"Feature","id":"1969192315741828423000000000","properties":{"id":"1969192315741828423000000000","pnu":"1221011400100310005","year":1969,"purpose":"제2종 근린생활시설"},"geometry":{"type":"MultiPolygon","coordinates":[[[[126.916499,35.144762],[126.916576,35.144681],[126.916519,35.144641],[126.916528,35.144629],[126.916478,35.144599],[126.916392,35.14469],[126.916499,35.144762]]]]}},{"type":"Feature","id":"1969192327221828388300000000","properties":{"id":"1969192327221828388300000000","pnu":"1221011400100310005","year":1969,"purpose":"제2종 근린생활시설"},"geometry":{"type":"MultiPolygon","coordinates":[[[[126.916651,35.144717],[126.916693,35.144661],[126.916565,35.144589],[126.916524,35.144626],[126.916651,35.144717]]]]}},{"type":"Feature","id":"1969192335361828362400000000","properties":{"id":"1969192335361828362400000000","pnu":"1221011400100310005","year":1969,"purpose":"제2종 근린생활시설"},"geometry":{"type":"MultiPolygon","coordinates":[[[[126.9167,35.144653],[126.916731,35.144614],[126.916699,35.144603],[126.91667,35.144636],[126.9167,35.144653]]]]}},{"type":"Feature","id":"1969192338531829990400000000","properties":{"id":"1969192338531829990400000000","pnu":"1221011700100870003","purpose":"제1종 근린생활시설","floors":2,"structure":"철근콘크리트구조"},"geometry":{"type":"MultiPolygon","coordinates":[[[[126.916692,35.146035],[126.916656,35.146069],[126.916703,35.146147],[126.916847,35.14611],[126.916692,35.146035]]]]}},{"type":"Feature","id":"1969192348281826550200000000","properties":{"id":"1969192348281826550200000000","pnu":"1221011400100530025","year":1969,"purpose":"단독주택","floors":2,"structure":"벽돌구조"},"geometry":{"type":"MultiPolygon","coordinates":[[[[126.916821,35.143048],[126.916909,35.142981],[126.916864,35.142941],[126.916781,35.143001],[126.916821,35.143048]]]]}},{"type":"Feature","id":"1969192350251828603500000000","properties":{"id":"1969192350251828603500000000","pnu":"1221011400100300023","purpose":"제2종 근린생활시설","far":82.23,"floors":1,"structure":"벽돌구조"},"geometry":{"type":"MultiPolygon","coordinates":[[[[126.916863,35.144849],[126.916864,35.144849],[126.916865,35.144849],[126.916866,35.144848],[126.916867,35.144848],[126.916868,35.144847],[126.916868,35.144847],[126.916869,35.144846],[126.916869,35.144845],[126.916869,35.144844],[126.916869,35.144844],[126.916869,35.144843],[126.916868,35.144842],[126.916868,35.144842],[126.916867,35.144841],[126.916866,35.144841],[126.916865,35.14484],[126.916864,35.14484],[126.916863,35.14484],[126.916863,35.14484],[126.916862,35.14484],[126.916861,35.144841],[126.91686,35.144841],[126.916859,35.144842],[126.916859,35.144842],[126.916858,35.144843],[126.916858,35.144844],[126.916858,35.144844],[126.916858,35.144845],[126.916858,35.144846],[126.916859,35.144847],[126.916859,35.144847],[126.91686,35.144848],[126.916861,35.144848],[126.916862,35.144849],[126.916863,35.144849],[126.916863,35.144849]]]]}},{"type":"Feature","id":"1969192368721829784300000000","properties":{"id":"1969192368721829784300000000","pnu":"1221011300100860002","year":1969,"purpose":"제2종 근린생활시설","far":252.66,"floors":5,"structure":"철근콘크리트구조"},"geometry":{"type":"MultiPolygon","coordinates":[[[[126.917143,35.146042],[126.917187,35.145953],[126.917089,35.145909],[126.917102,35.145873],[126.917093,35.145868],[126.917141,35.145782],[126.917075,35.145753],[126.91693,35.145941],[126.917143,35.146042]]]]}},{"type":"Feature","id":"1969192384561830683000000000","properties":{"id":"1969192384561830683000000000","pnu":"1221011700100760000","year":1969,"purpose":"기타","floors":4,"structure":"철근콘크리트구조"},"geometry":{"type":"MultiPolygon","coordinates":[[[[126.917185,35.146652],[126.917143,35.146723],[126.917287,35.146787],[126.917335,35.146716],[126.917185,35.146652]]]]}},{"type":"Feature","id":"1969192434381828868500000000","properties":{"id":"1969192434381828868500000000","pnu":"1221011400100050000","year":1969,"purpose":"단독주택","floors":1,"structure":"일반목구조"},"geometry":{"type":"MultiPolygon","coordinates":[[[[126.917763,35.145038],[126.917725,35.145076],[126.917812,35.14513],[126.917847,35.145092],[126.917763,35.145038]]]]}},{"type":"Feature","id":"1969192450981831043300000000","properties":{"id":"1969192450981831043300000000","pnu":"1221012700100130000","year":1969,"purpose":"제1종 근린생활시설","far":323.11,"floors":4,"structure":"철근콘크리트구조"},"geometry":{"type":"MultiPolygon","coordinates":[[[[126.917903,35.147049],[126.917969,35.14709],[126.918029,35.147077],[126.918039,35.147068],[126.917947,35.14698],[126.917903,35.147049]]]]}},{"type":"Feature","id":"1969192466571825555100000000","properties":{"id":"1969192466571825555100000000","pnu":"1221011400102150002","year":1969,"purpose":"단독주택","floors":2,"structure":"벽돌구조"},"geometry":{"type":"MultiPolygon","coordinates":[[[[126.918145,35.142146],[126.918196,35.142077],[126.918139,35.142052],[126.91809,35.142113],[126.918145,35.142146]]]]}},{"type":"Feature","id":"1969192467661826081900000000","properties":{"id":"1969192467661826081900000000","pnu":"1221011400102040000","year":1969,"purpose":"단독주택","floors":1,"structure":"벽돌구조"},"geometry":{"type":"MultiPolygon","coordinates":[[[[126.918115,35.142513],[126.91807,35.14257],[126.918188,35.142634],[126.918238,35.142565],[126.918199,35.142545],[126.918191,35.142554],[126.918115,35.142513]]]]}},{"type":"Feature","id":"1969192469651828380900000000","properties":{"id":"1969192469651828380900000000","pnu":"1221011400100080003","year":1969,"purpose":"기타"},"geometry":{"type":"MultiPolygon","coordinates":[[[[126.918209,35.144688],[126.918241,35.14463],[126.91813,35.144606],[126.918108,35.144653],[126.918209,35.144688]]]]}},{"type":"Feature","id":"1969192470621827097200000000","properties":{"id":"1969192470621827097200000000","pnu":"1221011400100980012","purpose":"제1종 근린생활시설","floors":1,"structure":"일반목구조"},"geometry":{"type":"MultiPolygon","coordinates":[[[[126.918186,35.143492],[126.918187,35.143492],[126.918188,35.143492],[126.918188,35.143492],[126.918189,35.143491],[126.91819,35.143491],[126.918191,35.14349],[126.918191,35.143489],[126.918191,35.143488],[126.918191,35.143488],[126.918191,35.143487],[126.918191,35.143486],[126.918191,35.143485],[126.91819,35.143485],[126.918189,35.143484],[126.918189,35.143484],[126.918188,35.143483],[126.918187,35.143483],[126.918186,35.143483],[126.918185,35.143483],[126.918184,35.143483],[126.918183,35.143484],[126.918182,35.143484],[126.918182,35.143485],[126.918181,35.143485],[126.918181,35.143486],[126.91818,35.143487],[126.91818,35.143488],[126.91818,35.143488],[126.918181,35.143489],[126.918181,35.14349],[126.918182,35.143491],[126.918182,35.143491],[126.918183,35.143492],[126.918184,35.143492],[126.918185,35.143492],[126.918186,35.143492]]]]}},{"type":"Feature","id":"1969192488791827254300000000","properties":{"id":"1969192488791827254300000000","pnu":"1221011400101340002","year":1969,"purpose":"제2종 근린생활시설"},"geometry":{"type":"MultiPolygon","coordinates":[[[[126.918324,35.143671],[126.918369,35.143688],[126.918444,35.143586],[126.918406,35.143568],[126.918324,35.143671]]]]}},{"type":"Feature","id":"1969192496191827339300000000","properties":{"id":"1969192496191827339300000000","pnu":"1221011400101340002","year":1969,"purpose":"숙박시설"},"geometry":{"type":"MultiPolygon","coordinates":[[[[126.918382,35.143709],[126.918506,35.143766],[126.918554,35.143707],[126.918422,35.143644],[126.918382,35.143709]]]]}},{"type":"Feature","id":"1969192498391830066200000000","properties":{"id":"1969192498391830066200000000","pnu":"1221011300100730001","year":1969,"purpose":"기타","far":108.71,"floors":3,"structure":"철근콘크리트구조"},"geometry":{"type":"MultiPolygon","coordinates":[[[[126.91851,35.146105],[126.918486,35.146154],[126.918416,35.146131],[126.918394,35.146179],[126.918522,35.14622],[126.918568,35.146123],[126.91851,35.146105]]]]}},{"type":"Feature","id":"1969192500981827210800000000","properties":{"id":"1969192500981827210800000000","pnu":"1221011400101340002","year":1969,"purpose":"단독주택"},"geometry":{"type":"MultiPolygon","coordinates":[[[[126.91859,35.143672],[126.918623,35.143639],[126.918467,35.143517],[126.918409,35.143553],[126.918451,35.143583],[126.918463,35.143572],[126.91859,35.143672]]]]}},{"type":"Feature","id":"1969192504831828206800000000","properties":{"id":"1969192504831828206800000000","pnu":"1221011200101760002","purpose":"단독주택","floors":1,"structure":"일반목구조"},"geometry":{"type":"MultiPolygon","coordinates":[[[[126.918592,35.144529],[126.918615,35.144479],[126.918529,35.144449],[126.918503,35.144495],[126.918592,35.144529]]]]}},{"type":"Feature","id":"1969192507521828144200000000","properties":{"id":"1969192507521828144200000000","pnu":"1221011200101760002","purpose":"단독주택","floors":1,"structure":"일반목구조"},"geometry":{"type":"MultiPolygon","coordinates":[[[[126.918619,35.144471],[126.918651,35.144427],[126.918555,35.144393],[126.918531,35.144437],[126.918619,35.144471]]]]}},{"type":"Feature","id":"1969192511221828511000000000","properties":{"id":"1969192511221828511000000000","pnu":"1221011200101770000","purpose":"단독주택","floors":1,"structure":"일반목구조"},"geometry":{"type":"MultiPolygon","coordinates":[[[[126.918554,35.144785],[126.918649,35.144822],[126.918703,35.144722],[126.918644,35.144706],[126.918627,35.144736],[126.918583,35.144727],[126.918554,35.144785]]]]}},{"type":"Feature","id":"1969192512821830088800000000","properties":{"id":"1969192512821830088800000000","pnu":"1221011300100730001","year":1969,"purpose":"기타","far":108.71,"floors":3,"structure":"철근콘크리트구조"},"geometry":{"type":"MultiPolygon","coordinates":[[[[126.918694,35.146291],[126.918764,35.14613],[126.918595,35.146082],[126.918528,35.146235],[126.918694,35.146291]]]]}},{"type":"Feature","id":"1969192526021828251200000000","properties":{"id":"1969192526021828251200000000","pnu":"1221011200101750003","year":1969,"purpose":"단독주택","floors":3,"structure":"벽돌구조"},"geometry":{"type":"MultiPolygon","coordinates":[[[[126.918819,35.144579],[126.918858,35.144511],[126.918764,35.144478],[126.918728,35.144545],[126.918819,35.144579]]]]}},{"type":"Feature","id":"1970191901341831529100000000","properties":{"id":"1970191901341831529100000000","pnu":"1221011500100270000","year":1970,"purpose":"제2종 근린생활시설","floors":4,"structure":"철근콘크리트구조"},"geometry":{"type":"MultiPolygon","coordinates":[[[[126.912061,35.147505],[126.91188,35.147399],[126.911866,35.147398],[126.91185,35.147398],[126.911834,35.147402],[126.911824,35.14741],[126.911802,35.147442],[126.912012,35.147574],[126.912061,35.147505]]]]}},{"type":"Feature","id":"1970192075691829532900000000","properties":{"id":"1970192075691829532900000000","pnu":"1221011600100550000","year":1970,"purpose":"숙박시설"},"geometry":{"type":"MultiPolygon","coordinates":[[[[126.913789,35.145734],[126.913903,35.145736],[126.913909,35.145628],[126.913799,35.145621],[126.913789,35.145734]]]]}},{"type":"Feature","id":"1970192138781830636100000000","properties":{"id":"1970192138781830636100000000","pnu":"1221011600100250005","year":1970,"purpose":"단독주택","floors":1,"structure":"일반목구조"},"geometry":{"type":"MultiPolygon","coordinates":[[[[126.914472,35.1467],[126.914583,35.146718],[126.914606,35.146638],[126.91456,35.146633],[126.914558,35.146649],[126.914487,35.14664],[126.914472,35.1467]]]]}},{"type":"Feature","id":"1970192160691831607700000000","properties":{"id":"1970192160691831607700000000","pnu":"1221011700100190001","year":1970,"purpose":"제2종 근린생활시설","far":257.48,"floors":4,"structure":"철근콘크리트구조"},"geometry":{"type":"MultiPolygon","coordinates":[[[[126.914831,35.147718],[126.914977,35.147607],[126.914773,35.147413],[126.914752,35.147401],[126.914738,35.147399],[126.914715,35.147399],[126.914586,35.147492],[126.914587,35.147504],[126.914831,35.147718]]]]}},{"type":"Feature","id":"1970192266771829933700000000","properties":{"id":"1970192266771829933700000000","pnu":"1221011600101100002","year":1970,"purpose":"숙박시설"},"geometry":{"type":"MultiPolygon","coordinates":[[[[126.915933,35.146109],[126.916021,35.146014],[126.915968,35.145979],[126.915869,35.146061],[126.915933,35.146109]]]]}},{"type":"Feature","id":"1970192342161829664700000000","properties":{"id":"1970192342161829664700000000","pnu":"1221011300100860009","year":1970,"purpose":"제2종 근린생활시설","floors":3,"structure":"철근콘크리트구조"},"geometry":{"type":"MultiPolygon","coordinates":[[[[126.916693,35.145822],[126.91672,35.145853],[126.916774,35.145872],[126.916857,35.145758],[126.916784,35.14573],[126.916693,35.145822]]]]}},{"type":"Feature","id":"1970192344021828662700000000","properties":{"id":"1970192344021828662700000000","pnu":"1221011400100300024","purpose":"제2종 근린생활시설","far":175.92,"floors":2,"structure":"벽돌구조"},"geometry":{"type":"MultiPolygon","coordinates":[[[[126.916743,35.144901],[126.916796,35.144941],[126.916847,35.144895],[126.916795,35.144855],[126.916743,35.144901]]]]}},{"type":"Feature","id":"1970192353991828743700000000","properties":{"id":"1970192353991828743700000000","pnu":"1221011400100300002","year":1970,"purpose":"제1종 근린생활시설","floors":4,"structure":"철근콘크리트구조"},"geometry":{"type":"MultiPolygon","coordinates":[[[[126.916936,35.145036],[126.916991,35.144975],[126.916873,35.144905],[126.916817,35.144968],[126.916936,35.145036]]]]}},{"type":"Feature","id":"1970192377671829592100000000","properties":{"id":"1970192377671829592100000000","pnu":"1221011300100860001","year":1970,"purpose":"숙박시설","structure":"철근콘크리트구조"},"geometry":{"type":"MultiPolygon","coordinates":[[[[126.917163,35.14574],[126.917164,35.14574],[126.917165,35.14574],[126.917166,35.14574],[126.917167,35.145739],[126.917168,35.145739],[126.917168,35.145738],[126.917169,35.145737],[126.917169,35.145737],[126.917169,35.145736],[126.917169,35.145735],[126.917169,35.145734],[126.917168,35.145734],[126.917168,35.145733],[126.917167,35.145732],[126.917166,35.145732],[126.917165,35.145732],[126.917164,35.145731],[126.917163,35.145731],[126.917162,35.145731],[126.917162,35.145732],[126.917161,35.145732],[126.91716,35.145732],[126.917159,35.145733],[126.917159,35.145734],[126.917158,35.145734],[126.917158,35.145735],[126.917158,35.145736],[126.917158,35.145737],[126.917158,35.145737],[126.917159,35.145738],[126.917159,35.145739],[126.91716,35.145739],[126.917161,35.14574],[126.917162,35.14574],[126.917162,35.14574],[126.917163,35.14574]]]]}},{"type":"Feature","id":"1970192386061827306900000000","properties":{"id":"1970192386061827306900000000","pnu":"1221011400100900003","year":1970,"purpose":"단독주택"},"geometry":{"type":"MultiPolygon","coordinates":[[[[126.917309,35.143734],[126.917349,35.143679],[126.917207,35.143616],[126.917169,35.143676],[126.917309,35.143734]]]]}},{"type":"Feature","id":"1970192405041831416100000000","properties":{"id":"1970192405041831416100000000","pnu":"1221012700100300001","year":1970,"purpose":"제1종 근린생활시설","far":242.75,"floors":4,"structure":"철근콘크리트구조"},"geometry":{"type":"MultiPolygon","coordinates":[[[[126.917343,35.147373],[126.917361,35.147388],[126.917374,35.147378],[126.9174,35.147401],[126.917424,35.147383],[126.917519,35.147467],[126.917581,35.147421],[126.917457,35.147312],[126.917435,35.147329],[126.917407,35.147304],[126.917349,35.147348],[126.917343,35.147373]]]]}},{"type":"Feature","id":"1970192412121830072500000000","properties":{"id":"1970192412121830072500000000","pnu":"1221011300100810003","year":1970,"purpose":"제2종 근린생활시설","far":166.73,"floors":3,"structure":"일반철골구조"},"geometry":{"type":"MultiPolygon","coordinates":[[[[126.917468,35.146199],[126.917553,35.146237],[126.917615,35.146135],[126.917527,35.146103],[126.917468,35.146199]]]]}},{"type":"Feature","id":"1970192450001825624400000000","properties":{"id":"1970192450001825624400000000","pnu":"1221011400102150012","year":1970,"purpose":"기타"},"geometry":{"type":"MultiPolygon","coordinates":[[[[126.917951,35.142195],[126.918003,35.142147],[126.917969,35.142126],[126.91792,35.142171],[126.917951,35.142195]]]]}},{"type":"Feature","id":"1970192458631825659500000000","properties":{"id":"1970192458631825659500000000","pnu":"1221011400102150001","year":1970,"purpose":"숙박시설"},"geometry":{"type":"MultiPolygon","coordinates":[[[[126.918047,35.142245],[126.918113,35.142163],[126.918061,35.14214],[126.917999,35.142219],[126.918047,35.142245]]]]}},{"type":"Feature","id":"1970192463341825600700000000","properties":{"id":"1970192463341825600700000000","pnu":"1221011400102150001","year":1970,"purpose":"단독주택"},"geometry":{"type":"MultiPolygon","coordinates":[[[[126.918107,35.142143],[126.918108,35.142143],[126.918109,35.142143],[126.91811,35.142143],[126.918111,35.142142],[126.918111,35.142142],[126.918112,35.142141],[126.918112,35.14214],[126.918113,35.142139],[126.918113,35.142139],[126.918113,35.142138],[126.918112,35.142137],[126.918112,35.142136],[126.918111,35.142136],[126.918111,35.142135],[126.91811,35.142135],[126.918109,35.142134],[126.918108,35.142134],[126.918107,35.142134],[126.918106,35.142134],[126.918105,35.142134],[126.918105,35.142135],[126.918104,35.142135],[126.918103,35.142136],[126.918103,35.142136],[126.918102,35.142137],[126.918102,35.142138],[126.918102,35.142139],[126.918102,35.142139],[126.918102,35.14214],[126.918102,35.142141],[126.918103,35.142142],[126.918104,35.142142],[126.918105,35.142143],[126.918105,35.142143],[126.918106,35.142143],[126.918107,35.142143]]]]}},{"type":"Feature","id":"1970192463441825460400000000","properties":{"id":"1970192463441825460400000000","pnu":"1221011400102150009","year":1970,"purpose":"기타"},"geometry":{"type":"MultiPolygon","coordinates":[[[[126.918108,35.142017],[126.918109,35.142017],[126.91811,35.142017],[126.918111,35.142016],[126.918112,35.142016],[126.918113,35.142015],[126.918113,35.142015],[126.918114,35.142014],[126.918114,35.142013],[126.918114,35.142012],[126.918114,35.142011],[126.918114,35.142011],[126.918113,35.14201],[126.918113,35.142009],[126.918112,35.142009],[126.918111,35.142008],[126.91811,35.142008],[126.918109,35.142008],[126.918108,35.142008],[126.918108,35.142008],[126.918107,35.142008],[126.918106,35.142008],[126.918105,35.142009],[126.918104,35.142009],[126.918104,35.14201],[126.918103,35.142011],[126.918103,35.142011],[126.918103,35.142012],[126.918103,35.142013],[126.918103,35.142014],[126.918104,35.142015],[126.918104,35.142015],[126.918105,35.142016],[126.918106,35.142016],[126.918107,35.142017],[126.918108,35.142017],[126.918108,35.142017]]]]}},{"type":"Feature","id":"1970192464341825909300000000","properties":{"id":"1970192464341825909300000000","pnu":"1221011400102020004","year":1970,"purpose":"단독주택","floors":2,"structure":"벽돌구조"},"geometry":{"type":"MultiPolygon","coordinates":[[[[126.918111,35.142486],[126.918194,35.142383],[126.918127,35.142348],[126.91804,35.142448],[126.918111,35.142486]]]]}},{"type":"Feature","id":"1970192468851831170600000000","properties":{"id":"1970192468851831170600000000","pnu":"1221012700100080007","purpose":"제2종 근린생활시설","far":390.45,"floors":4,"structure":"철근콘크리트구조"},"geometry":{"type":"MultiPolygon","coordinates":[[[[126.918178,35.147234],[126.918254,35.147179],[126.918142,35.147081],[126.918093,35.147119],[126.918093,35.147167],[126.918178,35.147234]]]]}},{"type":"Feature","id":"1970192492511825866300000000","properties":{"id":"1970192492511825866300000000","pnu":"1221011400102020008","year":1970,"purpose":"단독주택","floors":1,"structure":"일반목구조"},"geometry":{"type":"MultiPolygon","coordinates":[[[[126.91835,35.142387],[126.91846,35.142431],[126.918501,35.142365],[126.918395,35.142329],[126.91835,35.142387]]]]}},{"type":"Feature","id":"1971191917691831673800000000","properties":{"id":"1971191917691831673800000000","pnu":"1221011500100300006","year":1971,"purpose":"기타","floors":5,"structure":"철근콘크리트구조"},"geometry":{"type":"MultiPolygon","coordinates":[[[[126.912132,35.147689],[126.912201,35.147611],[126.912074,35.147536],[126.912027,35.147593],[126.912111,35.147653],[126.912103,35.147668],[126.912132,35.147689]]]]}},{"type":"Feature","id":"1971192090361829946100000000","properties":{"id":"1971192090361829946100000000","pnu":"1221011600100360006","year":1971,"purpose":"제1종 근린생활시설","floors":1,"structure":"벽돌구조"},"geometry":{"type":"MultiPolygon","coordinates":[[[[126.914074,35.146034],[126.913989,35.146005],[126.913952,35.146071],[126.914021,35.146102],[126.914074,35.146034]]]]}},{"type":"Feature","id":"1971192203181830269000000000","properties":{"id":"1971192203181830269000000000","pnu":"1221011600100100004","year":1971,"purpose":"단독주택"},"geometry":{"type":"MultiPolygon","coordinates":[[[[126.915269,35.146381],[126.91529,35.146345],[126.915233,35.146311],[126.915201,35.146339],[126.915269,35.146381]]]]}},{"type":"Feature","id":"1971192235621828057500000000","properties":{"id":"1971192235621828057500000000","pnu":"1221011600101570001","year":1971,"purpose":"제2종 근린생활시설"},"geometry":{"type":"MultiPolygon","coordinates":[[[[126.915604,35.144296],[126.915568,35.144301],[126.915527,35.144365],[126.915639,35.144408],[126.915686,35.144354],[126.915604,35.144296]]]]}},{"type":"Feature","id":"1971192245841828130800000000","properties":{"id":"1971192245841828130800000000","pnu":"1221011600101570001","year":1971,"purpose":"단독주택"},"geometry":{"type":"MultiPolygon","coordinates":[[[[126.915783,35.144401],[126.915717,35.144366],[126.915653,35.144433],[126.915719,35.14447],[126.915783,35.144401]]]]}},{"type":"Feature","id":"1971192275431829855200000000","properties":{"id":"1971192275431829855200000000","pnu":"1221011600101100005","purpose":"숙박시설","floors":2,"structure":"벽돌구조"},"geometry":{"type":"MultiPolygon","coordinates":[[[[126.916041,35.145977],[126.916042,35.145977],[126.916043,35.145976],[126.916044,35.145976],[126.916045,35.145976],[126.916045,35.145975],[126.916046,35.145974],[126.916046,35.145974],[126.916047,35.145973],[126.916047,35.145972],[126.916047,35.145971],[126.916046,35.145971],[126.916046,35.14597],[126.916045,35.145969],[126.916045,35.145969],[126.916044,35.145968],[126.916043,35.145968],[126.916042,35.145968],[126.916041,35.145968],[126.91604,35.145968],[126.916039,35.145968],[126.916038,35.145968],[126.916038,35.145969],[126.916037,35.145969],[126.916036,35.14597],[126.916036,35.145971],[126.916036,35.145971],[126.916036,35.145972],[126.916036,35.145973],[126.916036,35.145974],[126.916036,35.145974],[126.916037,35.145975],[126.916038,35.145976],[126.916038,35.145976],[126.916039,35.145976],[126.91604,35.145977],[126.916041,35.145977]]]]}},{"type":"Feature","id":"1971192284431829915300000000","properties":{"id":"1971192284431829915300000000","pnu":"1221011600101100006","year":1971,"purpose":"제2종 근린생활시설","far":252.26,"floors":3,"structure":"벽돌구조"},"geometry":{"type":"MultiPolygon","coordinates":[[[[126.916077,35.146025],[126.916171,35.14607],[126.916204,35.146029],[126.916107,35.145982],[126.916077,35.146025]]]]}},{"type":"Feature","id":"1971192332401826426500000000","properties":{"id":"1971192332401826426500000000","pnu":"1221011400100540002","year":1971,"purpose":"제1종 근린생활시설","floors":2,"structure":"철근콘크리트구조"},"geometry":{"type":"MultiPolygon","coordinates":[[[[126.916722,35.142721],[126.916449,35.142969],[126.916513,35.143039],[126.916906,35.142852],[126.916722,35.142721]]]]}},{"type":"Feature","id":"1971192342411829381300000000","properties":{"id":"1971192342411829381300000000","pnu":"1221011300100910000","purpose":"제2종 근린생활시설","floors":3,"structure":"벽돌구조"},"geometry":{"type":"MultiPolygon","coordinates":[[[[126.916758,35.145637],[126.916879,35.145519],[126.916785,35.145457],[126.916679,35.145567],[126.916758,35.145637]]]]}},{"type":"Feature","id":"1971192352311829719500000000","properties":{"id":"1971192352311829719500000000","pnu":"1221011300100860006","year":1971,"purpose":"제2종 근린생활시설","far":387.89,"floors":5,"structure":"철근콘크리트구조"},"geometry":{"type":"MultiPolygon","coordinates":[[[[126.91679,35.145873],[126.91691,35.145929],[126.916974,35.145834],[126.916937,35.145816],[126.916945,35.145804],[126.916869,35.14577],[126.916832,35.145827],[126.916823,35.145823],[126.91679,35.145873]]]]}},{"type":"Feature","id":"1971192355831829587600000000","properties":{"id":"1971192355831829587600000000","pnu":"1221011300100860007","year":1971,"purpose":"기타","far":303.66,"floors":4,"structure":"철근콘크리트구조"},"geometry":{"type":"MultiPolygon","coordinates":[[[[126.917053,35.145722],[126.916852,35.145656],[126.916787,35.145724],[126.916989,35.145815],[126.917053,35.145722]]]]}},{"type":"Feature","id":"1971192417391829971700000000","properties":{"id":"1971192417391829971700000000","pnu":"1221011300100800007","year":1971,"purpose":"숙박시설","floors":2,"structure":"벽돌구조"},"geometry":{"type":"MultiPolygon","coordinates":[[[[126.917494,35.146076],[126.917658,35.146151],[126.917708,35.14608],[126.917529,35.146006],[126.917494,35.146076]]]]}},{"type":"Feature","id":"1971192427131829341700000000","properties":{"id":"1971192427131829341700000000","pnu":"1221011300101000026","year":1971,"purpose":"제2종 근린생활시설","floors":2,"structure":"철근콘크리트구조"},"geometry":{"type":"MultiPolygon","coordinates":[[[[126.917723,35.14557],[126.917751,35.14546],[126.917689,35.145451],[126.917662,35.14556],[126.917723,35.14557]]]]}},{"type":"Feature","id":"1971192428851831846200000000","properties":{"id":"1971192428851831846200000000","pnu":"1221012700100010006","year":1971,"purpose":"제2종 근린생활시설","far":252.6,"floors":4,"structure":"벽돌구조"},"geometry":{"type":"MultiPolygon","coordinates":[[[[126.91775,35.147966],[126.917807,35.147925],[126.917827,35.147941],[126.918018,35.14774],[126.917906,35.147674],[126.917887,35.147687],[126.917853,35.147674],[126.917824,35.147696],[126.917753,35.147666],[126.917741,35.147676],[126.91768,35.147636],[126.917621,35.147669],[126.917502,35.147584],[126.917445,35.147627],[126.917449,35.147687],[126.917522,35.147771],[126.91775,35.147966]]]]}},{"type":"Feature","id":"1971192433331830897700000000","properties":{"id":"1971192433331830897700000000","pnu":"1221012700100160000","year":1971,"purpose":"제1종 근린생활시설","far":123.4,"floors":3,"structure":"철근콘크리트구조"},"geometry":{"type":"MultiPolygon","coordinates":[[[[126.917647,35.146917],[126.917806,35.147004],[126.917898,35.146883],[126.917815,35.146844],[126.917782,35.146879],[126.917699,35.146839],[126.917647,35.146917]]]]}},{"type":"Feature","id":"1971192457621831286100000000","properties":{"id":"1971192457621831286100000000","pnu":"1221012700100050003","year":1971,"purpose":"제1종 근린생활시설","far":359.87,"floors":4,"structure":"철근콘크리트구조"},"geometry":{"type":"MultiPolygon","coordinates":[[[[126.918066,35.147334],[126.918128,35.147284],[126.918019,35.147205],[126.91798,35.147205],[126.917951,35.147232],[126.918066,35.147334]]]]}},{"type":"Feature","id":"1971192458041826204700000000","properties":{"id":"1971192458041826204700000000","pnu":"1221011400101490005","year":1971,"purpose":"단독주택","floors":1,"structure":"일반목구조"},"geometry":{"type":"MultiPolygon","coordinates":[[[[126.918049,35.142738],[126.918114,35.142652],[126.918049,35.142626],[126.918014,35.14268],[126.918006,35.142679],[126.91798,35.142713],[126.918049,35.142738]]]]}},{"type":"Feature","id":"1971192458871826332900000000","properties":{"id":"1971192458871826332900000000","pnu":"1221011400101490001","year":1971,"purpose":"단독주택","floors":1,"structure":"일반목구조"},"geometry":{"type":"MultiPolygon","coordinates":[[[[126.917967,35.14281],[126.918121,35.142861],[126.918151,35.142798],[126.918051,35.142761],[126.918055,35.142744],[126.918009,35.142729],[126.917967,35.14281]]]]}},{"type":"Feature","id":"1971192466021826256700000000","properties":{"id":"1971192466021826256700000000","pnu":"1221011400101490004","year":1971,"purpose":"단독주택","floors":1,"structure":"일반목구조"},"geometry":{"type":"MultiPolygon","coordinates":[[[[126.918174,35.142781],[126.918204,35.142731],[126.91814,35.142699],[126.918146,35.142683],[126.918115,35.142673],[126.918067,35.14274],[126.918174,35.142781]]]]}},{"type":"Feature","id":"1971192485121825737800000000","properties":{"id":"1971192485121825737800000000","pnu":"1221011400102020006","year":1971,"purpose":"단독주택","floors":1,"structure":"벽돌구조"},"geometry":{"type":"MultiPolygon","coordinates":[[[[126.918377,35.142319],[126.918422,35.142276],[126.918314,35.142207],[126.918269,35.142246],[126.918377,35.142319]]]]}},{"type":"Feature","id":"1972192066601829180100000000","properties":{"id":"1972192066601829180100000000","pnu":"1221011600100640002","year":1972,"purpose":"제1종 근린생활시설","floors":3,"structure":"철근콘크리트구조"},"geometry":{"type":"MultiPolygon","coordinates":[[[[126.913675,35.145365],[126.913782,35.145412],[126.91382,35.145354],[126.913724,35.145314],[126.913675,35.145365]]]]}},{"type":"Feature","id":"1972192096441829618200000000","properties":{"id":"1972192096441829618200000000","pnu":"1221011600100660001","year":1972,"purpose":"단독주택"},"geometry":{"type":"MultiPolygon","coordinates":[[[[126.914106,35.14582],[126.91414,35.145708],[126.914048,35.145691],[126.914016,35.145812],[126.914106,35.14582]]]]}},{"type":"Feature","id":"1972192101321829459200000000","properties":{"id":"1972192101321829459200000000","pnu":"1221011600100660001","year":1972,"purpose":"제1종 근린생활시설"},"geometry":{"type":"MultiPolygon","coordinates":[[[[126.914137,35.145706],[126.914212,35.145553],[126.914135,35.145512],[126.914045,35.145682],[126.914137,35.145706]]]]}},{"type":"Feature","id":"1972192116531829122200000000","properties":{"id":"1972192116531829122200000000","pnu":"1221011600100890000","year":1972,"purpose":"단독주택"},"geometry":{"type":"MultiPolygon","coordinates":[[[[126.91422,35.145359],[126.914337,35.145317],[126.914378,35.145324],[126.914402,35.145276],[126.91433,35.145274],[126.914202,35.145312],[126.91422,35.145359]]]]}},{"type":"Feature","id":"1972192235921829537100000000","properties":{"id":"1972192235921829537100000000","pnu":"1221011600101130003","year":1972,"purpose":"제2종 근린생활시설","far":59.75,"floors":1,"structure":"일반목구조"},"geometry":{"type":"MultiPolygon","coordinates":[[[[126.915621,35.145742],[126.915666,35.145652],[126.915616,35.145634],[126.915604,35.145661],[126.915566,35.14565],[126.915555,35.145708],[126.915621,35.145742]]]]}},{"type":"Feature","id":"1972192237461829659200000000","properties":{"id":"1972192237461829659200000000","pnu":"1221011600101130000","year":1972,"purpose":"단독주택","floors":1,"structure":"일반목구조"},"geometry":{"type":"MultiPolygon","coordinates":[[[[126.915657,35.145851],[126.915702,35.145791],[126.91566,35.145769],[126.915655,35.145772],[126.915584,35.145742],[126.915548,35.145796],[126.915657,35.145851]]]]}},{"type":"Feature","id":"1972192246421829571900000000","properties":{"id":"1972192246421829571900000000","pnu":"1221011600101130002","year":1972,"purpose":"제2종 근린생활시설","floors":1,"structure":"일반목구조"},"geometry":{"type":"MultiPolygon","coordinates":[[[[126.915713,35.145778],[126.915787,35.145694],[126.915706,35.145655],[126.915686,35.145676],[126.915713,35.145694],[126.915665,35.14576],[126.915713,35.145778]]]]}},{"type":"Feature","id":"1972192290221827033300000000","properties":{"id":"1972192290221827033300000000","pnu":"1221011400100570019","year":1972,"purpose":"단독주택"},"geometry":{"type":"MultiPolygon","coordinates":[[[[126.916264,35.143428],[126.916246,35.143402],[126.916148,35.143435],[126.916154,35.143454],[126.916264,35.143428]]]]}},{"type":"Feature","id":"1972192296261827091700000000","properties":{"id":"1972192296261827091700000000","pnu":"1221011400100570019","year":1972,"purpose":"단독주택"},"geometry":{"type":"MultiPolygon","coordinates":[[[[126.916266,35.143533],[126.916304,35.143522],[126.916291,35.143478],[126.916305,35.143471],[126.916292,35.143434],[126.91623,35.143454],[126.916266,35.143533]]]]}},{"type":"Feature","id":"1972192323161826774500000000","properties":{"id":"1972192323161826774500000000","pnu":"1221011400100530011","year":1972,"purpose":"단독주택","floors":2,"structure":"벽돌구조"},"geometry":{"type":"MultiPolygon","coordinates":[[[[126.916564,35.143246],[126.916631,35.143188],[126.916586,35.143151],[126.916553,35.143171],[126.916542,35.143166],[126.916503,35.143193],[126.916564,35.143246]]]]}},{"type":"Feature","id":"1972192371381827236900000000","properties":{"id":"1972192371381827236900000000","pnu":"1221011400100820004","year":1972,"purpose":"단독주택"},"geometry":{"type":"MultiPolygon","coordinates":[[[[126.91709,35.143667],[126.917142,35.143568],[126.917108,35.143558],[126.91705,35.14365],[126.91709,35.143667]]]]}},{"type":"Feature","id":"1972192375681827276400000000","properties":{"id":"1972192375681827276400000000","pnu":"1221011400100820004","year":1972,"purpose":"단독주택"},"geometry":{"type":"MultiPolygon","coordinates":[[[[126.91716,35.143586],[126.917086,35.14369],[126.917132,35.143708],[126.9172,35.143606],[126.91716,35.143586]]]]}},{"type":"Feature","id":"1972192398181826251700000000","properties":{"id":"1972192398181826251700000000","pnu":"1221011400101470028","year":1972,"purpose":"단독주택","floors":2,"structure":"벽돌구조"},"geometry":{"type":"MultiPolygon","coordinates":[[[[126.917419,35.142774],[126.91746,35.142715],[126.917417,35.142697],[126.917407,35.142709],[126.917347,35.142682],[126.91732,35.142719],[126.917419,35.142774]]]]}},{"type":"Feature","id":"1972192403071829042800000000","properties":{"id":"1972192403071829042800000000","pnu":"1221011300100620000","year":1972,"purpose":"제1종 근린생활시설","far":359.49,"floors":4,"structure":"철근콘크리트구조"},"geometry":{"type":"MultiPolygon","coordinates":[[[[126.917491,35.145315],[126.917511,35.145247],[126.917486,35.145198],[126.917363,35.145174],[126.917393,35.145268],[126.917447,35.145303],[126.917491,35.145315]]]]}},{"type":"Feature","id":"1972192416401829603900000000","properties":{"id":"1972192416401829603900000000","pnu":"1221011300101000023","year":1972,"purpose":"제2종 근린생활시설","far":208.37,"floors":4,"structure":"벽돌구조"},"geometry":{"type":"MultiPolygon","coordinates":[[[[126.917445,35.145753],[126.917547,35.145774],[126.917542,35.145788],[126.917559,35.145795],[126.917559,35.145796],[126.917584,35.145807],[126.917631,35.145818],[126.917624,35.145839],[126.917712,35.145858],[126.917713,35.145853],[126.917732,35.145857],[126.917746,35.145815],[126.917727,35.145811],[126.917737,35.14578],[126.917623,35.145756],[126.917649,35.145675],[126.917481,35.145639],[126.917445,35.145753]]]]}},{"type":"Feature","id":"1972192438311829158100000000","properties":{"id":"1972192438311829158100000000","pnu":"1221011300100600001","year":1972,"purpose":"제2종 근린생활시설","floors":5,"structure":"철근콘크리트구조"},"geometry":{"type":"MultiPolygon","coordinates":[[[[126.917762,35.145387],[126.917858,35.145407],[126.917896,35.145303],[126.917801,35.145282],[126.917762,35.145387]]]]}},{"type":"Feature","id":"1972192448641829398600000000","properties":{"id":"1972192448641829398600000000","pnu":"1221011300101000011","year":1972,"purpose":"제2종 근린생활시설","far":265.2,"floors":3,"structure":"철근콘크리트구조"},"geometry":{"type":"MultiPolygon","coordinates":[[[[126.917846,35.145607],[126.918002,35.145639],[126.918038,35.145517],[126.917883,35.145485],[126.917846,35.145607]]]]}},{"type":"Feature","id":"1972192453471829829300000000","properties":{"id":"1972192453471829829300000000","pnu":"1221011300101000007","year":1972,"purpose":"제2종 근린생활시설","floors":2,"structure":"벽돌구조"},"geometry":{"type":"MultiPolygon","coordinates":[[[[126.917924,35.145967],[126.918052,35.145991],[126.918072,35.145947],[126.918027,35.145936],[126.918029,35.145925],[126.917946,35.145905],[126.917924,35.145967]]]]}},{"type":"Feature","id":"1972192484151828059000000000","properties":{"id":"1972192484151828059000000000","pnu":"1221011400100120003","year":1972,"purpose":"단독주택"},"geometry":{"type":"MultiPolygon","coordinates":[[[[126.918366,35.144403],[126.91839,35.144355],[126.918343,35.144334],[126.91835,35.144318],[126.91831,35.144304],[126.918277,35.144363],[126.918366,35.144403]]]]}},{"type":"Feature","id":"1972192501351829536400000000","properties":{"id":"1972192501351829536400000000","pnu":"1221011300100690005","year":1972,"purpose":"제2종 근린생활시설","floors":4,"structure":"철근콘크리트구조"},"geometry":{"type":"MultiPolygon","coordinates":[[[[126.918498,35.145622],[126.918461,35.145732],[126.918543,35.145749],[126.918582,35.145644],[126.918498,35.145622]]]]}},{"type":"Feature","id":"1973192252661829687800000000","properties":{"id":"1973192252661829687800000000","pnu":"1221011600101110000","year":1973,"purpose":"기타","far":90,"floors":3,"structure":"일반목구조"},"geometry":{"type":"MultiPolygon","coordinates":[[[[126.915678,35.145858],[126.915756,35.145891],[126.91576,35.145885],[126.915839,35.145917],[126.915871,35.145863],[126.915876,35.145865],[126.915906,35.145817],[126.915815,35.14578],[126.915844,35.145735],[126.915776,35.145707],[126.915719,35.145799],[126.915713,35.145797],[126.915678,35.145858]]]]}},{"type":"Feature","id":"1973192254861831793000000000","properties":{"id":"1973192254861831793000000000","pnu":"1221011700100250003","year":1973,"purpose":"제1종 근린생활시설","floors":2,"structure":"철근콘크리트구조"},"geometry":{"type":"MultiPolygon","coordinates":[[[[126.915909,35.14774],[126.915816,35.147639],[126.915719,35.147697],[126.91581,35.147799],[126.915909,35.14774]]]]}},{"type":"Feature","id":"1973192307161828687900000000","properties":{"id":"1973192307161828687900000000","pnu":"1221011600101350000","year":1973,"purpose":"제2종 근린생활시설"},"geometry":{"type":"MultiPolygon","coordinates":[[[[126.916234,35.144951],[126.916381,35.145036],[126.916406,35.145005],[126.916423,35.14501],[126.916531,35.144869],[126.916413,35.144798],[126.916305,35.14492],[126.916267,35.144904],[126.916234,35.144951]]]]}},{"type":"Feature","id":"1973192317981827022300000000","properties":{"id":"1973192317981827022300000000","pnu":"1221011400100570027","year":1973,"purpose":"단독주택","floors":2,"structure":"벽돌구조"},"geometry":{"type":"MultiPolygon","coordinates":[[[[126.916506,35.143473],[126.916575,35.143437],[126.916511,35.143363],[126.916449,35.143402],[126.916506,35.143473]]]]}},{"type":"Feature","id":"1973192362891828620800000000","properties":{"id":"1973192362891828620800000000","pnu":"1221011400100300025","year":1973,"purpose":"기타","far":74.26,"floors":1,"structure":"벽돌구조"},"geometry":{"type":"MultiPolygon","coordinates":[[[[126.917092,35.144839],[126.91698,35.144795],[126.916916,35.144877],[126.917016,35.144929],[126.917092,35.144839]]]]}},{"type":"Feature","id":"1973192368601828533100000000","properties":{"id":"1973192368601828533100000000","pnu":"1221011400100300025","year":1973,"purpose":"기타","far":74.26,"floors":1,"structure":"벽돌구조"},"geometry":{"type":"MultiPolygon","coordinates":[[[[126.917097,35.144829],[126.917147,35.144774],[126.917088,35.144751],[126.91708,35.144761],[126.917008,35.144741],[126.91698,35.144775],[126.917097,35.144829]]]]}},{"type":"Feature","id":"1973192378581831980400000000","properties":{"id":"1973192378581831980400000000","pnu":"1221012800100130000","year":1973,"purpose":"제1종 근린생활시설","floors":5,"structure":"철근콘크리트구조"},"geometry":{"type":"MultiPolygon","coordinates":[[[[126.917177,35.147976],[126.917274,35.147907],[126.917188,35.147801],[126.917062,35.147873],[126.917121,35.147942],[126.917138,35.147931],[126.917177,35.147976]]]]}},{"type":"Feature","id":"1973192392941831881000000000","properties":{"id":"1973192392941831881000000000","pnu":"1221012800100140000","year":1973,"purpose":"제1종 근린생활시설","floors":4,"structure":"철근콘크리트구조"},"geometry":{"type":"MultiPolygon","coordinates":[[[[126.917317,35.147904],[126.917461,35.147819],[126.917364,35.147709],[126.917299,35.147714],[126.917196,35.147781],[126.917317,35.147904]]]]}},{"type":"Feature","id":"1973192425181827087500000000","properties":{"id":"1973192425181827087500000000","pnu":"1221011400100970001","year":1973,"purpose":"숙박시설","floors":2,"structure":"벽돌구조"},"geometry":{"type":"MultiPolygon","coordinates":[[[[126.917606,35.143521],[126.917683,35.143551],[126.917768,35.14344],[126.917691,35.143404],[126.917606,35.143521]]]]}},{"type":"Feature","id":"1973192428601829488800000000","properties":{"id":"1973192428601829488800000000","pnu":"1221011300101000019","year":1973,"purpose":"숙박시설","floors":4,"structure":"철근콘크리트구조"},"geometry":{"type":"MultiPolygon","coordinates":[[[[126.917784,35.145701],[126.917807,35.14562],[126.917658,35.145587],[126.917635,35.145656],[126.917677,35.145667],[126.917675,35.145676],[126.917784,35.145701]]]]}},{"type":"Feature","id":"1973192429861825957600000000","properties":{"id":"1973192429861825957600000000","pnu":"1221011400102100000","year":1973,"purpose":"단독주택","floors":2,"structure":"벽돌구조"},"geometry":{"type":"MultiPolygon","coordinates":[[[[126.917811,35.142484],[126.917789,35.142407],[126.917667,35.142437],[126.917683,35.142498],[126.917711,35.142509],[126.917811,35.142484]]]]}},{"type":"Feature","id":"1973192433941830561900000000","properties":{"id":"1973192433941830561900000000","pnu":"1221012700100220007","year":1973,"purpose":"제2종 근린생활시설","floors":3,"structure":"벽돌구조"},"geometry":{"type":"MultiPolygon","coordinates":[[[[126.917777,35.146558],[126.917711,35.146632],[126.917781,35.146661],[126.91785,35.146593],[126.917777,35.146558]]]]}},{"type":"Feature","id":"1973192440971829791600000000","properties":{"id":"1973192440971829791600000000","pnu":"1221011300101000014","year":1973,"purpose":"제2종 근린생활시설","floors":2,"structure":"벽돌구조"},"geometry":{"type":"MultiPolygon","coordinates":[[[[126.917777,35.145936],[126.917902,35.145967],[126.917935,35.145887],[126.917877,35.145874],[126.917874,35.145883],[126.917829,35.145873],[126.917825,35.145883],[126.917798,35.145879],[126.917777,35.145936]]]]}},{"type":"Feature","id":"1973192445861825830200000000","properties":{"id":"1973192445861825830200000000","pnu":"1221011400102110000","year":1959,"purpose":"제2종 근린생활시설","far":42.09,"floors":1,"structure":"일반목구조"},"geometry":{"type":"MultiPolygon","coordinates":[[[[126.917903,35.142401],[126.917979,35.142327],[126.917917,35.142289],[126.917893,35.142316],[126.917903,35.142321],[126.917851,35.142369],[126.917903,35.142401]]]]}},{"type":"Feature","id":"1973192465251828479100000000","properties":{"id":"1973192465251828479100000000","pnu":"1221011400100080005","year":1973,"purpose":"숙박시설"},"geometry":{"type":"MultiPolygon","coordinates":[[[[126.918145,35.144806],[126.918202,35.144704],[126.918077,35.144665],[126.918058,35.144699],[126.918092,35.144717],[126.918066,35.144778],[126.918145,35.144806]]]]}},{"type":"Feature","id":"1974191961651830974500000000","properties":{"id":"1974191961651830974500000000","pnu":"1221011500100520037","year":1974,"purpose":"기타"},"geometry":{"type":"MultiPolygon","coordinates":[[[[126.912621,35.147045],[126.912676,35.146967],[126.912578,35.146913],[126.912514,35.146987],[126.912621,35.147045]]]]}},{"type":"Feature","id":"1974192259841830789000000000","properties":{"id":"1974192259841830789000000000","pnu":"1221011700100550003","purpose":"기타","far":187.385,"floors":3,"structure":"일반철골구조"},"geometry":{"type":"MultiPolygon","coordinates":[[[[126.915941,35.146968],[126.915964,35.146947],[126.915957,35.14694],[126.916015,35.146866],[126.916007,35.14686],[126.916017,35.146833],[126.915783,35.14667],[126.915687,35.146738],[126.91585,35.146848],[126.915815,35.14688],[126.915941,35.146968]]]]}},{"type":"Feature","id":"1974192265611830556600000000","properties":{"id":"1974192265611830556600000000","pnu":"1221011700100600001","year":1974,"purpose":"제1종 근린생활시설"},"geometry":{"type":"MultiPolygon","coordinates":[[[[126.91589,35.146598],[126.915929,35.146638],[126.915977,35.146612],[126.915933,35.14657],[126.91589,35.146598]]]]}},{"type":"Feature","id":"1974192268031829074400000000","properties":{"id":"1974192268031829074400000000","pnu":"1221011600101410001","year":1974,"purpose":"제2종 근린생활시설"},"geometry":{"type":"MultiPolygon","coordinates":[[[[126.915975,35.14537],[126.916069,35.145226],[126.915876,35.145183],[126.915858,35.145227],[126.915931,35.145245],[126.915888,35.145334],[126.915975,35.14537]]]]}},{"type":"Feature","id":"1974192270551830645300000000","properties":{"id":"1974192270551830645300000000","pnu":"1221011700100600001","year":1974,"purpose":"단독주택"},"geometry":{"type":"MultiPolygon","coordinates":[[[[126.916008,35.146741],[126.916041,35.146719],[126.915963,35.146629],[126.915932,35.146643],[126.916008,35.146741]]]]}},{"type":"Feature","id":"1974192352901831353000000000","properties":{"id":"1974192352901831353000000000","pnu":"1221011700100430000","year":1974,"purpose":"제2종 근린생활시설","floors":1,"structure":"철근콘크리트구조"},"geometry":{"type":"MultiPolygon","coordinates":[[[[126.916843,35.147397],[126.916955,35.147329],[126.916967,35.147288],[126.916925,35.147243],[126.916801,35.147352],[126.916843,35.147397]]]]}},{"type":"Feature","id":"1974192367591826364400000000","properties":{"id":"1974192367591826364400000000","pnu":"1221011400100550004","year":1974,"purpose":"단독주택","floors":2,"structure":"벽돌구조"},"geometry":{"type":"MultiPolygon","coordinates":[[[[126.917059,35.142862],[126.917099,35.142839],[126.917053,35.142792],[126.917013,35.142811],[126.917059,35.142862]]]]}},{"type":"Feature","id":"1974192373651826349400000000","properties":{"id":"1974192373651826349400000000","pnu":"1221011400100570064","year":1974,"purpose":"단독주택"},"geometry":{"type":"MultiPolygon","coordinates":[[[[126.917176,35.142848],[126.917116,35.142758],[126.91707,35.142782],[126.917127,35.142865],[126.917176,35.142848]]]]}},{"type":"Feature","id":"1974192427491829594500000000","properties":{"id":"1974192427491829594500000000","pnu":"1221011300101000018","year":1974,"purpose":"제2종 근린생활시설"},"geometry":{"type":"MultiPolygon","coordinates":[[[[126.917748,35.145778],[126.917768,35.145716],[126.917667,35.1457],[126.917656,35.14576],[126.917748,35.145778]]]]}},{"type":"Feature","id":"1974192464461825767900000000","properties":{"id":"1974192464461825767900000000","pnu":"1221011400102070000","year":1974,"purpose":"단독주택","floors":1,"structure":"벽돌구조"},"geometry":{"type":"MultiPolygon","coordinates":[[[[126.918103,35.142354],[126.918195,35.142258],[126.918131,35.142225],[126.918045,35.142322],[126.918103,35.142354]]]]}},{"type":"Feature","id":"1974192541761829454000000000","properties":{"id":"1974192541761829454000000000","pnu":"1221011300100560000","year":1974,"purpose":"제1종 근린생활시설","far":258.9791,"floors":3,"structure":"철근콘크리트구조"},"geometry":{"type":"MultiPolygon","coordinates":[[[[126.918903,35.145636],[126.918971,35.145652],[126.919014,35.145637],[126.919031,35.145597],[126.918928,35.145566],[126.918903,35.145636]]]]}},{"type":"Feature","id":"1974192544391824803000000000","properties":{"id":"1974192544391824803000000000","pnu":"1221012200101460000","year":1974,"purpose":"단독주택","floors":2,"structure":"벽돌구조"},"geometry":{"type":"MultiPolygon","coordinates":[[[[126.918944,35.141423],[126.918949,35.141461],[126.919014,35.14145],[126.919009,35.14143],[126.919051,35.141423],[126.919055,35.1414],[126.91902,35.141376],[126.918944,35.141423]]]]}},{"type":"Feature","id":"1975192246211830784800000000","properties":{"id":"1975192246211830784800000000","pnu":"1221011700100550010","year":1975,"purpose":"단독주택"},"geometry":{"type":"MultiPolygon","coordinates":[[[[126.915773,35.146873],[126.915809,35.146844],[126.915673,35.146749],[126.915628,35.146776],[126.915773,35.146873]]]]}},{"type":"Feature","id":"1975192251331828177300000000","properties":{"id":"1975192251331828177300000000","pnu":"1221011600101550000","year":1975,"purpose":"제2종 근린생활시설","far":145.17,"floors":3,"structure":"벽돌구조"},"geometry":{"type":"MultiPolygon","coordinates":[[[[126.915708,35.144491],[126.915736,35.144506],[126.915749,35.144494],[126.915777,35.144505],[126.915846,35.144437],[126.915789,35.144406],[126.915708,35.144491]]]]}},{"type":"Feature","id":"1975192254071829991600000000","properties":{"id":"1975192254071829991600000000","pnu":"1221011600101090005","year":1975,"purpose":"숙박시설","floors":3,"structure":"철근콘크리트구조"},"geometry":{"type":"MultiPolygon","coordinates":[[[[126.91583,35.14616],[126.915893,35.146085],[126.915836,35.146051],[126.915823,35.146066],[126.915766,35.146035],[126.915721,35.146095],[126.91583,35.14616]]]]}},{"type":"Feature","id":"1975192255911829878300000000","properties":{"id":"1975192255911829878300000000","pnu":"1221011600101080000","purpose":"단독주택","far":158.96,"floors":3,"structure":"벽돌구조"},"geometry":{"type":"MultiPolygon","coordinates":[[[[126.915818,35.146051],[126.915893,35.14601],[126.915837,35.145936],[126.915761,35.145972],[126.915818,35.146051]]]]}},{"type":"Feature","id":"1975192285811828534100000000","properties":{"id":"1975192285811828534100000000","pnu":"1221011600101480001","year":1975,"purpose":"제2종 근린생활시설","far":185.63,"floors":4,"structure":"철근콘크리트구조"},"geometry":{"type":"MultiPolygon","coordinates":[[[[126.916187,35.144857],[126.91625,35.14478],[126.91613,35.144708],[126.91606,35.144779],[126.916187,35.144857]]]]}},{"type":"Feature","id":"1975192298781827348800000000","properties":{"id":"1975192298781827348800000000","pnu":"1221011400100780000","purpose":"제1종 근린생활시설","structure":"벽돌구조"},"geometry":{"type":"MultiPolygon","coordinates":[[[[126.916284,35.143713],[126.916311,35.143722],[126.916316,35.143713],[126.916289,35.143704],[126.916284,35.143713]]]]}},{"type":"Feature","id":"1975192298921827433900000000","properties":{"id":"1975192298921827433900000000","pnu":"1221011400100780000","year":1975,"purpose":"제1종 근린생활시설","far":131.83,"floors":2,"structure":"벽돌구조"},"geometry":{"type":"MultiPolygon","coordinates":[[[[126.916179,35.143794],[126.916339,35.14384],[126.916404,35.143839],[126.91642,35.143805],[126.916405,35.143787],[126.916351,35.14377],[126.916353,35.143759],[126.916248,35.143733],[126.916195,35.143759],[126.916179,35.143794]]]]}},{"type":"Feature","id":"1975192300711828574900000000","properties":{"id":"1975192300711828574900000000","pnu":"1221011600101350001","year":1975,"purpose":"제2종 근린생활시설"},"geometry":{"type":"MultiPolygon","coordinates":[[[[126.916314,35.144893],[126.916404,35.144791],[126.916314,35.144743],[126.916242,35.144854],[126.916314,35.144893]]]]}},{"type":"Feature","id":"1975192363841831083900000000","properties":{"id":"1975192363841831083900000000","pnu":"1221011700100710000","year":1975,"purpose":"제1종 근린생활시설","far":319.98,"floors":5,"structure":"철근콘크리트구조"},"geometry":{"type":"MultiPolygon","coordinates":[[[[126.916873,35.147085],[126.916963,35.14717],[126.917028,35.147173],[126.917133,35.147031],[126.91702,35.146973],[126.916943,35.14708],[126.916907,35.14706],[126.916873,35.147085]]]]}},{"type":"Feature","id":"1975192399221831055300000000","properties":{"id":"1975192399221831055300000000","pnu":"1221012700100250001","year":1975,"purpose":"기타","far":333.05,"floors":5,"structure":"철근콘크리트구조"},"geometry":{"type":"MultiPolygon","coordinates":[[[[126.917438,35.147274],[126.917652,35.146994],[126.917388,35.146849],[126.917331,35.146861],[126.917149,35.147121],[126.917438,35.147274]]]]}},{"type":"Feature","id":"1975192416081831322400000000","properties":{"id":"1975192416081831322400000000","pnu":"1221012700100290002","year":1975,"purpose":"제1종 근린생활시설","floors":3,"structure":"철근콘크리트구조"},"geometry":{"type":"MultiPolygon","coordinates":[[[[126.917642,35.147373],[126.917678,35.14735],[126.917526,35.147218],[126.91749,35.147244],[126.917642,35.147373]]]]}},{"type":"Feature","id":"1975192428331830087600000000","properties":{"id":"1975192428331830087600000000","pnu":"1221011300100800001","year":1975,"purpose":"기타","far":202.75,"floors":3,"structure":"철근콘크리트구조"},"geometry":{"type":"MultiPolygon","coordinates":[[[[126.917608,35.146256],[126.917691,35.146298],[126.917762,35.146196],[126.917787,35.146199],[126.917825,35.146107],[126.917733,35.146075],[126.917608,35.146256]]]]}},{"type":"Feature","id":"1975192449641827478700000000","properties":{"id":"1975192449641827478700000000","pnu":"1221011400100990002","year":1975,"purpose":"숙박시설","floors":3,"structure":"벽돌구조"},"geometry":{"type":"MultiPolygon","coordinates":[[[[126.917985,35.143891],[126.918037,35.143792],[126.917926,35.143764],[126.917878,35.143884],[126.917985,35.143891]]]]}},{"type":"Feature","id":"1975192455531826481000000000","properties":{"id":"1975192455531826481000000000","pnu":"1221011400101520002","year":1975,"purpose":"단독주택","floors":1,"structure":"벽돌구조"},"geometry":{"type":"MultiPolygon","coordinates":[[[[126.91795,35.142947],[126.918048,35.14299],[126.918093,35.142932],[126.91803,35.142901],[126.918038,35.142876],[126.918009,35.142863],[126.91795,35.142947]]]]}},{"type":"Feature","id":"1975192456311830995200000000","properties":{"id":"1975192456311830995200000000","pnu":"1221012700100130002","year":1975,"purpose":"제1종 근린생활시설","floors":4,"structure":"철근콘크리트구조"},"geometry":{"type":"MultiPolygon","coordinates":[[[[126.91805,35.147065],[126.9181,35.147027],[126.917999,35.146936],[126.917951,35.146976],[126.91805,35.147065]]]]}},{"type":"Feature","id":"1975192479601829501600000000","properties":{"id":"1975192479601829501600000000","pnu":"1221011300101000000","year":1975,"purpose":"기타","far":119.78592,"floors":4,"structure":"일반철골구조"},"geometry":{"type":"MultiPolygon","coordinates":[[[[126.918193,35.145707],[126.918328,35.145735],[126.918371,35.145603],[126.918235,35.145575],[126.918193,35.145707]]]]}},{"type":"Feature","id":"1975192488881825675700000000","properties":{"id":"1975192488881825675700000000","pnu":"1221011400102020010","year":1975,"purpose":"단독주택","floors":1,"structure":"벽돌구조"},"geometry":{"type":"MultiPolygon","coordinates":[[[[126.918363,35.142154],[126.91832,35.142202],[126.91842,35.142258],[126.918453,35.142216],[126.918363,35.142154]]]]}},{"type":"Feature","id":"1975192528141827384200000000","properties":{"id":"1975192528141827384200000000","pnu":"1221011400101150001","purpose":"기타"},"geometry":{"type":"MultiPolygon","coordinates":[[[[126.918803,35.143746],[126.918826,35.143755],[126.918831,35.143748],[126.918809,35.143738],[126.918803,35.143746]]]]}},{"type":"Feature","id":"1975192530691827457800000000","properties":{"id":"1975192530691827457800000000","pnu":"1221011400101150001","year":1975,"purpose":"단독주택"},"geometry":{"type":"MultiPolygon","coordinates":[[[[126.918772,35.143817],[126.918808,35.143833],[126.91881,35.143829],[126.918894,35.143865],[126.91892,35.143824],[126.91888,35.143807],[126.918885,35.143798],[126.918841,35.143778],[126.918844,35.143772],[126.91881,35.143758],[126.918772,35.143817]]]]}},{"type":"Feature","id":"1975192539181827455300000000","properties":{"id":"1975192539181827455300000000","pnu":"1221011400101150001","purpose":"기타"},"geometry":{"type":"MultiPolygon","coordinates":[[[[126.91893,35.143811],[126.918938,35.143817],[126.918945,35.14381],[126.918938,35.143805],[126.91893,35.143811]]]]}},{"type":"Feature","id":"1976192067931831484600000000","properties":{"id":"1976192067931831484600000000","pnu":"1221011500100720009","year":1976,"purpose":"단독주택"},"geometry":{"type":"MultiPolygon","coordinates":[[[[126.913721,35.147474],[126.913791,35.147482],[126.913802,35.147404],[126.913737,35.147394],[126.913721,35.147474]]]]}},{"type":"Feature","id":"1976192078351831590500000000","properties":{"id":"1976192078351831590500000000","pnu":"1221011500100720009","year":1976,"purpose":"단독주택"},"geometry":{"type":"MultiPolygon","coordinates":[[[[126.913914,35.147509],[126.913817,35.147469],[126.913777,35.147536],[126.913941,35.147599],[126.913976,35.147533],[126.913914,35.147509]]]]}},{"type":"Feature","id":"1976192082601831506700000000","properties":{"id":"1976192082601831506700000000","pnu":"1221011500100720009","year":1976,"purpose":"단독주택"},"geometry":{"type":"MultiPolygon","coordinates":[[[[126.913999,35.147528],[126.914034,35.147477],[126.91388,35.147405],[126.913822,35.147405],[126.913816,35.147451],[126.913859,35.147457],[126.913999,35.147528]]]]}},{"type":"Feature","id":"1976192099841831573800000000","properties":{"id":"1976192099841831573800000000","pnu":"1221011500100720009","year":1976,"purpose":"제2종 근린생활시설","floors":2,"structure":"벽돌구조"},"geometry":{"type":"MultiPolygon","coordinates":[[[[126.914169,35.147589],[126.914211,35.147514],[126.914055,35.14745],[126.914015,35.147527],[126.914169,35.147589]]]]}},{"type":"Feature","id":"1976192236611829055200000000","properties":{"id":"1976192236611829055200000000","pnu":"1221011600101430000","year":1976,"purpose":"제2종 근린생활시설","far":180.74,"floors":2,"structure":"벽돌구조"},"geometry":{"type":"MultiPolygon","coordinates":[[[[126.915524,35.145313],[126.915604,35.14535],[126.915613,35.145337],[126.915658,35.14523],[126.915662,35.145224],[126.915691,35.145237],[126.915697,35.145208],[126.915679,35.1452],[126.915703,35.145164],[126.915657,35.145144],[126.915612,35.145209],[126.915599,35.145203],[126.915524,35.145313]]]]}},{"type":"Feature","id":"1976192244021830848500000000","properties":{"id":"1976192244021830848500000000","pnu":"1221011700100550009","year":1976,"purpose":"제2종 근린생활시설","far":79.84,"floors":1,"structure":"벽돌구조"},"geometry":{"type":"MultiPolygon","coordinates":[[[[126.915775,35.146952],[126.915813,35.146914],[126.915628,35.146787],[126.915573,35.14682],[126.915775,35.146952]]]]}},{"type":"Feature","id":"1976192251521829194300000000","properties":{"id":"1976192251521829194300000000","pnu":"1221011600101410002","year":1976,"purpose":"제2종 근린생활시설"},"geometry":{"type":"MultiPolygon","coordinates":[[[[126.915796,35.145441],[126.915855,35.145333],[126.915811,35.145325],[126.915803,35.145335],[126.915762,35.145324],[126.915724,35.145368],[126.915716,35.145366],[126.915702,35.145396],[126.915796,35.145441]]]]}},{"type":"Feature","id":"1976192258481830940900000000","properties":{"id":"1976192258481830940900000000","pnu":"1221011700100550009","year":1976,"purpose":"제2종 근린생활시설","far":79.84,"floors":1,"structure":"벽돌구조"},"geometry":{"type":"MultiPolygon","coordinates":[[[[126.915892,35.146991],[126.915918,35.146964],[126.915821,35.14691],[126.915789,35.146938],[126.915892,35.146991]]]]}},{"type":"Feature","id":"1976192309571827330800000000","properties":{"id":"1976192309571827330800000000","pnu":"1221011400100740000","year":1976,"purpose":"숙박시설","floors":2,"structure":"벽돌구조"},"geometry":{"type":"MultiPolygon","coordinates":[[[[126.916405,35.143773],[126.916502,35.143664],[126.916432,35.143623],[126.916334,35.143725],[126.916405,35.143773]]]]}},{"type":"Feature","id":"1976192368101827722900000000","properties":{"id":"1976192368101827722900000000","pnu":"1221011400100190003","year":1976,"purpose":"제2종 근린생활시설"},"geometry":{"type":"MultiPolygon","coordinates":[[[[126.917009,35.144113],[126.917079,35.144116],[126.917084,35.144079],[126.917099,35.14408],[126.917103,35.144052],[126.917116,35.144053],[126.917121,35.144002],[126.917022,35.143991],[126.917009,35.144113]]]]}},{"type":"Feature","id":"1976192376201827513800000000","properties":{"id":"1976192376201827513800000000","pnu":"1221011400100830002","year":1976,"purpose":"단독주택","floors":3,"structure":"벽돌구조"},"geometry":{"type":"MultiPolygon","coordinates":[[[[126.917165,35.143938],[126.917227,35.143804],[126.917139,35.143783],[126.9171,35.143877],[126.917077,35.143876],[126.917067,35.143916],[126.917165,35.143938]]]]}},{"type":"Feature","id":"1976192406151828008200000000","properties":{"id":"1976192406151828008200000000","pnu":"1221011400100200004","year":1976,"purpose":"제1종 근린생활시설"},"geometry":{"type":"MultiPolygon","coordinates":[[[[126.917424,35.144348],[126.917488,35.144364],[126.917533,35.144273],[126.917465,35.144251],[126.917424,35.144348]]]]}},{"type":"Feature","id":"1976192414621828011700000000","properties":{"id":"1976192414621828011700000000","pnu":"1221011400100200004","year":1976,"purpose":"제1종 근린생활시설"},"geometry":{"type":"MultiPolygon","coordinates":[[[[126.917543,35.144281],[126.917527,35.144312],[126.917596,35.144344],[126.917613,35.144307],[126.917543,35.144281]]]]}},{"type":"Feature","id":"1976192429391827912900000000","properties":{"id":"1976192429391827912900000000","pnu":"1221011400100150002","year":1976,"purpose":"숙박시설","floors":3,"structure":"철근콘크리트구조"},"geometry":{"type":"MultiPolygon","coordinates":[[[[126.917732,35.144323],[126.917825,35.144154],[126.917731,35.144122],[126.917641,35.144293],[126.917732,35.144323]]]]}},{"type":"Feature","id":"1976192432101828341800000000","properties":{"id":"1976192432101828341800000000","pnu":"1221011400100080021","year":1976,"purpose":"제2종 근린생활시설","far":201.53,"floors":3,"structure":"철근콘크리트구조"},"geometry":{"type":"MultiPolygon","coordinates":[[[[126.917815,35.144667],[126.917842,35.144598],[126.917711,35.144557],[126.917674,35.144611],[126.917815,35.144667]]]]}},{"type":"Feature","id":"1976192470811828613800000000","properties":{"id":"1976192470811828613800000000","pnu":"1221011400100100000","year":1976,"purpose":"단독주택"},"geometry":{"type":"MultiPolygon","coordinates":[[[[126.918196,35.144913],[126.918259,35.144835],[126.918188,35.144805],[126.918145,35.144824],[126.918117,35.144869],[126.918196,35.144913]]]]}},{"type":"Feature","id":"1977191952671831144400000000","properties":{"id":"1977191952671831144400000000","pnu":"1221011500100420011","year":1977,"purpose":"단독주택"},"geometry":{"type":"MultiPolygon","coordinates":[[[[126.912516,35.147183],[126.912544,35.147151],[126.912523,35.147136],[126.91254,35.147106],[126.912494,35.147079],[126.912443,35.147139],[126.912516,35.147183]]]]}},{"type":"Feature","id":"1977192181311831787600000000","properties":{"id":"1977192181311831787600000000","pnu":"1221011700100190000","year":1977,"purpose":"제2종 근린생활시설","far":258.76,"floors":4,"structure":"철근콘크리트구조"},"geometry":{"type":"MultiPolygon","coordinates":[[[[126.915099,35.147741],[126.914985,35.147635],[126.914914,35.147688],[126.915031,35.147791],[126.915099,35.147741]]]]}},{"type":"Feature","id":"1977192276251830007400000000","properties":{"id":"1977192276251830007400000000","pnu":"1221011600101100001","year":1977,"purpose":"숙박시설","floors":2,"structure":"철근콘크리트구조"},"geometry":{"type":"MultiPolygon","coordinates":[[[[126.916056,35.14618],[126.916143,35.146094],[126.916075,35.146057],[126.91605,35.146076],[126.916011,35.146053],[126.915961,35.146106],[126.916056,35.14618]]]]}},{"type":"Feature","id":"1977192283511832024300000000","properties":{"id":"1977192283511832024300000000","pnu":"1221012800100310001","year":1977,"purpose":"제1종 근린생활시설","far":240.6,"floors":4,"structure":"철근콘크리트구조"},"geometry":{"type":"MultiPolygon","coordinates":[[[[126.915979,35.147818],[126.916048,35.147947],[126.916029,35.147958],[126.916112,35.148088],[126.916283,35.147989],[126.916142,35.147783],[126.915979,35.147818]]]]}},{"type":"Feature","id":"1977192409661827019100000000","properties":{"id":"1977192409661827019100000000","pnu":"1221011400100970003","year":1977,"purpose":"단독주택","floors":1,"structure":"일반목구조"},"geometry":{"type":"MultiPolygon","coordinates":[[[[126.917447,35.14345],[126.917515,35.143473],[126.917585,35.143388],[126.917528,35.143356],[126.917478,35.143416],[126.91747,35.143414],[126.917447,35.14345]]]]}},{"type":"Feature","id":"1977192414841826942600000000","properties":{"id":"1977192414841826942600000000","pnu":"1221011400100970003","purpose":"기타","structure":"벽돌구조"},"geometry":{"type":"MultiPolygon","coordinates":[[[[126.917591,35.143376],[126.917614,35.143349],[126.917559,35.14332],[126.917532,35.143346],[126.917591,35.143376]]]]}},{"type":"Feature","id":"1977192417251827054900000000","properties":{"id":"1977192417251827054900000000","pnu":"1221011400100970002","year":1977,"purpose":"단독주택","floors":1,"structure":"일반목구조"},"geometry":{"type":"MultiPolygon","coordinates":[[[[126.917591,35.143515],[126.917673,35.143411],[126.917616,35.143383],[126.917562,35.143443],[126.917553,35.143442],[126.917529,35.143485],[126.917591,35.143515]]]]}},{"type":"Feature","id":"1977192444191830964500000000","properties":{"id":"1977192444191830964500000000","pnu":"1221012700100130001","year":1977,"purpose":"제1종 근린생활시설","floors":4,"structure":"철근콘크리트구조"},"geometry":{"type":"MultiPolygon","coordinates":[[[[126.917884,35.147054],[126.917974,35.146931],[126.917906,35.146893],[126.917809,35.14701],[126.917884,35.147054]]]]}},{"type":"Feature","id":"1977192461181828022000000000","properties":{"id":"1977192461181828022000000000","pnu":"1221011400100080019","year":1977,"purpose":"제2종 근린생활시설","floors":2,"structure":"철근콘크리트구조"},"geometry":{"type":"MultiPolygon","coordinates":[[[[126.917996,35.144418],[126.918064,35.144443],[126.918171,35.14424],[126.91808,35.144207],[126.918037,35.14431],[126.918046,35.144313],[126.918029,35.144345],[126.918033,35.144346],[126.917996,35.144418]]]]}},{"type":"Feature","id":"1977192472201831411200000000","properties":{"id":"1977192472201831411200000000","pnu":"1221012700100050000","year":1977,"purpose":"제1종 근린생활시설","floors":4,"structure":"철근콘크리트구조"},"geometry":{"type":"MultiPolygon","coordinates":[[[[126.918276,35.147455],[126.918285,35.147441],[126.918281,35.147411],[126.918135,35.147301],[126.918106,35.147336],[126.918276,35.147455]]]]}},{"type":"Feature","id":"1977192474271829872700000000","properties":{"id":"1977192474271829872700000000","pnu":"1221011300100670003","year":1977,"purpose":"단독주택","floors":2,"structure":"벽돌구조"},"geometry":{"type":"MultiPolygon","coordinates":[[[[126.918168,35.146012],[126.918246,35.146037],[126.918279,35.145969],[126.918202,35.14594],[126.918168,35.146012]]]]}},{"type":"Feature","id":"1977192492311826231600000000","properties":{"id":"1977192492311826231600000000","pnu":"1221011400102030000","year":1977,"purpose":"숙박시설","floors":3,"structure":"벽돌구조"},"geometry":{"type":"MultiPolygon","coordinates":[[[[126.918442,35.142753],[126.918485,35.142693],[126.918405,35.142665],[126.918363,35.142716],[126.918442,35.142753]]]]}},{"type":"Feature","id":"1978191954871832006500000000","properties":{"id":"1978191954871832006500000000","pnu":"1221011500100330007","year":1978,"purpose":"단독주택","floors":4,"structure":"철근콘크리트구조"},"geometry":{"type":"MultiPolygon","coordinates":[[[[126.912545,35.147969],[126.912596,35.147912],[126.912496,35.14785],[126.912447,35.147902],[126.912545,35.147969]]]]}},{"type":"Feature","id":"1978191965321832098200000000","properties":{"id":"1978191965321832098200000000","pnu":"1221011500100330007","year":1978,"purpose":"제2종 근린생활시설","floors":4,"structure":"철근콘크리트구조"},"geometry":{"type":"MultiPolygon","coordinates":[[[[126.912659,35.148053],[126.912716,35.148005],[126.912602,35.14793],[126.91256,35.147975],[126.912659,35.148053]]]]}},{"type":"Feature","id":"1978192099341832023900000000","properties":{"id":"1978192099341832023900000000","pnu":"1221011700100060002","year":1978,"purpose":"제1종 근린생활시설","far":143.63,"floors":2,"structure":"벽돌구조"},"geometry":{"type":"MultiPolygon","coordinates":[[[[126.91416,35.148006],[126.914194,35.147958],[126.914059,35.147849],[126.914013,35.147885],[126.91416,35.148006]]]]}},{"type":"Feature","id":"1978192210051828795600000000","properties":{"id":"1978192210051828795600000000","pnu":"1221011600101660006","purpose":"단독주택"},"geometry":{"type":"MultiPolygon","coordinates":[[[[126.915392,35.145024],[126.915345,35.14496],[126.915299,35.144981],[126.915304,35.144989],[126.915251,35.145033],[126.915311,35.145066],[126.915392,35.145024]]]]}},{"type":"Feature","id":"1978192289571830733100000000","properties":{"id":"1978192289571830733100000000","pnu":"1221011700100540002","year":1978,"purpose":"제2종 근린생활시설","far":269.9197,"floors":4,"structure":"철근콘크리트구조"},"geometry":{"type":"MultiPolygon","coordinates":[[[[126.916336,35.14671],[126.916256,35.146634],[126.916073,35.146772],[126.916093,35.146797],[126.91607,35.146818],[126.916078,35.146839],[126.916167,35.146884],[126.916258,35.146824],[126.916235,35.146793],[126.916336,35.14671]]]]}},{"type":"Feature","id":"1978192308201830117700000000","properties":{"id":"1978192308201830117700000000","pnu":"1221011700100850000","year":1978,"purpose":"제2종 근린생활시설","floors":3,"structure":"철근콘크리트구조"},"geometry":{"type":"MultiPolygon","coordinates":[[[[126.916274,35.146233],[126.916366,35.146313],[126.916528,35.146184],[126.916434,35.146105],[126.916274,35.146233]]]]}},{"type":"Feature","id":"1978192403201826166900000000","properties":{"id":"1978192403201826166900000000","pnu":"1221011400101470027","year":1978,"purpose":"단독주택","floors":2,"structure":"벽돌구조"},"geometry":{"type":"MultiPolygon","coordinates":[[[[126.917482,35.142698],[126.917518,35.142646],[126.917412,35.1426],[126.917374,35.142649],[126.917482,35.142698]]]]}},{"type":"Feature","id":"1978192413331826261700000000","properties":{"id":"1978192413331826261700000000","pnu":"1221011400101470013","year":1978,"purpose":"단독주택","floors":2,"structure":"벽돌구조"},"geometry":{"type":"MultiPolygon","coordinates":[[[[126.917588,35.142803],[126.917623,35.142764],[126.91762,35.14276],[126.917629,35.142743],[126.917585,35.142707],[126.917596,35.142684],[126.91754,35.142659],[126.91748,35.142748],[126.917588,35.142803]]]]}},{"type":"Feature","id":"1978192420141826318700000000","properties":{"id":"1978192420141826318700000000","pnu":"1221011400101470013","purpose":"기타","structure":"벽돌구조"},"geometry":{"type":"MultiPolygon","coordinates":[[[[126.917619,35.14283],[126.917677,35.142753],[126.917648,35.142742],[126.917589,35.142814],[126.917619,35.14283]]]]}},{"type":"Feature","id":"1978192486941828506200000000","properties":{"id":"1978192486941828506200000000","pnu":"1221011200101770002","purpose":"기타","structure":"벽돌구조"},"geometry":{"type":"MultiPolygon","coordinates":[[[[126.918356,35.14476],[126.918367,35.144764],[126.918371,35.144756],[126.918361,35.144752],[126.918356,35.14476]]]]}},{"type":"Feature","id":"1978192489861831051300000000","properties":{"id":"1978192489861831051300000000","pnu":"1221012700100080004","year":1978,"purpose":"제1종 근린생활시설","far":293.08,"floors":4,"structure":"철근콘크리트구조"},"geometry":{"type":"MultiPolygon","coordinates":[[[[126.918536,35.147086],[126.91848,35.147033],[126.918452,35.147054],[126.918326,35.146941],[126.918253,35.147],[126.918442,35.147158],[126.918536,35.147086]]]]}},{"type":"Feature","id":"1978192496971828459100000000","properties":{"id":"1978192496971828459100000000","pnu":"1221011200101770002","year":1978,"purpose":"제1종 근린생활시설","far":105.21,"floors":2,"structure":"경량철골구조"},"geometry":{"type":"MultiPolygon","coordinates":[[[[126.918393,35.14474],[126.91853,35.144781],[126.918561,35.144715],[126.918496,35.144689],[126.918504,35.144665],[126.918429,35.144643],[126.918393,35.14474]]]]}},{"type":"Feature","id":"1978192502661828623900000000","properties":{"id":"1978192502661828623900000000","pnu":"1221011200101780004","year":1978,"purpose":"단독주택","floors":2,"structure":"벽돌구조"},"geometry":{"type":"MultiPolygon","coordinates":[[[[126.918459,35.144882],[126.918574,35.144916],[126.918615,35.144847],[126.918564,35.144827],[126.918561,35.144834],[126.918492,35.144813],[126.918459,35.144882]]]]}},{"type":"Feature","id":"1978192509721828712200000000","properties":{"id":"1978192509721828712200000000","pnu":"1221011200101730000","year":1978,"purpose":"단독주택"},"geometry":{"type":"MultiPolygon","coordinates":[[[[126.918606,35.144905],[126.918572,35.144964],[126.918622,35.144983],[126.918653,35.144921],[126.918606,35.144905]]]]}},{"type":"Feature","id":"1978192520501828764500000000","properties":{"id":"1978192520501828764500000000","pnu":"1221011200101730000","year":1978,"purpose":"단독주택"},"geometry":{"type":"MultiPolygon","coordinates":[[[[126.918656,35.14499],[126.918783,35.145037],[126.918809,35.144991],[126.918675,35.144945],[126.918656,35.14499]]]]}},{"type":"Feature","id":"1979191983501831071800000000","properties":{"id":"1979191983501831071800000000","pnu":"1221011500100420016","year":1979,"purpose":"단독주택","floors":2,"structure":"벽돌구조"},"geometry":{"type":"MultiPolygon","coordinates":[[[[126.912761,35.147077],[126.912854,35.147126],[126.912913,35.147041],[126.912876,35.147025],[126.912865,35.147035],[126.912845,35.147024],[126.912838,35.147033],[126.912802,35.147016],[126.912761,35.147077]]]]}},{"type":"Feature","id":"1979191991501830936500000000","properties":{"id":"1979191991501830936500000000","pnu":"1221011500100410007","year":1979,"purpose":"단독주택","floors":2,"structure":"벽돌구조"},"geometry":{"type":"MultiPolygon","coordinates":[[[[126.912991,35.146933],[126.912966,35.14692],[126.91296,35.146926],[126.912901,35.146898],[126.912859,35.14695],[126.912943,35.146993],[126.912991,35.146933]]]]}},{"type":"Feature","id":"1979192120381831205700000000","properties":{"id":"1979192120381831205700000000","pnu":"1221011500100780001","year":1979,"purpose":"제2종 근린생활시설","far":184.12,"floors":4,"structure":"철근콘크리트구조"},"geometry":{"type":"MultiPolygon","coordinates":[[[[126.914441,35.147159],[126.914358,35.147098],[126.914235,35.147221],[126.914318,35.147276],[126.914441,35.147159]]]]}},{"type":"Feature","id":"1979192182891830610600000000","properties":{"id":"1979192182891830610600000000","pnu":"1221011600100010012","purpose":"기타","structure":"벽돌구조"},"geometry":{"type":"MultiPolygon","coordinates":[[[[126.915016,35.146671],[126.915031,35.146672],[126.915033,35.146652],[126.91503,35.146651],[126.915032,35.14663],[126.915022,35.146629],[126.915016,35.146671]]]]}},{"type":"Feature","id":"1979192187511830692200000000","properties":{"id":"1979192187511830692200000000","pnu":"1221011600100010012","year":1979,"purpose":"제2종 근린생활시설","far":65.56,"floors":1,"structure":"블록구조"},"geometry":{"type":"MultiPolygon","coordinates":[[[[126.915114,35.146771],[126.915125,35.14669],[126.915039,35.146678],[126.915026,35.146764],[126.915114,35.146771]]]]}},{"type":"Feature","id":"1979192254071831517600000000","properties":{"id":"1979192254071831517600000000","pnu":"1221011700100270000","year":1979,"purpose":"제1종 근린생활시설","far":179.54,"floors":4,"structure":"철근콘크리트구조"},"geometry":{"type":"MultiPolygon","coordinates":[[[[126.915838,35.147557],[126.91586,35.147387],[126.915763,35.147417],[126.915744,35.147516],[126.915838,35.147557]]]]}},{"type":"Feature","id":"1979192481421831102700000000","properties":{"id":"1979192481421831102700000000","pnu":"1221012700100080003","year":1979,"purpose":"제2종 근린생활시설","far":283.25,"floors":4,"structure":"철근콘크리트구조"},"geometry":{"type":"MultiPolygon","coordinates":[[[[126.918205,35.147064],[126.918344,35.147179],[126.918394,35.14713],[126.918261,35.147019],[126.918205,35.147064]]]]}},{"type":"Feature","id":"1979192513551828630600000000","properties":{"id":"1979192513551828630600000000","pnu":"1221011200101730002","year":1979,"purpose":"단독주택"},"geometry":{"type":"MultiPolygon","coordinates":[[[[126.918611,35.1449],[126.918664,35.144919],[126.9187,35.144838],[126.918646,35.144823],[126.918611,35.1449]]]]}},{"type":"Feature","id":"1979192515931831255800000000","properties":{"id":"1979192515931831255800000000","pnu":"1221013100100150011","year":1979,"purpose":"제1종 근린생활시설","far":205.4,"floors":3,"structure":"철근콘크리트구조"},"geometry":{"type":"MultiPolygon","coordinates":[[[[126.918571,35.14731],[126.918737,35.14728],[126.918741,35.147311],[126.918803,35.147305],[126.9188,35.147241],[126.918753,35.147153],[126.918548,35.147193],[126.918571,35.14731]]]]}},{"type":"Feature","id":"1979192522341828687200000000","properties":{"id":"1979192522341828687200000000","pnu":"1221011200101730002","year":1979,"purpose":"단독주택"},"geometry":{"type":"MultiPolygon","coordinates":[[[[126.918678,35.144931],[126.918805,35.144972],[126.918825,35.144919],[126.918797,35.14491],[126.9188,35.144898],[126.918702,35.144872],[126.918678,35.144931]]]]}},{"type":"Feature","id":"1979192524411824423000000000","properties":{"id":"1979192524411824423000000000","pnu":"1221012200101650032","purpose":"단독주택","far":75.9365,"floors":1,"structure":"벽돌구조"},"geometry":{"type":"MultiPolygon","coordinates":[[[[126.918848,35.141066],[126.918746,35.141021],[126.918707,35.141088],[126.918813,35.141135],[126.918848,35.141066]]]]}},{"type":"Feature","id":"1980191933491831960500000000","properties":{"id":"1980191933491831960500000000","pnu":"1221011500100300001","year":1980,"purpose":"제1종 근린생활시설","far":312.68,"floors":4,"structure":"철근콘크리트구조"},"geometry":{"type":"MultiPolygon","coordinates":[[[[126.912257,35.147986],[126.912414,35.147814],[126.912315,35.14775],[126.912161,35.147918],[126.912257,35.147986]]]]}},{"type":"Feature","id":"1980192025201831640600000000","properties":{"id":"1980192025201831640600000000","pnu":"1221011500100390024","purpose":"단독주택","floors":1,"structure":"일반목구조"},"geometry":{"type":"MultiPolygon","coordinates":[[[[126.913352,35.147543],[126.913307,35.14752],[126.913235,35.147613],[126.913281,35.14764],[126.913352,35.147543]]]]}},{"type":"Feature","id":"1980192041191829897300000000","properties":{"id":"1980192041191829897300000000","pnu":"1221011600100440000","year":1980,"purpose":"제2종 근린생활시설","far":136.5,"floors":3,"structure":"철근콘크리트구조"},"geometry":{"type":"MultiPolygon","coordinates":[[[[126.913415,35.146098],[126.913591,35.146003],[126.913525,35.145921],[126.913369,35.145999],[126.913366,35.146005],[126.913363,35.146013],[126.913363,35.146019],[126.913362,35.146026],[126.913415,35.146098]]]]}},{"type":"Feature","id":"1980192226141832007400000000","properties":{"id":"1980192226141832007400000000","pnu":"1221011700100230002","year":1980,"purpose":"제1종 근린생활시설","floors":5,"structure":"철근콘크리트구조"},"geometry":{"type":"MultiPolygon","coordinates":[[[[126.915602,35.147924],[126.915487,35.147832],[126.915398,35.147906],[126.915472,35.147971],[126.915539,35.147973],[126.915602,35.147924]]]]}},{"type":"Feature","id":"1980192352911829269600000000","properties":{"id":"1980192352911829269600000000","pnu":"1221011300100900001","year":1980,"purpose":"제2종 근린생활시설","far":222.7317,"floors":4,"structure":"철근콘크리트구조"},"geometry":{"type":"MultiPolygon","coordinates":[[[[126.916803,35.145459],[126.916901,35.145513],[126.916982,35.145435],[126.916897,35.145379],[126.916882,35.145397],[126.916864,35.145387],[126.916803,35.145459]]]]}},{"type":"Feature","id":"1980192370791830184900000000","properties":{"id":"1980192370791830184900000000","pnu":"1221011700100790003","year":1980,"purpose":"제1종 근린생활시설","far":182.01,"floors":2,"structure":"벽돌구조"},"geometry":{"type":"MultiPolygon","coordinates":[[[[126.917115,35.146325],[126.917145,35.146256],[126.917042,35.146214],[126.917041,35.146285],[126.917079,35.146302],[126.917074,35.146316],[126.917115,35.146325]]]]}},{"type":"Feature","id":"1980192376411826067700000000","properties":{"id":"1980192376411826067700000000","pnu":"1221011400100540018","year":1980,"purpose":"제2종 근린생활시설","far":208.87,"floors":3,"structure":"철근콘크리트구조"},"geometry":{"type":"MultiPolygon","coordinates":[[[[126.91708,35.142494],[126.917048,35.142572],[126.917177,35.142621],[126.91719,35.142606],[126.917218,35.14261],[126.917243,35.142596],[126.917263,35.142543],[126.91708,35.142494]]]]}},{"type":"Feature","id":"1980192377091831240800000000","properties":{"id":"1980192377091831240800000000","pnu":"1221012700100320000","year":1980,"purpose":"제2종 근린생활시설","far":241.52,"floors":4,"structure":"철근콘크리트구조"},"geometry":{"type":"MultiPolygon","coordinates":[[[[126.917063,35.147274],[126.917113,35.147324],[126.917214,35.147256],[126.917221,35.147257],[126.91727,35.147188],[126.917148,35.147121],[126.917062,35.147241],[126.917063,35.147274]]]]}},{"type":"Feature","id":"1980192379741828891300000000","properties":{"id":"1980192379741828891300000000","pnu":"1221011400100270003","year":1980,"purpose":"제2종 근린생활시설","floors":3,"structure":"철근콘크리트구조"},"geometry":{"type":"MultiPolygon","coordinates":[[[[126.917086,35.145127],[126.917187,35.145156],[126.91726,35.145141],[126.917283,35.145082],[126.917181,35.145052],[126.917175,35.145059],[126.917136,35.14505],[126.917086,35.145127]]]]}},{"type":"Feature","id":"1980192381151831345100000000","properties":{"id":"1980192381151831345100000000","pnu":"1221012700100320001","year":1980,"purpose":"제2종 근린생활시설","far":257.62,"floors":4,"structure":"철근콘크리트구조"},"geometry":{"type":"MultiPolygon","coordinates":[[[[126.917112,35.147329],[126.917169,35.147391],[126.917271,35.147316],[126.917253,35.147295],[126.917281,35.147277],[126.917249,35.147241],[126.91722,35.147259],[126.917218,35.147257],[126.917112,35.147329]]]]}},{"type":"Feature","id":"1980192463891830902400000000","properties":{"id":"1980192463891830902400000000","pnu":"1221012700100130005","year":1980,"purpose":"제1종 근린생활시설","far":343.48,"floors":5,"structure":"철근콘크리트구조"},"geometry":{"type":"MultiPolygon","coordinates":[[[[126.918109,35.147019],[126.918225,35.146929],[126.918108,35.146809],[126.917992,35.14692],[126.918109,35.147019]]]]}},{"type":"Feature","id":"1980192472551829972400000000","properties":{"id":"1980192472551829972400000000","pnu":"1221011300100670001","year":1980,"purpose":"단독주택","floors":2,"structure":"벽돌구조"},"geometry":{"type":"MultiPolygon","coordinates":[[[[126.918258,35.146136],[126.918283,35.14608],[126.918213,35.146052],[126.918216,35.14604],[126.918162,35.146022],[126.918125,35.146084],[126.918258,35.146136]]]]}},{"type":"Feature","id":"1980192478051828683800000000","properties":{"id":"1980192478051828683800000000","pnu":"1221011200101780001","purpose":"기타","structure":"벽돌구조"},"geometry":{"type":"MultiPolygon","coordinates":[[[[126.918259,35.144919],[126.918268,35.144923],[126.918273,35.144916],[126.918264,35.144912],[126.918259,35.144919]]]]}},{"type":"Feature","id":"1980192487351828686400000000","properties":{"id":"1980192487351828686400000000","pnu":"1221011200101780001","year":1980,"purpose":"단독주택","far":107.15,"floors":2,"structure":"벽돌구조"},"geometry":{"type":"MultiPolygon","coordinates":[[[[126.918386,35.144977],[126.918436,35.144893],[126.918361,35.14486],[126.918336,35.144903],[126.918319,35.1449],[126.918296,35.144945],[126.918386,35.144977]]]]}},{"type":"Feature","id":"1980192491151828593800000000","properties":{"id":"1980192491151828593800000000","pnu":"1221011200101780007","year":1980,"purpose":"단독주택","far":104.31,"floors":1,"structure":"벽돌구조"},"geometry":{"type":"MultiPolygon","coordinates":[[[[126.918332,35.144844],[126.918442,35.144888],[126.918485,35.144813],[126.918442,35.144798],[126.918432,35.144816],[126.918359,35.144794],[126.918332,35.144844]]]]}},{"type":"Feature","id":"1980192497991828554100000000","properties":{"id":"1980192497991828554100000000","pnu":"1221011200101780007","purpose":"기타","structure":"벽돌구조"},"geometry":{"type":"MultiPolygon","coordinates":[[[[126.918475,35.144801],[126.91849,35.144807],[126.918494,35.144801],[126.918479,35.144795],[126.918475,35.144801]]]]}},{"type":"Feature","id":"1980192498461829311700000000","properties":{"id":"1980192498461829311700000000","pnu":"1221011300100580000","year":1980,"purpose":"제2종 근린생활시설","far":240.3,"floors":4,"structure":"철근콘크리트구조"},"geometry":{"type":"MultiPolygon","coordinates":[[[[126.918387,35.145512],[126.918562,35.145548],[126.918594,35.14546],[126.918418,35.145418],[126.918387,35.145512]]]]}},{"type":"Feature","id":"1980192512131831117900000000","properties":{"id":"1980192512131831117900000000","pnu":"1221013100100150004","year":1980,"purpose":"제2종 근린생활시설","far":321.7,"floors":5,"structure":"철근콘크리트구조"},"geometry":{"type":"MultiPolygon","coordinates":[[[[126.918541,35.147142],[126.918582,35.147176],[126.918729,35.147149],[126.918727,35.147112],[126.918648,35.147026],[126.9186,35.147057],[126.918541,35.147142]]]]}},{"type":"Feature","id":"1980192537811826384100000000","properties":{"id":"1980192537811826384100000000","pnu":"1221011400101880001","year":1980,"purpose":"제2종 근린생활시설","far":122.8,"floors":3,"structure":"철근콘크리트구조"},"geometry":{"type":"MultiPolygon","coordinates":[[[[126.918876,35.142793],[126.918856,35.14283],[126.918902,35.142879],[126.918959,35.142902],[126.918991,35.142833],[126.918876,35.142793]]]]}},{"type":"Feature","id":"1981192023731830593000000000","properties":{"id":"1981192023731830593000000000","pnu":"1221011500100670000","year":1981,"purpose":"기타","floors":2,"structure":"철근콘크리트구조"},"geometry":{"type":"MultiPolygon","coordinates":[[[[126.913254,35.146738],[126.913391,35.146578],[126.913349,35.146554],[126.91334,35.146565],[126.913293,35.146539],[126.913174,35.146679],[126.913201,35.146694],[126.913193,35.146703],[126.913254,35.146738]]]]}},{"type":"Feature","id":"1981192084541830037400000000","properties":{"id":"1981192084541830037400000000","pnu":"1221011600100360002","year":1981,"purpose":"단독주택","floors":2,"structure":"일반목구조"},"geometry":{"type":"MultiPolygon","coordinates":[[[[126.914008,35.146109],[126.913935,35.146092],[126.913888,35.146152],[126.913949,35.146184],[126.914008,35.146109]]]]}},{"type":"Feature","id":"1981192197731828339800000000","properties":{"id":"1981192197731828339800000000","pnu":"1221011600101840002","year":1981,"purpose":"제1종 근린생활시설","far":259.04,"floors":4,"structure":"철근콘크리트구조"},"geometry":{"type":"MultiPolygon","coordinates":[[[[126.915089,35.144642],[126.915208,35.144698],[126.91529,35.144578],[126.915247,35.144563],[126.915251,35.144552],[126.915224,35.14454],[126.915229,35.144527],[126.91518,35.144509],[126.915089,35.144642]]]]}},{"type":"Feature","id":"1981192290031829787300000000","properties":{"id":"1981192290031829787300000000","pnu":"1221011600101200001","year":1981,"purpose":"제2종 근린생활시설","far":243.33,"floors":4,"structure":"철근콘크리트구조"},"geometry":{"type":"MultiPolygon","coordinates":[[[[126.916228,35.146004],[126.916276,35.145955],[126.916278,35.145956],[126.916321,35.145912],[126.916274,35.145881],[126.91627,35.145883],[126.916171,35.145818],[126.916084,35.145909],[126.916228,35.146004]]]]}},{"type":"Feature","id":"1981192292131828819400000000","properties":{"id":"1981192292131828819400000000","pnu":"1221011600101370000","year":1981,"purpose":"제2종 근린생활시설"},"geometry":{"type":"MultiPolygon","coordinates":[[[[126.916238,35.145118],[126.916284,35.145056],[126.916295,35.145058],[126.916329,35.145019],[126.916209,35.144954],[126.916128,35.145076],[126.916238,35.145118]]]]}},{"type":"Feature","id":"1981192318011830599000000000","properties":{"id":"1981192318011830599000000000","pnu":"1221011700100640001","year":1981,"purpose":"제2종 근린생활시설","far":190.87,"floors":4,"structure":"철근콘크리트구조"},"geometry":{"type":"MultiPolygon","coordinates":[[[[126.916476,35.146732],[126.916615,35.146623],[126.91654,35.146552],[126.9164,35.146667],[126.916476,35.146732]]]]}},{"type":"Feature","id":"1981192319441827397900000000","properties":{"id":"1981192319441827397900000000","pnu":"1221011400100800002","year":1981,"purpose":"단독주택"},"geometry":{"type":"MultiPolygon","coordinates":[[[[126.916442,35.143793],[126.916562,35.143835],[126.916608,35.143722],[126.916497,35.143678],[126.916442,35.143793]]]]}},{"type":"Feature","id":"1981192321271830293600000000","properties":{"id":"1981192321271830293600000000","pnu":"1221011700100830000","year":1981,"purpose":"제2종 근린생활시설","far":265.4,"floors":5,"structure":"철근콘크리트구조"},"geometry":{"type":"MultiPolygon","coordinates":[[[[126.916568,35.146465],[126.916658,35.146382],[126.916521,35.146273],[126.916429,35.146348],[126.916568,35.146465]]]]}},{"type":"Feature","id":"1981192326861830510100000000","properties":{"id":"1981192326861830510100000000","pnu":"1221011700100640001","purpose":"제2종 근린생활시설","structure":"철근콘크리트구조"},"geometry":{"type":"MultiPolygon","coordinates":[[[[126.916591,35.146514],[126.916544,35.146546],[126.916619,35.146612],[126.916665,35.146578],[126.916591,35.146514]]]]}},{"type":"Feature","id":"1981192327171830691600000000","properties":{"id":"1981192327171830691600000000","pnu":"1221011700100640000","year":1981,"purpose":"제2종 근린생활시설","floors":4,"structure":"철근콘크리트구조"},"geometry":{"type":"MultiPolygon","coordinates":[[[[126.916585,35.146825],[126.916733,35.146726],[126.916637,35.14663],[126.916613,35.146647],[126.916602,35.146642],[126.916484,35.14673],[126.916585,35.146825]]]]}},{"type":"Feature","id":"1981192384761828790400000000","properties":{"id":"1981192384761828790400000000","pnu":"1221011400100270004","year":1981,"purpose":"제1종 근린생활시설","far":242.2,"floors":3,"structure":"벽돌구조"},"geometry":{"type":"MultiPolygon","coordinates":[[[[126.917289,35.145072],[126.917336,35.144994],[126.917185,35.144954],[126.917154,35.145022],[126.917188,35.145034],[126.917184,35.145048],[126.917289,35.145072]]]]}},{"type":"Feature","id":"1981192385121829215200000000","properties":{"id":"1981192385121829215200000000","pnu":"1221011300100920019","year":1981,"purpose":"제2종 근린생활시설","floors":4,"structure":"철근콘크리트구조"},"geometry":{"type":"MultiPolygon","coordinates":[[[[126.91728,35.145463],[126.917305,35.145356],[126.917186,35.145364],[126.917162,35.145381],[126.91728,35.145463]]]]}},{"type":"Feature","id":"1981192390981830609700000000","properties":{"id":"1981192390981830609700000000","pnu":"1221011700100760001","year":1981,"purpose":"제1종 근린생활시설","far":250.9,"floors":4,"structure":"철근콘크리트구조"},"geometry":{"type":"MultiPolygon","coordinates":[[[[126.917221,35.14666],[126.917346,35.146714],[126.917397,35.146646],[126.917269,35.146592],[126.917221,35.14666]]]]}},{"type":"Feature","id":"1981192393231830319800000000","properties":{"id":"1981192393231830319800000000","pnu":"1221011700100770006","year":1981,"purpose":"제1종 근린생활시설","floors":3,"structure":"철근콘크리트구조"},"geometry":{"type":"MultiPolygon","coordinates":[[[[126.917334,35.146396],[126.917334,35.146396],[126.917335,35.146396],[126.917336,35.146396],[126.917337,35.146395],[126.917338,35.146395],[126.917338,35.146394],[126.917339,35.146393],[126.917339,35.146393],[126.917339,35.146392],[126.917339,35.146391],[126.917339,35.14639],[126.917338,35.14639],[126.917338,35.146389],[126.917337,35.146388],[126.917336,35.146388],[126.917335,35.146388],[126.917335,35.146387],[126.917334,35.146387],[126.917333,35.146387],[126.917332,35.146388],[126.917331,35.146388],[126.91733,35.146388],[126.917329,35.146389],[126.917329,35.14639],[126.917328,35.14639],[126.917328,35.146391],[126.917328,35.146392],[126.917328,35.146393],[126.917328,35.146393],[126.917329,35.146394],[126.917329,35.146395],[126.91733,35.146395],[126.917331,35.146396],[126.917332,35.146396],[126.917333,35.146396],[126.917334,35.146396]]]]}},{"type":"Feature","id":"1981192397201829243800000000","properties":{"id":"1981192397201829243800000000","pnu":"1221011300100880007","year":1981,"purpose":"제2종 근린생활시설","far":206.7983,"floors":3,"structure":"철근콘크리트구조"},"geometry":{"type":"MultiPolygon","coordinates":[[[[126.91732,35.145354],[126.917289,35.145446],[126.917357,35.145464],[126.917355,35.145481],[126.91743,35.145501],[126.917457,35.145406],[126.917426,35.145367],[126.91732,35.145354]]]]}},{"type":"Feature","id":"1981192401481830018500000000","properties":{"id":"1981192401481830018500000000","pnu":"1221011300100810000","year":1981,"purpose":"제1종 근린생활시설","floors":3,"structure":"철근콘크리트구조"},"geometry":{"type":"MultiPolygon","coordinates":[[[[126.917343,35.146141],[126.91746,35.146191],[126.917516,35.146102],[126.917373,35.14605],[126.917343,35.146141]]]]}},{"type":"Feature","id":"1981192403091830398400000000","properties":{"id":"1981192403091830398400000000","pnu":"1221011700100760003","year":1981,"purpose":"제1종 근린생활시설","far":383.78,"floors":4,"structure":"철근콘크리트구조"},"geometry":{"type":"MultiPolygon","coordinates":[[[[126.917372,35.146418],[126.917418,35.146446],[126.917389,35.146479],[126.917464,35.146523],[126.917512,35.146467],[126.917392,35.146396],[126.917372,35.146418]]]]}},{"type":"Feature","id":"1981192416521830613100000000","properties":{"id":"1981192416521830613100000000","pnu":"1221012700100230001","year":1981,"purpose":"제2종 근린생활시설","far":338.74,"floors":4,"structure":"철근콘크리트구조"},"geometry":{"type":"MultiPolygon","coordinates":[[[[126.917617,35.146733],[126.917685,35.146635],[126.917555,35.146583],[126.917494,35.146671],[126.917617,35.146733]]]]}},{"type":"Feature","id":"1981192419751830486300000000","properties":{"id":"1981192419751830486300000000","pnu":"1221012700100220002","year":1981,"purpose":"제2종 근린생활시설","floors":5,"structure":"철근콘크리트구조"},"geometry":{"type":"MultiPolygon","coordinates":[[[[126.917643,35.146608],[126.917698,35.146519],[126.917607,35.146478],[126.917549,35.146561],[126.917643,35.146608]]]]}},{"type":"Feature","id":"1981192423981830752600000000","properties":{"id":"1981192423981830752600000000","pnu":"1221012700100180000","year":1981,"purpose":"제2종 근린생활시설","far":377.03,"floors":5,"structure":"철근콘크리트구조"},"geometry":{"type":"MultiPolygon","coordinates":[[[[126.917533,35.146862],[126.917635,35.146912],[126.917702,35.14682],[126.917721,35.146825],[126.917808,35.14671],[126.917695,35.146655],[126.917533,35.146862]]]]}},{"type":"Feature","id":"1981192427451830523700000000","properties":{"id":"1981192427451830523700000000","pnu":"1221012700100220006","year":1981,"purpose":"제1종 근린생활시설","floors":3,"structure":"철근콘크리트구조"},"geometry":{"type":"MultiPolygon","coordinates":[[[[126.917704,35.146523],[126.917658,35.146609],[126.917701,35.146628],[126.917766,35.146554],[126.917704,35.146523]]]]}},{"type":"Feature","id":"1981192438621828170800000000","properties":{"id":"1981192438621828170800000000","pnu":"1221011400100080011","year":1981,"purpose":"제2종 근린생활시설","far":242.21,"floors":4,"structure":"철근콘크리트구조"},"geometry":{"type":"MultiPolygon","coordinates":[[[[126.917847,35.144549],[126.917928,35.144405],[126.917824,35.144357],[126.917737,35.14451],[126.917847,35.144549]]]]}},{"type":"Feature","id":"1981192447671830727500000000","properties":{"id":"1981192447671830727500000000","pnu":"1221012700100190000","year":1981,"purpose":"제1종 근린생활시설","floors":4,"structure":"철근콘크리트구조"},"geometry":{"type":"MultiPolygon","coordinates":[[[[126.917991,35.146659],[126.917927,35.146753],[126.917828,35.146707],[126.917772,35.146789],[126.917934,35.146854],[126.917998,35.146788],[126.918093,35.146706],[126.917991,35.146659]]]]}},{"type":"Feature","id":"1981192464471831489700000000","properties":{"id":"1981192464471831489700000000","pnu":"1221012700100040000","year":1981,"purpose":"제1종 근린생활시설","structure":"철근콘크리트구조"},"geometry":{"type":"MultiPolygon","coordinates":[[[[126.918085,35.147349],[126.917987,35.147451],[126.918057,35.147498],[126.91807,35.147489],[126.918157,35.147541],[126.91824,35.147451],[126.918085,35.147349]]]]}},{"type":"Feature","id":"1981192474351830798100000000","properties":{"id":"1981192474351830798100000000","pnu":"1221012700100130008","year":1981,"purpose":"제2종 근린생활시설","far":340.53,"floors":5,"structure":"철근콘크리트구조"},"geometry":{"type":"MultiPolygon","coordinates":[[[[126.918239,35.146917],[126.918355,35.146832],[126.91816,35.14674],[126.9181,35.146776],[126.918239,35.146917]]]]}},{"type":"Feature","id":"1981192492311829500400000000","properties":{"id":"1981192492311829500400000000","pnu":"1221011300100690005","year":1981,"purpose":"기타","floors":4,"structure":"철근콘크리트구조"},"geometry":{"type":"MultiPolygon","coordinates":[[[[126.918386,35.145597],[126.918358,35.145689],[126.918456,35.145709],[126.918488,35.145624],[126.918386,35.145597]]]]}},{"type":"Feature","id":"1981192517371828196800000000","properties":{"id":"1981192517371828196800000000","pnu":"1221011200101750005","purpose":"제1종 근린생활시설","floors":2,"structure":"벽돌구조"},"geometry":{"type":"MultiPolygon","coordinates":[[[[126.918727,35.144521],[126.918752,35.144471],[126.91867,35.144438],[126.918641,35.144486],[126.918727,35.144521]]]]}},{"type":"Feature","id":"1982192000211830235200000000","properties":{"id":"1982192000211830235200000000","pnu":"1221011500100630001","year":1982,"purpose":"기타","far":358.74,"floors":5,"structure":"철근콘크리트구조"},"geometry":{"type":"MultiPolygon","coordinates":[[[[126.913109,35.146479],[126.913229,35.146329],[126.912934,35.146146],[126.912811,35.14629],[126.912967,35.146389],[126.912961,35.146395],[126.913109,35.146479]]]]}},{"type":"Feature","id":"1982192074181830502300000000","properties":{"id":"1982192074181830502300000000","pnu":"1221011600100330003","year":1982,"purpose":"제2종 근린생활시설","floors":4,"structure":"철근콘크리트구조"},"geometry":{"type":"MultiPolygon","coordinates":[[[[126.913845,35.146623],[126.913915,35.146541],[126.913809,35.146487],[126.913768,35.146535],[126.913773,35.146582],[126.913845,35.146623]]]]}},{"type":"Feature","id":"1982192174561831357900000000","properties":{"id":"1982192174561831357900000000","pnu":"1221011700100200000","year":1982,"purpose":"제2종 근린생활시설","far":265.24,"floors":4,"structure":"철근콘크리트구조"},"geometry":{"type":"MultiPolygon","coordinates":[[[[126.914923,35.147432],[126.914988,35.147378],[126.914962,35.147349],[126.915031,35.147291],[126.914973,35.147226],[126.914855,35.147302],[126.914845,35.147351],[126.914923,35.147432]]]]}},{"type":"Feature","id":"1982192321731827186700000000","properties":{"id":"1982192321731827186700000000","pnu":"1221011400100730000","year":1982,"purpose":"숙박시설","floors":3,"structure":"벽돌구조"},"geometry":{"type":"MultiPolygon","coordinates":[[[[126.916651,35.143577],[126.916599,35.143496],[126.916452,35.143556],[126.916487,35.143616],[126.916529,35.143633],[126.916651,35.143577]]]]}},{"type":"Feature","id":"1982192322731826985100000000","properties":{"id":"1982192322731826985100000000","pnu":"1221011400100570028","year":1982,"purpose":"단독주택","floors":1,"structure":"일반목구조"},"geometry":{"type":"MultiPolygon","coordinates":[[[[126.916584,35.143443],[126.916623,35.143425],[126.916547,35.143327],[126.916503,35.143353],[126.916584,35.143443]]]]}},{"type":"Feature","id":"1982192328091829903000000000","properties":{"id":"1982192328091829903000000000","pnu":"1221011700100870002","year":1982,"purpose":"제1종 근린생활시설"},"geometry":{"type":"MultiPolygon","coordinates":[[[[126.916544,35.145963],[126.916539,35.145971],[126.916653,35.146062],[126.916685,35.146032],[126.916544,35.145963]]]]}},{"type":"Feature","id":"1982192394881830527800000000","properties":{"id":"1982192394881830527800000000","pnu":"1221011700100760002","year":1982,"purpose":"제2종 근린생활시설","floors":4,"structure":"철근콘크리트구조"},"geometry":{"type":"MultiPolygon","coordinates":[[[[126.917266,35.146578],[126.917397,35.146634],[126.917435,35.14658],[126.917308,35.146524],[126.917266,35.146578]]]]}},{"type":"Feature","id":"1982192398501830463900000000","properties":{"id":"1982192398501830463900000000","pnu":"1221011700100760002","year":1982,"purpose":"제2종 근린생활시설","floors":4,"structure":"철근콘크리트구조"},"geometry":{"type":"MultiPolygon","coordinates":[[[[126.917309,35.146517],[126.917449,35.146579],[126.917475,35.14653],[126.917385,35.146489],[126.917386,35.146482],[126.917338,35.146465],[126.917309,35.146517]]]]}},{"type":"Feature","id":"1982192441881827279400000000","properties":{"id":"1982192441881827279400000000","pnu":"1221011400100980003","year":1982,"purpose":"숙박시설"},"geometry":{"type":"MultiPolygon","coordinates":[[[[126.917929,35.143732],[126.917943,35.143597],[126.917796,35.143577],[126.917797,35.143657],[126.91784,35.143723],[126.917929,35.143732]]]]}},{"type":"Feature","id":"1982192531771829709700000000","properties":{"id":"1982192531771829709700000000","pnu":"1221011300100690007","year":1982,"purpose":"제2종 근린생활시설","floors":2,"structure":"벽돌구조"},"geometry":{"type":"MultiPolygon","coordinates":[[[[126.918903,35.14588],[126.918922,35.145834],[126.91879,35.14581],[126.918782,35.145838],[126.918815,35.145847],[126.918814,35.145856],[126.918903,35.14588]]]]}},{"type":"Feature","id":"1982192545281827136400000000","properties":{"id":"1982192545281827136400000000","pnu":"1221011400101180000","year":1982,"purpose":"기타","far":64.35,"floors":2,"structure":"일반철골구조"},"geometry":{"type":"MultiPolygon","coordinates":[[[[126.9188,35.14348],[126.918904,35.143519],[126.918905,35.143518],[126.918933,35.143533],[126.91891,35.143563],[126.919082,35.143653],[126.919186,35.143533],[126.919087,35.143481],[126.91909,35.143477],[126.919007,35.143433],[126.918995,35.143449],[126.918982,35.143442],[126.918981,35.143442],[126.91897,35.143436],[126.918936,35.143481],[126.918927,35.143478],[126.918954,35.143428],[126.9189,35.143408],[126.918884,35.143437],[126.918862,35.14343],[126.918853,35.143446],[126.918825,35.143436],[126.9188,35.14348]]]]}},{"type":"Feature","id":"1983191990481831560200000000","properties":{"id":"1983191990481831560200000000","pnu":"1221011500100390001","purpose":"기타","structure":"블록구조"},"geometry":{"type":"MultiPolygon","coordinates":[[[[126.912848,35.147494],[126.912932,35.14756],[126.912978,35.14752],[126.912892,35.147453],[126.912848,35.147494]]]]}},{"type":"Feature","id":"1983192173271828781500000000","properties":{"id":"1983192173271828781500000000","pnu":"1221011600101700000","year":1983,"purpose":"제2종 근린생활시설"},"geometry":{"type":"MultiPolygon","coordinates":[[[[126.914833,35.14503],[126.914909,35.145064],[126.914956,35.14506],[126.915012,35.144983],[126.9149,35.144931],[126.914833,35.14503]]]]}},{"type":"Feature","id":"1983192178481830930700000000","properties":{"id":"1983192178481830930700000000","pnu":"1221011700101000000","year":1983,"purpose":"제2종 근린생활시설","far":257.664,"floors":5,"structure":"철근콘크리트구조"},"geometry":{"type":"MultiPolygon","coordinates":[[[[126.914902,35.146953],[126.914953,35.147004],[126.915054,35.14694],[126.914982,35.146872],[126.914931,35.146924],[126.914939,35.146932],[126.914902,35.146953]]]]}},{"type":"Feature","id":"1983192208871827636600000000","properties":{"id":"1983192208871827636600000000","pnu":"1221011600101870004","year":1983,"purpose":"단독주택","floors":2,"structure":"벽돌구조"},"geometry":{"type":"MultiPolygon","coordinates":[[[[126.915377,35.144032],[126.915383,35.144026],[126.915357,35.143975],[126.915284,35.143921],[126.915236,35.143951],[126.915377,35.144032]]]]}},{"type":"Feature","id":"1983192264451830121200000000","properties":{"id":"1983192264451830121200000000","pnu":"1221011600101090001","year":1983,"purpose":"제2종 근린생활시설","far":262.243,"floors":4,"structure":"철근콘크리트구조"},"geometry":{"type":"MultiPolygon","coordinates":[[[[126.915828,35.146258],[126.915895,35.146288],[126.915922,35.146286],[126.916015,35.146167],[126.915922,35.14613],[126.915828,35.146258]]]]}},{"type":"Feature","id":"1983192284951827150800000000","properties":{"id":"1983192284951827150800000000","pnu":"1221011400100570017","year":1983,"purpose":"단독주택"},"geometry":{"type":"MultiPolygon","coordinates":[[[[126.916035,35.143542],[126.91605,35.143595],[126.916245,35.14355],[126.916233,35.143469],[126.916133,35.143491],[126.916136,35.143508],[126.916035,35.143542]]]]}},{"type":"Feature","id":"1983192338891831193400000000","properties":{"id":"1983192338891831193400000000","pnu":"1221011700100450001","year":1983,"purpose":"제2종 근린생활시설","far":318.58,"floors":5,"structure":"철근콘크리트구조"},"geometry":{"type":"MultiPolygon","coordinates":[[[[126.916726,35.147272],[126.916849,35.147183],[126.916745,35.147086],[126.916625,35.147174],[126.916726,35.147272]]]]}},{"type":"Feature","id":"1983192358351826248800000000","properties":{"id":"1983192358351826248800000000","pnu":"1221011400100540004","year":1983,"purpose":"단독주택","floors":2,"structure":"벽돌구조"},"geometry":{"type":"MultiPolygon","coordinates":[[[[126.917057,35.142705],[126.916982,35.142649],[126.916852,35.142773],[126.916883,35.142793],[126.917057,35.142705]]]]}},{"type":"Feature","id":"1983192453421825329700000000","properties":{"id":"1983192453421825329700000000","pnu":"1221011400102110021","year":1983,"purpose":"단독주택","floors":2,"structure":"벽돌구조"},"geometry":{"type":"MultiPolygon","coordinates":[[[[126.91804,35.141958],[126.918085,35.141898],[126.917959,35.141833],[126.91791,35.141888],[126.91804,35.141958]]]]}},{"type":"Feature","id":"1983192462171825142000000000","properties":{"id":"1983192462171825142000000000","pnu":"1221011400102110006","year":1983,"purpose":"제1종 근린생활시설","far":442.55,"floors":5,"structure":"철근콘크리트구조"},"geometry":{"type":"MultiPolygon","coordinates":[[[[126.91813,35.141856],[126.918239,35.141704],[126.918219,35.141665],[126.918057,35.141603],[126.917937,35.141755],[126.91813,35.141856]]]]}},{"type":"Feature","id":"1983192488911826602900000000","properties":{"id":"1983192488911826602900000000","pnu":"1221011400101550002","year":1983,"purpose":"제2종 근린생활시설","far":232.72298,"floors":4,"structure":"철근콘크리트구조"},"geometry":{"type":"MultiPolygon","coordinates":[[[[126.918418,35.143129],[126.918488,35.143008],[126.918431,35.142989],[126.918436,35.142981],[126.918345,35.14295],[126.918292,35.143054],[126.918356,35.143079],[126.918331,35.143122],[126.918378,35.143138],[126.918418,35.143129]]]]}},{"type":"Feature","id":"1984191938251831316300000000","properties":{"id":"1984191938251831316300000000","pnu":"1221011500100430014","year":1984,"purpose":"제1종 근린생활시설","floors":3,"structure":"철근콘크리트구조"},"geometry":{"type":"MultiPolygon","coordinates":[[[[126.912367,35.147367],[126.912438,35.147278],[126.912312,35.147208],[126.912241,35.147293],[126.912367,35.147367]]]]}},{"type":"Feature","id":"1984192103791830059500000000","properties":{"id":"1984192103791830059500000000","pnu":"1221011600100210009","year":1984,"purpose":"제1종 근린생활시설","far":203.66,"floors":4,"structure":"일반철골구조"},"geometry":{"type":"MultiPolygon","coordinates":[[[[126.914178,35.146231],[126.914244,35.146149],[126.914128,35.146081],[126.914078,35.146135],[126.914097,35.146151],[126.91409,35.146166],[126.914129,35.146194],[126.914124,35.146203],[126.914178,35.146231]]]]}},{"type":"Feature","id":"1984192122321831507300000000","properties":{"id":"1984192122321831507300000000","pnu":"1221011700101110000","year":1984,"purpose":"제2종 근린생활시설","far":285.29,"floors":5,"structure":"철근콘크리트구조"},"geometry":{"type":"MultiPolygon","coordinates":[[[[126.914364,35.147559],[126.914488,35.147472],[126.91436,35.147359],[126.914299,35.14741],[126.91429,35.147402],[126.914229,35.147449],[126.914364,35.147559]]]]}},{"type":"Feature","id":"1984192236181827506300000000","properties":{"id":"1984192236181827506300000000","pnu":"1221011400100480001","year":1984,"purpose":"제2종 근린생활시설","far":312.09,"floors":5,"structure":"철근콘크리트구조"},"geometry":{"type":"MultiPolygon","coordinates":[[[[126.91572,35.143955],[126.915665,35.143844],[126.915669,35.143843],[126.915652,35.143809],[126.915684,35.143785],[126.915654,35.143723],[126.915493,35.143777],[126.91553,35.143851],[126.915537,35.143848],[126.915611,35.143997],[126.915665,35.143979],[126.915663,35.143974],[126.91572,35.143955]]]]}},{"type":"Feature","id":"1984192239251831885900000000","properties":{"id":"1984192239251831885900000000","pnu":"1221011700100230003","year":1984,"purpose":"제2종 근린생활시설","floors":6,"structure":"철근콘크리트구조"},"geometry":{"type":"MultiPolygon","coordinates":[[[[126.915611,35.147901],[126.915783,35.147784],[126.915755,35.147754],[126.915716,35.147774],[126.915655,35.147704],[126.91552,35.147805],[126.915611,35.147901]]]]}},{"type":"Feature","id":"1984192240641829132000000000","properties":{"id":"1984192240641829132000000000","pnu":"1221011600101430004","year":1984,"purpose":"제2종 근린생활시설","floors":3,"structure":"벽돌구조"},"geometry":{"type":"MultiPolygon","coordinates":[[[[126.915608,35.145364],[126.915668,35.145385],[126.915699,35.145317],[126.915699,35.145259],[126.915653,35.145257],[126.915608,35.145364]]]]}},{"type":"Feature","id":"1984192250801827507100000000","properties":{"id":"1984192250801827507100000000","pnu":"1221011400100460001","year":1984,"purpose":"기타","floors":3,"structure":"철근콘크리트구조"},"geometry":{"type":"MultiPolygon","coordinates":[[[[126.915831,35.143941],[126.915838,35.143783],[126.915721,35.143787],[126.915685,35.143823],[126.915743,35.143931],[126.915831,35.143941]]]]}},{"type":"Feature","id":"1984192290571831158200000000","properties":{"id":"1984192290571831158200000000","pnu":"1221011700100480002","year":1984,"purpose":"제2종 근린생활시설","far":206.44,"floors":3,"structure":"철근콘크리트구조"},"geometry":{"type":"MultiPolygon","coordinates":[[[[126.9161,35.14716],[126.916189,35.147192],[126.916195,35.147184],[126.916221,35.147194],[126.916243,35.1472],[126.91626,35.147187],[126.916265,35.147199],[126.916322,35.147167],[126.916289,35.147136],[126.916158,35.147078],[126.9161,35.14716]]]]}},{"type":"Feature","id":"1984192341521826617100000000","properties":{"id":"1984192341521826617100000000","pnu":"1221011400100530024","year":1984,"purpose":"단독주택","floors":1,"structure":"벽돌구조"},"geometry":{"type":"MultiPolygon","coordinates":[[[[126.916763,35.143084],[126.916809,35.143053],[126.916773,35.143024],[126.916731,35.143055],[126.916763,35.143084]]]]}},{"type":"Feature","id":"1984192384691830255400000000","properties":{"id":"1984192384691830255400000000","pnu":"1221011700100780006","year":1984,"purpose":"제1종 근린생활시설","floors":2,"structure":"벽돌구조"},"geometry":{"type":"MultiPolygon","coordinates":[[[[126.917195,35.146281],[126.917163,35.146334],[126.917281,35.146384],[126.917321,35.146337],[126.917195,35.146281]]]]}},{"type":"Feature","id":"1984192408071830724700000000","properties":{"id":"1984192408071830724700000000","pnu":"1221012700100240000","year":1984,"purpose":"제1종 근린생활시설","floors":5,"structure":"철근콘크리트구조"},"geometry":{"type":"MultiPolygon","coordinates":[[[[126.917512,35.146845],[126.917603,35.146735],[126.91747,35.146674],[126.917447,35.146703],[126.917439,35.146703],[126.917406,35.146751],[126.917417,35.14679],[126.917512,35.146845]]]]}},{"type":"Feature","id":"1984192434911829358600000000","properties":{"id":"1984192434911829358600000000","pnu":"1221011300101000020","year":1984,"purpose":"제2종 근린생활시설","floors":2,"structure":"벽돌구조"},"geometry":{"type":"MultiPolygon","coordinates":[[[[126.917808,35.145594],[126.917852,35.145478],[126.917769,35.145462],[126.917735,35.145571],[126.917808,35.145594]]]]}},{"type":"Feature","id":"1984192455201827319300000000","properties":{"id":"1984192455201827319300000000","pnu":"1221011400100980016","year":1984,"purpose":"제2종 근린생활시설","far":264.27,"floors":4,"structure":"철근콘크리트구조"},"geometry":{"type":"MultiPolygon","coordinates":[[[[126.917966,35.143599],[126.917943,35.143734],[126.918048,35.14377],[126.918108,35.143662],[126.918009,35.143623],[126.918011,35.143612],[126.917966,35.143599]]]]}},{"type":"Feature","id":"1984192480561829274600000000","properties":{"id":"1984192480561829274600000000","pnu":"1221011300100590001","year":1984,"purpose":"제2종 근린생활시설"},"geometry":{"type":"MultiPolygon","coordinates":[[[[126.918221,35.145472],[126.918342,35.145501],[126.918367,35.145431],[126.918242,35.145398],[126.918221,35.145472]]]]}},{"type":"Feature","id":"1984192528971823714000000000","properties":{"id":"1984192528971823714000000000","pnu":"1221012200100950005","purpose":"단독주택"},"geometry":{"type":"MultiPolygon","coordinates":[[[[126.918863,35.140496],[126.918909,35.140447],[126.918799,35.14038],[126.918749,35.140435],[126.918863,35.140496]]]]}},{"type":"Feature","id":"1984192540811823545700000000","properties":{"id":"1984192540811823545700000000","pnu":"1221012200100950012","year":1984,"purpose":"단독주택"},"geometry":{"type":"MultiPolygon","coordinates":[[[[126.918999,35.140371],[126.919071,35.140286],[126.91892,35.140203],[126.918847,35.140288],[126.918999,35.140371]]]]}},{"type":"Feature","id":"1985192088381828835800000000","properties":{"id":"1985192088381828835800000000","pnu":"1221011600100760000","year":1985,"purpose":"제1종 근린생활시설","far":292.75,"floors":4,"structure":"철근콘크리트구조"},"geometry":{"type":"MultiPolygon","coordinates":[[[[126.913881,35.145088],[126.914034,35.145129],[126.914089,35.145009],[126.913957,35.144974],[126.913881,35.145088]]]]}},{"type":"Feature","id":"1985192128361831808100000000","properties":{"id":"1985192128361831808100000000","pnu":"1221011700100110008","year":1985,"purpose":"제2종 근린생활시설"},"geometry":{"type":"MultiPolygon","coordinates":[[[[126.914462,35.147835],[126.914557,35.147764],[126.914394,35.147625],[126.914309,35.147689],[126.914308,35.147719],[126.914462,35.147835]]]]}},{"type":"Feature","id":"1985192133871828933500000000","properties":{"id":"1985192133871828933500000000","pnu":"1221011600100830001","year":1985,"purpose":"제2종 근린생활시설","far":384.81,"floors":5,"structure":"철근콘크리트구조"},"geometry":{"type":"MultiPolygon","coordinates":[[[[126.914394,35.145178],[126.9145,35.145219],[126.914588,35.14511],[126.91447,35.145059],[126.914394,35.145178]]]]}},{"type":"Feature","id":"1985192218761829655800000000","properties":{"id":"1985192218761829655800000000","pnu":"1221011600101070008","year":1985,"purpose":"제2종 근린생활시설"},"geometry":{"type":"MultiPolygon","coordinates":[[[[126.915403,35.145854],[126.915442,35.145783],[126.915461,35.145787],[126.915482,35.145752],[126.915431,35.145735],[126.91536,35.14584],[126.915403,35.145854]]]]}},{"type":"Feature","id":"1985192225901829692000000000","properties":{"id":"1985192225901829692000000000","pnu":"1221011600101070008","year":1985,"purpose":"숙박시설"},"geometry":{"type":"MultiPolygon","coordinates":[[[[126.915493,35.145877],[126.915545,35.145789],[126.915505,35.145772],[126.91545,35.145858],[126.915493,35.145877]]]]}},{"type":"Feature","id":"1985192291061830293100000000","properties":{"id":"1985192291061830293100000000","pnu":"1221011700100840000","year":1985,"purpose":"제2종 근린생활시설","far":276.73,"floors":4,"structure":"철근콘크리트구조"},"geometry":{"type":"MultiPolygon","coordinates":[[[[126.916172,35.146455],[126.916312,35.146326],[126.916248,35.146281],[126.916131,35.146387],[126.916132,35.146429],[126.916172,35.146455]]]]}},{"type":"Feature","id":"1985192304131828199200000000","properties":{"id":"1985192304131828199200000000","pnu":"1221011400100320003","year":1985,"purpose":"숙박시설","far":279.5,"floors":5,"structure":"철근콘크리트구조"},"geometry":{"type":"MultiPolygon","coordinates":[[[[126.916286,35.144586],[126.916352,35.144519],[126.916393,35.14454],[126.916479,35.14441],[126.916353,35.144395],[126.916324,35.144428],[126.916333,35.144435],[126.916236,35.144553],[126.916286,35.144586]]]]}},{"type":"Feature","id":"1985192324301826848000000000","properties":{"id":"1985192324301826848000000000","pnu":"1221011400100570024","year":1985,"purpose":"단독주택"},"geometry":{"type":"MultiPolygon","coordinates":[[[[126.91656,35.14329],[126.916624,35.14326],[126.916593,35.143234],[126.916541,35.143264],[126.91656,35.14329]]]]}},{"type":"Feature","id":"1985192387211829819500000000","properties":{"id":"1985192387211829819500000000","pnu":"1221011300100820002","year":1985,"purpose":"제2종 근린생활시설","far":298,"floors":4,"structure":"철근콘크리트구조"},"geometry":{"type":"MultiPolygon","coordinates":[[[[126.91721,35.145928],[126.917204,35.145956],[126.917302,35.145999],[126.917309,35.145983],[126.917302,35.145981],[126.917319,35.145903],[126.917243,35.14589],[126.917234,35.145931],[126.91721,35.145928]]]]}},{"type":"Feature","id":"1985192388691829732300000000","properties":{"id":"1985192388691829732300000000","pnu":"1221011300100820002","year":1985,"purpose":"제2종 근린생활시설","far":298,"floors":4,"structure":"철근콘크리트구조"},"geometry":{"type":"MultiPolygon","coordinates":[[[[126.917208,35.145907],[126.917226,35.14591],[126.917233,35.145884],[126.917336,35.145903],[126.917353,35.145838],[126.917241,35.145817],[126.917224,35.145882],[126.917215,35.14588],[126.917208,35.145907]]]]}},{"type":"Feature","id":"1985192526111824099600000000","properties":{"id":"1985192526111824099600000000","pnu":"1221012200101650007","year":1985,"purpose":"숙박시설","far":299.92,"floors":5,"structure":"철근콘크리트구조"},"geometry":{"type":"MultiPolygon","coordinates":[[[[126.91868,35.140787],[126.918836,35.14087],[126.918909,35.140779],[126.918767,35.140703],[126.918725,35.140755],[126.918711,35.140747],[126.91868,35.140787]]]]}},{"type":"Feature","id":"1985192528911829422700000000","properties":{"id":"1985192528911829422700000000","pnu":"1221011300100560001","year":1985,"purpose":"제2종 근린생활시설","far":314.3693,"floors":4,"structure":"철근콘크리트구조"},"geometry":{"type":"MultiPolygon","coordinates":[[[[126.918897,35.145638],[126.918918,35.145574],[126.918802,35.145549],[126.918803,35.145537],[126.918754,35.145528],[126.91873,35.145595],[126.918897,35.145638]]]]}},{"type":"Feature","id":"1985192534891823639200000000","properties":{"id":"1985192534891823639200000000","pnu":"1221012200100950005","year":1985,"purpose":"단독주택"},"geometry":{"type":"MultiPolygon","coordinates":[[[[126.918926,35.140425],[126.918964,35.140383],[126.918894,35.140337],[126.918897,35.140332],[126.918868,35.140318],[126.918823,35.140363],[126.918926,35.140425]]]]}},{"type":"Feature","id":"1985192540421827656200000000","properties":{"id":"1985192540421827656200000000","pnu":"1221011200101450000","year":1985,"purpose":"단독주택"},"geometry":{"type":"MultiPolygon","coordinates":[[[[126.918969,35.144057],[126.919033,35.143972],[126.91898,35.143941],[126.918967,35.143955],[126.918923,35.143938],[126.918866,35.144001],[126.918969,35.144057]]]]}},{"type":"Feature","id":"1986191961021831569300000000","properties":{"id":"1986191961021831569300000000","pnu":"1221011500100430001","year":1986,"purpose":"제2종 근린생활시설","floors":3,"structure":"철근콘크리트구조"},"geometry":{"type":"MultiPolygon","coordinates":[[[[126.912617,35.14757],[126.912658,35.147528],[126.912561,35.14746],[126.912521,35.147499],[126.912617,35.14757]]]]}},{"type":"Feature","id":"1986192002841830996500000000","properties":{"id":"1986192002841830996500000000","pnu":"1221011500100400003","year":1986,"purpose":"제2종 근린생활시설","far":280.17,"floors":5,"structure":"철근콘크리트구조"},"geometry":{"type":"MultiPolygon","coordinates":[[[[126.912976,35.147017],[126.913058,35.14706],[126.913123,35.146978],[126.913037,35.146939],[126.912976,35.147017]]]]}},{"type":"Feature","id":"1986192071471829023700000000","properties":{"id":"1986192071471829023700000000","pnu":"1221011600100690002","year":1986,"purpose":"제1종 근린생활시설","far":270.91,"floors":4,"structure":"철근콘크리트구조"},"geometry":{"type":"MultiPolygon","coordinates":[[[[126.91383,35.145281],[126.913883,35.145211],[126.913782,35.145163],[126.913721,35.145228],[126.91383,35.145281]]]]}},{"type":"Feature","id":"1986192083581829077900000000","properties":{"id":"1986192083581829077900000000","pnu":"1221011600100690000","year":1986,"purpose":"숙박시설","far":339.63,"floors":5,"structure":"철근콘크리트구조"},"geometry":{"type":"MultiPolygon","coordinates":[[[[126.913853,35.145287],[126.913974,35.145332],[126.914014,35.14525],[126.91391,35.145207],[126.913853,35.145287]]]]}},{"type":"Feature","id":"1986192115991831890600000000","properties":{"id":"1986192115991831890600000000","pnu":"1221011700100070002","purpose":"제2종 근린생활시설","far":79.72,"floors":1,"structure":"일반목구조"},"geometry":{"type":"MultiPolygon","coordinates":[[[[126.914323,35.147888],[126.914402,35.147845],[126.914249,35.147718],[126.914184,35.147775],[126.914323,35.147888]]]]}},{"type":"Feature","id":"1986192169561832101900000000","properties":{"id":"1986192169561832101900000000","pnu":"1221011700100130000","year":1986,"purpose":"제2종 근린생활시설","far":311.77,"floors":5,"structure":"철근콘크리트구조"},"geometry":{"type":"MultiPolygon","coordinates":[[[[126.914945,35.148123],[126.915018,35.148065],[126.914931,35.147992],[126.914964,35.147965],[126.914817,35.147873],[126.914784,35.147901],[126.914793,35.147909],[126.914751,35.147944],[126.914757,35.147982],[126.914945,35.148123]]]]}},{"type":"Feature","id":"1986192187311832022200000000","properties":{"id":"1986192187311832022200000000","pnu":"1221011700100130009","year":1986,"purpose":"제2종 근린생활시설","far":257.55,"floors":4,"structure":"철근콘크리트구조"},"geometry":{"type":"MultiPolygon","coordinates":[[[[126.915098,35.148025],[126.915201,35.147943],[126.915099,35.147855],[126.915069,35.147874],[126.914973,35.147834],[126.914944,35.147877],[126.915001,35.147923],[126.914989,35.147939],[126.915098,35.148025]]]]}},{"type":"Feature","id":"1986192203801829293000000000","properties":{"id":"1986192203801829293000000000","pnu":"1221011600100970004","purpose":"제1종 근린생활시설"},"geometry":{"type":"MultiPolygon","coordinates":[[[[126.915214,35.145491],[126.915271,35.14551],[126.915286,35.145485],[126.915273,35.145476],[126.915292,35.14543],[126.915251,35.145416],[126.915214,35.145491]]]]}},{"type":"Feature","id":"1986192323901829296900000000","properties":{"id":"1986192323901829296900000000","pnu":"1221011600101210000","year":1986,"purpose":"기타","far":189.32962,"floors":4,"structure":"일반철골구조"},"geometry":{"type":"MultiPolygon","coordinates":[[[[126.91634,35.145642],[126.916496,35.14571],[126.916837,35.145339],[126.916586,35.145242],[126.916478,35.145414],[126.916469,35.14541],[126.91634,35.145642]]]]}},{"type":"Feature","id":"1986192382091830412500000000","properties":{"id":"1986192382091830412500000000","pnu":"1221011700100780009","year":1986,"purpose":"제2종 근린생활시설","far":247.2426,"floors":4,"structure":"철근콘크리트구조"},"geometry":{"type":"MultiPolygon","coordinates":[[[[126.917266,35.146399],[126.917214,35.146373],[126.9172,35.146392],[126.917196,35.146391],[126.917182,35.14641],[126.917172,35.146423],[126.917153,35.146458],[126.91717,35.146467],[126.917153,35.14649],[126.917136,35.146481],[126.917111,35.146516],[126.917127,35.146524],[126.91712,35.146534],[126.917204,35.146577],[126.917277,35.146479],[126.917283,35.146482],[126.917316,35.146437],[126.917259,35.146409],[126.917266,35.146399]]]]}},{"type":"Feature","id":"1986192386711829520800000000","properties":{"id":"1986192386711829520800000000","pnu":"1221011300100840002","year":1986,"purpose":"기타","far":269.95211,"floors":4,"structure":"철근콘크리트구조"},"geometry":{"type":"MultiPolygon","coordinates":[[[[126.917095,35.145645],[126.917281,35.145707],[126.917272,35.145747],[126.917266,35.145746],[126.917259,35.145777],[126.917255,35.145777],[126.917248,35.145809],[126.917319,35.14582],[126.917326,35.145789],[126.917365,35.145794],[126.917402,35.145637],[126.917286,35.145618],[126.917138,35.145527],[126.917118,35.145549],[126.917139,35.145562],[126.917095,35.145645]]]]}},{"type":"Feature","id":"1986192437261831444500000000","properties":{"id":"1986192437261831444500000000","pnu":"1221012700100030004","year":1986,"purpose":"제2종 근린생활시설","far":305.02,"floors":4,"structure":"철근콘크리트구조"},"geometry":{"type":"MultiPolygon","coordinates":[[[[126.917842,35.147468],[126.917891,35.147428],[126.917791,35.147344],[126.91774,35.147385],[126.917842,35.147468]]]]}},{"type":"Feature","id":"1986192453681830246600000000","properties":{"id":"1986192453681830246600000000","pnu":"1221011300100790000","year":1986,"purpose":"제2종 근린생활시설","far":394.51,"floors":5,"structure":"철근콘크리트구조"},"geometry":{"type":"MultiPolygon","coordinates":[[[[126.917995,35.146453],[126.918126,35.146241],[126.918079,35.146223],[126.918067,35.146236],[126.917994,35.14621],[126.91787,35.146391],[126.917995,35.146453]]]]}},{"type":"Feature","id":"1986192471991825398000000000","properties":{"id":"1986192471991825398000000000","pnu":"1221011400102140003","year":1986,"purpose":"숙박시설","far":271.41,"floors":4,"structure":"철근콘크리트구조"},"geometry":{"type":"MultiPolygon","coordinates":[[[[126.918183,35.141893],[126.918125,35.141976],[126.918216,35.142019],[126.918284,35.141939],[126.918183,35.141893]]]]}},{"type":"Feature","id":"1986192539031829179600000000","properties":{"id":"1986192539031829179600000000","pnu":"1221011200101690004","year":1986,"purpose":"단독주택","far":109.79,"floors":2,"structure":"벽돌구조"},"geometry":{"type":"MultiPolygon","coordinates":[[[[126.918968,35.14542],[126.919003,35.14534],[126.918908,35.145312],[126.91886,35.145385],[126.918968,35.14542]]]]}},{"type":"Feature","id":"1986192544191826576400000000","properties":{"id":"1986192544191826576400000000","pnu":"1221011400101610000","year":1986,"purpose":"제2종 근린생활시설","far":201.42,"floors":3,"structure":"철근콘크리트구조"},"geometry":{"type":"MultiPolygon","coordinates":[[[[126.919009,35.143098],[126.919093,35.142994],[126.918999,35.142951],[126.918965,35.142976],[126.918943,35.142968],[126.918892,35.143027],[126.919009,35.143098]]]]}},{"type":"Feature","id":"1987192062101832009100000000","properties":{"id":"1987192062101832009100000000","pnu":"1221011700101150000","year":1987,"purpose":"제2종 근린생활시설","far":257.75,"floors":4,"structure":"철근콘크리트구조"},"geometry":{"type":"MultiPolygon","coordinates":[[[[126.91366,35.148008],[126.913828,35.147897],[126.913737,35.147812],[126.913566,35.147934],[126.91366,35.148008]]]]}},{"type":"Feature","id":"1987192192111828121400000000","properties":{"id":"1987192192111828121400000000","pnu":"1221011600101800000","year":1987,"purpose":"단독주택"},"geometry":{"type":"MultiPolygon","coordinates":[[[[126.915104,35.144463],[126.915179,35.144443],[126.915153,35.144359],[126.915081,35.144367],[126.915104,35.144463]]]]}},{"type":"Feature","id":"1987192201551830902200000000","properties":{"id":"1987192201551830902200000000","pnu":"1221011700101000002","year":1987,"purpose":"제1종 근린생활시설","floors":3,"structure":"철근콘크리트구조"},"geometry":{"type":"MultiPolygon","coordinates":[[[[126.91524,35.146971],[126.915297,35.146934],[126.915211,35.14686],[126.915165,35.146893],[126.91524,35.146971]]]]}},{"type":"Feature","id":"1987192202011828107100000000","properties":{"id":"1987192202011828107100000000","pnu":"1221011600101800000","year":1987,"purpose":"단독주택"},"geometry":{"type":"MultiPolygon","coordinates":[[[[126.915177,35.144369],[126.91519,35.144445],[126.915257,35.144436],[126.915305,35.144394],[126.915284,35.144349],[126.915177,35.144369]]]]}},{"type":"Feature","id":"1987192205181827864600000000","properties":{"id":"1987192205181827864600000000","pnu":"1221011600101870002","year":1987,"purpose":"숙박시설"},"geometry":{"type":"MultiPolygon","coordinates":[[[[126.915158,35.144199],[126.915224,35.144246],[126.915231,35.144239],[126.915288,35.144263],[126.915384,35.144157],[126.915274,35.144084],[126.915158,35.144199]]]]}},{"type":"Feature","id":"1987192208531827960900000000","properties":{"id":"1987192208531827960900000000","pnu":"1221011600101870002","purpose":"숙박시설"},"geometry":{"type":"MultiPolygon","coordinates":[[[[126.915293,35.144269],[126.915316,35.144275],[126.915321,35.144259],[126.91531,35.144252],[126.915293,35.144269]]]]}},{"type":"Feature","id":"1987192212341830999600000000","properties":{"id":"1987192212341830999600000000","pnu":"1221011700100210013","year":1987,"purpose":"제1종 근린생활시설","far":120.3,"floors":2,"structure":"일반철골구조"},"geometry":{"type":"MultiPolygon","coordinates":[[[[126.915302,35.147006],[126.915338,35.147041],[126.91539,35.147004],[126.915364,35.146963],[126.915302,35.147006]]]]}},{"type":"Feature","id":"1987192226021827760200000000","properties":{"id":"1987192226021827760200000000","pnu":"1221011600101880002","year":1987,"purpose":"제1종 근린생활시설"},"geometry":{"type":"MultiPolygon","coordinates":[[[[126.915528,35.144141],[126.915548,35.144028],[126.915426,35.144081],[126.915528,35.144141]]]]}},{"type":"Feature","id":"1987192241651830570000000000","properties":{"id":"1987192241651830570000000000","pnu":"1221011700100950003","year":1987,"purpose":"제1종 근린생활시설","floors":1,"structure":"철근콘크리트구조"},"geometry":{"type":"MultiPolygon","coordinates":[[[[126.91567,35.146621],[126.915671,35.146621],[126.915672,35.14662],[126.915673,35.14662],[126.915673,35.14662],[126.915674,35.146619],[126.915675,35.146618],[126.915675,35.146618],[126.915675,35.146617],[126.915675,35.146616],[126.915675,35.146615],[126.915675,35.146615],[126.915675,35.146614],[126.915674,35.146613],[126.915673,35.146613],[126.915673,35.146612],[126.915672,35.146612],[126.915671,35.146612],[126.91567,35.146612],[126.915669,35.146612],[126.915668,35.146612],[126.915667,35.146612],[126.915666,35.146613],[126.915666,35.146613],[126.915665,35.146614],[126.915665,35.146615],[126.915664,35.146615],[126.915664,35.146616],[126.915664,35.146617],[126.915665,35.146618],[126.915665,35.146618],[126.915666,35.146619],[126.915666,35.14662],[126.915667,35.14662],[126.915668,35.14662],[126.915669,35.146621],[126.91567,35.146621]]]]}},{"type":"Feature","id":"1987192242521830036400000000","properties":{"id":"1987192242521830036400000000","pnu":"1221011600101090006","year":1987,"purpose":"제2종 근린생활시설","far":149.54,"floors":2,"structure":"철근콘크리트구조"},"geometry":{"type":"MultiPolygon","coordinates":[[[[126.915694,35.146189],[126.915751,35.146116],[126.915675,35.146083],[126.915603,35.146148],[126.915694,35.146189]]]]}},{"type":"Feature","id":"1987192418361830112000000000","properties":{"id":"1987192418361830112000000000","pnu":"1221011300100800002","year":1987,"purpose":"제1종 근린생활시설","far":114.61,"floors":2,"structure":"철근콘크리트구조"},"geometry":{"type":"MultiPolygon","coordinates":[[[[126.917566,35.146235],[126.917603,35.146251],[126.917653,35.146175],[126.917616,35.146158],[126.917566,35.146235]]]]}},{"type":"Feature","id":"1987192438381824964000000000","properties":{"id":"1987192438381824964000000000","pnu":"1221011400102110031","year":1987,"purpose":"제1종 근린생활시설"},"geometry":{"type":"MultiPolygon","coordinates":[[[[126.917765,35.141578],[126.917843,35.141607],[126.917872,35.141577],[126.917886,35.141581],[126.917905,35.141552],[126.91785,35.141531],[126.917802,35.141531],[126.917765,35.141578]]]]}},{"type":"Feature","id":"1987192445291826175200000000","properties":{"id":"1987192445291826175200000000","pnu":"1221011400101480000","year":1987,"purpose":"숙박시설","far":147.3,"floors":3,"structure":"벽돌구조"},"geometry":{"type":"MultiPolygon","coordinates":[[[[126.917848,35.142742],[126.91785,35.142752],[126.917894,35.142762],[126.917893,35.142768],[126.917926,35.142775],[126.917934,35.142749],[126.917943,35.14275],[126.917957,35.142704],[126.917949,35.142702],[126.917957,35.142681],[126.917968,35.142683],[126.917975,35.142661],[126.917965,35.142659],[126.917978,35.142616],[126.917993,35.142619],[126.918002,35.142587],[126.91795,35.142555],[126.917891,35.142561],[126.917807,35.142663],[126.91783,35.142676],[126.917846,35.142657],[126.91786,35.142661],[126.917846,35.142705],[126.917848,35.142706],[126.917844,35.142716],[126.917845,35.142728],[126.917852,35.142729],[126.917848,35.142742]]]]}},{"type":"Feature","id":"1987192486291831667200000000","properties":{"id":"1987192486291831667200000000","pnu":"1221013100100190016","year":1987,"purpose":"제1종 근린생활시설","far":377.43,"floors":7,"structure":"철근콘크리트구조"},"geometry":{"type":"MultiPolygon","coordinates":[[[[126.918217,35.147619],[126.918342,35.147722],[126.918488,35.14759],[126.91837,35.147494],[126.918217,35.147619]]]]}},{"type":"Feature","id":"1987192494901824152900000000","properties":{"id":"1987192494901824152900000000","pnu":"1221012200101650027","purpose":"단독주택","far":162.62,"floors":2,"structure":"벽돌구조"},"geometry":{"type":"MultiPolygon","coordinates":[[[[126.918475,35.140886],[126.918522,35.140831],[126.918431,35.140783],[126.918389,35.140834],[126.918475,35.140886]]]]}},{"type":"Feature","id":"1987192515861827685400000000","properties":{"id":"1987192515861827685400000000","pnu":"1221011400101130000","year":1987,"purpose":"제2종 근린생활시설","far":280.79,"floors":4,"structure":"철근콘크리트구조"},"geometry":{"type":"MultiPolygon","coordinates":[[[[126.918607,35.144034],[126.918703,35.144078],[126.918761,35.14401],[126.918654,35.143956],[126.918633,35.143977],[126.918642,35.143985],[126.918607,35.144034]]]]}},{"type":"Feature","id":"1988191893541831639900000000","properties":{"id":"1988191893541831639900000000","pnu":"1221011500100260000","year":1988,"purpose":"기타","far":420.5,"floors":6,"structure":"철근콘크리트구조"},"geometry":{"type":"MultiPolygon","coordinates":[[[[126.911719,35.147586],[126.911828,35.147649],[126.911912,35.14768],[126.911985,35.147595],[126.91181,35.147461],[126.911727,35.147557],[126.911738,35.147563],[126.911719,35.147586]]]]}},{"type":"Feature","id":"1988191920931831843900000000","properties":{"id":"1988191920931831843900000000","pnu":"1221011500100300004","purpose":"기타"},"geometry":{"type":"MultiPolygon","coordinates":[[[[126.912128,35.147758],[126.912162,35.147776],[126.91217,35.147766],[126.912138,35.147748],[126.912128,35.147758]]]]}},{"type":"Feature","id":"1988191930781831780400000000","properties":{"id":"1988191930781831780400000000","pnu":"1221011500100300004","year":1988,"purpose":"제1종 근린생활시설"},"geometry":{"type":"MultiPolygon","coordinates":[[[[126.912174,35.147708],[126.912282,35.147778],[126.912343,35.147705],[126.91223,35.14763],[126.912174,35.147708]]]]}},{"type":"Feature","id":"1988192007711831775800000000","properties":{"id":"1988192007711831775800000000","pnu":"1221011500100390001","year":1988,"purpose":"기타"},"geometry":{"type":"MultiPolygon","coordinates":[[[[126.913029,35.147724],[126.912988,35.147759],[126.91304,35.147798],[126.913081,35.147763],[126.91321,35.147863],[126.913313,35.147773],[126.913002,35.147531],[126.912899,35.147623],[126.913029,35.147724]]]]}},{"type":"Feature","id":"1988192008811829922400000000","properties":{"id":"1988192008811829922400000000","pnu":"1221011600100430017","year":1988,"purpose":"제1종 근린생활시설"},"geometry":{"type":"MultiPolygon","coordinates":[[[[126.913108,35.14614],[126.913241,35.146012],[126.913115,35.145921],[126.913006,35.146033],[126.913013,35.14607],[126.913108,35.14614]]]]}},{"type":"Feature","id":"1988192034591831947800000000","properties":{"id":"1988192034591831947800000000","pnu":"1221011500100390001","year":1988,"purpose":"기타"},"geometry":{"type":"MultiPolygon","coordinates":[[[[126.913296,35.147723],[126.913367,35.147778],[126.913232,35.147897],[126.913386,35.148015],[126.913435,35.14797],[126.913433,35.147969],[126.913474,35.147932],[126.913476,35.147934],[126.913571,35.147851],[126.913345,35.147676],[126.913296,35.147723]]]]}},{"type":"Feature","id":"1988192096031830164600000000","properties":{"id":"1988192096031830164600000000","pnu":"1221011600100220001","purpose":"제1종 근린생활시설","far":65.42,"floors":1,"structure":"철근콘크리트구조"},"geometry":{"type":"MultiPolygon","coordinates":[[[[126.914104,35.146326],[126.914168,35.146246],[126.914047,35.14617],[126.913975,35.146259],[126.914104,35.146326]]]]}},{"type":"Feature","id":"1988192098291828716900000000","properties":{"id":"1988192098291828716900000000","pnu":"1221011600100790000","year":1988,"purpose":"제2종 근린생활시설","far":324.11,"floors":4,"structure":"철근콘크리트구조"},"geometry":{"type":"MultiPolygon","coordinates":[[[[126.914003,35.14494],[126.914167,35.144994],[126.914154,35.144916],[126.914022,35.144917],[126.914003,35.14494]]]]}},{"type":"Feature","id":"1988192141891831393600000000","properties":{"id":"1988192141891831393600000000","pnu":"1221011700101070000","year":1988,"purpose":"제2종 근린생활시설","far":279.71,"floors":4,"structure":"철근콘크리트구조"},"geometry":{"type":"MultiPolygon","coordinates":[[[[126.914473,35.14738],[126.914536,35.147436],[126.91467,35.14734],[126.914671,35.147332],[126.914612,35.147279],[126.914473,35.14738]]]]}},{"type":"Feature","id":"1988192145241828614000000000","properties":{"id":"1988192145241828614000000000","pnu":"1221011600101740000","year":1988,"purpose":"기타","floors":1,"structure":"벽돌구조"},"geometry":{"type":"MultiPolygon","coordinates":[[[[126.914602,35.144914],[126.914669,35.144805],[126.914628,35.14479],[126.914558,35.144898],[126.914602,35.144914]]]]}},{"type":"Feature","id":"1988192147791831770300000000","properties":{"id":"1988192147791831770300000000","pnu":"1221011700100110004","year":1988,"purpose":"제2종 근린생활시설","far":409.6438,"floors":8,"structure":"철골콘크리트구조"},"geometry":{"type":"MultiPolygon","coordinates":[[[[126.914419,35.147617],[126.914504,35.147702],[126.914509,35.147699],[126.914533,35.147722],[126.914528,35.147726],[126.914642,35.14784],[126.914668,35.147822],[126.914714,35.147868],[126.914724,35.147862],[126.914734,35.147872],[126.914744,35.147866],[126.914751,35.147873],[126.914806,35.147834],[126.914804,35.147832],[126.914826,35.147818],[126.914824,35.147816],[126.914831,35.147811],[126.914819,35.147797],[126.91485,35.147777],[126.914581,35.147508],[126.914419,35.147617]]]]}},{"type":"Feature","id":"1988192167671828640800000000","properties":{"id":"1988192167671828640800000000","pnu":"1221011600101740000","purpose":"기타","structure":"블록구조"},"geometry":{"type":"MultiPolygon","coordinates":[[[[126.914897,35.144931],[126.914927,35.144877],[126.914825,35.144823],[126.91479,35.144875],[126.914897,35.144931]]]]}},{"type":"Feature","id":"1988192204971830672000000000","properties":{"id":"1988192204971830672000000000","pnu":"1221011600100010009","year":1988,"purpose":"제1종 근린생활시설"},"geometry":{"type":"MultiPolygon","coordinates":[[[[126.915278,35.146785],[126.915286,35.146783],[126.915323,35.146715],[126.915285,35.146699],[126.915313,35.146625],[126.915263,35.146609],[126.915209,35.146775],[126.915278,35.146785]]]]}},{"type":"Feature","id":"1988192210461830730400000000","properties":{"id":"1988192210461830730400000000","pnu":"1221011600100010009","year":1988,"purpose":"제1종 근린생활시설"},"geometry":{"type":"MultiPolygon","coordinates":[[[[126.915292,35.146783],[126.91532,35.146792],[126.915368,35.146746],[126.915324,35.146729],[126.915292,35.146783]]]]}},{"type":"Feature","id":"1988192219871827931400000000","properties":{"id":"1988192219871827931400000000","pnu":"1221011600101860005","year":1988,"purpose":"제2종 근린생활시설"},"geometry":{"type":"MultiPolygon","coordinates":[[[[126.915405,35.144169],[126.915343,35.144232],[126.915474,35.144308],[126.915511,35.144253],[126.915506,35.144233],[126.915405,35.144169]]]]}},{"type":"Feature","id":"1988192261131830634200000000","properties":{"id":"1988192261131830634200000000","pnu":"1221011700100600000","year":1988,"purpose":"제2종 근린생활시설","far":213.58,"floors":3,"structure":"철근콘크리트구조"},"geometry":{"type":"MultiPolygon","coordinates":[[[[126.91591,35.146731],[126.915956,35.146695],[126.915881,35.146614],[126.915807,35.146657],[126.915855,35.146703],[126.91591,35.146731]]]]}},{"type":"Feature","id":"1988192280431829656600000000","properties":{"id":"1988192280431829656600000000","pnu":"1221011600101180003","purpose":"제1종 근린생활시설","far":43.37,"floors":1,"structure":"일반목구조"},"geometry":{"type":"MultiPolygon","coordinates":[[[[126.916023,35.145789],[126.916147,35.145834],[126.916171,35.145798],[126.916045,35.145751],[126.916023,35.145789]]]]}},{"type":"Feature","id":"1988192285131830629800000000","properties":{"id":"1988192285131830629800000000","pnu":"1221011700100620001","year":1988,"purpose":"제1종 근린생활시설","far":138.58,"floors":2,"structure":"철근콘크리트구조"},"geometry":{"type":"MultiPolygon","coordinates":[[[[126.916042,35.146714],[126.916095,35.146746],[126.916246,35.146634],[126.916202,35.146591],[126.916042,35.146714]]]]}},{"type":"Feature","id":"1988192292351826799800000000","properties":{"id":"1988192292351826799800000000","pnu":"1221011400100530015","purpose":"제1종 근린생활시설","floors":1,"structure":"벽돌구조"},"geometry":{"type":"MultiPolygon","coordinates":[[[[126.916348,35.143232],[126.91625,35.143139],[126.916127,35.143226],[126.916159,35.143285],[126.916348,35.143232]]]]}},{"type":"Feature","id":"1988192305191829860000000000","properties":{"id":"1988192305191829860000000000","pnu":"1221011700100880000","year":1988,"purpose":"제2종 근린생활시설","far":411.57887,"floors":5,"structure":"철근콘크리트구조"},"geometry":{"type":"MultiPolygon","coordinates":[[[[126.916351,35.146058],[126.916461,35.14594],[126.916386,35.1459],[126.916275,35.146002],[126.916351,35.146058]]]]}},{"type":"Feature","id":"1988192329081827303200000000","properties":{"id":"1988192329081827303200000000","pnu":"1221011400100720000","year":1988,"purpose":"숙박시설","far":191.16,"floors":3,"structure":"철근콘크리트구조"},"geometry":{"type":"MultiPolygon","coordinates":[[[[126.916625,35.143605],[126.916562,35.14363],[126.916584,35.143656],[126.916567,35.143663],[126.916605,35.143717],[126.916695,35.143725],[126.916717,35.143716],[126.916625,35.143605]]]]}},{"type":"Feature","id":"1988192354021827882100000000","properties":{"id":"1988192354021827882100000000","pnu":"1221011400100190005","year":1988,"purpose":"숙박시설"},"geometry":{"type":"MultiPolygon","coordinates":[[[[126.916914,35.144294],[126.916971,35.14417],[126.916981,35.144172],[126.917004,35.144133],[126.916888,35.144101],[126.916818,35.144258],[126.916914,35.144294]]]]}},{"type":"Feature","id":"1988192365901827942400000000","properties":{"id":"1988192365901827942400000000","pnu":"1221011400100190004","year":1988,"purpose":"단독주택"},"geometry":{"type":"MultiPolygon","coordinates":[[[[126.91706,35.144333],[126.917113,35.144211],[126.917101,35.144205],[126.917113,35.144169],[126.917062,35.144157],[126.917041,35.144203],[126.916989,35.144196],[126.916944,35.144296],[126.91706,35.144333]]]]}},{"type":"Feature","id":"1988192368911828782900000000","properties":{"id":"1988192368911828782900000000","pnu":"1221011400100280002","year":1988,"purpose":"숙박시설","far":304.38722,"floors":4,"structure":"철근콘크리트구조"},"geometry":{"type":"MultiPolygon","coordinates":[[[[126.916961,35.145056],[126.917079,35.145106],[126.917174,35.144953],[126.917058,35.144909],[126.916961,35.145056]]]]}},{"type":"Feature","id":"1988192385541827156400000000","properties":{"id":"1988192385541827156400000000","pnu":"1221011400100910000","year":1988,"purpose":"단독주택","far":58.4,"floors":2,"structure":"벽돌구조"},"geometry":{"type":"MultiPolygon","coordinates":[[[[126.917307,35.143605],[126.917342,35.143537],[126.917203,35.143477],[126.917157,35.14354],[126.917307,35.143605]]]]}},{"type":"Feature","id":"1988192385641827534800000000","properties":{"id":"1988192385641827534800000000","pnu":"1221011400100830001","year":1988,"purpose":"숙박시설"},"geometry":{"type":"MultiPolygon","coordinates":[[[[126.917177,35.143927],[126.917277,35.143946],[126.917329,35.143838],[126.917228,35.143816],[126.917177,35.143927]]]]}},{"type":"Feature","id":"1988192387941827077500000000","properties":{"id":"1988192387941827077500000000","pnu":"1221011400100910000","purpose":"기타","structure":"벽돌구조"},"geometry":{"type":"MultiPolygon","coordinates":[[[[126.917236,35.14341],[126.917203,35.143459],[126.917352,35.143531],[126.917364,35.143518],[126.917328,35.143492],[126.917339,35.143478],[126.917236,35.14341]]]]}},{"type":"Feature","id":"1988192430871830186500000000","properties":{"id":"1988192430871830186500000000","pnu":"1221011300100800005","year":1988,"purpose":"제1종 근린생활시설","far":122.98,"floors":2,"structure":"철근콘크리트구조"},"geometry":{"type":"MultiPolygon","coordinates":[[[[126.917756,35.146218],[126.917745,35.146235],[126.917741,35.146236],[126.917697,35.146304],[126.917741,35.146326],[126.917771,35.14628],[126.917794,35.146235],[126.917756,35.146218]]]]}},{"type":"Feature","id":"1988192432981826320900000000","properties":{"id":"1988192432981826320900000000","pnu":"1221011400101470006","year":1988,"purpose":"기타","far":123.86,"floors":2,"structure":"철근콘크리트구조"},"geometry":{"type":"MultiPolygon","coordinates":[[[[126.917795,35.142864],[126.917852,35.142792],[126.917793,35.142758],[126.917819,35.142725],[126.917772,35.1427],[126.917702,35.142787],[126.91772,35.14283],[126.917795,35.142864]]]]}},{"type":"Feature","id":"1988192439561830162800000000","properties":{"id":"1988192439561830162800000000","pnu":"1221011300100790006","year":1988,"purpose":"제2종 근린생활시설","far":334.7844,"floors":5,"structure":"철근콘크리트구조"},"geometry":{"type":"MultiPolygon","coordinates":[[[[126.917833,35.146364],[126.917937,35.146188],[126.917828,35.146142],[126.917794,35.146217],[126.91781,35.146224],[126.917754,35.14633],[126.917833,35.146364]]]]}},{"type":"Feature","id":"1988192440911826302900000000","properties":{"id":"1988192440911826302900000000","pnu":"1221011400101470006","purpose":"기타","structure":"벽돌구조"},"geometry":{"type":"MultiPolygon","coordinates":[[[[126.917839,35.142769],[126.917871,35.142784],[126.917881,35.142771],[126.917846,35.14276],[126.917839,35.142769]]]]}},{"type":"Feature","id":"1988192478261826387700000000","properties":{"id":"1988192478261826387700000000","pnu":"1221011400101500001","year":1988,"purpose":"단독주택","floors":2,"structure":"벽돌구조"},"geometry":{"type":"MultiPolygon","coordinates":[[[[126.91836,35.142838],[126.918208,35.142795],[126.918181,35.142856],[126.918329,35.142903],[126.91836,35.142838]]]]}},{"type":"Feature","id":"1988192478521824442300000000","properties":{"id":"1988192478521824442300000000","pnu":"1221012200101650011","year":1988,"purpose":"숙박시설"},"geometry":{"type":"MultiPolygon","coordinates":[[[[126.918323,35.14118],[126.918387,35.141099],[126.918229,35.141009],[126.918162,35.141091],[126.918323,35.14118]]]]}},{"type":"Feature","id":"1988192506611823972400000000","properties":{"id":"1988192506611823972400000000","pnu":"1221012200101650021","purpose":"기타","structure":"벽돌구조"},"geometry":{"type":"MultiPolygon","coordinates":[[[[126.918577,35.140672],[126.918585,35.140677],[126.91859,35.140671],[126.918582,35.140666],[126.918577,35.140672]]]]}},{"type":"Feature","id":"1988192507741824140500000000","properties":{"id":"1988192507741824140500000000","pnu":"1221012200101650028","purpose":"기타","structure":"벽돌구조"},"geometry":{"type":"MultiPolygon","coordinates":[[[[126.918596,35.140827],[126.918597,35.140827],[126.918598,35.140827],[126.918598,35.140827],[126.918599,35.140826],[126.9186,35.140826],[126.9186,35.140825],[126.918601,35.140824],[126.918601,35.140824],[126.918601,35.140823],[126.918601,35.140822],[126.918601,35.140821],[126.9186,35.140821],[126.9186,35.14082],[126.918599,35.140819],[126.918598,35.140819],[126.918598,35.140819],[126.918597,35.140818],[126.918596,35.140818],[126.918595,35.140818],[126.918594,35.140819],[126.918593,35.140819],[126.918592,35.140819],[126.918592,35.14082],[126.918591,35.140821],[126.918591,35.140821],[126.91859,35.140822],[126.91859,35.140823],[126.91859,35.140824],[126.918591,35.140824],[126.918591,35.140825],[126.918591,35.140826],[126.918592,35.140826],[126.918593,35.140827],[126.918594,35.140827],[126.918595,35.140827],[126.918596,35.140827]]]]}},{"type":"Feature","id":"1988192525461825864600000000","properties":{"id":"1988192525461825864600000000","pnu":"1221011400101920002","year":1988,"purpose":"제2종 근린생활시설","far":206.7,"floors":3,"structure":"철근콘크리트구조"},"geometry":{"type":"MultiPolygon","coordinates":[[[[126.918708,35.142417],[126.918811,35.142449],[126.918877,35.142335],[126.918799,35.142315],[126.918789,35.142328],[126.918744,35.142317],[126.918708,35.142417]]]]}},{"type":"Feature","id":"1988192531971825135900000000","properties":{"id":"1988192531971825135900000000","pnu":"1221012200101420000","year":1988,"purpose":"제1종 근린생활시설","far":215.4,"floors":3,"structure":"철근콘크리트구조"},"geometry":{"type":"MultiPolygon","coordinates":[[[[126.918909,35.141781],[126.91894,35.141707],[126.918813,35.141662],[126.918778,35.141729],[126.918909,35.141781]]]]}},{"type":"Feature","id":"1988192536481826830700000000","properties":{"id":"1988192536481826830700000000","pnu":"1221011400101230002","purpose":"기타","structure":"벽돌구조"},"geometry":{"type":"MultiPolygon","coordinates":[[[[126.918889,35.14326],[126.918907,35.143267],[126.918927,35.143235],[126.918912,35.143228],[126.918889,35.14326]]]]}},{"type":"Feature","id":"1988192539171826939700000000","properties":{"id":"1988192539171826939700000000","pnu":"1221011400101230002","year":1988,"purpose":"단독주택","far":90.95,"floors":2,"structure":"벽돌구조"},"geometry":{"type":"MultiPolygon","coordinates":[[[[126.919005,35.143418],[126.919027,35.14337],[126.918949,35.143341],[126.918962,35.143316],[126.91895,35.14331],[126.918965,35.14328],[126.918914,35.143259],[126.918859,35.143367],[126.919005,35.143418]]]]}},{"type":"Feature","id":"1988192543811826903200000000","properties":{"id":"1988192543811826903200000000","pnu":"1221011400101230002","purpose":"기타","structure":"벽돌구조"},"geometry":{"type":"MultiPolygon","coordinates":[[[[126.918976,35.14332],[126.91899,35.143325],[126.919003,35.143307],[126.918988,35.143301],[126.918976,35.14332]]]]}},{"type":"Feature","id":"1989192120291830375400000000","properties":{"id":"1989192120291830375400000000","pnu":"1221011600100240001","year":1989,"purpose":"제2종 근린생활시설","far":153.59,"floors":3,"structure":"철근콘크리트구조"},"geometry":{"type":"MultiPolygon","coordinates":[[[[126.914292,35.146563],[126.914464,35.14636],[126.914388,35.146319],[126.914214,35.146512],[126.914292,35.146563]]]]}},{"type":"Feature","id":"1989192201001831141600000000","properties":{"id":"1989192201001831141600000000","pnu":"1221011700100210009","year":1989,"purpose":"제2종 근린생활시설","far":210.25,"floors":3,"structure":"철근콘크리트구조"},"geometry":{"type":"MultiPolygon","coordinates":[[[[126.915099,35.147143],[126.91519,35.147228],[126.915219,35.147204],[126.915239,35.147219],[126.915311,35.147168],[126.915275,35.147125],[126.915325,35.147048],[126.91529,35.147019],[126.915099,35.147143]]]]}},{"type":"Feature","id":"1989192274221829313900000000","properties":{"id":"1989192274221829313900000000","pnu":"1221011600101220003","year":1989,"purpose":"제2종 근린생활시설","far":657.8,"floors":9,"structure":"철근콘크리트구조"},"geometry":{"type":"MultiPolygon","coordinates":[[[[126.915926,35.1455],[126.91607,35.145562],[126.916128,35.145463],[126.915989,35.145409],[126.915926,35.1455]]]]}},{"type":"Feature","id":"1989192340501827374400000000","properties":{"id":"1989192340501827374400000000","pnu":"1221011400100710000","purpose":"기타","structure":"벽돌구조"},"geometry":{"type":"MultiPolygon","coordinates":[[[[126.916759,35.143761],[126.916797,35.143732],[126.916748,35.143709],[126.916724,35.143748],[126.916759,35.143761]]]]}},{"type":"Feature","id":"1989192340961827268000000000","properties":{"id":"1989192340961827268000000000","pnu":"1221011400100710000","year":1989,"purpose":"기타","far":109.62,"floors":2,"structure":"벽돌구조"},"geometry":{"type":"MultiPolygon","coordinates":[[[[126.916789,35.143722],[126.916861,35.14364],[126.916746,35.143562],[126.916709,35.143593],[126.916695,35.143588],[126.916666,35.143625],[126.916699,35.143646],[126.916689,35.143657],[126.916716,35.143673],[126.916709,35.143679],[126.916789,35.143722]]]]}},{"type":"Feature","id":"1989192341211827855700000000","properties":{"id":"1989192341211827855700000000","pnu":"1221011400100370002","year":1989,"purpose":"제2종 근린생활시설","far":201.3,"floors":3,"structure":"철근콘크리트구조"},"geometry":{"type":"MultiPolygon","coordinates":[[[[126.916698,35.14421],[126.916802,35.14422],[126.916816,35.144172],[126.916836,35.144173],[126.916839,35.144134],[126.916714,35.144124],[126.916698,35.14421]]]]}},{"type":"Feature","id":"1989192423161831282700000000","properties":{"id":"1989192423161831282700000000","pnu":"1221012700100280000","year":1989,"purpose":"제1종 근린생활시설","far":318.3,"floors":4,"structure":"철근콘크리트구조"},"geometry":{"type":"MultiPolygon","coordinates":[[[[126.917685,35.147336],[126.917757,35.14728],[126.917636,35.147184],[126.917565,35.147238],[126.917685,35.147336]]]]}},{"type":"Feature","id":"1989192435461831565200000000","properties":{"id":"1989192435461831565200000000","pnu":"1221012700100020002","year":1989,"purpose":"제1종 근린생활시설","far":319.13,"floors":4,"structure":"철근콘크리트구조"},"geometry":{"type":"MultiPolygon","coordinates":[[[[126.917836,35.14764],[126.917947,35.147555],[126.917743,35.147389],[126.917648,35.147468],[126.917836,35.14764]]]]}},{"type":"Feature","id":"1989192481511828404900000000","properties":{"id":"1989192481511828404900000000","pnu":"1221011400100100002","year":1989,"purpose":"제2종 근린생활시설","far":200.41,"floors":3,"structure":"철근콘크리트구조"},"geometry":{"type":"MultiPolygon","coordinates":[[[[126.918228,35.144707],[126.918304,35.144735],[126.918369,35.144608],[126.918328,35.144594],[126.918283,35.144641],[126.918256,35.144694],[126.918238,35.144687],[126.918228,35.144707]]]]}},{"type":"Feature","id":"1989192501201828310500000000","properties":{"id":"1989192501201828310500000000","pnu":"1221011200101760001","year":1989,"purpose":"단독주택","far":180.67,"floors":3,"structure":"벽돌구조"},"geometry":{"type":"MultiPolygon","coordinates":[[[[126.918449,35.14461],[126.918553,35.144638],[126.918593,35.144555],[126.918486,35.144524],[126.918449,35.14461]]]]}},{"type":"Feature","id":"1990191983551830316800000000","properties":{"id":"1990191983551830316800000000","pnu":"1221011500100560003","year":1990,"purpose":"제2종 근린생활시설"},"geometry":{"type":"MultiPolygon","coordinates":[[[[126.912893,35.146471],[126.912949,35.146399],[126.912786,35.146302],[126.912724,35.14637],[126.912893,35.146471]]]]}},{"type":"Feature","id":"1990192095211829838000000000","properties":{"id":"1990192095211829838000000000","pnu":"1221011600100370002","year":1990,"purpose":"제2종 근린생활시설","far":249.46,"floors":4,"structure":"철근콘크리트구조"},"geometry":{"type":"MultiPolygon","coordinates":[[[[126.914013,35.146002],[126.914079,35.146015],[126.91414,35.145931],[126.914055,35.1459],[126.91401,35.145914],[126.914013,35.146002]]]]}},{"type":"Feature","id":"1990192110181830833000000000","properties":{"id":"1990192110181830833000000000","pnu":"1221011600100010020","year":1990,"purpose":"제2종 근린생활시설"},"geometry":{"type":"MultiPolygon","coordinates":[[[[126.914164,35.14687],[126.914225,35.146907],[126.914292,35.146823],[126.914225,35.146804],[126.914164,35.14687]]]]}},{"type":"Feature","id":"1990192112891830200200000000","properties":{"id":"1990192112891830200200000000","pnu":"1221011600100210006","year":1990,"purpose":"기타"},"geometry":{"type":"MultiPolygon","coordinates":[[[[126.914277,35.146373],[126.914354,35.146295],[126.914334,35.146281],[126.914351,35.146257],[126.914243,35.146188],[126.914147,35.146293],[126.914277,35.146373]]]]}},{"type":"Feature","id":"1990192153391828663100000000","properties":{"id":"1990192153391828663100000000","pnu":"1221011600101710000","year":1990,"purpose":"제1종 근린생활시설","far":320.19,"floors":5,"structure":"철근콘크리트구조"},"geometry":{"type":"MultiPolygon","coordinates":[[[[126.914615,35.144918],[126.914722,35.144969],[126.914787,35.144871],[126.914692,35.144826],[126.914615,35.144918]]]]}},{"type":"Feature","id":"1990192302571830728000000000","properties":{"id":"1990192302571830728000000000","pnu":"1221011700100540001","year":1990,"purpose":"제1종 근린생활시설","far":113,"floors":2,"structure":"벽돌구조"},"geometry":{"type":"MultiPolygon","coordinates":[[[[126.916319,35.146795],[126.916386,35.14675],[126.916352,35.146725],[126.916293,35.146767],[126.916319,35.146795]]]]}},{"type":"Feature","id":"1990192346891830914100000000","properties":{"id":"1990192346891830914100000000","pnu":"1221011700100690003","year":1990,"purpose":"제2종 근린생활시설","far":272.07,"floors":4,"structure":"철근콘크리트구조"},"geometry":{"type":"MultiPolygon","coordinates":[[[[126.916721,35.146951],[126.916785,35.147003],[126.916857,35.146954],[126.916868,35.146959],[126.916929,35.146908],[126.916847,35.146851],[126.916721,35.146951]]]]}},{"type":"Feature","id":"1990192361461830177400000000","properties":{"id":"1990192361461830177400000000","pnu":"1221011700100790005","year":1990,"purpose":"제1종 근린생활시설","far":329.37,"floors":4,"structure":"철근콘크리트구조"},"geometry":{"type":"MultiPolygon","coordinates":[[[[126.916956,35.146352],[126.917051,35.146343],[126.91706,35.146323],[126.917031,35.146318],[126.917022,35.146199],[126.916929,35.146155],[126.916956,35.146352]]]]}},{"type":"Feature","id":"1990192448801831546000000000","properties":{"id":"1990192448801831546000000000","pnu":"1221012700100030002","year":1990,"purpose":"제1종 근린생활시설","far":114.78,"floors":2,"structure":"철근콘크리트구조"},"geometry":{"type":"MultiPolygon","coordinates":[[[[126.917861,35.147482],[126.917911,35.147513],[126.917982,35.147547],[126.918021,35.147511],[126.917958,35.147465],[126.917942,35.14748],[126.9179,35.147446],[126.917861,35.147482]]]]}},{"type":"Feature","id":"1990192449481827160600000000","properties":{"id":"1990192449481827160600000000","pnu":"1221011400100980014","year":1990,"purpose":"제2종 근린생활시설","far":241.62,"floors":4,"structure":"철근콘크리트구조"},"geometry":{"type":"MultiPolygon","coordinates":[[[[126.917891,35.143577],[126.918014,35.143578],[126.918018,35.143512],[126.917891,35.143512],[126.917891,35.143577]]]]}},{"type":"Feature","id":"1990192449991828243900000000","properties":{"id":"1990192449991828243900000000","pnu":"1221011400100080014","year":1990,"purpose":"제2종 근린생활시설","far":278.49,"floors":4,"structure":"철근콘크리트구조"},"geometry":{"type":"MultiPolygon","coordinates":[[[[126.917964,35.144601],[126.918031,35.144477],[126.917953,35.14444],[126.917885,35.144565],[126.917964,35.144601]]]]}},{"type":"Feature","id":"1990192485521828273200000000","properties":{"id":"1990192485521828273200000000","pnu":"1221011400100110001","year":1990,"purpose":"단독주택","far":224.61,"floors":3,"structure":"철근콘크리트구조"},"geometry":{"type":"MultiPolygon","coordinates":[[[[126.918348,35.144552],[126.918349,35.144552],[126.91835,35.144552],[126.918351,35.144552],[126.918352,35.144551],[126.918352,35.144551],[126.918353,35.14455],[126.918353,35.144549],[126.918354,35.144549],[126.918354,35.144548],[126.918354,35.144547],[126.918353,35.144546],[126.918353,35.144545],[126.918352,35.144545],[126.918352,35.144544],[126.918351,35.144544],[126.91835,35.144544],[126.918349,35.144543],[126.918348,35.144543],[126.918347,35.144543],[126.918346,35.144544],[126.918345,35.144544],[126.918345,35.144544],[126.918344,35.144545],[126.918343,35.144545],[126.918343,35.144546],[126.918343,35.144547],[126.918343,35.144548],[126.918343,35.144549],[126.918343,35.144549],[126.918343,35.14455],[126.918344,35.144551],[126.918345,35.144551],[126.918345,35.144552],[126.918346,35.144552],[126.918347,35.144552],[126.918348,35.144552]]]]}},{"type":"Feature","id":"1990192488231828205400000000","properties":{"id":"1990192488231828205400000000","pnu":"1221011400100110005","year":1990,"purpose":"제2종 근린생활시설","far":227.54,"floors":3,"structure":"철근콘크리트구조"},"geometry":{"type":"MultiPolygon","coordinates":[[[[126.918406,35.144525],[126.918429,35.144477],[126.918348,35.14445],[126.918326,35.144494],[126.918406,35.144525]]]]}},{"type":"Feature","id":"1990192506201825626800000000","properties":{"id":"1990192506201825626800000000","pnu":"1221011400102010002","year":1990,"purpose":"숙박시설","far":282.36,"floors":5,"structure":"철근콘크리트구조"},"geometry":{"type":"MultiPolygon","coordinates":[[[[126.918589,35.142242],[126.918664,35.142155],[126.918567,35.142085],[126.918515,35.142126],[126.918521,35.142133],[126.918497,35.142163],[126.918529,35.142184],[126.918517,35.142196],[126.918589,35.142242]]]]}},{"type":"Feature","id":"1990192535641825591500000000","properties":{"id":"1990192535641825591500000000","pnu":"1221011400101930003","year":1990,"purpose":"제2종 근린생활시설","far":338.91,"floors":5,"structure":"철근콘크리트구조"},"geometry":{"type":"MultiPolygon","coordinates":[[[[126.918939,35.142197],[126.918993,35.142107],[126.918864,35.142065],[126.918807,35.142154],[126.918939,35.142197]]]]}},{"type":"Feature","id":"1991192159651829554400000000","properties":{"id":"1991192159651829554400000000","pnu":"1221011600101040000","year":1991,"purpose":"제2종 근린생활시설","far":79.3659,"floors":1,"structure":"철근콘크리트구조"},"geometry":{"type":"MultiPolygon","coordinates":[[[[126.914819,35.145772],[126.914877,35.145697],[126.914714,35.145633],[126.914664,35.145694],[126.914819,35.145772]]]]}},{"type":"Feature","id":"1991192197151831656300000000","properties":{"id":"1991192197151831656300000000","pnu":"1221011700100220000","year":1991,"purpose":"제2종 근린생활시설","far":287.97,"floors":5,"structure":"철근콘크리트구조"},"geometry":{"type":"MultiPolygon","coordinates":[[[[126.915172,35.147675],[126.915242,35.147672],[126.915276,35.147559],[126.915158,35.147518],[126.915063,35.14757],[126.915172,35.147675]]]]}},{"type":"Feature","id":"1991192228061829013300000000","properties":{"id":"1991192228061829013300000000","pnu":"1221011600101650000","year":1991,"purpose":"제2종 근린생활시설","far":325.43,"floors":5,"structure":"철근콘크리트구조"},"geometry":{"type":"MultiPolygon","coordinates":[[[[126.915511,35.14531],[126.915619,35.145156],[126.915532,35.145118],[126.915426,35.145266],[126.915511,35.14531]]]]}},{"type":"Feature","id":"1991192288741830089300000000","properties":{"id":"1991192288741830089300000000","pnu":"1221011700100900004","year":1991,"purpose":"제2종 근린생활시설","far":317.48,"floors":5,"structure":"철근콘크리트구조"},"geometry":{"type":"MultiPolygon","coordinates":[[[[126.916141,35.146183],[126.916138,35.146209],[126.916142,35.14621],[126.916135,35.146219],[126.91615,35.146228],[126.916143,35.146238],[126.916144,35.146243],[126.916162,35.146253],[126.916169,35.146252],[126.916254,35.146151],[126.916195,35.146119],[126.916141,35.146183]]]]}},{"type":"Feature","id":"1991192296401829973200000000","properties":{"id":"1991192296401829973200000000","pnu":"1221011700100890001","year":1991,"purpose":"제2종 근린생활시설","far":258.36,"floors":4,"structure":"철근콘크리트구조"},"geometry":{"type":"MultiPolygon","coordinates":[[[[126.91627,35.146139],[126.916344,35.146063],[126.916271,35.146018],[126.9162,35.146095],[126.91627,35.146139]]]]}},{"type":"Feature","id":"1991192337381828888900000000","properties":{"id":"1991192337381828888900000000","pnu":"1221011600101310001","year":1991,"purpose":"제2종 근린생활시설","far":321.64,"floors":5,"structure":"철근콘크리트구조"},"geometry":{"type":"MultiPolygon","coordinates":[[[[126.916666,35.145178],[126.916685,35.145147],[126.916742,35.145169],[126.916746,35.145161],[126.916764,35.145168],[126.916804,35.1451],[126.916826,35.145109],[126.916838,35.145088],[126.916816,35.145079],[126.916817,35.145078],[126.916787,35.145066],[126.916794,35.145054],[126.91675,35.145025],[126.916691,35.145029],[126.916615,35.145158],[126.916666,35.145178]]]]}},{"type":"Feature","id":"1991192358691827702400000000","properties":{"id":"1991192358691827702400000000","pnu":"1221011400100190008","year":1991,"purpose":"제2종 근린생활시설"},"geometry":{"type":"MultiPolygon","coordinates":[[[[126.916904,35.14409],[126.917003,35.144094],[126.917011,35.143976],[126.916912,35.143969],[126.916904,35.14409]]]]}},{"type":"Feature","id":"1991192418191828777100000000","properties":{"id":"1991192418191828777100000000","pnu":"1221011400100030003","year":1991,"purpose":"제2종 근린생활시설","far":77.53,"floors":2,"structure":"벽돌구조"},"geometry":{"type":"MultiPolygon","coordinates":[[[[126.917472,35.144979],[126.91771,35.145075],[126.917741,35.14502],[126.917507,35.14493],[126.917472,35.144979]]]]}},{"type":"Feature","id":"1991192422971828875400000000","properties":{"id":"1991192422971828875400000000","pnu":"1221011400100010000","year":1991,"purpose":"단독주택"},"geometry":{"type":"MultiPolygon","coordinates":[[[[126.917651,35.145096],[126.917663,35.1451],[126.917671,35.145085],[126.917661,35.145079],[126.917651,35.145096]]]]}},{"type":"Feature","id":"1991192426421828969200000000","properties":{"id":"1991192426421828969200000000","pnu":"1221011400100010000","year":1991,"purpose":"단독주택"},"geometry":{"type":"MultiPolygon","coordinates":[[[[126.917625,35.145193],[126.917739,35.145224],[126.917796,35.145178],[126.91775,35.145166],[126.91775,35.145156],[126.917692,35.145144],[126.917695,35.145126],[126.91765,35.145114],[126.917625,35.145193]]]]}},{"type":"Feature","id":"1991192469971828100800000000","properties":{"id":"1991192469971828100800000000","pnu":"1221011400100120006","year":1991,"purpose":"숙박시설","far":233.94,"floors":5,"structure":"철근콘크리트구조"},"geometry":{"type":"MultiPolygon","coordinates":[[[[126.918201,35.144489],[126.91822,35.144457],[126.918208,35.144446],[126.918273,35.144331],[126.918177,35.144291],[126.918076,35.144449],[126.918201,35.144489]]]]}},{"type":"Feature","id":"1991192476511829079900000000","properties":{"id":"1991192476511829079900000000","pnu":"1221011200101790004","year":1991,"purpose":"숙박시설"},"geometry":{"type":"MultiPolygon","coordinates":[[[[126.918108,35.145307],[126.918372,35.145346],[126.918389,35.145251],[126.918338,35.145247],[126.918338,35.145231],[126.918169,35.145203],[126.918163,35.145224],[126.918119,35.145221],[126.918108,35.145307]]]]}},{"type":"Feature","id":"1991192481051831266100000000","properties":{"id":"1991192481051831266100000000","pnu":"1221012700100080002","year":1991,"purpose":"제2종 근린생활시설","far":395.67,"floors":6,"structure":"철근콘크리트구조"},"geometry":{"type":"MultiPolygon","coordinates":[[[[126.918302,35.147327],[126.918407,35.147237],[126.918323,35.147174],[126.918284,35.14721],[126.918249,35.147184],[126.918183,35.147238],[126.918302,35.147327]]]]}},{"type":"Feature","id":"1991192530141829023500000000","properties":{"id":"1991192530141829023500000000","pnu":"1221011200101700003","purpose":"단독주택","structure":"벽돌구조"},"geometry":{"type":"MultiPolygon","coordinates":[[[[126.918828,35.145228],[126.918839,35.145233],[126.918847,35.145223],[126.918834,35.145214],[126.918828,35.145228]]]]}},{"type":"Feature","id":"1991192530871829116600000000","properties":{"id":"1991192530871829116600000000","pnu":"1221011200101700003","year":1991,"purpose":"단독주택","far":145.1,"floors":3,"structure":"벽돌구조"},"geometry":{"type":"MultiPolygon","coordinates":[[[[126.91885,35.14537],[126.918914,35.145286],[126.918847,35.145245],[126.918772,35.145331],[126.91885,35.14537]]]]}},{"type":"Feature","id":"1991192531131828401300000000","properties":{"id":"1991192531131828401300000000","pnu":"1221011200101740000","year":1991,"purpose":"제2종 근린생활시설","far":141.12,"floors":2,"structure":"벽돌구조"},"geometry":{"type":"MultiPolygon","coordinates":[[[[126.918809,35.144617],[126.918777,35.144686],[126.918829,35.144702],[126.918915,35.144683],[126.918936,35.144656],[126.918809,35.144617]]]]}},{"type":"Feature","id":"1991192543041827885200000000","properties":{"id":"1991192543041827885200000000","pnu":"1221011200101470001","year":1991,"purpose":"제2종 근린생활시설","far":63.01,"floors":1,"structure":"벽돌구조"},"geometry":{"type":"MultiPolygon","coordinates":[[[[126.919024,35.144268],[126.919076,35.144189],[126.91893,35.144134],[126.918881,35.144199],[126.919024,35.144268]]]]}},{"type":"Feature","id":"1992191945331830798700000000","properties":{"id":"1992191945331830798700000000","pnu":"1221011500100480001","year":1992,"purpose":"제1종 근린생활시설","far":90.07,"floors":3,"structure":"철근콘크리트구조"},"geometry":{"type":"MultiPolygon","coordinates":[[[[126.912426,35.146896],[126.912508,35.146799],[126.912411,35.146744],[126.912328,35.146842],[126.912426,35.146896]]]]}},{"type":"Feature","id":"1992192039171830216700000000","properties":{"id":"1992192039171830216700000000","pnu":"1221011600100430002","year":1992,"purpose":"제2종 근린생활시설","far":201.01,"floors":3,"structure":"철근콘크리트구조"},"geometry":{"type":"MultiPolygon","coordinates":[[[[126.913361,35.146307],[126.913456,35.146371],[126.913533,35.146282],[126.913447,35.146222],[126.913361,35.146307]]]]}},{"type":"Feature","id":"1992192106271831951500000000","properties":{"id":"1992192106271831951500000000","pnu":"1221011700100070001","year":1992,"purpose":"제1종 근린생활시설","far":64.96,"floors":1,"structure":"경량철골구조"},"geometry":{"type":"MultiPolygon","coordinates":[[[[126.914085,35.14785],[126.914169,35.147906],[126.914218,35.147928],[126.914277,35.147885],[126.914171,35.147786],[126.914167,35.14779],[126.914163,35.147789],[126.914085,35.14785]]]]}},{"type":"Feature","id":"1992192162171828738900000000","properties":{"id":"1992192162171828738900000000","pnu":"1221011600101700002","year":1992,"purpose":"제2종 근린생활시설","far":188.86,"floors":3,"structure":"철근콘크리트구조"},"geometry":{"type":"MultiPolygon","coordinates":[[[[126.914734,35.144974],[126.91482,35.145014],[126.914859,35.144949],[126.914785,35.144918],[126.914734,35.144974]]]]}},{"type":"Feature","id":"1992192177891830123000000000","properties":{"id":"1992192177891830123000000000","pnu":"1221011600100110002","year":1992,"purpose":"제2종 근린생활시설","far":17.14,"floors":1,"structure":"벽돌구조"},"geometry":{"type":"MultiPolygon","coordinates":[[[[126.914969,35.146296],[126.915035,35.146133],[126.915019,35.146131],[126.914952,35.146163],[126.914912,35.146273],[126.914969,35.146296]]]]}},{"type":"Feature","id":"1992192281271830144000000000","properties":{"id":"1992192281271830144000000000","pnu":"1221011700100900002","year":1992,"purpose":"제2종 근린생활시설","far":138.25,"floors":2,"structure":"벽돌구조"},"geometry":{"type":"MultiPolygon","coordinates":[[[[126.916053,35.146228],[126.916125,35.146293],[126.916153,35.146266],[126.916112,35.146228],[126.916135,35.146203],[126.916119,35.146191],[126.916125,35.146163],[126.916123,35.14616],[126.916053,35.146228]]]]}},{"type":"Feature","id":"1992192330581830018200000000","properties":{"id":"1992192330581830018200000000","pnu":"1221011700100860001","year":1992,"purpose":"제1종 근린생활시설","far":142.51,"floors":2,"structure":"일반철골구조"},"geometry":{"type":"MultiPolygon","coordinates":[[[[126.916703,35.146148],[126.916675,35.146104],[126.916638,35.146071],[126.916595,35.146084],[126.916634,35.146166],[126.916703,35.146148]]]]}},{"type":"Feature","id":"1992192388441826529100000000","properties":{"id":"1992192388441826529100000000","pnu":"1221011400101420000","year":1992,"purpose":"단독주택","far":67.05,"floors":1,"structure":"벽돌구조"},"geometry":{"type":"MultiPolygon","coordinates":[[[[126.917268,35.143009],[126.917327,35.142985],[126.917301,35.142941],[126.917242,35.142964],[126.917268,35.143009]]]]}},{"type":"Feature","id":"1992192437111825635600000000","properties":{"id":"1992192437111825635600000000","pnu":"1221011400102110016","year":1992,"purpose":"단독주택","far":182.21,"floors":3,"structure":"철근콘크리트구조"},"geometry":{"type":"MultiPolygon","coordinates":[[[[126.917842,35.142227],[126.917892,35.142168],[126.917786,35.142114],[126.917751,35.142169],[126.917842,35.142227]]]]}},{"type":"Feature","id":"1992192448031831384900000000","properties":{"id":"1992192448031831384900000000","pnu":"1221012700100040011","year":1992,"purpose":"제1종 근린생활시설"},"geometry":{"type":"MultiPolygon","coordinates":[[[[126.917946,35.147449],[126.918049,35.147372],[126.917922,35.147256],[126.917818,35.147333],[126.917946,35.147449]]]]}},{"type":"Feature","id":"1992192476351828223400000000","properties":{"id":"1992192476351828223400000000","pnu":"1221011400100120000","year":1992,"purpose":"제2종 근린생활시설","far":48.52,"floors":1,"structure":"벽돌구조"},"geometry":{"type":"MultiPolygon","coordinates":[[[[126.918195,35.144508],[126.918276,35.144539],[126.9183,35.144497],[126.918219,35.144467],[126.918195,35.144508]]]]}},{"type":"Feature","id":"1993192058641831492800000000","properties":{"id":"1993192058641831492800000000","pnu":"1221011500100390022","year":1993,"purpose":"제2종 근린생활시설","far":111.94,"floors":2,"structure":"철근콘크리트구조"},"geometry":{"type":"MultiPolygon","coordinates":[[[[126.913598,35.147457],[126.913687,35.147494],[126.913715,35.14745],[126.913717,35.147433],[126.913635,35.147399],[126.913598,35.147457]]]]}},{"type":"Feature","id":"1993192059911829394300000000","properties":{"id":"1993192059911829394300000000","pnu":"1221011600100560003","year":1993,"purpose":"제2종 근린생활시설","far":49.658287,"floors":3,"structure":"철근콘크리트구조"},"geometry":{"type":"MultiPolygon","coordinates":[[[[126.913574,35.145603],[126.913661,35.145655],[126.913751,35.145553],[126.913735,35.145537],[126.913754,35.145495],[126.91374,35.145452],[126.913705,35.145452],[126.913574,35.145603]]]]}},{"type":"Feature","id":"1993192064371831555700000000","properties":{"id":"1993192064371831555700000000","pnu":"1221011500100390022","purpose":"기타","structure":"벽돌구조"},"geometry":{"type":"MultiPolygon","coordinates":[[[[126.913718,35.147507],[126.913728,35.147508],[126.913729,35.147499],[126.913719,35.147499],[126.913718,35.147507]]]]}},{"type":"Feature","id":"1993192144821829439300000000","properties":{"id":"1993192144821829439300000000","pnu":"1221011600101030000","year":1993,"purpose":"제2종 근린생활시설","far":245.04,"floors":4,"structure":"철근콘크리트구조"},"geometry":{"type":"MultiPolygon","coordinates":[[[[126.914621,35.145659],[126.914674,35.145557],[126.914615,35.145534],[126.91454,35.145608],[126.914557,35.145635],[126.914621,35.145659]]]]}},{"type":"Feature","id":"1993192169571831154900000000","properties":{"id":"1993192169571831154900000000","pnu":"1221011700101020003","year":1993,"purpose":"제1종 근린생활시설","far":292.97,"floors":5,"structure":"철근콘크리트구조"},"geometry":{"type":"MultiPolygon","coordinates":[[[[126.914886,35.147206],[126.914949,35.147161],[126.914861,35.147076],[126.914816,35.14711],[126.914844,35.147147],[126.91483,35.147159],[126.914886,35.147206]]]]}},{"type":"Feature","id":"1993192170571831031700000000","properties":{"id":"1993192170571831031700000000","pnu":"1221011600100010027","year":1993,"purpose":"제2종 근린생활시설","far":321.33,"floors":5,"structure":"철근콘크리트구조"},"geometry":{"type":"MultiPolygon","coordinates":[[[[126.914953,35.147145],[126.915039,35.147083],[126.914954,35.147012],[126.91494,35.147019],[126.914896,35.146975],[126.914807,35.146919],[126.914744,35.146992],[126.914837,35.147057],[126.914852,35.147051],[126.914953,35.147145]]]]}},{"type":"Feature","id":"1993192194901831438300000000","properties":{"id":"1993192194901831438300000000","pnu":"1221011700100210004","year":1993,"purpose":"제1종 근린생활시설","far":60.82,"floors":1,"structure":"일반목구조"},"geometry":{"type":"MultiPolygon","coordinates":[[[[126.915157,35.147466],[126.915216,35.147417],[126.915226,35.147381],[126.915121,35.147344],[126.915082,35.147375],[126.915157,35.147466]]]]}},{"type":"Feature","id":"1993192208981828207400000000","properties":{"id":"1993192208981828207400000000","pnu":"1221011600101850002","year":1993,"purpose":"단독주택","far":178.59,"floors":3,"structure":"벽돌구조"},"geometry":{"type":"MultiPolygon","coordinates":[[[[126.91531,35.144544],[126.915375,35.144461],[126.91531,35.144435],[126.915255,35.144502],[126.91531,35.144544]]]]}},{"type":"Feature","id":"1993192234471828168100000000","properties":{"id":"1993192234471828168100000000","pnu":"1221011600101590000","year":1993,"purpose":"제2종 근린생활시설","far":222.66,"floors":4,"structure":"철근콘크리트구조"},"geometry":{"type":"MultiPolygon","coordinates":[[[[126.915491,35.144446],[126.915557,35.144486],[126.915581,35.144457],[126.915621,35.144482],[126.915613,35.14449],[126.915654,35.144516],[126.915701,35.144465],[126.915553,35.144394],[126.915547,35.144401],[126.915535,35.144394],[126.915491,35.144446]]]]}},{"type":"Feature","id":"1993192234691831323400000000","properties":{"id":"1993192234691831323400000000","pnu":"1221011700100310000","year":1993,"purpose":"제2종 근린생활시설","far":101.25,"floors":2,"structure":"기타구조"},"geometry":{"type":"MultiPolygon","coordinates":[[[[126.915486,35.147336],[126.915583,35.147383],[126.915648,35.1473],[126.915695,35.147303],[126.915701,35.14726],[126.915585,35.147213],[126.915486,35.147336]]]]}},{"type":"Feature","id":"1993192254261829058100000000","properties":{"id":"1993192254261829058100000000","pnu":"1221011600101440001","year":1993,"purpose":"제2종 근린생활시설","far":40.51,"floors":1,"structure":"블록구조"},"geometry":{"type":"MultiPolygon","coordinates":[[[[126.91589,35.14532],[126.915919,35.145247],[126.915715,35.145187],[126.915709,35.145262],[126.91589,35.14532]]]]}},{"type":"Feature","id":"1993192261481827130500000000","properties":{"id":"1993192261481827130500000000","pnu":"1221011400100510004","year":1993,"purpose":"숙박시설"},"geometry":{"type":"MultiPolygon","coordinates":[[[[126.915868,35.143645],[126.915946,35.143627],[126.91592,35.143557],[126.915977,35.14351],[126.915967,35.143427],[126.91592,35.143388],[126.915786,35.143504],[126.915868,35.143645]]]]}},{"type":"Feature","id":"1993192277091827098700000000","properties":{"id":"1993192277091827098700000000","pnu":"1221011400100570016","year":1993,"purpose":"단독주택","far":172.37,"floors":3,"structure":"벽돌구조"},"geometry":{"type":"MultiPolygon","coordinates":[[[[126.915989,35.143527],[126.916138,35.14349],[126.916124,35.143446],[126.915986,35.14349],[126.915989,35.143527]]]]}},{"type":"Feature","id":"1993192322371828500900000000","properties":{"id":"1993192322371828500900000000","pnu":"1221011400100310002","year":1993,"purpose":"제2종 근린생활시설","far":177.18,"floors":3,"structure":"철근콘크리트구조"},"geometry":{"type":"MultiPolygon","coordinates":[[[[126.916503,35.144767],[126.916555,35.1448],[126.916612,35.144732],[126.916562,35.144705],[126.916503,35.144767]]]]}},{"type":"Feature","id":"1993192332091828043000000000","properties":{"id":"1993192332091828043000000000","pnu":"1221011400100360000","purpose":"단독주택","structure":"벽돌구조"},"geometry":{"type":"MultiPolygon","coordinates":[[[[126.916657,35.144343],[126.916671,35.144344],[126.916672,35.144335],[126.916658,35.144334],[126.916657,35.144343]]]]}},{"type":"Feature","id":"1993192336451827978500000000","properties":{"id":"1993192336451827978500000000","pnu":"1221011400100360000","year":1993,"purpose":"단독주택","far":92.27,"floors":2,"structure":"벽돌구조"},"geometry":{"type":"MultiPolygon","coordinates":[[[[126.916628,35.144312],[126.916705,35.144335],[126.916717,35.144309],[126.916764,35.144323],[126.916772,35.144319],[126.916799,35.144257],[126.916795,35.14425],[126.916747,35.144236],[126.91674,35.144251],[126.916665,35.144228],[126.916628,35.144312]]]]}},{"type":"Feature","id":"1993192422841828587800000000","properties":{"id":"1993192422841828587800000000","pnu":"1221011400100070001","year":1993,"purpose":"제2종 근린생활시설","far":355.64,"floors":6,"structure":"경량철골구조"},"geometry":{"type":"MultiPolygon","coordinates":[[[[126.917544,35.144857],[126.91763,35.144891],[126.917639,35.144877],[126.917733,35.144905],[126.91778,35.144811],[126.917596,35.14475],[126.917544,35.144857]]]]}},{"type":"Feature","id":"1993192502371828953600000000","properties":{"id":"1993192502371828953600000000","pnu":"1221011200101790002","year":1993,"purpose":"제2종 근린생활시설","far":152.93,"floors":2,"structure":"철근콘크리트구조"},"geometry":{"type":"MultiPolygon","coordinates":[[[[126.91855,35.14522],[126.918585,35.145117],[126.918512,35.145104],[126.918481,35.145205],[126.91855,35.14522]]]]}},{"type":"Feature","id":"1993192505511829164600000000","properties":{"id":"1993192505511829164600000000","pnu":"1221011200101710003","year":1993,"purpose":"제2종 근린생활시설","far":126.53,"floors":2,"structure":"경량철골구조"},"geometry":{"type":"MultiPolygon","coordinates":[[[[126.9185,35.145389],[126.918594,35.145414],[126.918633,35.145313],[126.918539,35.145289],[126.9185,35.145389]]]]}},{"type":"Feature","id":"1993192511941829198100000000","properties":{"id":"1993192511941829198100000000","pnu":"1221011200101710003","year":1993,"purpose":"제2종 근린생활시설","far":126.53,"floors":2,"structure":"경량철골구조"},"geometry":{"type":"MultiPolygon","coordinates":[[[[126.918607,35.145404],[126.918641,35.145415],[126.918667,35.14536],[126.918633,35.145349],[126.918607,35.145404]]]]}},{"type":"Feature","id":"1993192514881829550000000000","properties":{"id":"1993192514881829550000000000","pnu":"1221011300100690003","year":1993,"purpose":"기타","floors":4,"structure":"철근콘크리트구조"},"geometry":{"type":"MultiPolygon","coordinates":[[[[126.918591,35.145644],[126.918563,35.145742],[126.918639,35.145756],[126.918659,35.145706],[126.918798,35.145733],[126.918813,35.14569],[126.918591,35.145644]]]]}},{"type":"Feature","id":"1993192515361829142300000000","properties":{"id":"1993192515361829142300000000","pnu":"1221011200101710003","year":1993,"purpose":"제2종 근린생활시설","far":126.53,"floors":2,"structure":"경량철골구조"},"geometry":{"type":"MultiPolygon","coordinates":[[[[126.918646,35.145334],[126.918694,35.145349],[126.918703,35.145329],[126.918656,35.145314],[126.918646,35.145334]]]]}},{"type":"Feature","id":"1993192533091826501100000000","properties":{"id":"1993192533091826501100000000","pnu":"1221011400101600001","year":1993,"purpose":"기타","far":78.48,"floors":1,"structure":"경량철골구조"},"geometry":{"type":"MultiPolygon","coordinates":[[[[126.91888,35.143022],[126.918957,35.142925],[126.918872,35.14288],[126.918783,35.142973],[126.91888,35.143022]]]]}},{"type":"Feature","id":"1994192110801831315700000000","properties":{"id":"1994192110801831315700000000","pnu":"1221011500100730004","year":1994,"purpose":"제2종 근린생활시설"},"geometry":{"type":"MultiPolygon","coordinates":[[[[126.91426,35.14734],[126.914302,35.147285],[126.91421,35.147233],[126.914163,35.147293],[126.91426,35.14734]]]]}},{"type":"Feature","id":"1994192163851831202800000000","properties":{"id":"1994192163851831202800000000","pnu":"1221011700101020001","year":1994,"purpose":"제2종 근린생활시설","far":153.33,"floors":3,"structure":"철근콘크리트구조"},"geometry":{"type":"MultiPolygon","coordinates":[[[[126.914758,35.147166],[126.914829,35.147237],[126.91487,35.147205],[126.914808,35.147137],[126.914758,35.147166]]]]}},{"type":"Feature","id":"1994192227331830125700000000","properties":{"id":"1994192227331830125700000000","pnu":"1221011600100070000","year":1994,"purpose":"제2종 근린생활시설","far":18.32,"floors":1,"structure":"블록구조"},"geometry":{"type":"MultiPolygon","coordinates":[[[[126.915505,35.146256],[126.915554,35.146191],[126.915516,35.146177],[126.915474,35.14624],[126.915505,35.146256]]]]}},{"type":"Feature","id":"1994192258751830385700000000","properties":{"id":"1994192258751830385700000000","pnu":"1221011700100910001","year":1994,"purpose":"제2종 근린생활시설","far":397.05,"floors":6,"structure":"철근콘크리트구조"},"geometry":{"type":"MultiPolygon","coordinates":[[[[126.915771,35.146461],[126.91583,35.14652],[126.915951,35.146438],[126.915871,35.146382],[126.915771,35.146461]]]]}},{"type":"Feature","id":"1994192269671827212600000000","properties":{"id":"1994192269671827212600000000","pnu":"1221011400100570014","year":1994,"purpose":"제1종 근린생활시설"},"geometry":{"type":"MultiPolygon","coordinates":[[[[126.916018,35.143613],[126.916,35.143555],[126.915942,35.143571],[126.91596,35.143622],[126.916018,35.143613]]]]}},{"type":"Feature","id":"1994192294771829386500000000","properties":{"id":"1994192294771829386500000000","pnu":"1221011600101220002","year":1994,"purpose":"제1종 근린생활시설","far":121.01,"floors":2,"structure":"철골콘크리트구조"},"geometry":{"type":"MultiPolygon","coordinates":[[[[126.916246,35.145641],[126.916344,35.145483],[126.916301,35.14546],[126.916255,35.145498],[126.916235,35.145493],[126.916165,35.145599],[126.916246,35.145641]]]]}},{"type":"Feature","id":"1994192345141830307100000000","properties":{"id":"1994192345141830307100000000","pnu":"1221011700100800000","year":1994,"purpose":"기타","far":413.23,"floors":5,"structure":"철근콘크리트구조"},"geometry":{"type":"MultiPolygon","coordinates":[[[[126.916719,35.1466],[126.916935,35.146613],[126.916965,35.146364],[126.916946,35.146363],[126.916914,35.146148],[126.916727,35.146173],[126.916707,35.146179],[126.916684,35.146189],[126.916667,35.1462],[126.916653,35.146213],[126.916642,35.146228],[126.916633,35.146245],[126.916628,35.146264],[126.916628,35.146279],[126.916628,35.146292],[126.916632,35.146305],[126.916636,35.146317],[126.916642,35.146328],[126.916653,35.146341],[126.916662,35.14635],[126.91669,35.146372],[126.916659,35.146414],[126.916652,35.14648],[126.916676,35.146481],[126.916706,35.146482],[126.916697,35.146562],[126.916719,35.1466]]]]}},{"type":"Feature","id":"1994192389461829374500000000","properties":{"id":"1994192389461829374500000000","pnu":"1221011300100880003","year":1994,"purpose":"기타"},"geometry":{"type":"MultiPolygon","coordinates":[[[[126.917421,35.145529],[126.917324,35.145507],[126.917328,35.145496],[126.917214,35.145437],[126.91715,35.145522],[126.917294,35.145609],[126.917406,35.145632],[126.917421,35.145529]]]]}},{"type":"Feature","id":"1994192424261827503800000000","properties":{"id":"1994192424261827503800000000","pnu":"1221011400100860003","purpose":"기타","structure":"벽돌구조"},"geometry":{"type":"MultiPolygon","coordinates":[[[[126.917679,35.143926],[126.917717,35.143787],[126.917678,35.143777],[126.917634,35.143919],[126.917679,35.143926]]]]}},{"type":"Feature","id":"1994192432141827508600000000","properties":{"id":"1994192432141827508600000000","pnu":"1221011400100860003","year":1994,"purpose":"단독주택","far":162.85,"floors":2,"structure":"벽돌구조"},"geometry":{"type":"MultiPolygon","coordinates":[[[[126.917697,35.143906],[126.917839,35.143903],[126.917795,35.143794],[126.917753,35.143808],[126.917715,35.143804],[126.917697,35.143906]]]]}},{"type":"Feature","id":"1994192443261825122400000000","properties":{"id":"1994192443261825122400000000","pnu":"1221011400102110007","year":1994,"purpose":"제2종 근린생활시설","far":16.41,"floors":1,"structure":"경량철골구조"},"geometry":{"type":"MultiPolygon","coordinates":[[[[126.917831,35.141698],[126.917916,35.141747],[126.917944,35.141718],[126.917858,35.141668],[126.917831,35.141698]]]]}},{"type":"Feature","id":"1994192511281825832200000000","properties":{"id":"1994192511281825832200000000","pnu":"1221011400101920004","year":1994,"purpose":"숙박시설","far":226.89,"floors":5,"structure":"철근콘크리트구조"},"geometry":{"type":"MultiPolygon","coordinates":[[[[126.91868,35.142408],[126.918717,35.142331],[126.918588,35.142287],[126.918548,35.142363],[126.91868,35.142408]]]]}},{"type":"Feature","id":"1994192517051826003400000000","properties":{"id":"1994192517051826003400000000","pnu":"1221011400101910002","year":1994,"purpose":"기타","far":66.82,"floors":1,"structure":"강파이프구조"},"geometry":{"type":"MultiPolygon","coordinates":[[[[126.918724,35.142588],[126.918804,35.14247],[126.91866,35.14242],[126.918592,35.142531],[126.918724,35.142588]]]]}},{"type":"Feature","id":"1995192026941830136900000000","properties":{"id":"1995192026941830136900000000","pnu":"1221011600100430008","year":1995,"purpose":"단독주택","far":290.33,"floors":4,"structure":"철근콘크리트구조"},"geometry":{"type":"MultiPolygon","coordinates":[[[[126.913327,35.146292],[126.913397,35.146219],[126.913302,35.146156],[126.913231,35.14623],[126.913327,35.146292]]]]}},{"type":"Feature","id":"1995192133751829323300000000","properties":{"id":"1995192133751829323300000000","pnu":"1221011600100900005","year":1995,"purpose":"제2종 근린생활시설","far":144.21,"floors":2,"structure":"철근콘크리트구조"},"geometry":{"type":"MultiPolygon","coordinates":[[[[126.914585,35.145444],[126.914523,35.145407],[126.914475,35.145436],[126.914388,35.145553],[126.914422,35.145569],[126.914481,35.145561],[126.914585,35.145444]]]]}},{"type":"Feature","id":"1995192157961831238100000000","properties":{"id":"1995192157961831238100000000","pnu":"1221011700101020000","year":1995,"purpose":"제2종 근린생활시설","far":163.86,"floors":2,"structure":"일반철골구조"},"geometry":{"type":"MultiPolygon","coordinates":[[[[126.914669,35.147212],[126.914749,35.147264],[126.914805,35.147262],[126.914832,35.147242],[126.91474,35.147154],[126.914669,35.147212]]]]}},{"type":"Feature","id":"1995192178561829897000000000","properties":{"id":"1995192178561829897000000000","pnu":"1221011600100120001","year":1995,"purpose":"제2종 근린생활시설","far":187.62,"floors":4,"structure":"철근콘크리트구조"},"geometry":{"type":"MultiPolygon","coordinates":[[[[126.914871,35.146036],[126.915011,35.146099],[126.915075,35.146018],[126.915067,35.145972],[126.914939,35.145917],[126.914871,35.146036]]]]}},{"type":"Feature","id":"1995192215981828028300000000","properties":{"id":"1995192215981828028300000000","pnu":"1221011600101860003","year":1995,"purpose":"제2종 근린생활시설","far":67.34,"floors":1,"structure":"경량철골구조"},"geometry":{"type":"MultiPolygon","coordinates":[[[[126.915307,35.144336],[126.915428,35.144381],[126.915479,35.14431],[126.915437,35.144294],[126.915431,35.144304],[126.915335,35.144267],[126.91533,35.144276],[126.915339,35.144279],[126.915307,35.144336]]]]}},{"type":"Feature","id":"1995192267221831721900000000","properties":{"id":"1995192267221831721900000000","pnu":"1221011700100410003","year":1995,"purpose":"제2종 근린생활시설","far":271.58,"floors":4,"structure":"철근콘크리트구조"},"geometry":{"type":"MultiPolygon","coordinates":[[[[126.915924,35.147568],[126.915878,35.147588],[126.915958,35.147723],[126.915989,35.147733],[126.916025,35.147723],[126.915924,35.147568]]]]}},{"type":"Feature","id":"1995192471451826744200000000","properties":{"id":"1995192471451826744200000000","pnu":"1221011400101530000","year":1995,"purpose":"단독주택"},"geometry":{"type":"MultiPolygon","coordinates":[[[[126.918235,35.1432],[126.918246,35.143164],[126.918155,35.143141],[126.918141,35.143172],[126.918235,35.1432]]]]}},{"type":"Feature","id":"1995192473211830274400000000","properties":{"id":"1995192473211830274400000000","pnu":"1221011300100780001","year":1995,"purpose":"제2종 근린생활시설","far":425.9,"floors":9,"structure":"철근콘크리트구조"},"geometry":{"type":"MultiPolygon","coordinates":[[[[126.918053,35.146408],[126.918266,35.146509],[126.918287,35.146482],[126.918242,35.14646],[126.91825,35.146449],[126.918268,35.146456],[126.918307,35.146408],[126.918297,35.1464],[126.918331,35.146354],[126.918305,35.146342],[126.918328,35.146311],[126.918305,35.1463],[126.918315,35.146286],[126.918284,35.146272],[126.918322,35.14622],[126.918249,35.146188],[126.918215,35.146238],[126.918184,35.146224],[126.918053,35.146408]]]]}},{"type":"Feature","id":"1995192479041826893500000000","properties":{"id":"1995192479041826893500000000","pnu":"1221011400101530000","year":1995,"purpose":"단독주택"},"geometry":{"type":"MultiPolygon","coordinates":[[[[126.918291,35.143356],[126.918334,35.143278],[126.918266,35.143253],[126.918223,35.143329],[126.918291,35.143356]]]]}},{"type":"Feature","id":"1995192526701823811800000000","properties":{"id":"1995192526701823811800000000","pnu":"1221012200100950008","year":1995,"purpose":"기타","far":346.42,"floors":5,"structure":"철근콘크리트구조"},"geometry":{"type":"MultiPolygon","coordinates":[[[[126.91888,35.14062],[126.918937,35.140555],[126.918725,35.140427],[126.918688,35.140473],[126.918713,35.140533],[126.91888,35.14062]]]]}},{"type":"Feature","id":"1995192527371825703000000000","properties":{"id":"1995192527371825703000000000","pnu":"1221011400101920005","year":1995,"purpose":"제2종 근린생활시설","far":344.8747,"floors":5,"structure":"철근콘크리트구조"},"geometry":{"type":"MultiPolygon","coordinates":[[[[126.918891,35.142318],[126.918936,35.142207],[126.918769,35.142157],[126.91876,35.142167],[126.91872,35.142157],[126.918678,35.142249],[126.918891,35.142318]]]]}},{"type":"Feature","id":"1996192003751831253800000000","properties":{"id":"1996192003751831253800000000","pnu":"1221011500100390014","year":1996,"purpose":"기타"},"geometry":{"type":"MultiPolygon","coordinates":[[[[126.913045,35.147228],[126.913065,35.147241],[126.913072,35.147234],[126.913051,35.14722],[126.913045,35.147228]]]]}},{"type":"Feature","id":"1996192012681831306700000000","properties":{"id":"1996192012681831306700000000","pnu":"1221011500100390014","purpose":"기타","structure":"경량철골구조"},"geometry":{"type":"MultiPolygon","coordinates":[[[[126.913132,35.147284],[126.913157,35.1473],[126.913181,35.147272],[126.913155,35.147257],[126.913132,35.147284]]]]}},{"type":"Feature","id":"1996192013291831223000000000","properties":{"id":"1996192013291831223000000000","pnu":"1221011500100390014","year":1996,"purpose":"기타","far":31.64,"floors":4,"structure":"일반철골구조"},"geometry":{"type":"MultiPolygon","coordinates":[[[[126.913095,35.147242],[126.913146,35.147265],[126.913232,35.14717],[126.913178,35.147139],[126.913095,35.147242]]]]}},{"type":"Feature","id":"1996192080041830404800000000","properties":{"id":"1996192080041830404800000000","pnu":"1221011600100330004","year":1996,"purpose":"제2종 근린생활시설","far":148.53,"floors":2,"structure":"일반철골구조"},"geometry":{"type":"MultiPolygon","coordinates":[[[[126.913924,35.146523],[126.913967,35.146453],[126.913898,35.146424],[126.913834,35.146437],[126.91382,35.146462],[126.913924,35.146523]]]]}},{"type":"Feature","id":"1996192219141830090300000000","properties":{"id":"1996192219141830090300000000","pnu":"1221011600100080002","year":1996,"purpose":"제2종 근린생활시설","far":248.45,"floors":3,"structure":"철근콘크리트구조"},"geometry":{"type":"MultiPolygon","coordinates":[[[[126.915339,35.146191],[126.915461,35.146249],[126.91551,35.146178],[126.915383,35.146117],[126.915339,35.146191]]]]}},{"type":"Feature","id":"1996192271741828316900000000","properties":{"id":"1996192271741828316900000000","pnu":"1221011600101510001","year":1996,"purpose":"제2종 근린생활시설","far":24.25,"floors":2,"structure":"경량철골구조"},"geometry":{"type":"MultiPolygon","coordinates":[[[[126.915968,35.144528],[126.915922,35.144573],[126.916038,35.144643],[126.916083,35.1446],[126.915968,35.144528]]]]}},{"type":"Feature","id":"1996192425481831170000000000","properties":{"id":"1996192425481831170000000000","pnu":"1221012700100270000","year":1996,"purpose":"제1종 근린생활시설","far":343.63,"floors":5,"structure":"철근콘크리트구조"},"geometry":{"type":"MultiPolygon","coordinates":[[[[126.917515,35.147193],[126.917537,35.147212],[126.917615,35.147151],[126.917758,35.147273],[126.917842,35.147207],[126.917641,35.147035],[126.917515,35.147193]]]]}},{"type":"Feature","id":"1996192463061828221100000000","properties":{"id":"1996192463061828221100000000","pnu":"1221011400100080013","year":1996,"purpose":"숙박시설"},"geometry":{"type":"MultiPolygon","coordinates":[[[[126.918112,35.144537],[126.918141,35.144484],[126.91809,35.144466],[126.918063,35.144515],[126.918112,35.144537]]]]}},{"type":"Feature","id":"1996192498761830950600000000","properties":{"id":"1996192498761830950600000000","pnu":"1221012700100090001","year":1996,"purpose":"제2종 근린생활시설","far":287.81,"floors":4,"structure":"철근콘크리트구조"},"geometry":{"type":"MultiPolygon","coordinates":[[[[126.918442,35.146849],[126.918395,35.146887],[126.918411,35.146896],[126.918342,35.146952],[126.918452,35.147045],[126.918492,35.147012],[126.918574,35.147058],[126.918646,35.147001],[126.918609,35.14696],[126.918541,35.146908],[126.918442,35.146849]]]]}},{"type":"Feature","id":"1996192517641824540800000000","properties":{"id":"1996192517641824540800000000","pnu":"1221012200101650033","year":1996,"purpose":"숙박시설","far":254.6,"floors":5,"structure":"철근콘크리트구조"},"geometry":{"type":"MultiPolygon","coordinates":[[[[126.918607,35.141213],[126.918717,35.141269],[126.918801,35.141154],[126.918692,35.141099],[126.918607,35.141213]]]]}},{"type":"Feature","id":"1996192534071829614000000000","properties":{"id":"1996192534071829614000000000","pnu":"1221011300100690001","year":1996,"purpose":"제2종 근린생활시설","far":505.08,"floors":7,"structure":"철근콘크리트구조"},"geometry":{"type":"MultiPolygon","coordinates":[[[[126.918826,35.145696],[126.918794,35.145784],[126.91893,35.145817],[126.918961,35.145756],[126.918954,35.145726],[126.918826,35.145696]]]]}},{"type":"Feature","id":"1997192014771831601500000000","properties":{"id":"1997192014771831601500000000","pnu":"1221011500100390010","year":1997,"purpose":"기타","far":117.22,"floors":2,"structure":"철근콘크리트구조"},"geometry":{"type":"MultiPolygon","coordinates":[[[[126.913265,35.147539],[126.913131,35.147484],[126.91309,35.147545],[126.913228,35.147607],[126.913265,35.147539]]]]}},{"type":"Feature","id":"1997192091211830984700000000","properties":{"id":"1997192091211830984700000000","pnu":"1221011500100750000","year":1997,"purpose":"기타"},"geometry":{"type":"MultiPolygon","coordinates":[[[[126.914251,35.147019],[126.913929,35.146796],[126.913828,35.146901],[126.913842,35.146912],[126.913829,35.146936],[126.91387,35.146969],[126.913854,35.146999],[126.913922,35.147049],[126.913897,35.14708],[126.914013,35.147155],[126.91404,35.14713],[126.914048,35.147133],[126.914073,35.147111],[126.914123,35.147144],[126.914251,35.147019]]]]}},{"type":"Feature","id":"1997192207971828966500000000","properties":{"id":"1997192207971828966500000000","pnu":"1221011600101660001","year":1997,"purpose":"제2종 근린생활시설"},"geometry":{"type":"MultiPolygon","coordinates":[[[[126.915393,35.145256],[126.915441,35.145177],[126.915212,35.145085],[126.915162,35.145164],[126.915393,35.145256]]]]}},{"type":"Feature","id":"1997192239041830238000000000","properties":{"id":"1997192239041830238000000000","pnu":"1221011600100060000","year":1997,"purpose":"제2종 근린생활시설"},"geometry":{"type":"MultiPolygon","coordinates":[[[[126.915548,35.146344],[126.915638,35.146396],[126.915739,35.146288],[126.915637,35.146241],[126.915548,35.146344]]]]}},{"type":"Feature","id":"1997192313451831094700000000","properties":{"id":"1997192313451831094700000000","pnu":"1221011700100460001","year":1997,"purpose":"제2종 근린생활시설","far":281.61981,"floors":4,"structure":"일반철골구조"},"geometry":{"type":"MultiPolygon","coordinates":[[[[126.916365,35.147218],[126.916599,35.147017],[126.916561,35.146992],[126.916575,35.146984],[126.916545,35.146957],[126.916309,35.147179],[126.916365,35.147218]]]]}},{"type":"Feature","id":"1997192349121828999300000000","properties":{"id":"1997192349121828999300000000","pnu":"1221011600101290000","year":1997,"purpose":"제2종 근린생활시설","far":448.1,"floors":7,"structure":"철근콘크리트구조"},"geometry":{"type":"MultiPolygon","coordinates":[[[[126.916999,35.145191],[126.916845,35.145092],[126.916754,35.145182],[126.916719,35.145174],[126.916703,35.145228],[126.91688,35.145301],[126.916999,35.145191]]]]}},{"type":"Feature","id":"1997192378481830807500000000","properties":{"id":"1997192378481830807500000000","pnu":"1221011700100740000","year":1997,"purpose":"제2종 근린생활시설","far":311.5107,"floors":6,"structure":"철근콘크리트구조"},"geometry":{"type":"MultiPolygon","coordinates":[[[[126.91706,35.146864],[126.917084,35.14688],[126.917107,35.14689],[126.917126,35.146893],[126.917141,35.146904],[126.917149,35.146908],[126.917169,35.146913],[126.917207,35.146921],[126.917288,35.146797],[126.917134,35.146737],[126.91706,35.146864]]]]}},{"type":"Feature","id":"1997192401591831535000000000","properties":{"id":"1997192401591831535000000000","pnu":"1221012700100310001","year":1997,"purpose":"제1종 근린생활시설","far":152.74,"floors":2,"structure":"일반철골구조"},"geometry":{"type":"MultiPolygon","coordinates":[[[[126.917356,35.147481],[126.917432,35.147544],[126.917491,35.147493],[126.91742,35.147431],[126.917356,35.147481]]]]}},{"type":"Feature","id":"1997192408011829809300000000","properties":{"id":"1997192408011829809300000000","pnu":"1221011300100650001","year":1997,"purpose":"제2종 근린생활시설","far":281.43,"floors":4,"structure":"철근콘크리트구조"},"geometry":{"type":"MultiPolygon","coordinates":[[[[126.917397,35.146017],[126.917391,35.146046],[126.91747,35.146071],[126.917483,35.146044],[126.917523,35.145988],[126.917598,35.146021],[126.917629,35.145969],[126.917607,35.145933],[126.917608,35.145927],[126.917595,35.145924],[126.917597,35.145913],[126.917594,35.145905],[126.917576,35.145873],[126.917573,35.145872],[126.917574,35.145864],[126.917584,35.145849],[126.917549,35.145829],[126.917538,35.145855],[126.917528,35.145854],[126.917527,35.145852],[126.917534,35.14584],[126.917537,35.145826],[126.917528,35.145814],[126.917515,35.145812],[126.917515,35.145809],[126.917441,35.145785],[126.917392,35.146015],[126.917397,35.146017]]]]}},{"type":"Feature","id":"1997192424591829863100000000","properties":{"id":"1997192424591829863100000000","pnu":"1221011300100650001","year":1997,"purpose":"제2종 근린생활시설","far":281.43,"floors":4,"structure":"철근콘크리트구조"},"geometry":{"type":"MultiPolygon","coordinates":[[[[126.917627,35.14603],[126.917711,35.146052],[126.917716,35.146038],[126.917729,35.146041],[126.917724,35.145962],[126.917726,35.145956],[126.917729,35.14595],[126.917731,35.145944],[126.917729,35.14594],[126.917726,35.145936],[126.917722,35.145935],[126.917618,35.145906],[126.91761,35.145927],[126.917627,35.145932],[126.917645,35.145979],[126.917627,35.14603]]]]}},{"type":"Feature","id":"1997192473331828308000000000","properties":{"id":"1997192473331828308000000000","pnu":"1221011400100080010","year":1997,"purpose":"기타","far":152.9,"floors":2,"structure":"철근콘크리트구조"},"geometry":{"type":"MultiPolygon","coordinates":[[[[126.918119,35.144591],[126.918274,35.144628],[126.918309,35.144583],[126.918189,35.144524],[126.918178,35.144538],[126.918164,35.144531],[126.918119,35.144591]]]]}},{"type":"Feature","id":"1997192486261825950500000000","properties":{"id":"1997192486261825950500000000","pnu":"1221011400102020003","year":1997,"purpose":"제1종 근린생활시설","far":50.04,"floors":1,"structure":"벽돌구조"},"geometry":{"type":"MultiPolygon","coordinates":[[[[126.918399,35.142517],[126.918442,35.142441],[126.918319,35.142397],[126.918269,35.142457],[126.918399,35.142517]]]]}},{"type":"Feature","id":"1997192497661825263800000000","properties":{"id":"1997192497661825263800000000","pnu":"1221011400102000002","year":1997,"purpose":"제1종 근린생활시설","far":142.84,"floors":2,"structure":"철근콘크리트구조"},"geometry":{"type":"MultiPolygon","coordinates":[[[[126.918403,35.141875],[126.918478,35.141898],[126.918517,35.141848],[126.918573,35.141804],[126.918486,35.141774],[126.918403,35.141875]]]]}},{"type":"Feature","id":"1997192505811828824000000000","properties":{"id":"1997192505811828824000000000","pnu":"1221011200101790007","year":1997,"purpose":"제2종 근린생활시설","far":166.7,"floors":3,"structure":"철근콘크리트구조"},"geometry":{"type":"MultiPolygon","coordinates":[[[[126.918591,35.145111],[126.918639,35.14501],[126.918572,35.144974],[126.918547,35.14501],[126.918526,35.14501],[126.918514,35.145019],[126.918508,35.145056],[126.918519,35.145059],[126.91851,35.145089],[126.918591,35.145111]]]]}},{"type":"Feature","id":"1997192536041826723800000000","properties":{"id":"1997192536041826723800000000","pnu":"1221011400101240002","year":1997,"purpose":"제2종 근린생활시설","far":193.25,"floors":3,"structure":"철근콘크리트구조"},"geometry":{"type":"MultiPolygon","coordinates":[[[[126.918878,35.143101],[126.918845,35.143158],[126.918935,35.143198],[126.918961,35.143167],[126.918945,35.143156],[126.918951,35.143141],[126.918878,35.143101]]]]}},{"type":"Feature","id":"1997192537651828340300000000","properties":{"id":"1997192537651828340300000000","pnu":"1221011200101740001","year":1997,"purpose":"제1종 근린생활시설","far":129.01,"floors":2,"structure":"철근콘크리트구조"},"geometry":{"type":"MultiPolygon","coordinates":[[[[126.918874,35.144626],[126.918935,35.144648],[126.918956,35.144612],[126.918928,35.144556],[126.918874,35.144626]]]]}},{"type":"Feature","id":"1997192541121828868900000000","properties":{"id":"1997192541121828868900000000","pnu":"1221011200101680008","year":1997,"purpose":"단독주택","far":240.32,"floors":3,"structure":"철근콘크리트구조"},"geometry":{"type":"MultiPolygon","coordinates":[[[[126.918976,35.145159],[126.919032,35.14505],[126.91893,35.145015],[126.918889,35.145119],[126.918976,35.145159]]]]}},{"type":"Feature","id":"1998191885791831846700000000","properties":{"id":"1998191885791831846700000000","pnu":"1221011500100230002","year":1998,"purpose":"숙박시설","far":799.1399,"floors":13,"structure":"철골철근콘크리트구조"},"geometry":{"type":"MultiPolygon","coordinates":[[[[126.911538,35.147789],[126.911847,35.147944],[126.911852,35.147928],[126.911867,35.14793],[126.911906,35.147802],[126.911923,35.14778],[126.911994,35.14782],[126.912037,35.147768],[126.911929,35.147704],[126.911916,35.147718],[126.911831,35.147663],[126.911822,35.14767],[126.911678,35.147587],[126.911539,35.147751],[126.91156,35.147764],[126.911538,35.147789]]]]}},{"type":"Feature","id":"1998192132611829933900000000","properties":{"id":"1998192132611829933900000000","pnu":"1221011600100170000","year":1998,"purpose":"제2종 근린생활시설"},"geometry":{"type":"MultiPolygon","coordinates":[[[[126.914392,35.146063],[126.914516,35.146103],[126.914556,35.146017],[126.914468,35.145993],[126.914467,35.145998],[126.914424,35.145987],[126.914392,35.146063]]]]}},{"type":"Feature","id":"1998192140701830052000000000","properties":{"id":"1998192140701830052000000000","pnu":"1221011600100170000","year":1998,"purpose":"제2종 근린생활시설"},"geometry":{"type":"MultiPolygon","coordinates":[[[[126.914599,35.146193],[126.914622,35.146142],[126.914521,35.14611],[126.914497,35.146143],[126.914599,35.146193]]]]}},{"type":"Feature","id":"1998192151441829989700000000","properties":{"id":"1998192151441829989700000000","pnu":"1221011600100170000","year":1998,"purpose":"제2종 근린생활시설"},"geometry":{"type":"MultiPolygon","coordinates":[[[[126.914532,35.146108],[126.914783,35.146186],[126.914832,35.146078],[126.914575,35.145998],[126.914532,35.146108]]]]}},{"type":"Feature","id":"1998192246281827238300000000","properties":{"id":"1998192246281827238300000000","pnu":"1221011400100500000","year":1998,"purpose":"제1종 근린생활시설","far":199.01,"floors":3,"structure":"철근콘크리트구조"},"geometry":{"type":"MultiPolygon","coordinates":[[[[126.915777,35.143648],[126.915744,35.143556],[126.915675,35.143598],[126.915683,35.143651],[126.915777,35.143648]]]]}},{"type":"Feature","id":"1998192256001827378100000000","properties":{"id":"1998192256001827378100000000","pnu":"1221011400100450000","year":1998,"purpose":"단독주택","floors":2,"structure":"철근콘크리트구조"},"geometry":{"type":"MultiPolygon","coordinates":[[[[126.915798,35.143772],[126.915868,35.143768],[126.915863,35.143707],[126.915793,35.14371],[126.915798,35.143772]]]]}},{"type":"Feature","id":"1998192307451826669800000000","properties":{"id":"1998192307451826669800000000","pnu":"1221011400100540001","year":1998,"purpose":"기타","far":397.31,"floors":5,"structure":"철근콘크리트구조"},"geometry":{"type":"MultiPolygon","coordinates":[[[[126.916261,35.143125],[126.916345,35.143198],[126.916435,35.143165],[126.916531,35.143084],[126.916416,35.142993],[126.916261,35.143125]]]]}},{"type":"Feature","id":"1998192325611827646500000000","properties":{"id":"1998192325611827646500000000","pnu":"1221011400100380000","year":1998,"purpose":"제2종 근린생활시설","far":80.55,"floors":1,"structure":"경량철골구조"},"geometry":{"type":"MultiPolygon","coordinates":[[[[126.916539,35.143934],[126.916571,35.144014],[126.916635,35.144038],[126.916636,35.143975],[126.916602,35.14394],[126.916539,35.143934]]]]}},{"type":"Feature","id":"1998192331791830793800000000","properties":{"id":"1998192331791830793800000000","pnu":"1221011700100650001","year":1998,"purpose":"제2종 근린생활시설","far":146.18,"floors":2,"structure":"철근콘크리트구조"},"geometry":{"type":"MultiPolygon","coordinates":[[[[126.916588,35.14683],[126.916638,35.146873],[126.91673,35.146803],[126.916689,35.146767],[126.916664,35.146785],[126.916657,35.146779],[126.916588,35.14683]]]]}},{"type":"Feature","id":"1998192336091830841100000000","properties":{"id":"1998192336091830841100000000","pnu":"1221011700100650000","year":1998,"purpose":"제1종 근린생활시설","far":159.91,"floors":3,"structure":"철골콘크리트구조"},"geometry":{"type":"MultiPolygon","coordinates":[[[[126.916636,35.146876],[126.916684,35.14692],[126.916738,35.146879],[126.916771,35.146835],[126.916734,35.146802],[126.916636,35.146876]]]]}},{"type":"Feature","id":"1998192466421831968600000000","properties":{"id":"1998192466421831968600000000","pnu":"1221013100100190004","year":1998,"purpose":"기타","far":185.3618,"floors":3,"structure":"철근콘크리트구조"},"geometry":{"type":"MultiPolygon","coordinates":[[[[126.918108,35.148018],[126.918304,35.147879],[126.918169,35.147741],[126.917964,35.147873],[126.918108,35.148018]]]]}},{"type":"Feature","id":"1998192480841831996800000000","properties":{"id":"1998192480841831996800000000","pnu":"1221013100100190004","year":1998,"purpose":"기타","far":185.3618,"floors":3,"structure":"철근콘크리트구조"},"geometry":{"type":"MultiPolygon","coordinates":[[[[126.918194,35.148095],[126.918468,35.147916],[126.918246,35.147686],[126.918175,35.147733],[126.918325,35.147886],[126.918127,35.148028],[126.918194,35.148095]]]]}},{"type":"Feature","id":"1998192512081829060400000000","properties":{"id":"1998192512081829060400000000","pnu":"1221011200101710005","year":1998,"purpose":"제2종 근린생활시설","far":296.67,"floors":4,"structure":"철근콘크리트구조"},"geometry":{"type":"MultiPolygon","coordinates":[[[[126.918743,35.145248],[126.918579,35.145202],[126.918537,35.145279],[126.918586,35.145292],[126.918593,35.14528],[126.918712,35.145309],[126.918743,35.145248]]]]}},{"type":"Feature","id":"1998192518191829382800000000","properties":{"id":"1998192518191829382800000000","pnu":"1221011300100570000","year":1998,"purpose":"제2종 근린생활시설","far":264.94,"floors":3,"structure":"일반철골구조"},"geometry":{"type":"MultiPolygon","coordinates":[[[[126.918718,35.145594],[126.918747,35.145511],[126.918712,35.145505],[126.918682,35.145523],[126.918666,35.145557],[126.918686,35.14559],[126.918718,35.145594]]]]}},{"type":"Feature","id":"1998192522681828339500000000","properties":{"id":"1998192522681828339500000000","pnu":"1221011200101750002","year":1998,"purpose":"단독주택","far":138.16,"floors":2,"structure":"철근콘크리트구조"},"geometry":{"type":"MultiPolygon","coordinates":[[[[126.918774,35.144661],[126.918818,35.144581],[126.91874,35.144555],[126.918693,35.144634],[126.918774,35.144661]]]]}},{"type":"Feature","id":"1998192527561829253500000000","properties":{"id":"1998192527561829253500000000","pnu":"1221011200101690002","year":1998,"purpose":"제2종 근린생활시설"},"geometry":{"type":"MultiPolygon","coordinates":[[[[126.918856,35.145498],[126.918882,35.14543],[126.918844,35.145418],[126.918845,35.145412],[126.918818,35.145403],[126.918833,35.145372],[126.918783,35.145357],[126.918746,35.145417],[126.918756,35.145466],[126.918856,35.145498]]]]}},{"type":"Feature","id":"1998192544711828696300000000","properties":{"id":"1998192544711828696300000000","pnu":"1221011200101680009","year":1998,"purpose":"제2종 근린생활시설","far":243.49,"floors":3,"structure":"철근콘크리트구조"},"geometry":{"type":"MultiPolygon","coordinates":[[[[126.918941,35.145006],[126.918987,35.145017],[126.919038,35.144936],[126.919044,35.144854],[126.918994,35.144841],[126.918941,35.145006]]]]}},{"type":"Feature","id":"1999191917011831922400000000","properties":{"id":"1999191917011831922400000000","pnu":"1221011500100310023","year":1999,"purpose":"제2종 근린생활시설","far":151.52,"floors":2,"structure":"철근콘크리트구조"},"geometry":{"type":"MultiPolygon","coordinates":[[[[126.912207,35.147825],[126.912076,35.147754],[126.912003,35.14784],[126.91214,35.147911],[126.912207,35.147825]]]]}},{"type":"Feature","id":"1999191990161830422500000000","properties":{"id":"1999191990161830422500000000","pnu":"1221011500100550000","year":1999,"purpose":"기타"},"geometry":{"type":"MultiPolygon","coordinates":[[[[126.91291,35.146486],[126.912911,35.146486],[126.912912,35.146485],[126.912913,35.146485],[126.912914,35.146485],[126.912914,35.146484],[126.912915,35.146483],[126.912915,35.146483],[126.912916,35.146482],[126.912916,35.146481],[126.912916,35.14648],[126.912915,35.14648],[126.912915,35.146479],[126.912914,35.146478],[126.912914,35.146478],[126.912913,35.146477],[126.912912,35.146477],[126.912911,35.146477],[126.91291,35.146477],[126.912909,35.146477],[126.912908,35.146477],[126.912907,35.146477],[126.912907,35.146478],[126.912906,35.146478],[126.912905,35.146479],[126.912905,35.14648],[126.912905,35.14648],[126.912905,35.146481],[126.912905,35.146482],[126.912905,35.146483],[126.912905,35.146483],[126.912906,35.146484],[126.912907,35.146485],[126.912907,35.146485],[126.912908,35.146485],[126.912909,35.146486],[126.91291,35.146486]]]]}},{"type":"Feature","id":"1999192047801830103100000000","properties":{"id":"1999192047801830103100000000","pnu":"1221011600100430006","year":1999,"purpose":"제2종 근린생활시설"},"geometry":{"type":"MultiPolygon","coordinates":[[[[126.913459,35.14622],[126.913542,35.146267],[126.913626,35.146165],[126.913548,35.146121],[126.913459,35.14622]]]]}},{"type":"Feature","id":"1999192120591830898000000000","properties":{"id":"1999192120591830898000000000","pnu":"1221011600100010030","year":1999,"purpose":"제2종 근린생활시설","far":174.36,"floors":3,"structure":"일반철골구조"},"geometry":{"type":"MultiPolygon","coordinates":[[[[126.914349,35.146988],[126.914433,35.146878],[126.914367,35.146843],[126.914339,35.146888],[126.914278,35.146869],[126.914243,35.146907],[126.914349,35.146988]]]]}},{"type":"Feature","id":"1999192165891830140300000000","properties":{"id":"1999192165891830140300000000","pnu":"1221011600100110002","year":1999,"purpose":"제2종 근린생활시설","far":85.24,"floors":2,"structure":"철근콘크리트구조"},"geometry":{"type":"MultiPolygon","coordinates":[[[[126.914819,35.146137],[126.914746,35.146265],[126.914869,35.146325],[126.914915,35.146217],[126.914896,35.146211],[126.914914,35.146163],[126.914819,35.146137]]]]}},{"type":"Feature","id":"1999192187691830242200000000","properties":{"id":"1999192187691830242200000000","pnu":"1221011600100110005","year":1999,"purpose":"기타"},"geometry":{"type":"MultiPolygon","coordinates":[[[[126.914973,35.146366],[126.914977,35.146369],[126.914975,35.146373],[126.914981,35.146376],[126.914978,35.146379],[126.914984,35.146382],[126.91498,35.146386],[126.914986,35.146389],[126.914987,35.146388],[126.915025,35.146406],[126.915023,35.146408],[126.915027,35.14641],[126.915055,35.146372],[126.915084,35.146387],[126.915091,35.146376],[126.915109,35.146385],[126.915111,35.14638],[126.915131,35.14639],[126.915174,35.146332],[126.915154,35.146322],[126.915169,35.146303],[126.915153,35.146295],[126.915173,35.146268],[126.915095,35.146227],[126.915075,35.146254],[126.915049,35.146242],[126.915003,35.146304],[126.91501,35.146306],[126.914986,35.146338],[126.914992,35.146341],[126.914973,35.146366]]]]}},{"type":"Feature","id":"1999192195571830379100000000","properties":{"id":"1999192195571830379100000000","pnu":"1221011600100020003","year":1999,"purpose":"제2종 근린생활시설"},"geometry":{"type":"MultiPolygon","coordinates":[[[[126.915204,35.146492],[126.915235,35.146445],[126.915143,35.146408],[126.915138,35.146413],[126.915111,35.146401],[126.915091,35.146434],[126.915204,35.146492]]]]}},{"type":"Feature","id":"1999192230661830583800000000","properties":{"id":"1999192230661830583800000000","pnu":"1221011700100970002","year":1999,"purpose":"제1종 근린생활시설","far":301.42,"floors":4,"structure":"철근콘크리트구조"},"geometry":{"type":"MultiPolygon","coordinates":[[[[126.915429,35.146615],[126.915598,35.146692],[126.915647,35.146689],[126.91568,35.146666],[126.915641,35.146629],[126.915506,35.14657],[126.915453,35.146556],[126.915429,35.146615]]]]}},{"type":"Feature","id":"1999192313681832094100000000","properties":{"id":"1999192313681832094100000000","pnu":"1221012800100200002","year":1999,"purpose":"제1종 근린생활시설","far":277.18,"floors":4,"structure":"일반철골구조"},"geometry":{"type":"MultiPolygon","coordinates":[[[[126.916615,35.148011],[126.916488,35.147861],[126.916304,35.14797],[126.916427,35.148119],[126.916615,35.148011]]]]}},{"type":"Feature","id":"1999192330591829554800000000","properties":{"id":"1999192330591829554800000000","pnu":"1221011300100920000","year":1999,"purpose":"제2종 근린생활시설","far":402.12,"floors":6,"structure":"철근콘크리트구조"},"geometry":{"type":"MultiPolygon","coordinates":[[[[126.916617,35.145794],[126.916759,35.145656],[126.916678,35.145606],[126.916532,35.145755],[126.916617,35.145794]]]]}},{"type":"Feature","id":"1999192340641827517400000000","properties":{"id":"1999192340641827517400000000","pnu":"1221011400100810000","year":1999,"purpose":"제2종 근린생활시설","far":24.18,"floors":1,"structure":"벽돌구조"},"geometry":{"type":"MultiPolygon","coordinates":[[[[126.916799,35.143897],[126.916809,35.143844],[126.916717,35.143835],[126.916709,35.143886],[126.916799,35.143897]]]]}},{"type":"Feature","id":"1999192402161825727600000000","properties":{"id":"1999192402161825727600000000","pnu":"1221011400102110010","year":1999,"purpose":"기타","far":999.65,"floors":19,"structure":"일반철골구조"},"geometry":{"type":"MultiPolygon","coordinates":[[[[126.917496,35.141959],[126.917166,35.142331],[126.917159,35.142343],[126.917165,35.142378],[126.917175,35.142388],[126.917183,35.142393],[126.917202,35.142402],[126.917401,35.142461],[126.917409,35.142453],[126.917415,35.142455],[126.917455,35.142477],[126.917577,35.142413],[126.917682,35.142285],[126.917532,35.142193],[126.91765,35.142046],[126.917496,35.141959]]]]}},{"type":"Feature","id":"1999192408111828411900000000","properties":{"id":"1999192408111828411900000000","pnu":"1221011400100210002","year":1999,"purpose":"제1종 근린생활시설","far":158.85,"floors":2,"structure":"철근콘크리트구조"},"geometry":{"type":"MultiPolygon","coordinates":[[[[126.917519,35.144716],[126.917555,35.144656],[126.91749,35.14463],[126.917458,35.144659],[126.917436,35.144683],[126.917519,35.144716]]]]}},{"type":"Feature","id":"1999192415681829365500000000","properties":{"id":"1999192415681829365500000000","pnu":"1221011300101000021","year":1999,"purpose":"제2종 근린생활시설","floors":7,"structure":"일반철골구조"},"geometry":{"type":"MultiPolygon","coordinates":[[[[126.917634,35.145656],[126.91768,35.145445],[126.917582,35.145418],[126.917563,35.145407],[126.91755,35.145406],[126.917543,35.145408],[126.917533,35.145412],[126.917527,35.145418],[126.917524,35.145428],[126.917524,35.145442],[126.917494,35.145564],[126.917488,35.145572],[126.917481,35.145593],[126.917482,35.1456],[126.917484,35.145612],[126.917491,35.145623],[126.917634,35.145656]]]]}},{"type":"Feature","id":"1999192421881829114300000000","properties":{"id":"1999192421881829114300000000","pnu":"1221011300100600002","year":1999,"purpose":"제1종 근린생활시설","far":413.7,"floors":5,"structure":"철근콘크리트구조"},"geometry":{"type":"MultiPolygon","coordinates":[[[[126.917512,35.145322],[126.91775,35.145384],[126.917783,35.145287],[126.91755,35.145228],[126.917512,35.145322]]]]}},{"type":"Feature","id":"1999192520191827592000000000","properties":{"id":"1999192520191827592000000000","pnu":"1221011400101160000","purpose":"단독주택","structure":"벽돌구조"},"geometry":{"type":"MultiPolygon","coordinates":[[[[126.918695,35.143929],[126.918747,35.143959],[126.918764,35.14394],[126.918712,35.143909],[126.918695,35.143929]]]]}},{"type":"Feature","id":"1999192523541827539600000000","properties":{"id":"1999192523541827539600000000","pnu":"1221011400101160000","year":1999,"purpose":"단독주택","far":357.24,"floors":6,"structure":"철근콘크리트구조"},"geometry":{"type":"MultiPolygon","coordinates":[[[[126.918723,35.143899],[126.918759,35.143924],[126.91881,35.143876],[126.918773,35.143849],[126.918723,35.143899]]]]}},{"type":"Feature","id":"2000191955711831426200000000","properties":{"id":"2000191955711831426200000000","pnu":"1221011500100430003","year":2000,"purpose":"제2종 근린생활시설","far":254.75,"floors":4,"structure":"철근콘크리트구조"},"geometry":{"type":"MultiPolygon","coordinates":[[[[126.912626,35.147361],[126.912531,35.1473],[126.912437,35.147414],[126.91253,35.14747],[126.912626,35.147361]]]]}},{"type":"Feature","id":"2000192089641829405200000000","properties":{"id":"2000192089641829405200000000","pnu":"1221011600100390000","year":2000,"purpose":"제2종 근린생활시설","far":222.08,"floors":3,"structure":"일반철골구조"},"geometry":{"type":"MultiPolygon","coordinates":[[[[126.914015,35.145691],[126.914057,35.145617],[126.914051,35.145611],[126.914114,35.145506],[126.913988,35.145442],[126.913945,35.145502],[126.913955,35.145509],[126.913919,35.145564],[126.913921,35.145653],[126.914015,35.145691]]]]}},{"type":"Feature","id":"2000192179351829175600000000","properties":{"id":"2000192179351829175600000000","pnu":"1221011600100980002","year":2000,"purpose":"제2종 근린생활시설","far":207.06,"floors":3,"structure":"일반철골구조"},"geometry":{"type":"MultiPolygon","coordinates":[[[[126.915013,35.145442],[126.91508,35.145325],[126.914965,35.145278],[126.914893,35.145389],[126.915013,35.145442]]]]}},{"type":"Feature","id":"2000192183961830520400000000","properties":{"id":"2000192183961830520400000000","pnu":"1221011600100020001","year":2000,"purpose":"단독주택","far":331.22,"floors":5,"structure":"철근콘크리트구조"},"geometry":{"type":"MultiPolygon","coordinates":[[[[126.914911,35.146565],[126.915052,35.146634],[126.915114,35.146651],[126.915166,35.14658],[126.914967,35.146483],[126.914911,35.146565]]]]}},{"type":"Feature","id":"2000192206511830045600000000","properties":{"id":"2000192206511830045600000000","pnu":"1221011600100090001","year":2000,"purpose":"제2종 근린생활시설","far":318.66,"floors":4,"structure":"일반철골구조"},"geometry":{"type":"MultiPolygon","coordinates":[[[[126.915203,35.146166],[126.915239,35.146187],[126.915234,35.146194],[126.915279,35.146216],[126.915371,35.146117],[126.915281,35.146072],[126.915203,35.146166]]]]}},{"type":"Feature","id":"2000192211291830461900000000","properties":{"id":"2000192211291830461900000000","pnu":"1221011600100030006","year":2000,"purpose":"제2종 근린생활시설","far":211.41,"floors":3,"structure":"철근콘크리트구조"},"geometry":{"type":"MultiPolygon","coordinates":[[[[126.915211,35.146506],[126.915418,35.146604],[126.91546,35.146535],[126.915267,35.146432],[126.915211,35.146506]]]]}},{"type":"Feature","id":"2000192229031831147400000000","properties":{"id":"2000192229031831147400000000","pnu":"1221011700100340000","year":2000,"purpose":"기타","far":142.29,"floors":3,"structure":"일반철골구조"},"geometry":{"type":"MultiPolygon","coordinates":[[[[126.915404,35.147148],[126.915544,35.147234],[126.915663,35.147107],[126.915502,35.14705],[126.915404,35.147148]]]]}},{"type":"Feature","id":"2000192237791830421400000000","properties":{"id":"2000192237791830421400000000","pnu":"1221011600100050002","year":2000,"purpose":"제2종 근린생활시설","far":154.96,"floors":2,"structure":"일반철골구조"},"geometry":{"type":"MultiPolygon","coordinates":[[[[126.915711,35.14649],[126.915633,35.146425],[126.915542,35.146497],[126.915578,35.146527],[126.915652,35.146467],[126.915666,35.146478],[126.915632,35.146506],[126.915661,35.14653],[126.915711,35.14649]]]]}},{"type":"Feature","id":"2000192241881831539600000000","properties":{"id":"2000192241881831539600000000","pnu":"1221011700100250004","year":2000,"purpose":"기타","far":133.91,"floors":2,"structure":"일반철골구조"},"geometry":{"type":"MultiPolygon","coordinates":[[[[126.915827,35.147375],[126.915742,35.147285],[126.91565,35.147343],[126.915661,35.147364],[126.915628,35.147383],[126.915512,35.147508],[126.91563,35.147667],[126.915745,35.14761],[126.91579,35.147624],[126.915827,35.147571],[126.915741,35.147536],[126.915676,35.147444],[126.915738,35.147406],[126.915746,35.147413],[126.915827,35.147375]]]]}},{"type":"Feature","id":"2000192246921830298800000000","properties":{"id":"2000192246921830298800000000","pnu":"1221011600100050002","year":2000,"purpose":"제2종 근린생활시설","far":154.96,"floors":2,"structure":"일반철골구조"},"geometry":{"type":"MultiPolygon","coordinates":[[[[126.915759,35.146294],[126.915646,35.146415],[126.915696,35.146452],[126.915812,35.146325],[126.915759,35.146294]]]]}},{"type":"Feature","id":"2000192286431829340100000000","properties":{"id":"2000192286431829340100000000","pnu":"1221011600101220006","year":2000,"purpose":"제2종 근린생활시설","far":157.12899,"floors":3,"structure":"철근콘크리트구조"},"geometry":{"type":"MultiPolygon","coordinates":[[[[126.916136,35.145595],[126.916243,35.145452],[126.916174,35.145426],[126.916086,35.145571],[126.916136,35.145595]]]]}},{"type":"Feature","id":"2000192376021826828700000000","properties":{"id":"2000192376021826828700000000","pnu":"1221011400100600000","year":2000,"purpose":"단독주택"},"geometry":{"type":"MultiPolygon","coordinates":[[[[126.917258,35.143276],[126.917106,35.143153],[126.917046,35.143196],[126.917069,35.143244],[126.917193,35.143338],[126.917258,35.143276]]]]}},{"type":"Feature","id":"2000192379951827949300000000","properties":{"id":"2000192379951827949300000000","pnu":"1221011400100190006","year":2000,"purpose":"숙박시설"},"geometry":{"type":"MultiPolygon","coordinates":[[[[126.917079,35.144318],[126.917176,35.144346],[126.917239,35.144316],[126.917266,35.144246],[126.917278,35.144247],[126.9173,35.144184],[126.917257,35.144172],[126.917252,35.144179],[126.917199,35.144161],[126.917168,35.144202],[126.917135,35.144195],[126.917079,35.144318]]]]}},{"type":"Feature","id":"2000192385601826759300000000","properties":{"id":"2000192385601826759300000000","pnu":"1221011400100590000","year":2000,"purpose":"단독주택","far":310.87,"floors":4,"structure":"철근콘크리트구조"},"geometry":{"type":"MultiPolygon","coordinates":[[[[126.917255,35.143246],[126.917327,35.143155],[126.917278,35.143132],[126.91725,35.143149],[126.917233,35.143139],[126.917178,35.143187],[126.917255,35.143246]]]]}},{"type":"Feature","id":"2000192456021829694700000000","properties":{"id":"2000192456021829694700000000","pnu":"1221011300101000008","year":2000,"purpose":"숙박시설","far":313.69,"floors":5,"structure":"철근콘크리트구조"},"geometry":{"type":"MultiPolygon","coordinates":[[[[126.918068,35.145893],[126.918103,35.145794],[126.917978,35.145765],[126.917943,35.145863],[126.918068,35.145893]]]]}},{"type":"Feature","id":"2000192497601825429900000000","properties":{"id":"2000192497601825429900000000","pnu":"1221011400102010000","year":2000,"purpose":"단독주택","far":264.86,"floors":4,"structure":"철근콘크리트구조"},"geometry":{"type":"MultiPolygon","coordinates":[[[[126.918541,35.142095],[126.918557,35.142077],[126.918558,35.142043],[126.918597,35.141987],[126.918478,35.141913],[126.918465,35.141924],[126.9184,35.141896],[126.91836,35.141952],[126.918541,35.142095]]]]}},{"type":"Feature","id":"2001192203781829722500000000","properties":{"id":"2001192203781829722500000000","pnu":"1221011600101060006","year":2001,"purpose":"제1종 근린생활시설","far":76.84,"floors":1,"structure":"경량철골구조"},"geometry":{"type":"MultiPolygon","coordinates":[[[[126.915279,35.145889],[126.915306,35.145842],[126.915226,35.145817],[126.915206,35.14586],[126.915279,35.145889]]]]}},{"type":"Feature","id":"2001192213421830642000000000","properties":{"id":"2001192213421830642000000000","pnu":"1221011600100010010","year":2001,"purpose":"제2종 근린생활시설","far":206.43,"floors":3,"structure":"철근콘크리트구조"},"geometry":{"type":"MultiPolygon","coordinates":[[[[126.915301,35.146689],[126.915376,35.14673],[126.915424,35.146699],[126.915419,35.146674],[126.91532,35.146626],[126.915301,35.146689]]]]}},{"type":"Feature","id":"2001192220731830406500000000","properties":{"id":"2001192220731830406500000000","pnu":"1221011600100030002","year":2001,"purpose":"숙박시설","far":399.21,"floors":5,"structure":"철근콘크리트구조"},"geometry":{"type":"MultiPolygon","coordinates":[[[[126.915361,35.146471],[126.91546,35.146533],[126.915521,35.146466],[126.915434,35.146409],[126.915405,35.146432],[126.915389,35.146425],[126.915361,35.146471]]]]}},{"type":"Feature","id":"2001192232721828389000000000","properties":{"id":"2001192232721828389000000000","pnu":"1221011600101610000","year":2001,"purpose":"숙박시설","far":213.5295,"floors":8,"structure":"철근콘크리트구조"},"geometry":{"type":"MultiPolygon","coordinates":[[[[126.915639,35.144826],[126.915774,35.144732],[126.915597,35.144549],[126.915607,35.14453],[126.91548,35.144479],[126.915376,35.144629],[126.91539,35.144641],[126.915466,35.144661],[126.915639,35.144826]]]]}},{"type":"Feature","id":"2001192277991830474500000000","properties":{"id":"2001192277991830474500000000","pnu":"1221011700100620004","year":2001,"purpose":"제2종 근린생활시설","far":249.88,"floors":3,"structure":"일반철골구조"},"geometry":{"type":"MultiPolygon","coordinates":[[[[126.916012,35.146527],[126.91605,35.146579],[126.916128,35.146519],[126.916095,35.146488],[126.916012,35.146527]]]]}},{"type":"Feature","id":"2001192397351826932900000000","properties":{"id":"2001192397351826932900000000","pnu":"1221011400100950003","year":2001,"purpose":"단독주택","far":191.15,"floors":3,"structure":"철근콘크리트구조"},"geometry":{"type":"MultiPolygon","coordinates":[[[[126.917296,35.143319],[126.917426,35.143429],[126.91744,35.143413],[126.917455,35.143369],[126.917419,35.143309],[126.91735,35.143254],[126.917296,35.143319]]]]}},{"type":"Feature","id":"2001192526591827158600000000","properties":{"id":"2001192526591827158600000000","pnu":"1221011400101330005","year":2001,"purpose":"제2종 근린생활시설","far":183.92,"floors":3,"structure":"일반철골구조"},"geometry":{"type":"MultiPolygon","coordinates":[[[[126.91872,35.143564],[126.918802,35.143599],[126.91881,35.143587],[126.918844,35.143594],[126.918883,35.143525],[126.918766,35.143482],[126.91872,35.143564]]]]}},{"type":"Feature","id":"2002191998871830820700000000","properties":{"id":"2002191998871830820700000000","pnu":"1221011500100520022","year":2002,"purpose":"단독주택","far":199.2,"floors":3,"structure":"철근콘크리트구조"},"geometry":{"type":"MultiPolygon","coordinates":[[[[126.912992,35.146782],[126.912934,35.146855],[126.91302,35.146898],[126.913076,35.146825],[126.912992,35.146782]]]]}},{"type":"Feature","id":"2002192043501829629700000000","properties":{"id":"2002192043501829629700000000","pnu":"1221011600100510001","year":2002,"purpose":"기타"},"geometry":{"type":"MultiPolygon","coordinates":[[[[126.913404,35.145789],[126.913425,35.145803],[126.913415,35.145813],[126.913473,35.145852],[126.913484,35.145841],[126.913504,35.145855],[126.913535,35.145823],[126.913521,35.145814],[126.91356,35.145773],[126.913548,35.145765],[126.913556,35.145757],[126.913544,35.145748],[126.913584,35.145709],[126.913527,35.145672],[126.913471,35.145716],[126.913473,35.145718],[126.913445,35.145747],[126.913465,35.14576],[126.913455,35.14577],[126.913436,35.145757],[126.913404,35.145789]]]]}},{"type":"Feature","id":"2002192054181829714000000000","properties":{"id":"2002192054181829714000000000","pnu":"1221011600100510001","year":2002,"purpose":"숙박시설","far":166.27,"floors":6,"structure":"철근콘크리트구조"},"geometry":{"type":"MultiPolygon","coordinates":[[[[126.913629,35.145953],[126.91373,35.14579],[126.91359,35.145738],[126.9135,35.145893],[126.913629,35.145953]]]]}},{"type":"Feature","id":"2002192111351828987100000000","properties":{"id":"2002192111351828987100000000","pnu":"1221011600100870001","year":2002,"purpose":"숙박시설","far":355.78,"floors":6,"structure":"철근콘크리트구조"},"geometry":{"type":"MultiPolygon","coordinates":[[[[126.914117,35.145162],[126.914212,35.145188],[126.914206,35.145206],[126.914227,35.145211],[126.91422,35.14523],[126.914224,35.145238],[126.914242,35.145242],[126.914235,35.145261],[126.914241,35.145269],[126.914278,35.145279],[126.914297,35.145275],[126.914342,35.145167],[126.914137,35.145112],[126.914117,35.145162]]]]}},{"type":"Feature","id":"2002192118651830686400000000","properties":{"id":"2002192118651830686400000000","pnu":"1221011600100010004","year":2002,"purpose":"제2종 근린생활시설","far":181.3,"floors":4,"structure":"일반철골구조"},"geometry":{"type":"MultiPolygon","coordinates":[[[[126.914244,35.146599],[126.914225,35.146687],[126.914169,35.146781],[126.914396,35.146848],[126.914452,35.146638],[126.914244,35.146599]]]]}},{"type":"Feature","id":"2002192221131827635900000000","properties":{"id":"2002192221131827635900000000","pnu":"1221011600101880003","year":2002,"purpose":"숙박시설","far":390.85,"floors":6,"structure":"철근콘크리트구조"},"geometry":{"type":"MultiPolygon","coordinates":[[[[126.915425,35.144066],[126.915559,35.144007],[126.915475,35.143876],[126.915333,35.143939],[126.915425,35.144066]]]]}},{"type":"Feature","id":"2002192244411827875200000000","properties":{"id":"2002192244411827875200000000","pnu":"1221011400100470007","year":2002,"purpose":"제2종 근린생활시설","floors":2,"structure":"일반철골구조"},"geometry":{"type":"MultiPolygon","coordinates":[[[[126.915679,35.144244],[126.915766,35.144149],[126.915737,35.144132],[126.915641,35.144212],[126.915679,35.144244]]]]}},{"type":"Feature","id":"2002192317681827853300000000","properties":{"id":"2002192317681827853300000000","pnu":"1221011400100390000","year":2002,"purpose":"공동주택","far":256.14,"floors":4,"structure":"철근콘크리트구조"},"geometry":{"type":"MultiPolygon","coordinates":[[[[126.91658,35.144235],[126.916608,35.144154],[126.916398,35.144112],[126.916394,35.144136],[126.916429,35.144176],[126.91658,35.144235]]]]}},{"type":"Feature","id":"2002192350391828355300000000","properties":{"id":"2002192350391828355300000000","pnu":"1221011400100350003","year":2002,"purpose":"공동주택","far":308.92,"floors":4,"structure":"철근콘크리트구조"},"geometry":{"type":"MultiPolygon","coordinates":[[[[126.916872,35.144683],[126.916934,35.144596],[126.916859,35.144559],[126.916795,35.144644],[126.916872,35.144683]]]]}},{"type":"Feature","id":"2002192392071826341000000000","properties":{"id":"2002192392071826341000000000","pnu":"1221011400101450000","year":2002,"purpose":"단독주택","far":221.44,"floors":4,"structure":"철근콘크리트구조"},"geometry":{"type":"MultiPolygon","coordinates":[[[[126.917308,35.142738],[126.917265,35.142804],[126.917264,35.142861],[126.917298,35.142873],[126.917362,35.142835],[126.917412,35.14278],[126.917308,35.142738]]]]}},{"type":"Feature","id":"2002192396841827938800000000","properties":{"id":"2002192396841827938800000000","pnu":"1221011400100190007","year":2002,"purpose":"단독주택","far":247.81,"floors":4,"structure":"철근콘크리트구조"},"geometry":{"type":"MultiPolygon","coordinates":[[[[126.917423,35.144318],[126.917471,35.144211],[126.917403,35.144193],[126.9174,35.144201],[126.91732,35.144176],[126.917281,35.144274],[126.917423,35.144318]]]]}},{"type":"Feature","id":"2002192413201826075800000000","properties":{"id":"2002192413201826075800000000","pnu":"1221011400101470026","year":2002,"purpose":"단독주택","far":136.72,"floors":2,"structure":"벽돌구조"},"geometry":{"type":"MultiPolygon","coordinates":[[[[126.917557,35.142644],[126.91764,35.142537],[126.917566,35.1425],[126.917469,35.142566],[126.917521,35.142599],[126.917509,35.14262],[126.917557,35.142644]]]]}},{"type":"Feature","id":"2002192422781827816000000000","properties":{"id":"2002192422781827816000000000","pnu":"1221011400100160003","year":2002,"purpose":"제2종 근린생활시설","far":156.83,"floors":2,"structure":"일반철골구조"},"geometry":{"type":"MultiPolygon","coordinates":[[[[126.917595,35.144181],[126.917673,35.144205],[126.917723,35.144087],[126.91765,35.144065],[126.917595,35.144181]]]]}},{"type":"Feature","id":"2002192440811825541600000000","properties":{"id":"2002192440811825541600000000","pnu":"1221011400102110009","year":2002,"purpose":"단독주택"},"geometry":{"type":"MultiPolygon","coordinates":[[[[126.917897,35.142159],[126.917953,35.142081],[126.917815,35.142016],[126.917768,35.142082],[126.917897,35.142159]]]]}},{"type":"Feature","id":"2002192458511828594200000000","properties":{"id":"2002192458511828594200000000","pnu":"1221011400100080000","year":2002,"purpose":"기타","far":95.32,"floors":3,"structure":"벽돌구조"},"geometry":{"type":"MultiPolygon","coordinates":[[[[126.918065,35.144898],[126.918123,35.144815],[126.918038,35.144775],[126.91798,35.144858],[126.918065,35.144898]]]]}},{"type":"Feature","id":"2002192506271826266500000000","properties":{"id":"2002192506271826266500000000","pnu":"1221011400101890002","year":2002,"purpose":"제2종 근린생활시설","far":389.89,"floors":5,"structure":"철근콘크리트구조"},"geometry":{"type":"MultiPolygon","coordinates":[[[[126.918472,35.142748],[126.918508,35.142768],[126.918503,35.14278],[126.91856,35.142815],[126.918612,35.142808],[126.918678,35.142704],[126.918572,35.14266],[126.918472,35.142748]]]]}},{"type":"Feature","id":"2002192513251824784100000000","properties":{"id":"2002192513251824784100000000","pnu":"1221012200101700004","year":2002,"purpose":"숙박시설","far":248.2945,"floors":6,"structure":"철골철근콘크리트구조"},"geometry":{"type":"MultiPolygon","coordinates":[[[[126.918573,35.141441],[126.918681,35.141482],[126.918731,35.14138],[126.918694,35.141365],[126.918695,35.141333],[126.918649,35.141316],[126.918573,35.141441]]]]}},{"type":"Feature","id":"2002192517781829652100000000","properties":{"id":"2002192517781829652100000000","pnu":"1221011300100690002","year":2002,"purpose":"제2종 근린생활시설"},"geometry":{"type":"MultiPolygon","coordinates":[[[[126.918626,35.145843],[126.918709,35.145858],[126.918725,35.145804],[126.918768,35.14581],[126.918784,35.145752],[126.918668,35.14573],[126.918626,35.145843]]]]}},{"type":"Feature","id":"2003191979091831284700000000","properties":{"id":"2003191979091831284700000000","pnu":"1221011500100420002","year":2003,"purpose":"숙박시설","floors":7,"structure":"철근콘크리트구조"},"geometry":{"type":"MultiPolygon","coordinates":[[[[126.912942,35.1472],[126.91279,35.147102],[126.912744,35.147153],[126.912749,35.147157],[126.912678,35.147234],[126.912734,35.147268],[126.91265,35.14736],[126.912752,35.147423],[126.912843,35.147324],[126.912834,35.147318],[126.912942,35.1472]]]]}},{"type":"Feature","id":"2003191979951830634700000000","properties":{"id":"2003191979951830634700000000","pnu":"1221011500100520018","year":2003,"purpose":"기타"},"geometry":{"type":"MultiPolygon","coordinates":[[[[126.912918,35.146646],[126.912874,35.146621],[126.912888,35.146604],[126.912792,35.146549],[126.912745,35.146604],[126.912768,35.146617],[126.912675,35.146726],[126.912788,35.146791],[126.912918,35.146646]]]]}},{"type":"Feature","id":"2003192084631828950800000000","properties":{"id":"2003192084631828950800000000","pnu":"1221011600100750000","year":2003,"purpose":"숙박시설","far":622.09,"floors":9,"structure":"철근콘크리트구조"},"geometry":{"type":"MultiPolygon","coordinates":[[[[126.914024,35.145224],[126.914058,35.145144],[126.913856,35.145098],[126.913825,35.145145],[126.914024,35.145224]]]]}},{"type":"Feature","id":"2003192088581830548500000000","properties":{"id":"2003192088581830548500000000","pnu":"1221011600100270005","year":2003,"purpose":"숙박시설","far":334.82,"floors":6,"structure":"일반철골구조"},"geometry":{"type":"MultiPolygon","coordinates":[[[[126.913848,35.146641],[126.913873,35.146657],[126.913879,35.14665],[126.913938,35.14669],[126.913931,35.146697],[126.913969,35.146722],[126.91413,35.14656],[126.91401,35.146479],[126.914005,35.146483],[126.913992,35.146474],[126.913941,35.146525],[126.913954,35.146534],[126.913848,35.146641]]]]}},{"type":"Feature","id":"2003192099831830672500000000","properties":{"id":"2003192099831830672500000000","pnu":"1221011600100270001","year":2003,"purpose":"숙박시설","far":338.97,"floors":6,"structure":"일반철골구조"},"geometry":{"type":"MultiPolygon","coordinates":[[[[126.913974,35.146727],[126.913997,35.146744],[126.914003,35.146738],[126.914061,35.146779],[126.914055,35.146784],[126.914157,35.146857],[126.914198,35.146819],[126.914147,35.146784],[126.914176,35.146756],[126.914157,35.146744],[126.914193,35.146712],[126.914172,35.146696],[126.914216,35.146655],[126.914213,35.146653],[126.914217,35.146649],[126.914221,35.146638],[126.914224,35.14663],[126.914136,35.14657],[126.913974,35.146727]]]]}},{"type":"Feature","id":"2003192134651830455600000000","properties":{"id":"2003192134651830455600000000","pnu":"1221011600100240000","year":2003,"purpose":"숙박시설","far":261.92,"floors":7,"structure":"철근콘크리트구조"},"geometry":{"type":"MultiPolygon","coordinates":[[[[126.914357,35.146548],[126.914606,35.146576],[126.914614,35.146533],[126.914632,35.146535],[126.914635,35.14652],[126.914623,35.146519],[126.914629,35.146483],[126.91458,35.146477],[126.914581,35.14647],[126.914533,35.146465],[126.914535,35.146456],[126.914433,35.146445],[126.914428,35.14647],[126.914376,35.146464],[126.914357,35.146548]]]]}},{"type":"Feature","id":"2003192143991829098600000000","properties":{"id":"2003192143991829098600000000","pnu":"1221011600100920002","year":2003,"purpose":"숙박시설","far":361.79,"floors":6,"structure":"철근콘크리트구조"},"geometry":{"type":"MultiPolygon","coordinates":[[[[126.91448,35.145265],[126.914524,35.14529],[126.914516,35.1453],[126.914537,35.145312],[126.914524,35.145327],[126.914641,35.145395],[126.914728,35.145293],[126.914539,35.145183],[126.91449,35.14524],[126.914497,35.145245],[126.91448,35.145265]]]]}},{"type":"Feature","id":"2003192151191828993700000000","properties":{"id":"2003192151191828993700000000","pnu":"1221011600100920005","year":2003,"purpose":"제2종 근린생활시설","far":245.19,"floors":4,"structure":"일반철골구조"},"geometry":{"type":"MultiPolygon","coordinates":[[[[126.914546,35.145174],[126.914736,35.145285],[126.914811,35.145199],[126.914601,35.145111],[126.914546,35.145174]]]]}},{"type":"Feature","id":"2003192153441831117600000000","properties":{"id":"2003192153441831117600000000","pnu":"1221011600100010022","year":2003,"purpose":"제2종 근린생활시설","far":224.01,"floors":3,"structure":"일반철골구조"},"geometry":{"type":"MultiPolygon","coordinates":[[[[126.914598,35.147165],[126.914663,35.147205],[126.914808,35.147064],[126.914726,35.147014],[126.914598,35.147165]]]]}},{"type":"Feature","id":"2003192165541829144900000000","properties":{"id":"2003192165541829144900000000","pnu":"1221011600100990001","year":2003,"purpose":"제2종 근린생활시설","far":308.93,"floors":4,"structure":"철골콘크리트구조"},"geometry":{"type":"MultiPolygon","coordinates":[[[[126.914835,35.145416],[126.914864,35.145376],[126.914858,35.145372],[126.914928,35.145284],[126.914861,35.145241],[126.914736,35.145374],[126.914835,35.145416]]]]}},{"type":"Feature","id":"2003192207711829664600000000","properties":{"id":"2003192207711829664600000000","pnu":"1221011600100920005","year":2003,"purpose":"제2종 근린생활시설","far":245.19,"floors":4,"structure":"일반철골구조"},"geometry":{"type":"MultiPolygon","coordinates":[[[[126.915348,35.145851],[126.915382,35.145793],[126.915247,35.145749],[126.915216,35.145808],[126.915348,35.145851]]]]}},{"type":"Feature","id":"2003192211641829580400000000","properties":{"id":"2003192211641829580400000000","pnu":"1221011600100920002","year":2003,"purpose":"숙박시설","far":361.79,"floors":6,"structure":"철근콘크리트구조"},"geometry":{"type":"MultiPolygon","coordinates":[[[[126.91539,35.145786],[126.915431,35.145726],[126.915305,35.145664],[126.915294,35.14567],[126.915283,35.145667],[126.915264,35.1457],[126.915273,35.145703],[126.915259,35.145731],[126.91539,35.145786]]]]}},{"type":"Feature","id":"2003192244461829839900000000","properties":{"id":"2003192244461829839900000000","pnu":"1221011600101080004","year":2003,"purpose":"기타","far":79.38,"floors":1,"structure":"경량철골구조"},"geometry":{"type":"MultiPolygon","coordinates":[[[[126.915638,35.145975],[126.915707,35.146022],[126.91574,35.146005],[126.915744,35.145905],[126.915696,35.145893],[126.915638,35.145975]]]]}},{"type":"Feature","id":"2003192246201827382900000000","properties":{"id":"2003192246201827382900000000","pnu":"1221011400100450001","year":2003,"purpose":"제2종 근린생활시설","far":299.32,"floors":4,"structure":"일반철골구조"},"geometry":{"type":"MultiPolygon","coordinates":[[[[126.915665,35.143719],[126.915664,35.143749],[126.91569,35.143766],[126.915786,35.143771],[126.915758,35.143712],[126.915732,35.14372],[126.915665,35.143719]]]]}},{"type":"Feature","id":"2003192254721828643700000000","properties":{"id":"2003192254721828643700000000","pnu":"1221011600101610000","year":2003,"purpose":"숙박시설","far":85.0089,"floors":7,"structure":"일반철골구조"},"geometry":{"type":"MultiPolygon","coordinates":[[[[126.915622,35.144893],[126.915908,35.145003],[126.915989,35.144943],[126.91588,35.144835],[126.915903,35.144811],[126.915806,35.144737],[126.915622,35.144893]]]]}},{"type":"Feature","id":"2003192283941827327100000000","properties":{"id":"2003192283941827327100000000","pnu":"1221011400100770000","year":2003,"purpose":"단독주택","far":282.91,"floors":4,"structure":"철근콘크리트구조"},"geometry":{"type":"MultiPolygon","coordinates":[[[[126.916194,35.143628],[126.916034,35.143658],[126.916021,35.143695],[126.916159,35.143774],[126.916182,35.143739],[126.916247,35.14372],[126.916194,35.143628]]]]}},{"type":"Feature","id":"2003192318461827727900000000","properties":{"id":"2003192318461827727900000000","pnu":"1221011400100390001","year":2003,"purpose":"숙박시설","far":320.97,"floors":6,"structure":"철근콘크리트구조"},"geometry":{"type":"MultiPolygon","coordinates":[[[[126.916415,35.144092],[126.916612,35.14414],[126.916638,35.144067],[126.916533,35.144042],[126.916555,35.14398],[126.916454,35.143956],[126.916424,35.144036],[126.916434,35.144039],[126.916415,35.144092]]]]}},{"type":"Feature","id":"2003192327291831862800000000","properties":{"id":"2003192327291831862800000000","pnu":"1221012800100180000","year":2003,"purpose":"기타","far":316.29,"floors":5,"structure":"철근콘크리트구조"},"geometry":{"type":"MultiPolygon","coordinates":[[[[126.916603,35.147972],[126.916927,35.147781],[126.916885,35.147717],[126.916941,35.147692],[126.916919,35.147658],[126.916898,35.147668],[126.916862,35.147615],[126.916829,35.14763],[126.9168,35.147571],[126.916202,35.147832],[126.916284,35.147961],[126.91645,35.147873],[126.916442,35.147863],[126.916498,35.147833],[126.916603,35.147972]]]]}},{"type":"Feature","id":"2003192385691828374800000000","properties":{"id":"2003192385691828374800000000","pnu":"1221011400100300017","year":2003,"purpose":"기타","far":257.94,"floors":4,"structure":"철골철근콘크리트구조"},"geometry":{"type":"MultiPolygon","coordinates":[[[[126.916884,35.144725],[126.91696,35.144755],[126.916995,35.144708],[126.917209,35.144776],[126.917224,35.144753],[126.917426,35.144818],[126.917488,35.144704],[126.91743,35.144685],[126.917463,35.144621],[126.917522,35.14464],[126.917566,35.144557],[126.917255,35.144437],[126.917153,35.144598],[126.917111,35.144585],[126.917102,35.144597],[126.916985,35.144558],[126.916884,35.144725]]]]}},{"type":"Feature","id":"2003192412681827474600000000","properties":{"id":"2003192412681827474600000000","pnu":"1221011400100840002","year":2003,"purpose":"숙박시설","far":332.64,"floors":6,"structure":"철근콘크리트구조"},"geometry":{"type":"MultiPolygon","coordinates":[[[[126.917624,35.14392],[126.917674,35.143776],[126.917614,35.143759],[126.917608,35.143769],[126.91752,35.143748],[126.917509,35.143763],[126.917459,35.143754],[126.917414,35.143853],[126.917473,35.143869],[126.917468,35.143882],[126.917624,35.14392]]]]}},{"type":"Feature","id":"2003192443601829660700000000","properties":{"id":"2003192443601829660700000000","pnu":"1221011300101000013","year":2003,"purpose":"숙박시설","far":353.11,"floors":6,"structure":"철근콘크리트구조"},"geometry":{"type":"MultiPolygon","coordinates":[[[[126.917843,35.145733],[126.91781,35.145837],[126.917931,35.145863],[126.917964,35.145759],[126.917843,35.145733]]]]}},{"type":"Feature","id":"2003192461261827225400000000","properties":{"id":"2003192461261827225400000000","pnu":"1221011400100980010","year":2003,"purpose":"제1종 근린생활시설","far":159.45,"floors":2,"structure":"일반철골구조"},"geometry":{"type":"MultiPolygon","coordinates":[[[[126.918146,35.1436],[126.918043,35.143563],[126.91802,35.143607],[126.918123,35.143643],[126.918146,35.1436]]]]}},{"type":"Feature","id":"2003192461521831620700000000","properties":{"id":"2003192461521831620700000000","pnu":"1221012700100030000","year":2003,"purpose":"제1종 근린생활시설","far":285.29,"floors":5,"structure":"철근콘크리트구조"},"geometry":{"type":"MultiPolygon","coordinates":[[[[126.918113,35.14762],[126.918158,35.147557],[126.918104,35.147531],[126.918099,35.147538],[126.918044,35.147512],[126.918005,35.147568],[126.918113,35.14762]]]]}},{"type":"Feature","id":"2003192463131827675000000000","properties":{"id":"2003192463131827675000000000","pnu":"1221011400101020006","year":2003,"purpose":"제2종 근린생활시설","far":318.71,"floors":4,"structure":"철근콘크리트구조"},"geometry":{"type":"MultiPolygon","coordinates":[[[[126.918004,35.144043],[126.918029,35.144092],[126.918116,35.144123],[126.918195,35.143972],[126.918206,35.143976],[126.91822,35.14395],[126.918178,35.143935],[126.91818,35.14393],[126.918094,35.1439],[126.91808,35.143926],[126.918066,35.143926],[126.918004,35.144043]]]]}},{"type":"Feature","id":"2003192495591831325400000000","properties":{"id":"2003192495591831325400000000","pnu":"1221013100100150010","year":2003,"purpose":"제2종 근린생활시설","far":356.7,"floors":5,"structure":"일반철골구조"},"geometry":{"type":"MultiPolygon","coordinates":[[[[126.918441,35.147423],[126.918558,35.14731],[126.918523,35.147183],[126.918494,35.147163],[126.918334,35.14732],[126.918359,35.147338],[126.918343,35.147352],[126.918441,35.147423]]]]}},{"type":"Feature","id":"2003192506731824951400000000","properties":{"id":"2003192506731824951400000000","pnu":"1221012200101680000","year":2003,"purpose":"숙박시설","far":391.37,"floors":7,"structure":"철근콘크리트구조"},"geometry":{"type":"MultiPolygon","coordinates":[[[[126.918674,35.14149],[126.918569,35.141453],[126.918495,35.141619],[126.918597,35.141655],[126.918674,35.14149]]]]}},{"type":"Feature","id":"2003192518711828856900000000","properties":{"id":"2003192518711828856900000000","pnu":"1221011200101710002","year":2003,"purpose":"숙박시설","far":336.27,"floors":6,"structure":"철근콘크리트구조"},"geometry":{"type":"MultiPolygon","coordinates":[[[[126.918634,35.145089],[126.918736,35.145128],[126.918749,35.145103],[126.918778,35.145111],[126.918794,35.145082],[126.918769,35.145069],[126.918772,35.145051],[126.918672,35.145018],[126.918634,35.145089]]]]}},{"type":"Feature","id":"2003192544381823918600000000","properties":{"id":"2003192544381823918600000000","pnu":"1221012200100950002","year":2003,"purpose":"숙박시설","far":333.86,"floors":5,"structure":"철근콘크리트구조"},"geometry":{"type":"MultiPolygon","coordinates":[[[[126.918977,35.140557],[126.918914,35.140621],[126.919015,35.14069],[126.919084,35.140623],[126.918977,35.140557]]]]}},{"type":"Feature","id":"2004192018901830019600000000","properties":{"id":"2004192018901830019600000000","pnu":"1221011600100430003","year":2004,"purpose":"숙박시설","far":509.72,"floors":8,"structure":"철근콘크리트구조"},"geometry":{"type":"MultiPolygon","coordinates":[[[[126.913218,35.14621],[126.91333,35.146097],[126.913228,35.146026],[126.913125,35.146142],[126.913218,35.14621]]]]}},{"type":"Feature","id":"2004192118521830834900000000","properties":{"id":"2004192118521830834900000000","pnu":"1221011600100010004","year":2004,"purpose":"제2종 근린생활시설","floors":1,"structure":"블록구조"},"geometry":{"type":"MultiPolygon","coordinates":[[[[126.914335,35.146885],[126.914358,35.146839],[126.914303,35.146822],[126.914278,35.146869],[126.914335,35.146885]]]]}},{"type":"Feature","id":"2004192245961831025900000000","properties":{"id":"2004192245961831025900000000","pnu":"1221011700100570000","year":2004,"purpose":"기타","far":294.92,"floors":9,"structure":"일반철골구조"},"geometry":{"type":"MultiPolygon","coordinates":[[[[126.915809,35.147151],[126.915908,35.147011],[126.915668,35.146905],[126.9155,35.147036],[126.915809,35.147151]]]]}},{"type":"Feature","id":"2004192281231827847400000000","properties":{"id":"2004192281231827847400000000","pnu":"1221011400100410000","year":2004,"purpose":"제2종 근린생활시설"},"geometry":{"type":"MultiPolygon","coordinates":[[[[126.916147,35.144137],[126.916095,35.144122],[126.916066,35.144188],[126.916119,35.144203],[126.916147,35.144137]]]]}},{"type":"Feature","id":"2004192362651826597800000000","properties":{"id":"2004192362651826597800000000","pnu":"1221011400100570038","year":2004,"purpose":"공동주택","far":217.04,"floors":4,"structure":"철근콘크리트구조"},"geometry":{"type":"MultiPolygon","coordinates":[[[[126.917047,35.143113],[126.917134,35.143055],[126.917098,35.143019],[126.917034,35.143053],[126.916968,35.142954],[126.916921,35.142976],[126.916892,35.143005],[126.916929,35.143063],[126.916992,35.143066],[126.917047,35.143113]]]]}},{"type":"Feature","id":"2004192481371824761800000000","properties":{"id":"2004192481371824761800000000","pnu":"1221012200101650003","year":2004,"purpose":"제1종 근린생활시설","far":381.61,"floors":5,"structure":"철근콘크리트구조"},"geometry":{"type":"MultiPolygon","coordinates":[[[[126.918331,35.141529],[126.918482,35.14129],[126.918316,35.141228],[126.918283,35.141287],[126.918266,35.141281],[126.918113,35.141463],[126.918331,35.141529]]]]}},{"type":"Feature","id":"2004192493501828103200000000","properties":{"id":"2004192493501828103200000000","pnu":"1221011400100110003","year":2004,"purpose":"제2종 근린생활시설","far":79.2,"floors":1,"structure":"경량철골구조"},"geometry":{"type":"MultiPolygon","coordinates":[[[[126.918521,35.144379],[126.918412,35.144332],[126.918353,35.144425],[126.918415,35.144452],[126.918436,35.144418],[126.918489,35.144441],[126.918521,35.144379]]]]}},{"type":"Feature","id":"2005192120231830084300000000","properties":{"id":"2005192120231830084300000000","pnu":"1221011600100210008","year":2005,"purpose":"제1종 근린생활시설","far":26.39,"floors":1,"structure":"경량철골구조"},"geometry":{"type":"MultiPolygon","coordinates":[[[[126.914338,35.146182],[126.914339,35.146182],[126.91434,35.146182],[126.914341,35.146181],[126.914341,35.146181],[126.914342,35.14618],[126.914343,35.14618],[126.914343,35.146179],[126.914343,35.146178],[126.914343,35.146177],[126.914343,35.146177],[126.914343,35.146176],[126.914343,35.146175],[126.914342,35.146175],[126.914341,35.146174],[126.914341,35.146174],[126.91434,35.146173],[126.914339,35.146173],[126.914338,35.146173],[126.914337,35.146173],[126.914336,35.146173],[126.914335,35.146174],[126.914334,35.146174],[126.914334,35.146175],[126.914333,35.146175],[126.914333,35.146176],[126.914332,35.146177],[126.914332,35.146177],[126.914332,35.146178],[126.914333,35.146179],[126.914333,35.14618],[126.914334,35.14618],[126.914334,35.146181],[126.914335,35.146181],[126.914336,35.146182],[126.914337,35.146182],[126.914338,35.146182]]]]}},{"type":"Feature","id":"2005192122241832085600000000","properties":{"id":"2005192122241832085600000000","pnu":"1221011700100070007","purpose":"제2종 근린생활시설","far":54.03,"floors":1,"structure":"경량철골구조"},"geometry":{"type":"MultiPolygon","coordinates":[[[[126.914404,35.148077],[126.9144,35.147871],[126.914309,35.147904],[126.914313,35.148076],[126.914404,35.148077]]]]}},{"type":"Feature","id":"2005192505051825915200000000","properties":{"id":"2005192505051825915200000000","pnu":"1221011400101910003","year":2005,"purpose":"제2종 근린생활시설","far":50.6,"floors":1,"structure":"경량철골구조"},"geometry":{"type":"MultiPolygon","coordinates":[[[[126.918593,35.142476],[126.918632,35.142407],[126.918536,35.142372],[126.918496,35.142433],[126.918593,35.142476]]]]}},{"type":"Feature","id":"2006192121971828871300000000","properties":{"id":"2006192121971828871300000000","pnu":"1221011600100830003","year":2006,"purpose":"제2종 근린생활시설","far":150.44,"floors":2,"structure":"철근콘크리트구조"},"geometry":{"type":"MultiPolygon","coordinates":[[[[126.914324,35.144997],[126.914262,35.145121],[126.914387,35.145166],[126.914461,35.145058],[126.914324,35.144997]]]]}},{"type":"Feature","id":"2006192188801829282700000000","properties":{"id":"2006192188801829282700000000","pnu":"1221011600100980001","year":2006,"purpose":"제1종 근린생활시설"},"geometry":{"type":"MultiPolygon","coordinates":[[[[126.91521,35.145391],[126.915085,35.145336],[126.915006,35.145456],[126.915014,35.14546],[126.91499,35.145542],[126.91509,35.145577],[126.91521,35.145391]]]]}},{"type":"Feature","id":"2006192464071827149000000000","properties":{"id":"2006192464071827149000000000","pnu":"1221011400100980011","year":2006,"purpose":"제1종 근린생활시설","far":155.32,"floors":2,"structure":"철근콘크리트구조"},"geometry":{"type":"MultiPolygon","coordinates":[[[[126.918044,35.143552],[126.918157,35.143595],[126.918189,35.143537],[126.918153,35.143523],[126.918166,35.1435],[126.918123,35.143484],[126.918055,35.143489],[126.918044,35.143552]]]]}},{"type":"Feature","id":"2006192477301827302400000000","properties":{"id":"2006192477301827302400000000","pnu":"1221011400100980007","year":2006,"purpose":"제2종 근린생활시설","far":79.93,"floors":1,"structure":"일반철골구조"},"geometry":{"type":"MultiPolygon","coordinates":[[[[126.918278,35.143706],[126.918304,35.143658],[126.918243,35.143639],[126.918212,35.143687],[126.918278,35.143706]]]]}},{"type":"Feature","id":"2006192499461827602300000000","properties":{"id":"2006192499461827602300000000","pnu":"1221011400101140000","year":2006,"purpose":"제2종 근린생활시설","far":71.65,"floors":1,"structure":"일반철골구조"},"geometry":{"type":"MultiPolygon","coordinates":[[[[126.918349,35.14392],[126.918389,35.143945],[126.918383,35.143952],[126.918539,35.14405],[126.918642,35.14394],[126.918488,35.143843],[126.918445,35.143889],[126.91843,35.14388],[126.918382,35.1439],[126.918373,35.143895],[126.918349,35.14392]]]]}},{"type":"Feature","id":"2006192500031826004800000000","properties":{"id":"2006192500031826004800000000","pnu":"1221011400101910004","year":2006,"purpose":"제2종 근린생활시설","far":56.1,"floors":1,"structure":"경량철골구조"},"geometry":{"type":"MultiPolygon","coordinates":[[[[126.918552,35.142548],[126.918579,35.142493],[126.918464,35.142459],[126.91844,35.142512],[126.918552,35.142548]]]]}},{"type":"Feature","id":"2006192517971825516500000000","properties":{"id":"2006192517971825516500000000","pnu":"1221011400101970000","year":2006,"purpose":"제2종 근린생활시설"},"geometry":{"type":"MultiPolygon","coordinates":[[[[126.918772,35.142149],[126.918849,35.142003],[126.918786,35.141981],[126.91876,35.14203],[126.918714,35.142013],[126.918708,35.142025],[126.918652,35.142005],[126.918658,35.141995],[126.918615,35.141979],[126.918566,35.142071],[126.918605,35.142102],[126.91873,35.142148],[126.918772,35.142149]]]]}},{"type":"Feature","id":"2007192087691831419800000000","properties":{"id":"2007192087691831419800000000","pnu":"1221011500100730001","year":2007,"purpose":"제2종 근린생활시설","far":79.72,"floors":1,"structure":"경량철골구조"},"geometry":{"type":"MultiPolygon","coordinates":[[[[126.913884,35.1474],[126.914057,35.147441],[126.914087,35.147386],[126.913915,35.147307],[126.913884,35.1474]]]]}},{"type":"Feature","id":"2007192097011829134100000000","properties":{"id":"2007192097011829134100000000","pnu":"1221011600100670001","year":2007,"purpose":"제1종 근린생활시설","far":237.65,"floors":4,"structure":"철근콘크리트구조"},"geometry":{"type":"MultiPolygon","coordinates":[[[[126.914067,35.145233],[126.914005,35.145321],[126.914003,35.14535],[126.91411,35.145405],[126.914162,35.145337],[126.91413,35.145263],[126.914067,35.145233]]]]}},{"type":"Feature","id":"2007192335101828139600000000","properties":{"id":"2007192335101828139600000000","pnu":"1221011400100350002","year":2007,"purpose":"제2종 근린생활시설","far":76.31,"floors":2,"structure":"일반철골구조"},"geometry":{"type":"MultiPolygon","coordinates":[[[[126.916594,35.144467],[126.916787,35.144486],[126.916801,35.144385],[126.916609,35.144366],[126.916594,35.144467]]]]}},{"type":"Feature","id":"2007192362181826107700000000","properties":{"id":"2007192362181826107700000000","pnu":"1221011400100540021","year":2007,"purpose":"제2종 근린생활시설","far":131.57,"floors":3,"structure":"일반철골구조"},"geometry":{"type":"MultiPolygon","coordinates":[[[[126.916951,35.142519],[126.916899,35.142568],[126.917042,35.142671],[126.917095,35.142622],[126.916951,35.142519]]]]}},{"type":"Feature","id":"2007192390171831367800000000","properties":{"id":"2007192390171831367800000000","pnu":"1221012700100310002","year":2007,"purpose":"제2종 근린생활시설","far":175.71,"floors":3,"structure":"일반철골구조"},"geometry":{"type":"MultiPolygon","coordinates":[[[[126.917174,35.147395],[126.917236,35.147454],[126.917327,35.14739],[126.917329,35.147378],[126.917357,35.147315],[126.917381,35.147284],[126.917425,35.147307],[126.917442,35.147284],[126.917312,35.147217],[126.917287,35.147249],[126.917308,35.14726],[126.917274,35.147302],[126.917271,35.147327],[126.917174,35.147395]]]]}},{"type":"Feature","id":"2007192448211825006700000000","properties":{"id":"2007192448211825006700000000","pnu":"1221011400102110030","year":2007,"purpose":"제2종 근린생활시설","far":177.8,"floors":3,"structure":"블록구조"},"geometry":{"type":"MultiPolygon","coordinates":[[[[126.917858,35.1416],[126.917896,35.14162],[126.917899,35.141616],[126.917961,35.141648],[126.918004,35.141599],[126.917996,35.141594],[126.918001,35.141587],[126.917937,35.141563],[126.917932,35.14157],[126.917924,35.141566],[126.917894,35.141602],[126.917868,35.141588],[126.917858,35.1416]]]]}},{"type":"Feature","id":"2007192523821827908800000000","properties":{"id":"2007192523821827908800000000","pnu":"1221011200101490000","year":2007,"purpose":"제2종 근린생활시설","far":279.14,"floors":4,"structure":"일반철골구조"},"geometry":{"type":"MultiPolygon","coordinates":[[[[126.918894,35.144154],[126.918794,35.144097],[126.918645,35.14429],[126.918704,35.144325],[126.918743,35.144337],[126.918834,35.144226],[126.918835,35.144227],[126.918894,35.144154]]]]}},{"type":"Feature","id":"2008192167921829295200000000","properties":{"id":"2008192167921829295200000000","pnu":"1221011600101000004","year":2008,"purpose":"기타","far":58.84,"floors":1,"structure":"경량철골구조"},"geometry":{"type":"MultiPolygon","coordinates":[[[[126.914742,35.145459],[126.914932,35.145547],[126.914986,35.145468],[126.914863,35.145411],[126.914847,35.145435],[126.914751,35.145391],[126.91473,35.145422],[126.914758,35.145435],[126.914742,35.145459]]]]}},{"type":"Feature","id":"2008192177921828042500000000","properties":{"id":"2008192177921828042500000000","pnu":"1221011600101780000","year":2008,"purpose":"제2종 근린생활시설"},"geometry":{"type":"MultiPolygon","coordinates":[[[[126.915093,35.144128],[126.914739,35.144387],[126.914801,35.144442],[126.914828,35.144421],[126.914953,35.144533],[126.915079,35.144439],[126.915024,35.144389],[126.915163,35.144284],[126.915118,35.14424],[126.915134,35.144229],[126.915115,35.14421],[126.915152,35.144185],[126.915093,35.144128]]]]}},{"type":"Feature","id":"2008192193671829444200000000","properties":{"id":"2008192193671829444200000000","pnu":"1221011600101050001","year":2008,"purpose":"제1종 근린생활시설"},"geometry":{"type":"MultiPolygon","coordinates":[[[[126.915118,35.145602],[126.915157,35.14562],[126.915171,35.1456],[126.915132,35.145582],[126.915118,35.145602]]]]}},{"type":"Feature","id":"2008192351511831008900000000","properties":{"id":"2008192351511831008900000000","pnu":"1221011700100690001","year":2008,"purpose":"제1종 근린생활시설","far":202.0447,"floors":3,"structure":"일반철골구조"},"geometry":{"type":"MultiPolygon","coordinates":[[[[126.916958,35.147019],[126.916922,35.146986],[126.916935,35.146977],[126.916905,35.146949],[126.916869,35.146972],[126.916853,35.146957],[126.916787,35.147006],[126.916872,35.147083],[126.916958,35.147019]]]]}},{"type":"Feature","id":"2008192496691831855100000000","properties":{"id":"2008192496691831855100000000","pnu":"1221013100100190008","year":2008,"purpose":"제2종 근린생활시설","floors":5,"structure":"일반철골구조"},"geometry":{"type":"MultiPolygon","coordinates":[[[[126.918487,35.147904],[126.918617,35.147799],[126.918439,35.147651],[126.918321,35.147747],[126.918487,35.147904]]]]}},{"type":"Feature","id":"2009192107791829672600000000","properties":{"id":"2009192107791829672600000000","pnu":"1221011600100380004","year":2009,"purpose":"제2종 근린생활시설","far":69.92,"floors":1,"structure":"블록구조"},"geometry":{"type":"MultiPolygon","coordinates":[[[[126.914141,35.145817],[126.914218,35.145865],[126.914278,35.145799],[126.914193,35.145748],[126.914151,35.145795],[126.914138,35.145787],[126.914118,35.145815],[126.914134,35.145825],[126.914141,35.145817]]]]}},{"type":"Feature","id":"2009192351821831519600000000","properties":{"id":"2009192351821831519600000000","pnu":"1221012800100160000","year":2009,"purpose":"기타"},"geometry":{"type":"MultiPolygon","coordinates":[[[[126.916838,35.147475],[126.916864,35.147504],[126.916919,35.14747],[126.916891,35.147442],[126.916838,35.147475]]]]}},{"type":"Feature","id":"2009192353911831672300000000","properties":{"id":"2009192353911831672300000000","pnu":"1221012800100160000","year":2009,"purpose":"기타"},"geometry":{"type":"MultiPolygon","coordinates":[[[[126.916881,35.147603],[126.916906,35.147627],[126.91692,35.147619],[126.916896,35.147594],[126.916881,35.147603]]]]}},{"type":"Feature","id":"2009192403061827742000000000","properties":{"id":"2009192403061827742000000000","pnu":"1221011400100170002","year":2009,"purpose":"제2종 근린생활시설","far":152.10122,"floors":2,"structure":"철근콘크리트구조"},"geometry":{"type":"MultiPolygon","coordinates":[[[[126.917361,35.144091],[126.917401,35.144095],[126.917399,35.144106],[126.917429,35.144109],[126.917431,35.144099],[126.917502,35.144107],[126.917532,35.144045],[126.917383,35.144028],[126.917361,35.144091]]]]}},{"type":"Feature","id":"2010192523531829848500000000","properties":{"id":"2010192523531829848500000000","pnu":"1221011300100710006","year":2010,"purpose":"제2종 근린생활시설"},"geometry":{"type":"MultiPolygon","coordinates":[[[[126.91868,35.145975],[126.918819,35.146016],[126.918847,35.145951],[126.918737,35.145935],[126.918697,35.145923],[126.91868,35.145975]]]]}},{"type":"Feature","id":"2012192097781829742000000000","properties":{"id":"2012192097781829742000000000","pnu":"1221011600100380003","year":2012,"purpose":"제2종 근린생활시설","far":108.48,"floors":2,"structure":"일반철골구조"},"geometry":{"type":"MultiPolygon","coordinates":[[[[126.914002,35.145816],[126.913973,35.145865],[126.913986,35.145895],[126.91403,35.145888],[126.914153,35.145937],[126.914215,35.145861],[126.914127,35.145827],[126.914002,35.145816]]]]}},{"type":"Feature","id":"2012192109511829477100000000","properties":{"id":"2012192109511829477100000000","pnu":"1221011600100380007","year":2012,"purpose":"제2종 근린생활시설","far":67.318753,"floors":1,"structure":"경량철골구조"},"geometry":{"type":"MultiPolygon","coordinates":[[[[126.914209,35.145709],[126.914293,35.145591],[126.914216,35.145554],[126.914177,35.145634],[126.91416,35.145685],[126.914209,35.145709]]]]}},{"type":"Feature","id":"2012192115161829518000000000","properties":{"id":"2012192115161829518000000000","pnu":"1221011600100380009","year":2012,"purpose":"제2종 근린생활시설"},"geometry":{"type":"MultiPolygon","coordinates":[[[[126.914267,35.145742],[126.914359,35.145623],[126.914295,35.145592],[126.914207,35.145713],[126.914267,35.145742]]]]}},{"type":"Feature","id":"2012192118341829571100000000","properties":{"id":"2012192118341829571100000000","pnu":"1221011600100380009","year":2012,"purpose":"제2종 근린생활시설"},"geometry":{"type":"MultiPolygon","coordinates":[[[[126.914296,35.145789],[126.914397,35.145675],[126.914335,35.14564],[126.914239,35.145758],[126.914296,35.145789]]]]}},{"type":"Feature","id":"2012192304361829141700000000","properties":{"id":"2012192304361829141700000000","pnu":"1221011600101210000","year":2012,"purpose":"제2종 근린생활시설","floors":3,"structure":"일반철골구조"},"geometry":{"type":"MultiPolygon","coordinates":[[[[126.916201,35.145403],[126.916256,35.145426],[126.916268,35.145404],[126.916439,35.145468],[126.916468,35.145412],[126.91648,35.145414],[126.916551,35.14529],[126.916301,35.145192],[126.916264,35.145209],[126.916184,35.145349],[126.9162,35.145378],[126.916213,35.145382],[126.916201,35.145403]]]]}},{"type":"Feature","id":"2012192319171828801900000000","properties":{"id":"2012192319171828801900000000","pnu":"1221011600101320003","year":2012,"purpose":"기타"},"geometry":{"type":"MultiPolygon","coordinates":[[[[126.916443,35.14511],[126.916522,35.145159],[126.916626,35.144986],[126.916614,35.144943],[126.916537,35.144895],[126.91641,35.145031],[126.916436,35.145046],[126.916442,35.145109],[126.916443,35.14511]]]]}},{"type":"Feature","id":"2012192447481828739200000000","properties":{"id":"2012192447481828739200000000","pnu":"1221011400100060000","year":2012,"purpose":"기타","floors":5,"structure":"철근콘크리트구조"},"geometry":{"type":"MultiPolygon","coordinates":[[[[126.917868,35.145069],[126.91788,35.145062],[126.91789,35.145073],[126.91802,35.144996],[126.918022,35.144999],[126.918086,35.14496],[126.91805,35.144919],[126.918032,35.144929],[126.918025,35.144921],[126.918019,35.144925],[126.917984,35.144884],[126.917978,35.144888],[126.917968,35.144877],[126.917941,35.144894],[126.917912,35.144861],[126.917845,35.1449],[126.917874,35.144933],[126.917843,35.144952],[126.917852,35.144963],[126.91779,35.145],[126.917821,35.145035],[126.917832,35.145028],[126.917868,35.145069]]]]}},{"type":"Feature","id":"2012192487121827758700000000","properties":{"id":"2012192487121827758700000000","pnu":"1221011400101040001","year":2012,"purpose":"기타","far":52,"floors":1,"structure":"경량철골구조"},"geometry":{"type":"MultiPolygon","coordinates":[[[[126.918291,35.144098],[126.918377,35.144146],[126.918441,35.144071],[126.918354,35.144021],[126.918292,35.144097],[126.918291,35.144098]]]]}},{"type":"Feature","id":"2012192501221827836800000000","properties":{"id":"2012192501221827836800000000","pnu":"1221011400101100000","year":2012,"purpose":"제2종 근린생활시설","far":220.14,"floors":3,"structure":"철골철근콘크리트구조"},"geometry":{"type":"MultiPolygon","coordinates":[[[[126.918505,35.144095],[126.918468,35.144072],[126.918379,35.14417],[126.918516,35.144253],[126.918541,35.144226],[126.918559,35.144236],[126.918664,35.14412],[126.918582,35.14407],[126.91855,35.144105],[126.918514,35.144084],[126.918505,35.144095]]]]}},{"type":"Feature","id":"2013192170111830430000000000","properties":{"id":"2013192170111830430000000000","pnu":"1221011600100110001","year":2013,"purpose":"제2종 근린생활시설","far":207.52,"floors":3,"structure":"일반철골구조"},"geometry":{"type":"MultiPolygon","coordinates":[[[[126.914806,35.14655],[126.914883,35.14656],[126.914967,35.146455],[126.914881,35.146408],[126.914806,35.14655]]]]}},{"type":"Feature","id":"2013192209101829811700000000","properties":{"id":"2013192209101829811700000000","pnu":"1221011600101060000","year":2013,"purpose":"제1종 근린생활시설","far":221.21,"floors":4,"structure":"철근콘크리트구조"},"geometry":{"type":"MultiPolygon","coordinates":[[[[126.915241,35.145979],[126.915313,35.146003],[126.915386,35.145874],[126.915358,35.145864],[126.915347,35.145877],[126.915313,35.145866],[126.915273,35.145934],[126.915265,35.145934],[126.915241,35.145979]]]]}},{"type":"Feature","id":"2013192238541829901400000000","properties":{"id":"2013192238541829901400000000","pnu":"1221011600101070001","year":2013,"purpose":"제1종 근린생활시설","far":141.26,"floors":2,"structure":"일반철골구조"},"geometry":{"type":"MultiPolygon","coordinates":[[[[126.915619,35.145961],[126.915593,35.145982],[126.915613,35.146045],[126.915638,35.146065],[126.915692,35.146021],[126.915619,35.145961]]]]}},{"type":"Feature","id":"2013192429771828429200000000","properties":{"id":"2013192429771828429200000000","pnu":"1221011400100080008","year":2013,"purpose":"제2종 근린생활시설","far":174.49703,"floors":3,"structure":"철근콘크리트구조"},"geometry":{"type":"MultiPolygon","coordinates":[[[[126.917804,35.144759],[126.917833,35.144704],[126.917815,35.144698],[126.917828,35.144673],[126.917826,35.144672],[126.917838,35.144649],[126.917826,35.144644],[126.917813,35.144668],[126.917673,35.144618],[126.917626,35.144696],[126.917804,35.144759]]]]}},{"type":"Feature","id":"2013192541411825463800000000","properties":{"id":"2013192541411825463800000000","pnu":"1221011400101940002","year":2013,"purpose":"제2종 근린생활시설","floors":1,"structure":"일반철골구조"},"geometry":{"type":"MultiPolygon","coordinates":[[[[126.918857,35.142037],[126.919018,35.142099],[126.919062,35.142022],[126.919036,35.141977],[126.918917,35.141931],[126.918857,35.142037]]]]}}]}
