{"type":"FeatureCollection","features":[{"type":"Feature","id":"0000192545151824855600000000","properties":{"id":"0000192545151824855600000000","pnu":"1221012200101460000","purpose":"기타"},"geometry":{"type":"MultiPolygon","coordinates":[[[[126.918948,35.141498],[126.919076,35.141466],[126.919072,35.141439],[126.918937,35.141466],[126.918948,35.141498]]]]}},{"type":"Feature","id":"0000192545981826092000000000","properties":{"id":"0000192545981826092000000000","pnu":"1221011400101870001","purpose":"제2종 근린생활시설","far":66.48,"floors":3,"structure":"철근콘크리트구조"},"geometry":{"type":"MultiPolygon","coordinates":[[[[126.919008,35.142643],[126.919059,35.142529],[126.919026,35.142518],[126.918966,35.14263],[126.919008,35.142643]]]]}},{"type":"Feature","id":"0000192549101824126400000000","properties":{"id":"0000192549101824126400000000","pnu":"1221012200100970005","purpose":"기타"},"geometry":{"type":"MultiPolygon","coordinates":[[[[126.919062,35.140855],[126.919098,35.140823],[126.919041,35.140768],[126.918999,35.140797],[126.919062,35.140855]]]]}},{"type":"Feature","id":"0000192553341828683000000000","properties":{"id":"0000192553341828683000000000","pnu":"1221011200101680014","purpose":"기타"},"geometry":{"type":"MultiPolygon","coordinates":[[[[126.919119,35.144971],[126.919149,35.144895],[126.919053,35.144865],[126.919044,35.144945],[126.919119,35.144971]]]]}},{"type":"Feature","id":"0000192557651827406600000000","properties":{"id":"0000192557651827406600000000","pnu":"1221011200101410001","purpose":"공동주택"},"geometry":{"type":"MultiPolygon","coordinates":[[[[126.91908,35.143767],[126.919149,35.143804],[126.919168,35.143803],[126.919192,35.143787],[126.919204,35.143772],[126.919115,35.143722],[126.91908,35.143767]]]]}},{"type":"Feature","id":"0000192559881824198700000000","properties":{"id":"0000192559881824198700000000","pnu":"1221012200100970004","purpose":"기타"},"geometry":{"type":"MultiPolygon","coordinates":[[[[126.919204,35.140916],[126.919222,35.140897],[126.91913,35.140836],[126.919111,35.14085],[126.919204,35.140916]]]]}},{"type":"Feature","id":"0000192560381830373400000000","properties":{"id":"0000192560381830373400000000","pnu":"1221011300100130000","purpose":"기타"},"geometry":{"type":"MultiPolygon","coordinates":[[[[126.919179,35.146469],[126.919201,35.146451],[126.919156,35.146414],[126.919135,35.146431],[126.919179,35.146469]]]]}},{"type":"Feature","id":"0000192561241828439000000000","properties":{"id":"0000192561241828439000000000","pnu":"1221011200101670003","purpose":"제1종 근린생활시설"},"geometry":{"type":"MultiPolygon","coordinates":[[[[126.919185,35.144753],[126.919231,35.144663],[126.919174,35.144642],[126.919127,35.144733],[126.919185,35.144753]]]]}},{"type":"Feature","id":"0000192561681825781300000000","properties":{"id":"0000192561681825781300000000","pnu":"1221011400101860001","purpose":"단독주택"},"geometry":{"type":"MultiPolygon","coordinates":[[[[126.919167,35.142265],[126.91914,35.142313],[126.919209,35.142338],[126.919231,35.142295],[126.919167,35.142265]]]]}},{"type":"Feature","id":"0000192562211827969100000000","properties":{"id":"0000192562211827969100000000","pnu":"1221011200101570002","purpose":"단독주택","floors":2,"structure":"벽돌구조"},"geometry":{"type":"MultiPolygon","coordinates":[[[[126.91919,35.144279],[126.919191,35.144279],[126.919192,35.144278],[126.919193,35.144278],[126.919193,35.144278],[126.919194,35.144277],[126.919195,35.144277],[126.919195,35.144276],[126.919195,35.144275],[126.919195,35.144274],[126.919195,35.144273],[126.919195,35.144273],[126.919195,35.144272],[126.919194,35.144271],[126.919193,35.144271],[126.919193,35.14427],[126.919192,35.14427],[126.919191,35.14427],[126.91919,35.14427],[126.919189,35.14427],[126.919188,35.14427],[126.919187,35.14427],[126.919186,35.144271],[126.919186,35.144271],[126.919185,35.144272],[126.919185,35.144273],[126.919185,35.144273],[126.919184,35.144274],[126.919185,35.144275],[126.919185,35.144276],[126.919185,35.144276],[126.919186,35.144277],[126.919186,35.144278],[126.919187,35.144278],[126.919188,35.144278],[126.919189,35.144279],[126.91919,35.144279]]]]}},{"type":"Feature","id":"0000192562561828511400000000","properties":{"id":"0000192562561828511400000000","pnu":"1221011200101670007","purpose":"제2종 근린생활시설"},"geometry":{"type":"MultiPolygon","coordinates":[[[[126.919169,35.144746],[126.919161,35.144773],[126.919213,35.144785],[126.919225,35.144747],[126.919169,35.144746]]]]}},{"type":"Feature","id":"0000192563401827236200000000","properties":{"id":"0000192563401827236200000000","pnu":"1221011200101410001","purpose":"공동주택"},"geometry":{"type":"MultiPolygon","coordinates":[[[[126.919175,35.143628],[126.919198,35.143641],[126.919232,35.1436],[126.919209,35.143586],[126.919175,35.143628]]]]}},{"type":"Feature","id":"0000192564391828576900000000","properties":{"id":"0000192564391828576900000000","pnu":"1221011200101670007","purpose":"제2종 근린생활시설"},"geometry":{"type":"MultiPolygon","coordinates":[[[[126.919192,35.144804],[126.91918,35.144829],[126.919229,35.144845],[126.919246,35.144809],[126.919192,35.144804]]]]}},{"type":"Feature","id":"0000192566591827335500000000","properties":{"id":"0000192566591827335500000000","pnu":"1221011200101410001","purpose":"공동주택"},"geometry":{"type":"MultiPolygon","coordinates":[[[[126.919148,35.143706],[126.919254,35.143765],[126.919305,35.143714],[126.919313,35.143703],[126.919332,35.143665],[126.919296,35.143637],[126.919284,35.143651],[126.91931,35.143664],[126.91929,35.14369],[126.919296,35.143693],[126.919288,35.143704],[126.919194,35.14365],[126.919148,35.143706]]]]}},{"type":"Feature","id":"0000192570051825824700000000","properties":{"id":"0000192570051825824700000000","pnu":"1221011400101860001","purpose":"단독주택"},"geometry":{"type":"MultiPolygon","coordinates":[[[[126.919238,35.142303],[126.919221,35.142341],[126.919321,35.142382],[126.919331,35.142338],[126.919238,35.142303]]]]}},{"type":"Feature","id":"0000192570311824499500000000","properties":{"id":"0000192570311824499500000000","pnu":"1221012200101580003","purpose":"단독주택","far":41.1,"floors":1,"structure":"목구조"},"geometry":{"type":"MultiPolygon","coordinates":[[[[126.919199,35.141166],[126.91922,35.141182],[126.91928,35.141151],[126.919316,35.141154],[126.919324,35.141186],[126.919351,35.141182],[126.919337,35.141118],[126.919297,35.141116],[126.919258,35.141119],[126.919211,35.14115],[126.919199,35.141166]]]]}},{"type":"Feature","id":"0000192574161828603900000000","properties":{"id":"0000192574161828603900000000","pnu":"1221011200101670007","purpose":"제2종 근린생활시설"},"geometry":{"type":"MultiPolygon","coordinates":[[[[126.919306,35.144811],[126.9193,35.144824],[126.919272,35.144815],[126.919254,35.144853],[126.919359,35.144886],[126.919383,35.144836],[126.919306,35.144811]]]]}},{"type":"Feature","id":"0000192575531823709300000000","properties":{"id":"0000192575531823709300000000","pnu":"1221012200109940010","purpose":"기타","floors":1,"structure":"일반목구조"},"geometry":{"type":"MultiPolygon","coordinates":[[[[126.919374,35.140478],[126.919409,35.140448],[126.919352,35.140412],[126.919301,35.140393],[126.919272,35.140425],[126.919374,35.140478]]]]}},{"type":"Feature","id":"0000192577321823925600000000","properties":{"id":"0000192577321823925600000000","pnu":"1221012200100950015","purpose":"단독주택","far":52.83,"floors":1,"structure":"일반목구조"},"geometry":{"type":"MultiPolygon","coordinates":[[[[126.919384,35.140681],[126.91942,35.140649],[126.919333,35.14058],[126.919298,35.140607],[126.919384,35.140681]]]]}},{"type":"Feature","id":"0000192577451826817600000000","properties":{"id":"0000192577451826817600000000","pnu":"1221011400101640004","purpose":"단독주택"},"geometry":{"type":"MultiPolygon","coordinates":[[[[126.91934,35.143292],[126.919421,35.143219],[126.919371,35.143182],[126.919344,35.143201],[126.919349,35.143208],[126.919297,35.143257],[126.91934,35.143292]]]]}},{"type":"Feature","id":"0000192578371825767200000000","properties":{"id":"0000192578371825767200000000","pnu":"1221011400101840000","purpose":"기타"},"geometry":{"type":"MultiPolygon","coordinates":[[[[126.919349,35.142155],[126.91933,35.142391],[126.919319,35.142412],[126.919367,35.142436],[126.919389,35.142407],[126.919412,35.142182],[126.919415,35.14216],[126.919349,35.142155]]]]}},{"type":"Feature","id":"0000192578911825966200000000","properties":{"id":"0000192578911825966200000000","pnu":"1221011400101840000","purpose":"기타"},"geometry":{"type":"MultiPolygon","coordinates":[[[[126.919426,35.142518],[126.919452,35.142474],[126.919329,35.14242],[126.919298,35.142467],[126.919426,35.142518]]]]}},{"type":"Feature","id":"0000192579981824418300000000","properties":{"id":"0000192579981824418300000000","pnu":"1221012200101000001","purpose":"기타"},"geometry":{"type":"MultiPolygon","coordinates":[[[[126.919373,35.141096],[126.919419,35.141071],[126.919406,35.141051],[126.919356,35.141077],[126.919373,35.141096]]]]}},{"type":"Feature","id":"0000192581561825607900000000","properties":{"id":"0000192581561825607900000000","pnu":"1221011400101830001","purpose":"기타"},"geometry":{"type":"MultiPolygon","coordinates":[[[[126.919463,35.142147],[126.91937,35.142112],[126.919346,35.142154],[126.919415,35.14216],[126.919412,35.142182],[126.919449,35.14217],[126.919463,35.142147]]]]}},{"type":"Feature","id":"0000192583951824296500000000","properties":{"id":"0000192583951824296500000000","pnu":"1221012200101020001","purpose":"기타"},"geometry":{"type":"MultiPolygon","coordinates":[[[[126.919425,35.140992],[126.919463,35.140954],[126.919436,35.140936],[126.919402,35.140976],[126.919425,35.140992]]]]}},{"type":"Feature","id":"0000192585661826941600000000","properties":{"id":"0000192585661826941600000000","pnu":"1221011400101650000","purpose":"제1종 근린생활시설"},"geometry":{"type":"MultiPolygon","coordinates":[[[[126.91936,35.14336],[126.919401,35.143401],[126.919532,35.143339],[126.919503,35.143294],[126.91936,35.14336]]]]}},{"type":"Feature","id":"0000192590471827504500000000","properties":{"id":"0000192590471827504500000000","pnu":"1221011200101390001","purpose":"기타"},"geometry":{"type":"MultiPolygon","coordinates":[[[[126.919501,35.143795],[126.91941,35.143888],[126.919452,35.143906],[126.919462,35.143892],[126.919485,35.143898],[126.919505,35.143878],[126.919542,35.143896],[126.919585,35.143846],[126.919501,35.143795]]]]}},{"type":"Feature","id":"0000192591351825879100000000","properties":{"id":"0000192591351825879100000000","pnu":"1221011400101840000","purpose":"기타"},"geometry":{"type":"MultiPolygon","coordinates":[[[[126.919521,35.142431],[126.919562,35.142378],[126.919502,35.142347],[126.919462,35.142408],[126.919521,35.142431]]]]}},{"type":"Feature","id":"0000192604181823482400000000","properties":{"id":"0000192604181823482400000000","pnu":"1221012200100920017","purpose":"기타"},"geometry":{"type":"MultiPolygon","coordinates":[[[[126.91957,35.140178],[126.919663,35.140241],[126.919615,35.14029],[126.919648,35.140312],[126.919739,35.140243],[126.919598,35.140148],[126.91957,35.140178]]]]}},{"type":"Feature","id":"0000192608601824504800000000","properties":{"id":"0000192608601824504800000000","pnu":"1221012200101570003","purpose":"단독주택"},"geometry":{"type":"MultiPolygon","coordinates":[[[[126.919608,35.141116],[126.919767,35.141214],[126.919794,35.141185],[126.919633,35.14109],[126.919608,35.141116]]]]}},{"type":"Feature","id":"0000192612381830411700000000","properties":{"id":"0000192612381830411700000000","pnu":"1221011300100270001","purpose":"기타"},"geometry":{"type":"MultiPolygon","coordinates":[[[[126.919761,35.146501],[126.919775,35.14648],[126.919716,35.146452],[126.919701,35.146472],[126.919761,35.146501]]]]}},{"type":"Feature","id":"0000192614431826139100000000","properties":{"id":"0000192614431826139100000000","pnu":"1221011400101740001","purpose":"기타"},"geometry":{"type":"MultiPolygon","coordinates":[[[[126.919719,35.142578],[126.919693,35.142613],[126.91981,35.142672],[126.919836,35.142637],[126.919719,35.142578]]]]}},{"type":"Feature","id":"0000192619311830494100000000","properties":{"id":"0000192619311830494100000000","pnu":"1221011300100130000","purpose":"기타"},"geometry":{"type":"MultiPolygon","coordinates":[[[[126.919807,35.146585],[126.919843,35.146525],[126.919821,35.146516],[126.919785,35.146576],[126.919807,35.146585]]]]}},{"type":"Feature","id":"0000192619461823687400000000","properties":{"id":"0000192619461823687400000000","pnu":"1221012200100920000","purpose":"기타"},"geometry":{"type":"MultiPolygon","coordinates":[[[[126.919796,35.140455],[126.919824,35.140461],[126.919847,35.140383],[126.919823,35.140363],[126.919796,35.140455]]]]}},{"type":"Feature","id":"0000192622501825032600000000","properties":{"id":"0000192622501825032600000000","pnu":"1221012200101340003","purpose":"기타"},"geometry":{"type":"MultiPolygon","coordinates":[[[[126.91989,35.141673],[126.919913,35.141638],[126.919823,35.141583],[126.919794,35.141618],[126.91989,35.141673]]]]}},{"type":"Feature","id":"0000192625671827204700000000","properties":{"id":"0000192625671827204700000000","pnu":"1221011200101310000","purpose":"제1종 근린생활시설","floors":2,"structure":"일반목구조"},"geometry":{"type":"MultiPolygon","coordinates":[[[[126.91992,35.14364],[126.91995,35.143577],[126.919839,35.143542],[126.919817,35.143572],[126.91992,35.14364]]]]}},{"type":"Feature","id":"0000192629371826971900000000","properties":{"id":"0000192629371826971900000000","pnu":"1221011200101300001","purpose":"기타"},"geometry":{"type":"MultiPolygon","coordinates":[[[[126.919929,35.143417],[126.91997,35.143348],[126.919925,35.143337],[126.919886,35.143401],[126.919929,35.143417]]]]}},{"type":"Feature","id":"0000192629861824603400000000","properties":{"id":"0000192629861824603400000000","pnu":"1221012200101290000","purpose":"기타"},"geometry":{"type":"MultiPolygon","coordinates":[[[[126.919956,35.141271],[126.91998,35.141249],[126.919913,35.14121],[126.919893,35.141235],[126.919956,35.141271]]]]}},{"type":"Feature","id":"0000192635901828338900000000","properties":{"id":"0000192635901828338900000000","pnu":"1221011200100350003","purpose":"기타"},"geometry":{"type":"MultiPolygon","coordinates":[[[[126.91992,35.144619],[126.920045,35.144664],[126.92008,35.144612],[126.920015,35.144583],[126.920019,35.144568],[126.919965,35.144547],[126.91992,35.144619]]]]}},{"type":"Feature","id":"0000192637051831300500000000","properties":{"id":"0000192637051831300500000000","pnu":"1221011300100130000","purpose":"기타"},"geometry":{"type":"MultiPolygon","coordinates":[[[[126.920056,35.147322],[126.92008,35.147286],[126.919961,35.147233],[126.919937,35.147269],[126.920056,35.147322]]]]}},{"type":"Feature","id":"0000192639611822377400000000","properties":{"id":"0000192639611822377400000000","pnu":"1221012200100810001","purpose":"기타"},"geometry":{"type":"MultiPolygon","coordinates":[[[[126.920081,35.139277],[126.920101,35.139245],[126.920013,35.139194],[126.919985,35.139222],[126.920081,35.139277]]]]}},{"type":"Feature","id":"0000192640071824491900000000","properties":{"id":"0000192640071824491900000000","pnu":"1221012200101060008","purpose":"기타"},"geometry":{"type":"MultiPolygon","coordinates":[[[[126.920076,35.141182],[126.920108,35.141135],[126.920018,35.1411],[126.919987,35.141145],[126.920076,35.141182]]]]}},{"type":"Feature","id":"0000192642171826341000000000","properties":{"id":"0000192642171826341000000000","pnu":"1221011200101210000","purpose":"기타"},"geometry":{"type":"MultiPolygon","coordinates":[[[[126.920106,35.142841],[126.920125,35.142815],[126.920034,35.142774],[126.920011,35.142799],[126.920106,35.142841]]]]}},{"type":"Feature","id":"0000192642821824423200000000","properties":{"id":"0000192642821824423200000000","pnu":"1221012200101060008","purpose":"기타"},"geometry":{"type":"MultiPolygon","coordinates":[[[[126.920097,35.141113],[126.920123,35.141075],[126.920056,35.141046],[126.920033,35.141081],[126.920097,35.141113]]]]}},{"type":"Feature","id":"0000192643641823203300000000","properties":{"id":"0000192643641823203300000000","pnu":"1221012200100550022","purpose":"기타"},"geometry":{"type":"MultiPolygon","coordinates":[[[[126.920055,35.14002],[126.920145,35.139964],[126.920121,35.139938],[126.920031,35.139995],[126.920055,35.14002]]]]}},{"type":"Feature","id":"0000192644311828372900000000","properties":{"id":"0000192644311828372900000000","pnu":"1221011200100350003","purpose":"기타"},"geometry":{"type":"MultiPolygon","coordinates":[[[[126.92008,35.144685],[126.920137,35.144605],[126.9201,35.144594],[126.920045,35.144669],[126.92008,35.144685]]]]}},{"type":"Feature","id":"0000192649151827495200000000","properties":{"id":"0000192649151827495200000000","pnu":"1221011200101000003","purpose":"기타"},"geometry":{"type":"MultiPolygon","coordinates":[[[[126.920155,35.143886],[126.920175,35.143818],[126.920139,35.143809],[126.92011,35.143873],[126.920155,35.143886]]]]}},{"type":"Feature","id":"0000192649571828526700000000","properties":{"id":"0000192649571828526700000000","pnu":"1221011200100330001","purpose":"기타"},"geometry":{"type":"MultiPolygon","coordinates":[[[[126.920076,35.144718],[126.920052,35.144747],[126.920224,35.144838],[126.920243,35.144807],[126.920076,35.144718]]]]}},{"type":"Feature","id":"0000192650861824485100000000","properties":{"id":"0000192650861824485100000000","pnu":"1221012200101060008","purpose":"기타"},"geometry":{"type":"MultiPolygon","coordinates":[[[[126.920238,35.141086],[126.920173,35.141058],[126.920095,35.141183],[126.920154,35.141213],[126.920238,35.141086]]]]}},{"type":"Feature","id":"0000192650991823132600000000","properties":{"id":"0000192650991823132600000000","pnu":"1221012200100550023","purpose":"기타"},"geometry":{"type":"MultiPolygon","coordinates":[[[[126.920198,35.139868],[126.920114,35.13992],[126.920158,35.139967],[126.920219,35.139893],[126.920198,35.139868]]]]}},{"type":"Feature","id":"0000192655941829683700000000","properties":{"id":"0000192655941829683700000000","pnu":"1221011800100650000","purpose":"기타"},"geometry":{"type":"MultiPolygon","coordinates":[[[[126.920248,35.145846],[126.920258,35.145808],[126.920186,35.145795],[126.920176,35.145833],[126.920248,35.145846]]]]}},{"type":"Feature","id":"0000192656321824519600000000","properties":{"id":"0000192656321824519600000000","pnu":"1221012200101060001","purpose":"기타"},"geometry":{"type":"MultiPolygon","coordinates":[[[[126.920201,35.141233],[126.920282,35.14112],[126.92025,35.141099],[126.920169,35.141213],[126.920201,35.141233]]]]}},{"type":"Feature","id":"0000192658191822142700000000","properties":{"id":"0000192658191822142700000000","pnu":"1221012200100550032","purpose":"기타"},"geometry":{"type":"MultiPolygon","coordinates":[[[[126.920352,35.139109],[126.920376,35.139079],[126.920141,35.138938],[126.920116,35.138962],[126.920352,35.139109]]]]}},{"type":"Feature","id":"0000192660561828637900000000","properties":{"id":"0000192660561828637900000000","pnu":"1221011200100330001","purpose":"제1종 근린생활시설"},"geometry":{"type":"MultiPolygon","coordinates":[[[[126.920245,35.144938],[126.920321,35.144832],[126.920288,35.144821],[126.920218,35.144923],[126.920245,35.144938]]]]}},{"type":"Feature","id":"0000192661341828747500000000","properties":{"id":"0000192661341828747500000000","pnu":"1221011200100330000","purpose":"기타"},"geometry":{"type":"MultiPolygon","coordinates":[[[[126.920285,35.145036],[126.920335,35.144946],[126.92027,35.14492],[126.920218,35.145],[126.920285,35.145036]]]]}},{"type":"Feature","id":"0000192663331829764800000000","properties":{"id":"0000192663331829764800000000","pnu":"1221011800100560016","purpose":"기타"},"geometry":{"type":"MultiPolygon","coordinates":[[[[126.920351,35.14593],[126.92037,35.145882],[126.920313,35.145867],[126.920329,35.145828],[126.920285,35.145816],[126.920269,35.145854],[126.920276,35.145856],[126.920234,35.14596],[126.920271,35.145971],[126.920293,35.145914],[126.920351,35.14593]]]]}},{"type":"Feature","id":"0000192666761826928600000000","properties":{"id":"0000192666761826928600000000","pnu":"1221011200101090000","purpose":"기타"},"geometry":{"type":"MultiPolygon","coordinates":[[[[126.920362,35.143382],[126.920395,35.143313],[126.920344,35.143297],[126.92034,35.143304],[126.920309,35.143296],[126.920281,35.14336],[126.920362,35.143382]]]]}},{"type":"Feature","id":"0000192666791826764500000000","properties":{"id":"0000192666791826764500000000","pnu":"1221011200101100001","purpose":"단독주택"},"geometry":{"type":"MultiPolygon","coordinates":[[[[126.920262,35.143212],[126.920414,35.14326],[126.920425,35.14323],[126.92036,35.143205],[126.920387,35.14314],[126.920309,35.143116],[126.920262,35.143212]]]]}},{"type":"Feature","id":"0000192670251831332400000000","properties":{"id":"0000192670251831332400000000","pnu":"1221011300100130000","purpose":"기타"},"geometry":{"type":"MultiPolygon","coordinates":[[[[126.920528,35.147233],[126.920363,35.147159],[126.920217,35.14738],[126.920382,35.147454],[126.920528,35.147233]]]]}},{"type":"Feature","id":"0000192672111824870600000000","properties":{"id":"0000192672111824870600000000","pnu":"1221012200101080003","purpose":"기타"},"geometry":{"type":"MultiPolygon","coordinates":[[[[126.920429,35.141521],[126.920448,35.141485],[126.920344,35.141446],[126.920344,35.141462],[126.920429,35.141521]]]]}},{"type":"Feature","id":"0000192673871825433400000000","properties":{"id":"0000192673871825433400000000","pnu":"1221012200101130004","purpose":"기타"},"geometry":{"type":"MultiPolygon","coordinates":[[[[126.920442,35.142036],[126.920478,35.141971],[126.920398,35.141941],[126.920355,35.142009],[126.920442,35.142036]]]]}},{"type":"Feature","id":"0000192674001826924300000000","properties":{"id":"0000192674001826924300000000","pnu":"1221011200101090000","purpose":"기타"},"geometry":{"type":"MultiPolygon","coordinates":[[[[126.920396,35.143393],[126.920465,35.143283],[126.920441,35.143271],[126.920369,35.143386],[126.920396,35.143393]]]]}},{"type":"Feature","id":"0000192676461824746800000000","properties":{"id":"0000192676461824746800000000","pnu":"1221012200101080003","purpose":"기타"},"geometry":{"type":"MultiPolygon","coordinates":[[[[126.920491,35.141406],[126.920506,35.141373],[126.920403,35.141334],[126.920389,35.141371],[126.920491,35.141406]]]]}},{"type":"Feature","id":"0000192676931827420200000000","properties":{"id":"0000192676931827420200000000","pnu":"1221011200101120009","purpose":"기타"},"geometry":{"type":"MultiPolygon","coordinates":[[[[126.920473,35.143818],[126.920483,35.143757],[126.920424,35.143748],[126.920413,35.143797],[126.920473,35.143818]]]]}},{"type":"Feature","id":"0000192685211821433600000000","properties":{"id":"0000192685211821433600000000","pnu":"1221012200100810021","purpose":"기타","floors":1,"structure":"일반목구조"},"geometry":{"type":"MultiPolygon","coordinates":[[[[126.920534,35.138446],[126.920616,35.138366],[126.920561,35.138325],[126.920473,35.138398],[126.920534,35.138446]]]]}},{"type":"Feature","id":"0000192690551831038000000000","properties":{"id":"0000192690551831038000000000","pnu":"1221011300100130000","purpose":"기타"},"geometry":{"type":"MultiPolygon","coordinates":[[[[126.92057,35.147192],[126.920738,35.146943],[126.920621,35.146891],[126.920454,35.147139],[126.92057,35.147192]]]]}},{"type":"Feature","id":"0000192693451827695100000000","properties":{"id":"0000192693451827695100000000","pnu":"1221011200100950002","purpose":"기타"},"geometry":{"type":"MultiPolygon","coordinates":[[[[126.920624,35.144083],[126.920667,35.143983],[126.920637,35.143974],[126.920593,35.144072],[126.920624,35.144083]]]]}},{"type":"Feature","id":"0000192694181821345100000000","properties":{"id":"0000192694181821345100000000","pnu":"1221012200100810022","purpose":"기타"},"geometry":{"type":"MultiPolygon","coordinates":[[[[126.920651,35.13835],[126.920698,35.138313],[126.920637,35.13826],[126.920589,35.138296],[126.920651,35.13835]]]]}},{"type":"Feature","id":"0000192694471822380900000000","properties":{"id":"0000192694471822380900000000","pnu":"1221012200100550032","purpose":"기타"},"geometry":{"type":"MultiPolygon","coordinates":[[[[126.920639,35.13927],[126.920681,35.139222],[126.920652,35.139207],[126.920612,35.139254],[126.920639,35.13927]]]]}},{"type":"Feature","id":"0000192695041824955100000000","properties":{"id":"0000192695041824955100000000","pnu":"1221012200101100000","purpose":"제2종 근린생활시설","far":49.61,"floors":1,"structure":"일반목구조"},"geometry":{"type":"MultiPolygon","coordinates":[[[[126.920586,35.141562],[126.920684,35.141604],[126.920715,35.141555],[126.920616,35.141513],[126.920586,35.141562]]]]}},{"type":"Feature","id":"0000192697271821706200000000","properties":{"id":"0000192697271821706200000000","pnu":"1221012200100810014","purpose":"기타"},"geometry":{"type":"MultiPolygon","coordinates":[[[[126.920698,35.138675],[126.920733,35.138649],[126.920652,35.138585],[126.920623,35.138608],[126.920698,35.138675]]]]}},{"type":"Feature","id":"0000192699981822312400000000","properties":{"id":"0000192699981822312400000000","pnu":"1221012200100550032","purpose":"기타"},"geometry":{"type":"MultiPolygon","coordinates":[[[[126.920719,35.139143],[126.920672,35.139196],[126.920694,35.13921],[126.920742,35.139157],[126.920719,35.139143]]]]}},{"type":"Feature","id":"0000192712311824326200000000","properties":{"id":"0000192712311824326200000000","pnu":"1221012200100690000","purpose":"기타"},"geometry":{"type":"MultiPolygon","coordinates":[[[[126.920791,35.141086],[126.920936,35.140933],[126.920884,35.140898],[126.920744,35.141058],[126.920791,35.141086]]]]}},{"type":"Feature","id":"0000192717911823443200000000","properties":{"id":"0000192717911823443200000000","pnu":"1221012200100740005","purpose":"기타","floors":1,"structure":"일반목구조"},"geometry":{"type":"MultiPolygon","coordinates":[[[[126.920909,35.140245],[126.920958,35.140181],[126.920896,35.140146],[126.920847,35.140211],[126.920909,35.140245]]]]}},{"type":"Feature","id":"0000192721841831039400000000","properties":{"id":"0000192721841831039400000000","pnu":"1221011300100120002","purpose":"기타"},"geometry":{"type":"MultiPolygon","coordinates":[[[[126.920834,35.147014],[126.921007,35.147095],[126.921039,35.147049],[126.921012,35.147037],[126.920998,35.147057],[126.920852,35.146988],[126.920834,35.147014]]]]}},{"type":"Feature","id":"0000192722621824978300000000","properties":{"id":"0000192722621824978300000000","pnu":"1221012200101100017","purpose":"기타"},"geometry":{"type":"MultiPolygon","coordinates":[[[[126.920898,35.141592],[126.920964,35.141623],[126.921006,35.141568],[126.920944,35.141535],[126.920898,35.141592]]]]}},{"type":"Feature","id":"0000192722831827719700000000","properties":{"id":"0000192722831827719700000000","pnu":"1221011200100910000","purpose":"기타"},"geometry":{"type":"MultiPolygon","coordinates":[[[[126.920985,35.144081],[126.921008,35.144041],[126.920913,35.144023],[126.9209,35.144058],[126.920985,35.144081]]]]}},{"type":"Feature","id":"0000192725021821234100000000","properties":{"id":"0000192725021821234100000000","pnu":"1221012200100550000","purpose":"기타"},"geometry":{"type":"MultiPolygon","coordinates":[[[[126.921001,35.138233],[126.921018,35.138219],[126.920964,35.138177],[126.920947,35.138191],[126.921001,35.138233]]]]}},{"type":"Feature","id":"0000192739671823107400000000","properties":{"id":"0000192739671823107400000000","pnu":"1221012200100550089","purpose":"기타"},"geometry":{"type":"MultiPolygon","coordinates":[[[[126.921088,35.139988],[126.921234,35.139821],[126.921198,35.139797],[126.921048,35.139966],[126.921088,35.139988]]]]}},{"type":"Feature","id":"0000192747431827380200000000","properties":{"id":"0000192747431827380200000000","pnu":"1221011200100860003","purpose":"제1종 근린생활시설","far":55.33,"floors":1,"structure":"일반목구조"},"geometry":{"type":"MultiPolygon","coordinates":[[[[126.921181,35.143731],[126.921203,35.143753],[126.921187,35.143758],[126.921218,35.143826],[126.921227,35.143822],[126.921277,35.143769],[126.921222,35.143663],[126.921168,35.143714],[126.921176,35.143733],[126.921181,35.143731]]]]}},{"type":"Feature","id":"0000192751721822973500000000","properties":{"id":"0000192751721822973500000000","pnu":"1221012200100550089","purpose":"기타"},"geometry":{"type":"MultiPolygon","coordinates":[[[[126.92119,35.139779],[126.921296,35.13984],[126.921356,35.139763],[126.921255,35.139707],[126.92119,35.139779]]]]}},{"type":"Feature","id":"0000192762651831692700000000","properties":{"id":"0000192762651831692700000000","pnu":"1221011300100060002","purpose":"기타"},"geometry":{"type":"MultiPolygon","coordinates":[[[[126.921377,35.147668],[126.921425,35.147613],[126.921395,35.147596],[126.921348,35.147652],[126.921377,35.147668]]]]}},{"type":"Feature","id":"0000192764451827286600000000","properties":{"id":"0000192764451827286600000000","pnu":"1221011200100870001","purpose":"기타"},"geometry":{"type":"MultiPolygon","coordinates":[[[[126.921425,35.143695],[126.921454,35.14366],[126.921395,35.143626],[126.921366,35.143661],[126.921425,35.143695]]]]}},{"type":"Feature","id":"0000192764881826826500000000","properties":{"id":"0000192764881826826500000000","pnu":"1221011200100800001","purpose":"단독주택","far":58.61,"floors":1,"structure":"일반목구조"},"geometry":{"type":"MultiPolygon","coordinates":[[[[126.921428,35.143308],[126.921451,35.143254],[126.921435,35.143248],[126.921453,35.143189],[126.921412,35.143177],[126.921368,35.143288],[126.921428,35.143308]]]]}},{"type":"Feature","id":"0000192765031823777100000000","properties":{"id":"0000192765031823777100000000","pnu":"1221012200100690000","purpose":"기타"},"geometry":{"type":"MultiPolygon","coordinates":[[[[126.921328,35.140512],[126.921432,35.140573],[126.921511,35.140482],[126.921407,35.140421],[126.921328,35.140512]]]]}},{"type":"Feature","id":"0000192765361824312000000000","properties":{"id":"0000192765361824312000000000","pnu":"1221012200100650001","purpose":"단독주택","far":62.98,"floors":2,"structure":"일반목구조"},"geometry":{"type":"MultiPolygon","coordinates":[[[[126.921432,35.14105],[126.921501,35.140957],[126.92141,35.140911],[126.921345,35.141],[126.921432,35.14105]]]]}},{"type":"Feature","id":"0000192765441822260900000000","properties":{"id":"0000192765441822260900000000","pnu":"1221012200100550000","purpose":"기타"},"geometry":{"type":"MultiPolygon","coordinates":[[[[126.921568,35.138968],[126.921233,35.139254],[126.921281,35.139294],[126.921618,35.139007],[126.921568,35.138968]]]]}},{"type":"Feature","id":"0000192771941823879000000000","properties":{"id":"0000192771941823879000000000","pnu":"1221012200100650010","purpose":"기타"},"geometry":{"type":"MultiPolygon","coordinates":[[[[126.921512,35.140622],[126.921538,35.14059],[126.921477,35.140557],[126.921452,35.140586],[126.921512,35.140622]]]]}},{"type":"Feature","id":"0000192778791827314700000000","properties":{"id":"0000192778791827314700000000","pnu":"1221011200100870001","purpose":"기타"},"geometry":{"type":"MultiPolygon","coordinates":[[[[126.92146,35.143695],[126.921612,35.143739],[126.921658,35.143646],[126.921613,35.143628],[126.921584,35.143679],[126.921482,35.143651],[126.92146,35.143695]]]]}},{"type":"Feature","id":"0000192779721823459500000000","properties":{"id":"0000192779721823459500000000","pnu":"1221012200100550081","purpose":"기타"},"geometry":{"type":"MultiPolygon","coordinates":[[[[126.921567,35.140249],[126.921625,35.140191],[126.921595,35.140174],[126.921537,35.14023],[126.921567,35.140249]]]]}},{"type":"Feature","id":"0000192782461823794200000000","properties":{"id":"0000192782461823794200000000","pnu":"1221012200100650010","purpose":"제2종 근린생활시설","far":73.04,"floors":1,"structure":"일반목구조"},"geometry":{"type":"MultiPolygon","coordinates":[[[[126.921701,35.140479],[126.921612,35.140435],[126.921519,35.140538],[126.921611,35.140594],[126.921701,35.140479]]]]}},{"type":"Feature","id":"0000192784121823374400000000","properties":{"id":"0000192784121823374400000000","pnu":"1221012200100610013","purpose":"기타"},"geometry":{"type":"MultiPolygon","coordinates":[[[[126.921629,35.14018],[126.921674,35.140145],[126.921642,35.14008],[126.921577,35.140141],[126.921629,35.14018]]]]}},{"type":"Feature","id":"0000192786121828057100000000","properties":{"id":"0000192786121828057100000000","pnu":"1221011800101110002","purpose":"기타"},"geometry":{"type":"MultiPolygon","coordinates":[[[[126.921706,35.144344],[126.921606,35.144318],[126.921588,35.144367],[126.921688,35.144392],[126.921706,35.144344]]]]}},{"type":"Feature","id":"0000192798361828075000000000","properties":{"id":"0000192798361828075000000000","pnu":"1221011800101110002","purpose":"기타"},"geometry":{"type":"MultiPolygon","coordinates":[[[[126.92173,35.144325],[126.921706,35.144381],[126.921833,35.144418],[126.921856,35.144361],[126.92173,35.144325]]]]}},{"type":"Feature","id":"0000192799351828779500000000","properties":{"id":"0000192799351828779500000000","pnu":"1221011800100890001","purpose":"제1종 근린생활시설","floors":1,"structure":"벽돌구조"},"geometry":{"type":"MultiPolygon","coordinates":[[[[126.921792,35.145107],[126.921873,35.145019],[126.921852,35.144995],[126.921843,35.145],[126.921825,35.144979],[126.921838,35.144966],[126.92176,35.14494],[126.921764,35.144931],[126.921729,35.144919],[126.921714,35.144934],[126.921792,35.145107]]]]}},{"type":"Feature","id":"0000192803111823596500000000","properties":{"id":"0000192803111823596500000000","pnu":"1221012200100550075","purpose":"기타"},"geometry":{"type":"MultiPolygon","coordinates":[[[[126.921857,35.140406],[126.921909,35.140338],[126.921881,35.1403],[126.921821,35.140265],[126.921758,35.14034],[126.921857,35.140406]]]]}},{"type":"Feature","id":"0000192803141822804500000000","properties":{"id":"0000192803141822804500000000","pnu":"1221012200100570005","purpose":"단독주택","floors":1,"structure":"블록구조"},"geometry":{"type":"MultiPolygon","coordinates":[[[[126.92181,35.139646],[126.921877,35.139627],[126.921867,35.139597],[126.921801,35.139614],[126.92181,35.139646]]]]}},{"type":"Feature","id":"0000192804711826901700000000","properties":{"id":"0000192804711826901700000000","pnu":"1221011200100680000","purpose":"제2종 근린생활시설","floors":1,"structure":"블록구조"},"geometry":{"type":"MultiPolygon","coordinates":[[[[126.921907,35.143272],[126.921815,35.143261],[126.921798,35.143357],[126.921889,35.143367],[126.921907,35.143272]]]]}},{"type":"Feature","id":"0000192809531822631100000000","properties":{"id":"0000192809531822631100000000","pnu":"1221012200100570004","purpose":"기타"},"geometry":{"type":"MultiPolygon","coordinates":[[[[126.921871,35.139533],[126.922001,35.13946],[126.921952,35.139395],[126.921813,35.13947],[126.921871,35.139533]]]]}},{"type":"Feature","id":"0000192813461823343500000000","properties":{"id":"0000192813461823343500000000","pnu":"1221012200100610010","purpose":"기타"},"geometry":{"type":"MultiPolygon","coordinates":[[[[126.921931,35.140188],[126.922022,35.140107],[126.921986,35.140041],[126.921879,35.140081],[126.921931,35.140188]]]]}},{"type":"Feature","id":"0000192816361827187900000000","properties":{"id":"0000192816361827187900000000","pnu":"1221011800101210000","purpose":"기타"},"geometry":{"type":"MultiPolygon","coordinates":[[[[126.922022,35.143558],[126.921936,35.14354],[126.921931,35.143557],[126.921956,35.143589],[126.922013,35.14361],[126.922022,35.143558]]]]}},{"type":"Feature","id":"0000192823651822670000000000","properties":{"id":"0000192823651822670000000000","pnu":"1221012200100550135","purpose":"기타"},"geometry":{"type":"MultiPolygon","coordinates":[[[[126.922017,35.139545],[126.922145,35.139507],[126.922126,35.13946],[126.922054,35.139479],[126.922043,35.139466],[126.921986,35.139484],[126.922017,35.139545]]]]}},{"type":"Feature","id":"0000192823831828283900000000","properties":{"id":"0000192823831828283900000000","pnu":"1221011800101100000","purpose":"제2종 근린생활시설","far":59.07,"floors":1,"structure":"경량철골구조"},"geometry":{"type":"MultiPolygon","coordinates":[[[[126.921988,35.144574],[126.922063,35.144628],[126.922104,35.144588],[126.922091,35.144579],[126.922132,35.14454],[126.922066,35.144493],[126.922002,35.144553],[126.922008,35.144556],[126.921988,35.144574]]]]}},{"type":"Feature","id":"0000192824281822839000000000","properties":{"id":"0000192824281822839000000000","pnu":"1221012200100550113","purpose":"기타"},"geometry":{"type":"MultiPolygon","coordinates":[[[[126.92212,35.139724],[126.922056,35.139573],[126.92202,35.139582],[126.922088,35.139734],[126.92212,35.139724]]]]}},{"type":"Feature","id":"0000192825101827758000000000","properties":{"id":"0000192825101827758000000000","pnu":"1221011800101170006","purpose":"기타"},"geometry":{"type":"MultiPolygon","coordinates":[[[[126.922078,35.144127],[126.922125,35.14407],[126.922073,35.144042],[126.922025,35.144106],[126.922078,35.144127]]]]}},{"type":"Feature","id":"0000192829201823337500000000","properties":{"id":"0000192829201823337500000000","pnu":"1221012200100610010","purpose":"기타"},"geometry":{"type":"MultiPolygon","coordinates":[[[[126.922124,35.140059],[126.922078,35.140121],[126.922124,35.140144],[126.922169,35.140082],[126.922124,35.140059]]]]}},{"type":"Feature","id":"0000192831731822806100000000","properties":{"id":"0000192831731822806100000000","pnu":"1221012200100550111","purpose":"기타"},"geometry":{"type":"MultiPolygon","coordinates":[[[[126.922136,35.139721],[126.922241,35.139688],[126.922158,35.139522],[126.922069,35.139551],[126.922136,35.139721]]]]}},{"type":"Feature","id":"0000192833101830064300000000","properties":{"id":"0000192833101830064300000000","pnu":"1221011800100500001","purpose":"기타"},"geometry":{"type":"MultiPolygon","coordinates":[[[[126.922182,35.146227],[126.922238,35.146188],[126.922133,35.146101],[126.922087,35.146141],[126.922182,35.146227]]]]}},{"type":"Feature","id":"0000192845771827655200000000","properties":{"id":"0000192845771827655200000000","pnu":"1221011800101180003","purpose":"단독주택","floors":1,"structure":"일반목구조"},"geometry":{"type":"MultiPolygon","coordinates":[[[[126.922345,35.144033],[126.92236,35.143991],[126.92226,35.143954],[126.922244,35.143996],[126.922345,35.144033]]]]}},{"type":"Feature","id":"0000192847451829137900000000","properties":{"id":"0000192847451829137900000000","pnu":"1221011800100330004","purpose":"제2종 근린생활시설","floors":1,"structure":"일반목구조"},"geometry":{"type":"MultiPolygon","coordinates":[[[[126.922305,35.145358],[126.922356,35.145333],[126.922338,35.145305],[126.922282,35.145322],[126.922305,35.145358]]]]}},{"type":"Feature","id":"0000192853681828770300000000","properties":{"id":"0000192853681828770300000000","pnu":"1221011800100900009","purpose":"기타"},"geometry":{"type":"MultiPolygon","coordinates":[[[[126.922384,35.14502],[126.922414,35.145003],[126.922391,35.144977],[126.922362,35.144994],[126.922384,35.14502]]]]}},{"type":"Feature","id":"0000192854041828162200000000","properties":{"id":"0000192854041828162200000000","pnu":"1221011800101060015","purpose":"기타"},"geometry":{"type":"MultiPolygon","coordinates":[[[[126.922355,35.144469],[126.922394,35.144486],[126.92243,35.144432],[126.92239,35.144415],[126.922355,35.144469]]]]}},{"type":"Feature","id":"0000192855721827051300000000","properties":{"id":"0000192855721827051300000000","pnu":"1221011800101250001","purpose":"단독주택"},"geometry":{"type":"MultiPolygon","coordinates":[[[[126.922463,35.143498],[126.922487,35.143447],[126.922363,35.143398],[126.922338,35.143455],[126.922463,35.143498]]]]}},{"type":"Feature","id":"0000192858621826954300000000","properties":{"id":"0000192858621826954300000000","pnu":"1221011800101250001","purpose":"단독주택"},"geometry":{"type":"MultiPolygon","coordinates":[[[[126.922497,35.143446],[126.922553,35.143343],[126.922379,35.143279],[126.922336,35.143356],[126.92238,35.143372],[126.922366,35.143398],[126.922497,35.143446]]]]}},{"type":"Feature","id":"0000192862961831606700000000","properties":{"id":"0000192862961831606700000000","pnu":"1221010700101010072","purpose":"기타"},"geometry":{"type":"MultiPolygon","coordinates":[[[[126.922476,35.147613],[126.922498,35.147593],[126.922481,35.147579],[126.922548,35.14752],[126.922519,35.147498],[126.922429,35.147578],[126.922476,35.147613]]]]}},{"type":"Feature","id":"0000192875311828540000000000","properties":{"id":"0000192875311828540000000000","pnu":"1221011800100920008","purpose":"기타"},"geometry":{"type":"MultiPolygon","coordinates":[[[[126.92269,35.144867],[126.922724,35.14484],[126.922558,35.144714],[126.922528,35.144743],[126.92269,35.144867]]]]}},{"type":"Feature","id":"0000192879361828466400000000","properties":{"id":"0000192879361828466400000000","pnu":"1221011800100920008","purpose":"기타"},"geometry":{"type":"MultiPolygon","coordinates":[[[[126.922583,35.144702],[126.922622,35.144735],[126.922638,35.14472],[126.922733,35.144794],[126.922759,35.144771],[126.922635,35.144661],[126.922583,35.144702]]]]}},{"type":"Feature","id":"0000192883321831237700000000","properties":{"id":"0000192883321831237700000000","pnu":"1221010700101010070","purpose":"기타"},"geometry":{"type":"MultiPolygon","coordinates":[[[[126.922728,35.14727],[126.922768,35.147231],[126.922693,35.147178],[126.922653,35.147209],[126.922728,35.14727]]]]}},{"type":"Feature","id":"0000192889881831164700000000","properties":{"id":"0000192889881831164700000000","pnu":"1221011800100420019","purpose":"단독주택","floors":1,"structure":"일반목구조"},"geometry":{"type":"MultiPolygon","coordinates":[[[[126.92273,35.147142],[126.922801,35.1472],[126.922837,35.147171],[126.922759,35.147113],[126.92273,35.147142]]]]}},{"type":"Feature","id":"0000192894511828981300000000","properties":{"id":"0000192894511828981300000000","pnu":"1221011800100300015","purpose":"단독주택","floors":1,"structure":"일반목구조"},"geometry":{"type":"MultiPolygon","coordinates":[[[[126.922831,35.145245],[126.922902,35.145199],[126.92284,35.145133],[126.922769,35.145179],[126.922831,35.145245]]]]}},{"type":"Feature","id":"0000192901521831650800000000","properties":{"id":"0000192901521831650800000000","pnu":"1221010700101010047","purpose":"기타"},"geometry":{"type":"MultiPolygon","coordinates":[[[[126.922937,35.147645],[126.922968,35.147617],[126.922887,35.147545],[126.922852,35.147577],[126.922937,35.147645]]]]}},{"type":"Feature","id":"0000192907491831632100000000","properties":{"id":"0000192907491831632100000000","pnu":"1221010700101010047","purpose":"기타"},"geometry":{"type":"MultiPolygon","coordinates":[[[[126.922922,35.147562],[126.922999,35.147621],[126.923029,35.147595],[126.922953,35.147535],[126.922922,35.147562]]]]}},{"type":"Feature","id":"0000192923981828345900000000","properties":{"id":"0000192923981828345900000000","pnu":"1221011800100940000","purpose":"기타"},"geometry":{"type":"MultiPolygon","coordinates":[[[[126.923172,35.144659],[126.923212,35.144622],[126.923141,35.144574],[126.92311,35.144609],[126.923172,35.144659]]]]}},{"type":"Feature","id":"0000192931311828364000000000","properties":{"id":"0000192931311828364000000000","pnu":"1221011800100940000","purpose":"기타"},"geometry":{"type":"MultiPolygon","coordinates":[[[[126.923221,35.144658],[126.923274,35.144634],[126.923268,35.144619],[126.923232,35.14461],[126.923209,35.144642],[126.923221,35.144658]]]]}},{"type":"Feature","id":"0000192934161827797800000000","properties":{"id":"0000192934161827797800000000","pnu":"1221011800100970052","purpose":"기타"},"geometry":{"type":"MultiPolygon","coordinates":[[[[126.923332,35.144168],[126.923343,35.144134],[126.923211,35.144078],[126.923197,35.144108],[126.923332,35.144168]]]]}},{"type":"Feature","id":"0000192934331827904000000000","properties":{"id":"0000192934331827904000000000","pnu":"1221011800100950012","purpose":"단독주택","floors":1,"structure":"일반목구조"},"geometry":{"type":"MultiPolygon","coordinates":[[[[126.923283,35.144274],[126.923323,35.144186],[126.923269,35.144161],[126.923222,35.144251],[126.923283,35.144274]]]]}},{"type":"Feature","id":"0000192944061829071200000000","properties":{"id":"0000192944061829071200000000","pnu":"1221011800100300002","purpose":"제2종 근린생활시설"},"geometry":{"type":"MultiPolygon","coordinates":[[[[126.923387,35.145324],[126.923434,35.145307],[126.92337,35.145216],[126.923325,35.145234],[126.923387,35.145324]]]]}},{"type":"Feature","id":"0000192945891822352100000000","properties":{"id":"0000192945891822352100000000","pnu":"1221012200100260007","purpose":"기타"},"geometry":{"type":"MultiPolygon","coordinates":[[[[126.923419,35.139267],[126.923445,35.139173],[126.923385,35.139164],[126.92337,35.139258],[126.923419,35.139267]]]]}},{"type":"Feature","id":"0000192953241822380200000000","properties":{"id":"0000192953241822380200000000","pnu":"1221012200100240002","purpose":"기타"},"geometry":{"type":"MultiPolygon","coordinates":[[[[126.923441,35.13927],[126.923543,35.139245],[126.92353,35.139209],[126.923429,35.139234],[126.923441,35.13927]]]]}},{"type":"Feature","id":"0000192962841822551300000000","properties":{"id":"0000192962841822551300000000","pnu":"1221012200100240017","purpose":"제2종 근린생활시설","floors":2,"structure":"벽돌구조"},"geometry":{"type":"MultiPolygon","coordinates":[[[[126.923588,35.139466],[126.923662,35.139353],[126.923588,35.139324],[126.923523,35.139435],[126.923588,35.139466]]]]}},{"type":"Feature","id":"0000192969831822407600000000","properties":{"id":"0000192969831822407600000000","pnu":"1221012200100240002","purpose":"기타"},"geometry":{"type":"MultiPolygon","coordinates":[[[[126.923746,35.139284],[126.923747,35.13925],[126.923591,35.139244],[126.92359,35.139279],[126.923746,35.139284]]]]}},{"type":"Feature","id":"0000192983491824776000000000","properties":{"id":"0000192983491824776000000000","pnu":"1221012200104750002","purpose":"기타"},"geometry":{"type":"MultiPolygon","coordinates":[[[[126.923801,35.141412],[126.923831,35.141411],[126.92383,35.141386],[126.9238,35.141387],[126.923801,35.141412]]]]}},{"type":"Feature","id":"0000192984541824819100000000","properties":{"id":"0000192984541824819100000000","pnu":"1221012200104750002","purpose":"기타"},"geometry":{"type":"MultiPolygon","coordinates":[[[[126.923823,35.141454],[126.923846,35.141443],[126.923832,35.141422],[126.923808,35.141433],[126.923823,35.141454]]]]}},{"type":"Feature","id":"0000192987461824849300000000","properties":{"id":"0000192987461824849300000000","pnu":"1221012200104750002","purpose":"기타"},"geometry":{"type":"MultiPolygon","coordinates":[[[[126.923862,35.14148],[126.923876,35.141461],[126.923856,35.141451],[126.923842,35.141469],[126.923862,35.14148]]]]}},{"type":"Feature","id":"0000192989591827054400000000","properties":{"id":"0000192989591827054400000000","pnu":"1221011800104700047","purpose":"기타"},"geometry":{"type":"MultiPolygon","coordinates":[[[[126.923845,35.143501],[126.923947,35.143452],[126.923917,35.143405],[126.923815,35.143453],[126.923845,35.143501]]]]}},{"type":"Feature","id":"0000192989841830883600000000","properties":{"id":"0000192989841830883600000000","pnu":"1221011800100140001","purpose":"기타","structure":"철근콘크리트구조"},"geometry":{"type":"MultiPolygon","coordinates":[[[[126.923783,35.146998],[126.924008,35.146849],[126.923969,35.146812],[126.923751,35.146966],[126.923783,35.146998]]]]}},{"type":"Feature","id":"0000192995461821495100000000","properties":{"id":"0000192995461821495100000000","pnu":"1221012200100440007","purpose":"제2종 근린생활시설","far":79.18,"floors":1,"structure":"경량철골구조"},"geometry":{"type":"MultiPolygon","coordinates":[[[[126.923868,35.138457],[126.923906,35.138484],[126.923917,35.138475],[126.923951,35.1385],[126.924032,35.138436],[126.923951,35.138379],[126.923868,35.138457]]]]}},{"type":"Feature","id":"0000192996591827940900000000","properties":{"id":"0000192996591827940900000000","pnu":"1221011800100230021","purpose":"기타"},"geometry":{"type":"MultiPolygon","coordinates":[[[[126.92397,35.144306],[126.924021,35.144272],[126.923946,35.144196],[126.923892,35.144237],[126.92397,35.144306]]]]}},{"type":"Feature","id":"0000192996661824060700000000","properties":{"id":"0000192996661824060700000000","pnu":"1221012200100200003","purpose":"기타"},"geometry":{"type":"MultiPolygon","coordinates":[[[[126.924011,35.140783],[126.924021,35.140748],[126.923919,35.140719],[126.923905,35.14077],[126.924011,35.140783]]]]}},{"type":"Feature","id":"0000192996761824107400000000","properties":{"id":"0000192996761824107400000000","pnu":"1221012200100200003","purpose":"기타"},"geometry":{"type":"MultiPolygon","coordinates":[[[[126.923935,35.14078],[126.923933,35.140812],[126.923992,35.140808],[126.923995,35.140786],[126.923935,35.14078]]]]}},{"type":"Feature","id":"0000192998301822487500000000","properties":{"id":"0000192998301822487500000000","pnu":"1221012200100240026","purpose":"기타"},"geometry":{"type":"MultiPolygon","coordinates":[[[[126.923956,35.139355],[126.923994,35.139361],[126.924005,35.139319],[126.923966,35.139312],[126.923956,35.139355]]]]}},{"type":"Feature","id":"0000192999681829471100000000","properties":{"id":"0000192999681829471100000000","pnu":"1221011800100270007","purpose":"기타"},"geometry":{"type":"MultiPolygon","coordinates":[[[[126.924016,35.145676],[126.924034,35.145642],[126.924,35.145631],[126.924009,35.145587],[126.923978,35.145579],[126.923949,35.145652],[126.924016,35.145676]]]]}},{"type":"Feature","id":"0000193002991827862300000000","properties":{"id":"0000193002991827862300000000","pnu":"1221011800100230021","purpose":"기타"},"geometry":{"type":"MultiPolygon","coordinates":[[[[126.924096,35.144222],[126.924009,35.144109],[126.923957,35.144146],[126.92405,35.144253],[126.924096,35.144222]]]]}},{"type":"Feature","id":"0000193005221828926900000000","properties":{"id":"0000193005221828926900000000","pnu":"1221011800100270014","purpose":"기타"},"geometry":{"type":"MultiPolygon","coordinates":[[[[126.923976,35.145129],[126.924075,35.14519],[126.924113,35.145129],[126.924074,35.145106],[126.924054,35.14512],[126.924038,35.14512],[126.923999,35.145105],[126.923976,35.145129]]]]}},{"type":"Feature","id":"0000193010921822307000000000","properties":{"id":"0000193010921822307000000000","pnu":"1221012200100280001","purpose":"기타"},"geometry":{"type":"MultiPolygon","coordinates":[[[[126.924149,35.139155],[126.924113,35.139143],[126.924089,35.139193],[126.924124,35.139205],[126.924149,35.139155]]]]}},{"type":"Feature","id":"0000193011811828361700000000","properties":{"id":"0000193011811828361700000000","pnu":"1221011800100250003","purpose":"기타"},"geometry":{"type":"MultiPolygon","coordinates":[[[[126.924098,35.14471],[126.924234,35.144653],[126.924218,35.144622],[126.924192,35.144631],[126.924164,35.14459],[126.924152,35.144591],[126.924122,35.144553],[126.924029,35.144591],[126.924098,35.14471]]]]}},{"type":"Feature","id":"0000193017561828661000000000","properties":{"id":"0000193017561828661000000000","pnu":"1221011800100250010","purpose":"기타"},"geometry":{"type":"MultiPolygon","coordinates":[[[[126.924038,35.144923],[126.924111,35.144969],[126.924321,35.14489],[126.92431,35.144864],[126.924255,35.144833],[126.924038,35.144923]]]]}},{"type":"Feature","id":"0000193020441829582300000000","properties":{"id":"0000193020441829582300000000","pnu":"1221011800100180005","purpose":"단독주택"},"geometry":{"type":"MultiPolygon","coordinates":[[[[126.924194,35.145789],[126.924278,35.145721],[126.924227,35.145673],[126.924188,35.1457],[126.924206,35.145717],[126.924155,35.145761],[126.924194,35.145789]]]]}},{"type":"Feature","id":"0000193020791822239800000000","properties":{"id":"0000193020791822239800000000","pnu":"1221012200100220000","purpose":"기타"},"geometry":{"type":"MultiPolygon","coordinates":[[[[126.924175,35.139145],[126.924217,35.139166],[126.92428,35.139082],[126.924238,35.139061],[126.924175,35.139145]]]]}},{"type":"Feature","id":"0000193024841829423200000000","properties":{"id":"0000193024841829423200000000","pnu":"1221011800100180001","purpose":"단독주택"},"geometry":{"type":"MultiPolygon","coordinates":[[[[126.924238,35.145643],[126.924333,35.145568],[126.924288,35.145532],[126.924197,35.145614],[126.924238,35.145643]]]]}},{"type":"Feature","id":"0000193029101829500300000000","properties":{"id":"0000193029101829500300000000","pnu":"1221011800100180006","purpose":"단독주택"},"geometry":{"type":"MultiPolygon","coordinates":[[[[126.9243,35.145707],[126.92436,35.14567],[126.924342,35.145603],[126.924252,35.145659],[126.9243,35.145707]]]]}},{"type":"Feature","id":"0000193030961826844800000000","properties":{"id":"0000193030961826844800000000","pnu":"1221011800104700055","purpose":"기타"},"geometry":{"type":"MultiPolygon","coordinates":[[[[126.924305,35.143302],[126.924385,35.143267],[126.924361,35.143227],[126.924287,35.14326],[126.924305,35.143302]]]]}},{"type":"Feature","id":"0000193035001826907500000000","properties":{"id":"0000193035001826907500000000","pnu":"1221011800104700021","purpose":"기타"},"geometry":{"type":"MultiPolygon","coordinates":[[[[126.924351,35.143369],[126.924438,35.143315],[126.92441,35.143272],[126.924319,35.143326],[126.924351,35.143369]]]]}},{"type":"Feature","id":"0000193035771824433400000000","properties":{"id":"0000193035771824433400000000","pnu":"1221012200105240016","purpose":"기타"},"geometry":{"type":"MultiPolygon","coordinates":[[[[126.924416,35.141145],[126.924438,35.141051],[126.924361,35.141034],[126.924344,35.141136],[126.924416,35.141145]]]]}},{"type":"Feature","id":"0000193037491831814500000000","properties":{"id":"0000193037491831814500000000","pnu":"1221011800100140001","purpose":"기타","structure":"철근콘크리트구조"},"geometry":{"type":"MultiPolygon","coordinates":[[[[126.924532,35.147817],[126.924335,35.147627],[126.924273,35.14767],[126.924469,35.147861],[126.924532,35.147817]]]]}},{"type":"Feature","id":"0000193048281823866200000000","properties":{"id":"0000193048281823866200000000","pnu":"1221012200105130000","purpose":"기타"},"geometry":{"type":"MultiPolygon","coordinates":[[[[126.924591,35.140664],[126.924641,35.140609],[126.924456,35.140494],[126.924415,35.140547],[126.924591,35.140664]]]]}},{"type":"Feature","id":"0000193051201829676700000000","properties":{"id":"0000193051201829676700000000","pnu":"1221011800100200000","purpose":"기타"},"geometry":{"type":"MultiPolygon","coordinates":[[[[126.924556,35.145846],[126.924589,35.145829],[126.924553,35.145788],[126.92452,35.145805],[126.924556,35.145846]]]]}},{"type":"Feature","id":"0000193054591831683400000000","properties":{"id":"0000193054591831683400000000","pnu":"1221011800100140001","purpose":"기타","structure":"철근콘크리트구조"},"geometry":{"type":"MultiPolygon","coordinates":[[[[126.924506,35.147789],[126.924799,35.147588],[126.924681,35.14746],[126.924377,35.147665],[126.924506,35.147789]]]]}},{"type":"Feature","id":"0000193056941831372300000000","properties":{"id":"0000193056941831372300000000","pnu":"1221011800100140001","purpose":"기타"},"geometry":{"type":"MultiPolygon","coordinates":[[[[126.924509,35.147792],[126.924523,35.147806],[126.924884,35.147576],[126.924708,35.147388],[126.924736,35.147369],[126.924734,35.147343],[126.924299,35.146894],[126.924275,35.146909],[126.924712,35.147359],[126.924667,35.147388],[126.924846,35.147577],[126.924509,35.147792]]]]}},{"type":"Feature","id":"0000193066601823973100000000","properties":{"id":"0000193066601823973100000000","pnu":"1221012200105130000","purpose":"기타"},"geometry":{"type":"MultiPolygon","coordinates":[[[[126.924803,35.140752],[126.924845,35.140695],[126.924652,35.140599],[126.924615,35.14066],[126.924803,35.140752]]]]}},{"type":"Feature","id":"0000193067571824455600000000","properties":{"id":"0000193067571824455600000000","pnu":"1221012200105150010","purpose":"단독주택","floors":1,"structure":"벽돌구조"},"geometry":{"type":"MultiPolygon","coordinates":[[[[126.92479,35.141156],[126.924815,35.141101],[126.924687,35.141064],[126.924666,35.141125],[126.92479,35.141156]]]]}},{"type":"Feature","id":"0000193068191822375900000000","properties":{"id":"0000193068191822375900000000","pnu":"1221012200100220000","purpose":"기타"},"geometry":{"type":"MultiPolygon","coordinates":[[[[126.924709,35.139231],[126.92472,35.139259],[126.924785,35.139242],[126.924774,35.139214],[126.924709,35.139231]]]]}},{"type":"Feature","id":"0000193070971830317100000000","properties":{"id":"0000193070971830317100000000","pnu":"1221011800100140001","purpose":"기타","structure":"철근콘크리트구조"},"geometry":{"type":"MultiPolygon","coordinates":[[[[126.92482,35.146503],[126.924898,35.146452],[126.924723,35.146284],[126.924645,35.146339],[126.92482,35.146503]]]]}},{"type":"Feature","id":"0000193072671825521800000000","properties":{"id":"0000193072671825521800000000","pnu":"1221012200105220008","purpose":"제2종 근린생활시설","floors":1,"structure":"일반목구조"},"geometry":{"type":"MultiPolygon","coordinates":[[[[126.924768,35.142031],[126.924754,35.142096],[126.924811,35.142118],[126.924838,35.142045],[126.924768,35.142031]]]]}},{"type":"Feature","id":"0000193073711824578000000000","properties":{"id":"0000193073711824578000000000","pnu":"1221012200105150012","purpose":"기타"},"geometry":{"type":"MultiPolygon","coordinates":[[[[126.924796,35.141197],[126.92478,35.141235],[126.924815,35.141246],[126.924832,35.141208],[126.924796,35.141197]]]]}},{"type":"Feature","id":"0000193075111830196500000000","properties":{"id":"0000193075111830196500000000","pnu":"1221011800100140001","purpose":"기타","structure":"철근콘크리트구조"},"geometry":{"type":"MultiPolygon","coordinates":[[[[126.924819,35.14634],[126.924885,35.146297],[126.92481,35.146229],[126.92475,35.146277],[126.924819,35.14634]]]]}},{"type":"Feature","id":"0000193077651827394500000000","properties":{"id":"0000193077651827394500000000","pnu":"1221011800104710005","purpose":"기타"},"geometry":{"type":"MultiPolygon","coordinates":[[[[126.92487,35.143784],[126.924882,35.143764],[126.924827,35.143736],[126.924809,35.143756],[126.92487,35.143784]]]]}},{"type":"Feature","id":"0000193083131827060600000000","properties":{"id":"0000193083131827060600000000","pnu":"1221011800104710033","purpose":"기타"},"geometry":{"type":"MultiPolygon","coordinates":[[[[126.924897,35.143477],[126.924931,35.143462],[126.924919,35.143441],[126.924882,35.143457],[126.924897,35.143477]]]]}},{"type":"Feature","id":"0000193088391829260800000000","properties":{"id":"0000193088391829260800000000","pnu":"1221011800100200015","purpose":"기타"},"geometry":{"type":"MultiPolygon","coordinates":[[[[126.925,35.145437],[126.925013,35.145428],[126.925,35.145416],[126.924989,35.145405],[126.924914,35.145456],[126.924935,35.14548],[126.925,35.145437]]]]}},{"type":"Feature","id":"0000193093201831907700000000","properties":{"id":"0000193093201831907700000000","pnu":"1221011800100140001","purpose":"기타"},"geometry":{"type":"MultiPolygon","coordinates":[[[[126.925,35.147955],[126.925497,35.147614],[126.925427,35.147545],[126.925,35.147841],[126.924831,35.147958],[126.924623,35.147773],[126.924539,35.147827],[126.924779,35.148053],[126.924841,35.148011],[126.924883,35.148036],[126.925,35.147955]]]]}},{"type":"Feature","id":"0000193093631824554400000000","properties":{"id":"0000193093631824554400000000","pnu":"1221012200105150004","purpose":"제2종 근린생활시설"},"geometry":{"type":"MultiPolygon","coordinates":[[[[126.925,35.141306],[126.925017,35.141312],[126.925088,35.141105],[126.92503,35.141091],[126.925,35.14118],[126.924962,35.141293],[126.925,35.141306]]]]}},{"type":"Feature","id":"0000193099071822060000000000","properties":{"id":"0000193099071822060000000000","pnu":"1221012200100300012","purpose":"단독주택"},"geometry":{"type":"MultiPolygon","coordinates":[[[[126.925093,35.138921],[126.92505,35.138962],[126.925079,35.138982],[126.925123,35.138943],[126.925093,35.138921]]]]}},{"type":"Feature","id":"0000193102391822014900000000","properties":{"id":"0000193102391822014900000000","pnu":"1221012200202090001","purpose":"기타"},"geometry":{"type":"MultiPolygon","coordinates":[[[[126.925123,35.138886],[126.925091,35.138914],[126.925122,35.138937],[126.925154,35.138909],[126.925123,35.138886]]]]}},{"type":"Feature","id":"0000193106121823858000000000","properties":{"id":"0000193106121823858000000000","pnu":"1221012200105130000","purpose":"기타"},"geometry":{"type":"MultiPolygon","coordinates":[[[[126.925081,35.140571],[126.92522,35.140626],[126.925236,35.140571],[126.925112,35.140521],[126.925081,35.140571]]]]}},{"type":"Feature","id":"0000193109821830375800000000","properties":{"id":"0000193109821830375800000000","pnu":"1221011800100140001","purpose":"기타"},"geometry":{"type":"MultiPolygon","coordinates":[[[[126.925148,35.146457],[126.925179,35.146486],[126.925246,35.146437],[126.925215,35.146409],[126.925148,35.146457]]]]}},{"type":"Feature","id":"0000193112231824201600000000","properties":{"id":"0000193112231824201600000000","pnu":"1221012200105130000","purpose":"제1종 근린생활시설","floors":3,"structure":"석구조"},"geometry":{"type":"MultiPolygon","coordinates":[[[[126.925191,35.140734],[126.925245,35.140756],[126.925222,35.140795],[126.92524,35.140802],[126.925088,35.141054],[126.925183,35.141092],[126.925318,35.140868],[126.925287,35.140855],[126.925303,35.140828],[126.925309,35.140831],[126.925356,35.140751],[126.925281,35.14072],[126.925297,35.140694],[126.925262,35.140659],[126.925241,35.140651],[126.925191,35.140734]]]]}},{"type":"Feature","id":"0000193113651829157600000000","properties":{"id":"0000193113651829157600000000","pnu":"1221011800100200011","purpose":"단독주택"},"geometry":{"type":"MultiPolygon","coordinates":[[[[126.925219,35.145396],[126.925295,35.145349],[126.925266,35.145305],[126.925184,35.145347],[126.925219,35.145396]]]]}},{"type":"Feature","id":"0000193114081827672600000000","properties":{"id":"0000193114081827672600000000","pnu":"1221011800104660006","purpose":"단독주택","floors":1,"structure":"일반목구조"},"geometry":{"type":"MultiPolygon","coordinates":[[[[126.925239,35.144041],[126.925282,35.144019],[126.925254,35.143981],[126.92521,35.144002],[126.925239,35.144041]]]]}},{"type":"Feature","id":"0000193131111824299900000000","properties":{"id":"0000193131111824299900000000","pnu":"1221012200105120000","purpose":"기타"},"geometry":{"type":"MultiPolygon","coordinates":[[[[126.925472,35.140814],[126.925337,35.140992],[126.925334,35.141111],[126.92546,35.141113],[126.925463,35.141008],[126.925575,35.140862],[126.925472,35.140814]]]]}},{"type":"Feature","id":"0000193136841821651200000000","properties":{"id":"0000193136841821651200000000","pnu":"1221012200202060001","purpose":"기타"},"geometry":{"type":"MultiPolygon","coordinates":[[[[126.925485,35.138608],[126.925529,35.138599],[126.925517,35.138559],[126.925474,35.138568],[126.925485,35.138608]]]]}},{"type":"Feature","id":"0000193142241831609800000000","properties":{"id":"0000193142241831609800000000","pnu":"1221010800101390002","purpose":"기타"},"geometry":{"type":"MultiPolygon","coordinates":[[[[126.925566,35.147613],[126.925612,35.147581],[126.925538,35.147507],[126.925492,35.147538],[126.925566,35.147613]]]]}},{"type":"Feature","id":"0000193142381821375600000000","properties":{"id":"0000193142381821375600000000","pnu":"1221012200105390006","purpose":"기타"},"geometry":{"type":"MultiPolygon","coordinates":[[[[126.925606,35.138294],[126.925566,35.13828],[126.925518,35.138377],[126.92556,35.13839],[126.925606,35.138294]]]]}},{"type":"Feature","id":"0000193143331828150000000000","properties":{"id":"0000193143331828150000000000","pnu":"1221011800104360010","purpose":"단독주택"},"geometry":{"type":"MultiPolygon","coordinates":[[[[126.92555,35.144467],[126.925603,35.144445],[126.925585,35.144415],[126.925529,35.144438],[126.92555,35.144467]]]]}},{"type":"Feature","id":"0000193145991831279700000000","properties":{"id":"0000193145991831279700000000","pnu":"1221011800100140001","purpose":"기타"},"geometry":{"type":"MultiPolygon","coordinates":[[[[126.92558,35.147288],[126.925625,35.147255],[126.925607,35.147237],[126.925561,35.14727],[126.92558,35.147288]]]]}},{"type":"Feature","id":"0000193146811828102400000000","properties":{"id":"0000193146811828102400000000","pnu":"1221011800104360010","purpose":"제1종 근린생활시설"},"geometry":{"type":"MultiPolygon","coordinates":[[[[126.925611,35.144448],[126.925658,35.144425],[126.925582,35.144339],[126.925561,35.144383],[126.925611,35.144448]]]]}},{"type":"Feature","id":"0000193147071829283600000000","properties":{"id":"0000193147071829283600000000","pnu":"1221011800100210041","purpose":"단독주택","far":24.423631,"floors":1,"structure":"벽돌구조"},"geometry":{"type":"MultiPolygon","coordinates":[[[[126.925578,35.145503],[126.925664,35.145467],[126.925634,35.145424],[126.925551,35.145459],[126.925578,35.145503]]]]}},{"type":"Feature","id":"0000193147251831025700000000","properties":{"id":"0000193147251831025700000000","pnu":"1221011800100140001","purpose":"기타"},"geometry":{"type":"MultiPolygon","coordinates":[[[[126.925614,35.14706],[126.925638,35.147045],[126.925601,35.147007],[126.925577,35.147022],[126.925614,35.14706]]]]}},{"type":"Feature","id":"0000193147611829018100000000","properties":{"id":"0000193147611829018100000000","pnu":"1221011800100210029","purpose":"기타"},"geometry":{"type":"MultiPolygon","coordinates":[[[[126.925587,35.145274],[126.925678,35.145232],[126.925637,35.145175],[126.92555,35.145213],[126.925587,35.145274]]]]}},{"type":"Feature","id":"0000193148691828189100000000","properties":{"id":"0000193148691828189100000000","pnu":"1221011800104360010","purpose":"단독주택"},"geometry":{"type":"MultiPolygon","coordinates":[[[[126.925589,35.14452],[126.925688,35.144476],[126.925664,35.144433],[126.925562,35.144477],[126.925589,35.14452]]]]}},{"type":"Feature","id":"0000193149181831930200000000","properties":{"id":"0000193149181831930200000000","pnu":"1221010800101430078","purpose":"기타"},"geometry":{"type":"MultiPolygon","coordinates":[[[[126.925629,35.147875],[126.92566,35.147849],[126.925627,35.147823],[126.925596,35.147848],[126.925629,35.147875]]]]}},{"type":"Feature","id":"0000193150991824210300000000","properties":{"id":"0000193150991824210300000000","pnu":"1221012200105120000","purpose":"기타"},"geometry":{"type":"MultiPolygon","coordinates":[[[[126.925621,35.140908],[126.925685,35.14091],[126.925688,35.140873],[126.925623,35.140871],[126.925621,35.140908]]]]}},{"type":"Feature","id":"0000193151051821586100000000","properties":{"id":"0000193151051821586100000000","pnu":"1221012200202060001","purpose":"기타"},"geometry":{"type":"MultiPolygon","coordinates":[[[[126.925719,35.138471],[126.925671,35.138449],[126.925597,35.138585],[126.925637,35.138603],[126.925719,35.138471]]]]}},{"type":"Feature","id":"0000193153141821284600000000","properties":{"id":"0000193153141821284600000000","pnu":"1221012200105390006","purpose":"기타"},"geometry":{"type":"MultiPolygon","coordinates":[[[[126.925727,35.138223],[126.925677,35.138205],[126.925635,35.138287],[126.92568,35.138302],[126.925727,35.138223]]]]}},{"type":"Feature","id":"0000193155131821154200000000","properties":{"id":"0000193155131821154200000000","pnu":"1221012200105390006","purpose":"기타"},"geometry":{"type":"MultiPolygon","coordinates":[[[[126.925708,35.13807],[126.925623,35.138178],[126.925704,35.138195],[126.925777,35.138103],[126.925708,35.13807]]]]}},{"type":"Feature","id":"0000193156291828704700000000","properties":{"id":"0000193156291828704700000000","pnu":"1221011800100210050","purpose":"제1종 근린생활시설","floors":1,"structure":"벽돌구조"},"geometry":{"type":"MultiPolygon","coordinates":[[[[126.925693,35.144998],[126.925775,35.144966],[126.925728,35.144884],[126.925639,35.144921],[126.925693,35.144998]]]]}},{"type":"Feature","id":"0000193156421831159100000000","properties":{"id":"0000193156421831159100000000","pnu":"1221011800100140001","purpose":"기타"},"geometry":{"type":"MultiPolygon","coordinates":[[[[126.925688,35.147179],[126.925726,35.14718],[126.925728,35.147129],[126.92569,35.147128],[126.925688,35.147179]]]]}},{"type":"Feature","id":"0000193157031821488500000000","properties":{"id":"0000193157031821488500000000","pnu":"1221012200105390006","purpose":"기타"},"geometry":{"type":"MultiPolygon","coordinates":[[[[126.925728,35.138466],[126.925754,35.138424],[126.925717,35.138408],[126.925691,35.138451],[126.925728,35.138466]]]]}},{"type":"Feature","id":"0000193162561821449100000000","properties":{"id":"0000193162561821449100000000","pnu":"1221012200105390006","purpose":"기타"},"geometry":{"type":"MultiPolygon","coordinates":[[[[126.925817,35.138433],[126.92583,35.138392],[126.92575,35.138369],[126.925738,35.138413],[126.925817,35.138433]]]]}},{"type":"Feature","id":"0000193163331830756100000000","properties":{"id":"0000193163331830756100000000","pnu":"1221011800100120002","purpose":"기타"},"geometry":{"type":"MultiPolygon","coordinates":[[[[126.925788,35.146842],[126.925851,35.146797],[126.925773,35.14674],[126.925721,35.146781],[126.925788,35.146842]]]]}},{"type":"Feature","id":"0000193163891828508800000000","properties":{"id":"0000193163891828508800000000","pnu":"1221011800104350013","purpose":"제2종 근린생활시설","far":69.31,"floors":1,"structure":"벽돌구조"},"geometry":{"type":"MultiPolygon","coordinates":[[[[126.92578,35.144816],[126.925862,35.14477],[126.925828,35.144731],[126.925792,35.144747],[126.92576,35.14472],[126.925727,35.144738],[126.92578,35.144816]]]]}},{"type":"Feature","id":"0000193169701821409700000000","properties":{"id":"0000193169701821409700000000","pnu":"1221012200105390006","purpose":"기타"},"geometry":{"type":"MultiPolygon","coordinates":[[[[126.92593,35.13836],[126.925822,35.138316],[126.925798,35.13837],[126.925844,35.138387],[126.925849,35.138412],[126.925863,35.138414],[126.925902,35.138402],[126.92593,35.13836]]]]}},{"type":"Feature","id":"0000193170101821222500000000","properties":{"id":"0000193170101821222500000000","pnu":"1221012200105390006","purpose":"기타"},"geometry":{"type":"MultiPolygon","coordinates":[[[[126.925855,35.13815],[126.925827,35.13823],[126.925875,35.138246],[126.925907,35.138166],[126.925855,35.13815]]]]}},{"type":"Feature","id":"0000193171401828544900000000","properties":{"id":"0000193171401828544900000000","pnu":"1221011800104350020","purpose":"기타"},"geometry":{"type":"MultiPolygon","coordinates":[[[[126.925861,35.14482],[126.925906,35.144798],[126.925885,35.144775],[126.925845,35.144796],[126.925861,35.14482]]]]}},{"type":"Feature","id":"0000193173181821146400000000","properties":{"id":"0000193173181821146400000000","pnu":"1221012200105390006","purpose":"기타"},"geometry":{"type":"MultiPolygon","coordinates":[[[[126.925933,35.138165],[126.92595,35.138126],[126.925868,35.138094],[126.925848,35.13813],[126.925933,35.138165]]]]}},{"type":"Feature","id":"0000193174671822141700000000","properties":{"id":"0000193174671822141700000000","pnu":"1221012200105390000","purpose":"기타","far":0.0127,"floors":1,"structure":"철근콘크리트구조"},"geometry":{"type":"MultiPolygon","coordinates":[[[[126.925746,35.139061],[126.925783,35.13912],[126.926084,35.138993],[126.926048,35.138931],[126.925746,35.139061]]]]}},{"type":"Feature","id":"0000193175241821358600000000","properties":{"id":"0000193175241821358600000000","pnu":"1221012200105930002","purpose":"기타"},"geometry":{"type":"MultiPolygon","coordinates":[[[[126.925945,35.138351],[126.925961,35.138312],[126.9259,35.138291],[126.925883,35.138327],[126.925945,35.138351]]]]}},{"type":"Feature","id":"0000193176661821269700000000","properties":{"id":"0000193176661821269700000000","pnu":"1221012200105930004","purpose":"단독주택","floors":1,"structure":"일반목구조"},"geometry":{"type":"MultiPolygon","coordinates":[[[[126.925945,35.138279],[126.925982,35.138245],[126.925928,35.138202],[126.925896,35.138233],[126.925945,35.138279]]]]}},{"type":"Feature","id":"0000193176911821099300000000","properties":{"id":"0000193176911821099300000000","pnu":"1221012200105390006","purpose":"기타"},"geometry":{"type":"MultiPolygon","coordinates":[[[[126.925952,35.138116],[126.925975,35.138079],[126.92593,35.138057],[126.925907,35.138092],[126.925952,35.138116]]]]}},{"type":"Feature","id":"0000193177681828810700000000","properties":{"id":"0000193177681828810700000000","pnu":"1221011800110050027","purpose":"기타"},"geometry":{"type":"MultiPolygon","coordinates":[[[[126.925948,35.145072],[126.925982,35.145057],[126.925928,35.145],[126.925907,35.14501],[126.925948,35.145072]]]]}},{"type":"Feature","id":"0000193181811821307000000000","properties":{"id":"0000193181811821307000000000","pnu":"1221012200105930004","purpose":"기타","structure":"일반목구조"},"geometry":{"type":"MultiPolygon","coordinates":[[[[126.925983,35.138304],[126.926029,35.138262],[126.92601,35.138243],[126.92596,35.138284],[126.925983,35.138304]]]]}},{"type":"Feature","id":"0000193183511830364800000000","properties":{"id":"0000193183511830364800000000","pnu":"1221011800100100020","purpose":"기타"},"geometry":{"type":"MultiPolygon","coordinates":[[[[126.926003,35.146508],[126.926082,35.146469],[126.926009,35.146368],[126.92593,35.146407],[126.926003,35.146508]]]]}},{"type":"Feature","id":"0000193184591826009500000000","properties":{"id":"0000193184591826009500000000","pnu":"1221011800104810000","purpose":"기타"},"geometry":{"type":"MultiPolygon","coordinates":[[[[126.926007,35.142744],[126.926029,35.142745],[126.926036,35.142281],[126.926014,35.14228],[126.926007,35.142744]]]]}},{"type":"Feature","id":"0000193191161831014600000000","properties":{"id":"0000193191161831014600000000","pnu":"1221010800101380000","purpose":"기타"},"geometry":{"type":"MultiPolygon","coordinates":[[[[126.926164,35.147064],[126.926089,35.146958],[126.926005,35.146997],[126.926116,35.147092],[126.926164,35.147064]]]]}},{"type":"Feature","id":"0000193214051829411600000000","properties":{"id":"0000193214051829411600000000","pnu":"1221011800100060042","purpose":"기타"},"geometry":{"type":"MultiPolygon","coordinates":[[[[126.92637,35.145585],[126.92635,35.145556],[126.926313,35.145573],[126.926334,35.145602],[126.92637,35.145585]]]]}},{"type":"Feature","id":"0000193214371823846400000000","properties":{"id":"0000193214371823846400000000","pnu":"1221011800105060000","purpose":"기타"},"geometry":{"type":"MultiPolygon","coordinates":[[[[126.92627,35.140509],[126.926263,35.140611],[126.926431,35.140618],[126.926434,35.140513],[126.92627,35.140509]]]]}},{"type":"Feature","id":"0000193216771826541600000000","properties":{"id":"0000193216771826541600000000","pnu":"1221011800104810000","purpose":"기타"},"geometry":{"type":"MultiPolygon","coordinates":[[[[126.926402,35.143024],[126.926421,35.142985],[126.926346,35.142961],[126.926327,35.142999],[126.926402,35.143024]]]]}},{"type":"Feature","id":"0000193220901821280800000000","properties":{"id":"0000193220901821280800000000","pnu":"1221012200105390000","purpose":"기타"},"geometry":{"type":"MultiPolygon","coordinates":[[[[126.926428,35.138369],[126.926537,35.138325],[126.926417,35.138131],[126.926311,35.138175],[126.926428,35.138369]]]]}},{"type":"Feature","id":"0000193223911831939200000000","properties":{"id":"0000193223911831939200000000","pnu":"1221010800101410022","purpose":"단독주택"},"geometry":{"type":"MultiPolygon","coordinates":[[[[126.926398,35.147879],[126.926497,35.147877],[126.926497,35.147835],[126.926399,35.147838],[126.926398,35.147879]]]]}},{"type":"Feature","id":"0000193235061831664700000000","properties":{"id":"0000193235061831664700000000","pnu":"1221010800101410009","purpose":"제2종 근린생활시설","far":65.75,"floors":1,"structure":"일반목구조"},"geometry":{"type":"MultiPolygon","coordinates":[[[[126.926565,35.147648],[126.926612,35.147633],[126.92657,35.147569],[126.926532,35.147588],[126.926565,35.147648]]]]}},{"type":"Feature","id":"0000193242231830514700000000","properties":{"id":"0000193242231830514700000000","pnu":"1221011800100050001","purpose":"기타"},"geometry":{"type":"MultiPolygon","coordinates":[[[[126.926687,35.146593],[126.926633,35.14654],[126.926614,35.146556],[126.926666,35.146606],[126.926687,35.146593]]]]}},{"type":"Feature","id":"0000193242551830180700000000","properties":{"id":"0000193242551830180700000000","pnu":"1221011800100050003","purpose":"기타"},"geometry":{"type":"MultiPolygon","coordinates":[[[[126.926679,35.1463],[126.926695,35.146277],[126.926628,35.146246],[126.926613,35.146268],[126.926679,35.1463]]]]}},{"type":"Feature","id":"0000193245291829968700000000","properties":{"id":"0000193245291829968700000000","pnu":"1221011800100060008","purpose":"기타"},"geometry":{"type":"MultiPolygon","coordinates":[[[[126.926677,35.146161],[126.926726,35.146076],[126.926672,35.146004],[126.926644,35.14602],[126.926686,35.146078],[126.926649,35.146142],[126.926677,35.146161]]]]}},{"type":"Feature","id":"0000193250621823372000000000","properties":{"id":"0000193250621823372000000000","pnu":"1221011800104870001","purpose":"기타"},"geometry":{"type":"MultiPolygon","coordinates":[[[[126.926773,35.140649],[126.926953,35.140639],[126.926934,35.140376],[126.926992,35.140374],[126.926949,35.139763],[126.926493,35.13979],[126.926473,35.139794],[126.926457,35.139803],[126.926446,35.139813],[126.926472,35.140193],[126.926478,35.140216],[126.926495,35.140235],[126.926511,35.140244],[126.926527,35.140252],[126.926587,35.140247],[126.926593,35.140333],[126.926647,35.140334],[126.926653,35.140393],[126.92672,35.140394],[126.926741,35.140582],[126.926763,35.140582],[126.926773,35.140649]]]]}},{"type":"Feature","id":"0000193252381830211400000000","properties":{"id":"0000193252381830211400000000","pnu":"1221011800100050008","purpose":"단독주택","floors":1,"structure":"일반목구조"},"geometry":{"type":"MultiPolygon","coordinates":[[[[126.926761,35.146348],[126.926812,35.146288],[126.926755,35.146251],[126.926736,35.146275],[126.926744,35.146281],[126.926713,35.146318],[126.926761,35.146348]]]]}},{"type":"Feature","id":"0000193258241831734500000000","properties":{"id":"0000193258241831734500000000","pnu":"1221010800101420060","purpose":"단독주택","far":170.44,"floors":2,"structure":"벽돌구조"},"geometry":{"type":"MultiPolygon","coordinates":[[[[126.92678,35.147667],[126.926814,35.147675],[126.926812,35.147683],[126.926829,35.147686],[126.926827,35.147694],[126.926855,35.1477],[126.926863,35.147673],[126.926835,35.147667],[126.926837,35.14766],[126.926786,35.147649],[126.92678,35.147667]]]]}},{"type":"Feature","id":"0000193265091830971700000000","properties":{"id":"0000193265091830971700000000","pnu":"1221010800101350013","purpose":"단독주택","floors":1,"structure":"일반목구조"},"geometry":{"type":"MultiPolygon","coordinates":[[[[126.926838,35.147046],[126.927011,35.146975],[126.926983,35.146927],[126.926859,35.146977],[126.926842,35.146959],[126.926795,35.146978],[126.926838,35.147046]]]]}},{"type":"Feature","id":"0000193266861829218100000000","properties":{"id":"0000193266861829218100000000","pnu":"1221011800104280001","purpose":"기타"},"geometry":{"type":"MultiPolygon","coordinates":[[[[126.926938,35.145431],[126.926959,35.145412],[126.926897,35.14538],[126.926884,35.145394],[126.926938,35.145431]]]]}},{"type":"Feature","id":"0000193273591830803300000000","properties":{"id":"0000193273591830803300000000","pnu":"1221010800101350011","purpose":"단독주택","floors":1,"structure":"일반목구조"},"geometry":{"type":"MultiPolygon","coordinates":[[[[126.926994,35.146838],[126.926995,35.146838],[126.926996,35.146838],[126.926997,35.146838],[126.926998,35.146837],[126.926998,35.146837],[126.926999,35.146836],[126.926999,35.146835],[126.926999,35.146835],[126.926999,35.146834],[126.926999,35.146833],[126.926999,35.146832],[126.926999,35.146832],[126.926998,35.146831],[126.926998,35.14683],[126.926997,35.14683],[126.926996,35.14683],[126.926995,35.14683],[126.926994,35.146829],[126.926993,35.146829],[126.926992,35.14683],[126.926991,35.14683],[126.92699,35.14683],[126.92699,35.146831],[126.926989,35.146832],[126.926989,35.146832],[126.926989,35.146833],[126.926988,35.146834],[126.926989,35.146835],[126.926989,35.146835],[126.926989,35.146836],[126.92699,35.146837],[126.92699,35.146837],[126.926991,35.146838],[126.926992,35.146838],[126.926993,35.146838],[126.926994,35.146838]]]]}},{"type":"Feature","id":"0000193273711826198200000000","properties":{"id":"0000193273711826198200000000","pnu":"1221011800104810000","purpose":"기타"},"geometry":{"type":"MultiPolygon","coordinates":[[[[126.927121,35.142738],[126.927127,35.142646],[126.926876,35.14263],[126.926868,35.142717],[126.927121,35.142738]]]]}},{"type":"Feature","id":"0000193275051829235000000000","properties":{"id":"0000193275051829235000000000","pnu":"1221011800104260001","purpose":"기타"},"geometry":{"type":"MultiPolygon","coordinates":[[[[126.926998,35.145468],[126.927066,35.145403],[126.927025,35.145372],[126.926957,35.145438],[126.926998,35.145468]]]]}},{"type":"Feature","id":"0000193279291829310700000000","properties":{"id":"0000193279291829310700000000","pnu":"1221011800104260001","purpose":"기타"},"geometry":{"type":"MultiPolygon","coordinates":[[[[126.927071,35.145535],[126.927106,35.145497],[126.927045,35.145443],[126.927009,35.145477],[126.927071,35.145535]]]]}},{"type":"Feature","id":"0000193280711829189800000000","properties":{"id":"0000193280711829189800000000","pnu":"1221011800104260001","purpose":"기타"},"geometry":{"type":"MultiPolygon","coordinates":[[[[126.927087,35.145407],[126.927108,35.145391],[126.927061,35.145352],[126.927039,35.145369],[126.927087,35.145407]]]]}},{"type":"Feature","id":"0000193285801829386300000000","properties":{"id":"0000193285801829386300000000","pnu":"1221011800104260001","purpose":"기타"},"geometry":{"type":"MultiPolygon","coordinates":[[[[126.92712,35.145517],[126.927085,35.145544],[126.927138,35.145597],[126.927173,35.145569],[126.92712,35.145517]]]]}},{"type":"Feature","id":"0000193286601831230300000000","properties":{"id":"0000193286601831230300000000","pnu":"1221010800101350004","purpose":"기타"},"geometry":{"type":"MultiPolygon","coordinates":[[[[126.927183,35.147234],[126.927156,35.147184],[126.927081,35.147214],[126.927088,35.147227],[126.927147,35.147249],[126.927183,35.147234]]]]}},{"type":"Feature","id":"0000193286871829283500000000","properties":{"id":"0000193286871829283500000000","pnu":"1221011800104260001","purpose":"기타"},"geometry":{"type":"MultiPolygon","coordinates":[[[[126.927123,35.145506],[126.927193,35.145453],[126.927151,35.145425],[126.927094,35.145471],[126.927123,35.145506]]]]}},{"type":"Feature","id":"0000193288251829661600000000","properties":{"id":"0000193288251829661600000000","pnu":"1221011800100010006","purpose":"제1종 근린생활시설"},"geometry":{"type":"MultiPolygon","coordinates":[[[[126.927211,35.145816],[126.927137,35.145773],[126.927114,35.145784],[126.927146,35.145835],[126.927211,35.145816]]]]}},{"type":"Feature","id":"0000193289011829079800000000","properties":{"id":"0000193289011829079800000000","pnu":"1221011800104260001","purpose":"기타"},"geometry":{"type":"MultiPolygon","coordinates":[[[[126.927161,35.145304],[126.927191,35.145274],[126.927166,35.145259],[126.927139,35.145285],[126.927161,35.145304]]]]}},{"type":"Feature","id":"0000193291411829447800000000","properties":{"id":"0000193291411829447800000000","pnu":"1221011800104260001","purpose":"기타"},"geometry":{"type":"MultiPolygon","coordinates":[[[[126.927185,35.145642],[126.92723,35.145609],[126.927192,35.145583],[126.927153,35.145616],[126.927185,35.145642]]]]}},{"type":"Feature","id":"0000193291421831384300000000","properties":{"id":"0000193291421831384300000000","pnu":"1221010800101360008","year":1976,"purpose":"단독주택","floors":2,"structure":"벽돌구조"},"geometry":{"type":"MultiPolygon","coordinates":[[[[126.927206,35.147426],[126.927247,35.147304],[126.927176,35.147287],[126.927165,35.147329],[126.927158,35.147326],[126.927131,35.147411],[126.927206,35.147426]]]]}},{"type":"Feature","id":"0000193292541829334800000000","properties":{"id":"0000193292541829334800000000","pnu":"1221011800104260001","purpose":"기타"},"geometry":{"type":"MultiPolygon","coordinates":[[[[126.927212,35.145558],[126.92726,35.145522],[126.927188,35.145462],[126.927149,35.145497],[126.927212,35.145558]]]]}},{"type":"Feature","id":"0000193293961829010700000000","properties":{"id":"0000193293961829010700000000","pnu":"1221011800104260001","purpose":"기타"},"geometry":{"type":"MultiPolygon","coordinates":[[[[126.927195,35.14526],[126.927273,35.145198],[126.927239,35.145179],[126.927168,35.145235],[126.927195,35.14526]]]]}},{"type":"Feature","id":"0000193295621829224900000000","properties":{"id":"0000193295621829224900000000","pnu":"1221011800104260001","purpose":"기타"},"geometry":{"type":"MultiPolygon","coordinates":[[[[126.927156,35.14542],[126.92723,35.145477],[126.927318,35.145394],[126.927253,35.145349],[126.927202,35.14539],[126.92719,35.145385],[126.927156,35.14542]]]]}},{"type":"Feature","id":"0000193297641829744300000000","properties":{"id":"0000193297641829744300000000","pnu":"1221011800100010012","purpose":"제1종 근린생활시설"},"geometry":{"type":"MultiPolygon","coordinates":[[[[126.927204,35.145881],[126.927251,35.145908],[126.927309,35.145872],[126.927281,35.145854],[126.927204,35.145881]]]]}},{"type":"Feature","id":"0000193297751829067900000000","properties":{"id":"0000193297751829067900000000","pnu":"1221011800104260001","purpose":"기타"},"geometry":{"type":"MultiPolygon","coordinates":[[[[126.927274,35.145313],[126.927313,35.145274],[126.927248,35.145226],[126.927208,35.145267],[126.927274,35.145313]]]]}},{"type":"Feature","id":"0000193299021829454200000000","properties":{"id":"0000193299021829454200000000","pnu":"1221011800104260001","purpose":"기타"},"geometry":{"type":"MultiPolygon","coordinates":[[[[126.927259,35.145697],[126.927344,35.145624],[126.927318,35.145601],[126.927337,35.145584],[126.927262,35.145531],[126.927231,35.145564],[126.927279,35.145597],[126.927244,35.145625],[126.927229,35.145617],[126.927196,35.145644],[126.927259,35.145697]]]]}},{"type":"Feature","id":"0000193300691831399200000000","properties":{"id":"0000193300691831399200000000","pnu":"1221010800101350004","purpose":"단독주택","floors":2,"structure":"벽돌구조"},"geometry":{"type":"MultiPolygon","coordinates":[[[[126.927293,35.147435],[126.92733,35.147318],[126.927288,35.147308],[126.927252,35.147425],[126.927293,35.147435]]]]}},{"type":"Feature","id":"0000193301051829279900000000","properties":{"id":"0000193301051829279900000000","pnu":"1221011800104260001","purpose":"기타"},"geometry":{"type":"MultiPolygon","coordinates":[[[[126.927234,35.145482],[126.927275,35.145509],[126.927357,35.14544],[126.927323,35.145411],[126.927234,35.145482]]]]}},{"type":"Feature","id":"0000193301571829555300000000","properties":{"id":"0000193301571829555300000000","pnu":"1221011800104260001","purpose":"기타"},"geometry":{"type":"MultiPolygon","coordinates":[[[[126.927316,35.145733],[126.927331,35.145715],[126.927291,35.145686],[126.927272,35.145704],[126.927316,35.145733]]]]}},{"type":"Feature","id":"0000193301581831207800000000","properties":{"id":"0000193301581831207800000000","pnu":"1221010800101350018","purpose":"기타"},"geometry":{"type":"MultiPolygon","coordinates":[[[[126.927265,35.147179],[126.927298,35.147234],[126.927336,35.147218],[126.927304,35.147164],[126.927265,35.147179]]]]}},{"type":"Feature","id":"0000193302311829037400000000","properties":{"id":"0000193302311829037400000000","pnu":"1221011800104260001","purpose":"기타"},"geometry":{"type":"MultiPolygon","coordinates":[[[[126.927278,35.145202],[126.927256,35.14522],[126.927339,35.145284],[126.927363,35.145258],[126.927278,35.145202]]]]}},{"type":"Feature","id":"0000193303041828931400000000","properties":{"id":"0000193303041828931400000000","pnu":"1221011800104260001","purpose":"기타"},"geometry":{"type":"MultiPolygon","coordinates":[[[[126.927302,35.145194],[126.927372,35.145126],[126.927336,35.145101],[126.927267,35.145163],[126.927302,35.145194]]]]}},{"type":"Feature","id":"0000193305731829503600000000","properties":{"id":"0000193305731829503600000000","pnu":"1221011800104260001","purpose":"기타"},"geometry":{"type":"MultiPolygon","coordinates":[[[[126.927354,35.145692],[126.92738,35.145666],[126.927344,35.145633],[126.927314,35.145659],[126.927354,35.145692]]]]}},{"type":"Feature","id":"0000193306111829167400000000","properties":{"id":"0000193306111829167400000000","pnu":"1221011800104260001","purpose":"기타"},"geometry":{"type":"MultiPolygon","coordinates":[[[[126.927289,35.145341],[126.927372,35.145409],[126.927416,35.145379],[126.927331,35.14531],[126.927289,35.145341]]]]}},{"type":"Feature","id":"0000193307021829347300000000","properties":{"id":"0000193307021829347300000000","pnu":"1221011800104260001","purpose":"기타"},"geometry":{"type":"MultiPolygon","coordinates":[[[[126.927368,35.145599],[126.927406,35.145563],[126.927395,35.145552],[126.927439,35.145518],[126.927381,35.145446],[126.927276,35.145523],[126.927368,35.145599]]]]}},{"type":"Feature","id":"0000193309011829448200000000","properties":{"id":"0000193309011829448200000000","pnu":"1221011800104260001","purpose":"기타"},"geometry":{"type":"MultiPolygon","coordinates":[[[[126.927383,35.145639],[126.927412,35.14562],[126.927384,35.145585],[126.927356,35.14561],[126.927383,35.145639]]]]}},{"type":"Feature","id":"0000193309081829562400000000","properties":{"id":"0000193309081829562400000000","pnu":"1221011800104260001","purpose":"기타"},"geometry":{"type":"MultiPolygon","coordinates":[[[[126.927374,35.145763],[126.927439,35.145701],[126.927389,35.145668],[126.927332,35.145735],[126.927374,35.145763]]]]}},{"type":"Feature","id":"0000193311181831262800000000","properties":{"id":"0000193311181831262800000000","pnu":"1221010800101350000","purpose":"기타"},"geometry":{"type":"MultiPolygon","coordinates":[[[[126.927438,35.147263],[126.927416,35.14722],[126.927375,35.147234],[126.927397,35.147277],[126.927438,35.147263]]]]}},{"type":"Feature","id":"0000193311881829242300000000","properties":{"id":"0000193311881829242300000000","pnu":"1221011800104260001","purpose":"기타"},"geometry":{"type":"MultiPolygon","coordinates":[[[[126.927429,35.145465],[126.927461,35.14544],[126.927401,35.145389],[126.927371,35.145414],[126.927429,35.145465]]]]}},{"type":"Feature","id":"0000193315901828891300000000","properties":{"id":"0000193315901828891300000000","pnu":"1221011800104290004","purpose":"기타"},"geometry":{"type":"MultiPolygon","coordinates":[[[[126.927466,35.145138],[126.927486,35.145126],[126.927456,35.145084],[126.927433,35.145097],[126.927466,35.145138]]]]}},{"type":"Feature","id":"0000193316361829520100000000","properties":{"id":"0000193316361829520100000000","pnu":"1221011800104260001","purpose":"기타"},"geometry":{"type":"MultiPolygon","coordinates":[[[[126.927476,35.145713],[126.927508,35.145677],[126.927454,35.145644],[126.927419,35.145674],[126.927476,35.145713]]]]}},{"type":"Feature","id":"0000193316631829426100000000","properties":{"id":"0000193316631829426100000000","pnu":"1221011800104260001","purpose":"기타"},"geometry":{"type":"MultiPolygon","coordinates":[[[[126.92746,35.14563],[126.927515,35.145593],[126.927475,35.145556],[126.927421,35.145594],[126.92746,35.14563]]]]}},{"type":"Feature","id":"0000193316941829182400000000","properties":{"id":"0000193316941829182400000000","pnu":"1221011800104260001","purpose":"기타"},"geometry":{"type":"MultiPolygon","coordinates":[[[[126.92745,35.145412],[126.927519,35.145358],[126.927497,35.145333],[126.927421,35.14539],[126.92745,35.145412]]]]}},{"type":"Feature","id":"0000193322691829404900000000","properties":{"id":"0000193322691829404900000000","pnu":"1221011800104260001","purpose":"기타"},"geometry":{"type":"MultiPolygon","coordinates":[[[[126.927543,35.145608],[126.927569,35.145593],[126.927532,35.14554],[126.927496,35.145557],[126.927543,35.145608]]]]}},{"type":"Feature","id":"0000193323701828853800000000","properties":{"id":"0000193323701828853800000000","pnu":"1221011800104290004","purpose":"기타"},"geometry":{"type":"MultiPolygon","coordinates":[[[[126.9276,35.14509],[126.927573,35.145043],[126.927478,35.145079],[126.92749,35.145101],[126.927539,35.145082],[126.927554,35.145108],[126.9276,35.14509]]]]}},{"type":"Feature","id":"0000193324531829143000000000","properties":{"id":"0000193324531829143000000000","pnu":"1221011800104260001","purpose":"기타"},"geometry":{"type":"MultiPolygon","coordinates":[[[[126.927556,35.145377],[126.927602,35.145346],[126.927549,35.1453],[126.927508,35.145326],[126.927556,35.145377]]]]}},{"type":"Feature","id":"0000193325891829080000000000","properties":{"id":"0000193325891829080000000000","pnu":"1221011800104260001","purpose":"기타"},"geometry":{"type":"MultiPolygon","coordinates":[[[[126.927602,35.145322],[126.927629,35.145294],[126.927557,35.145238],[126.927505,35.145291],[126.92752,35.145303],[126.927552,35.145285],[126.927602,35.145322]]]]}},{"type":"Feature","id":"0000193326901829352000000000","properties":{"id":"0000193326901829352000000000","pnu":"1221011800104260001","purpose":"기타"},"geometry":{"type":"MultiPolygon","coordinates":[[[[126.927525,35.145527],[126.927552,35.145554],[126.927593,35.145538],[126.92761,35.145552],[126.927638,35.145533],[126.927583,35.145492],[126.927525,35.145527]]]]}},{"type":"Feature","id":"0000193329921828198400000000","properties":{"id":"0000193329921828198400000000","pnu":"1221011800104210000","purpose":"기타","far":22.787449,"floors":4,"structure":"철근콘크리트구조"},"geometry":{"type":"MultiPolygon","coordinates":[[[[126.927879,35.144493],[126.927758,35.144298],[126.927364,35.144462],[126.927431,35.144569],[126.927404,35.144581],[126.927466,35.144682],[126.927632,35.144613],[126.927623,35.1446],[126.927879,35.144493]]]]}},{"type":"Feature","id":"0000193331571829422700000000","properties":{"id":"0000193331571829422700000000","pnu":"1221011800104250001","purpose":"기타"},"geometry":{"type":"MultiPolygon","coordinates":[[[[126.927573,35.145594],[126.92762,35.145642],[126.927691,35.145584],[126.927642,35.145539],[126.927573,35.145594]]]]}},{"type":"Feature","id":"0000193332991829307800000000","properties":{"id":"0000193332991829307800000000","pnu":"1221011800104260001","purpose":"기타"},"geometry":{"type":"MultiPolygon","coordinates":[[[[126.927585,35.145481],[126.927657,35.145534],[126.927709,35.145499],[126.927641,35.145435],[126.927585,35.145481]]]]}},{"type":"Feature","id":"0000193334161830293100000000","properties":{"id":"0000193334161830293100000000","pnu":"1221010800101200007","purpose":"기타"},"geometry":{"type":"MultiPolygon","coordinates":[[[[126.927706,35.146485],[126.927736,35.146463],[126.927613,35.146266],[126.92758,35.146281],[126.927706,35.146485]]]]}},{"type":"Feature","id":"0000193335361831657400000000","properties":{"id":"0000193335361831657400000000","pnu":"1221010800101420005","purpose":"기타"},"geometry":{"type":"MultiPolygon","coordinates":[[[[126.927656,35.147628],[126.927703,35.14761],[126.927686,35.14758],[126.927639,35.147599],[126.927656,35.147628]]]]}},{"type":"Feature","id":"0000193339761831792700000000","properties":{"id":"0000193339761831792700000000","pnu":"1221010800101420003","purpose":"기타"},"geometry":{"type":"MultiPolygon","coordinates":[[[[126.927745,35.14773],[126.92773,35.147707],[126.927694,35.147722],[126.927709,35.147746],[126.927745,35.14773]]]]}},{"type":"Feature","id":"0000193349261829572300000000","properties":{"id":"0000193349261829572300000000","pnu":"1221011100105140039","purpose":"제2종 근린생활시설","far":54.48,"floors":1,"structure":"일반목구조"},"geometry":{"type":"MultiPolygon","coordinates":[[[[126.927851,35.145659],[126.927825,35.145674],[126.927743,35.145743],[126.927803,35.145791],[126.927908,35.145711],[126.927851,35.145659]]]]}},{"type":"Feature","id":"0000193349601828891400000000","properties":{"id":"0000193349601828891400000000","pnu":"1221011800104240018","purpose":"기타"},"geometry":{"type":"MultiPolygon","coordinates":[[[[126.927796,35.145137],[126.927874,35.145113],[126.927862,35.145083],[126.927784,35.145111],[126.927796,35.145137]]]]}},{"type":"Feature","id":"0000193352871830623500000000","properties":{"id":"0000193352871830623500000000","pnu":"1221010800101180010","purpose":"기타"},"geometry":{"type":"MultiPolygon","coordinates":[[[[126.927951,35.146664],[126.927893,35.146619],[126.927789,35.146676],[126.927818,35.146729],[126.927951,35.146664]]]]}},{"type":"Feature","id":"0000193354851829628400000000","properties":{"id":"0000193354851829628400000000","pnu":"1221011100105140038","purpose":"기타"},"geometry":{"type":"MultiPolygon","coordinates":[[[[126.927813,35.145794],[126.927873,35.14583],[126.927958,35.145762],[126.927902,35.145718],[126.927813,35.145794]]]]}},{"type":"Feature","id":"0000193359151829766900000000","properties":{"id":"0000193359151829766900000000","pnu":"1221011100105140041","purpose":"기타"},"geometry":{"type":"MultiPolygon","coordinates":[[[[126.927934,35.145976],[126.927989,35.145947],[126.927933,35.145826],[126.927878,35.145852],[126.927934,35.145976]]]]}},{"type":"Feature","id":"0000193361171830041400000000","properties":{"id":"0000193361171830041400000000","pnu":"1221011100105160001","purpose":"기타"},"geometry":{"type":"MultiPolygon","coordinates":[[[[126.927921,35.146195],[126.928028,35.146133],[126.92801,35.146107],[126.927975,35.146119],[126.927967,35.14611],[126.927886,35.14616],[126.927921,35.146195]]]]}},{"type":"Feature","id":"0000193365581829877700000000","properties":{"id":"0000193365581829877700000000","pnu":"1221011100105140044","purpose":"기타"},"geometry":{"type":"MultiPolygon","coordinates":[[[[126.927976,35.14604],[126.928062,35.145997],[126.928035,35.145962],[126.927947,35.146],[126.927976,35.14604]]]]}},{"type":"Feature","id":"0000193366131829935200000000","properties":{"id":"0000193366131829935200000000","pnu":"1221011100105160010","purpose":"기타"},"geometry":{"type":"MultiPolygon","coordinates":[[[[126.927993,35.146073],[126.928041,35.146049],[126.928024,35.146031],[126.927982,35.146054],[126.927993,35.146073]]]]}},{"type":"Feature","id":"0000193366461830112200000000","properties":{"id":"0000193366461830112200000000","pnu":"1221011100105160001","purpose":"기타"},"geometry":{"type":"MultiPolygon","coordinates":[[[[126.927981,35.14626],[126.92808,35.146206],[126.928048,35.146162],[126.927946,35.14622],[126.927981,35.14626]]]]}},{"type":"Feature","id":"0000193372631829961700000000","properties":{"id":"0000193372631829961700000000","pnu":"1221011100105160010","purpose":"기타"},"geometry":{"type":"MultiPolygon","coordinates":[[[[126.92804,35.146128],[126.928153,35.146074],[126.928118,35.146024],[126.928012,35.14608],[126.92804,35.146128]]]]}},{"type":"Feature","id":"0000193376331822120100000000","properties":{"id":"0000193376331822120100000000","pnu":"1221011800104870001","purpose":"기타"},"geometry":{"type":"MultiPolygon","coordinates":[[[[126.927993,35.139014],[126.928,35.139043],[126.928264,35.139002],[126.928257,35.138973],[126.927993,35.139014]]]]}},{"type":"Feature","id":"0000193380071830070200000000","properties":{"id":"0000193380071830070200000000","pnu":"1221011100105170062","purpose":"기타"},"geometry":{"type":"MultiPolygon","coordinates":[[[[126.928159,35.146243],[126.928184,35.146212],[126.928178,35.146207],[126.928234,35.146139],[126.928173,35.146107],[126.928093,35.146201],[126.928159,35.146243]]]]}},{"type":"Feature","id":"0000193386401828888600000000","properties":{"id":"0000193386401828888600000000","pnu":"1221011800104220009","purpose":"기타"},"geometry":{"type":"MultiPolygon","coordinates":[[[[126.928247,35.145164],[126.9283,35.145123],[126.928216,35.145055],[126.928168,35.145091],[126.928247,35.145164]]]]}},{"type":"Feature","id":"0000193394121821634400000000","properties":{"id":"0000193394121821634400000000","pnu":"1221011800105850000","purpose":"기타"},"geometry":{"type":"MultiPolygon","coordinates":[[[[126.928371,35.138622],[126.928385,35.138552],[126.928283,35.138507],[126.928268,35.138605],[126.928371,35.138622]]]]}},{"type":"Feature","id":"0000193402161827766900000000","properties":{"id":"0000193402161827766900000000","pnu":"1221011800104210000","purpose":"기타"},"geometry":{"type":"MultiPolygon","coordinates":[[[[126.928369,35.144119],[126.92845,35.144113],[126.928446,35.144077],[126.928365,35.144083],[126.928369,35.144119]]]]}},{"type":"Feature","id":"0000193403671830125100000000","properties":{"id":"0000193403671830125100000000","pnu":"1221011100105170013","purpose":"기타"},"geometry":{"type":"MultiPolygon","coordinates":[[[[126.928407,35.146191],[126.928382,35.146234],[126.928435,35.146256],[126.928463,35.146214],[126.928407,35.146191]]]]}},{"type":"Feature","id":"0000193405311821650000000000","properties":{"id":"0000193405311821650000000000","pnu":"1221011800105850000","purpose":"기타"},"geometry":{"type":"MultiPolygon","coordinates":[[[[126.928508,35.138545],[126.928434,35.13852],[126.928385,35.138624],[126.92846,35.138648],[126.928508,35.138545]]]]}},{"type":"Feature","id":"0000193412791823254500000000","properties":{"id":"0000193412791823254500000000","pnu":"1221011800104870001","purpose":"기타"},"geometry":{"type":"MultiPolygon","coordinates":[[[[126.928558,35.140046],[126.928544,35.140005],[126.928497,35.140016],[126.928511,35.140056],[126.928558,35.140046]]]]}},{"type":"Feature","id":"0000193420121821697100000000","properties":{"id":"0000193420121821697100000000","pnu":"1221011800102800000","purpose":"기타"},"geometry":{"type":"MultiPolygon","coordinates":[[[[126.928618,35.138706],[126.928672,35.138565],[126.928603,35.138546],[126.928545,35.138689],[126.928618,35.138706]]]]}},{"type":"Feature","id":"0000193422491827885900000000","properties":{"id":"0000193422491827885900000000","pnu":"1221011800104210000","purpose":"기타"},"geometry":{"type":"MultiPolygon","coordinates":[[[[126.928539,35.144197],[126.928585,35.144271],[126.928722,35.144213],[126.928676,35.144139],[126.928539,35.144197]]]]}},{"type":"Feature","id":"0000193430711826483500000000","properties":{"id":"0000193430711826483500000000","pnu":"1221011800103460000","purpose":"기타"},"geometry":{"type":"MultiPolygon","coordinates":[[[[126.928708,35.142962],[126.928747,35.142951],[126.928735,35.142921],[126.928696,35.142931],[126.928708,35.142962]]]]}},{"type":"Feature","id":"0000193446051831938300000000","properties":{"id":"0000193446051831938300000000","pnu":"1221010800101010057","purpose":"기타"},"geometry":{"type":"MultiPolygon","coordinates":[[[[126.928933,35.147885],[126.928942,35.147852],[126.928839,35.147829],[126.928833,35.147867],[126.928933,35.147885]]]]}},{"type":"Feature","id":"0000193449921830797400000000","properties":{"id":"0000193449921830797400000000","pnu":"1221011100105230004","purpose":"단독주택"},"geometry":{"type":"MultiPolygon","coordinates":[[[[126.928916,35.146891],[126.928989,35.146805],[126.928929,35.14677],[126.928911,35.146791],[126.928916,35.146797],[126.928874,35.146864],[126.928916,35.146891]]]]}},{"type":"Feature","id":"1922192590311825994500000000","properties":{"id":"1922192590311825994500000000","pnu":"1221011400101730002","year":1922,"purpose":"단독주택"},"geometry":{"type":"MultiPolygon","coordinates":[[[[126.919489,35.142553],[126.919565,35.142467],[126.919512,35.142436],[126.919435,35.142523],[126.919489,35.142553]]]]}},{"type":"Feature","id":"1922192593331826064000000000","properties":{"id":"1922192593331826064000000000","pnu":"1221011400101730002","year":1922,"purpose":"단독주택"},"geometry":{"type":"MultiPolygon","coordinates":[[[[126.919519,35.142535],[126.919504,35.142557],[126.919549,35.14258],[126.919561,35.142557],[126.919519,35.142535]]]]}},{"type":"Feature","id":"1925192554241830676100000000","properties":{"id":"1925192554241830676100000000","pnu":"1221011300100130000","year":1925,"purpose":"기타"},"geometry":{"type":"MultiPolygon","coordinates":[[[[126.918989,35.146716],[126.918964,35.14672],[126.918939,35.146764],[126.918949,35.146784],[126.918985,35.14681],[126.919014,35.146831],[126.919052,35.146842],[126.919111,35.146859],[126.919137,35.146858],[126.919168,35.146809],[126.919153,35.14679],[126.919264,35.146632],[126.919102,35.146555],[126.918989,35.146716]]]]}},{"type":"Feature","id":"1925192694851822244900000000","properties":{"id":"1925192694851822244900000000","pnu":"1221012200100850010","year":1925,"purpose":"단독주택"},"geometry":{"type":"MultiPolygon","coordinates":[[[[126.920645,35.139198],[126.920754,35.139094],[126.92066,35.139031],[126.920545,35.139142],[126.920645,35.139198]]]]}},{"type":"Feature","id":"1939192672621824812100000000","properties":{"id":"1939192672621824812100000000","pnu":"1221012200101080003","purpose":"단독주택"},"geometry":{"type":"MultiPolygon","coordinates":[[[[126.920475,35.14142],[126.920363,35.141378],[126.920332,35.141439],[126.920449,35.14148],[126.920475,35.14142]]]]}},{"type":"Feature","id":"1940192715701824403000000000","properties":{"id":"1940192715701824403000000000","pnu":"1221012200100680010","year":1940,"purpose":"숙박시설"},"geometry":{"type":"MultiPolygon","coordinates":[[[[126.92088,35.141103],[126.920927,35.141047],[126.920876,35.141018],[126.920827,35.141075],[126.92088,35.141103]]]]}},{"type":"Feature","id":"1940192721971824312700000000","properties":{"id":"1940192721971824312700000000","pnu":"1221012200100680010","year":1940,"purpose":"숙박시설"},"geometry":{"type":"MultiPolygon","coordinates":[[[[126.920928,35.141034],[126.921006,35.140951],[126.920962,35.140925],[126.920886,35.141012],[126.920928,35.141034]]]]}},{"type":"Feature","id":"1945192656151821949400000000","properties":{"id":"1945192656151821949400000000","pnu":"1221012200100810006","year":1945,"purpose":"단독주택"},"geometry":{"type":"MultiPolygon","coordinates":[[[[126.920232,35.138875],[126.920255,35.138842],[126.920223,35.138823],[126.920196,35.138854],[126.920232,35.138875]]]]}},{"type":"Feature","id":"1945192663841821997700000000","properties":{"id":"1945192663841821997700000000","pnu":"1221012200100810006","year":1945,"purpose":"단독주택"},"geometry":{"type":"MultiPolygon","coordinates":[[[[126.920311,35.138921],[126.920342,35.138887],[126.920313,35.138864],[126.920278,35.138898],[126.920311,35.138921]]]]}},{"type":"Feature","id":"1945192702091821631500000000","properties":{"id":"1945192702091821631500000000","pnu":"1221012200100810019","year":1945,"purpose":"제1종 근린생활시설"},"geometry":{"type":"MultiPolygon","coordinates":[[[[126.92079,35.138584],[126.920699,35.138512],[126.920671,35.138538],[126.920758,35.138614],[126.92079,35.138584]]]]}},{"type":"Feature","id":"1945192704971822516600000000","properties":{"id":"1945192704971822516600000000","pnu":"1221012200100840023","purpose":"제1종 근린생활시설","far":19.23,"floors":1,"structure":"일반목구조"},"geometry":{"type":"MultiPolygon","coordinates":[[[[126.920837,35.139443],[126.920869,35.139414],[126.920678,35.139277],[126.920651,35.139301],[126.920837,35.139443]]]]}},{"type":"Feature","id":"1945192706691821583400000000","properties":{"id":"1945192706691821583400000000","pnu":"1221012200100810019","year":1945,"purpose":"단독주택"},"geometry":{"type":"MultiPolygon","coordinates":[[[[126.920854,35.138523],[126.920766,35.138461],[126.920708,35.138516],[126.920795,35.138578],[126.920854,35.138523]]]]}},{"type":"Feature","id":"1945192709601822448500000000","properties":{"id":"1945192709601822448500000000","pnu":"1221012200100840023","year":2020,"purpose":"제1종 근린생활시설","far":62.49,"floors":3,"structure":"철근콘크리트구조"},"geometry":{"type":"MultiPolygon","coordinates":[[[[126.920829,35.13936],[126.920883,35.139316],[126.920795,35.139241],[126.92074,35.139278],[126.920829,35.13936]]]]}},{"type":"Feature","id":"1945192712321821524300000000","properties":{"id":"1945192712321821524300000000","pnu":"1221012200100810019","year":1945,"purpose":"단독주택"},"geometry":{"type":"MultiPolygon","coordinates":[[[[126.920788,35.138452],[126.920863,35.13851],[126.920899,35.138479],[126.92082,35.138423],[126.920788,35.138452]]]]}},{"type":"Feature","id":"1950192647771824358000000000","properties":{"id":"1950192647771824358000000000","pnu":"1221012200101060010","purpose":"제1종 근린생활시설"},"geometry":{"type":"MultiPolygon","coordinates":[[[[126.920065,35.141035],[126.92014,35.141072],[126.920197,35.141004],[126.92013,35.140967],[126.920065,35.141035]]]]}},{"type":"Feature","id":"1950192681701822176400000000","properties":{"id":"1950192681701822176400000000","pnu":"1221012200100850024","purpose":"단독주택","floors":1,"structure":"일반목구조"},"geometry":{"type":"MultiPolygon","coordinates":[[[[126.920527,35.139138],[126.920572,35.139097],[126.92053,35.139065],[126.920576,35.139017],[126.920514,35.138972],[126.920421,35.139056],[126.920527,35.139138]]]]}},{"type":"Feature","id":"1950192681921822306100000000","properties":{"id":"1950192681921822306100000000","pnu":"1221012200100850023","purpose":"단독주택","floors":1,"structure":"일반목구조"},"geometry":{"type":"MultiPolygon","coordinates":[[[[126.920574,35.139232],[126.920604,35.1392],[126.920444,35.139109],[126.920413,35.139141],[126.920574,35.139232]]]]}},{"type":"Feature","id":"1950192706891824902400000000","properties":{"id":"1950192706891824902400000000","pnu":"1221012200101100007","year":1950,"purpose":"단독주택"},"geometry":{"type":"MultiPolygon","coordinates":[[[[126.920794,35.141556],[126.92082,35.141518],[126.9208,35.141506],[126.920807,35.141477],[126.920769,35.14146],[126.920742,35.141534],[126.920794,35.141556]]]]}},{"type":"Feature","id":"1950193224221831695500000000","properties":{"id":"1950193224221831695500000000","pnu":"1221010800101410010","purpose":"단독주택","floors":1,"structure":"일반목구조"},"geometry":{"type":"MultiPolygon","coordinates":[[[[126.926397,35.147695],[126.926532,35.147644],[126.926497,35.147582],[126.926378,35.147628],[126.926397,35.147695]]]]}},{"type":"Feature","id":"1951192551051824317100000000","properties":{"id":"1951192551051824317100000000","pnu":"1221012200100970001","purpose":"단독주택","floors":1,"structure":"일반목구조"},"geometry":{"type":"MultiPolygon","coordinates":[[[[126.919132,35.140962],[126.919087,35.140946],[126.919071,35.140966],[126.919035,35.140949],[126.919012,35.140991],[126.919082,35.141026],[126.919132,35.140962]]]]}},{"type":"Feature","id":"1951192553481825740200000000","properties":{"id":"1951192553481825740200000000","pnu":"1221011400101860003","purpose":"제1종 근린생활시설"},"geometry":{"type":"MultiPolygon","coordinates":[[[[126.919064,35.142218],[126.91904,35.142272],[126.919123,35.14231],[126.919158,35.142262],[126.919064,35.142218]]]]}},{"type":"Feature","id":"1951192555021826284900000000","properties":{"id":"1951192555021826284900000000","pnu":"1221011400101880006","purpose":"단독주택"},"geometry":{"type":"MultiPolygon","coordinates":[[[[126.919133,35.142819],[126.919172,35.142711],[126.91909,35.142695],[126.919054,35.142799],[126.919133,35.142819]]]]}},{"type":"Feature","id":"1951192556881826972100000000","properties":{"id":"1951192556881826972100000000","pnu":"1221011400101200001","year":1951,"purpose":"단독주택"},"geometry":{"type":"MultiPolygon","coordinates":[[[[126.919102,35.14332],[126.919059,35.143381],[126.919162,35.14343],[126.919207,35.143373],[126.919102,35.14332]]]]}},{"type":"Feature","id":"1951192563391824122100000000","properties":{"id":"1951192563391824122100000000","pnu":"1221012200100960000","purpose":"단독주택","floors":1,"structure":"일반목구조"},"geometry":{"type":"MultiPolygon","coordinates":[[[[126.919203,35.140865],[126.919295,35.140806],[126.919263,35.140774],[126.91922,35.140799],[126.919173,35.14075],[126.919126,35.140784],[126.919203,35.140865]]]]}},{"type":"Feature","id":"1951192564971824876400000000","properties":{"id":"1951192564971824876400000000","pnu":"1221012200101590000","purpose":"단독주택","floors":1,"structure":"일반목구조"},"geometry":{"type":"MultiPolygon","coordinates":[[[[126.919152,35.141508],[126.919211,35.141548],[126.919294,35.141466],[126.919235,35.141425],[126.919152,35.141508]]]]}},{"type":"Feature","id":"1951192568581828468600000000","properties":{"id":"1951192568581828468600000000","pnu":"1221011200101670003","purpose":"단독주택"},"geometry":{"type":"MultiPolygon","coordinates":[[[[126.919279,35.144769],[126.919308,35.144697],[126.919239,35.144681],[126.919211,35.144752],[126.919279,35.144769]]]]}},{"type":"Feature","id":"1951192572251827315300000000","properties":{"id":"1951192572251827315300000000","pnu":"1221011200101410001","year":1951,"purpose":"공동주택"},"geometry":{"type":"MultiPolygon","coordinates":[[[[126.919297,35.143656],[126.91926,35.143692],[126.919309,35.143714],[126.919339,35.143675],[126.919297,35.143656]]]]}},{"type":"Feature","id":"1951192576961828508400000000","properties":{"id":"1951192576961828508400000000","pnu":"1221011200101670003","year":1951,"purpose":"제1종 근린생활시설"},"geometry":{"type":"MultiPolygon","coordinates":[[[[126.919417,35.14474],[126.919321,35.144706],[126.919283,35.14478],[126.919386,35.144815],[126.919417,35.14474]]]]}},{"type":"Feature","id":"1951192577871823404600000000","properties":{"id":"1951192577871823404600000000","pnu":"1221012200100920004","purpose":"단독주택"},"geometry":{"type":"MultiPolygon","coordinates":[[[[126.919391,35.140214],[126.919437,35.140162],[126.919341,35.140107],[126.919295,35.140157],[126.919391,35.140214]]]]}},{"type":"Feature","id":"1951192578201827719300000000","properties":{"id":"1951192578201827719300000000","pnu":"1221011200101620001","purpose":"제2종 근린생활시설","floors":1,"structure":"일반목구조"},"geometry":{"type":"MultiPolygon","coordinates":[[[[126.919382,35.144082],[126.919407,35.144041],[126.919349,35.144017],[126.919324,35.144058],[126.919382,35.144082]]]]}},{"type":"Feature","id":"1951192582131826879000000000","properties":{"id":"1951192582131826879000000000","pnu":"1221011400101640001","purpose":"제2종 근린생활시설","floors":1,"structure":"벽돌구조"},"geometry":{"type":"MultiPolygon","coordinates":[[[[126.91943,35.143224],[126.919317,35.14332],[126.919357,35.143356],[126.919509,35.143281],[126.91943,35.143224]]]]}},{"type":"Feature","id":"1951192584001823332900000000","properties":{"id":"1951192584001823332900000000","pnu":"1221012200100920004","purpose":"단독주택"},"geometry":{"type":"MultiPolygon","coordinates":[[[[126.919464,35.140145],[126.9195,35.140098],[126.919407,35.140044],[126.919366,35.140097],[126.919464,35.140145]]]]}},{"type":"Feature","id":"1951192586041826592400000000","properties":{"id":"1951192586041826592400000000","pnu":"1221011400101690000","year":1951,"purpose":"단독주택"},"geometry":{"type":"MultiPolygon","coordinates":[[[[126.919484,35.143092],[126.919531,35.143038],[126.919415,35.142978],[126.919375,35.143023],[126.919484,35.143092]]]]}},{"type":"Feature","id":"1951192588311824367500000000","properties":{"id":"1951192588311824367500000000","pnu":"1221012200101020001","purpose":"숙박시설","floors":2,"structure":"일반목구조"},"geometry":{"type":"MultiPolygon","coordinates":[[[[126.919449,35.141072],[126.919551,35.14103],[126.919526,35.14099],[126.919469,35.141014],[126.919457,35.140995],[126.919413,35.141013],[126.919449,35.141072]]]]}},{"type":"Feature","id":"1951192588721824713100000000","properties":{"id":"1951192588721824713100000000","pnu":"1221012200101570000","purpose":"제1종 근린생활시설","floors":1,"structure":"일반목구조"},"geometry":{"type":"MultiPolygon","coordinates":[[[[126.91953,35.141383],[126.919553,35.141351],[126.919464,35.141295],[126.919414,35.141344],[126.919445,35.141366],[126.919467,35.141344],[126.91953,35.141383]]]]}},{"type":"Feature","id":"1951192589891826485200000000","properties":{"id":"1951192589891826485200000000","pnu":"1221011400101690000","year":1951,"purpose":"단독주택"},"geometry":{"type":"MultiPolygon","coordinates":[[[[126.919483,35.142978],[126.919539,35.142916],[126.919503,35.142897],[126.919453,35.142959],[126.919483,35.142978]]]]}},{"type":"Feature","id":"1951192594081824664500000000","properties":{"id":"1951192594081824664500000000","pnu":"1221012200101570000","purpose":"단독주택","floors":1,"structure":"일반목구조"},"geometry":{"type":"MultiPolygon","coordinates":[[[[126.91957,35.141344],[126.91961,35.141303],[126.919515,35.141246],[126.919477,35.141293],[126.91957,35.141344]]]]}},{"type":"Feature","id":"1951192597581824620400000000","properties":{"id":"1951192597581824620400000000","pnu":"1221012200101570000","purpose":"기타","structure":"일반목구조"},"geometry":{"type":"MultiPolygon","coordinates":[[[[126.919619,35.141293],[126.919632,35.141274],[126.919546,35.14122],[126.919529,35.141238],[126.919619,35.141293]]]]}},{"type":"Feature","id":"1951192599041824749200000000","properties":{"id":"1951192599041824749200000000","pnu":"1221012200101560002","purpose":"제1종 근린생활시설","far":69,"floors":1,"structure":"일반목구조"},"geometry":{"type":"MultiPolygon","coordinates":[[[[126.919493,35.141515],[126.919737,35.14125],[126.919708,35.141225],[126.919458,35.14149],[126.919493,35.141515]]]]}},{"type":"Feature","id":"1951192600801824580000000000","properties":{"id":"1951192600801824580000000000","pnu":"1221012200101570000","purpose":"단독주택","floors":1,"structure":"일반목구조"},"geometry":{"type":"MultiPolygon","coordinates":[[[[126.919644,35.141267],[126.919675,35.14123],[126.919593,35.141174],[126.919555,35.141207],[126.919644,35.141267]]]]}},{"type":"Feature","id":"1951192601151824516800000000","properties":{"id":"1951192601151824516800000000","pnu":"1221012200101570003","purpose":"단독주택"},"geometry":{"type":"MultiPolygon","coordinates":[[[[126.919575,35.141153],[126.919646,35.141195],[126.919667,35.141171],[126.919591,35.14113],[126.919575,35.141153]]]]}},{"type":"Feature","id":"1951192602591826076700000000","properties":{"id":"1951192602591826076700000000","pnu":"1221011400101740002","purpose":"단독주택","floors":1,"structure":"일반목구조"},"geometry":{"type":"MultiPolygon","coordinates":[[[[126.919558,35.142579],[126.919663,35.142633],[126.91971,35.142578],[126.919683,35.142564],[126.919688,35.142543],[126.919611,35.142502],[126.919558,35.142579]]]]}},{"type":"Feature","id":"1951192604801827311300000000","properties":{"id":"1951192604801827311300000000","pnu":"1221011200101340000","purpose":"단독주택","floors":1,"structure":"일반목구조"},"geometry":{"type":"MultiPolygon","coordinates":[[[[126.919694,35.143729],[126.91972,35.143689],[126.919619,35.143635],[126.919595,35.143671],[126.919694,35.143729]]]]}},{"type":"Feature","id":"1951192611551823675100000000","properties":{"id":"1951192611551823675100000000","pnu":"1221012200100920000","purpose":"단독주택"},"geometry":{"type":"MultiPolygon","coordinates":[[[[126.919772,35.140461],[126.919807,35.140414],[126.919703,35.140348],[126.919661,35.140393],[126.919772,35.140461]]]]}},{"type":"Feature","id":"1951192618261827370700000000","properties":{"id":"1951192618261827370700000000","pnu":"1221011200101360002","year":1951,"purpose":"제1종 근린생활시설"},"geometry":{"type":"MultiPolygon","coordinates":[[[[126.919856,35.143778],[126.919878,35.143733],[126.919757,35.143693],[126.919732,35.143736],[126.919856,35.143778]]]]}},{"type":"Feature","id":"1951192623571824659400000000","properties":{"id":"1951192623571824659400000000","pnu":"1221012200101530001","purpose":"단독주택"},"geometry":{"type":"MultiPolygon","coordinates":[[[[126.919805,35.141315],[126.91984,35.141341],[126.919886,35.141297],[126.919903,35.141309],[126.91993,35.14128],[126.919876,35.141243],[126.919805,35.141315]]]]}},{"type":"Feature","id":"1951192626771825229800000000","properties":{"id":"1951192626771825229800000000","pnu":"1221012200101330002","purpose":"제2종 근린생활시설","far":62.105926,"floors":1,"structure":"벽돌구조"},"geometry":{"type":"MultiPolygon","coordinates":[[[[126.91991,35.141855],[126.919955,35.141786],[126.919895,35.141754],[126.919846,35.141829],[126.91991,35.141855]]]]}},{"type":"Feature","id":"1951192629971827036900000000","properties":{"id":"1951192629971827036900000000","pnu":"1221011200101310002","purpose":"제1종 근린생활시설","far":57.46,"floors":2,"structure":"일반목구조"},"geometry":{"type":"MultiPolygon","coordinates":[[[[126.919934,35.143439],[126.919935,35.143439],[126.919936,35.143439],[126.919937,35.143438],[126.919938,35.143438],[126.919939,35.143437],[126.919939,35.143437],[126.91994,35.143436],[126.91994,35.143435],[126.91994,35.143434],[126.91994,35.143434],[126.91994,35.143433],[126.919939,35.143432],[126.919939,35.143432],[126.919938,35.143431],[126.919937,35.143431],[126.919936,35.14343],[126.919935,35.14343],[126.919934,35.14343],[126.919933,35.14343],[126.919932,35.14343],[126.919932,35.143431],[126.919931,35.143431],[126.91993,35.143432],[126.91993,35.143432],[126.919929,35.143433],[126.919929,35.143434],[126.919929,35.143434],[126.919929,35.143435],[126.919929,35.143436],[126.91993,35.143437],[126.91993,35.143437],[126.919931,35.143438],[126.919932,35.143438],[126.919932,35.143439],[126.919933,35.143439],[126.919934,35.143439]]]]}},{"type":"Feature","id":"1951192630121824696300000000","properties":{"id":"1951192630121824696300000000","pnu":"1221012200101530001","purpose":"단독주택"},"geometry":{"type":"MultiPolygon","coordinates":[[[[126.919935,35.141379],[126.919998,35.141306],[126.919936,35.141273],[126.919881,35.141342],[126.919935,35.141379]]]]}},{"type":"Feature","id":"1951192635761826998300000000","properties":{"id":"1951192635761826998300000000","pnu":"1221011200101300000","purpose":"단독주택","floors":1,"structure":"일반목구조"},"geometry":{"type":"MultiPolygon","coordinates":[[[[126.919999,35.143452],[126.920047,35.143363],[126.919992,35.14335],[126.919951,35.143436],[126.919999,35.143452]]]]}},{"type":"Feature","id":"1951192636311823264900000000","properties":{"id":"1951192636311823264900000000","pnu":"1221012200100840007","purpose":"단독주택","floors":1,"structure":"일반목구조"},"geometry":{"type":"MultiPolygon","coordinates":[[[[126.919999,35.140072],[126.920055,35.140038],[126.920016,35.139997],[126.91996,35.140032],[126.919999,35.140072]]]]}},{"type":"Feature","id":"1951192639491827455600000000","properties":{"id":"1951192639491827455600000000","pnu":"1221011200101000004","purpose":"기타"},"geometry":{"type":"MultiPolygon","coordinates":[[[[126.919955,35.143888],[126.920031,35.14391],[126.920084,35.143793],[126.920122,35.143802],[126.920135,35.143756],[126.920027,35.143722],[126.919955,35.143888]]]]}},{"type":"Feature","id":"1951192644231827568900000000","properties":{"id":"1951192644231827568900000000","pnu":"1221011200101000004","purpose":"단독주택"},"geometry":{"type":"MultiPolygon","coordinates":[[[[126.920113,35.143959],[126.920143,35.143903],[126.920069,35.14387],[126.920036,35.143922],[126.920113,35.143959]]]]}},{"type":"Feature","id":"1951192646061828269800000000","properties":{"id":"1951192646061828269800000000","pnu":"1221011200100350002","purpose":"단독주택","floors":1,"structure":"일반목구조"},"geometry":{"type":"MultiPolygon","coordinates":[[[[126.920132,35.144602],[126.920154,35.144561],[126.920143,35.144555],[126.920161,35.144513],[126.920098,35.144488],[126.92005,35.144571],[126.920132,35.144602]]]]}},{"type":"Feature","id":"1951192647821825383000000000","properties":{"id":"1951192647821825383000000000","pnu":"1221012200101210000","purpose":"단독주택","floors":1,"structure":"일반목구조"},"geometry":{"type":"MultiPolygon","coordinates":[[[[126.920174,35.141996],[126.920208,35.141943],[126.920093,35.14189],[126.920056,35.141949],[126.920174,35.141996]]]]}},{"type":"Feature","id":"1951192656861825178200000000","properties":{"id":"1951192656861825178200000000","pnu":"1221012200101230000","purpose":"단독주택","floors":1,"structure":"일반목구조"},"geometry":{"type":"MultiPolygon","coordinates":[[[[126.920277,35.141792],[126.920283,35.141738],[126.920188,35.141725],[126.920179,35.141782],[126.920277,35.141792]]]]}},{"type":"Feature","id":"1951192657521824772100000000","properties":{"id":"1951192657521824772100000000","pnu":"1221012200101270000","purpose":"단독주택"},"geometry":{"type":"MultiPolygon","coordinates":[[[[126.92026,35.141439],[126.920298,35.141401],[126.920215,35.141347],[126.920181,35.141385],[126.92026,35.141439]]]]}},{"type":"Feature","id":"1951192658691824697500000000","properties":{"id":"1951192658691824697500000000","pnu":"1221012200101270000","year":1951,"purpose":"단독주택"},"geometry":{"type":"MultiPolygon","coordinates":[[[[126.920249,35.141357],[126.920283,35.141312],[126.920256,35.141295],[126.92022,35.141339],[126.920249,35.141357]]]]}},{"type":"Feature","id":"1951192660321826882400000000","properties":{"id":"1951192660321826882400000000","pnu":"1221011200101090000","purpose":"단독주택"},"geometry":{"type":"MultiPolygon","coordinates":[[[[126.920273,35.143365],[126.920327,35.143243],[126.920268,35.143224],[126.920206,35.143346],[126.920273,35.143365]]]]}},{"type":"Feature","id":"1951192660741824598300000000","properties":{"id":"1951192660741824598300000000","pnu":"1221012200101070000","purpose":"단독주택"},"geometry":{"type":"MultiPolygon","coordinates":[[[[126.920298,35.141281],[126.920336,35.141237],[126.920251,35.141192],[126.920212,35.141235],[126.920298,35.141281]]]]}},{"type":"Feature","id":"1951192661491827020000000000","properties":{"id":"1951192661491827020000000000","pnu":"1221011200101040008","purpose":"단독주택"},"geometry":{"type":"MultiPolygon","coordinates":[[[[126.920193,35.143374],[126.92018,35.143403],[126.920362,35.143466],[126.920375,35.14343],[126.920193,35.143374]]]]}},{"type":"Feature","id":"1951192662361827556500000000","properties":{"id":"1951192662361827556500000000","pnu":"1221011200101010001","purpose":"단독주택"},"geometry":{"type":"MultiPolygon","coordinates":[[[[126.920189,35.143937],[126.920381,35.143949],[126.92039,35.14387],[126.9202,35.143856],[126.920189,35.143937]]]]}},{"type":"Feature","id":"1951192670441827638200000000","properties":{"id":"1951192670441827638200000000","pnu":"1221011200101010001","purpose":"기타"},"geometry":{"type":"MultiPolygon","coordinates":[[[[126.92043,35.143998],[126.920436,35.143968],[126.920313,35.143957],[126.920312,35.143972],[126.920368,35.143993],[126.92043,35.143998]]]]}},{"type":"Feature","id":"1951192678371827518700000000","properties":{"id":"1951192678371827518700000000","pnu":"1221011200101010001","purpose":"기타"},"geometry":{"type":"MultiPolygon","coordinates":[[[[126.920483,35.143923],[126.920515,35.143835],[126.920436,35.14382],[126.920422,35.143862],[126.920436,35.143863],[126.920426,35.143911],[126.920483,35.143923]]]]}},{"type":"Feature","id":"1951192680161826926100000000","properties":{"id":"1951192680161826926100000000","pnu":"1221011200101110000","purpose":"기타","structure":"일반목구조"},"geometry":{"type":"MultiPolygon","coordinates":[[[[126.920478,35.143395],[126.92054,35.143294],[126.920493,35.143274],[126.92043,35.143378],[126.920478,35.143395]]]]}},{"type":"Feature","id":"1951192683801824908400000000","properties":{"id":"1951192683801824908400000000","pnu":"1221012200101090000","purpose":"단독주택"},"geometry":{"type":"MultiPolygon","coordinates":[[[[126.920568,35.141558],[126.920586,35.14151],[126.920489,35.141475],[126.920466,35.141522],[126.920568,35.141558]]]]}},{"type":"Feature","id":"1951192685191827050100000000","properties":{"id":"1951192685191827050100000000","pnu":"1221011200101110000","purpose":"단독주택","floors":1,"structure":"일반목구조"},"geometry":{"type":"MultiPolygon","coordinates":[[[[126.920473,35.143487],[126.920535,35.143515],[126.920606,35.1434],[126.920551,35.143379],[126.920473,35.143487]]]]}},{"type":"Feature","id":"1951192689411826950700000000","properties":{"id":"1951192689411826950700000000","pnu":"1221011200101110001","purpose":"제2종 근린생활시설"},"geometry":{"type":"MultiPolygon","coordinates":[[[[126.920519,35.14336],[126.920624,35.143403],[126.920654,35.143355],[126.920551,35.143312],[126.920519,35.14336]]]]}},{"type":"Feature","id":"1951192717241827756200000000","properties":{"id":"1951192717241827756200000000","pnu":"1221011200100910000","purpose":"단독주택"},"geometry":{"type":"MultiPolygon","coordinates":[[[[126.920961,35.144136],[126.920983,35.144087],[126.920888,35.144064],[126.920898,35.144025],[126.920842,35.144019],[126.920817,35.144105],[126.920961,35.144136]]]]}},{"type":"Feature","id":"1951192717341826263900000000","properties":{"id":"1951192717341826263900000000","pnu":"1221011200100710003","purpose":"제1종 근린생활시설","floors":1,"structure":"일반목구조"},"geometry":{"type":"MultiPolygon","coordinates":[[[[126.920935,35.142824],[126.920983,35.142731],[126.920806,35.142668],[126.920794,35.142698],[126.920935,35.142824]]]]}},{"type":"Feature","id":"1951192717561827819400000000","properties":{"id":"1951192717561827819400000000","pnu":"1221011200100910000","purpose":"단독주택"},"geometry":{"type":"MultiPolygon","coordinates":[[[[126.920943,35.144166],[126.920956,35.144139],[126.92084,35.144115],[126.920836,35.144141],[126.920943,35.144166]]]]}},{"type":"Feature","id":"1951192719491828085300000000","properties":{"id":"1951192719491828085300000000","pnu":"1221011200100550001","year":1951,"purpose":"기타"},"geometry":{"type":"MultiPolygon","coordinates":[[[[126.921076,35.14451],[126.921142,35.144388],[126.920813,35.144273],[126.920818,35.144252],[126.920772,35.144238],[126.920693,35.144377],[126.921076,35.14451]]]]}},{"type":"Feature","id":"1951192721601827921900000000","properties":{"id":"1951192721601827921900000000","pnu":"1221011200100550001","year":1951,"purpose":"기타"},"geometry":{"type":"MultiPolygon","coordinates":[[[[126.920988,35.144284],[126.921021,35.144225],[126.920888,35.144183],[126.920857,35.144239],[126.920988,35.144284]]]]}},{"type":"Feature","id":"1951192734361828009000000000","properties":{"id":"1951192734361828009000000000","pnu":"1221011200100550001","year":1951,"purpose":"제1종 근린생활시설"},"geometry":{"type":"MultiPolygon","coordinates":[[[[126.921157,35.144379],[126.921164,35.144362],[126.921132,35.14429],[126.921029,35.144248],[126.920986,35.14431],[126.921157,35.144379]]]]}},{"type":"Feature","id":"1951192760541827466700000000","properties":{"id":"1951192760541827466700000000","pnu":"1221011200100880000","purpose":"단독주택","floors":1,"structure":"일반목구조"},"geometry":{"type":"MultiPolygon","coordinates":[[[[126.921416,35.143865],[126.921437,35.143813],[126.921315,35.143779],[126.921301,35.143835],[126.921416,35.143865]]]]}},{"type":"Feature","id":"1951192764061827360300000000","properties":{"id":"1951192764061827360300000000","pnu":"1221011200100880001","purpose":"단독주택"},"geometry":{"type":"MultiPolygon","coordinates":[[[[126.921428,35.143773],[126.92146,35.143732],[126.92138,35.143682],[126.921351,35.143719],[126.921428,35.143773]]]]}},{"type":"Feature","id":"1951192792971822795700000000","properties":{"id":"1951192792971822795700000000","pnu":"1221012200100570003","purpose":"기타","floors":1,"structure":"일반목구조"},"geometry":{"type":"MultiPolygon","coordinates":[[[[126.921707,35.139669],[126.921783,35.13965],[126.921743,35.139556],[126.921673,35.139574],[126.921707,35.139669]]]]}},{"type":"Feature","id":"1951192799511822737000000000","properties":{"id":"1951192799511822737000000000","pnu":"1221012200100570003","purpose":"기타","floors":1,"structure":"일반목구조"},"geometry":{"type":"MultiPolygon","coordinates":[[[[126.921759,35.139545],[126.921774,35.139592],[126.921838,35.139574],[126.921824,35.139529],[126.921759,35.139545]]]]}},{"type":"Feature","id":"1951192819271826807300000000","properties":{"id":"1951192819271826807300000000","pnu":"1221011800101260004","year":1951,"purpose":"단독주택"},"geometry":{"type":"MultiPolygon","coordinates":[[[[126.922012,35.143233],[126.922013,35.143233],[126.922014,35.143233],[126.922015,35.143233],[126.922015,35.143232],[126.922016,35.143232],[126.922017,35.143231],[126.922017,35.143231],[126.922017,35.14323],[126.922017,35.143229],[126.922017,35.143228],[126.922017,35.143227],[126.922017,35.143227],[126.922016,35.143226],[126.922015,35.143226],[126.922015,35.143225],[126.922014,35.143225],[126.922013,35.143225],[126.922012,35.143224],[126.922011,35.143225],[126.92201,35.143225],[126.922009,35.143225],[126.922008,35.143226],[126.922008,35.143226],[126.922007,35.143227],[126.922007,35.143227],[126.922006,35.143228],[126.922006,35.143229],[126.922006,35.14323],[126.922007,35.14323],[126.922007,35.143231],[126.922008,35.143232],[126.922008,35.143232],[126.922009,35.143233],[126.92201,35.143233],[126.922011,35.143233],[126.922012,35.143233]]]]}},{"type":"Feature","id":"1951192822851828626900000000","properties":{"id":"1951192822851828626900000000","pnu":"1221011800100900020","purpose":"기타","structure":"일반목구조"},"geometry":{"type":"MultiPolygon","coordinates":[[[[126.92205,35.144874],[126.922051,35.144873],[126.922051,35.144873],[126.922052,35.144873],[126.922053,35.144873],[126.922054,35.144872],[126.922054,35.144871],[126.922055,35.144871],[126.922055,35.14487],[126.922055,35.144869],[126.922055,35.144868],[126.922055,35.144868],[126.922054,35.144867],[126.922054,35.144866],[126.922053,35.144866],[126.922052,35.144865],[126.922051,35.144865],[126.922051,35.144865],[126.92205,35.144865],[126.922049,35.144865],[126.922048,35.144865],[126.922047,35.144865],[126.922046,35.144866],[126.922045,35.144866],[126.922045,35.144867],[126.922044,35.144868],[126.922044,35.144868],[126.922044,35.144869],[126.922044,35.14487],[126.922044,35.144871],[126.922045,35.144871],[126.922045,35.144872],[126.922046,35.144872],[126.922047,35.144873],[126.922048,35.144873],[126.922049,35.144873],[126.92205,35.144874]]]]}},{"type":"Feature","id":"1951192824911828702600000000","properties":{"id":"1951192824911828702600000000","pnu":"1221011800100900020","purpose":"단독주택","floors":1,"structure":"일반목구조"},"geometry":{"type":"MultiPolygon","coordinates":[[[[126.922082,35.144996],[126.922143,35.144949],[126.922119,35.144926],[126.92211,35.144931],[126.922057,35.14488],[126.922003,35.144917],[126.922082,35.144996]]]]}},{"type":"Feature","id":"1951192839261828654200000000","properties":{"id":"1951192839261828654200000000","pnu":"1221011800100900012","purpose":"단독주택"},"geometry":{"type":"MultiPolygon","coordinates":[[[[126.922181,35.144947],[126.922293,35.144876],[126.922267,35.144843],[126.922225,35.14486],[126.922239,35.144875],[126.922161,35.144919],[126.922181,35.144947]]]]}},{"type":"Feature","id":"1951192856671829193100000000","properties":{"id":"1951192856671829193100000000","pnu":"1221011800100330004","year":1951,"purpose":"제2종 근린생활시설"},"geometry":{"type":"MultiPolygon","coordinates":[[[[126.922328,35.145465],[126.922558,35.145365],[126.922523,35.145297],[126.922284,35.145387],[126.922328,35.145465]]]]}},{"type":"Feature","id":"1951192858361829073100000000","properties":{"id":"1951192858361829073100000000","pnu":"1221011800100330004","year":1951,"purpose":"단독주택"},"geometry":{"type":"MultiPolygon","coordinates":[[[[126.922393,35.145305],[126.922498,35.14526],[126.922487,35.145239],[126.922381,35.145281],[126.922393,35.145305]]]]}},{"type":"Feature","id":"1951192866861827248100000000","properties":{"id":"1951192866861827248100000000","pnu":"1221011800101000011","purpose":"단독주택","floors":1,"structure":"일반목구조"},"geometry":{"type":"MultiPolygon","coordinates":[[[[126.922558,35.143678],[126.92261,35.143609],[126.922571,35.143589],[126.922552,35.143614],[126.922481,35.143584],[126.922455,35.143622],[126.922558,35.143678]]]]}},{"type":"Feature","id":"1951192869841827157900000000","properties":{"id":"1951192869841827157900000000","pnu":"1221011800101000012","purpose":"단독주택","floors":1,"structure":"일반목구조"},"geometry":{"type":"MultiPolygon","coordinates":[[[[126.922479,35.14354],[126.922612,35.143602],[126.922654,35.143551],[126.922521,35.143488],[126.922479,35.14354]]]]}},{"type":"Feature","id":"1951192875131827243500000000","properties":{"id":"1951192875131827243500000000","pnu":"1221011800101000008","purpose":"기타"},"geometry":{"type":"MultiPolygon","coordinates":[[[[126.922624,35.143627],[126.922625,35.143627],[126.922626,35.143627],[126.922627,35.143626],[126.922628,35.143626],[126.922629,35.143625],[126.922629,35.143625],[126.92263,35.143624],[126.92263,35.143623],[126.92263,35.143622],[126.92263,35.143622],[126.92263,35.143621],[126.922629,35.14362],[126.922629,35.14362],[126.922628,35.143619],[126.922627,35.143619],[126.922626,35.143618],[126.922625,35.143618],[126.922624,35.143618],[126.922623,35.143618],[126.922623,35.143618],[126.922622,35.143619],[126.922621,35.143619],[126.92262,35.14362],[126.92262,35.14362],[126.922619,35.143621],[126.922619,35.143622],[126.922619,35.143622],[126.922619,35.143623],[126.922619,35.143624],[126.92262,35.143625],[126.92262,35.143625],[126.922621,35.143626],[126.922622,35.143626],[126.922623,35.143627],[126.922623,35.143627],[126.922624,35.143627]]]]}},{"type":"Feature","id":"1951192876761827327200000000","properties":{"id":"1951192876761827327200000000","pnu":"1221011800101000008","purpose":"단독주택"},"geometry":{"type":"MultiPolygon","coordinates":[[[[126.922678,35.143748],[126.92271,35.143707],[126.922606,35.143648],[126.922575,35.143689],[126.922678,35.143748]]]]}},{"type":"Feature","id":"1951192877741827139000000000","properties":{"id":"1951192877741827139000000000","pnu":"1221011800101000012","purpose":"기타","structure":"일반목구조"},"geometry":{"type":"MultiPolygon","coordinates":[[[[126.922612,35.143525],[126.922677,35.143556],[126.922694,35.143531],[126.92263,35.1435],[126.922612,35.143525]]]]}},{"type":"Feature","id":"1951192881811827293900000000","properties":{"id":"1951192881811827293900000000","pnu":"1221011800101000008","purpose":"기타"},"geometry":{"type":"MultiPolygon","coordinates":[[[[126.922743,35.143672],[126.922673,35.143636],[126.922652,35.143664],[126.922722,35.1437],[126.922743,35.143672]]]]}},{"type":"Feature","id":"1951192882681827223000000000","properties":{"id":"1951192882681827223000000000","pnu":"1221011800101000007","purpose":"단독주택","floors":1,"structure":"일반목구조"},"geometry":{"type":"MultiPolygon","coordinates":[[[[126.922744,35.143649],[126.922773,35.14361],[126.922667,35.14356],[126.922642,35.143596],[126.922744,35.143649]]]]}},{"type":"Feature","id":"1951192887991831812700000000","properties":{"id":"1951192887991831812700000000","pnu":"1221010700101010018","purpose":"단독주택","floors":1,"structure":"일반목구조"},"geometry":{"type":"MultiPolygon","coordinates":[[[[126.922796,35.147805],[126.92284,35.14775],[126.922724,35.14768],[126.922682,35.147726],[126.922796,35.147805]]]]}},{"type":"Feature","id":"1951192888891827200900000000","properties":{"id":"1951192888891827200900000000","pnu":"1221011800101000007","purpose":"단독주택","structure":"블록구조"},"geometry":{"type":"MultiPolygon","coordinates":[[[[126.922789,35.143609],[126.922809,35.143586],[126.922762,35.143559],[126.922742,35.143582],[126.922789,35.143609]]]]}},{"type":"Feature","id":"1951192948441829256500000000","properties":{"id":"1951192948441829256500000000","pnu":"1221011800100300000","purpose":"단독주택"},"geometry":{"type":"MultiPolygon","coordinates":[[[[126.923517,35.145458],[126.923496,35.145424],[126.923452,35.145439],[126.923403,35.145369],[126.923352,35.145387],[126.923416,35.145499],[126.923517,35.145458]]]]}},{"type":"Feature","id":"1951192949901829154400000000","properties":{"id":"1951192949901829154400000000","pnu":"1221011800100300000","purpose":"기타"},"geometry":{"type":"MultiPolygon","coordinates":[[[[126.92342,35.14537],[126.923482,35.145339],[126.923467,35.145321],[126.923406,35.14535],[126.92342,35.14537]]]]}},{"type":"Feature","id":"1951192952031829086700000000","properties":{"id":"1951192952031829086700000000","pnu":"1221011800100300002","purpose":"기타"},"geometry":{"type":"MultiPolygon","coordinates":[[[[126.923452,35.14528],[126.923464,35.145297],[126.923481,35.145289],[126.923469,35.145272],[126.923452,35.14528]]]]}},{"type":"Feature","id":"1951192954631829203200000000","properties":{"id":"1951192954631829203200000000","pnu":"1221011800100300000","purpose":"기타"},"geometry":{"type":"MultiPolygon","coordinates":[[[[126.923497,35.145417],[126.923522,35.145404],[126.923492,35.145362],[126.923469,35.145372],[126.923497,35.145417]]]]}},{"type":"Feature","id":"1951192992501828807500000000","properties":{"id":"1951192992501828807500000000","pnu":"1221011800100270005","year":1951,"purpose":"단독주택"},"geometry":{"type":"MultiPolygon","coordinates":[[[[126.923902,35.145099],[126.923955,35.145072],[126.923931,35.145023],[126.923963,35.145001],[126.923945,35.144973],[126.923854,35.14501],[126.923902,35.145099]]]]}},{"type":"Feature","id":"1951192994801828950000000000","properties":{"id":"1951192994801828950000000000","pnu":"1221011800100270005","year":1951,"purpose":"단독주택"},"geometry":{"type":"MultiPolygon","coordinates":[[[[126.923927,35.145192],[126.923971,35.145173],[126.923947,35.145133],[126.923901,35.145147],[126.923927,35.145192]]]]}},{"type":"Feature","id":"1951193002361828744400000000","properties":{"id":"1951193002361828744400000000","pnu":"1221011800100270005","year":1951,"purpose":"제1종 근린생활시설"},"geometry":{"type":"MultiPolygon","coordinates":[[[[126.924018,35.145017],[126.924071,35.144991],[126.924025,35.144936],[126.923965,35.144963],[126.924018,35.145017]]]]}},{"type":"Feature","id":"1951193002361828829600000000","properties":{"id":"1951193002361828829600000000","pnu":"1221011800100270005","year":1951,"purpose":"단독주택"},"geometry":{"type":"MultiPolygon","coordinates":[[[[126.923982,35.145081],[126.924069,35.145054],[126.924056,35.145025],[126.92397,35.145052],[126.923982,35.145081]]]]}},{"type":"Feature","id":"1951193004131829584000000000","properties":{"id":"1951193004131829584000000000","pnu":"1221011800100270000","year":1951,"purpose":"단독주택"},"geometry":{"type":"MultiPolygon","coordinates":[[[[126.924072,35.145764],[126.924086,35.145722],[126.924006,35.145701],[126.923991,35.145747],[126.924072,35.145764]]]]}},{"type":"Feature","id":"1951193004561829371200000000","properties":{"id":"1951193004561829371200000000","pnu":"1221011800100270011","purpose":"단독주택","floors":1,"structure":"일반목구조"},"geometry":{"type":"MultiPolygon","coordinates":[[[[126.924077,35.14557],[126.92409,35.145538],[126.924048,35.145529],[126.92405,35.145518],[126.924015,35.145509],[126.924,35.14555],[126.924077,35.14557]]]]}},{"type":"Feature","id":"1951193007481829347600000000","properties":{"id":"1951193007481829347600000000","pnu":"1221011800100270011","purpose":"기타","structure":"벽돌구조"},"geometry":{"type":"MultiPolygon","coordinates":[[[[126.924075,35.145525],[126.924076,35.145524],[126.924077,35.145524],[126.924078,35.145524],[126.924079,35.145523],[126.924079,35.145523],[126.92408,35.145522],[126.92408,35.145522],[126.92408,35.145521],[126.924081,35.14552],[126.92408,35.145519],[126.92408,35.145518],[126.92408,35.145518],[126.924079,35.145517],[126.924079,35.145517],[126.924078,35.145516],[126.924077,35.145516],[126.924076,35.145516],[126.924075,35.145515],[126.924074,35.145516],[126.924073,35.145516],[126.924072,35.145516],[126.924072,35.145517],[126.924071,35.145517],[126.92407,35.145518],[126.92407,35.145518],[126.92407,35.145519],[126.92407,35.14552],[126.92407,35.145521],[126.92407,35.145522],[126.92407,35.145522],[126.924071,35.145523],[126.924072,35.145523],[126.924072,35.145524],[126.924073,35.145524],[126.924074,35.145524],[126.924075,35.145525]]]]}},{"type":"Feature","id":"1951193013231828820800000000","properties":{"id":"1951193013231828820800000000","pnu":"1221011800100270005","year":1951,"purpose":"단독주택"},"geometry":{"type":"MultiPolygon","coordinates":[[[[126.924136,35.145084],[126.924182,35.145035],[126.924141,35.145007],[126.924095,35.145054],[126.924136,35.145084]]]]}},{"type":"Feature","id":"1951193015181829479800000000","properties":{"id":"1951193015181829479800000000","pnu":"1221011800100180001","year":1951,"purpose":"단독주택"},"geometry":{"type":"MultiPolygon","coordinates":[[[[126.924185,35.145693],[126.924172,35.145586],[126.924132,35.145587],[126.924149,35.145694],[126.924185,35.145693]]]]}},{"type":"Feature","id":"1951193021111829362400000000","properties":{"id":"1951193021111829362400000000","pnu":"1221011800100180001","year":1951,"purpose":"단독주택"},"geometry":{"type":"MultiPolygon","coordinates":[[[[126.924197,35.145584],[126.924272,35.145522],[126.924231,35.145491],[126.924215,35.145491],[126.924186,35.145582],[126.924197,35.145584]]]]}},{"type":"Feature","id":"1951193078041829065500000000","properties":{"id":"1951193078041829065500000000","pnu":"1221011800100200018","year":1951,"purpose":"단독주택"},"geometry":{"type":"MultiPolygon","coordinates":[[[[126.924867,35.145317],[126.924896,35.145293],[126.924836,35.145219],[126.924801,35.145236],[126.924867,35.145317]]]]}},{"type":"Feature","id":"1951193083121829041100000000","properties":{"id":"1951193083121829041100000000","pnu":"1221011800100200018","year":1951,"purpose":"단독주택"},"geometry":{"type":"MultiPolygon","coordinates":[[[[126.924947,35.145276],[126.924894,35.145197],[126.924864,35.145207],[126.924913,35.145292],[126.924947,35.145276]]]]}},{"type":"Feature","id":"1951193090991829359700000000","properties":{"id":"1951193090991829359700000000","pnu":"1221011800100200013","year":1951,"purpose":"단독주택"},"geometry":{"type":"MultiPolygon","coordinates":[[[[126.925,35.145582],[126.925005,35.145586],[126.925073,35.145538],[126.925036,35.145504],[126.925014,35.145523],[126.925,35.145512],[126.924955,35.145476],[126.924912,35.145513],[126.925,35.145582]]]]}},{"type":"Feature","id":"1951193098041829380000000000","properties":{"id":"1951193098041829380000000000","pnu":"1221011800100200013","year":1951,"purpose":"단독주택"},"geometry":{"type":"MultiPolygon","coordinates":[[[[126.925029,35.145606],[126.925119,35.145552],[126.925075,35.145483],[126.92505,35.145494],[126.925079,35.145537],[126.925009,35.145586],[126.925029,35.145606]]]]}},{"type":"Feature","id":"1951193130561830266300000000","properties":{"id":"1951193130561830266300000000","pnu":"1221011800100100005","year":1951,"purpose":"단독주택"},"geometry":{"type":"MultiPolygon","coordinates":[[[[126.92544,35.146407],[126.925476,35.14639],[126.92541,35.146291],[126.925373,35.146308],[126.92544,35.146407]]]]}},{"type":"Feature","id":"1951193141141830184400000000","properties":{"id":"1951193141141830184400000000","pnu":"1221011800100100005","year":1951,"purpose":"단독주택"},"geometry":{"type":"MultiPolygon","coordinates":[[[[126.925497,35.146334],[126.925617,35.14628],[126.925564,35.146207],[126.925538,35.146215],[126.925547,35.146238],[126.925465,35.146283],[126.925497,35.146334]]]]}},{"type":"Feature","id":"1951193141561829639900000000","properties":{"id":"1951193141561829639900000000","pnu":"1221011800100080012","purpose":"단독주택","floors":1,"structure":"일반목구조"},"geometry":{"type":"MultiPolygon","coordinates":[[[[126.925502,35.145835],[126.925627,35.145784],[126.925595,35.145735],[126.925465,35.145782],[126.925502,35.145835]]]]}},{"type":"Feature","id":"1951193201091829807500000000","properties":{"id":"1951193201091829807500000000","pnu":"1221011800100090009","year":1951,"purpose":"단독주택"},"geometry":{"type":"MultiPolygon","coordinates":[[[[126.926222,35.145964],[126.926239,35.145936],[126.926177,35.145908],[126.926159,35.145935],[126.926222,35.145964]]]]}},{"type":"Feature","id":"1951193203961830395300000000","properties":{"id":"1951193203961830395300000000","pnu":"1221011800100100016","year":1951,"purpose":"단독주택"},"geometry":{"type":"MultiPolygon","coordinates":[[[[126.926233,35.146509],[126.926281,35.146454],[126.926228,35.146422],[126.926179,35.146477],[126.926233,35.146509]]]]}},{"type":"Feature","id":"1951193207491830340200000000","properties":{"id":"1951193207491830340200000000","pnu":"1221011800100100016","year":1951,"purpose":"단독주택"},"geometry":{"type":"MultiPolygon","coordinates":[[[[126.92628,35.146439],[126.926299,35.146416],[126.926259,35.146393],[126.926239,35.146416],[126.92628,35.146439]]]]}},{"type":"Feature","id":"1951193211351829841400000000","properties":{"id":"1951193211351829841400000000","pnu":"1221011800100090009","year":1951,"purpose":"단독주택"},"geometry":{"type":"MultiPolygon","coordinates":[[[[126.926311,35.146038],[126.926379,35.146008],[126.926309,35.145895],[126.926246,35.145921],[126.926311,35.146038]]]]}},{"type":"Feature","id":"1951193217111829798700000000","properties":{"id":"1951193217111829798700000000","pnu":"1221011800100090009","year":1951,"purpose":"단독주택"},"geometry":{"type":"MultiPolygon","coordinates":[[[[126.926429,35.145949],[126.926373,35.145879],[126.926321,35.145907],[126.926377,35.145977],[126.926429,35.145949]]]]}},{"type":"Feature","id":"1951193235611830432500000000","properties":{"id":"1951193235611830432500000000","pnu":"1221011800100050002","purpose":"단독주택"},"geometry":{"type":"MultiPolygon","coordinates":[[[[126.9266,35.146546],[126.926634,35.146507],[126.926559,35.146454],[126.926518,35.146489],[126.9266,35.146546]]]]}},{"type":"Feature","id":"1951193300491829624800000000","properties":{"id":"1951193300491829624800000000","pnu":"1221011800104270003","purpose":"제1종 근린생활시설"},"geometry":{"type":"MultiPolygon","coordinates":[[[[126.927232,35.145799],[126.927245,35.145804],[126.927352,35.145772],[126.927292,35.145735],[126.927232,35.145799]]]]}},{"type":"Feature","id":"1951193345371829141500000000","properties":{"id":"1951193345371829141500000000","pnu":"1221011800104240003","purpose":"단독주택","floors":1,"structure":"블록구조"},"geometry":{"type":"MultiPolygon","coordinates":[[[[126.927767,35.145389],[126.927841,35.145309],[126.927796,35.145285],[126.927727,35.145364],[126.927767,35.145389]]]]}},{"type":"Feature","id":"1951193346211829297900000000","properties":{"id":"1951193346211829297900000000","pnu":"1221011800104250002","purpose":"단독주택","floors":1,"structure":"일반목구조"},"geometry":{"type":"MultiPolygon","coordinates":[[[[126.927803,35.145569],[126.927917,35.14551],[126.927724,35.145386],[126.927675,35.145442],[126.927793,35.145516],[126.92778,35.145529],[126.927803,35.145569]]]]}},{"type":"Feature","id":"1952192561751825214900000000","properties":{"id":"1952192561751825214900000000","pnu":"1221012200101390003","purpose":"제1종 근린생활시설","floors":1,"structure":"일반목구조"},"geometry":{"type":"MultiPolygon","coordinates":[[[[126.919122,35.141824],[126.919171,35.141851],[126.919254,35.141765],[126.919199,35.141732],[126.919122,35.141824]]]]}},{"type":"Feature","id":"1952192699461824441100000000","properties":{"id":"1952192699461824441100000000","pnu":"1221012200100690000","year":1952,"purpose":"제1종 근린생활시설"},"geometry":{"type":"MultiPolygon","coordinates":[[[[126.920737,35.141163],[126.920786,35.141112],[126.920667,35.141026],[126.920612,35.141084],[126.920737,35.141163]]]]}},{"type":"Feature","id":"1952192753331824232000000000","properties":{"id":"1952192753331824232000000000","pnu":"1221012200100680008","purpose":"단독주택","floors":1,"structure":"일반목구조"},"geometry":{"type":"MultiPolygon","coordinates":[[[[126.921313,35.140983],[126.921384,35.140897],[126.92127,35.140832],[126.921196,35.140916],[126.921313,35.140983]]]]}},{"type":"Feature","id":"1952193036781821831700000000","properties":{"id":"1952193036781821831700000000","pnu":"1221012200100280006","purpose":"단독주택","floors":1,"structure":"일반목구조"},"geometry":{"type":"MultiPolygon","coordinates":[[[[126.924377,35.138798],[126.924466,35.138726],[126.924427,35.138694],[126.924341,35.138765],[126.924377,35.138798]]]]}},{"type":"Feature","id":"1952193172611829964100000000","properties":{"id":"1952193172611829964100000000","pnu":"1221011800100090002","year":1952,"purpose":"단독주택"},"geometry":{"type":"MultiPolygon","coordinates":[[[[126.925843,35.146106],[126.925876,35.146122],[126.925931,35.146048],[126.925898,35.146031],[126.925843,35.146106]]]]}},{"type":"Feature","id":"1952193176981830070200000000","properties":{"id":"1952193176981830070200000000","pnu":"1221011800100090002","year":1952,"purpose":"단독주택"},"geometry":{"type":"MultiPolygon","coordinates":[[[[126.92598,35.146228],[126.926007,35.146174],[126.925886,35.146118],[126.92586,35.146167],[126.92598,35.146228]]]]}},{"type":"Feature","id":"1952193183271830154900000000","properties":{"id":"1952193183271830154900000000","pnu":"1221011800100090002","purpose":"기타","structure":"일반목구조"},"geometry":{"type":"MultiPolygon","coordinates":[[[[126.926003,35.146253],[126.926004,35.146253],[126.926005,35.146253],[126.926006,35.146253],[126.926007,35.146252],[126.926008,35.146252],[126.926008,35.146251],[126.926009,35.14625],[126.926009,35.14625],[126.926009,35.146249],[126.926009,35.146248],[126.926009,35.146247],[126.926008,35.146247],[126.926008,35.146246],[126.926007,35.146245],[126.926006,35.146245],[126.926005,35.146245],[126.926004,35.146244],[126.926003,35.146244],[126.926002,35.146244],[126.926001,35.146245],[126.926001,35.146245],[126.926,35.146245],[126.925999,35.146246],[126.925999,35.146247],[126.925998,35.146247],[126.925998,35.146248],[126.925998,35.146249],[126.925998,35.14625],[126.925998,35.14625],[126.925999,35.146251],[126.925999,35.146252],[126.926,35.146252],[126.926001,35.146253],[126.926001,35.146253],[126.926002,35.146253],[126.926003,35.146253]]]]}},{"type":"Feature","id":"1952193186091830053600000000","properties":{"id":"1952193186091830053600000000","pnu":"1221011800100090002","year":1952,"purpose":"단독주택"},"geometry":{"type":"MultiPolygon","coordinates":[[[[126.926034,35.146218],[126.926083,35.146128],[126.926017,35.146104],[126.925997,35.146141],[126.926022,35.146151],[126.925993,35.146203],[126.926034,35.146218]]]]}},{"type":"Feature","id":"1952193232851831034200000000","properties":{"id":"1952193232851831034200000000","pnu":"1221010800101380005","purpose":"제2종 근린생활시설","far":40.53,"floors":1,"structure":"일반목구조"},"geometry":{"type":"MultiPolygon","coordinates":[[[[126.926477,35.147096],[126.926642,35.147025],[126.926617,35.146989],[126.926455,35.147055],[126.926477,35.147096]]]]}},{"type":"Feature","id":"1952193242381830910200000000","properties":{"id":"1952193242381830910200000000","pnu":"1221010800101380005","purpose":"제2종 근린생활시설","far":40.53,"floors":1,"structure":"일반목구조"},"geometry":{"type":"MultiPolygon","coordinates":[[[[126.926659,35.146968],[126.926687,35.146946],[126.926645,35.146895],[126.926615,35.146909],[126.926659,35.146968]]]]}},{"type":"Feature","id":"1952193245171830980500000000","properties":{"id":"1952193245171830980500000000","pnu":"1221010800101380005","purpose":"제2종 근린생활시설","far":40.53,"floors":1,"structure":"일반목구조"},"geometry":{"type":"MultiPolygon","coordinates":[[[[126.926665,35.147023],[126.92672,35.146993],[126.926698,35.146964],[126.926645,35.146993],[126.926665,35.147023]]]]}},{"type":"Feature","id":"1954192648511828609800000000","properties":{"id":"1954192648511828609800000000","pnu":"1221011200100330002","year":1954,"purpose":"제2종 근린생활시설"},"geometry":{"type":"MultiPolygon","coordinates":[[[[126.920142,35.144904],[126.920193,35.144827],[126.920135,35.144802],[126.920078,35.144873],[126.920142,35.144904]]]]}},{"type":"Feature","id":"1954192648711828706500000000","properties":{"id":"1954192648711828706500000000","pnu":"1221011200100330002","year":1954,"purpose":"단독주택"},"geometry":{"type":"MultiPolygon","coordinates":[[[[126.920073,35.144875],[126.92004,35.144935],[126.920206,35.145002],[126.92024,35.144949],[126.920073,35.144875]]]]}},{"type":"Feature","id":"1954192656731828627700000000","properties":{"id":"1954192656731828627700000000","pnu":"1221011200100330002","year":1954,"purpose":"단독주택"},"geometry":{"type":"MultiPolygon","coordinates":[[[[126.92021,35.144925],[126.920273,35.144822],[126.920249,35.144809],[126.920178,35.144912],[126.92021,35.144925]]]]}},{"type":"Feature","id":"1954192668181824498500000000","properties":{"id":"1954192668181824498500000000","pnu":"1221012200101070004","purpose":"숙박시설"},"geometry":{"type":"MultiPolygon","coordinates":[[[[126.92041,35.141115],[126.920358,35.141092],[126.920302,35.141176],[126.920354,35.141203],[126.92041,35.141115]]]]}},{"type":"Feature","id":"1954193021331828749000000000","properties":{"id":"1954193021331828749000000000","pnu":"1221011800100250010","purpose":"단독주택"},"geometry":{"type":"MultiPolygon","coordinates":[[[[126.924255,35.145027],[126.924285,35.144965],[126.924199,35.144936],[126.924169,35.144993],[126.924255,35.145027]]]]}},{"type":"Feature","id":"1954193222611830358200000000","properties":{"id":"1954193222611830358200000000","pnu":"1221011800100060000","purpose":"기타"},"geometry":{"type":"MultiPolygon","coordinates":[[[[126.926486,35.146471],[126.926499,35.146454],[126.92638,35.146393],[126.926369,35.146408],[126.926486,35.146471]]]]}},{"type":"Feature","id":"1954193229821830292400000000","properties":{"id":"1954193229821830292400000000","pnu":"1221011800100060000","purpose":"단독주택"},"geometry":{"type":"MultiPolygon","coordinates":[[[[126.926581,35.146334],[126.926513,35.146307],[126.92645,35.146415],[126.926509,35.14644],[126.926581,35.146334]]]]}},{"type":"Feature","id":"1955193443421830072500000000","properties":{"id":"1955193443421830072500000000","pnu":"1221011100105200004","purpose":"기타","structure":"벽돌구조"},"geometry":{"type":"MultiPolygon","coordinates":[[[[126.928805,35.146174],[126.928831,35.146211],[126.928908,35.146178],[126.928892,35.146142],[126.928805,35.146174]]]]}},{"type":"Feature","id":"1956192619281827308400000000","properties":{"id":"1956192619281827308400000000","pnu":"1221011200101350000","purpose":"단독주택","floors":1,"structure":"일반목구조"},"geometry":{"type":"MultiPolygon","coordinates":[[[[126.919851,35.143715],[126.919873,35.143681],[126.919785,35.143643],[126.919759,35.143677],[126.919851,35.143715]]]]}},{"type":"Feature","id":"1956192620651827245900000000","properties":{"id":"1956192620651827245900000000","pnu":"1221011200101350000","purpose":"기타","structure":"일반목구조"},"geometry":{"type":"MultiPolygon","coordinates":[[[[126.919832,35.143627],[126.919833,35.143627],[126.919834,35.143627],[126.919835,35.143627],[126.919835,35.143626],[126.919836,35.143626],[126.919837,35.143625],[126.919837,35.143624],[126.919837,35.143624],[126.919837,35.143623],[126.919837,35.143622],[126.919837,35.143621],[126.919837,35.143621],[126.919836,35.14362],[126.919835,35.143619],[126.919835,35.143619],[126.919834,35.143619],[126.919833,35.143618],[126.919832,35.143618],[126.919831,35.143618],[126.91983,35.143619],[126.919829,35.143619],[126.919828,35.143619],[126.919828,35.14362],[126.919827,35.143621],[126.919827,35.143621],[126.919827,35.143622],[126.919826,35.143623],[126.919827,35.143624],[126.919827,35.143624],[126.919827,35.143625],[126.919828,35.143626],[126.919828,35.143626],[126.919829,35.143627],[126.91983,35.143627],[126.919831,35.143627],[126.919832,35.143627]]]]}},{"type":"Feature","id":"1956193176581829029100000000","properties":{"id":"1956193176581829029100000000","pnu":"1221011800100070008","year":1956,"purpose":"제1종 근린생활시설"},"geometry":{"type":"MultiPolygon","coordinates":[[[[126.925916,35.145271],[126.925969,35.145264],[126.925938,35.145194],[126.925898,35.145201],[126.925916,35.145271]]]]}},{"type":"Feature","id":"1956193273371831095000000000","properties":{"id":"1956193273371831095000000000","pnu":"1221010800101350012","year":1956,"purpose":"단독주택"},"geometry":{"type":"MultiPolygon","coordinates":[[[[126.926938,35.147145],[126.927001,35.147117],[126.927027,35.147144],[126.927088,35.147112],[126.927036,35.147046],[126.926968,35.147072],[126.926948,35.147057],[126.926892,35.147083],[126.926938,35.147145]]]]}},{"type":"Feature","id":"1956193278421830999400000000","properties":{"id":"1956193278421830999400000000","pnu":"1221010800101350012","year":1956,"purpose":"단독주택"},"geometry":{"type":"MultiPolygon","coordinates":[[[[126.927047,35.147015],[126.927048,35.147015],[126.927049,35.147015],[126.92705,35.147015],[126.92705,35.147014],[126.927051,35.147014],[126.927052,35.147013],[126.927052,35.147012],[126.927052,35.147012],[126.927052,35.147011],[126.927052,35.14701],[126.927052,35.147009],[126.927052,35.147008],[126.927051,35.147008],[126.92705,35.147007],[126.92705,35.147007],[126.927049,35.147007],[126.927048,35.147006],[126.927047,35.147006],[126.927046,35.147006],[126.927045,35.147007],[126.927044,35.147007],[126.927043,35.147007],[126.927043,35.147008],[126.927042,35.147008],[126.927042,35.147009],[126.927041,35.14701],[126.927041,35.147011],[126.927041,35.147012],[126.927042,35.147012],[126.927042,35.147013],[126.927043,35.147014],[126.927043,35.147014],[126.927044,35.147015],[126.927045,35.147015],[126.927046,35.147015],[126.927047,35.147015]]]]}},{"type":"Feature","id":"1956193420751829713500000000","properties":{"id":"1956193420751829713500000000","pnu":"1221011100105170027","purpose":"단독주택"},"geometry":{"type":"MultiPolygon","coordinates":[[[[126.92859,35.145916],[126.928685,35.145827],[126.928628,35.14579],[126.928536,35.145876],[126.92859,35.145916]]]]}},{"type":"Feature","id":"1957192585441826144500000000","properties":{"id":"1957192585441826144500000000","pnu":"1221011400101720002","purpose":"제2종 근린생활시설","far":35.417488,"floors":1,"structure":"일반목구조"},"geometry":{"type":"MultiPolygon","coordinates":[[[[126.919453,35.142682],[126.919522,35.142596],[126.919471,35.142575],[126.919435,35.142615],[126.919397,35.142604],[126.919372,35.142653],[126.919453,35.142682]]]]}},{"type":"Feature","id":"1957192623841823118200000000","properties":{"id":"1957192623841823118200000000","pnu":"1221012200100840009","purpose":"단독주택","floors":1,"structure":"일반목구조"},"geometry":{"type":"MultiPolygon","coordinates":[[[[126.919915,35.139931],[126.919924,35.139888],[126.919826,35.139871],[126.919821,35.139921],[126.919915,35.139931]]]]}},{"type":"Feature","id":"1957192636501822887400000000","properties":{"id":"1957192636501822887400000000","pnu":"1221012200100850004","year":1957,"purpose":"제1종 근린생활시설"},"geometry":{"type":"MultiPolygon","coordinates":[[[[126.920041,35.139747],[126.920079,35.139703],[126.919979,35.139643],[126.919939,35.139684],[126.920041,35.139747]]]]}},{"type":"Feature","id":"1957192699891824565400000000","properties":{"id":"1957192699891824565400000000","pnu":"1221012200101080008","purpose":"단독주택"},"geometry":{"type":"MultiPolygon","coordinates":[[[[126.920769,35.141208],[126.920672,35.141157],[126.920638,35.141206],[126.920736,35.141258],[126.920769,35.141208]]]]}},{"type":"Feature","id":"1957192709131824489800000000","properties":{"id":"1957192709131824489800000000","pnu":"1221012200101080008","purpose":"단독주택"},"geometry":{"type":"MultiPolygon","coordinates":[[[[126.920792,35.141184],[126.920851,35.141112],[126.92082,35.141094],[126.92076,35.141166],[126.920792,35.141184]]]]}},{"type":"Feature","id":"1957192983401826978600000000","properties":{"id":"1957192983401826978600000000","pnu":"1221011800104700041","purpose":"단독주택"},"geometry":{"type":"MultiPolygon","coordinates":[[[[126.923787,35.143422],[126.923861,35.143386],[126.923832,35.143346],[126.923768,35.143383],[126.923787,35.143422]]]]}},{"type":"Feature","id":"1957193295781831240500000000","properties":{"id":"1957193295781831240500000000","pnu":"1221010800101350018","purpose":"제2종 근린생활시설","floors":1,"structure":"벽돌구조"},"geometry":{"type":"MultiPolygon","coordinates":[[[[126.927268,35.147282],[126.927304,35.147249],[126.927204,35.147174],[126.927171,35.147206],[126.927268,35.147282]]]]}},{"type":"Feature","id":"1957193297921831164300000000","properties":{"id":"1957193297921831164300000000","pnu":"1221010800101350018","purpose":"제2종 근린생활시설","floors":1,"structure":"벽돌구조"},"geometry":{"type":"MultiPolygon","coordinates":[[[[126.92723,35.14719],[126.927307,35.147161],[126.927289,35.147128],[126.927214,35.14716],[126.92723,35.14719]]]]}},{"type":"Feature","id":"1957193306281831168300000000","properties":{"id":"1957193306281831168300000000","pnu":"1221010800101350021","purpose":"제2종 근린생활시설"},"geometry":{"type":"MultiPolygon","coordinates":[[[[126.927349,35.147223],[126.927413,35.1472],[126.927355,35.147102],[126.927292,35.147127],[126.927349,35.147223]]]]}},{"type":"Feature","id":"1958192566991827038400000000","properties":{"id":"1958192566991827038400000000","pnu":"1221011400101190002","purpose":"단독주택"},"geometry":{"type":"MultiPolygon","coordinates":[[[[126.919166,35.143439],[126.919256,35.143493],[126.919321,35.143429],[126.919266,35.143389],[126.919252,35.143403],[126.919212,35.143386],[126.919166,35.143439]]]]}},{"type":"Feature","id":"1958192571581826962300000000","properties":{"id":"1958192571581826962300000000","pnu":"1221011400101190002","purpose":"기타"},"geometry":{"type":"MultiPolygon","coordinates":[[[[126.919324,35.143411],[126.919346,35.143393],[126.919269,35.143324],[126.919241,35.143343],[126.919324,35.143411]]]]}},{"type":"Feature","id":"1958192572341826103300000000","properties":{"id":"1958192572341826103300000000","pnu":"1221011400101720003","year":1958,"purpose":"단독주택"},"geometry":{"type":"MultiPolygon","coordinates":[[[[126.919348,35.142642],[126.919376,35.142585],[126.919257,35.142543],[126.919231,35.1426],[126.919348,35.142642]]]]}},{"type":"Feature","id":"1958192575631826032100000000","properties":{"id":"1958192575631826032100000000","pnu":"1221011400101720003","year":1958,"purpose":"단독주택"},"geometry":{"type":"MultiPolygon","coordinates":[[[[126.919255,35.142536],[126.919333,35.14256],[126.919336,35.142553],[126.919405,35.142572],[126.919428,35.142533],[126.919291,35.142478],[126.919255,35.142536]]]]}},{"type":"Feature","id":"1958192598201824105500000000","properties":{"id":"1958192598201824105500000000","pnu":"1221012200100950000","purpose":"단독주택","floors":1,"structure":"일반목구조"},"geometry":{"type":"MultiPolygon","coordinates":[[[[126.919622,35.140842],[126.919657,35.140801],[126.919551,35.140742],[126.91952,35.140781],[126.919622,35.140842]]]]}},{"type":"Feature","id":"1958192650731824856500000000","properties":{"id":"1958192650731824856500000000","pnu":"1221012200101260002","purpose":"단독주택","floors":1,"structure":"벽돌구조"},"geometry":{"type":"MultiPolygon","coordinates":[[[[126.920159,35.141527],[126.92021,35.141429],[126.920168,35.141411],[126.920119,35.141513],[126.920159,35.141527]]]]}},{"type":"Feature","id":"1958192681281824422400000000","properties":{"id":"1958192681281824422400000000","pnu":"1221012200101050001","purpose":"단독주택"},"geometry":{"type":"MultiPolygon","coordinates":[[[[126.920507,35.141138],[126.920567,35.141062],[126.92049,35.141021],[126.920433,35.141092],[126.920507,35.141138]]]]}},{"type":"Feature","id":"1958193100551821130700000000","properties":{"id":"1958193100551821130700000000","pnu":"1221012200100310006","purpose":"단독주택","floors":1,"structure":"일반목구조"},"geometry":{"type":"MultiPolygon","coordinates":[[[[126.92511,35.138162],[126.925153,35.138091],[126.925096,35.138068],[126.925054,35.138137],[126.92511,35.138162]]]]}},{"type":"Feature","id":"1958193231401830088200000000","properties":{"id":"1958193231401830088200000000","pnu":"1221011800100060007","year":1958,"purpose":"단독주택"},"geometry":{"type":"MultiPolygon","coordinates":[[[[126.926558,35.146227],[126.926583,35.146191],[126.926505,35.146152],[126.926479,35.146185],[126.926558,35.146227]]]]}},{"type":"Feature","id":"1958193239421830113800000000","properties":{"id":"1958193239421830113800000000","pnu":"1221011800100060007","year":1958,"purpose":"단독주택"},"geometry":{"type":"MultiPolygon","coordinates":[[[[126.926602,35.146258],[126.926657,35.14618],[126.926639,35.146167],[126.926582,35.146242],[126.926602,35.146258]]]]}},{"type":"Feature","id":"1958193271691830676800000000","properties":{"id":"1958193271691830676800000000","pnu":"1221010800101330000","year":1958,"purpose":"단독주택"},"geometry":{"type":"MultiPolygon","coordinates":[[[[126.926959,35.14675],[126.927006,35.146719],[126.926991,35.146692],[126.926941,35.146716],[126.926959,35.14675]]]]}},{"type":"Feature","id":"1958193277131830714300000000","properties":{"id":"1958193277131830714300000000","pnu":"1221010800101330000","year":1958,"purpose":"단독주택"},"geometry":{"type":"MultiPolygon","coordinates":[[[[126.926998,35.146808],[126.927108,35.146748],[126.927068,35.146699],[126.926958,35.146759],[126.926998,35.146808]]]]}},{"type":"Feature","id":"1958193280281830640000000000","properties":{"id":"1958193280281830640000000000","pnu":"1221010800101330000","purpose":"기타","structure":"블록구조"},"geometry":{"type":"MultiPolygon","coordinates":[[[[126.927138,35.146727],[126.927076,35.146639],[126.926988,35.146681],[126.927008,35.146709],[126.927066,35.146681],[126.927109,35.146741],[126.927138,35.146727]]]]}},{"type":"Feature","id":"1958193299191830997500000000","properties":{"id":"1958193299191830997500000000","pnu":"1221010800101350002","purpose":"제1종 근린생활시설","floors":1,"structure":"일반목구조"},"geometry":{"type":"MultiPolygon","coordinates":[[[[126.92726,35.147044],[126.927317,35.147013],[126.927289,35.146977],[126.927234,35.147],[126.92726,35.147044]]]]}},{"type":"Feature","id":"1958193322841829270600000000","properties":{"id":"1958193322841829270600000000","pnu":"1221011800104260001","purpose":"단독주택","floors":1,"structure":"일반목구조"},"geometry":{"type":"MultiPolygon","coordinates":[[[[126.927455,35.145468],[126.92751,35.145514],[126.927615,35.14544],[126.927561,35.145391],[126.927455,35.145468]]]]}},{"type":"Feature","id":"1958193331471829605700000000","properties":{"id":"1958193331471829605700000000","pnu":"1221011800104250000","purpose":"단독주택","floors":1,"structure":"블록구조"},"geometry":{"type":"MultiPolygon","coordinates":[[[[126.927579,35.145829],[126.927594,35.145818],[126.927607,35.145828],[126.927756,35.145705],[126.927732,35.145678],[126.927706,35.145679],[126.927494,35.145782],[126.927579,35.145829]]]]}},{"type":"Feature","id":"1959192762451827212100000000","properties":{"id":"1959192762451827212100000000","pnu":"1221011200100860001","year":1959,"purpose":"단독주택"},"geometry":{"type":"MultiPolygon","coordinates":[[[[126.921382,35.14364],[126.921436,35.143581],[126.921395,35.143547],[126.92134,35.143605],[126.921382,35.14364]]]]}},{"type":"Feature","id":"1959192768151827234600000000","properties":{"id":"1959192768151827234600000000","pnu":"1221011200100860001","year":1959,"purpose":"단독주택"},"geometry":{"type":"MultiPolygon","coordinates":[[[[126.921455,35.143651],[126.921494,35.143604],[126.921446,35.143577],[126.921407,35.143623],[126.921455,35.143651]]]]}},{"type":"Feature","id":"1959192774551827181400000000","properties":{"id":"1959192774551827181400000000","pnu":"1221011200100860001","year":1959,"purpose":"단독주택"},"geometry":{"type":"MultiPolygon","coordinates":[[[[126.92151,35.143609],[126.921569,35.143551],[126.921536,35.143524],[126.921472,35.143576],[126.92151,35.143609]]]]}},{"type":"Feature","id":"1959192774811826846500000000","properties":{"id":"1959192774811826846500000000","pnu":"1221011200100810002","purpose":"단독주택","floors":1,"structure":"일반목구조"},"geometry":{"type":"MultiPolygon","coordinates":[[[[126.921531,35.143337],[126.921572,35.143207],[126.921513,35.143192],[126.921478,35.143324],[126.921531,35.143337]]]]}},{"type":"Feature","id":"1959192845051827300700000000","properties":{"id":"1959192845051827300700000000","pnu":"1221011800101230001","purpose":"단독주택"},"geometry":{"type":"MultiPolygon","coordinates":[[[[126.922348,35.143724],[126.922374,35.143666],[126.922235,35.143626],[126.922216,35.143678],[126.922348,35.143724]]]]}},{"type":"Feature","id":"1959192855121827243200000000","properties":{"id":"1959192855121827243200000000","pnu":"1221011800101230001","year":1959,"purpose":"단독주택"},"geometry":{"type":"MultiPolygon","coordinates":[[[[126.922405,35.143627],[126.922406,35.143627],[126.922407,35.143626],[126.922408,35.143626],[126.922408,35.143626],[126.922409,35.143625],[126.92241,35.143624],[126.92241,35.143624],[126.92241,35.143623],[126.92241,35.143622],[126.92241,35.143621],[126.92241,35.143621],[126.92241,35.14362],[126.922409,35.143619],[126.922408,35.143619],[126.922408,35.143618],[126.922407,35.143618],[126.922406,35.143618],[126.922405,35.143618],[126.922404,35.143618],[126.922403,35.143618],[126.922402,35.143618],[126.922401,35.143619],[126.922401,35.143619],[126.9224,35.14362],[126.9224,35.143621],[126.922399,35.143621],[126.922399,35.143622],[126.922399,35.143623],[126.9224,35.143624],[126.9224,35.143624],[126.922401,35.143625],[126.922401,35.143626],[126.922402,35.143626],[126.922403,35.143626],[126.922404,35.143627],[126.922405,35.143627]]]]}},{"type":"Feature","id":"1959193123551828109800000000","properties":{"id":"1959193123551828109800000000","pnu":"1221011800104350012","year":1959,"purpose":"단독주택"},"geometry":{"type":"MultiPolygon","coordinates":[[[[126.925322,35.144438],[126.925401,35.14439],[126.925392,35.144374],[126.925302,35.14441],[126.925322,35.144438]]]]}},{"type":"Feature","id":"1959193127551828186200000000","properties":{"id":"1959193127551828186200000000","pnu":"1221011800104350012","year":1959,"purpose":"단독주택"},"geometry":{"type":"MultiPolygon","coordinates":[[[[126.925367,35.144517],[126.925451,35.144467],[126.925426,35.144432],[126.925335,35.144478],[126.925367,35.144517]]]]}},{"type":"Feature","id":"1959193131001828260400000000","properties":{"id":"1959193131001828260400000000","pnu":"1221011800104350012","year":1959,"purpose":"단독주택"},"geometry":{"type":"MultiPolygon","coordinates":[[[[126.925405,35.144579],[126.925484,35.144543],[126.925462,35.144504],[126.925377,35.144537],[126.925405,35.144579]]]]}},{"type":"Feature","id":"1959193170921828614900000000","properties":{"id":"1959193170921828614900000000","pnu":"1221011800104350020","purpose":"단독주택"},"geometry":{"type":"MultiPolygon","coordinates":[[[[126.925853,35.144921],[126.925947,35.144863],[126.925916,35.144815],[126.925865,35.144845],[126.925834,35.144812],[126.925793,35.144832],[126.925853,35.144921]]]]}},{"type":"Feature","id":"1959193261041830473500000000","properties":{"id":"1959193261041830473500000000","pnu":"1221010800101380012","year":1959,"purpose":"단독주택"},"geometry":{"type":"MultiPolygon","coordinates":[[[[126.926707,35.146654],[126.92694,35.146487],[126.926991,35.146541],[126.927014,35.146522],[126.92695,35.146434],[126.926681,35.146633],[126.926707,35.146654]]]]}},{"type":"Feature","id":"1959193265611830493700000000","properties":{"id":"1959193265611830493700000000","pnu":"1221010800101380012","year":1959,"purpose":"단독주택"},"geometry":{"type":"MultiPolygon","coordinates":[[[[126.926879,35.146604],[126.926968,35.146547],[126.926934,35.146505],[126.926845,35.146564],[126.926879,35.146604]]]]}},{"type":"Feature","id":"1960192550001826913800000000","properties":{"id":"1960192550001826913800000000","pnu":"1221011400101220001","purpose":"제2종 근린생활시설","far":77.26,"floors":1,"structure":"벽돌구조"},"geometry":{"type":"MultiPolygon","coordinates":[[[[126.919057,35.143363],[126.919109,35.143304],[126.919063,35.143284],[126.919028,35.143317],[126.919019,35.143315],[126.919005,35.143338],[126.919057,35.143363]]]]}},{"type":"Feature","id":"1960192628431823054300000000","properties":{"id":"1960192628431823054300000000","pnu":"1221012200100850019","purpose":"기타"},"geometry":{"type":"MultiPolygon","coordinates":[[[[126.919921,35.139849],[126.919922,35.139849],[126.919923,35.139849],[126.919924,35.139849],[126.919925,35.139848],[126.919925,35.139848],[126.919926,35.139847],[126.919926,35.139846],[126.919926,35.139845],[126.919927,35.139845],[126.919926,35.139844],[126.919926,35.139843],[126.919926,35.139842],[126.919925,35.139842],[126.919925,35.139841],[126.919924,35.139841],[126.919923,35.13984],[126.919922,35.13984],[126.919921,35.13984],[126.91992,35.13984],[126.919919,35.13984],[126.919918,35.139841],[126.919918,35.139841],[126.919917,35.139842],[126.919916,35.139842],[126.919916,35.139843],[126.919916,35.139844],[126.919916,35.139845],[126.919916,35.139845],[126.919916,35.139846],[126.919916,35.139847],[126.919917,35.139848],[126.919918,35.139848],[126.919918,35.139849],[126.919919,35.139849],[126.91992,35.139849],[126.919921,35.139849]]]]}},{"type":"Feature","id":"1960192635201823011300000000","properties":{"id":"1960192635201823011300000000","pnu":"1221012200100850019","purpose":"단독주택"},"geometry":{"type":"MultiPolygon","coordinates":[[[[126.919976,35.139858],[126.920059,35.139792],[126.920021,35.139754],[126.919929,35.139817],[126.919976,35.139858]]]]}},{"type":"Feature","id":"1960192692241824741700000000","properties":{"id":"1960192692241824741700000000","pnu":"1221012200101080007","purpose":"단독주택"},"geometry":{"type":"MultiPolygon","coordinates":[[[[126.92067,35.141416],[126.920702,35.14136],[126.92057,35.141315],[126.920539,35.141375],[126.92067,35.141416]]]]}},{"type":"Feature","id":"1960192699041824648900000000","properties":{"id":"1960192699041824648900000000","pnu":"1221012200101080007","purpose":"기타"},"geometry":{"type":"MultiPolygon","coordinates":[[[[126.920731,35.14132],[126.920753,35.141286],[126.920655,35.141246],[126.920637,35.141277],[126.920731,35.14132]]]]}},{"type":"Feature","id":"1960192829941828948800000000","properties":{"id":"1960192829941828948800000000","pnu":"1221011800100900008","purpose":"단독주택"},"geometry":{"type":"MultiPolygon","coordinates":[[[[126.922135,35.145198],[126.922179,35.145161],[126.922155,35.145138],[126.922142,35.145147],[126.922107,35.145125],[126.922074,35.145147],[126.922135,35.145198]]]]}},{"type":"Feature","id":"1960192938721822344100000000","properties":{"id":"1960192938721822344100000000","pnu":"1221012200100260009","purpose":"제1종 근린생활시설","far":170.65,"floors":2,"structure":"벽돌구조"},"geometry":{"type":"MultiPolygon","coordinates":[[[[126.923361,35.139247],[126.923359,35.139171],[126.923321,35.13916],[126.923274,35.139221],[126.923305,35.13924],[126.923361,35.139247]]]]}},{"type":"Feature","id":"1960193084831827512500000000","properties":{"id":"1960193084831827512500000000","pnu":"1221011800104670006","purpose":"제2종 근린생활시설"},"geometry":{"type":"MultiPolygon","coordinates":[[[[126.924936,35.143912],[126.924979,35.143863],[126.924915,35.143822],[126.924871,35.143869],[126.924936,35.143912]]]]}},{"type":"Feature","id":"1960193088301827351300000000","properties":{"id":"1960193088301827351300000000","pnu":"1221011800104670005","year":1960,"purpose":"단독주택"},"geometry":{"type":"MultiPolygon","coordinates":[[[[126.924959,35.143749],[126.924991,35.143706],[126.924967,35.143694],[126.924936,35.143735],[126.924959,35.143749]]]]}},{"type":"Feature","id":"1960193089931827438000000000","properties":{"id":"1960193089931827438000000000","pnu":"1221011800104670005","year":1960,"purpose":"단독주택"},"geometry":{"type":"MultiPolygon","coordinates":[[[[126.925,35.143841],[126.925006,35.143845],[126.925038,35.143807],[126.925,35.143783],[126.924953,35.143754],[126.924926,35.143792],[126.925,35.143841]]]]}},{"type":"Feature","id":"1960193091091827502500000000","properties":{"id":"1960193091091827502500000000","pnu":"1221011800104670006","purpose":"제1종 근린생활시설"},"geometry":{"type":"MultiPolygon","coordinates":[[[[126.924994,35.143862],[126.924995,35.143862],[126.924996,35.143862],[126.924997,35.143861],[126.924998,35.143861],[126.924998,35.14386],[126.924999,35.14386],[126.924999,35.143859],[126.924999,35.143858],[126.925,35.143857],[126.924999,35.143857],[126.924999,35.143856],[126.924999,35.143855],[126.924998,35.143855],[126.924998,35.143854],[126.924997,35.143854],[126.924996,35.143853],[126.924995,35.143853],[126.924994,35.143853],[126.924993,35.143853],[126.924992,35.143853],[126.924991,35.143854],[126.924991,35.143854],[126.92499,35.143855],[126.924989,35.143855],[126.924989,35.143856],[126.924989,35.143857],[126.924989,35.143857],[126.924989,35.143858],[126.924989,35.143859],[126.924989,35.14386],[126.92499,35.14386],[126.92499,35.143861],[126.924991,35.143861],[126.924992,35.143862],[126.924993,35.143862],[126.924994,35.143862]]]]}},{"type":"Feature","id":"1960193249811830384900000000","properties":{"id":"1960193249811830384900000000","pnu":"1221011800100050001","purpose":"기타"},"geometry":{"type":"MultiPolygon","coordinates":[[[[126.926733,35.146461],[126.926734,35.146461],[126.926735,35.146461],[126.926736,35.146461],[126.926737,35.14646],[126.926738,35.14646],[126.926738,35.146459],[126.926739,35.146458],[126.926739,35.146457],[126.926739,35.146457],[126.926739,35.146456],[126.926739,35.146455],[126.926738,35.146454],[126.926738,35.146454],[126.926737,35.146453],[126.926736,35.146453],[126.926735,35.146452],[126.926734,35.146452],[126.926733,35.146452],[126.926732,35.146452],[126.926732,35.146452],[126.926731,35.146453],[126.92673,35.146453],[126.926729,35.146454],[126.926729,35.146454],[126.926728,35.146455],[126.926728,35.146456],[126.926728,35.146457],[126.926728,35.146457],[126.926728,35.146458],[126.926729,35.146459],[126.926729,35.14646],[126.92673,35.14646],[126.926731,35.146461],[126.926732,35.146461],[126.926732,35.146461],[126.926733,35.146461]]]]}},{"type":"Feature","id":"1960193250121830456500000000","properties":{"id":"1960193250121830456500000000","pnu":"1221011800100050001","purpose":"단독주택"},"geometry":{"type":"MultiPolygon","coordinates":[[[[126.926706,35.146584],[126.926815,35.1465],[126.926771,35.146459],[126.926658,35.146541],[126.926706,35.146584]]]]}},{"type":"Feature","id":"1960193271121830864500000000","properties":{"id":"1960193271121830864500000000","pnu":"1221010800101350013","purpose":"기타","structure":"일반목구조"},"geometry":{"type":"MultiPolygon","coordinates":[[[[126.926971,35.146917],[126.926992,35.146906],[126.926963,35.146863],[126.926941,35.14687],[126.926971,35.146917]]]]}},{"type":"Feature","id":"1960193295351830914700000000","properties":{"id":"1960193295351830914700000000","pnu":"1221010800101350006","purpose":"단독주택","floors":1,"structure":"일반목구조"},"geometry":{"type":"MultiPolygon","coordinates":[[[[126.927221,35.146968],[126.927272,35.146938],[126.927243,35.146901],[126.927194,35.146931],[126.927221,35.146968]]]]}},{"type":"Feature","id":"1960193339191828861900000000","properties":{"id":"1960193339191828861900000000","pnu":"1221011800104230003","purpose":"단독주택"},"geometry":{"type":"MultiPolygon","coordinates":[[[[126.927764,35.145037],[126.927639,35.14508],[126.927671,35.145134],[126.927793,35.145085],[126.927764,35.145037]]]]}},{"type":"Feature","id":"1961192569421826290000000000","properties":{"id":"1961192569421826290000000000","pnu":"1221011400101720001","purpose":"단독주택","floors":1,"structure":"일반목구조"},"geometry":{"type":"MultiPolygon","coordinates":[[[[126.919166,35.142774],[126.919336,35.142822],[126.919378,35.142749],[126.919202,35.142699],[126.919166,35.142774]]]]}},{"type":"Feature","id":"1961192570661826175500000000","properties":{"id":"1961192570661826175500000000","pnu":"1221011400101720001","purpose":"기타","structure":"일반목구조"},"geometry":{"type":"MultiPolygon","coordinates":[[[[126.919233,35.142609],[126.919203,35.142682],[126.919247,35.142697],[126.919266,35.142665],[126.919371,35.142694],[126.91939,35.142666],[126.919233,35.142609]]]]}},{"type":"Feature","id":"1961192572161824236500000000","properties":{"id":"1961192572161824236500000000","pnu":"1221012200101010000","year":1961,"purpose":"단독주택"},"geometry":{"type":"MultiPolygon","coordinates":[[[[126.919311,35.140958],[126.919357,35.14091],[126.919292,35.140865],[126.919249,35.140904],[126.919311,35.140958]]]]}},{"type":"Feature","id":"1961192579061824275500000000","properties":{"id":"1961192579061824275500000000","pnu":"1221012200101010000","year":1961,"purpose":"단독주택"},"geometry":{"type":"MultiPolygon","coordinates":[[[[126.919371,35.140994],[126.919427,35.140918],[126.91939,35.140896],[126.919328,35.140968],[126.919371,35.140994]]]]}},{"type":"Feature","id":"1961192630051827688600000000","properties":{"id":"1961192630051827688600000000","pnu":"1221011200100990001","purpose":"제1종 근린생활시설"},"geometry":{"type":"MultiPolygon","coordinates":[[[[126.919852,35.144108],[126.919932,35.14413],[126.920014,35.14393],[126.919946,35.143909],[126.919852,35.144108]]]]}},{"type":"Feature","id":"1961192635721825317900000000","properties":{"id":"1961192635721825317900000000","pnu":"1221012200101210002","purpose":"단독주택","floors":1,"structure":"일반목구조"},"geometry":{"type":"MultiPolygon","coordinates":[[[[126.920036,35.141937],[126.920067,35.141875],[126.91997,35.141833],[126.919926,35.141894],[126.920036,35.141937]]]]}},{"type":"Feature","id":"1961192638431827790800000000","properties":{"id":"1961192638431827790800000000","pnu":"1221011200101000001","purpose":"제1종 근린생활시설"},"geometry":{"type":"MultiPolygon","coordinates":[[[[126.920075,35.144168],[126.920105,35.144097],[126.919982,35.144057],[126.919949,35.144136],[126.920075,35.144168]]]]}},{"type":"Feature","id":"1961192640921827612600000000","properties":{"id":"1961192640921827612600000000","pnu":"1221011200100990001","purpose":"제1종 근린생활시설"},"geometry":{"type":"MultiPolygon","coordinates":[[[[126.920087,35.143976],[126.920094,35.14396],[126.920025,35.143931],[126.920014,35.143949],[126.920087,35.143976]]]]}},{"type":"Feature","id":"1961192642711827698700000000","properties":{"id":"1961192642711827698700000000","pnu":"1221011200101000001","purpose":"제1종 근린생활시설"},"geometry":{"type":"MultiPolygon","coordinates":[[[[126.919987,35.144047],[126.920131,35.144092],[126.920159,35.144027],[126.920081,35.143992],[126.920082,35.143979],[126.920033,35.143965],[126.919987,35.144047]]]]}},{"type":"Feature","id":"1961192749451828577000000000","properties":{"id":"1961192749451828577000000000","pnu":"1221011800100790001","year":1961,"purpose":"단독주택"},"geometry":{"type":"MultiPolygon","coordinates":[[[[126.921192,35.144835],[126.921235,35.144867],[126.921296,35.144811],[126.921254,35.144781],[126.921192,35.144835]]]]}},{"type":"Feature","id":"1961192754181828636100000000","properties":{"id":"1961192754181828636100000000","pnu":"1221011800100790001","year":1961,"purpose":"단독주택"},"geometry":{"type":"MultiPolygon","coordinates":[[[[126.921276,35.144831],[126.921237,35.144875],[126.921316,35.144922],[126.921355,35.144879],[126.921276,35.144831]]]]}},{"type":"Feature","id":"1961192821951828876300000000","properties":{"id":"1961192821951828876300000000","pnu":"1221011800100900007","purpose":"단독주택","floors":1,"structure":"일반목구조"},"geometry":{"type":"MultiPolygon","coordinates":[[[[126.92204,35.145143],[126.922099,35.145091],[126.922067,35.14506],[126.922043,35.145077],[126.922019,35.145053],[126.921979,35.14508],[126.92204,35.145143]]]]}},{"type":"Feature","id":"1961192999801826606300000000","properties":{"id":"1961192999801826606300000000","pnu":"1221011800104720016","year":1961,"purpose":"단독주택"},"geometry":{"type":"MultiPolygon","coordinates":[[[[126.924008,35.143101],[126.92405,35.143074],[126.923972,35.142997],[126.923937,35.143017],[126.924008,35.143101]]]]}},{"type":"Feature","id":"1961193000081826528700000000","properties":{"id":"1961193000081826528700000000","pnu":"1221011800104720016","year":1961,"purpose":"단독주택"},"geometry":{"type":"MultiPolygon","coordinates":[[[[126.923996,35.142984],[126.923997,35.142984],[126.923998,35.142983],[126.923999,35.142983],[126.924,35.142983],[126.924,35.142982],[126.924001,35.142981],[126.924001,35.142981],[126.924002,35.14298],[126.924002,35.142979],[126.924002,35.142978],[126.924001,35.142978],[126.924001,35.142977],[126.924,35.142976],[126.924,35.142976],[126.923999,35.142975],[126.923998,35.142975],[126.923997,35.142975],[126.923996,35.142975],[126.923995,35.142975],[126.923994,35.142975],[126.923993,35.142975],[126.923993,35.142976],[126.923992,35.142976],[126.923991,35.142977],[126.923991,35.142978],[126.923991,35.142978],[126.923991,35.142979],[126.923991,35.14298],[126.923991,35.142981],[126.923991,35.142981],[126.923992,35.142982],[126.923993,35.142983],[126.923993,35.142983],[126.923994,35.142983],[126.923995,35.142983],[126.923996,35.142984]]]]}},{"type":"Feature","id":"1961193002851826781300000000","properties":{"id":"1961193002851826781300000000","pnu":"1221011800104720014","year":1961,"purpose":"단독주택"},"geometry":{"type":"MultiPolygon","coordinates":[[[[126.924047,35.143251],[126.924085,35.143213],[126.924002,35.143163],[126.92397,35.143199],[126.924047,35.143251]]]]}},{"type":"Feature","id":"1961193008261826720800000000","properties":{"id":"1961193008261826720800000000","pnu":"1221011800104720014","year":1961,"purpose":"단독주택"},"geometry":{"type":"MultiPolygon","coordinates":[[[[126.924111,35.143186],[126.924126,35.14317],[126.924066,35.143119],[126.924046,35.14314],[126.924111,35.143186]]]]}},{"type":"Feature","id":"1961193008331822173100000000","properties":{"id":"1961193008331822173100000000","pnu":"1221012200100280002","purpose":"단독주택","floors":1,"structure":"일반목구조"},"geometry":{"type":"MultiPolygon","coordinates":[[[[126.924112,35.139122],[126.924175,35.139059],[126.924062,35.138985],[126.924008,35.139045],[126.924112,35.139122]]]]}},{"type":"Feature","id":"1961193009901821977800000000","properties":{"id":"1961193009901821977800000000","pnu":"1221012200100280008","year":1961,"purpose":"단독주택"},"geometry":{"type":"MultiPolygon","coordinates":[[[[126.924087,35.138921],[126.924158,35.13886],[126.924125,35.138833],[126.924058,35.138896],[126.924087,35.138921]]]]}},{"type":"Feature","id":"1961193017501822036300000000","properties":{"id":"1961193017501822036300000000","pnu":"1221012200100280008","year":1961,"purpose":"단독주택"},"geometry":{"type":"MultiPolygon","coordinates":[[[[126.924197,35.138989],[126.924265,35.138936],[126.924187,35.13887],[126.924117,35.138926],[126.924197,35.138989]]]]}},{"type":"Feature","id":"1961193022031826763600000000","properties":{"id":"1961193022031826763600000000","pnu":"1221011800104720006","purpose":"기타","structure":"일반목구조"},"geometry":{"type":"MultiPolygon","coordinates":[[[[126.924237,35.143195],[126.924238,35.143195],[126.924239,35.143195],[126.92424,35.143195],[126.92424,35.143194],[126.924241,35.143194],[126.924242,35.143193],[126.924242,35.143193],[126.924242,35.143192],[126.924242,35.143191],[126.924242,35.14319],[126.924242,35.143189],[126.924242,35.143189],[126.924241,35.143188],[126.92424,35.143188],[126.92424,35.143187],[126.924239,35.143187],[126.924238,35.143187],[126.924237,35.143186],[126.924236,35.143187],[126.924235,35.143187],[126.924234,35.143187],[126.924233,35.143188],[126.924233,35.143188],[126.924232,35.143189],[126.924232,35.143189],[126.924232,35.14319],[126.924231,35.143191],[126.924232,35.143192],[126.924232,35.143192],[126.924232,35.143193],[126.924233,35.143194],[126.924233,35.143194],[126.924234,35.143195],[126.924235,35.143195],[126.924236,35.143195],[126.924237,35.143195]]]]}},{"type":"Feature","id":"1961193029101826759600000000","properties":{"id":"1961193029101826759600000000","pnu":"1221011800104720006","purpose":"단독주택","floors":1,"structure":"일반목구조"},"geometry":{"type":"MultiPolygon","coordinates":[[[[126.924282,35.143228],[126.924369,35.143186],[126.92435,35.143147],[126.924259,35.143188],[126.924282,35.143228]]]]}},{"type":"Feature","id":"1961193037861826788500000000","properties":{"id":"1961193037861826788500000000","pnu":"1221011800104720005","purpose":"기타"},"geometry":{"type":"MultiPolygon","coordinates":[[[[126.924411,35.143218],[126.924411,35.143218],[126.924412,35.143218],[126.924413,35.143217],[126.924414,35.143217],[126.924415,35.143216],[126.924415,35.143216],[126.924416,35.143215],[126.924416,35.143214],[126.924416,35.143214],[126.924416,35.143213],[126.924416,35.143212],[126.924415,35.143211],[126.924415,35.143211],[126.924414,35.14321],[126.924413,35.14321],[126.924412,35.143209],[126.924411,35.143209],[126.924411,35.143209],[126.92441,35.143209],[126.924409,35.143209],[126.924408,35.14321],[126.924407,35.14321],[126.924406,35.143211],[126.924406,35.143211],[126.924405,35.143212],[126.924405,35.143213],[126.924405,35.143214],[126.924405,35.143214],[126.924405,35.143215],[126.924406,35.143216],[126.924406,35.143216],[126.924407,35.143217],[126.924408,35.143217],[126.924409,35.143218],[126.92441,35.143218],[126.924411,35.143218]]]]}},{"type":"Feature","id":"1961193045821826767200000000","properties":{"id":"1961193045821826767200000000","pnu":"1221011800104720005","purpose":"단독주택"},"geometry":{"type":"MultiPolygon","coordinates":[[[[126.924469,35.143247],[126.92456,35.143172],[126.924521,35.143143],[126.924438,35.143218],[126.924469,35.143247]]]]}},{"type":"Feature","id":"1961193067101827938900000000","properties":{"id":"1961193067101827938900000000","pnu":"1221011800104680003","purpose":"단독주택","floors":1,"structure":"일반목구조"},"geometry":{"type":"MultiPolygon","coordinates":[[[[126.924705,35.144299],[126.924794,35.14424],[126.924752,35.144202],[126.924668,35.144263],[126.924705,35.144299]]]]}},{"type":"Feature","id":"1961193084771824443500000000","properties":{"id":"1961193084771824443500000000","pnu":"1221012200105150004","year":1961,"purpose":"제2종 근린생활시설"},"geometry":{"type":"MultiPolygon","coordinates":[[[[126.925,35.141134],[126.925022,35.141082],[126.925,35.141076],[126.924865,35.14104],[126.924834,35.14112],[126.924989,35.141159],[126.925,35.141134]]]]}},{"type":"Feature","id":"1961193094641827912700000000","properties":{"id":"1961193094641827912700000000","pnu":"1221011800104680008","year":1961,"purpose":"단독주택"},"geometry":{"type":"MultiPolygon","coordinates":[[[[126.925,35.144226],[126.925047,35.144283],[126.925092,35.144255],[126.925014,35.144171],[126.925,35.14418],[126.924975,35.144195],[126.925,35.144226]]]]}},{"type":"Feature","id":"1961193104941827866500000000","properties":{"id":"1961193104941827866500000000","pnu":"1221011800104680008","year":1961,"purpose":"제1종 근린생활시설"},"geometry":{"type":"MultiPolygon","coordinates":[[[[126.9252,35.144211],[126.92521,35.14418],[126.925087,35.144161],[126.925084,35.144191],[126.9252,35.144211]]]]}},{"type":"Feature","id":"1961193106121827920800000000","properties":{"id":"1961193106121827920800000000","pnu":"1221011800104680008","year":1961,"purpose":"제1종 근린생활시설"},"geometry":{"type":"MultiPolygon","coordinates":[[[[126.925132,35.144256],[126.925195,35.144231],[126.925186,35.144213],[126.925122,35.144238],[126.925132,35.144256]]]]}},{"type":"Feature","id":"1961193256121830144200000000","properties":{"id":"1961193256121830144200000000","pnu":"1221011800100050013","purpose":"단독주택"},"geometry":{"type":"MultiPolygon","coordinates":[[[[126.926837,35.146295],[126.926857,35.14627],[126.926802,35.146194],[126.92678,35.146191],[126.926745,35.146229],[126.926837,35.146295]]]]}},{"type":"Feature","id":"1961193278361830836600000000","properties":{"id":"1961193278361830836600000000","pnu":"1221010800101350011","year":1961,"purpose":"단독주택"},"geometry":{"type":"MultiPolygon","coordinates":[[[[126.927017,35.146901],[126.927101,35.146865],[126.927077,35.146827],[126.926991,35.146863],[126.927017,35.146901]]]]}},{"type":"Feature","id":"1961193287341830759100000000","properties":{"id":"1961193287341830759100000000","pnu":"1221010800101350011","year":1961,"purpose":"단독주택"},"geometry":{"type":"MultiPolygon","coordinates":[[[[126.927156,35.146831],[126.927186,35.146806],[126.927132,35.146758],[126.927105,35.146779],[126.927156,35.146831]]]]}},{"type":"Feature","id":"1961193345371830745100000000","properties":{"id":"1961193345371830745100000000","pnu":"1221010800101180007","purpose":"제1종 근린생활시설","floors":1,"structure":"일반목구조"},"geometry":{"type":"MultiPolygon","coordinates":[[[[126.927769,35.146816],[126.927827,35.146793],[126.927815,35.146773],[126.927806,35.146774],[126.927786,35.146747],[126.927742,35.146767],[126.927769,35.146816]]]]}},{"type":"Feature","id":"1961193375201829771400000000","properties":{"id":"1961193375201829771400000000","pnu":"1221011100105140035","purpose":"단독주택","floors":1,"structure":"일반목구조"},"geometry":{"type":"MultiPolygon","coordinates":[[[[126.92807,35.145941],[126.928166,35.145901],[126.928138,35.145866],[126.928055,35.145914],[126.92807,35.145941]]]]}},{"type":"Feature","id":"1961193443891830170400000000","properties":{"id":"1961193443891830170400000000","pnu":"1221011100105190008","purpose":"단독주택"},"geometry":{"type":"MultiPolygon","coordinates":[[[[126.928843,35.146337],[126.928954,35.146288],[126.928898,35.146207],[126.928839,35.146221],[126.928807,35.146205],[126.928775,35.146221],[126.928843,35.146337]]]]}},{"type":"Feature","id":"1962192646621822952700000000","properties":{"id":"1962192646621822952700000000","pnu":"1221012200100850015","purpose":"단독주택","floors":1,"structure":"일반목구조"},"geometry":{"type":"MultiPolygon","coordinates":[[[[126.920115,35.139784],[126.920162,35.139753],[126.920129,35.139721],[126.920079,35.139756],[126.920115,35.139784]]]]}},{"type":"Feature","id":"1962192655811824239900000000","properties":{"id":"1962192655811824239900000000","pnu":"1221012200101050004","purpose":"단독주택"},"geometry":{"type":"MultiPolygon","coordinates":[[[[126.920213,35.140967],[126.920282,35.140895],[126.920225,35.140859],[126.92016,35.140935],[126.920213,35.140967]]]]}},{"type":"Feature","id":"1962192663311824317000000000","properties":{"id":"1962192663311824317000000000","pnu":"1221012200101050004","purpose":"단독주택"},"geometry":{"type":"MultiPolygon","coordinates":[[[[126.920346,35.141037],[126.920378,35.140995],[126.92026,35.140931],[126.920225,35.140969],[126.920346,35.141037]]]]}},{"type":"Feature","id":"1962192672331824365900000000","properties":{"id":"1962192672331824365900000000","pnu":"1221012200101050004","purpose":"단독주택"},"geometry":{"type":"MultiPolygon","coordinates":[[[[126.920395,35.141068],[126.920442,35.141008],[126.920411,35.140986],[126.92036,35.141046],[126.920395,35.141068]]]]}},{"type":"Feature","id":"1962192672401824623200000000","properties":{"id":"1962192672401824623200000000","pnu":"1221012200101080005","purpose":"단독주택"},"geometry":{"type":"MultiPolygon","coordinates":[[[[126.920341,35.141291],[126.920385,35.141307],[126.920384,35.14131],[126.920417,35.141322],[126.920466,35.141229],[126.92038,35.141199],[126.920357,35.141245],[126.920365,35.141247],[126.920341,35.141291]]]]}},{"type":"Feature","id":"1962192678871824518900000000","properties":{"id":"1962192678871824518900000000","pnu":"1221012200101080005","purpose":"단독주택"},"geometry":{"type":"MultiPolygon","coordinates":[[[[126.920437,35.141167],[126.920494,35.14119],[126.92051,35.141164],[126.920452,35.141141],[126.920437,35.141167]]]]}},{"type":"Feature","id":"1962192679441824704500000000","properties":{"id":"1962192679441824704500000000","pnu":"1221012200101080004","purpose":"숙박시설"},"geometry":{"type":"MultiPolygon","coordinates":[[[[126.920517,35.141372],[126.920541,35.141336],[126.92044,35.141294],[126.920417,35.141327],[126.920517,35.141372]]]]}},{"type":"Feature","id":"1962192684191824620500000000","properties":{"id":"1962192684191824620500000000","pnu":"1221012200101080004","purpose":"숙박시설"},"geometry":{"type":"MultiPolygon","coordinates":[[[[126.920552,35.14131],[126.920595,35.141245],[126.920511,35.141205],[126.920467,35.141267],[126.920552,35.14131]]]]}},{"type":"Feature","id":"1962192689061824501200000000","properties":{"id":"1962192689061824501200000000","pnu":"1221012200101080006","purpose":"단독주택"},"geometry":{"type":"MultiPolygon","coordinates":[[[[126.920654,35.141123],[126.920588,35.141089],[126.920518,35.141176],[126.920578,35.141211],[126.920654,35.141123]]]]}},{"type":"Feature","id":"1962192936971828286700000000","properties":{"id":"1962192936971828286700000000","pnu":"1221011800100940005","purpose":"제1종 근린생활시설","floors":1,"structure":"일반목구조"},"geometry":{"type":"MultiPolygon","coordinates":[[[[126.923326,35.144613],[126.923351,35.144602],[126.923376,35.144559],[126.92327,35.144507],[126.923229,35.144573],[126.923326,35.144613]]]]}},{"type":"Feature","id":"1962193055161821033800000000","properties":{"id":"1962193055161821033800000000","pnu":"1221012200100400008","year":1962,"purpose":"단독주택"},"geometry":{"type":"MultiPolygon","coordinates":[[[[126.924607,35.138068],[126.924651,35.138048],[126.924602,35.137985],[126.92456,35.138007],[126.924607,35.138068]]]]}},{"type":"Feature","id":"1962193056161821130300000000","properties":{"id":"1962193056161821130300000000","pnu":"1221012200100400008","year":1962,"purpose":"단독주택"},"geometry":{"type":"MultiPolygon","coordinates":[[[[126.924597,35.138172],[126.924669,35.138071],[126.924636,35.138055],[126.924563,35.138156],[126.924597,35.138172]]]]}},{"type":"Feature","id":"1962193074531827429800000000","properties":{"id":"1962193074531827429800000000","pnu":"1221011800104710005","purpose":"단독주택"},"geometry":{"type":"MultiPolygon","coordinates":[[[[126.92483,35.143824],[126.924853,35.143796],[126.92479,35.14376],[126.924772,35.143785],[126.92483,35.143824]]]]}},{"type":"Feature","id":"1962193107271828281300000000","properties":{"id":"1962193107271828281300000000","pnu":"1221011800104680000","purpose":"단독주택"},"geometry":{"type":"MultiPolygon","coordinates":[[[[126.925138,35.144554],[126.925142,35.144571],[126.925198,35.144578],[126.925191,35.144537],[126.925138,35.144554]]]]}},{"type":"Feature","id":"1962193115951828259100000000","properties":{"id":"1962193115951828259100000000","pnu":"1221011800104680000","purpose":"제1종 근린생활시설"},"geometry":{"type":"MultiPolygon","coordinates":[[[[126.925198,35.144532],[126.925209,35.144585],[126.925317,35.144565],[126.925327,35.144527],[126.925315,35.144486],[126.925198,35.144532]]]]}},{"type":"Feature","id":"1962193427081829840900000000","properties":{"id":"1962193427081829840900000000","pnu":"1221011100105170025","purpose":"단독주택"},"geometry":{"type":"MultiPolygon","coordinates":[[[[126.928647,35.146026],[126.928756,35.145968],[126.928713,35.145908],[126.928601,35.145968],[126.928647,35.146026]]]]}},{"type":"Feature","id":"1962193442151831244000000000","properties":{"id":"1962193442151831244000000000","pnu":"1221010800101160011","year":1962,"purpose":"단독주택"},"geometry":{"type":"MultiPolygon","coordinates":[[[[126.928843,35.147237],[126.928844,35.147237],[126.928845,35.147236],[126.928846,35.147236],[126.928847,35.147236],[126.928848,35.147235],[126.928848,35.147235],[126.928849,35.147234],[126.928849,35.147233],[126.928849,35.147232],[126.928849,35.147231],[126.928849,35.147231],[126.928848,35.14723],[126.928848,35.147229],[126.928847,35.147229],[126.928846,35.147228],[126.928845,35.147228],[126.928844,35.147228],[126.928843,35.147228],[126.928842,35.147228],[126.928842,35.147228],[126.928841,35.147228],[126.92884,35.147229],[126.928839,35.147229],[126.928839,35.14723],[126.928838,35.147231],[126.928838,35.147231],[126.928838,35.147232],[126.928838,35.147233],[126.928838,35.147234],[126.928839,35.147235],[126.928839,35.147235],[126.92884,35.147236],[126.928841,35.147236],[126.928842,35.147236],[126.928842,35.147237],[126.928843,35.147237]]]]}},{"type":"Feature","id":"1963192661041822069600000000","properties":{"id":"1963192661041822069600000000","pnu":"1221012200100810007","year":1963,"purpose":"단독주택"},"geometry":{"type":"MultiPolygon","coordinates":[[[[126.920348,35.139046],[126.920402,35.138992],[126.920203,35.138869],[126.920157,35.138917],[126.920348,35.139046]]]]}},{"type":"Feature","id":"1963192672291822054100000000","properties":{"id":"1963192672291822054100000000","pnu":"1221012200100810007","year":1963,"purpose":"단독주택"},"geometry":{"type":"MultiPolygon","coordinates":[[[[126.920421,35.138976],[126.920442,35.138954],[126.920389,35.138912],[126.920363,35.138933],[126.920421,35.138976]]]]}},{"type":"Feature","id":"1963192679321828376900000000","properties":{"id":"1963192679321828376900000000","pnu":"1221011200100500002","purpose":"단독주택","floors":1,"structure":"일반목구조"},"geometry":{"type":"MultiPolygon","coordinates":[[[[126.920515,35.144693],[126.920532,35.144636],[126.920494,35.144625],[126.9205,35.144597],[126.920454,35.144584],[126.920414,35.144667],[126.920515,35.144693]]]]}},{"type":"Feature","id":"1963192742461822560800000000","properties":{"id":"1963192742461822560800000000","pnu":"1221012200100550007","purpose":"기타","structure":"벽돌구조"},"geometry":{"type":"MultiPolygon","coordinates":[[[[126.921152,35.139455],[126.921236,35.139377],[126.92119,35.139347],[126.921111,35.139424],[126.921152,35.139455]]]]}},{"type":"Feature","id":"1963192751641822605500000000","properties":{"id":"1963192751641822605500000000","pnu":"1221012200100550007","purpose":"단독주택","floors":2,"structure":"일반목구조"},"geometry":{"type":"MultiPolygon","coordinates":[[[[126.921239,35.139379],[126.921193,35.139425],[126.921308,35.139503],[126.921354,35.139457],[126.921239,35.139379]]]]}},{"type":"Feature","id":"1963192866591831790200000000","properties":{"id":"1963192866591831790200000000","pnu":"1221010700101010104","purpose":"단독주택","floors":1,"structure":"벽돌구조"},"geometry":{"type":"MultiPolygon","coordinates":[[[[126.922437,35.147701],[126.922576,35.147785],[126.922617,35.14774],[126.922478,35.147656],[126.922437,35.147701]]]]}},{"type":"Feature","id":"1963193045571828617700000000","properties":{"id":"1963193045571828617700000000","pnu":"1221011800100260015","purpose":"제2종 근린생활시설"},"geometry":{"type":"MultiPolygon","coordinates":[[[[126.924475,35.144913],[126.924547,35.144832],[126.924515,35.144809],[126.924438,35.144895],[126.924475,35.144913]]]]}},{"type":"Feature","id":"1963193048111828539900000000","properties":{"id":"1963193048111828539900000000","pnu":"1221011800100260015","purpose":"기타"},"geometry":{"type":"MultiPolygon","coordinates":[[[[126.924503,35.14479],[126.924529,35.144807],[126.92454,35.144795],[126.924514,35.144778],[126.924503,35.14479]]]]}},{"type":"Feature","id":"1963193205371829971100000000","properties":{"id":"1963193205371829971100000000","pnu":"1221011800100090004","year":1963,"purpose":"단독주택"},"geometry":{"type":"MultiPolygon","coordinates":[[[[126.926248,35.146124],[126.926283,35.146059],[126.926244,35.146043],[126.92621,35.146107],[126.926248,35.146124]]]]}},{"type":"Feature","id":"1963193211161830005800000000","properties":{"id":"1963193211161830005800000000","pnu":"1221011800100090004","year":1963,"purpose":"단독주택"},"geometry":{"type":"MultiPolygon","coordinates":[[[[126.926317,35.146167],[126.926353,35.146081],[126.926307,35.146063],[126.926263,35.146144],[126.926317,35.146167]]]]}},{"type":"Feature","id":"1963193223481831846400000000","properties":{"id":"1963193223481831846400000000","pnu":"1221010800101410016","purpose":"단독주택","floors":1,"structure":"일반목구조"},"geometry":{"type":"MultiPolygon","coordinates":[[[[126.92639,35.147801],[126.926498,35.147795],[126.926496,35.147748],[126.926391,35.147751],[126.92639,35.147801]]]]}},{"type":"Feature","id":"1963193394131830303900000000","properties":{"id":"1963193394131830303900000000","pnu":"1221011100105170031","year":1963,"purpose":"단독주택"},"geometry":{"type":"MultiPolygon","coordinates":[[[[126.928312,35.146421],[126.928348,35.146364],[126.928319,35.146349],[126.928288,35.146407],[126.928312,35.146421]]]]}},{"type":"Feature","id":"1963193402781830320000000000","properties":{"id":"1963193402781830320000000000","pnu":"1221011100105170031","year":1963,"purpose":"단독주택"},"geometry":{"type":"MultiPolygon","coordinates":[[[[126.928402,35.146445],[126.928454,35.146366],[126.928423,35.146355],[126.928371,35.146428],[126.928402,35.146445]]]]}},{"type":"Feature","id":"1963193410241830923100000000","properties":{"id":"1963193410241830923100000000","pnu":"1221010800101170008","purpose":"단독주택"},"geometry":{"type":"MultiPolygon","coordinates":[[[[126.928527,35.146984],[126.928551,35.146929],[126.92846,35.146902],[126.928436,35.146957],[126.928527,35.146984]]]]}},{"type":"Feature","id":"1963193413841829880900000000","properties":{"id":"1963193413841829880900000000","pnu":"1221011100105170019","purpose":"기타"},"geometry":{"type":"MultiPolygon","coordinates":[[[[126.928494,35.146022],[126.928533,35.14604],[126.928573,35.145984],[126.928536,35.145967],[126.928494,35.146022]]]]}},{"type":"Feature","id":"1963193414101829987000000000","properties":{"id":"1963193414101829987000000000","pnu":"1221011100105170019","purpose":"단독주택"},"geometry":{"type":"MultiPolygon","coordinates":[[[[126.928581,35.146161],[126.928623,35.146102],[126.928495,35.146035],[126.928451,35.146101],[126.928581,35.146161]]]]}},{"type":"Feature","id":"1963193416271830522900000000","properties":{"id":"1963193416271830522900000000","pnu":"1221011100105180000","purpose":"단독주택"},"geometry":{"type":"MultiPolygon","coordinates":[[[[126.928548,35.146629],[126.928607,35.146579],[126.928584,35.146541],[126.92851,35.146575],[126.928548,35.146629]]]]}},{"type":"Feature","id":"1963193416671830932300000000","properties":{"id":"1963193416671830932300000000","pnu":"1221010800101170008","purpose":"기타"},"geometry":{"type":"MultiPolygon","coordinates":[[[[126.928533,35.146976],[126.928568,35.146987],[126.928595,35.146926],[126.92856,35.146916],[126.928533,35.146976]]]]}},{"type":"Feature","id":"1963193428151830477700000000","properties":{"id":"1963193428151830477700000000","pnu":"1221011100105190002","year":1963,"purpose":"제1종 근린생활시설"},"geometry":{"type":"MultiPolygon","coordinates":[[[[126.928685,35.14659],[126.928745,35.146521],[126.928691,35.146494],[126.928638,35.146563],[126.928685,35.14659]]]]}},{"type":"Feature","id":"1964192545401824942000000000","properties":{"id":"1964192545401824942000000000","pnu":"1221012200101470002","purpose":"단독주택","floors":1,"structure":"일반목구조"},"geometry":{"type":"MultiPolygon","coordinates":[[[[126.919002,35.141592],[126.919062,35.141558],[126.919016,35.141501],[126.918954,35.141532],[126.919002,35.141592]]]]}},{"type":"Feature","id":"1964192545451826246100000000","properties":{"id":"1964192545451826246100000000","pnu":"1221011400101880007","purpose":"단독주택","floors":1,"structure":"일반목구조"},"geometry":{"type":"MultiPolygon","coordinates":[[[[126.919019,35.142778],[126.91906,35.142682],[126.918993,35.142666],[126.918957,35.142759],[126.919019,35.142778]]]]}},{"type":"Feature","id":"1964192562421826443300000000","properties":{"id":"1964192562421826443300000000","pnu":"1221011400101880004","year":1964,"purpose":"단독주택"},"geometry":{"type":"MultiPolygon","coordinates":[[[[126.919229,35.142928],[126.919245,35.142902],[126.919158,35.14287],[126.919143,35.142896],[126.919229,35.142928]]]]}},{"type":"Feature","id":"1964192562851826362500000000","properties":{"id":"1964192562851826362500000000","pnu":"1221011400101880004","year":1964,"purpose":"단독주택"},"geometry":{"type":"MultiPolygon","coordinates":[[[[126.919202,35.142864],[126.919237,35.142802],[126.919193,35.142788],[126.919161,35.142851],[126.919202,35.142864]]]]}},{"type":"Feature","id":"1964192567401826390700000000","properties":{"id":"1964192567401826390700000000","pnu":"1221011400101880004","purpose":"기타","structure":"블록구조"},"geometry":{"type":"MultiPolygon","coordinates":[[[[126.919248,35.142887],[126.919286,35.14283],[126.919245,35.142817],[126.919212,35.142874],[126.919248,35.142887]]]]}},{"type":"Feature","id":"1964192567471824593100000000","properties":{"id":"1964192567471824593100000000","pnu":"1221012200101580003","purpose":"숙박시설","structure":"블록구조"},"geometry":{"type":"MultiPolygon","coordinates":[[[[126.919285,35.141273],[126.919312,35.141233],[126.919218,35.141189],[126.91919,35.14123],[126.919285,35.141273]]]]}},{"type":"Feature","id":"1964192571301826870400000000","properties":{"id":"1964192571301826870400000000","pnu":"1221011400101640004","year":1964,"purpose":"단독주택"},"geometry":{"type":"MultiPolygon","coordinates":[[[[126.919308,35.143312],[126.919325,35.143294],[126.919275,35.143256],[126.919256,35.143274],[126.919308,35.143312]]]]}},{"type":"Feature","id":"1964192573811824369200000000","properties":{"id":"1964192573811824369200000000","pnu":"1221012200101000001","purpose":"단독주택","floors":1,"structure":"일반목구조"},"geometry":{"type":"MultiPolygon","coordinates":[[[[126.919327,35.141074],[126.919372,35.141013],[126.919317,35.140984],[126.919268,35.141048],[126.919327,35.141074]]]]}},{"type":"Feature","id":"1964192578781824654800000000","properties":{"id":"1964192578781824654800000000","pnu":"1221012200101580002","purpose":"단독주택"},"geometry":{"type":"MultiPolygon","coordinates":[[[[126.91939,35.141343],[126.919451,35.141279],[126.919416,35.141255],[126.919404,35.141266],[126.919347,35.141236],[126.919298,35.141283],[126.91939,35.141343]]]]}},{"type":"Feature","id":"1964192585351824582100000000","properties":{"id":"1964192585351824582100000000","pnu":"1221012200101580002","purpose":"단독주택"},"geometry":{"type":"MultiPolygon","coordinates":[[[[126.919461,35.141266],[126.919503,35.141212],[126.919466,35.141191],[126.919455,35.1412],[126.919424,35.141185],[126.919388,35.14122],[126.919461,35.141266]]]]}},{"type":"Feature","id":"1964192602551825944400000000","properties":{"id":"1964192602551825944400000000","pnu":"1221011400101800003","year":1964,"purpose":"단독주택"},"geometry":{"type":"MultiPolygon","coordinates":[[[[126.919541,35.142446],[126.919631,35.142483],[126.919623,35.142503],[126.919685,35.142525],[126.919726,35.142451],[126.919634,35.142412],[126.919639,35.142392],[126.919589,35.142373],[126.919541,35.142446]]]]}},{"type":"Feature","id":"1964192602951825823500000000","properties":{"id":"1964192602951825823500000000","pnu":"1221011400101800003","year":1964,"purpose":"단독주택"},"geometry":{"type":"MultiPolygon","coordinates":[[[[126.919641,35.142385],[126.919684,35.142311],[126.919638,35.142296],[126.919593,35.142368],[126.919641,35.142385]]]]}},{"type":"Feature","id":"1964192603991822639400000000","properties":{"id":"1964192603991822639400000000","pnu":"1221012200100810030","purpose":"단독주택","floors":1,"structure":"블록구조"},"geometry":{"type":"MultiPolygon","coordinates":[[[[126.919681,35.139552],[126.91976,35.139439],[126.919691,35.139402],[126.919573,35.139438],[126.919532,35.13948],[126.919681,35.139552]]]]}},{"type":"Feature","id":"1964192619061825832600000000","properties":{"id":"1964192619061825832600000000","pnu":"1221011400101800003","year":1964,"purpose":"제2종 근린생활시설"},"geometry":{"type":"MultiPolygon","coordinates":[[[[126.919702,35.142395],[126.91975,35.142417],[126.919754,35.142411],[126.919773,35.142419],[126.919814,35.14238],[126.919897,35.142409],[126.919942,35.142334],[126.919775,35.142269],[126.919722,35.142338],[126.919731,35.142342],[126.919702,35.142395]]]]}},{"type":"Feature","id":"1964192621611825317700000000","properties":{"id":"1964192621611825317700000000","pnu":"1221012200101330000","purpose":"제2종 근린생활시설","far":64.946004,"floors":1,"structure":"벽돌구조"},"geometry":{"type":"MultiPolygon","coordinates":[[[[126.919844,35.141935],[126.919894,35.14186],[126.919842,35.141836],[126.919795,35.14191],[126.919844,35.141935]]]]}},{"type":"Feature","id":"1964192623561824890100000000","properties":{"id":"1964192623561824890100000000","pnu":"1221012200101300001","purpose":"기타"},"geometry":{"type":"MultiPolygon","coordinates":[[[[126.919846,35.141549],[126.919917,35.141469],[126.919884,35.14145],[126.919815,35.141532],[126.919846,35.141549]]]]}},{"type":"Feature","id":"1964192625831824027300000000","properties":{"id":"1964192625831824027300000000","pnu":"1221012200101030008","purpose":"단독주택"},"geometry":{"type":"MultiPolygon","coordinates":[[[[126.919925,35.140767],[126.91994,35.140688],[126.919857,35.140678],[126.919844,35.140755],[126.919925,35.140767]]]]}},{"type":"Feature","id":"1964192629381824942900000000","properties":{"id":"1964192629381824942900000000","pnu":"1221012200101300001","purpose":"단독주택"},"geometry":{"type":"MultiPolygon","coordinates":[[[[126.919957,35.141603],[126.92001,35.141552],[126.9199,35.14149],[126.919852,35.141544],[126.919957,35.141603]]]]}},{"type":"Feature","id":"1964192631541823917600000000","properties":{"id":"1964192631541823917600000000","pnu":"1221012200101030008","purpose":"단독주택"},"geometry":{"type":"MultiPolygon","coordinates":[[[[126.919991,35.140669],[126.92002,35.140626],[126.919919,35.140576],[126.919888,35.140619],[126.919991,35.140669]]]]}},{"type":"Feature","id":"1964192632131825145100000000","properties":{"id":"1964192632131825145100000000","pnu":"1221012200101330001","purpose":"단독주택","floors":1,"structure":"블록구조"},"geometry":{"type":"MultiPolygon","coordinates":[[[[126.919977,35.141773],[126.920011,35.141734],[126.919944,35.141686],[126.919908,35.141725],[126.919977,35.141773]]]]}},{"type":"Feature","id":"1964192634731824858400000000","properties":{"id":"1964192634731824858400000000","pnu":"1221012200101300003","purpose":"단독주택"},"geometry":{"type":"MultiPolygon","coordinates":[[[[126.920028,35.141534],[126.920074,35.141486],[126.919944,35.141409],[126.919904,35.141452],[126.920028,35.141534]]]]}},{"type":"Feature","id":"1964192635181825074200000000","properties":{"id":"1964192635181825074200000000","pnu":"1221012200101320000","purpose":"제2종 근린생활시설"},"geometry":{"type":"MultiPolygon","coordinates":[[[[126.919932,35.141656],[126.920015,35.141718],[126.920059,35.141685],[126.919995,35.141638],[126.920002,35.141621],[126.91998,35.141608],[126.919932,35.141656]]]]}},{"type":"Feature","id":"1964192640001824814100000000","properties":{"id":"1964192640001824814100000000","pnu":"1221012200101300003","purpose":"기타"},"geometry":{"type":"MultiPolygon","coordinates":[[[[126.920046,35.141436],[126.920047,35.141435],[126.920048,35.141435],[126.920049,35.141435],[126.92005,35.141434],[126.920051,35.141434],[126.920051,35.141433],[126.920052,35.141433],[126.920052,35.141432],[126.920052,35.141431],[126.920052,35.14143],[126.920052,35.141429],[126.920051,35.141429],[126.920051,35.141428],[126.92005,35.141428],[126.920049,35.141427],[126.920048,35.141427],[126.920047,35.141427],[126.920046,35.141426],[126.920046,35.141427],[126.920045,35.141427],[126.920044,35.141427],[126.920043,35.141428],[126.920042,35.141428],[126.920042,35.141429],[126.920041,35.141429],[126.920041,35.14143],[126.920041,35.141431],[126.920041,35.141432],[126.920041,35.141433],[126.920042,35.141433],[126.920042,35.141434],[126.920043,35.141434],[126.920044,35.141435],[126.920045,35.141435],[126.920046,35.141435],[126.920046,35.141436]]]]}},{"type":"Feature","id":"1964192650141828202500000000","properties":{"id":"1964192650141828202500000000","pnu":"1221011200100470001","year":1964,"purpose":"단독주택"},"geometry":{"type":"MultiPolygon","coordinates":[[[[126.920105,35.144449],[126.920093,35.144479],[126.920199,35.144517],[126.920227,35.144499],[126.920105,35.144449]]]]}},{"type":"Feature","id":"1964192653471828151300000000","properties":{"id":"1964192653471828151300000000","pnu":"1221011200100470001","year":1964,"purpose":"단독주택"},"geometry":{"type":"MultiPolygon","coordinates":[[[[126.920229,35.144497],[126.920272,35.14443],[126.920152,35.144381],[126.920111,35.144448],[126.920229,35.144497]]]]}},{"type":"Feature","id":"1964192658741828046300000000","properties":{"id":"1964192658741828046300000000","pnu":"1221011200100470001","year":1964,"purpose":"단독주택"},"geometry":{"type":"MultiPolygon","coordinates":[[[[126.920239,35.144298],[126.920185,35.144352],[126.920211,35.14437],[126.920221,35.144362],[126.920274,35.144388],[126.92031,35.144344],[126.920239,35.144298]]]]}},{"type":"Feature","id":"1964192661161821794400000000","properties":{"id":"1964192661161821794400000000","pnu":"1221012200100810011","purpose":"단독주택","floors":1,"structure":"일반목구조"},"geometry":{"type":"MultiPolygon","coordinates":[[[[126.92028,35.138804],[126.920379,35.138685],[126.920296,35.138609],[126.920176,35.138741],[126.92028,35.138804]]]]}},{"type":"Feature","id":"1964192661691828261100000000","properties":{"id":"1964192661691828261100000000","pnu":"1221011200100490000","purpose":"기타","structure":"블록구조"},"geometry":{"type":"MultiPolygon","coordinates":[[[[126.920237,35.144604],[126.920362,35.14452],[126.920319,35.14447],[126.920274,35.1445],[126.92028,35.144505],[126.920197,35.144568],[126.920237,35.144604]]]]}},{"type":"Feature","id":"1964192665341828109100000000","properties":{"id":"1964192665341828109100000000","pnu":"1221011200100470001","year":1964,"purpose":"단독주택"},"geometry":{"type":"MultiPolygon","coordinates":[[[[126.920319,35.144343],[126.920301,35.144365],[126.920313,35.144372],[126.920267,35.144447],[126.920304,35.144463],[126.920381,35.144368],[126.920319,35.144343]]]]}},{"type":"Feature","id":"1964192665451828373900000000","properties":{"id":"1964192665451828373900000000","pnu":"1221011200100490000","purpose":"단독주택","floors":2,"structure":"벽돌구조"},"geometry":{"type":"MultiPolygon","coordinates":[[[[126.920344,35.144722],[126.920398,35.144671],[126.920391,35.144662],[126.920389,35.144662],[126.920414,35.144631],[126.920371,35.144597],[126.920359,35.144602],[126.920296,35.144565],[126.920222,35.144627],[126.920344,35.144722]]]]}},{"type":"Feature","id":"1964192666291823308600000000","properties":{"id":"1964192666291823308600000000","pnu":"1221012200100750001","year":1964,"purpose":"단독주택"},"geometry":{"type":"MultiPolygon","coordinates":[[[[126.920371,35.14015],[126.920413,35.14012],[126.920351,35.140066],[126.920385,35.140031],[126.920347,35.139998],[126.920252,35.140065],[126.920371,35.14015]]]]}},{"type":"Feature","id":"1964192688611822059400000000","properties":{"id":"1964192688611822059400000000","pnu":"1221012200100810033","purpose":"단독주택"},"geometry":{"type":"MultiPolygon","coordinates":[[[[126.920596,35.139009],[126.920656,35.138968],[126.920567,35.138887],[126.920509,35.13893],[126.920596,35.139009]]]]}},{"type":"Feature","id":"1964192695371822051900000000","properties":{"id":"1964192695371822051900000000","pnu":"1221012200100810033","purpose":"단독주택"},"geometry":{"type":"MultiPolygon","coordinates":[[[[126.920643,35.138913],[126.920621,35.13893],[126.92067,35.138971],[126.920692,35.138953],[126.920643,35.138913]]]]}},{"type":"Feature","id":"1964192702791822144300000000","properties":{"id":"1964192702791822144300000000","pnu":"1221012200100840033","purpose":"단독주택","floors":1,"structure":"일반목구조"},"geometry":{"type":"MultiPolygon","coordinates":[[[[126.920662,35.139021],[126.920771,35.139081],[126.920812,35.139028],[126.920707,35.13897],[126.920662,35.139021]]]]}},{"type":"Feature","id":"1964192723441823357900000000","properties":{"id":"1964192723441823357900000000","pnu":"1221012200100740021","purpose":"제1종 근린생활시설","floors":1,"structure":"일반목구조"},"geometry":{"type":"MultiPolygon","coordinates":[[[[126.920987,35.14016],[126.921017,35.140125],[126.920936,35.140078],[126.920911,35.140111],[126.920987,35.14016]]]]}},{"type":"Feature","id":"1964192728391824216300000000","properties":{"id":"1964192728391824216300000000","pnu":"1221012200100680007","year":1964,"purpose":"숙박시설"},"geometry":{"type":"MultiPolygon","coordinates":[[[[126.921055,35.140869],[126.921031,35.140856],[126.920979,35.140914],[126.921006,35.140929],[126.921055,35.140869]]]]}},{"type":"Feature","id":"1964192729451821856500000000","properties":{"id":"1964192729451821856500000000","pnu":"1221012200100550045","year":1964,"purpose":"제1종 근린생활시설"},"geometry":{"type":"MultiPolygon","coordinates":[[[[126.921025,35.138822],[126.921106,35.138745],[126.92106,35.138712],[126.921021,35.138754],[126.920991,35.138734],[126.920953,35.138767],[126.921025,35.138822]]]]}},{"type":"Feature","id":"1964192734951821779300000000","properties":{"id":"1964192734951821779300000000","pnu":"1221012200100550045","year":1964,"purpose":"제1종 근린생활시설"},"geometry":{"type":"MultiPolygon","coordinates":[[[[126.921089,35.138668],[126.921057,35.138699],[126.921093,35.138725],[126.921125,35.138694],[126.921089,35.138668]]]]}},{"type":"Feature","id":"1964192734961824279800000000","properties":{"id":"1964192734961824279800000000","pnu":"1221012200100680007","year":1964,"purpose":"숙박시설"},"geometry":{"type":"MultiPolygon","coordinates":[[[[126.921125,35.141013],[126.921173,35.140949],[126.921052,35.140889],[126.921004,35.140949],[126.921125,35.141013]]]]}},{"type":"Feature","id":"1964192736591821732200000000","properties":{"id":"1964192736591821732200000000","pnu":"1221012200100550045","year":1964,"purpose":"제1종 근린생활시설"},"geometry":{"type":"MultiPolygon","coordinates":[[[[126.921043,35.138631],[126.921141,35.138705],[126.921175,35.138673],[126.921071,35.138603],[126.921043,35.138631]]]]}},{"type":"Feature","id":"1964192808151828753500000000","properties":{"id":"1964192808151828753500000000","pnu":"1221011800100900003","year":1964,"purpose":"단독주택"},"geometry":{"type":"MultiPolygon","coordinates":[[[[126.92186,35.144981],[126.92188,35.145005],[126.921916,35.144985],[126.921896,35.144961],[126.92186,35.144981]]]]}},{"type":"Feature","id":"1964192811381828821900000000","properties":{"id":"1964192811381828821900000000","pnu":"1221011800100900003","year":1964,"purpose":"단독주택"},"geometry":{"type":"MultiPolygon","coordinates":[[[[126.921914,35.145103],[126.921994,35.145037],[126.921932,35.144987],[126.921854,35.145051],[126.921914,35.145103]]]]}},{"type":"Feature","id":"1964192817601827074400000000","properties":{"id":"1964192817601827074400000000","pnu":"1221011800101220003","purpose":"제2종 근린생활시설","far":51.12,"floors":1,"structure":"일반목구조"},"geometry":{"type":"MultiPolygon","coordinates":[[[[126.92202,35.143542],[126.922062,35.143426],[126.921967,35.143399],[126.921923,35.14351],[126.92202,35.143542]]]]}},{"type":"Feature","id":"1964192818051828750100000000","properties":{"id":"1964192818051828750100000000","pnu":"1221011800100900003","year":1964,"purpose":"단독주택"},"geometry":{"type":"MultiPolygon","coordinates":[[[[126.922012,35.145033],[126.922059,35.14499],[126.921979,35.144929],[126.921934,35.144965],[126.922012,35.145033]]]]}},{"type":"Feature","id":"1964192832881828811600000000","properties":{"id":"1964192832881828811600000000","pnu":"1221011800100900019","purpose":"단독주택","floors":1,"structure":"일반목구조"},"geometry":{"type":"MultiPolygon","coordinates":[[[[126.922168,35.145101],[126.922228,35.145059],[126.922154,35.144972],[126.922089,35.145011],[126.922168,35.145101]]]]}},{"type":"Feature","id":"1964192835891828518200000000","properties":{"id":"1964192835891828518200000000","pnu":"1221011800100900014","purpose":"단독주택"},"geometry":{"type":"MultiPolygon","coordinates":[[[[126.922212,35.144804],[126.922239,35.144773],[126.922172,35.144738],[126.922147,35.14477],[126.922212,35.144804]]]]}},{"type":"Feature","id":"1964192839121826984700000000","properties":{"id":"1964192839121826984700000000","pnu":"1221011800101250003","purpose":"단독주택"},"geometry":{"type":"MultiPolygon","coordinates":[[[[126.922295,35.143434],[126.922295,35.143341],[126.92222,35.143341],[126.922219,35.143354],[126.922156,35.143354],[126.922155,35.143422],[126.922182,35.143422],[126.922182,35.143433],[126.922295,35.143434]]]]}},{"type":"Feature","id":"1964192844431828559800000000","properties":{"id":"1964192844431828559800000000","pnu":"1221011800100900015","purpose":"기타","structure":"블록구조"},"geometry":{"type":"MultiPolygon","coordinates":[[[[126.922286,35.144813],[126.922287,35.144813],[126.922288,35.144813],[126.922289,35.144813],[126.92229,35.144812],[126.922291,35.144812],[126.922291,35.144811],[126.922292,35.14481],[126.922292,35.144809],[126.922292,35.144809],[126.922292,35.144808],[126.922292,35.144807],[126.922291,35.144806],[126.922291,35.144806],[126.92229,35.144805],[126.922289,35.144805],[126.922288,35.144804],[126.922287,35.144804],[126.922286,35.144804],[126.922285,35.144804],[126.922285,35.144804],[126.922284,35.144805],[126.922283,35.144805],[126.922282,35.144806],[126.922282,35.144806],[126.922281,35.144807],[126.922281,35.144808],[126.922281,35.144809],[126.922281,35.144809],[126.922281,35.14481],[126.922282,35.144811],[126.922282,35.144812],[126.922283,35.144812],[126.922284,35.144813],[126.922285,35.144813],[126.922285,35.144813],[126.922286,35.144813]]]]}},{"type":"Feature","id":"1964192845761828587700000000","properties":{"id":"1964192845761828587700000000","pnu":"1221011800100900015","year":1964,"purpose":"단독주택"},"geometry":{"type":"MultiPolygon","coordinates":[[[[126.922301,35.144838],[126.922302,35.144838],[126.922303,35.144838],[126.922304,35.144838],[126.922305,35.144837],[126.922305,35.144837],[126.922306,35.144836],[126.922306,35.144835],[126.922306,35.144835],[126.922307,35.144834],[126.922306,35.144833],[126.922306,35.144832],[126.922306,35.144832],[126.922305,35.144831],[126.922305,35.14483],[126.922304,35.14483],[126.922303,35.14483],[126.922302,35.144829],[126.922301,35.144829],[126.9223,35.144829],[126.922299,35.14483],[126.922298,35.14483],[126.922298,35.14483],[126.922297,35.144831],[126.922296,35.144832],[126.922296,35.144832],[126.922296,35.144833],[126.922296,35.144834],[126.922296,35.144835],[126.922296,35.144835],[126.922296,35.144836],[126.922297,35.144837],[126.922298,35.144837],[126.922298,35.144838],[126.922299,35.144838],[126.9223,35.144838],[126.922301,35.144838]]]]}},{"type":"Feature","id":"1964192849231828634700000000","properties":{"id":"1964192849231828634700000000","pnu":"1221011800100900015","year":1964,"purpose":"단독주택"},"geometry":{"type":"MultiPolygon","coordinates":[[[[126.922337,35.144905],[126.922376,35.144876],[126.922345,35.144848],[126.922301,35.144876],[126.922337,35.144905]]]]}},{"type":"Feature","id":"1964192870431831646100000000","properties":{"id":"1964192870431831646100000000","pnu":"1221010700101010072","purpose":"제2종 근린생활시설"},"geometry":{"type":"MultiPolygon","coordinates":[[[[126.922544,35.147638],[126.922634,35.147577],[126.922596,35.147544],[126.922504,35.147603],[126.922544,35.147638]]]]}},{"type":"Feature","id":"1964192876561827921800000000","properties":{"id":"1964192876561827921800000000","pnu":"1221011800101060001","purpose":"단독주택"},"geometry":{"type":"MultiPolygon","coordinates":[[[[126.922663,35.14429],[126.9227,35.144257],[126.922655,35.144218],[126.922671,35.144204],[126.922635,35.144175],[126.922575,35.144227],[126.922663,35.14429]]]]}},{"type":"Feature","id":"1964192885011828740700000000","properties":{"id":"1964192885011828740700000000","pnu":"1221011800100920003","purpose":"단독주택","far":41.83,"floors":1,"structure":"일반목구조"},"geometry":{"type":"MultiPolygon","coordinates":[[[[126.922739,35.145014],[126.922773,35.144994],[126.922725,35.144932],[126.922689,35.144948],[126.922739,35.145014]]]]}},{"type":"Feature","id":"1964192913781830954000000000","properties":{"id":"1964192913781830954000000000","pnu":"1221011800100420008","purpose":"단독주택"},"geometry":{"type":"MultiPolygon","coordinates":[[[[126.923091,35.147028],[126.923127,35.146998],[126.923006,35.146905],[126.922966,35.146945],[126.923091,35.147028]]]]}},{"type":"Feature","id":"1964192956041828981600000000","properties":{"id":"1964192956041828981600000000","pnu":"1221011800100280007","year":1964,"purpose":"제1종 근린생활시설"},"geometry":{"type":"MultiPolygon","coordinates":[[[[126.923466,35.145242],[126.923596,35.145184],[126.923572,35.145148],[126.923532,35.145148],[126.923448,35.145181],[126.923431,35.145202],[126.923466,35.145242]]]]}},{"type":"Feature","id":"1964192960321829052400000000","properties":{"id":"1964192960321829052400000000","pnu":"1221011800100280007","year":1964,"purpose":"단독주택"},"geometry":{"type":"MultiPolygon","coordinates":[[[[126.923512,35.145296],[126.923625,35.145249],[126.923605,35.145212],[126.92349,35.145258],[126.923512,35.145296]]]]}},{"type":"Feature","id":"1964192967261828579000000000","properties":{"id":"1964192967261828579000000000","pnu":"1221011800100270016","purpose":"제2종 근린생활시설","floors":2,"structure":"벽돌구조"},"geometry":{"type":"MultiPolygon","coordinates":[[[[126.923711,35.144868],[126.923636,35.144749],[126.923573,35.144776],[126.92358,35.144788],[126.923563,35.144796],[126.92363,35.144903],[126.923711,35.144868]]]]}},{"type":"Feature","id":"1964192978571822073800000000","properties":{"id":"1964192978571822073800000000","pnu":"1221012200100270004","year":1964,"purpose":"단독주택"},"geometry":{"type":"MultiPolygon","coordinates":[[[[126.923771,35.139037],[126.92385,35.138956],[126.923758,35.138892],[126.923677,35.138968],[126.923771,35.139037]]]]}},{"type":"Feature","id":"1964192979621826707300000000","properties":{"id":"1964192979621826707300000000","pnu":"1221011800104700031","year":1964,"purpose":"단독주택"},"geometry":{"type":"MultiPolygon","coordinates":[[[[126.923771,35.143144],[126.923772,35.143144],[126.923773,35.143144],[126.923774,35.143144],[126.923775,35.143143],[126.923776,35.143143],[126.923776,35.143142],[126.923777,35.143142],[126.923777,35.143141],[126.923777,35.14314],[126.923777,35.143139],[126.923777,35.143138],[126.923776,35.143138],[126.923776,35.143137],[126.923775,35.143137],[126.923774,35.143136],[126.923773,35.143136],[126.923772,35.143136],[126.923771,35.143135],[126.923771,35.143136],[126.92377,35.143136],[126.923769,35.143136],[126.923768,35.143137],[126.923767,35.143137],[126.923767,35.143138],[126.923766,35.143138],[126.923766,35.143139],[126.923766,35.14314],[126.923766,35.143141],[126.923766,35.143142],[126.923767,35.143142],[126.923767,35.143143],[126.923768,35.143143],[126.923769,35.143144],[126.92377,35.143144],[126.923771,35.143144],[126.923771,35.143144]]]]}},{"type":"Feature","id":"1964192980831822247500000000","properties":{"id":"1964192980831822247500000000","pnu":"1221012200100280010","year":1964,"purpose":"단독주택"},"geometry":{"type":"MultiPolygon","coordinates":[[[[126.923787,35.139153],[126.923813,35.139095],[126.92379,35.139086],[126.923765,35.139147],[126.923787,35.139153]]]]}},{"type":"Feature","id":"1964192983671822337000000000","properties":{"id":"1964192983671822337000000000","pnu":"1221012200100280010","year":1964,"purpose":"단독주택"},"geometry":{"type":"MultiPolygon","coordinates":[[[[126.923873,35.139241],[126.923885,35.139182],[126.923767,35.13916],[126.923754,35.13922],[126.923873,35.139241]]]]}},{"type":"Feature","id":"1964192984561826812400000000","properties":{"id":"1964192984561826812400000000","pnu":"1221011800104700031","year":1964,"purpose":"단독주택"},"geometry":{"type":"MultiPolygon","coordinates":[[[[126.923842,35.143275],[126.923865,35.143262],[126.923808,35.143195],[126.923786,35.143204],[126.923842,35.143275]]]]}},{"type":"Feature","id":"1964192987931827666400000000","properties":{"id":"1964192987931827666400000000","pnu":"1221011800100960002","purpose":"단독주택","floors":1,"structure":"일반목구조"},"geometry":{"type":"MultiPolygon","coordinates":[[[[126.923922,35.144056],[126.923955,35.144012],[126.923794,35.143953],[126.923772,35.143997],[126.923922,35.144056]]]]}},{"type":"Feature","id":"1964192988871826783200000000","properties":{"id":"1964192988871826783200000000","pnu":"1221011800104700031","year":1964,"purpose":"단독주택"},"geometry":{"type":"MultiPolygon","coordinates":[[[[126.923892,35.14326],[126.923918,35.143246],[126.923854,35.143158],[126.923828,35.143168],[126.923892,35.14326]]]]}},{"type":"Feature","id":"1964193006431824155600000000","properties":{"id":"1964193006431824155600000000","pnu":"1221012200105250014","purpose":"기타"},"geometry":{"type":"MultiPolygon","coordinates":[[[[126.924039,35.140872],[126.924092,35.140874],[126.924097,35.140809],[126.924044,35.140806],[126.924039,35.140872]]]]}},{"type":"Feature","id":"1964193009751824105700000000","properties":{"id":"1964193009751824105700000000","pnu":"1221012200105250014","purpose":"기타"},"geometry":{"type":"MultiPolygon","coordinates":[[[[126.924104,35.1408],[126.924105,35.1408],[126.924106,35.140799],[126.924107,35.140799],[126.924108,35.140799],[126.924109,35.140798],[126.924109,35.140797],[126.92411,35.140797],[126.92411,35.140796],[126.92411,35.140795],[126.92411,35.140794],[126.92411,35.140794],[126.924109,35.140793],[126.924109,35.140792],[126.924108,35.140792],[126.924107,35.140791],[126.924106,35.140791],[126.924105,35.140791],[126.924104,35.140791],[126.924103,35.140791],[126.924103,35.140791],[126.924102,35.140791],[126.924101,35.140792],[126.9241,35.140792],[126.9241,35.140793],[126.924099,35.140794],[126.924099,35.140794],[126.924099,35.140795],[126.924099,35.140796],[126.924099,35.140797],[126.9241,35.140797],[126.9241,35.140798],[126.924101,35.140799],[126.924102,35.140799],[126.924103,35.140799],[126.924103,35.1408],[126.924104,35.1408]]]]}},{"type":"Feature","id":"1964193013771821932100000000","properties":{"id":"1964193013771821932100000000","pnu":"1221012200100280007","year":1964,"purpose":"단독주택"},"geometry":{"type":"MultiPolygon","coordinates":[[[[126.92415,35.138841],[126.924151,35.13884],[126.924152,35.13884],[126.924153,35.13884],[126.924154,35.138839],[126.924155,35.138839],[126.924155,35.138838],[126.924155,35.138838],[126.924156,35.138837],[126.924156,35.138836],[126.924156,35.138835],[126.924155,35.138834],[126.924155,35.138834],[126.924155,35.138833],[126.924154,35.138833],[126.924153,35.138832],[126.924152,35.138832],[126.924151,35.138832],[126.92415,35.138832],[126.924149,35.138832],[126.924148,35.138832],[126.924148,35.138832],[126.924147,35.138833],[126.924146,35.138833],[126.924146,35.138834],[126.924145,35.138834],[126.924145,35.138835],[126.924145,35.138836],[126.924145,35.138837],[126.924145,35.138838],[126.924146,35.138838],[126.924146,35.138839],[126.924147,35.138839],[126.924148,35.13884],[126.924148,35.13884],[126.924149,35.13884],[126.92415,35.138841]]]]}},{"type":"Feature","id":"1964193016761824168100000000","properties":{"id":"1964193016761824168100000000","pnu":"1221012200105250014","purpose":"단독주택"},"geometry":{"type":"MultiPolygon","coordinates":[[[[126.924122,35.140806],[126.924101,35.140862],[126.92424,35.140897],[126.924261,35.140841],[126.924122,35.140806]]]]}},{"type":"Feature","id":"1964193021891821909000000000","properties":{"id":"1964193021891821909000000000","pnu":"1221012200100280007","year":1964,"purpose":"단독주택"},"geometry":{"type":"MultiPolygon","coordinates":[[[[126.924235,35.138865],[126.924294,35.138802],[126.924246,35.138764],[126.924184,35.138831],[126.924235,35.138865]]]]}},{"type":"Feature","id":"1964193030841827427600000000","properties":{"id":"1964193030841827427600000000","pnu":"1221011800104710007","year":1964,"purpose":"단독주택"},"geometry":{"type":"MultiPolygon","coordinates":[[[[126.924333,35.143794],[126.924334,35.143794],[126.924335,35.143794],[126.924336,35.143793],[126.924337,35.143793],[126.924337,35.143792],[126.924338,35.143792],[126.924338,35.143791],[126.924338,35.14379],[126.924338,35.14379],[126.924338,35.143789],[126.924338,35.143788],[126.924338,35.143787],[126.924337,35.143787],[126.924337,35.143786],[126.924336,35.143786],[126.924335,35.143785],[126.924334,35.143785],[126.924333,35.143785],[126.924332,35.143785],[126.924331,35.143785],[126.92433,35.143786],[126.924329,35.143786],[126.924329,35.143787],[126.924328,35.143787],[126.924328,35.143788],[126.924328,35.143789],[126.924328,35.14379],[126.924328,35.14379],[126.924328,35.143791],[126.924328,35.143792],[126.924329,35.143792],[126.924329,35.143793],[126.92433,35.143793],[126.924331,35.143794],[126.924332,35.143794],[126.924333,35.143794]]]]}},{"type":"Feature","id":"1964193036371828558200000000","properties":{"id":"1964193036371828558200000000","pnu":"1221011800100250017","year":1964,"purpose":"단독주택"},"geometry":{"type":"MultiPolygon","coordinates":[[[[126.92442,35.14488],[126.924497,35.144788],[126.924425,35.144742],[126.924267,35.144807],[126.924268,35.144815],[126.92442,35.14488]]]]}},{"type":"Feature","id":"1964193064561824999800000000","properties":{"id":"1964193064561824999800000000","pnu":"1221012200105230003","year":1964,"purpose":"단독주택"},"geometry":{"type":"MultiPolygon","coordinates":[[[[126.924755,35.141661],[126.924792,35.141585],[126.924657,35.141538],[126.92462,35.141624],[126.924755,35.141661]]]]}},{"type":"Feature","id":"1964193067991821379100000000","properties":{"id":"1964193067991821379100000000","pnu":"1221012200100290011","purpose":"단독주택"},"geometry":{"type":"MultiPolygon","coordinates":[[[[126.924784,35.138382],[126.924811,35.138341],[126.924707,35.138293],[126.924681,35.138336],[126.924784,35.138382]]]]}},{"type":"Feature","id":"1964193073071826854500000000","properties":{"id":"1964193073071826854500000000","pnu":"1221011800104730002","purpose":"기타","structure":"블록구조"},"geometry":{"type":"MultiPolygon","coordinates":[[[[126.924788,35.143296],[126.924826,35.14328],[126.924804,35.14325],[126.924768,35.143267],[126.924788,35.143296]]]]}},{"type":"Feature","id":"1964193073871825433400000000","properties":{"id":"1964193073871825433400000000","pnu":"1221012200105220009","purpose":"단독주택"},"geometry":{"type":"MultiPolygon","coordinates":[[[[126.924762,35.142027],[126.924832,35.142041],[126.92485,35.141957],[126.924783,35.141943],[126.924762,35.142027]]]]}},{"type":"Feature","id":"1964193074131826775500000000","properties":{"id":"1964193074131826775500000000","pnu":"1221011800104730002","purpose":"단독주택","floors":1,"structure":"블록구조"},"geometry":{"type":"MultiPolygon","coordinates":[[[[126.924821,35.143258],[126.92487,35.143234],[126.924807,35.143149],[126.924743,35.143176],[126.924764,35.143207],[126.924774,35.1432],[126.924821,35.143258]]]]}},{"type":"Feature","id":"1964193077691825081700000000","properties":{"id":"1964193077691825081700000000","pnu":"1221012200105230002","year":1964,"purpose":"단독주택"},"geometry":{"type":"MultiPolygon","coordinates":[[[[126.924925,35.141676],[126.924792,35.141635],[126.924776,35.141675],[126.924901,35.141715],[126.924925,35.141676]]]]}},{"type":"Feature","id":"1964193080131825023200000000","properties":{"id":"1964193080131825023200000000","pnu":"1221012200105230002","year":1964,"purpose":"단독주택"},"geometry":{"type":"MultiPolygon","coordinates":[[[[126.924927,35.141663],[126.92495,35.141619],[126.924823,35.141581],[126.924804,35.141627],[126.924927,35.141663]]]]}},{"type":"Feature","id":"1964193084331824924900000000","properties":{"id":"1964193084331824924900000000","pnu":"1221012200105230005","purpose":"단독주택"},"geometry":{"type":"MultiPolygon","coordinates":[[[[126.924965,35.141582],[126.92499,35.141526],[126.924883,35.141485],[126.924853,35.141543],[126.924965,35.141582]]]]}},{"type":"Feature","id":"1964193086841822262200000000","properties":{"id":"1964193086841822262200000000","pnu":"1221012200100300012","purpose":"단독주택"},"geometry":{"type":"MultiPolygon","coordinates":[[[[126.925,35.139124],[126.925008,35.139114],[126.925,35.13911],[126.924955,35.139085],[126.924895,35.139151],[126.924951,35.139184],[126.925,35.139124]]]]}},{"type":"Feature","id":"1964193087171825083700000000","properties":{"id":"1964193087171825083700000000","pnu":"1221012200105230002","year":1964,"purpose":"단독주택"},"geometry":{"type":"MultiPolygon","coordinates":[[[[126.924946,35.141725],[126.924991,35.141637],[126.92496,35.14163],[126.924916,35.141715],[126.924946,35.141725]]]]}},{"type":"Feature","id":"1964193093091822269400000000","properties":{"id":"1964193093091822269400000000","pnu":"1221012200100300012","year":1964,"purpose":"단독주택"},"geometry":{"type":"MultiPolygon","coordinates":[[[[126.925,35.139161],[126.925015,35.13917],[126.925053,35.139127],[126.925026,35.139111],[126.925,35.139141],[126.924988,35.139154],[126.925,35.139161]]]]}},{"type":"Feature","id":"1964193095701822164000000000","properties":{"id":"1964193095701822164000000000","pnu":"1221012200100300012","year":1964,"purpose":"단독주택"},"geometry":{"type":"MultiPolygon","coordinates":[[[[126.925,35.139082],[126.925049,35.139105],[126.925112,35.139017],[126.925053,35.138985],[126.925,35.139054],[126.924985,35.139074],[126.925,35.139082]]]]}},{"type":"Feature","id":"1964193101231824633700000000","properties":{"id":"1964193101231824633700000000","pnu":"1221012200105150013","purpose":"단독주택","floors":1,"structure":"벽돌구조"},"geometry":{"type":"MultiPolygon","coordinates":[[[[126.925186,35.141254],[126.925071,35.141221],[126.925047,35.141286],[126.925075,35.141297],[126.925074,35.141317],[126.925112,35.141327],[126.925186,35.141254]]]]}},{"type":"Feature","id":"1964193105041822072200000000","properties":{"id":"1964193105041822072200000000","pnu":"1221012200100300012","year":1964,"purpose":"단독주택"},"geometry":{"type":"MultiPolygon","coordinates":[[[[126.925088,35.138975],[126.925142,35.139016],[126.925215,35.138951],[126.925162,35.13891],[126.925088,35.138975]]]]}},{"type":"Feature","id":"1964193105621824561600000000","properties":{"id":"1964193105621824561600000000","pnu":"1221012200105150014","purpose":"단독주택","floors":1,"structure":"벽돌구조"},"geometry":{"type":"MultiPolygon","coordinates":[[[[126.925213,35.141248],[126.925234,35.141204],[126.925095,35.141167],[126.925078,35.141207],[126.925213,35.141248]]]]}},{"type":"Feature","id":"1964193112621828198400000000","properties":{"id":"1964193112621828198400000000","pnu":"1221011800104680016","year":1964,"purpose":"단독주택"},"geometry":{"type":"MultiPolygon","coordinates":[[[[126.925202,35.144519],[126.92528,35.144486],[126.925261,35.144452],[126.925178,35.144482],[126.925202,35.144519]]]]}},{"type":"Feature","id":"1964193115621828158300000000","properties":{"id":"1964193115621828158300000000","pnu":"1221011800104680016","year":1964,"purpose":"단독주택"},"geometry":{"type":"MultiPolygon","coordinates":[[[[126.925163,35.144473],[126.925269,35.144433],[126.925305,35.144484],[126.92532,35.144473],[126.925285,35.144417],[126.92516,35.144467],[126.925163,35.144473]]]]}},{"type":"Feature","id":"1964193122391821688700000000","properties":{"id":"1964193122391821688700000000","pnu":"1221012200100300014","purpose":"단독주택","floors":1,"structure":"일반목구조"},"geometry":{"type":"MultiPolygon","coordinates":[[[[126.925308,35.138651],[126.925393,35.138624],[126.925377,35.138583],[126.92529,35.138612],[126.925308,35.138651]]]]}},{"type":"Feature","id":"1964193126951821582500000000","properties":{"id":"1964193126951821582500000000","pnu":"1221012200100300004","purpose":"단독주택","floors":1,"structure":"벽돌구조"},"geometry":{"type":"MultiPolygon","coordinates":[[[[126.925403,35.138582],[126.925431,35.138546],[126.925402,35.138522],[126.925443,35.138477],[126.925414,35.138458],[126.925334,35.138535],[126.925403,35.138582]]]]}},{"type":"Feature","id":"1964193135051821490300000000","properties":{"id":"1964193135051821490300000000","pnu":"1221012200100300005","purpose":"단독주택","floors":1,"structure":"일반목구조"},"geometry":{"type":"MultiPolygon","coordinates":[[[[126.925453,35.138473],[126.925527,35.138447],[126.925511,35.138405],[126.925435,35.13843],[126.925453,35.138473]]]]}},{"type":"Feature","id":"1964193138811828061400000000","properties":{"id":"1964193138811828061400000000","pnu":"1221011800104350009","purpose":"단독주택"},"geometry":{"type":"MultiPolygon","coordinates":[[[[126.925526,35.144432],[126.92554,35.144422],[126.925557,35.144389],[126.925564,35.144371],[126.925525,35.1443],[126.925459,35.144333],[126.925526,35.144432]]]]}},{"type":"Feature","id":"1964193150191828588700000000","properties":{"id":"1964193150191828588700000000","pnu":"1221011800104350002","purpose":"단독주택","floors":1,"structure":"일반목구조"},"geometry":{"type":"MultiPolygon","coordinates":[[[[126.925617,35.144902],[126.925709,35.144849],[126.925653,35.144766],[126.925624,35.144784],[126.925581,35.144851],[126.925617,35.144902]]]]}},{"type":"Feature","id":"1964193171801828925700000000","properties":{"id":"1964193171801828925700000000","pnu":"1221011800100070020","purpose":"단독주택","floors":1,"structure":"일반목구조"},"geometry":{"type":"MultiPolygon","coordinates":[[[[126.925893,35.145189],[126.925924,35.145173],[126.925866,35.145094],[126.925832,35.145108],[126.925893,35.145189]]]]}},{"type":"Feature","id":"1964193187101828935400000000","properties":{"id":"1964193187101828935400000000","pnu":"1221011800100060015","purpose":"단독주택","floors":2,"structure":"블록구조"},"geometry":{"type":"MultiPolygon","coordinates":[[[[126.926046,35.145221],[126.926143,35.145172],[126.926116,35.145141],[126.926069,35.145137],[126.925992,35.145071],[126.92596,35.145089],[126.926046,35.145221]]]]}},{"type":"Feature","id":"1964193187351829827300000000","properties":{"id":"1964193187351829827300000000","pnu":"1221011800100090016","year":1964,"purpose":"단독주택"},"geometry":{"type":"MultiPolygon","coordinates":[[[[126.926082,35.146016],[126.92612,35.145962],[126.926015,35.145894],[126.925975,35.14594],[126.926082,35.146016]]]]}},{"type":"Feature","id":"1964193194061829033100000000","properties":{"id":"1964193194061829033100000000","pnu":"1221011800100060011","purpose":"제1종 근린생활시설","floors":2,"structure":"일반목구조"},"geometry":{"type":"MultiPolygon","coordinates":[[[[126.926093,35.145282],[126.926181,35.145241],[126.926155,35.145195],[126.926063,35.145233],[126.926093,35.145282]]]]}},{"type":"Feature","id":"1964193261291829131800000000","properties":{"id":"1964193261291829131800000000","pnu":"1221011800104280002","purpose":"단독주택"},"geometry":{"type":"MultiPolygon","coordinates":[[[[126.926871,35.145397],[126.926927,35.145335],[126.926803,35.145259],[126.926794,35.145273],[126.926871,35.145397]]]]}},{"type":"Feature","id":"1964193285981829158500000000","properties":{"id":"1964193285981829158500000000","pnu":"1221011800104260001","purpose":"단독주택","floors":1,"structure":"일반목구조"},"geometry":{"type":"MultiPolygon","coordinates":[[[[126.92715,35.145398],[126.927184,35.145355],[126.927112,35.145306],[126.927078,35.145347],[126.92715,35.145398]]]]}},{"type":"Feature","id":"1964193291281830794300000000","properties":{"id":"1964193291281830794300000000","pnu":"1221010800101350007","year":1964,"purpose":"단독주택"},"geometry":{"type":"MultiPolygon","coordinates":[[[[126.927188,35.14683],[126.927189,35.14683],[126.92719,35.14683],[126.927191,35.14683],[126.927192,35.146829],[126.927192,35.146829],[126.927193,35.146828],[126.927193,35.146827],[126.927194,35.146827],[126.927194,35.146826],[126.927194,35.146825],[126.927193,35.146824],[126.927193,35.146824],[126.927192,35.146823],[126.927192,35.146822],[126.927191,35.146822],[126.92719,35.146822],[126.927189,35.146821],[126.927188,35.146821],[126.927187,35.146821],[126.927186,35.146822],[126.927185,35.146822],[126.927185,35.146822],[126.927184,35.146823],[126.927183,35.146824],[126.927183,35.146824],[126.927183,35.146825],[126.927183,35.146826],[126.927183,35.146827],[126.927183,35.146827],[126.927183,35.146828],[126.927184,35.146829],[126.927185,35.146829],[126.927185,35.14683],[126.927186,35.14683],[126.927187,35.14683],[126.927188,35.14683]]]]}},{"type":"Feature","id":"1964193292171830860200000000","properties":{"id":"1964193292171830860200000000","pnu":"1221010800101350007","year":1964,"purpose":"단독주택"},"geometry":{"type":"MultiPolygon","coordinates":[[[[126.92719,35.14692],[126.927238,35.146883],[126.927208,35.146851],[126.927157,35.146887],[126.92719,35.14692]]]]}},{"type":"Feature","id":"1964193308401828982500000000","properties":{"id":"1964193308401828982500000000","pnu":"1221011800104260001","purpose":"단독주택","floors":1,"structure":"벽돌구조"},"geometry":{"type":"MultiPolygon","coordinates":[[[[126.927364,35.145246],[126.927445,35.145186],[126.927393,35.145138],[126.927309,35.145204],[126.927364,35.145246]]]]}},{"type":"Feature","id":"1964193334651830161100000000","properties":{"id":"1964193334651830161100000000","pnu":"1221010800101200006","purpose":"단독주택","far":148.33,"floors":2,"structure":"경량철골구조"},"geometry":{"type":"MultiPolygon","coordinates":[[[[126.92767,35.146324],[126.927735,35.146269],[126.927631,35.146191],[126.9276,35.146211],[126.92767,35.146324]]]]}},{"type":"Feature","id":"1964193376321829417500000000","properties":{"id":"1964193376321829417500000000","pnu":"1221011100105140010","year":1964,"purpose":"단독주택"},"geometry":{"type":"MultiPolygon","coordinates":[[[[126.928124,35.145634],[126.928183,35.145587],[126.928128,35.145543],[126.928111,35.145556],[126.928099,35.145549],[126.928062,35.145577],[126.928124,35.145634]]]]}},{"type":"Feature","id":"1964193396991830401700000000","properties":{"id":"1964193396991830401700000000","pnu":"1221011100105170030","year":1964,"purpose":"단독주택"},"geometry":{"type":"MultiPolygon","coordinates":[[[[126.928372,35.146531],[126.928441,35.146504],[126.928402,35.146463],[126.928284,35.14641],[126.928261,35.146432],[126.928297,35.146478],[126.928372,35.146531]]]]}},{"type":"Feature","id":"1964193449571831044000000000","properties":{"id":"1964193449571831044000000000","pnu":"1221010800101160013","purpose":"단독주택"},"geometry":{"type":"MultiPolygon","coordinates":[[[[126.928907,35.147111],[126.928983,35.147024],[126.928944,35.146994],[126.928867,35.147078],[126.928907,35.147111]]]]}},{"type":"Feature","id":"1965192546491827796100000000","properties":{"id":"1965192546491827796100000000","pnu":"1221011200101440001","purpose":"단독주택","floors":1,"structure":"일반목구조"},"geometry":{"type":"MultiPolygon","coordinates":[[[[126.919063,35.14418],[126.919093,35.144132],[126.919032,35.144093],[126.919046,35.144075],[126.919,35.144051],[126.918939,35.144123],[126.919063,35.14418]]]]}},{"type":"Feature","id":"1965192557801828009600000000","properties":{"id":"1965192557801828009600000000","pnu":"1221011200101570001","purpose":"단독주택","floors":1,"structure":"일반목구조"},"geometry":{"type":"MultiPolygon","coordinates":[[[[126.919227,35.144296],[126.919117,35.144276],[126.919126,35.144243],[126.919105,35.144239],[126.919058,35.144335],[126.919206,35.144359],[126.919227,35.144296]]]]}},{"type":"Feature","id":"1965192583931827996700000000","properties":{"id":"1965192583931827996700000000","pnu":"1221011200101650002","purpose":"단독주택","structure":"벽돌구조"},"geometry":{"type":"MultiPolygon","coordinates":[[[[126.919428,35.144304],[126.919429,35.144304],[126.91943,35.144304],[126.919431,35.144303],[126.919432,35.144303],[126.919432,35.144302],[126.919433,35.144302],[126.919433,35.144301],[126.919434,35.1443],[126.919434,35.144299],[126.919434,35.144299],[126.919433,35.144298],[126.919433,35.144297],[126.919432,35.144296],[126.919432,35.144296],[126.919431,35.144295],[126.91943,35.144295],[126.919429,35.144295],[126.919428,35.144295],[126.919427,35.144295],[126.919426,35.144295],[126.919426,35.144295],[126.919425,35.144296],[126.919424,35.144296],[126.919424,35.144297],[126.919423,35.144298],[126.919423,35.144299],[126.919423,35.144299],[126.919423,35.1443],[126.919423,35.144301],[126.919424,35.144302],[126.919424,35.144302],[126.919425,35.144303],[126.919426,35.144303],[126.919426,35.144304],[126.919427,35.144304],[126.919428,35.144304]]]]}},{"type":"Feature","id":"1965192586911827919400000000","properties":{"id":"1965192586911827919400000000","pnu":"1221011200101650002","purpose":"제1종 근린생활시설","floors":3,"structure":"철근콘크리트구조"},"geometry":{"type":"MultiPolygon","coordinates":[[[[126.919461,35.144234],[126.919462,35.144234],[126.919463,35.144234],[126.919464,35.144234],[126.919465,35.144233],[126.919465,35.144233],[126.919466,35.144232],[126.919466,35.144231],[126.919466,35.14423],[126.919467,35.14423],[126.919466,35.144229],[126.919466,35.144228],[126.919466,35.144227],[126.919465,35.144227],[126.919465,35.144226],[126.919464,35.144226],[126.919463,35.144225],[126.919462,35.144225],[126.919461,35.144225],[126.91946,35.144225],[126.919459,35.144225],[126.919458,35.144226],[126.919458,35.144226],[126.919457,35.144227],[126.919456,35.144227],[126.919456,35.144228],[126.919456,35.144229],[126.919456,35.14423],[126.919456,35.14423],[126.919456,35.144231],[126.919456,35.144232],[126.919457,35.144232],[126.919458,35.144233],[126.919458,35.144233],[126.919459,35.144234],[126.91946,35.144234],[126.919461,35.144234]]]]}},{"type":"Feature","id":"1965192593541827996700000000","properties":{"id":"1965192593541827996700000000","pnu":"1221011200101650002","purpose":"제2종 근린생활시설","floors":1,"structure":"벽돌구조"},"geometry":{"type":"MultiPolygon","coordinates":[[[[126.919534,35.144304],[126.919535,35.144304],[126.919536,35.144304],[126.919537,35.144303],[126.919537,35.144303],[126.919538,35.144302],[126.919539,35.144302],[126.919539,35.144301],[126.919539,35.1443],[126.919539,35.144299],[126.919539,35.144299],[126.919539,35.144298],[126.919539,35.144297],[126.919538,35.144296],[126.919537,35.144296],[126.919537,35.144295],[126.919536,35.144295],[126.919535,35.144295],[126.919534,35.144295],[126.919533,35.144295],[126.919532,35.144295],[126.919531,35.144295],[126.91953,35.144296],[126.91953,35.144296],[126.919529,35.144297],[126.919529,35.144298],[126.919528,35.144299],[126.919528,35.144299],[126.919528,35.1443],[126.919529,35.144301],[126.919529,35.144302],[126.91953,35.144302],[126.91953,35.144303],[126.919531,35.144303],[126.919532,35.144304],[126.919533,35.144304],[126.919534,35.144304]]]]}},{"type":"Feature","id":"1965192598721827915000000000","properties":{"id":"1965192598721827915000000000","pnu":"1221011200101650003","purpose":"제1종 근린생활시설","floors":3,"structure":"철근콘크리트구조"},"geometry":{"type":"MultiPolygon","coordinates":[[[[126.91953,35.144199],[126.919527,35.14425],[126.919641,35.144261],[126.919659,35.144205],[126.919627,35.144198],[126.91956,35.144193],[126.91953,35.144199]]]]}},{"type":"Feature","id":"1965192622171823191100000000","properties":{"id":"1965192622171823191100000000","pnu":"1221012200100840008","purpose":"단독주택","floors":1,"structure":"일반목구조"},"geometry":{"type":"MultiPolygon","coordinates":[[[[126.919811,35.140007],[126.919847,35.140008],[126.919852,35.139985],[126.919874,35.139986],[126.9199,35.139979],[126.919902,35.139943],[126.919819,35.139936],[126.919811,35.140007]]]]}},{"type":"Feature","id":"1965192625571823257200000000","properties":{"id":"1965192625571823257200000000","pnu":"1221012200100840008","purpose":"단독주택","floors":1,"structure":"일반목구조"},"geometry":{"type":"MultiPolygon","coordinates":[[[[126.919872,35.140069],[126.919943,35.140023],[126.919906,35.139986],[126.919836,35.140033],[126.919872,35.140069]]]]}},{"type":"Feature","id":"1965192688291827451800000000","properties":{"id":"1965192688291827451800000000","pnu":"1221011200101120006","purpose":"단독주택","floors":1,"structure":"일반목구조"},"geometry":{"type":"MultiPolygon","coordinates":[[[[126.920648,35.14385],[126.920665,35.143799],[126.920506,35.143765],[126.920483,35.143822],[126.920648,35.14385]]]]}},{"type":"Feature","id":"1965192758311829031700000000","properties":{"id":"1965192758311829031700000000","pnu":"1221011800100760001","purpose":"단독주택"},"geometry":{"type":"MultiPolygon","coordinates":[[[[126.921383,35.145289],[126.92142,35.145227],[126.921299,35.145178],[126.921262,35.14524],[126.921383,35.145289]]]]}},{"type":"Feature","id":"1965192825741823181200000000","properties":{"id":"1965192825741823181200000000","pnu":"1221012200100610027","purpose":"제1종 근린생활시설","floors":1,"structure":"일반목구조"},"geometry":{"type":"MultiPolygon","coordinates":[[[[126.922077,35.140003],[126.922128,35.139985],[126.922099,35.13992],[126.922043,35.139935],[126.922077,35.140003]]]]}},{"type":"Feature","id":"1965192830341831608500000000","properties":{"id":"1965192830341831608500000000","pnu":"1221010700101030005","year":1965,"purpose":"숙박시설"},"geometry":{"type":"MultiPolygon","coordinates":[[[[126.922197,35.147593],[126.922204,35.147521],[126.922058,35.147521],[126.922058,35.147592],[126.922197,35.147593]]]]}},{"type":"Feature","id":"1965192842381831492100000000","properties":{"id":"1965192842381831492100000000","pnu":"1221010700101030010","purpose":"기타"},"geometry":{"type":"MultiPolygon","coordinates":[[[[126.922261,35.147456],[126.922262,35.147456],[126.922263,35.147456],[126.922264,35.147456],[126.922265,35.147455],[126.922266,35.147455],[126.922266,35.147454],[126.922267,35.147453],[126.922267,35.147453],[126.922267,35.147452],[126.922267,35.147451],[126.922267,35.14745],[126.922266,35.14745],[126.922266,35.147449],[126.922265,35.147448],[126.922264,35.147448],[126.922263,35.147448],[126.922262,35.147447],[126.922261,35.147447],[126.92226,35.147447],[126.92226,35.147448],[126.922259,35.147448],[126.922258,35.147448],[126.922257,35.147449],[126.922257,35.14745],[126.922256,35.14745],[126.922256,35.147451],[126.922256,35.147452],[126.922256,35.147453],[126.922256,35.147453],[126.922257,35.147454],[126.922257,35.147455],[126.922258,35.147455],[126.922259,35.147456],[126.92226,35.147456],[126.92226,35.147456],[126.922261,35.147456]]]]}},{"type":"Feature","id":"1965192849411831512100000000","properties":{"id":"1965192849411831512100000000","pnu":"1221010700101030010","purpose":"제2종 근린생활시설","floors":1,"structure":"일반목구조"},"geometry":{"type":"MultiPolygon","coordinates":[[[[126.922287,35.147445],[126.922286,35.147494],[126.92239,35.147495],[126.92239,35.147445],[126.922287,35.147445]]]]}},{"type":"Feature","id":"1965192867251828404200000000","properties":{"id":"1965192867251828404200000000","pnu":"1221011800100920015","purpose":"단독주택","floors":1,"structure":"일반목구조"},"geometry":{"type":"MultiPolygon","coordinates":[[[[126.922519,35.144726],[126.922603,35.144646],[126.922554,35.14461],[126.92247,35.144693],[126.922519,35.144726]]]]}},{"type":"Feature","id":"1965192895071827978900000000","properties":{"id":"1965192895071827978900000000","pnu":"1221011800100940021","purpose":"단독주택"},"geometry":{"type":"MultiPolygon","coordinates":[[[[126.922847,35.144327],[126.92289,35.144275],[126.922843,35.144244],[126.922793,35.144294],[126.922847,35.144327]]]]}},{"type":"Feature","id":"1965192927011827992700000000","properties":{"id":"1965192927011827992700000000","pnu":"1221011800100950009","purpose":"단독주택","floors":1,"structure":"일반목구조"},"geometry":{"type":"MultiPolygon","coordinates":[[[[126.923238,35.144341],[126.923257,35.144297],[126.923149,35.144255],[126.923129,35.144298],[126.923238,35.144341]]]]}},{"type":"Feature","id":"1965193044301827924200000000","properties":{"id":"1965193044301827924200000000","pnu":"1221011800100230010","purpose":"제1종 근린생활시설"},"geometry":{"type":"MultiPolygon","coordinates":[[[[126.924483,35.144302],[126.924547,35.144277],[126.924466,35.144168],[126.924419,35.144195],[126.924483,35.144302]]]]}},{"type":"Feature","id":"1965193057211826440400000000","properties":{"id":"1965193057211826440400000000","pnu":"1221011800104730027","year":1965,"purpose":"단독주택"},"geometry":{"type":"MultiPolygon","coordinates":[[[[126.924617,35.142938],[126.924664,35.142925],[126.924626,35.142859],[126.924584,35.142877],[126.924617,35.142938]]]]}},{"type":"Feature","id":"1965193059781826720300000000","properties":{"id":"1965193059781826720300000000","pnu":"1221011800104730018","purpose":"단독주택"},"geometry":{"type":"MultiPolygon","coordinates":[[[[126.92465,35.14318],[126.924684,35.143161],[126.924652,35.143124],[126.924618,35.143143],[126.92465,35.14318]]]]}},{"type":"Feature","id":"1965193070381826693100000000","properties":{"id":"1965193070381826693100000000","pnu":"1221011800104730023","purpose":"단독주택","floors":1,"structure":"블록구조"},"geometry":{"type":"MultiPolygon","coordinates":[[[[126.924749,35.143153],[126.9248,35.143126],[126.924786,35.143102],[126.924734,35.14313],[126.924749,35.143153]]]]}},{"type":"Feature","id":"1965193082381827117700000000","properties":{"id":"1965193082381827117700000000","pnu":"1221011800104710019","year":1965,"purpose":"단독주택"},"geometry":{"type":"MultiPolygon","coordinates":[[[[126.92493,35.143549],[126.924942,35.143533],[126.924864,35.143471],[126.924855,35.143485],[126.92493,35.143549]]]]}},{"type":"Feature","id":"1965193084031826987200000000","properties":{"id":"1965193084031826987200000000","pnu":"1221011800104710020","year":1965,"purpose":"단독주택"},"geometry":{"type":"MultiPolygon","coordinates":[[[[126.924906,35.143426],[126.92496,35.143401],[126.924931,35.143359],[126.924872,35.143386],[126.924906,35.143426]]]]}},{"type":"Feature","id":"1965193089941827068000000000","properties":{"id":"1965193089941827068000000000","pnu":"1221011800104710019","year":1965,"purpose":"단독주택"},"geometry":{"type":"MultiPolygon","coordinates":[[[[126.925,35.143506],[126.92503,35.143494],[126.925,35.14344],[126.924987,35.143417],[126.924935,35.143435],[126.924974,35.143516],[126.925,35.143506]]]]}},{"type":"Feature","id":"1965193093361827317300000000","properties":{"id":"1965193093361827317300000000","pnu":"1221011800104670013","year":1965,"purpose":"단독주택"},"geometry":{"type":"MultiPolygon","coordinates":[[[[126.925,35.143683],[126.925026,35.143726],[126.925051,35.143715],[126.925011,35.143655],[126.925,35.143659],[126.924988,35.143663],[126.925,35.143683]]]]}},{"type":"Feature","id":"1965193094891827156100000000","properties":{"id":"1965193094891827156100000000","pnu":"1221011800104710017","year":1965,"purpose":"단독주택"},"geometry":{"type":"MultiPolygon","coordinates":[[[[126.925,35.143558],[126.92503,35.143544],[126.92506,35.14359],[126.925092,35.143573],[126.925041,35.143506],[126.925,35.143523],[126.924975,35.143533],[126.924992,35.143562],[126.925,35.143558]]]]}},{"type":"Feature","id":"1965193099451827258300000000","properties":{"id":"1965193099451827258300000000","pnu":"1221011800104670013","year":1965,"purpose":"단독주택"},"geometry":{"type":"MultiPolygon","coordinates":[[[[126.925076,35.14368],[126.925135,35.143654],[126.925094,35.143594],[126.925038,35.14362],[126.925076,35.14368]]]]}},{"type":"Feature","id":"1965193104311827343900000000","properties":{"id":"1965193104311827343900000000","pnu":"1221011800104670012","year":1965,"purpose":"단독주택"},"geometry":{"type":"MultiPolygon","coordinates":[[[[126.925128,35.143754],[126.925183,35.143726],[126.925149,35.143676],[126.925096,35.1437],[126.925128,35.143754]]]]}},{"type":"Feature","id":"1965193287031829529400000000","properties":{"id":"1965193287031829529400000000","pnu":"1221011800104270006","year":1965,"purpose":"제1종 근린생활시설","far":182.3,"floors":2,"structure":"철근콘크리트구조"},"geometry":{"type":"MultiPolygon","coordinates":[[[[126.927139,35.145748],[126.927189,35.145688],[126.927222,35.145683],[126.927151,35.145623],[126.927071,35.145702],[126.927139,35.145748]]]]}},{"type":"Feature","id":"1965193363961828858000000000","properties":{"id":"1965193363961828858000000000","pnu":"1221011800104220005","purpose":"단독주택"},"geometry":{"type":"MultiPolygon","coordinates":[[[[126.927984,35.145131],[126.928058,35.145071],[126.928027,35.145043],[126.927947,35.145055],[126.927915,35.145084],[126.927984,35.145131]]]]}},{"type":"Feature","id":"1965193425871830083400000000","properties":{"id":"1965193425871830083400000000","pnu":"1221011100105180005","purpose":"단독주택"},"geometry":{"type":"MultiPolygon","coordinates":[[[[126.928653,35.146247],[126.928748,35.146145],[126.928703,35.146122],[126.928643,35.146182],[126.928613,35.146168],[126.928585,35.146209],[126.928653,35.146247]]]]}},{"type":"Feature","id":"1965193435811829099200000000","properties":{"id":"1965193435811829099200000000","pnu":"1221011100105100009","purpose":"제2종 근린생활시설","far":113.28,"floors":2,"structure":"일반목구조"},"geometry":{"type":"MultiPolygon","coordinates":[[[[126.928817,35.145264],[126.928719,35.145303],[126.92874,35.145336],[126.928832,35.145292],[126.928817,35.145264]]]]}},{"type":"Feature","id":"1965193437121829142500000000","properties":{"id":"1965193437121829142500000000","pnu":"1221011100105100009","purpose":"제2종 근린생활시설","structure":"일반목구조"},"geometry":{"type":"MultiPolygon","coordinates":[[[[126.928745,35.145344],[126.928758,35.145364],[126.928835,35.145329],[126.928828,35.145312],[126.928745,35.145344]]]]}},{"type":"Feature","id":"1966192595861824183600000000","properties":{"id":"1966192595861824183600000000","pnu":"1221012200101020003","purpose":"단독주택","floors":1,"structure":"벽돌구조"},"geometry":{"type":"MultiPolygon","coordinates":[[[[126.919608,35.140858],[126.919546,35.140826],[126.919516,35.140864],[126.91958,35.1409],[126.919608,35.140858]]]]}},{"type":"Feature","id":"1966192659951824396600000000","properties":{"id":"1966192659951824396600000000","pnu":"1221012200101060007","purpose":"단독주택"},"geometry":{"type":"MultiPolygon","coordinates":[[[[126.920213,35.141053],[126.9203,35.141093],[126.920318,35.141059],[126.920234,35.141016],[126.920213,35.141053]]]]}},{"type":"Feature","id":"1966192663171827376100000000","properties":{"id":"1966192663171827376100000000","pnu":"1221011200101020001","purpose":"단독주택"},"geometry":{"type":"MultiPolygon","coordinates":[[[[126.92037,35.143795],[126.920402,35.14374],[126.920255,35.143674],[126.9202,35.143764],[126.920273,35.143785],[126.920287,35.143767],[126.92037,35.143795]]]]}},{"type":"Feature","id":"1966192684861824815100000000","properties":{"id":"1966192684861824815100000000","pnu":"1221012200101080001","purpose":"단독주택"},"geometry":{"type":"MultiPolygon","coordinates":[[[[126.920549,35.141475],[126.920587,35.141415],[126.920529,35.141391],[126.92049,35.141447],[126.920549,35.141475]]]]}},{"type":"Feature","id":"1966192691581821768100000000","properties":{"id":"1966192691581821768100000000","pnu":"1221012200100810014","purpose":"단독주택","floors":1,"structure":"일반목구조"},"geometry":{"type":"MultiPolygon","coordinates":[[[[126.920623,35.138735],[126.920675,35.138692],[126.920603,35.138638],[126.920556,35.138677],[126.920623,35.138735]]]]}},{"type":"Feature","id":"1966192691851824848500000000","properties":{"id":"1966192691851824848500000000","pnu":"1221012200101080001","purpose":"단독주택"},"geometry":{"type":"MultiPolygon","coordinates":[[[[126.920618,35.141506],[126.920659,35.141441],[126.920609,35.14142],[126.920574,35.141486],[126.920618,35.141506]]]]}},{"type":"Feature","id":"1966192692841821493700000000","properties":{"id":"1966192692841821493700000000","pnu":"1221012200100810061","purpose":"단독주택","floors":1,"structure":"벽돌구조"},"geometry":{"type":"MultiPolygon","coordinates":[[[[126.92061,35.138481],[126.920681,35.138422],[126.920648,35.138395],[126.920577,35.138458],[126.92061,35.138481]]]]}},{"type":"Feature","id":"1966192697861821544900000000","properties":{"id":"1966192697861821544900000000","pnu":"1221012200100810061","purpose":"단독주택","floors":1,"structure":"벽돌구조"},"geometry":{"type":"MultiPolygon","coordinates":[[[[126.920659,35.138528],[126.92074,35.13847],[126.920712,35.138442],[126.920629,35.138497],[126.920659,35.138528]]]]}},{"type":"Feature","id":"1966192731711828954300000000","properties":{"id":"1966192731711828954300000000","pnu":"1221011800100760003","purpose":"단독주택"},"geometry":{"type":"MultiPolygon","coordinates":[[[[126.921026,35.145212],[126.921106,35.145157],[126.921071,35.145116],[126.920993,35.145169],[126.921026,35.145212]]]]}},{"type":"Feature","id":"1966192738861828772900000000","properties":{"id":"1966192738861828772900000000","pnu":"1221011800100780000","purpose":"단독주택"},"geometry":{"type":"MultiPolygon","coordinates":[[[[126.921156,35.14505],[126.921194,35.145001],[126.921157,35.144978],[126.921152,35.144987],[126.92109,35.14495],[126.921062,35.144993],[126.921156,35.14505]]]]}},{"type":"Feature","id":"1966192756601827307900000000","properties":{"id":"1966192756601827307900000000","pnu":"1221011200100860004","purpose":"단독주택","floors":1,"structure":"벽돌구조"},"geometry":{"type":"MultiPolygon","coordinates":[[[[126.921314,35.143728],[126.921374,35.143669],[126.921333,35.143633],[126.921274,35.143685],[126.921314,35.143728]]]]}},{"type":"Feature","id":"1966192799731822887700000000","properties":{"id":"1966192799731822887700000000","pnu":"1221012200100610050","purpose":"제1종 근린생활시설","floors":1,"structure":"일반목구조"},"geometry":{"type":"MultiPolygon","coordinates":[[[[126.921736,35.139732],[126.921881,35.139692],[126.921867,35.13966],[126.92172,35.139699],[126.921736,35.139732]]]]}},{"type":"Feature","id":"1966192803641823027800000000","properties":{"id":"1966192803641823027800000000","pnu":"1221012200100610053","purpose":"제1종 근린생활시설","floors":2,"structure":"일반목구조"},"geometry":{"type":"MultiPolygon","coordinates":[[[[126.921831,35.139859],[126.921876,35.139845],[126.921855,35.139787],[126.921813,35.139797],[126.921831,35.139859]]]]}},{"type":"Feature","id":"1966192804561823159700000000","properties":{"id":"1966192804561823159700000000","pnu":"1221012200100610043","purpose":"제1종 근린생활시설","floors":1,"structure":"일반목구조"},"geometry":{"type":"MultiPolygon","coordinates":[[[[126.921848,35.140007],[126.92191,35.139985],[126.921855,35.139875],[126.9218,35.139893],[126.921848,35.140007]]]]}},{"type":"Feature","id":"1966192806251822930000000000","properties":{"id":"1966192806251822930000000000","pnu":"1221012200100610070","purpose":"숙박시설"},"geometry":{"type":"MultiPolygon","coordinates":[[[[126.921764,35.139786],[126.921998,35.139718],[126.921985,35.139681],[126.921746,35.139749],[126.921764,35.139786]]]]}},{"type":"Feature","id":"1966192809831823256400000000","properties":{"id":"1966192809831823256400000000","pnu":"1221012200100610021","purpose":"제1종 근린생활시설","floors":1,"structure":"일반목구조"},"geometry":{"type":"MultiPolygon","coordinates":[[[[126.921874,35.140066],[126.92197,35.140031],[126.921947,35.139989],[126.921852,35.140028],[126.921874,35.140066]]]]}},{"type":"Feature","id":"1966192812161822839600000000","properties":{"id":"1966192812161822839600000000","pnu":"1221012200100610060","purpose":"단독주택","floors":1,"structure":"블록구조"},"geometry":{"type":"MultiPolygon","coordinates":[[[[126.9219,35.13968],[126.92199,35.139653],[126.92198,35.139626],[126.921884,35.13965],[126.9219,35.13968]]]]}},{"type":"Feature","id":"1966192813391822986500000000","properties":{"id":"1966192813391822986500000000","pnu":"1221012200100610055","purpose":"단독주택","floors":1,"structure":"일반목구조"},"geometry":{"type":"MultiPolygon","coordinates":[[[[126.921896,35.139831],[126.92203,35.139787],[126.922011,35.139739],[126.921869,35.139782],[126.921896,35.139831]]]]}},{"type":"Feature","id":"1966192813661822766900000000","properties":{"id":"1966192813661822766900000000","pnu":"1221012200100570007","purpose":"제1종 근린생활시설","floors":1,"structure":"벽돌구조"},"geometry":{"type":"MultiPolygon","coordinates":[[[[126.921931,35.139625],[126.922005,35.139591],[126.921979,35.139551],[126.921903,35.139581],[126.921931,35.139625]]]]}},{"type":"Feature","id":"1966192814641823051800000000","properties":{"id":"1966192814641823051800000000","pnu":"1221012200100610066","purpose":"숙박시설","floors":1,"structure":"블록구조"},"geometry":{"type":"MultiPolygon","coordinates":[[[[126.921894,35.139889],[126.922053,35.139829],[126.922041,35.139798],[126.921875,35.139858],[126.921894,35.139889]]]]}},{"type":"Feature","id":"1966192818821823230400000000","properties":{"id":"1966192818821823230400000000","pnu":"1221012200100610024","purpose":"제1종 근린생활시설","floors":1,"structure":"일반목구조"},"geometry":{"type":"MultiPolygon","coordinates":[[[[126.922002,35.14005],[126.922055,35.140025],[126.922021,35.139962],[126.921964,35.139983],[126.922002,35.14005]]]]}},{"type":"Feature","id":"1966192819911829342100000000","properties":{"id":"1966192819911829342100000000","pnu":"1221011800100910000","purpose":"단독주택"},"geometry":{"type":"MultiPolygon","coordinates":[[[[126.922063,35.145538],[126.922027,35.145476],[126.921968,35.145499],[126.92199,35.145533],[126.922043,35.145546],[126.922063,35.145538]]]]}},{"type":"Feature","id":"1966192824321827361100000000","properties":{"id":"1966192824321827361100000000","pnu":"1221011800101200002","purpose":"단독주택","floors":1,"structure":"일반목구조"},"geometry":{"type":"MultiPolygon","coordinates":[[[[126.921992,35.143735],[126.922115,35.143776],[126.922142,35.143722],[126.922018,35.143681],[126.921992,35.143735]]]]}},{"type":"Feature","id":"1966192824741822972600000000","properties":{"id":"1966192824741822972600000000","pnu":"1221012200100610033","purpose":"제1종 근린생활시설","floors":1,"structure":"블록구조"},"geometry":{"type":"MultiPolygon","coordinates":[[[[126.92208,35.139843],[126.922124,35.139825],[126.922067,35.139702],[126.922028,35.139714],[126.92208,35.139843]]]]}},{"type":"Feature","id":"1966192827661827075900000000","properties":{"id":"1966192827661827075900000000","pnu":"1221011800101220000","purpose":"기타"},"geometry":{"type":"MultiPolygon","coordinates":[[[[126.922123,35.143524],[126.922159,35.143444],[126.922085,35.143417],[126.922048,35.143499],[126.922123,35.143524]]]]}},{"type":"Feature","id":"1966192850901831781300000000","properties":{"id":"1966192850901831781300000000","pnu":"1221010700101010106","purpose":"단독주택","far":81.12,"floors":1,"structure":"벽돌구조"},"geometry":{"type":"MultiPolygon","coordinates":[[[[126.922371,35.147758],[126.922409,35.147697],[126.922337,35.147669],[126.9223,35.147726],[126.922371,35.147758]]]]}},{"type":"Feature","id":"1966192855631831700700000000","properties":{"id":"1966192855631831700700000000","pnu":"1221010700101010109","purpose":"단독주택","far":79.03,"floors":1,"structure":"블록구조"},"geometry":{"type":"MultiPolygon","coordinates":[[[[126.922421,35.147694],[126.922471,35.147625],[126.922393,35.147586],[126.922342,35.147655],[126.922421,35.147694]]]]}},{"type":"Feature","id":"1966192858261827577900000000","properties":{"id":"1966192858261827577900000000","pnu":"1221011800101180008","purpose":"단독주택","floors":1,"structure":"벽돌구조"},"geometry":{"type":"MultiPolygon","coordinates":[[[[126.922476,35.143978],[126.92251,35.143934],[126.922431,35.143894],[126.922447,35.143874],[126.922421,35.14386],[126.922372,35.143924],[126.922476,35.143978]]]]}},{"type":"Feature","id":"1966192881601828997800000000","properties":{"id":"1966192881601828997800000000","pnu":"1221011800100310004","purpose":"단독주택","far":59.73,"floors":1,"structure":"일반목구조"},"geometry":{"type":"MultiPolygon","coordinates":[[[[126.922769,35.145251],[126.922693,35.145127],[126.922618,35.145158],[126.922697,35.14528],[126.922769,35.145251]]]]}},{"type":"Feature","id":"1966192940511828159000000000","properties":{"id":"1966192940511828159000000000","pnu":"1221011800100950014","purpose":"단독주택","floors":1,"structure":"일반목구조"},"geometry":{"type":"MultiPolygon","coordinates":[[[[126.923336,35.144498],[126.923389,35.144422],[126.923347,35.144399],[126.923293,35.144474],[126.923336,35.144498]]]]}},{"type":"Feature","id":"1966192998401828377700000000","properties":{"id":"1966192998401828377700000000","pnu":"1221011800100250004","purpose":"제2종 근린생활시설"},"geometry":{"type":"MultiPolygon","coordinates":[[[[126.923997,35.144713],[126.924045,35.144691],[126.923953,35.144576],[126.923909,35.144603],[126.923997,35.144713]]]]}},{"type":"Feature","id":"1966193021531829256800000000","properties":{"id":"1966193021531829256800000000","pnu":"1221011800100260004","year":1966,"purpose":"단독주택"},"geometry":{"type":"MultiPolygon","coordinates":[[[[126.92428,35.145494],[126.924313,35.145442],[126.924178,35.145383],[126.924146,35.145435],[126.92428,35.145494]]]]}},{"type":"Feature","id":"1966193051161828675900000000","properties":{"id":"1966193051161828675900000000","pnu":"1221011800100260000","year":1966,"purpose":"제1종 근린생활시설"},"geometry":{"type":"MultiPolygon","coordinates":[[[[126.924559,35.144966],[126.924616,35.144904],[126.924548,35.144865],[126.924495,35.144923],[126.924559,35.144966]]]]}},{"type":"Feature","id":"1966193056741828582700000000","properties":{"id":"1966193056741828582700000000","pnu":"1221011800100260000","year":1966,"purpose":"단독주택"},"geometry":{"type":"MultiPolygon","coordinates":[[[[126.924632,35.144878],[126.924664,35.144853],[126.924616,35.144784],[126.924592,35.144788],[126.924572,35.144834],[126.924632,35.144878]]]]}},{"type":"Feature","id":"1966193076181826973500000000","properties":{"id":"1966193076181826973500000000","pnu":"1221011800104710021","year":1966,"purpose":"단독주택"},"geometry":{"type":"MultiPolygon","coordinates":[[[[126.924854,35.143448],[126.924876,35.143436],[126.924809,35.143316],[126.924785,35.14332],[126.924854,35.143448]]]]}},{"type":"Feature","id":"1966193079861826909600000000","properties":{"id":"1966193079861826909600000000","pnu":"1221011800104710021","year":1966,"purpose":"단독주택"},"geometry":{"type":"MultiPolygon","coordinates":[[[[126.924856,35.143359],[126.924923,35.143329],[126.924889,35.143286],[126.924818,35.143318],[126.924856,35.143359]]]]}},{"type":"Feature","id":"1966193135281828744000000000","properties":{"id":"1966193135281828744000000000","pnu":"1221011800100210026","purpose":"단독주택","floors":1,"structure":"벽돌구조"},"geometry":{"type":"MultiPolygon","coordinates":[[[[126.925533,35.144975],[126.925508,35.144939],[126.925423,35.144978],[126.925448,35.145015],[126.925533,35.144975]]]]}},{"type":"Feature","id":"1966193156491828318800000000","properties":{"id":"1966193156491828318800000000","pnu":"1221011800104360008","year":1966,"purpose":"제2종 근린생활시설","far":71.29,"floors":1,"structure":"벽돌구조"},"geometry":{"type":"MultiPolygon","coordinates":[[[[126.925668,35.144641],[126.925741,35.144602],[126.925759,35.144615],[126.925785,35.144591],[126.925742,35.144549],[126.92564,35.144594],[126.925668,35.144641]]]]}},{"type":"Feature","id":"1966193190501830178000000000","properties":{"id":"1966193190501830178000000000","pnu":"1221011800100090003","year":1966,"purpose":"단독주택"},"geometry":{"type":"MultiPolygon","coordinates":[[[[126.926138,35.146275],[126.926043,35.146238],[126.92603,35.146266],[126.926121,35.146301],[126.926138,35.146275]]]]}},{"type":"Feature","id":"1966193192221821014800000000","properties":{"id":"1966193192221821014800000000","pnu":"1221012200105930019","year":1966,"purpose":"단독주택"},"geometry":{"type":"MultiPolygon","coordinates":[[[[126.926145,35.138027],[126.926149,35.138001],[126.926072,35.137993],[126.926071,35.138021],[126.926145,35.138027]]]]}},{"type":"Feature","id":"1966193194721830108900000000","properties":{"id":"1966193194721830108900000000","pnu":"1221011800100090003","year":1966,"purpose":"단독주택"},"geometry":{"type":"MultiPolygon","coordinates":[[[[126.926143,35.146258],[126.926187,35.146183],[126.926113,35.146156],[126.926073,35.146234],[126.926143,35.146258]]]]}},{"type":"Feature","id":"1966193202931830204500000000","properties":{"id":"1966193202931830204500000000","pnu":"1221011800100090001","year":1966,"purpose":"단독주택"},"geometry":{"type":"MultiPolygon","coordinates":[[[[126.92625,35.146329],[126.926268,35.146287],[126.926191,35.146257],[126.92617,35.146302],[126.92625,35.146329]]]]}},{"type":"Feature","id":"1966193207521830118400000000","properties":{"id":"1966193207521830118400000000","pnu":"1221011800100090001","year":1966,"purpose":"단독주택"},"geometry":{"type":"MultiPolygon","coordinates":[[[[126.92628,35.146268],[126.926317,35.146183],[126.92626,35.146166],[126.926221,35.146246],[126.92628,35.146268]]]]}},{"type":"Feature","id":"1966193213291830248600000000","properties":{"id":"1966193213291830248600000000","pnu":"1221011800100060005","purpose":"단독주택","far":59.697,"floors":1,"structure":"일반목구조"},"geometry":{"type":"MultiPolygon","coordinates":[[[[126.926435,35.146322],[126.926284,35.146272],[126.926246,35.146351],[126.926356,35.146395],[126.926435,35.146322]]]]}},{"type":"Feature","id":"1966193218551830149800000000","properties":{"id":"1966193218551830149800000000","pnu":"1221011800100060006","purpose":"단독주택","floors":1,"structure":"일반목구조"},"geometry":{"type":"MultiPolygon","coordinates":[[[[126.926437,35.146297],[126.926468,35.146244],[126.926342,35.146192],[126.926314,35.146245],[126.926437,35.146297]]]]}},{"type":"Feature","id":"1966193223931829944300000000","properties":{"id":"1966193223931829944300000000","pnu":"1221011800100060016","purpose":"단독주택"},"geometry":{"type":"MultiPolygon","coordinates":[[[[126.92649,35.146106],[126.926516,35.146059],[126.926409,35.146012],[126.926386,35.146062],[126.92649,35.146106]]]]}},{"type":"Feature","id":"1966193225331831573900000000","properties":{"id":"1966193225331831573900000000","pnu":"1221010800101410014","purpose":"단독주택","floors":2,"structure":"벽돌구조"},"geometry":{"type":"MultiPolygon","coordinates":[[[[126.926398,35.147601],[126.926573,35.147534],[126.926516,35.147452],[126.926358,35.147528],[126.926398,35.147601]]]]}},{"type":"Feature","id":"1966193227781829838100000000","properties":{"id":"1966193227781829838100000000","pnu":"1221011800100060022","purpose":"단독주택","far":42.14,"floors":1,"structure":"일반목구조"},"geometry":{"type":"MultiPolygon","coordinates":[[[[126.926476,35.146017],[126.926553,35.145941],[126.92651,35.145911],[126.926431,35.145983],[126.926476,35.146017]]]]}},{"type":"Feature","id":"1966193229051830168400000000","properties":{"id":"1966193229051830168400000000","pnu":"1221011800100060006","purpose":"기타","structure":"일반목구조"},"geometry":{"type":"MultiPolygon","coordinates":[[[[126.926484,35.146293],[126.92655,35.146256],[126.926528,35.14623],[126.926462,35.146267],[126.926484,35.146293]]]]}},{"type":"Feature","id":"1966193235051829775600000000","properties":{"id":"1966193235051829775600000000","pnu":"1221011800100060023","purpose":"제1종 근린생활시설","floors":1,"structure":"블록구조"},"geometry":{"type":"MultiPolygon","coordinates":[[[[126.926571,35.145937],[126.926603,35.145915],[126.92657,35.145879],[126.926542,35.145897],[126.926571,35.145937]]]]}},{"type":"Feature","id":"1966193239291829848700000000","properties":{"id":"1966193239291829848700000000","pnu":"1221011800100060018","purpose":"단독주택","floors":1,"structure":"일반목구조"},"geometry":{"type":"MultiPolygon","coordinates":[[[[126.926628,35.146004],[126.926646,35.145996],[126.926611,35.145944],[126.92659,35.145951],[126.926628,35.146004]]]]}},{"type":"Feature","id":"1966193263301830355300000000","properties":{"id":"1966193263301830355300000000","pnu":"1221011800100050007","purpose":"단독주택","floors":1,"structure":"일반목구조"},"geometry":{"type":"MultiPolygon","coordinates":[[[[126.926848,35.14649],[126.926945,35.146413],[126.926912,35.146369],[126.926887,35.146378],[126.926891,35.146389],[126.926814,35.14646],[126.926848,35.14649]]]]}},{"type":"Feature","id":"1966193326141829016400000000","properties":{"id":"1966193326141829016400000000","pnu":"1221011800104240005","year":1966,"purpose":"단독주택"},"geometry":{"type":"MultiPolygon","coordinates":[[[[126.927595,35.145257],[126.927619,35.145242],[126.927555,35.145191],[126.927524,35.145208],[126.927595,35.145257]]]]}},{"type":"Feature","id":"1966193332931829015700000000","properties":{"id":"1966193332931829015700000000","pnu":"1221011800104240005","year":1966,"purpose":"단독주택"},"geometry":{"type":"MultiPolygon","coordinates":[[[[126.927646,35.14528],[126.927711,35.145225],[126.92763,35.145168],[126.927587,35.145204],[126.927627,35.145238],[126.92761,35.145258],[126.927646,35.14528]]]]}},{"type":"Feature","id":"1966193402511828857300000000","properties":{"id":"1966193402511828857300000000","pnu":"1221011800104220018","purpose":"단독주택"},"geometry":{"type":"MultiPolygon","coordinates":[[[[126.92841,35.145085],[126.928411,35.145085],[126.928412,35.145085],[126.928413,35.145085],[126.928414,35.145084],[126.928415,35.145084],[126.928415,35.145083],[126.928416,35.145082],[126.928416,35.145082],[126.928416,35.145081],[126.928416,35.14508],[126.928416,35.145079],[126.928415,35.145079],[126.928415,35.145078],[126.928414,35.145077],[126.928413,35.145077],[126.928412,35.145077],[126.928411,35.145076],[126.92841,35.145076],[126.928409,35.145076],[126.928409,35.145077],[126.928408,35.145077],[126.928407,35.145077],[126.928406,35.145078],[126.928406,35.145079],[126.928405,35.145079],[126.928405,35.14508],[126.928405,35.145081],[126.928405,35.145082],[126.928405,35.145082],[126.928406,35.145083],[126.928406,35.145084],[126.928407,35.145084],[126.928408,35.145085],[126.928409,35.145085],[126.928409,35.145085],[126.92841,35.145085]]]]}},{"type":"Feature","id":"1966193410491829620200000000","properties":{"id":"1966193410491829620200000000","pnu":"1221011100105170028","purpose":"단독주택"},"geometry":{"type":"MultiPolygon","coordinates":[[[[126.92844,35.145716],[126.928408,35.145774],[126.928557,35.145819],[126.928587,35.145765],[126.92844,35.145716]]]]}},{"type":"Feature","id":"1966193414411830786600000000","properties":{"id":"1966193414411830786600000000","pnu":"1221010800101170009","year":1966,"purpose":"단독주택"},"geometry":{"type":"MultiPolygon","coordinates":[[[[126.928533,35.146873],[126.928584,35.146787],[126.928543,35.146765],[126.928495,35.14686],[126.928533,35.146873]]]]}},{"type":"Feature","id":"1966193419631830817400000000","properties":{"id":"1966193419631830817400000000","pnu":"1221010800101170009","year":1966,"purpose":"단독주택"},"geometry":{"type":"MultiPolygon","coordinates":[[[[126.928588,35.146905],[126.928645,35.146809],[126.928604,35.146793],[126.92855,35.146882],[126.928588,35.146905]]]]}},{"type":"Feature","id":"1967192555481824243600000000","properties":{"id":"1967192555481824243600000000","pnu":"1221012200100970003","purpose":"기타","far":49.69,"floors":1,"structure":"일반목구조"},"geometry":{"type":"MultiPolygon","coordinates":[[[[126.919148,35.140964],[126.919184,35.140931],[126.919089,35.140867],[126.919057,35.140903],[126.919148,35.140964]]]]}},{"type":"Feature","id":"1967192586101823477000000000","properties":{"id":"1967192586101823477000000000","pnu":"1221012200100920018","purpose":"단독주택"},"geometry":{"type":"MultiPolygon","coordinates":[[[[126.919478,35.140264],[126.919506,35.140231],[126.919436,35.140187],[126.919406,35.140221],[126.919478,35.140264]]]]}},{"type":"Feature","id":"1967192591321823422400000000","properties":{"id":"1967192591321823422400000000","pnu":"1221012200100920019","purpose":"단독주택"},"geometry":{"type":"MultiPolygon","coordinates":[[[[126.91953,35.140211],[126.919559,35.140177],[126.919498,35.140143],[126.919468,35.140174],[126.91953,35.140211]]]]}},{"type":"Feature","id":"1967192645971823062900000000","properties":{"id":"1967192645971823062900000000","pnu":"1221012200100840013","year":1967,"purpose":"단독주택"},"geometry":{"type":"MultiPolygon","coordinates":[[[[126.920117,35.139901],[126.920165,35.13987],[126.920112,35.139805],[126.920062,35.139834],[126.920117,35.139901]]]]}},{"type":"Feature","id":"1967192655461823017000000000","properties":{"id":"1967192655461823017000000000","pnu":"1221012200100840014","purpose":"단독주택","floors":1,"structure":"블록구조"},"geometry":{"type":"MultiPolygon","coordinates":[[[[126.920211,35.139859],[126.920278,35.13982],[126.920239,35.139778],[126.920225,35.139781],[126.920208,35.139769],[126.920159,35.139793],[126.920211,35.139859]]]]}},{"type":"Feature","id":"1967192663111822970300000000","properties":{"id":"1967192663111822970300000000","pnu":"1221012200100840017","purpose":"단독주택","floors":1,"structure":"벽돌구조"},"geometry":{"type":"MultiPolygon","coordinates":[[[[126.92029,35.139806],[126.920349,35.139767],[126.920309,35.139732],[126.920256,35.139771],[126.92029,35.139806]]]]}},{"type":"Feature","id":"1967192711231827623100000000","properties":{"id":"1967192711231827623100000000","pnu":"1221011200100920001","purpose":"기타"},"geometry":{"type":"MultiPolygon","coordinates":[[[[126.920872,35.144007],[126.920889,35.143943],[126.920784,35.143921],[126.920758,35.143982],[126.920872,35.144007]]]]}},{"type":"Feature","id":"1967192722181827648200000000","properties":{"id":"1967192722181827648200000000","pnu":"1221011200100920001","purpose":"단독주택"},"geometry":{"type":"MultiPolygon","coordinates":[[[[126.921005,35.143966],[126.920907,35.143936],[126.920881,35.144009],[126.920996,35.144032],[126.921005,35.143966]]]]}},{"type":"Feature","id":"1967192724061828888700000000","properties":{"id":"1967192724061828888700000000","pnu":"1221011800100760004","purpose":"제1종 근린생활시설"},"geometry":{"type":"MultiPolygon","coordinates":[[[[126.920972,35.145153],[126.921027,35.14511],[126.92096,35.145055],[126.920902,35.145101],[126.920972,35.145153]]]]}},{"type":"Feature","id":"1967192756211828528800000000","properties":{"id":"1967192756211828528800000000","pnu":"1221011800100800002","purpose":"단독주택","floors":1,"structure":"일반목구조"},"geometry":{"type":"MultiPolygon","coordinates":[[[[126.921307,35.144815],[126.921324,35.144801],[126.921352,35.14482],[126.921367,35.144807],[126.921322,35.144729],[126.921266,35.144782],[126.921307,35.144815]]]]}},{"type":"Feature","id":"1967192770171829087200000000","properties":{"id":"1967192770171829087200000000","pnu":"1221011800100910014","purpose":"단독주택","floors":1,"structure":"일반목구조"},"geometry":{"type":"MultiPolygon","coordinates":[[[[126.921466,35.145223],[126.921409,35.145317],[126.921476,35.145344],[126.921533,35.145251],[126.921466,35.145223]]]]}},{"type":"Feature","id":"1967192799081823041500000000","properties":{"id":"1967192799081823041500000000","pnu":"1221012200100610046","purpose":"제1종 근린생활시설","floors":1,"structure":"일반목구조"},"geometry":{"type":"MultiPolygon","coordinates":[[[[126.921787,35.139877],[126.921825,35.139868],[126.921799,35.139792],[126.921763,35.139799],[126.921787,35.139877]]]]}},{"type":"Feature","id":"1967192807831827692600000000","properties":{"id":"1967192807831827692600000000","pnu":"1221011800101150001","purpose":"기타"},"geometry":{"type":"MultiPolygon","coordinates":[[[[126.921886,35.144031],[126.921886,35.144031],[126.921887,35.144031],[126.921888,35.144031],[126.921889,35.14403],[126.92189,35.14403],[126.92189,35.144029],[126.921891,35.144028],[126.921891,35.144028],[126.921891,35.144027],[126.921891,35.144026],[126.921891,35.144025],[126.92189,35.144025],[126.92189,35.144024],[126.921889,35.144023],[126.921888,35.144023],[126.921887,35.144023],[126.921886,35.144022],[126.921886,35.144022],[126.921885,35.144022],[126.921884,35.144023],[126.921883,35.144023],[126.921882,35.144023],[126.921881,35.144024],[126.921881,35.144025],[126.92188,35.144025],[126.92188,35.144026],[126.92188,35.144027],[126.92188,35.144028],[126.92188,35.144028],[126.921881,35.144029],[126.921881,35.14403],[126.921882,35.14403],[126.921883,35.144031],[126.921884,35.144031],[126.921885,35.144031],[126.921886,35.144031]]]]}},{"type":"Feature","id":"1967192813611827569100000000","properties":{"id":"1967192813611827569100000000","pnu":"1221011800101150004","purpose":"기타","structure":"벽돌구조"},"geometry":{"type":"MultiPolygon","coordinates":[[[[126.921949,35.14392],[126.92195,35.14392],[126.921951,35.14392],[126.921952,35.143919],[126.921953,35.143919],[126.921953,35.143918],[126.921954,35.143918],[126.921954,35.143917],[126.921955,35.143916],[126.921955,35.143916],[126.921955,35.143915],[126.921954,35.143914],[126.921954,35.143913],[126.921953,35.143913],[126.921953,35.143912],[126.921952,35.143912],[126.921951,35.143911],[126.92195,35.143911],[126.921949,35.143911],[126.921948,35.143911],[126.921947,35.143911],[126.921946,35.143912],[126.921946,35.143912],[126.921945,35.143913],[126.921944,35.143913],[126.921944,35.143914],[126.921944,35.143915],[126.921944,35.143916],[126.921944,35.143916],[126.921944,35.143917],[126.921944,35.143918],[126.921945,35.143918],[126.921946,35.143919],[126.921946,35.143919],[126.921947,35.14392],[126.921948,35.14392],[126.921949,35.14392]]]]}},{"type":"Feature","id":"1967192813811827719700000000","properties":{"id":"1967192813811827719700000000","pnu":"1221011800101150001","purpose":"단독주택"},"geometry":{"type":"MultiPolygon","coordinates":[[[[126.922,35.144093],[126.922017,35.144043],[126.921904,35.144009],[126.921885,35.144061],[126.922,35.144093]]]]}},{"type":"Feature","id":"1967192815291827621100000000","properties":{"id":"1967192815291827621100000000","pnu":"1221011800101150004","purpose":"단독주택","floors":1,"structure":"일반목구조"},"geometry":{"type":"MultiPolygon","coordinates":[[[[126.92202,35.144001],[126.922032,35.143956],[126.921915,35.143924],[126.921902,35.143969],[126.92202,35.144001]]]]}},{"type":"Feature","id":"1967192835121823256100000000","properties":{"id":"1967192835121823256100000000","pnu":"1221012200100610073","purpose":"제1종 근린생활시설","floors":1,"structure":"블록구조"},"geometry":{"type":"MultiPolygon","coordinates":[[[[126.922142,35.140045],[126.922195,35.140068],[126.922235,35.140013],[126.922185,35.139987],[126.922142,35.140045]]]]}},{"type":"Feature","id":"1967192841311827920200000000","properties":{"id":"1967192841311827920200000000","pnu":"1221011800101170001","year":1967,"purpose":"단독주택"},"geometry":{"type":"MultiPolygon","coordinates":[[[[126.922274,35.144289],[126.922325,35.144244],[126.922226,35.144175],[126.922183,35.144219],[126.922274,35.144289]]]]}},{"type":"Feature","id":"1967192841901831420400000000","properties":{"id":"1967192841901831420400000000","pnu":"1221010700101030011","purpose":"기타","floors":2,"structure":"벽돌구조"},"geometry":{"type":"MultiPolygon","coordinates":[[[[126.922286,35.147431],[126.92229,35.147345],[126.922226,35.147343],[126.922222,35.14743],[126.922286,35.147431]]]]}},{"type":"Feature","id":"1967192850121831426600000000","properties":{"id":"1967192850121831426600000000","pnu":"1221010700101030010","purpose":"단독주택","floors":1,"structure":"일반목구조"},"geometry":{"type":"MultiPolygon","coordinates":[[[[126.922398,35.147429],[126.922399,35.147356],[126.922295,35.147356],[126.922294,35.147431],[126.922398,35.147429]]]]}},{"type":"Feature","id":"1967192854381828697100000000","properties":{"id":"1967192854381828697100000000","pnu":"1221011800100900016","purpose":"단독주택","floors":2,"structure":"벽돌구조"},"geometry":{"type":"MultiPolygon","coordinates":[[[[126.922409,35.144974],[126.922447,35.144943],[126.922382,35.144892],[126.922344,35.144922],[126.922409,35.144974]]]]}},{"type":"Feature","id":"1967192860591828353300000000","properties":{"id":"1967192860591828353300000000","pnu":"1221011800100920009","purpose":"단독주택","floors":1,"structure":"일반목구조"},"geometry":{"type":"MultiPolygon","coordinates":[[[[126.922445,35.144684],[126.922532,35.144597],[126.922486,35.144561],[126.922394,35.144647],[126.922445,35.144684]]]]}},{"type":"Feature","id":"1967192880281828131900000000","properties":{"id":"1967192880281828131900000000","pnu":"1221011800100930011","purpose":"단독주택","floors":1,"structure":"일반목구조"},"geometry":{"type":"MultiPolygon","coordinates":[[[[126.922728,35.144418],[126.9227,35.144394],[126.922684,35.144407],[126.922664,35.14439],[126.92263,35.144421],[126.922688,35.144462],[126.922728,35.144418]]]]}},{"type":"Feature","id":"1967192897011828805300000000","properties":{"id":"1967192897011828805300000000","pnu":"1221011800100300020","purpose":"단독주택","floors":1,"structure":"벽돌구조"},"geometry":{"type":"MultiPolygon","coordinates":[[[[126.922829,35.145077],[126.922926,35.145022],[126.922896,35.144984],[126.922801,35.145039],[126.922829,35.145077]]]]}},{"type":"Feature","id":"1967192907881828867600000000","properties":{"id":"1967192907881828867600000000","pnu":"1221011800100300018","purpose":"단독주택","floors":1,"structure":"일반목구조"},"geometry":{"type":"MultiPolygon","coordinates":[[[[126.923015,35.145164],[126.923099,35.145129],[126.923009,35.14501],[126.92285,35.145076],[126.922881,35.145128],[126.922962,35.145094],[126.923015,35.145164]]]]}},{"type":"Feature","id":"1967192929851828114000000000","properties":{"id":"1967192929851828114000000000","pnu":"1221011800100950006","purpose":"단독주택","floors":1,"structure":"일반목구조"},"geometry":{"type":"MultiPolygon","coordinates":[[[[126.923271,35.144465],[126.9233,35.144419],[126.923219,35.144378],[126.923227,35.144358],[126.923195,35.144345],[126.923151,35.144405],[126.923271,35.144465]]]]}},{"type":"Feature","id":"1967192977851828173600000000","properties":{"id":"1967192977851828173600000000","pnu":"1221011800100250020","purpose":"단독주택"},"geometry":{"type":"MultiPolygon","coordinates":[[[[126.923751,35.144466],[126.923752,35.144466],[126.923753,35.144466],[126.923754,35.144465],[126.923754,35.144465],[126.923755,35.144464],[126.923756,35.144464],[126.923756,35.144463],[126.923756,35.144462],[126.923756,35.144462],[126.923756,35.144461],[126.923756,35.14446],[126.923756,35.144459],[126.923755,35.144459],[126.923754,35.144458],[126.923754,35.144458],[126.923753,35.144457],[126.923752,35.144457],[126.923751,35.144457],[126.92375,35.144457],[126.923749,35.144457],[126.923748,35.144458],[126.923747,35.144458],[126.923747,35.144459],[126.923746,35.144459],[126.923746,35.14446],[126.923746,35.144461],[126.923745,35.144462],[126.923745,35.144462],[126.923746,35.144463],[126.923746,35.144464],[126.923747,35.144464],[126.923747,35.144465],[126.923748,35.144465],[126.923749,35.144466],[126.92375,35.144466],[126.923751,35.144466]]]]}},{"type":"Feature","id":"1967192989231828399600000000","properties":{"id":"1967192989231828399600000000","pnu":"1221011800100250021","purpose":"단독주택","floors":1,"structure":"일반목구조"},"geometry":{"type":"MultiPolygon","coordinates":[[[[126.923871,35.144714],[126.923928,35.144688],[126.92388,35.144616],[126.923823,35.144644],[126.923871,35.144714]]]]}},{"type":"Feature","id":"1967192991191827143500000000","properties":{"id":"1967192991191827143500000000","pnu":"1221011800104700046","purpose":"제2종 근린생활시설","floors":1,"structure":"블록구조"},"geometry":{"type":"MultiPolygon","coordinates":[[[[126.923897,35.143586],[126.923959,35.143559],[126.923935,35.143521],[126.923925,35.143525],[126.923896,35.14348],[126.923838,35.143505],[126.923897,35.143586]]]]}},{"type":"Feature","id":"1967193028941828845600000000","properties":{"id":"1967193028941828845600000000","pnu":"1221011800100260001","year":1967,"purpose":"단독주택"},"geometry":{"type":"MultiPolygon","coordinates":[[[[126.924235,35.14507],[126.924279,35.145124],[126.924387,35.145066],[126.924343,35.145011],[126.924235,35.14507]]]]}},{"type":"Feature","id":"1967193031511828914600000000","properties":{"id":"1967193031511828914600000000","pnu":"1221011800100260001","year":1967,"purpose":"단독주택"},"geometry":{"type":"MultiPolygon","coordinates":[[[[126.92433,35.145176],[126.924373,35.145155],[126.924352,35.145126],[126.924385,35.14511],[126.924366,35.145085],[126.92429,35.145122],[126.92433,35.145176]]]]}},{"type":"Feature","id":"1967193062071826529000000000","properties":{"id":"1967193062071826529000000000","pnu":"1221011800104730026","year":1967,"purpose":"단독주택"},"geometry":{"type":"MultiPolygon","coordinates":[[[[126.924673,35.143019],[126.924714,35.143],[126.924678,35.142941],[126.92464,35.142956],[126.924673,35.143019]]]]}},{"type":"Feature","id":"1967193096431830010000000000","properties":{"id":"1967193096431830010000000000","pnu":"1221011800100150008","purpose":"단독주택","floors":1,"structure":"일반목구조"},"geometry":{"type":"MultiPolygon","coordinates":[[[[126.925,35.146113],[126.925056,35.146164],[126.925107,35.146131],[126.925044,35.146068],[126.925,35.146105],[126.924995,35.146109],[126.925,35.146113]]]]}},{"type":"Feature","id":"1967193102391828238600000000","properties":{"id":"1967193102391828238600000000","pnu":"1221011800104680000","purpose":"단독주택"},"geometry":{"type":"MultiPolygon","coordinates":[[[[126.925177,35.144535],[126.925142,35.144475],[126.925059,35.144508],[126.925092,35.144567],[126.925177,35.144535]]]]}},{"type":"Feature","id":"1967193104361830101000000000","properties":{"id":"1967193104361830101000000000","pnu":"1221011800100150007","purpose":"단독주택","floors":1,"structure":"일반목구조"},"geometry":{"type":"MultiPolygon","coordinates":[[[[126.925155,35.146251],[126.925201,35.146222],[126.925122,35.146148],[126.925073,35.146181],[126.925155,35.146251]]]]}},{"type":"Feature","id":"1967193104681829954400000000","properties":{"id":"1967193104681829954400000000","pnu":"1221011800100150006","purpose":"기타","structure":"일반목구조"},"geometry":{"type":"MultiPolygon","coordinates":[[[[126.925132,35.146101],[126.925182,35.146062],[126.92515,35.146034],[126.9251,35.146074],[126.925132,35.146101]]]]}},{"type":"Feature","id":"1967193111141830021700000000","properties":{"id":"1967193111141830021700000000","pnu":"1221011800100150006","purpose":"단독주택","floors":1,"structure":"일반목구조"},"geometry":{"type":"MultiPolygon","coordinates":[[[[126.92524,35.146185],[126.925279,35.14616],[126.925184,35.146071],[126.925146,35.146099],[126.92524,35.146185]]]]}},{"type":"Feature","id":"1967193114731830204000000000","properties":{"id":"1967193114731830204000000000","pnu":"1221011800100150000","purpose":"단독주택","floors":1,"structure":"일반목구조"},"geometry":{"type":"MultiPolygon","coordinates":[[[[126.92527,35.146347],[126.925313,35.146309],[126.925233,35.14624],[126.925189,35.146273],[126.92527,35.146347]]]]}},{"type":"Feature","id":"1967193119921830145500000000","properties":{"id":"1967193119921830145500000000","pnu":"1221011800100150005","purpose":"단독주택","floors":1,"structure":"일반목구조"},"geometry":{"type":"MultiPolygon","coordinates":[[[[126.925327,35.146287],[126.925364,35.146261],[126.925287,35.146193],[126.925252,35.146216],[126.925327,35.146287]]]]}},{"type":"Feature","id":"1967193135731821573600000000","properties":{"id":"1967193135731821573600000000","pnu":"1221012200100300008","purpose":"단독주택","floors":1,"structure":"벽돌구조"},"geometry":{"type":"MultiPolygon","coordinates":[[[[126.925468,35.138551],[126.925528,35.13854],[126.92551,35.138478],[126.92545,35.138485],[126.925468,35.138551]]]]}},{"type":"Feature","id":"1967193141991828924900000000","properties":{"id":"1967193141991828924900000000","pnu":"1221011800100210028","purpose":"단독주택","floors":1,"structure":"일반목구조"},"geometry":{"type":"MultiPolygon","coordinates":[[[[126.925517,35.145191],[126.925617,35.14514],[126.925579,35.145088],[126.925549,35.1451],[126.925552,35.145109],[126.925486,35.145141],[126.925517,35.145191]]]]}},{"type":"Feature","id":"1967193239081830301100000000","properties":{"id":"1967193239081830301100000000","pnu":"1221011800100050005","purpose":"단독주택"},"geometry":{"type":"MultiPolygon","coordinates":[[[[126.926604,35.146422],[126.926656,35.146365],[126.926625,35.14634],[126.926577,35.146399],[126.926604,35.146422]]]]}},{"type":"Feature","id":"1967193243161830229000000000","properties":{"id":"1967193243161830229000000000","pnu":"1221011800100050005","purpose":"단독주택"},"geometry":{"type":"MultiPolygon","coordinates":[[[[126.926702,35.146357],[126.926717,35.146335],[126.926623,35.146275],[126.926603,35.146298],[126.926702,35.146357]]]]}},{"type":"Feature","id":"1967193389361830462100000000","properties":{"id":"1967193389361830462100000000","pnu":"1221011100105170002","purpose":"제1종 근린생활시설"},"geometry":{"type":"MultiPolygon","coordinates":[[[[126.928279,35.14658],[126.928348,35.146542],[126.928233,35.146469],[126.928192,35.146521],[126.928279,35.14658]]]]}},{"type":"Feature","id":"1967193417681828750600000000","properties":{"id":"1967193417681828750600000000","pnu":"1221011800104220017","year":1967,"purpose":"단독주택"},"geometry":{"type":"MultiPolygon","coordinates":[[[[126.928552,35.145036],[126.928645,35.14497],[126.928604,35.144935],[126.928509,35.144995],[126.928552,35.145036]]]]}},{"type":"Feature","id":"1967193423271830972300000000","properties":{"id":"1967193423271830972300000000","pnu":"1221010800101170012","purpose":"단독주택"},"geometry":{"type":"MultiPolygon","coordinates":[[[[126.928568,35.146998],[126.92868,35.147038],[126.928709,35.146986],[126.928635,35.146959],[126.928644,35.146943],[126.928605,35.146929],[126.928568,35.146998]]]]}},{"type":"Feature","id":"1967193425601831142400000000","properties":{"id":"1967193425601831142400000000","pnu":"1221010800101170010","year":1967,"purpose":"단독주택"},"geometry":{"type":"MultiPolygon","coordinates":[[[[126.92868,35.147183],[126.92872,35.147146],[126.928634,35.147099],[126.928607,35.147131],[126.92868,35.147183]]]]}},{"type":"Feature","id":"1967193429551831080000000000","properties":{"id":"1967193429551831080000000000","pnu":"1221010800101170010","year":1967,"purpose":"단독주택"},"geometry":{"type":"MultiPolygon","coordinates":[[[[126.928719,35.147125],[126.928749,35.147081],[126.928691,35.147045],[126.928661,35.147084],[126.928719,35.147125]]]]}},{"type":"Feature","id":"1967193429871830868900000000","properties":{"id":"1967193429871830868900000000","pnu":"1221010800101170013","purpose":"단독주택","floors":1,"structure":"일반목구조"},"geometry":{"type":"MultiPolygon","coordinates":[[[[126.928693,35.146946],[126.928771,35.146877],[126.928725,35.146843],[126.928647,35.146911],[126.928693,35.146946]]]]}},{"type":"Feature","id":"1967193456281830696700000000","properties":{"id":"1967193456281830696700000000","pnu":"1221011100105220008","year":1967,"purpose":"단독주택"},"geometry":{"type":"MultiPolygon","coordinates":[[[[126.928987,35.146789],[126.929049,35.146713],[126.929016,35.146689],[126.928947,35.146761],[126.928987,35.146789]]]]}},{"type":"Feature","id":"1968192554671826165100000000","properties":{"id":"1968192554671826165100000000","pnu":"1221011400101870001","year":1968,"purpose":"단독주택"},"geometry":{"type":"MultiPolygon","coordinates":[[[[126.919015,35.142654],[126.919176,35.142699],[126.919202,35.142645],[126.919075,35.142603],[126.919071,35.14261],[126.91904,35.142599],[126.919015,35.142654]]]]}},{"type":"Feature","id":"1968192561761826093300000000","properties":{"id":"1968192561761826093300000000","pnu":"1221011400101870001","year":1968,"purpose":"단독주택"},"geometry":{"type":"MultiPolygon","coordinates":[[[[126.919214,35.142615],[126.919231,35.142569],[126.919157,35.142553],[126.919144,35.142596],[126.919214,35.142615]]]]}},{"type":"Feature","id":"1968192565781824298200000000","properties":{"id":"1968192565781824298200000000","pnu":"1221012200101000003","purpose":"제2종 근린생활시설","far":52.737276,"floors":1,"structure":"벽돌구조"},"geometry":{"type":"MultiPolygon","coordinates":[[[[126.919253,35.141008],[126.919287,35.140974],[126.919214,35.140922],[126.919178,35.14096],[126.919253,35.141008]]]]}},{"type":"Feature","id":"1968192638681828214600000000","properties":{"id":"1968192638681828214600000000","pnu":"1221011200100350004","purpose":"단독주택","floors":1,"structure":"일반목구조"},"geometry":{"type":"MultiPolygon","coordinates":[[[[126.92003,35.144552],[126.920085,35.144462],[126.920027,35.144439],[126.919974,35.144535],[126.92003,35.144552]]]]}},{"type":"Feature","id":"1968192653171827104500000000","properties":{"id":"1968192653171827104500000000","pnu":"1221011200101040006","year":1968,"purpose":"단독주택"},"geometry":{"type":"MultiPolygon","coordinates":[[[[126.92011,35.143546],[126.920199,35.143576],[126.920268,35.143442],[126.920177,35.143418],[126.92011,35.143546]]]]}},{"type":"Feature","id":"1968192663471827208100000000","properties":{"id":"1968192663471827208100000000","pnu":"1221011200101040006","year":1968,"purpose":"단독주택"},"geometry":{"type":"MultiPolygon","coordinates":[[[[126.920291,35.143672],[126.920409,35.143541],[126.920321,35.143507],[126.920253,35.143593],[126.920221,35.143577],[126.920186,35.143611],[126.920291,35.143672]]]]}},{"type":"Feature","id":"1968192746141829073000000000","properties":{"id":"1968192746141829073000000000","pnu":"1221011800100750003","purpose":"제2종 근린생활시설","floors":1,"structure":"벽돌구조"},"geometry":{"type":"MultiPolygon","coordinates":[[[[126.921207,35.145275],[126.921208,35.145275],[126.921209,35.145275],[126.92121,35.145274],[126.921211,35.145274],[126.921212,35.145273],[126.921212,35.145273],[126.921212,35.145272],[126.921213,35.145271],[126.921213,35.145271],[126.921213,35.14527],[126.921212,35.145269],[126.921212,35.145268],[126.921212,35.145268],[126.921211,35.145267],[126.92121,35.145267],[126.921209,35.145266],[126.921208,35.145266],[126.921207,35.145266],[126.921206,35.145266],[126.921205,35.145266],[126.921205,35.145267],[126.921204,35.145267],[126.921203,35.145268],[126.921203,35.145268],[126.921202,35.145269],[126.921202,35.14527],[126.921202,35.145271],[126.921202,35.145271],[126.921202,35.145272],[126.921203,35.145273],[126.921203,35.145273],[126.921204,35.145274],[126.921205,35.145274],[126.921205,35.145275],[126.921206,35.145275],[126.921207,35.145275]]]]}},{"type":"Feature","id":"1968192839201830006300000000","properties":{"id":"1968192839201830006300000000","pnu":"1221011800100500006","purpose":"제2종 근린생활시설"},"geometry":{"type":"MultiPolygon","coordinates":[[[[126.922256,35.146173],[126.922301,35.146139],[126.922204,35.146053],[126.922153,35.146087],[126.922256,35.146173]]]]}},{"type":"Feature","id":"1968192839221827747100000000","properties":{"id":"1968192839221827747100000000","pnu":"1221011800101170005","year":1968,"purpose":"단독주택"},"geometry":{"type":"MultiPolygon","coordinates":[[[[126.922246,35.144125],[126.922296,35.144075],[126.92225,35.144044],[126.922238,35.144053],[126.922192,35.144035],[126.922163,35.144068],[126.922246,35.144125]]]]}},{"type":"Feature","id":"1968192846791827851500000000","properties":{"id":"1968192846791827851500000000","pnu":"1221011800101170002","year":1968,"purpose":"단독주택"},"geometry":{"type":"MultiPolygon","coordinates":[[[[126.922331,35.144224],[126.922381,35.144182],[126.922293,35.144118],[126.922245,35.144157],[126.922331,35.144224]]]]}},{"type":"Feature","id":"1968192871481830888000000000","properties":{"id":"1968192871481830888000000000","pnu":"1221011800100420013","year":1968,"purpose":"제2종 근린생활시설","floors":1,"structure":"일반목구조"},"geometry":{"type":"MultiPolygon","coordinates":[[[[126.922597,35.146961],[126.922638,35.14692],[126.922585,35.146879],[126.922594,35.146863],[126.922579,35.146849],[126.922524,35.1469],[126.922597,35.146961]]]]}},{"type":"Feature","id":"1968192886461828189900000000","properties":{"id":"1968192886461828189900000000","pnu":"1221011800100930009","purpose":"단독주택","floors":1,"structure":"일반목구조"},"geometry":{"type":"MultiPolygon","coordinates":[[[[126.922766,35.144524],[126.922808,35.144477],[126.922733,35.144428],[126.922686,35.144472],[126.922766,35.144524]]]]}},{"type":"Feature","id":"1968192888121828053400000000","properties":{"id":"1968192888121828053400000000","pnu":"1221011800100940022","purpose":"단독주택"},"geometry":{"type":"MultiPolygon","coordinates":[[[[126.92276,35.144394],[126.922821,35.144343],[126.922777,35.144312],[126.92271,35.14436],[126.92276,35.144394]]]]}},{"type":"Feature","id":"1968192888361828124000000000","properties":{"id":"1968192888361828124000000000","pnu":"1221011800100930009","purpose":"기타","structure":"벽돌구조"},"geometry":{"type":"MultiPolygon","coordinates":[[[[126.922769,35.144421],[126.92277,35.144421],[126.922771,35.14442],[126.922772,35.14442],[126.922772,35.14442],[126.922773,35.144419],[126.922774,35.144418],[126.922774,35.144418],[126.922774,35.144417],[126.922774,35.144416],[126.922774,35.144415],[126.922774,35.144415],[126.922774,35.144414],[126.922773,35.144413],[126.922772,35.144413],[126.922772,35.144412],[126.922771,35.144412],[126.92277,35.144412],[126.922769,35.144412],[126.922768,35.144412],[126.922767,35.144412],[126.922766,35.144412],[126.922765,35.144413],[126.922765,35.144413],[126.922764,35.144414],[126.922764,35.144415],[126.922764,35.144415],[126.922763,35.144416],[126.922764,35.144417],[126.922764,35.144418],[126.922764,35.144418],[126.922765,35.144419],[126.922765,35.14442],[126.922766,35.14442],[126.922767,35.14442],[126.922768,35.144421],[126.922769,35.144421]]]]}},{"type":"Feature","id":"1968192894711831100700000000","properties":{"id":"1968192894711831100700000000","pnu":"1221011800100420005","year":1968,"purpose":"단독주택","floors":1,"structure":"일반목구조"},"geometry":{"type":"MultiPolygon","coordinates":[[[[126.922773,35.147088],[126.922864,35.147148],[126.922897,35.147111],[126.922813,35.147051],[126.922773,35.147088]]]]}},{"type":"Feature","id":"1968192894781831045500000000","properties":{"id":"1968192894781831045500000000","pnu":"1221011800100420005","purpose":"기타","structure":"벽돌구조"},"geometry":{"type":"MultiPolygon","coordinates":[[[[126.922837,35.147054],[126.922838,35.147054],[126.922839,35.147054],[126.922839,35.147054],[126.92284,35.147053],[126.922841,35.147052],[126.922841,35.147052],[126.922842,35.147051],[126.922842,35.14705],[126.922842,35.14705],[126.922842,35.147049],[126.922842,35.147048],[126.922841,35.147047],[126.922841,35.147047],[126.92284,35.147046],[126.922839,35.147046],[126.922839,35.147045],[126.922838,35.147045],[126.922837,35.147045],[126.922836,35.147045],[126.922835,35.147045],[126.922834,35.147046],[126.922833,35.147046],[126.922833,35.147047],[126.922832,35.147047],[126.922832,35.147048],[126.922831,35.147049],[126.922831,35.14705],[126.922831,35.14705],[126.922832,35.147051],[126.922832,35.147052],[126.922833,35.147052],[126.922833,35.147053],[126.922834,35.147054],[126.922835,35.147054],[126.922836,35.147054],[126.922837,35.147054]]]]}},{"type":"Feature","id":"1968192901681828057300000000","properties":{"id":"1968192901681828057300000000","pnu":"1221011800100940020","purpose":"단독주택"},"geometry":{"type":"MultiPolygon","coordinates":[[[[126.92292,35.144403],[126.922982,35.144347],[126.922946,35.144321],[126.922929,35.144339],[126.922893,35.144316],[126.922849,35.144354],[126.92292,35.144403]]]]}},{"type":"Feature","id":"1968192915921828278300000000","properties":{"id":"1968192915921828278300000000","pnu":"1221011800100940023","year":1968,"purpose":"단독주택"},"geometry":{"type":"MultiPolygon","coordinates":[[[[126.923091,35.144591],[126.923115,35.144564],[126.923051,35.14452],[126.923028,35.144547],[126.923091,35.144591]]]]}},{"type":"Feature","id":"1968193009231829467400000000","properties":{"id":"1968193009231829467400000000","pnu":"1221011800100270010","purpose":"단독주택"},"geometry":{"type":"MultiPolygon","coordinates":[[[[126.924127,35.145658],[126.924111,35.145592],[126.924064,35.145596],[126.924074,35.145663],[126.924127,35.145658]]]]}},{"type":"Feature","id":"1968193035821827719100000000","properties":{"id":"1968193035821827719100000000","pnu":"1221011800104680009","year":1968,"purpose":"제1종 근린생활시설"},"geometry":{"type":"MultiPolygon","coordinates":[[[[126.924398,35.144148],[126.924451,35.144097],[126.924487,35.144066],[126.92449,35.144029],[126.924287,35.143978],[126.924271,35.143997],[126.924398,35.144148]]]]}},{"type":"Feature","id":"1968193043981829896600000000","properties":{"id":"1968193043981829896600000000","pnu":"1221011800100170016","year":1968,"purpose":"단독주택"},"geometry":{"type":"MultiPolygon","coordinates":[[[[126.924452,35.146051],[126.924521,35.146008],[126.924499,35.145979],[126.924429,35.146022],[126.924452,35.146051]]]]}},{"type":"Feature","id":"1968193044321829598900000000","properties":{"id":"1968193044321829598900000000","pnu":"1221011800100200010","purpose":"단독주택"},"geometry":{"type":"MultiPolygon","coordinates":[[[[126.9245,35.145811],[126.924556,35.145767],[126.924458,35.145683],[126.924402,35.145727],[126.9245,35.145811]]]]}},{"type":"Feature","id":"1968193046171829486500000000","properties":{"id":"1968193046171829486500000000","pnu":"1221011800100200010","purpose":"기타"},"geometry":{"type":"MultiPolygon","coordinates":[[[[126.924499,35.14565],[126.9245,35.14565],[126.924501,35.14565],[126.924502,35.145649],[126.924503,35.145649],[126.924504,35.145648],[126.924504,35.145648],[126.924505,35.145647],[126.924505,35.145646],[126.924505,35.145645],[126.924505,35.145645],[126.924505,35.145644],[126.924504,35.145643],[126.924504,35.145643],[126.924503,35.145642],[126.924502,35.145642],[126.924501,35.145641],[126.9245,35.145641],[126.924499,35.145641],[126.924498,35.145641],[126.924498,35.145641],[126.924497,35.145642],[126.924496,35.145642],[126.924495,35.145643],[126.924495,35.145643],[126.924494,35.145644],[126.924494,35.145645],[126.924494,35.145645],[126.924494,35.145646],[126.924494,35.145647],[126.924495,35.145648],[126.924495,35.145648],[126.924496,35.145649],[126.924497,35.145649],[126.924498,35.14565],[126.924498,35.14565],[126.924499,35.14565]]]]}},{"type":"Feature","id":"1968193066481826630500000000","properties":{"id":"1968193066481826630500000000","pnu":"1221011800104730024","year":1968,"purpose":"단독주택"},"geometry":{"type":"MultiPolygon","coordinates":[[[[126.924729,35.143101],[126.924755,35.143087],[126.924721,35.14304],[126.924694,35.143058],[126.924729,35.143101]]]]}},{"type":"Feature","id":"1968193069791828396200000000","properties":{"id":"1968193069791828396200000000","pnu":"1221011800100230013","purpose":"단독주택"},"geometry":{"type":"MultiPolygon","coordinates":[[[[126.924748,35.144693],[126.9248,35.144661],[126.924769,35.144632],[126.924719,35.144665],[126.924748,35.144693]]]]}},{"type":"Feature","id":"1968193106841827532100000000","properties":{"id":"1968193106841827532100000000","pnu":"1221011800104660010","purpose":"단독주택","floors":1,"structure":"벽돌구조"},"geometry":{"type":"MultiPolygon","coordinates":[[[[126.92514,35.143916],[126.925212,35.143893],[126.925194,35.143854],[126.925123,35.143874],[126.92514,35.143916]]]]}},{"type":"Feature","id":"1968193120481829074700000000","properties":{"id":"1968193120481829074700000000","pnu":"1221011800100210022","year":1968,"purpose":"단독주택","floors":2,"structure":"벽돌구조"},"geometry":{"type":"MultiPolygon","coordinates":[[[[126.925323,35.145324],[126.925368,35.145291],[126.925309,35.145227],[126.925262,35.145256],[126.925323,35.145324]]]]}},{"type":"Feature","id":"1968193133601829262900000000","properties":{"id":"1968193133601829262900000000","pnu":"1221011800100210043","year":1968,"purpose":"단독주택","floors":1,"structure":"벽돌구조"},"geometry":{"type":"MultiPolygon","coordinates":[[[[126.925437,35.145488],[126.925515,35.145448],[126.925479,35.145402],[126.925446,35.145411],[126.925448,35.145422],[126.925403,35.145443],[126.925437,35.145488]]]]}},{"type":"Feature","id":"1968193152511828250800000000","properties":{"id":"1968193152511828250800000000","pnu":"1221011800104360009","purpose":"제1종 근린생활시설","far":60.91,"floors":1,"structure":"벽돌구조"},"geometry":{"type":"MultiPolygon","coordinates":[[[[126.925629,35.144573],[126.92573,35.144531],[126.925706,35.144493],[126.925607,35.144532],[126.925629,35.144573]]]]}},{"type":"Feature","id":"1968193152621829106100000000","properties":{"id":"1968193152621829106100000000","pnu":"1221011800100210030","purpose":"단독주택","floors":1,"structure":"일반목구조"},"geometry":{"type":"MultiPolygon","coordinates":[[[[126.925624,35.14535],[126.925738,35.145305],[126.925711,35.145255],[126.925596,35.145305],[126.925624,35.14535]]]]}},{"type":"Feature","id":"1968193163501828954300000000","properties":{"id":"1968193163501828954300000000","pnu":"1221011800100210038","purpose":"단독주택","floors":1,"structure":"벽돌구조"},"geometry":{"type":"MultiPolygon","coordinates":[[[[126.925783,35.145215],[126.925849,35.145179],[126.92582,35.145144],[126.925811,35.145149],[126.925779,35.145121],[126.925728,35.145146],[126.925783,35.145215]]]]}},{"type":"Feature","id":"1968193165901829049700000000","properties":{"id":"1968193165901829049700000000","pnu":"1221011800100210035","purpose":"단독주택","floors":1,"structure":"일반목구조"},"geometry":{"type":"MultiPolygon","coordinates":[[[[126.925767,35.1453],[126.925887,35.145244],[126.925866,35.145206],[126.925739,35.14526],[126.925767,35.1453]]]]}},{"type":"Feature","id":"1968193182041828743900000000","properties":{"id":"1968193182041828743900000000","pnu":"1221011800104350018","year":1968,"purpose":"단독주택"},"geometry":{"type":"MultiPolygon","coordinates":[[[[126.925972,35.145003],[126.926025,35.144972],[126.926008,35.144952],[126.925958,35.144983],[126.925972,35.145003]]]]}},{"type":"Feature","id":"1968193384441829686500000000","properties":{"id":"1968193384441829686500000000","pnu":"1221011100105140007","year":1968,"purpose":"단독주택"},"geometry":{"type":"MultiPolygon","coordinates":[[[[126.928188,35.145904],[126.928211,35.14589],[126.928191,35.145865],[126.928297,35.145776],[126.928269,35.145755],[126.928135,35.145856],[126.928188,35.145904]]]]}},{"type":"Feature","id":"1968193389811829736000000000","properties":{"id":"1968193389811829736000000000","pnu":"1221011100105140007","year":1968,"purpose":"단독주택"},"geometry":{"type":"MultiPolygon","coordinates":[[[[126.928246,35.145927],[126.928339,35.145864],[126.928291,35.145821],[126.928205,35.145876],[126.928246,35.145927]]]]}},{"type":"Feature","id":"1968193447871831855500000000","properties":{"id":"1968193447871831855500000000","pnu":"1221010800101010038","year":1968,"purpose":"단독주택"},"geometry":{"type":"MultiPolygon","coordinates":[[[[126.928956,35.147837],[126.928976,35.147754],[126.928854,35.147731],[126.928836,35.147813],[126.928956,35.147837]]]]}},{"type":"Feature","id":"1969192551701827712800000000","properties":{"id":"1969192551701827712800000000","pnu":"1221011200101440002","year":1969,"purpose":"단독주택","floors":1,"structure":"벽돌구조"},"geometry":{"type":"MultiPolygon","coordinates":[[[[126.91912,35.1441],[126.919156,35.144053],[126.919092,35.14402],[126.919099,35.144008],[126.91905,35.143982],[126.918992,35.144045],[126.91912,35.1441]]]]}},{"type":"Feature","id":"1969192554071824892900000000","properties":{"id":"1969192554071824892900000000","pnu":"1221012200101470001","purpose":"기타","structure":"벽돌구조"},"geometry":{"type":"MultiPolygon","coordinates":[[[[126.919116,35.141474],[126.919069,35.141509],[126.919091,35.141529],[126.919138,35.141494],[126.919116,35.141474]]]]}},{"type":"Feature","id":"1969192555321824984200000000","properties":{"id":"1969192555321824984200000000","pnu":"1221012200101470001","year":1969,"purpose":"단독주택","floors":1,"structure":"일반목구조"},"geometry":{"type":"MultiPolygon","coordinates":[[[[126.919149,35.141513],[126.919031,35.141609],[126.919085,35.141654],[126.919203,35.141559],[126.919149,35.141513]]]]}},{"type":"Feature","id":"1969192564341826549000000000","properties":{"id":"1969192564341826549000000000","pnu":"1221011400101620000","year":1969,"purpose":"단독주택"},"geometry":{"type":"MultiPolygon","coordinates":[[[[126.919279,35.14305],[126.919304,35.143008],[126.919156,35.142939],[126.919124,35.142982],[126.919279,35.14305]]]]}},{"type":"Feature","id":"1969192634991822446000000000","properties":{"id":"1969192634991822446000000000","pnu":"1221012200100810031","purpose":"제1종 근린생활시설"},"geometry":{"type":"MultiPolygon","coordinates":[[[[126.920071,35.139284],[126.91997,35.139229],[126.919914,35.139307],[126.92002,35.139365],[126.920071,35.139284]]]]}},{"type":"Feature","id":"1969192636931826900500000000","properties":{"id":"1969192636931826900500000000","pnu":"1221011200101300002","year":1969,"purpose":"제1종 근린생활시설","floors":3,"structure":"철근콘크리트구조"},"geometry":{"type":"MultiPolygon","coordinates":[[[[126.920047,35.143363],[126.920078,35.143296],[126.919976,35.143262],[126.919941,35.143323],[126.920047,35.143363]]]]}},{"type":"Feature","id":"1969192638951826403500000000","properties":{"id":"1969192638951826403500000000","pnu":"1221011200101220000","purpose":"단독주택"},"geometry":{"type":"MultiPolygon","coordinates":[[[[126.920061,35.142914],[126.9201,35.142849],[126.920063,35.142834],[126.920056,35.142843],[126.919991,35.142824],[126.919962,35.142859],[126.920061,35.142914]]]]}},{"type":"Feature","id":"1969192641301824970000000000","properties":{"id":"1969192641301824970000000000","pnu":"1221012200101310002","purpose":"단독주택","floors":1,"structure":"일반목구조"},"geometry":{"type":"MultiPolygon","coordinates":[[[[126.920039,35.141621],[126.920125,35.14155],[126.920087,35.141521],[126.920033,35.141569],[126.920025,35.141564],[126.919994,35.141587],[126.920039,35.141621]]]]}},{"type":"Feature","id":"1969192647751826254500000000","properties":{"id":"1969192647751826254500000000","pnu":"1221011200101210000","purpose":"단독주택"},"geometry":{"type":"MultiPolygon","coordinates":[[[[126.920159,35.142788],[126.920203,35.142713],[126.920102,35.142677],[126.920053,35.142734],[126.920159,35.142788]]]]}},{"type":"Feature","id":"1969192671361826661200000000","properties":{"id":"1969192671361826661200000000","pnu":"1221011200101160011","year":1969,"purpose":"제1종 근린생활시설"},"geometry":{"type":"MultiPolygon","coordinates":[[[[126.920439,35.143147],[126.920465,35.143085],[126.920341,35.143045],[126.920312,35.143107],[126.920439,35.143147]]]]}},{"type":"Feature","id":"1969192680351826830400000000","properties":{"id":"1969192680351826830400000000","pnu":"1221011200101100001","purpose":"기타"},"geometry":{"type":"MultiPolygon","coordinates":[[[[126.920487,35.143253],[126.920488,35.143253],[126.920489,35.143253],[126.92049,35.143253],[126.920491,35.143252],[126.920492,35.143252],[126.920492,35.143251],[126.920493,35.14325],[126.920493,35.14325],[126.920493,35.143249],[126.920493,35.143248],[126.920493,35.143247],[126.920492,35.143246],[126.920492,35.143246],[126.920491,35.143245],[126.92049,35.143245],[126.920489,35.143244],[126.920488,35.143244],[126.920487,35.143244],[126.920486,35.143244],[126.920486,35.143244],[126.920485,35.143245],[126.920484,35.143245],[126.920483,35.143246],[126.920483,35.143246],[126.920482,35.143247],[126.920482,35.143248],[126.920482,35.143249],[126.920482,35.14325],[126.920482,35.14325],[126.920483,35.143251],[126.920483,35.143252],[126.920484,35.143252],[126.920485,35.143253],[126.920486,35.143253],[126.920486,35.143253],[126.920487,35.143253]]]]}},{"type":"Feature","id":"1969192688111828839800000000","properties":{"id":"1969192688111828839800000000","pnu":"1221011200100320000","purpose":"제2종 근린생활시설","floors":3,"structure":"철근콘크리트구조"},"geometry":{"type":"MultiPolygon","coordinates":[[[[126.920593,35.145131],[126.920633,35.145072],[126.920623,35.14507],[126.920648,35.14502],[126.920546,35.14499],[126.920499,35.145071],[126.92051,35.145104],[126.920593,35.145131]]]]}},{"type":"Feature","id":"1969192726561826338000000000","properties":{"id":"1969192726561826338000000000","pnu":"1221011200100710001","year":1969,"purpose":"기타"},"geometry":{"type":"MultiPolygon","coordinates":[[[[126.920988,35.142733],[126.920922,35.142847],[126.921002,35.142878],[126.921068,35.142763],[126.920988,35.142733]]]]}},{"type":"Feature","id":"1969192750301826744700000000","properties":{"id":"1969192750301826744700000000","pnu":"1221011200100800003","year":1969,"purpose":"제2종 근린생활시설","far":42.27,"floors":1,"structure":"일반목구조"},"geometry":{"type":"MultiPolygon","coordinates":[[[[126.921258,35.143224],[126.921307,35.143144],[126.921258,35.143119],[126.921201,35.143197],[126.921258,35.143224]]]]}},{"type":"Feature","id":"1969192756201823312500000000","properties":{"id":"1969192756201823312500000000","pnu":"1221012200100550086","purpose":"단독주택"},"geometry":{"type":"MultiPolygon","coordinates":[[[[126.921405,35.140161],[126.92145,35.14011],[126.921242,35.139995],[126.921197,35.140048],[126.921405,35.140161]]]]}},{"type":"Feature","id":"1969192919171828071400000000","properties":{"id":"1969192919171828071400000000","pnu":"1221011800100940013","purpose":"단독주택","floors":1,"structure":"일반목구조"},"geometry":{"type":"MultiPolygon","coordinates":[[[[126.923096,35.144432],[126.923163,35.144342],[126.923101,35.144307],[126.92308,35.144338],[126.923097,35.144346],[126.923054,35.144408],[126.923096,35.144432]]]]}},{"type":"Feature","id":"1969192929241829156800000000","properties":{"id":"1969192929241829156800000000","pnu":"1221011800100300003","year":1969,"purpose":"단독주택"},"geometry":{"type":"MultiPolygon","coordinates":[[[[126.923292,35.145388],[126.923193,35.145278],[126.923138,35.145301],[126.923244,35.145422],[126.923292,35.145388]]]]}},{"type":"Feature","id":"1969192956661831423700000000","properties":{"id":"1969192956661831423700000000","pnu":"1221011800100410005","purpose":"단독주택","floors":1,"structure":"벽돌구조"},"geometry":{"type":"MultiPolygon","coordinates":[[[[126.923583,35.147403],[126.92352,35.147334],[126.923448,35.147379],[126.923511,35.147448],[126.923583,35.147403]]]]}},{"type":"Feature","id":"1969192995631826888300000000","properties":{"id":"1969192995631826888300000000","pnu":"1221011800104700030","purpose":"단독주택"},"geometry":{"type":"MultiPolygon","coordinates":[[[[126.923897,35.143361],[126.924032,35.143302],[126.923998,35.143246],[126.923862,35.143303],[126.923897,35.143361]]]]}},{"type":"Feature","id":"1969193028001821610100000000","properties":{"id":"1969193028001821610100000000","pnu":"1221012200100440003","year":1969,"purpose":"단독주택"},"geometry":{"type":"MultiPolygon","coordinates":[[[[126.924326,35.138588],[126.924364,35.138556],[126.924286,35.138504],[126.92425,35.138534],[126.924326,35.138588]]]]}},{"type":"Feature","id":"1969193038141829811600000000","properties":{"id":"1969193038141829811600000000","pnu":"1221011800100170019","year":1969,"purpose":"단독주택","floors":1,"structure":"일반목구조"},"geometry":{"type":"MultiPolygon","coordinates":[[[[126.924397,35.145981],[126.924467,35.14594],[126.924426,35.145897],[126.924355,35.145936],[126.924397,35.145981]]]]}},{"type":"Feature","id":"1969193063761830169100000000","properties":{"id":"1969193063761830169100000000","pnu":"1221011800100170001","year":1969,"purpose":"단독주택"},"geometry":{"type":"MultiPolygon","coordinates":[[[[126.924632,35.146327],[126.924781,35.146233],[126.924749,35.146194],[126.924601,35.146292],[126.924632,35.146327]]]]}},{"type":"Feature","id":"1969193109351827598100000000","properties":{"id":"1969193109351827598100000000","pnu":"1221011800104660007","year":1969,"purpose":"단독주택","floors":1,"structure":"일반목구조"},"geometry":{"type":"MultiPolygon","coordinates":[[[[126.925182,35.143977],[126.925237,35.143947],[126.925207,35.143909],[126.925151,35.143943],[126.925182,35.143977]]]]}},{"type":"Feature","id":"1969193117801827586000000000","properties":{"id":"1969193117801827586000000000","pnu":"1221011800104660008","year":1969,"purpose":"단독주택"},"geometry":{"type":"MultiPolygon","coordinates":[[[[126.925292,35.143975],[126.925331,35.143955],[126.925279,35.143888],[126.925254,35.143901],[126.92526,35.14394],[126.925292,35.143975]]]]}},{"type":"Feature","id":"1969193118041828370300000000","properties":{"id":"1969193118041828370300000000","pnu":"1221011800104350014","year":1969,"purpose":"단독주택"},"geometry":{"type":"MultiPolygon","coordinates":[[[[126.925305,35.14467],[126.925327,35.144645],[126.925272,35.14461],[126.925251,35.144634],[126.925305,35.14467]]]]}},{"type":"Feature","id":"1969193128361829157300000000","properties":{"id":"1969193128361829157300000000","pnu":"1221011800100210021","year":1969,"purpose":"단독주택","floors":1,"structure":"일반목구조"},"geometry":{"type":"MultiPolygon","coordinates":[[[[126.925416,35.145399],[126.92545,35.145378],[126.925389,35.1453],[126.925352,35.145321],[126.925416,35.145399]]]]}},{"type":"Feature","id":"1969193129411828410600000000","properties":{"id":"1969193129411828410600000000","pnu":"1221011800104350014","year":1969,"purpose":"단독주택"},"geometry":{"type":"MultiPolygon","coordinates":[[[[126.925387,35.14472],[126.925472,35.144684],[126.925438,35.144632],[126.925357,35.144668],[126.925387,35.14472]]]]}},{"type":"Feature","id":"1969193133911829084500000000","properties":{"id":"1969193133911829084500000000","pnu":"1221011800100210025","purpose":"기타","structure":"벽돌구조"},"geometry":{"type":"MultiPolygon","coordinates":[[[[126.92545,35.145316],[126.925502,35.14528],[126.92548,35.145253],[126.925423,35.145284],[126.92545,35.145316]]]]}},{"type":"Feature","id":"1969193136701828343700000000","properties":{"id":"1969193136701828343700000000","pnu":"1221011800104350007","purpose":"단독주택","floors":1,"structure":"일반목구조"},"geometry":{"type":"MultiPolygon","coordinates":[[[[126.9255,35.144665],[126.925544,35.14464],[126.925488,35.144568],[126.925443,35.144589],[126.9255,35.144665]]]]}},{"type":"Feature","id":"1969193139131829135500000000","properties":{"id":"1969193139131829135500000000","pnu":"1221011800100210025","year":1969,"purpose":"단독주택","floors":1,"structure":"벽돌구조"},"geometry":{"type":"MultiPolygon","coordinates":[[[[126.925498,35.145376],[126.92558,35.145334],[126.925543,35.145286],[126.925461,35.145321],[126.925498,35.145376]]]]}},{"type":"Feature","id":"1969193153661831678000000000","properties":{"id":"1969193153661831678000000000","pnu":"1221010800101390014","year":1969,"purpose":"단독주택","far":54.48,"floors":1,"structure":"일반목구조"},"geometry":{"type":"MultiPolygon","coordinates":[[[[126.925711,35.147671],[126.925732,35.147649],[126.925689,35.147617],[126.925703,35.147586],[126.92568,35.147568],[126.925619,35.147622],[126.925711,35.147671]]]]}},{"type":"Feature","id":"1969193156201828975500000000","properties":{"id":"1969193156201828975500000000","pnu":"1221011800100210034","year":1969,"purpose":"단독주택","floors":1,"structure":"벽돌구조"},"geometry":{"type":"MultiPolygon","coordinates":[[[[126.925715,35.145223],[126.92575,35.145196],[126.9257,35.14515],[126.925663,35.145171],[126.925715,35.145223]]]]}},{"type":"Feature","id":"1969193157211828395900000000","properties":{"id":"1969193157211828395900000000","pnu":"1221011800104360001","purpose":"제1종 근린생활시설","floors":1,"structure":"벽돌구조"},"geometry":{"type":"MultiPolygon","coordinates":[[[[126.92571,35.1447],[126.925762,35.144674],[126.925731,35.144627],[126.925675,35.144652],[126.92571,35.1447]]]]}},{"type":"Feature","id":"1969193157761831736800000000","properties":{"id":"1969193157761831736800000000","pnu":"1221010800101390014","purpose":"기타","structure":"블록구조"},"geometry":{"type":"MultiPolygon","coordinates":[[[[126.925722,35.147679],[126.925723,35.147679],[126.925724,35.147679],[126.925725,35.147678],[126.925726,35.147678],[126.925726,35.147677],[126.925727,35.147677],[126.925727,35.147676],[126.925728,35.147675],[126.925728,35.147675],[126.925728,35.147674],[126.925727,35.147673],[126.925727,35.147672],[126.925726,35.147672],[126.925726,35.147671],[126.925725,35.147671],[126.925724,35.14767],[126.925723,35.14767],[126.925722,35.14767],[126.925721,35.14767],[126.92572,35.14767],[126.925719,35.147671],[126.925719,35.147671],[126.925718,35.147672],[126.925717,35.147672],[126.925717,35.147673],[126.925717,35.147674],[126.925717,35.147675],[126.925717,35.147675],[126.925717,35.147676],[126.925717,35.147677],[126.925718,35.147677],[126.925719,35.147678],[126.925719,35.147678],[126.92572,35.147679],[126.925721,35.147679],[126.925722,35.147679]]]]}},{"type":"Feature","id":"1969193159951831682100000000","properties":{"id":"1969193159951831682100000000","pnu":"1221010800101390014","purpose":"기타","structure":"블록구조"},"geometry":{"type":"MultiPolygon","coordinates":[[[[126.92578,35.147665],[126.9258,35.147639],[126.925713,35.147585],[126.925694,35.147614],[126.92578,35.147665]]]]}},{"type":"Feature","id":"1969193163371831640000000000","properties":{"id":"1969193163371831640000000000","pnu":"1221010800101390019","purpose":"단독주택","floors":1,"structure":"일반목구조"},"geometry":{"type":"MultiPolygon","coordinates":[[[[126.92582,35.14764],[126.925851,35.147597],[126.925751,35.147535],[126.925716,35.147578],[126.92582,35.14764]]]]}},{"type":"Feature","id":"1969193165911829717000000000","properties":{"id":"1969193165911829717000000000","pnu":"1221011800100080009","purpose":"단독주택","floors":2,"structure":"벽돌구조"},"geometry":{"type":"MultiPolygon","coordinates":[[[[126.925848,35.145909],[126.925882,35.145868],[126.92578,35.145797],[126.925746,35.145845],[126.925848,35.145909]]]]}},{"type":"Feature","id":"1969193167221829634300000000","properties":{"id":"1969193167221829634300000000","pnu":"1221011800100080009","purpose":"기타","structure":"벽돌구조"},"geometry":{"type":"MultiPolygon","coordinates":[[[[126.925863,35.145799],[126.925829,35.145743],[126.92579,35.145771],[126.925832,35.145812],[126.925863,35.145799]]]]}},{"type":"Feature","id":"1969193180941821172700000000","properties":{"id":"1969193180941821172700000000","pnu":"1221012200105930008","purpose":"단독주택","floors":1,"structure":"블록구조"},"geometry":{"type":"MultiPolygon","coordinates":[[[[126.925983,35.138201],[126.926033,35.138133],[126.925978,35.138104],[126.925956,35.138138],[126.925966,35.138149],[126.925941,35.138185],[126.925983,35.138201]]]]}},{"type":"Feature","id":"1969193199331831128900000000","properties":{"id":"1969193199331831128900000000","pnu":"1221010800101390002","year":1969,"purpose":"기타"},"geometry":{"type":"MultiPolygon","coordinates":[[[[126.926186,35.147161],[126.926215,35.147139],[126.926171,35.147092],[126.926143,35.147116],[126.926186,35.147161]]]]}},{"type":"Feature","id":"1969193318641829011900000000","properties":{"id":"1969193318641829011900000000","pnu":"1221011800104260003","purpose":"제1종 근린생활시설","floors":1,"structure":"일반목구조"},"geometry":{"type":"MultiPolygon","coordinates":[[[[126.927484,35.145265],[126.927535,35.145239],[126.92749,35.145173],[126.927448,35.145197],[126.927484,35.145265]]]]}},{"type":"Feature","id":"1969193333061829190700000000","properties":{"id":"1969193333061829190700000000","pnu":"1221011800104260001","purpose":"단독주택","floors":1,"structure":"일반목구조"},"geometry":{"type":"MultiPolygon","coordinates":[[[[126.927652,35.145433],[126.927715,35.145372],[126.927669,35.145331],[126.927619,35.145366],[126.927597,35.145353],[126.927574,35.145378],[126.927652,35.145433]]]]}},{"type":"Feature","id":"1969193395891829638800000000","properties":{"id":"1969193395891829638800000000","pnu":"1221011100105140008","year":1969,"purpose":"단독주택"},"geometry":{"type":"MultiPolygon","coordinates":[[[[126.928322,35.145835],[126.928398,35.145772],[126.92835,35.145735],[126.928277,35.145798],[126.928322,35.145835]]]]}},{"type":"Feature","id":"1969193398891829548700000000","properties":{"id":"1969193398891829548700000000","pnu":"1221011100105140008","year":1969,"purpose":"단독주택"},"geometry":{"type":"MultiPolygon","coordinates":[[[[126.928392,35.14574],[126.92842,35.145697],[126.928347,35.145669],[126.928319,35.145709],[126.928392,35.14574]]]]}},{"type":"Feature","id":"1969193399471829900700000000","properties":{"id":"1969193399471829900700000000","pnu":"1221011100105170036","year":1969,"purpose":"기타"},"geometry":{"type":"MultiPolygon","coordinates":[[[[126.928382,35.145896],[126.928247,35.146083],[126.928367,35.146146],[126.928506,35.145962],[126.928382,35.145896]]]]}},{"type":"Feature","id":"1969193447201832047000000000","properties":{"id":"1969193447201832047000000000","pnu":"1221010800101010023","purpose":"기타","structure":"벽돌구조"},"geometry":{"type":"MultiPolygon","coordinates":[[[[126.928918,35.147973],[126.928917,35.147937],[126.928888,35.147938],[126.928871,35.147971],[126.928918,35.147973]]]]}},{"type":"Feature","id":"1970192556661824459300000000","properties":{"id":"1970192556661824459300000000","pnu":"1221012200100990004","year":1970,"purpose":"단독주택","floors":1,"structure":"일반목구조"},"geometry":{"type":"MultiPolygon","coordinates":[[[[126.919165,35.141158],[126.919191,35.141125],[126.9191,35.141065],[126.919072,35.141092],[126.919165,35.141158]]]]}},{"type":"Feature","id":"1970192566481823764000000000","properties":{"id":"1970192566481823764000000000","pnu":"1221012200100950006","year":1970,"purpose":"단독주택","floors":1,"structure":"벽돌구조"},"geometry":{"type":"MultiPolygon","coordinates":[[[[126.919266,35.140558],[126.919322,35.14051],[126.919221,35.140411],[126.919157,35.140459],[126.919266,35.140558]]]]}},{"type":"Feature","id":"1970192599761826924000000000","properties":{"id":"1970192599761826924000000000","pnu":"1221011200101320004","purpose":"기타"},"geometry":{"type":"MultiPolygon","coordinates":[[[[126.919579,35.143384],[126.919601,35.143374],[126.919654,35.143317],[126.919598,35.143288],[126.919566,35.143327],[126.919579,35.143384]]]]}},{"type":"Feature","id":"1970192605941826962900000000","properties":{"id":"1970192605941826962900000000","pnu":"1221011200101320004","year":1970,"purpose":"단독주택"},"geometry":{"type":"MultiPolygon","coordinates":[[[[126.91965,35.14343],[126.919746,35.143339],[126.91969,35.143309],[126.919598,35.143389],[126.91965,35.14343]]]]}},{"type":"Feature","id":"1970192641401823334900000000","properties":{"id":"1970192641401823334900000000","pnu":"1221012200100550021","year":1970,"purpose":"단독주택"},"geometry":{"type":"MultiPolygon","coordinates":[[[[126.920057,35.140149],[126.920122,35.140106],[126.92007,35.140048],[126.920004,35.140087],[126.920057,35.140149]]]]}},{"type":"Feature","id":"1970192672971823049700000000","properties":{"id":"1970192672971823049700000000","pnu":"1221012200100550025","year":1970,"purpose":"숙박시설","floors":2,"structure":"철근콘크리트구조"},"geometry":{"type":"MultiPolygon","coordinates":[[[[126.920414,35.139918],[126.920519,35.139849],[126.920444,35.139802],[126.920383,35.139771],[126.920306,35.139816],[126.920414,35.139918]]]]}},{"type":"Feature","id":"1970192780811822970600000000","properties":{"id":"1970192780811822970600000000","pnu":"1221012200100560002","purpose":"단독주택"},"geometry":{"type":"MultiPolygon","coordinates":[[[[126.921698,35.139891],[126.921607,35.139686],[126.921559,35.139623],[126.921483,35.13965],[126.92153,35.139734],[126.921608,35.139917],[126.921698,35.139891]]]]}},{"type":"Feature","id":"1970192806151827998800000000","properties":{"id":"1970192806151827998800000000","pnu":"1221011800101110003","year":1970,"purpose":"단독주택","far":79.82,"floors":1,"structure":"벽돌구조"},"geometry":{"type":"MultiPolygon","coordinates":[[[[126.921814,35.14434],[126.921879,35.144359],[126.92192,35.144265],[126.921854,35.144246],[126.921814,35.14434]]]]}},{"type":"Feature","id":"1970192834131828003400000000","properties":{"id":"1970192834131828003400000000","pnu":"1221011800101160001","year":1970,"purpose":"단독주택","floors":1,"structure":"일반목구조"},"geometry":{"type":"MultiPolygon","coordinates":[[[[126.922195,35.144359],[126.922252,35.144298],[126.92221,35.144273],[126.922193,35.14429],[126.922129,35.14426],[126.922097,35.144304],[126.922195,35.144359]]]]}},{"type":"Feature","id":"1970192990741827586500000000","properties":{"id":"1970192990741827586500000000","pnu":"1221011800100960003","year":1970,"purpose":"제1종 근린생활시설"},"geometry":{"type":"MultiPolygon","coordinates":[[[[126.923973,35.144006],[126.924004,35.143959],[126.923977,35.143942],[126.923982,35.143926],[126.923816,35.143858],[126.923783,35.143929],[126.923973,35.144006]]]]}},{"type":"Feature","id":"1970192990811829502300000000","properties":{"id":"1970192990811829502300000000","pnu":"1221011800100270009","year":1970,"purpose":"단독주택"},"geometry":{"type":"MultiPolygon","coordinates":[[[[126.923932,35.145724],[126.923953,35.145605],[126.923921,35.145599],[126.92388,35.145611],[126.923841,35.145632],[126.923813,35.145686],[126.923932,35.145724]]]]}},{"type":"Feature","id":"1970193013001829330800000000","properties":{"id":"1970193013001829330800000000","pnu":"1221011800100180002","year":1970,"purpose":"단독주택"},"geometry":{"type":"MultiPolygon","coordinates":[[[[126.924157,35.145549],[126.924169,35.145465],[126.924112,35.14546],[126.924105,35.145548],[126.924157,35.145549]]]]}},{"type":"Feature","id":"1970193058361827886200000000","properties":{"id":"1970193058361827886200000000","pnu":"1221011800104680026","year":1970,"purpose":"단독주택","floors":1,"structure":"일반목구조"},"geometry":{"type":"MultiPolygon","coordinates":[[[[126.924641,35.144258],[126.924711,35.14421],[126.924674,35.144177],[126.924658,35.144189],[126.924603,35.14415],[126.924562,35.144185],[126.924641,35.144258]]]]}},{"type":"Feature","id":"1970193194901830413900000000","properties":{"id":"1970193194901830413900000000","pnu":"1221011800100110008","purpose":"기타"},"geometry":{"type":"MultiPolygon","coordinates":[[[[126.926162,35.146481],[126.926145,35.14646],[126.9261,35.146483],[126.926117,35.146505],[126.926162,35.146481]]]]}},{"type":"Feature","id":"1970193196081830491400000000","properties":{"id":"1970193196081830491400000000","pnu":"1221011800100110008","purpose":"단독주택"},"geometry":{"type":"MultiPolygon","coordinates":[[[[126.926104,35.146614],[126.926228,35.146546],[126.926184,35.146491],[126.926059,35.146559],[126.926104,35.146614]]]]}},{"type":"Feature","id":"1970193232741829905300000000","properties":{"id":"1970193232741829905300000000","pnu":"1221011800100060021","year":1970,"purpose":"단독주택"},"geometry":{"type":"MultiPolygon","coordinates":[[[[126.926561,35.146063],[126.926599,35.146029],[126.92653,35.145985],[126.926495,35.14602],[126.926561,35.146063]]]]}},{"type":"Feature","id":"1970193259371830667400000000","properties":{"id":"1970193259371830667400000000","pnu":"1221010800101380009","year":1970,"purpose":"단독주택"},"geometry":{"type":"MultiPolygon","coordinates":[[[[126.926795,35.146761],[126.926913,35.146709],[126.926889,35.146664],[126.926763,35.146709],[126.926795,35.146761]]]]}},{"type":"Feature","id":"1970193301581829781600000000","properties":{"id":"1970193301581829781600000000","pnu":"1221011800100010003","purpose":"제1종 근린생활시설","floors":1,"structure":"블록구조"},"geometry":{"type":"MultiPolygon","coordinates":[[[[126.927308,35.145877],[126.927254,35.145911],[126.927299,35.145954],[126.927349,35.145906],[126.927308,35.145877]]]]}},{"type":"Feature","id":"1970193306461829837300000000","properties":{"id":"1970193306461829837300000000","pnu":"1221011800100010003","purpose":"제1종 근린생활시설","far":120,"floors":2,"structure":"일반목구조"},"geometry":{"type":"MultiPolygon","coordinates":[[[[126.927351,35.146019],[126.927411,35.145953],[126.927357,35.145913],[126.927302,35.145963],[126.927351,35.146019]]]]}},{"type":"Feature","id":"1970193365451829753000000000","properties":{"id":"1970193365451829753000000000","pnu":"1221011100105140014","purpose":"기타","structure":"블록구조"},"geometry":{"type":"MultiPolygon","coordinates":[[[[126.928021,35.145926],[126.928048,35.145904],[126.927974,35.145849],[126.927958,35.145862],[126.928021,35.145926]]]]}},{"type":"Feature","id":"1970193367731829697000000000","properties":{"id":"1970193367731829697000000000","pnu":"1221011100105140014","year":1970,"purpose":"단독주택","floors":1,"structure":"일반목구조"},"geometry":{"type":"MultiPolygon","coordinates":[[[[126.928061,35.145904],[126.928106,35.145861],[126.927996,35.145774],[126.927947,35.145808],[126.928061,35.145904]]]]}},{"type":"Feature","id":"1970193378531829817200000000","properties":{"id":"1970193378531829817200000000","pnu":"1221011100105140000","year":1970,"purpose":"단독주택"},"geometry":{"type":"MultiPolygon","coordinates":[[[[126.928172,35.145905],[126.928085,35.145943],[126.928117,35.145987],[126.928211,35.145946],[126.928172,35.145905]]]]}},{"type":"Feature","id":"1970193383081829893400000000","properties":{"id":"1970193383081829893400000000","pnu":"1221011100105140000","year":1970,"purpose":"단독주택"},"geometry":{"type":"MultiPolygon","coordinates":[[[[126.928152,35.146065],[126.928266,35.146008],[126.928241,35.145964],[126.928127,35.14602],[126.928152,35.146065]]]]}},{"type":"Feature","id":"1970193456341830857200000000","properties":{"id":"1970193456341830857200000000","pnu":"1221011100105230003","year":1970,"purpose":"단독주택"},"geometry":{"type":"MultiPolygon","coordinates":[[[[126.928996,35.146941],[126.929058,35.146858],[126.928996,35.146826],[126.928977,35.146852],[126.928984,35.146859],[126.928941,35.146913],[126.928996,35.146941]]]]}},{"type":"Feature","id":"1971192586181826300600000000","properties":{"id":"1971192586181826300600000000","pnu":"1221011400101710001","year":1971,"purpose":"단독주택","floors":1,"structure":"일반목구조"},"geometry":{"type":"MultiPolygon","coordinates":[[[[126.919471,35.142841],[126.919497,35.142791],[126.919481,35.142785],[126.919517,35.142724],[126.919459,35.142698],[126.919384,35.142801],[126.919471,35.142841]]]]}},{"type":"Feature","id":"1971192593411826338700000000","properties":{"id":"1971192593411826338700000000","pnu":"1221011400101710003","year":1971,"purpose":"단독주택","floors":1,"structure":"일반목구조"},"geometry":{"type":"MultiPolygon","coordinates":[[[[126.91953,35.142871],[126.919592,35.142756],[126.919544,35.142738],[126.919473,35.142848],[126.91953,35.142871]]]]}},{"type":"Feature","id":"1971192628211823329300000000","properties":{"id":"1971192628211823329300000000","pnu":"1221012200100550056","year":1971,"purpose":"단독주택","floors":1,"structure":"벽돌구조"},"geometry":{"type":"MultiPolygon","coordinates":[[[[126.919894,35.140137],[126.919978,35.140085],[126.919942,35.140049],[126.919859,35.140099],[126.919894,35.140137]]]]}},{"type":"Feature","id":"1971192630621823414500000000","properties":{"id":"1971192630621823414500000000","pnu":"1221012200100550020","year":1971,"purpose":"단독주택"},"geometry":{"type":"MultiPolygon","coordinates":[[[[126.919891,35.140225],[126.92002,35.140163],[126.919987,35.140115],[126.919876,35.140175],[126.919891,35.140225]]]]}},{"type":"Feature","id":"1971192663221823120600000000","properties":{"id":"1971192663221823120600000000","pnu":"1221012200100550024","year":1971,"purpose":"숙박시설","floors":3,"structure":"벽돌구조"},"geometry":{"type":"MultiPolygon","coordinates":[[[[126.920308,35.139975],[126.920385,35.139928],[126.920297,35.139834],[126.920221,35.139883],[126.920308,35.139975]]]]}},{"type":"Feature","id":"1971192669111821945500000000","properties":{"id":"1971192669111821945500000000","pnu":"1221012200100810010","year":1971,"purpose":"제1종 근린생활시설","floors":1,"structure":"블록구조"},"geometry":{"type":"MultiPolygon","coordinates":[[[[126.920449,35.138855],[126.920318,35.13879],[126.92029,35.138835],[126.920412,35.138901],[126.920449,35.138855]]]]}},{"type":"Feature","id":"1971192677631821879100000000","properties":{"id":"1971192677631821879100000000","pnu":"1221012200100810010","year":1971,"purpose":"제1종 근린생활시설","floors":1,"structure":"블록구조"},"geometry":{"type":"MultiPolygon","coordinates":[[[[126.920537,35.138871],[126.920566,35.138839],[126.920389,35.138702],[126.920356,35.138731],[126.920537,35.138871]]]]}},{"type":"Feature","id":"1971192678581822004900000000","properties":{"id":"1971192678581822004900000000","pnu":"1221012200100810010","year":1971,"purpose":"제1종 근린생활시설","floors":1,"structure":"블록구조"},"geometry":{"type":"MultiPolygon","coordinates":[[[[126.920528,35.138885],[126.920497,35.138856],[126.920417,35.138913],[126.920448,35.138943],[126.920528,35.138885]]]]}},{"type":"Feature","id":"1971192688521825205600000000","properties":{"id":"1971192688521825205600000000","pnu":"1221012200101120002","year":1971,"purpose":"단독주택"},"geometry":{"type":"MultiPolygon","coordinates":[[[[126.920588,35.141834],[126.920617,35.141777],[126.920607,35.141774],[126.92062,35.141749],[126.920573,35.141733],[126.920531,35.141814],[126.920588,35.141834]]]]}},{"type":"Feature","id":"1971192698361821844900000000","properties":{"id":"1971192698361821844900000000","pnu":"1221012200100810015","year":1971,"purpose":"단독주택"},"geometry":{"type":"MultiPolygon","coordinates":[[[[126.920687,35.138793],[126.920734,35.138753],[126.920693,35.138719],[126.920645,35.138754],[126.920687,35.138793]]]]}},{"type":"Feature","id":"1971192701421825299100000000","properties":{"id":"1971192701421825299100000000","pnu":"1221012200101120002","year":1971,"purpose":"제1종 근린생활시설"},"geometry":{"type":"MultiPolygon","coordinates":[[[[126.920734,35.141942],[126.920805,35.141847],[126.920709,35.141795],[126.920633,35.141889],[126.920734,35.141942]]]]}},{"type":"Feature","id":"1971192708861821942200000000","properties":{"id":"1971192708861821942200000000","pnu":"1221012200100810015","year":1971,"purpose":"단독주택"},"geometry":{"type":"MultiPolygon","coordinates":[[[[126.920861,35.138925],[126.920902,35.138888],[126.920751,35.138763],[126.920704,35.138795],[126.920861,35.138925]]]]}},{"type":"Feature","id":"1971192710101821827900000000","properties":{"id":"1971192710101821827900000000","pnu":"1221012200100810015","year":1971,"purpose":"단독주택"},"geometry":{"type":"MultiPolygon","coordinates":[[[[126.920859,35.138799],[126.920889,35.138767],[126.920778,35.138683],[126.920744,35.138707],[126.920859,35.138799]]]]}},{"type":"Feature","id":"1971192739441824170100000000","properties":{"id":"1971192739441824170100000000","pnu":"1221012200100680004","year":1971,"purpose":"제2종 근린생활시설","far":42,"floors":1,"structure":"일반목구조"},"geometry":{"type":"MultiPolygon","coordinates":[[[[126.921171,35.140925],[126.92124,35.140843],[126.921189,35.140812],[126.921176,35.140825],[126.921084,35.140784],[126.921038,35.140846],[126.921171,35.140925]]]]}},{"type":"Feature","id":"1971192752051827133000000000","properties":{"id":"1971192752051827133000000000","pnu":"1221011200100850000","year":1971,"purpose":"단독주택","floors":2,"structure":"벽돌구조"},"geometry":{"type":"MultiPolygon","coordinates":[[[[126.921315,35.14357],[126.921338,35.143521],[126.921277,35.143496],[126.921278,35.143488],[126.921232,35.143473],[126.921214,35.143528],[126.921315,35.14357]]]]}},{"type":"Feature","id":"1971192802581828671200000000","properties":{"id":"1971192802581828671200000000","pnu":"1221011800100870000","year":1971,"purpose":"단독주택","floors":1,"structure":"일반목구조"},"geometry":{"type":"MultiPolygon","coordinates":[[[[126.921857,35.144951],[126.921893,35.144897],[126.92184,35.144876],[126.921832,35.144895],[126.921772,35.144875],[126.921758,35.144909],[126.921857,35.144951]]]]}},{"type":"Feature","id":"1971192882791830684000000000","properties":{"id":"1971192882791830684000000000","pnu":"1221011800100420016","year":1971,"purpose":"제2종 근린생활시설","far":59.56,"floors":1,"structure":"일반목구조"},"geometry":{"type":"MultiPolygon","coordinates":[[[[126.922718,35.146781],[126.922781,35.14674],[126.922689,35.146663],[126.922633,35.146712],[126.922718,35.146781]]]]}},{"type":"Feature","id":"1971192888661830747900000000","properties":{"id":"1971192888661830747900000000","pnu":"1221011800100420016","purpose":"기타","structure":"벽돌구조"},"geometry":{"type":"MultiPolygon","coordinates":[[[[126.922756,35.146808],[126.922805,35.146771],[126.922783,35.146754],[126.922734,35.146793],[126.922756,35.146808]]]]}},{"type":"Feature","id":"1971193034281821993000000000","properties":{"id":"1971193034281821993000000000","pnu":"1221012200100280021","year":1971,"purpose":"단독주택"},"geometry":{"type":"MultiPolygon","coordinates":[[[[126.924365,35.13893],[126.92442,35.138878],[126.924384,35.138854],[126.924332,35.138903],[126.924365,35.13893]]]]}},{"type":"Feature","id":"1971193035831822077100000000","properties":{"id":"1971193035831822077100000000","pnu":"1221012200100280021","year":1971,"purpose":"단독주택"},"geometry":{"type":"MultiPolygon","coordinates":[[[[126.924349,35.139001],[126.924443,35.138991],[126.924429,35.138929],[126.924381,35.138932],[126.92438,35.138945],[126.924339,35.138952],[126.924349,35.139001]]]]}},{"type":"Feature","id":"1971193043601822065000000000","properties":{"id":"1971193043601822065000000000","pnu":"1221012200100280003","year":1971,"purpose":"단독주택"},"geometry":{"type":"MultiPolygon","coordinates":[[[[126.924448,35.138993],[126.924525,35.138984],[126.92452,35.138938],[126.92448,35.138937],[126.924471,35.138912],[126.924437,35.138913],[126.924448,35.138993]]]]}},{"type":"Feature","id":"1971193064321827820200000000","properties":{"id":"1971193064321827820200000000","pnu":"1221011800104680028","year":1971,"purpose":"제2종 근린생활시설","far":40.07,"floors":1,"structure":"일반목구조"},"geometry":{"type":"MultiPolygon","coordinates":[[[[126.924717,35.144192],[126.924757,35.144156],[126.924681,35.144095],[126.924643,35.144129],[126.924717,35.144192]]]]}},{"type":"Feature","id":"1971193073921827797800000000","properties":{"id":"1971193073921827797800000000","pnu":"1221011800104680012","year":1971,"purpose":"제2종 근린생활시설","floors":1,"structure":"블록구조"},"geometry":{"type":"MultiPolygon","coordinates":[[[[126.924805,35.144128],[126.924806,35.144128],[126.924807,35.144128],[126.924808,35.144127],[126.924809,35.144127],[126.92481,35.144126],[126.92481,35.144126],[126.924811,35.144125],[126.924811,35.144124],[126.924811,35.144124],[126.924811,35.144123],[126.924811,35.144122],[126.92481,35.144121],[126.92481,35.144121],[126.924809,35.14412],[126.924808,35.14412],[126.924807,35.144119],[126.924806,35.144119],[126.924805,35.144119],[126.924804,35.144119],[126.924804,35.144119],[126.924803,35.14412],[126.924802,35.14412],[126.924801,35.144121],[126.924801,35.144121],[126.9248,35.144122],[126.9248,35.144123],[126.9248,35.144123],[126.9248,35.144124],[126.9248,35.144125],[126.924801,35.144126],[126.924801,35.144126],[126.924802,35.144127],[126.924803,35.144127],[126.924804,35.144128],[126.924804,35.144128],[126.924805,35.144128]]]]}},{"type":"Feature","id":"1971193076761829224800000000","properties":{"id":"1971193076761829224800000000","pnu":"1221011800100200016","year":1971,"purpose":"단독주택","floors":1,"structure":"일반목구조"},"geometry":{"type":"MultiPolygon","coordinates":[[[[126.924843,35.145464],[126.924894,35.145434],[126.924849,35.14539],[126.924865,35.145374],[126.924841,35.145352],[126.924776,35.145398],[126.924843,35.145464]]]]}},{"type":"Feature","id":"1971193083051829306800000000","properties":{"id":"1971193083051829306800000000","pnu":"1221011800100200014","purpose":"기타","structure":"블록구조"},"geometry":{"type":"MultiPolygon","coordinates":[[[[126.924904,35.145488],[126.924905,35.145488],[126.924906,35.145488],[126.924907,35.145488],[126.924908,35.145487],[126.924909,35.145487],[126.924909,35.145486],[126.924909,35.145485],[126.92491,35.145485],[126.92491,35.145484],[126.92491,35.145483],[126.92491,35.145482],[126.924909,35.145481],[126.924909,35.145481],[126.924908,35.14548],[126.924907,35.14548],[126.924906,35.145479],[126.924905,35.145479],[126.924904,35.145479],[126.924903,35.145479],[126.924902,35.145479],[126.924902,35.14548],[126.924901,35.14548],[126.9249,35.145481],[126.9249,35.145481],[126.924899,35.145482],[126.924899,35.145483],[126.924899,35.145484],[126.924899,35.145484],[126.924899,35.145485],[126.9249,35.145486],[126.9249,35.145487],[126.924901,35.145487],[126.924902,35.145488],[126.924902,35.145488],[126.924903,35.145488],[126.924904,35.145488]]]]}},{"type":"Feature","id":"1971193086571829455400000000","properties":{"id":"1971193086571829455400000000","pnu":"1221011800100200012","year":1971,"purpose":"단독주택"},"geometry":{"type":"MultiPolygon","coordinates":[[[[126.924945,35.145677],[126.924995,35.145649],[126.924957,35.145597],[126.924971,35.145583],[126.924951,35.145561],[126.924889,35.14559],[126.924945,35.145677]]]]}},{"type":"Feature","id":"1971193238411830010100000000","properties":{"id":"1971193238411830010100000000","pnu":"1221011800100060008","year":1971,"purpose":"단독주택"},"geometry":{"type":"MultiPolygon","coordinates":[[[[126.926622,35.146165],[126.92666,35.146109],[126.926611,35.146079],[126.926597,35.146095],[126.926578,35.146086],[126.926555,35.14612],[126.926622,35.146165]]]]}},{"type":"Feature","id":"1971193336051828799300000000","properties":{"id":"1971193336051828799300000000","pnu":"1221011800104230019","year":1971,"purpose":"단독주택"},"geometry":{"type":"MultiPolygon","coordinates":[[[[126.927639,35.145071],[126.927754,35.145027],[126.92772,35.144987],[126.927613,35.145025],[126.927639,35.145071]]]]}},{"type":"Feature","id":"1972192555001824054800000000","properties":{"id":"1972192555001824054800000000","pnu":"1221012200100960000","year":1972,"purpose":"기타","floors":1,"structure":"벽돌구조"},"geometry":{"type":"MultiPolygon","coordinates":[[[[126.919104,35.14078],[126.919152,35.140735],[126.919125,35.140713],[126.919077,35.140755],[126.919104,35.14078]]]]}},{"type":"Feature","id":"1972192579991827644000000000","properties":{"id":"1972192579991827644000000000","pnu":"1221011200101620001","purpose":"단독주택","structure":"벽돌구조"},"geometry":{"type":"MultiPolygon","coordinates":[[[[126.919418,35.144011],[126.919434,35.143986],[126.919354,35.143952],[126.919336,35.143976],[126.919418,35.144011]]]]}},{"type":"Feature","id":"1972192753581829165000000000","properties":{"id":"1972192753581829165000000000","pnu":"1221011800100740001","year":1972,"purpose":"제2종 근린생활시설"},"geometry":{"type":"MultiPolygon","coordinates":[[[[126.921182,35.145379],[126.921338,35.145443],[126.92138,35.145343],[126.921324,35.145319],[126.921344,35.145285],[126.921278,35.145258],[126.921182,35.145379]]]]}},{"type":"Feature","id":"1972192793731826684000000000","properties":{"id":"1972192793731826684000000000","pnu":"1221011200100700013","year":1972,"purpose":"단독주택"},"geometry":{"type":"MultiPolygon","coordinates":[[[[126.921672,35.143134],[126.921764,35.143162],[126.921792,35.143102],[126.921699,35.143073],[126.921672,35.143134]]]]}},{"type":"Feature","id":"1972192796141826612200000000","properties":{"id":"1972192796141826612200000000","pnu":"1221011200100700013","year":1972,"purpose":"제1종 근린생활시설"},"geometry":{"type":"MultiPolygon","coordinates":[[[[126.921808,35.143046],[126.921732,35.143017],[126.921708,35.14306],[126.921785,35.143088],[126.921808,35.143046]]]]}},{"type":"Feature","id":"1972192864101828876600000000","properties":{"id":"1972192864101828876600000000","pnu":"1221011800100910018","year":1972,"purpose":"제2종 근린생활시설","floors":1,"structure":"일반목구조"},"geometry":{"type":"MultiPolygon","coordinates":[[[[126.922467,35.145141],[126.922568,35.145091],[126.922542,35.145049],[126.922435,35.145095],[126.922467,35.145141]]]]}},{"type":"Feature","id":"1972192864801829004500000000","properties":{"id":"1972192864801829004500000000","pnu":"1221011800100910017","purpose":"기타"},"geometry":{"type":"MultiPolygon","coordinates":[[[[126.922491,35.145201],[126.922508,35.145227],[126.922529,35.145218],[126.922511,35.145192],[126.922491,35.145201]]]]}},{"type":"Feature","id":"1972192868991828954600000000","properties":{"id":"1972192868991828954600000000","pnu":"1221011800100910017","year":1972,"purpose":"제2종 근린생활시설"},"geometry":{"type":"MultiPolygon","coordinates":[[[[126.922535,35.145224],[126.922571,35.145197],[126.922612,35.145126],[126.922599,35.145111],[126.922499,35.145161],[126.922535,35.145224]]]]}},{"type":"Feature","id":"1972192889041830614500000000","properties":{"id":"1972192889041830614500000000","pnu":"1221011800100420021","year":1972,"purpose":"제2종 근린생활시설","far":105.91,"floors":2,"structure":"벽돌구조"},"geometry":{"type":"MultiPolygon","coordinates":[[[[126.922703,35.146648],[126.922783,35.146716],[126.922845,35.146669],[126.922786,35.146618],[126.922773,35.14663],[126.92275,35.146611],[126.922703,35.146648]]]]}},{"type":"Feature","id":"1972193028231821967800000000","properties":{"id":"1972193028231821967800000000","pnu":"1221012200100280020","year":1972,"purpose":"단독주택","floors":2,"structure":"벽돌구조"},"geometry":{"type":"MultiPolygon","coordinates":[[[[126.924293,35.138926],[126.924373,35.138844],[126.924327,35.138811],[126.924245,35.138891],[126.924293,35.138926]]]]}},{"type":"Feature","id":"1972193085001829176100000000","properties":{"id":"1972193085001829176100000000","pnu":"1221011800100200007","year":1972,"purpose":"단독주택"},"geometry":{"type":"MultiPolygon","coordinates":[[[[126.924927,35.145414],[126.924979,35.145386],[126.924921,35.145317],[126.924875,35.145346],[126.924927,35.145414]]]]}},{"type":"Feature","id":"1972193112341827766000000000","properties":{"id":"1972193112341827766000000000","pnu":"1221011800104660001","year":1972,"purpose":"단독주택"},"geometry":{"type":"MultiPolygon","coordinates":[[[[126.925334,35.144156],[126.92535,35.144083],[126.925117,35.144035],[126.925104,35.144106],[126.925334,35.144156]]]]}},{"type":"Feature","id":"1972193118981827728900000000","properties":{"id":"1972193118981827728900000000","pnu":"1221011800104660001","year":1972,"purpose":"제2종 근린생활시설"},"geometry":{"type":"MultiPolygon","coordinates":[[[[126.9253,35.144066],[126.925301,35.144066],[126.925302,35.144066],[126.925303,35.144066],[126.925303,35.144065],[126.925304,35.144065],[126.925305,35.144064],[126.925305,35.144063],[126.925305,35.144063],[126.925305,35.144062],[126.925305,35.144061],[126.925305,35.14406],[126.925305,35.144059],[126.925304,35.144059],[126.925303,35.144058],[126.925303,35.144058],[126.925302,35.144057],[126.925301,35.144057],[126.9253,35.144057],[126.925299,35.144057],[126.925298,35.144057],[126.925297,35.144058],[126.925296,35.144058],[126.925296,35.144059],[126.925295,35.144059],[126.925295,35.14406],[126.925295,35.144061],[126.925294,35.144062],[126.925295,35.144063],[126.925295,35.144063],[126.925295,35.144064],[126.925296,35.144065],[126.925296,35.144065],[126.925297,35.144066],[126.925298,35.144066],[126.925299,35.144066],[126.9253,35.144066]]]]}},{"type":"Feature","id":"1972193163491821901000000000","properties":{"id":"1972193163491821901000000000","pnu":"1221012200105390000","purpose":"기타","far":0.0241,"floors":1,"structure":"경량철골구조"},"geometry":{"type":"MultiPolygon","coordinates":[[[[126.925736,35.138906],[126.925922,35.138827],[126.92585,35.138712],[126.925664,35.138791],[126.925736,35.138906]]]]}},{"type":"Feature","id":"1972193175341828706800000000","properties":{"id":"1972193175341828706800000000","pnu":"1221011800104350019","year":1972,"purpose":"단독주택"},"geometry":{"type":"MultiPolygon","coordinates":[[[[126.925903,35.144986],[126.925968,35.144944],[126.925932,35.144901],[126.925868,35.144943],[126.925903,35.144986]]]]}},{"type":"Feature","id":"1972193206661821472900000000","properties":{"id":"1972193206661821472900000000","pnu":"1221012200105390000","purpose":"기타","far":0.0015,"floors":1,"structure":"일반목구조"},"geometry":{"type":"MultiPolygon","coordinates":[[[[126.926284,35.138387],[126.92623,35.138449],[126.92625,35.13846],[126.926305,35.138399],[126.926284,35.138387]]]]}},{"type":"Feature","id":"1972193274121831697700000000","properties":{"id":"1972193274121831697700000000","pnu":"1221010800101420058","purpose":"단독주택","floors":1,"structure":"일반목구조"},"geometry":{"type":"MultiPolygon","coordinates":[[[[126.927061,35.147684],[126.927076,35.147616],[126.927039,35.147607],[126.927037,35.147614],[126.926936,35.147598],[126.926919,35.147661],[126.927061,35.147684]]]]}},{"type":"Feature","id":"1972193276881831601100000000","properties":{"id":"1972193276881831601100000000","pnu":"1221010800101420057","purpose":"단독주택","floors":1,"structure":"일반목구조"},"geometry":{"type":"MultiPolygon","coordinates":[[[[126.927086,35.147601],[126.927105,35.147528],[126.927066,35.147518],[126.92706,35.14753],[126.926964,35.147511],[126.926948,35.147566],[126.927086,35.147601]]]]}},{"type":"Feature","id":"1972193279121831506600000000","properties":{"id":"1972193279121831506600000000","pnu":"1221010800101420056","purpose":"단독주택","floors":1,"structure":"일반목구조"},"geometry":{"type":"MultiPolygon","coordinates":[[[[126.927114,35.147512],[126.927136,35.147449],[126.927093,35.147437],[126.92709,35.147448],[126.926983,35.147429],[126.926969,35.147479],[126.927114,35.147512]]]]}},{"type":"Feature","id":"1972193287011831838800000000","properties":{"id":"1972193287011831838800000000","pnu":"1221010800101420052","year":1972,"purpose":"단독주택","floors":1,"structure":"일반목구조"},"geometry":{"type":"MultiPolygon","coordinates":[[[[126.927198,35.147815],[126.927215,35.147749],[126.927136,35.147732],[126.927136,35.147727],[126.927089,35.147716],[126.927067,35.147788],[126.927198,35.147815]]]]}},{"type":"Feature","id":"1972193289381831742300000000","properties":{"id":"1972193289381831742300000000","pnu":"1221010800101420053","year":1972,"purpose":"단독주택","floors":1,"structure":"일반목구조"},"geometry":{"type":"MultiPolygon","coordinates":[[[[126.927217,35.147728],[126.92724,35.147663],[126.927171,35.147646],[126.927172,35.147641],[126.927118,35.147629],[126.927098,35.147703],[126.927217,35.147728]]]]}},{"type":"Feature","id":"1972193309621828887000000000","properties":{"id":"1972193309621828887000000000","pnu":"1221011800104290004","purpose":"단독주택"},"geometry":{"type":"MultiPolygon","coordinates":[[[[126.927358,35.145066],[126.927337,35.14509],[126.927425,35.145148],[126.927444,35.145125],[126.927358,35.145066]]]]}},{"type":"Feature","id":"1972193311171828832500000000","properties":{"id":"1972193311171828832500000000","pnu":"1221011800104290004","year":1972,"purpose":"단독주택"},"geometry":{"type":"MultiPolygon","coordinates":[[[[126.927424,35.14509],[126.927447,35.145062],[126.927392,35.145026],[126.927368,35.145051],[126.927424,35.14509]]]]}},{"type":"Feature","id":"1972193315051828942800000000","properties":{"id":"1972193315051828942800000000","pnu":"1221011800104290004","year":1972,"purpose":"단독주택"},"geometry":{"type":"MultiPolygon","coordinates":[[[[126.927452,35.145181],[126.927477,35.145165],[126.927449,35.145132],[126.927425,35.145151],[126.927452,35.145181]]]]}},{"type":"Feature","id":"1972193324441828926000000000","properties":{"id":"1972193324441828926000000000","pnu":"1221011800104290004","purpose":"단독주택"},"geometry":{"type":"MultiPolygon","coordinates":[[[[126.927472,35.145136],[126.927513,35.145191],[126.927631,35.14515],[126.927601,35.145092],[126.927472,35.145136]]]]}},{"type":"Feature","id":"1972193356471830683200000000","properties":{"id":"1972193356471830683200000000","pnu":"1221010800101180010","purpose":"제2종 근린생활시설","floors":2,"structure":"벽돌구조"},"geometry":{"type":"MultiPolygon","coordinates":[[[[126.927812,35.146735],[126.92784,35.146785],[126.928007,35.146706],[126.927961,35.146672],[126.927812,35.146735]]]]}},{"type":"Feature","id":"1972193361861828780100000000","properties":{"id":"1972193361861828780100000000","pnu":"1221011800104230018","year":1972,"purpose":"단독주택"},"geometry":{"type":"MultiPolygon","coordinates":[[[[126.928053,35.14504],[126.928043,35.144985],[126.927962,35.144983],[126.927959,35.144968],[126.927889,35.14497],[126.927896,35.145049],[126.928053,35.14504]]]]}},{"type":"Feature","id":"1973192593861825786900000000","properties":{"id":"1973192593861825786900000000","pnu":"1221011400101840000","purpose":"제1종 근린생활시설","floors":1,"structure":"블록구조"},"geometry":{"type":"MultiPolygon","coordinates":[[[[126.919579,35.142372],[126.919625,35.142294],[126.919498,35.142244],[126.919455,35.142321],[126.919579,35.142372]]]]}},{"type":"Feature","id":"1973192607321825745300000000","properties":{"id":"1973192607321825745300000000","pnu":"1221011400101810005","year":1973,"purpose":"제2종 근린생활시설"},"geometry":{"type":"MultiPolygon","coordinates":[[[[126.919672,35.142228],[126.919645,35.142293],[126.919703,35.14231],[126.919729,35.142251],[126.919672,35.142228]]]]}},{"type":"Feature","id":"1973192793971823317100000000","properties":{"id":"1973192793971823317100000000","pnu":"1221012200100610082","year":1973,"purpose":"제1종 근린생활시설","floors":1,"structure":"블록구조"},"geometry":{"type":"MultiPolygon","coordinates":[[[[126.921857,35.140249],[126.921719,35.139909],[126.921626,35.139934],[126.921727,35.140208],[126.921831,35.140257],[126.921857,35.140249]]]]}},{"type":"Feature","id":"1973192834391829087000000000","properties":{"id":"1973192834391829087000000000","pnu":"1221011800100910000","year":1973,"purpose":"제2종 근린생활시설","far":58.252066,"floors":1,"structure":"일반목구조"},"geometry":{"type":"MultiPolygon","coordinates":[[[[126.922238,35.145339],[126.922227,35.145312],[126.922244,35.145307],[126.922191,35.145204],[126.922103,35.145235],[126.92216,35.145366],[126.922238,35.145339]]]]}},{"type":"Feature","id":"1973192838351829177800000000","properties":{"id":"1973192838351829177800000000","pnu":"1221011800100910000","purpose":"기타"},"geometry":{"type":"MultiPolygon","coordinates":[[[[126.922184,35.145389],[126.922264,35.145358],[126.922253,35.145343],[126.922175,35.145373],[126.922184,35.145389]]]]}},{"type":"Feature","id":"1973192842521829038700000000","properties":{"id":"1973192842521829038700000000","pnu":"1221011800100910019","year":1973,"purpose":"제2종 근린생활시설","far":45.66,"floors":1,"structure":"일반목구조"},"geometry":{"type":"MultiPolygon","coordinates":[[[[126.922253,35.145308],[126.922329,35.145283],[126.922295,35.145213],[126.922301,35.145211],[126.922281,35.145173],[126.922199,35.145201],[126.922253,35.145308]]]]}},{"type":"Feature","id":"1973192842771828727700000000","properties":{"id":"1973192842771828727700000000","pnu":"1221011800100900011","year":1973,"purpose":"단독주택"},"geometry":{"type":"MultiPolygon","coordinates":[[[[126.922245,35.145013],[126.922336,35.144963],[126.922293,35.144906],[126.922199,35.144958],[126.922245,35.145013]]]]}},{"type":"Feature","id":"1973192852561829005300000000","properties":{"id":"1973192852561829005300000000","pnu":"1221011800100910020","year":1973,"purpose":"단독주택"},"geometry":{"type":"MultiPolygon","coordinates":[[[[126.92237,35.145266],[126.922431,35.145244],[126.922381,35.145155],[126.922319,35.145176],[126.92237,35.145266]]]]}},{"type":"Feature","id":"1973192857521828953300000000","properties":{"id":"1973192857521828953300000000","pnu":"1221011800100910020","year":1973,"purpose":"단독주택"},"geometry":{"type":"MultiPolygon","coordinates":[[[[126.922438,35.145216],[126.92248,35.145192],[126.922412,35.145111],[126.922381,35.145125],[126.922438,35.145216]]]]}},{"type":"Feature","id":"1973192879481831082800000000","properties":{"id":"1973192879481831082800000000","pnu":"1221011800100420003","year":1973,"purpose":"단독주택"},"geometry":{"type":"MultiPolygon","coordinates":[[[[126.922691,35.147127],[126.922729,35.147093],[126.922712,35.147078],[126.922706,35.147085],[126.922639,35.147039],[126.922609,35.147064],[126.922691,35.147127]]]]}},{"type":"Feature","id":"1973192918981831446600000000","properties":{"id":"1973192918981831446600000000","pnu":"1221010700101010025","year":1973,"purpose":"단독주택"},"geometry":{"type":"MultiPolygon","coordinates":[[[[126.923134,35.147473],[126.923183,35.147426],[126.923069,35.14735],[126.923022,35.147395],[126.923134,35.147473]]]]}},{"type":"Feature","id":"1973193010581829203800000000","properties":{"id":"1973193010581829203800000000","pnu":"1221011800100260003","year":1973,"purpose":"단독주택"},"geometry":{"type":"MultiPolygon","coordinates":[[[[126.924114,35.145428],[126.924159,35.145371],[126.924124,35.145353],[126.924092,35.145386],[126.924065,35.145379],[126.924052,35.145396],[126.924114,35.145428]]]]}},{"type":"Feature","id":"1973193014751827004300000000","properties":{"id":"1973193014751827004300000000","pnu":"1221011800104700026","purpose":"단독주택"},"geometry":{"type":"MultiPolygon","coordinates":[[[[126.924157,35.143452],[126.9242,35.143427],[126.924159,35.143366],[126.924112,35.143386],[126.924157,35.143452]]]]}},{"type":"Feature","id":"1973193021501826994900000000","properties":{"id":"1973193021501826994900000000","pnu":"1221011800104700026","purpose":"단독주택"},"geometry":{"type":"MultiPolygon","coordinates":[[[[126.924226,35.143427],[126.924258,35.143413],[126.924238,35.143373],[126.924203,35.143385],[126.924226,35.143427]]]]}},{"type":"Feature","id":"1973193023561826958300000000","properties":{"id":"1973193023561826958300000000","pnu":"1221011800104700026","purpose":"기타"},"geometry":{"type":"MultiPolygon","coordinates":[[[[126.924254,35.143371],[126.924254,35.143371],[126.924255,35.143371],[126.924256,35.14337],[126.924257,35.14337],[126.924258,35.143369],[126.924258,35.143369],[126.924259,35.143368],[126.924259,35.143367],[126.924259,35.143367],[126.924259,35.143366],[126.924259,35.143365],[126.924258,35.143364],[126.924258,35.143364],[126.924257,35.143363],[126.924256,35.143363],[126.924255,35.143362],[126.924254,35.143362],[126.924254,35.143362],[126.924253,35.143362],[126.924252,35.143362],[126.924251,35.143363],[126.92425,35.143363],[126.924249,35.143364],[126.924249,35.143364],[126.924248,35.143365],[126.924248,35.143366],[126.924248,35.143367],[126.924248,35.143367],[126.924248,35.143368],[126.924249,35.143369],[126.924249,35.143369],[126.92425,35.14337],[126.924251,35.14337],[126.924252,35.143371],[126.924253,35.143371],[126.924254,35.143371]]]]}},{"type":"Feature","id":"1973193026301829660200000000","properties":{"id":"1973193026301829660200000000","pnu":"1221011800100180003","year":1973,"purpose":"단독주택","far":59.85,"floors":1,"structure":"일반목구조"},"geometry":{"type":"MultiPolygon","coordinates":[[[[126.924266,35.145863],[126.924359,35.145798],[126.924295,35.145741],[126.924204,35.145806],[126.924266,35.145863]]]]}},{"type":"Feature","id":"1973193029341829731000000000","properties":{"id":"1973193029341829731000000000","pnu":"1221011800100180000","purpose":"기타","structure":"블록구조"},"geometry":{"type":"MultiPolygon","coordinates":[[[[126.924315,35.14587],[126.924315,35.14587],[126.924316,35.14587],[126.924317,35.14587],[126.924318,35.145869],[126.924319,35.145869],[126.924319,35.145868],[126.92432,35.145867],[126.92432,35.145867],[126.92432,35.145866],[126.92432,35.145865],[126.92432,35.145864],[126.924319,35.145863],[126.924319,35.145863],[126.924318,35.145862],[126.924317,35.145862],[126.924316,35.145862],[126.924315,35.145861],[126.924315,35.145861],[126.924314,35.145861],[126.924313,35.145861],[126.924312,35.145862],[126.924311,35.145862],[126.92431,35.145863],[126.92431,35.145863],[126.924309,35.145864],[126.924309,35.145865],[126.924309,35.145866],[126.924309,35.145867],[126.924309,35.145867],[126.92431,35.145868],[126.92431,35.145869],[126.924311,35.145869],[126.924312,35.14587],[126.924313,35.14587],[126.924314,35.14587],[126.924315,35.14587]]]]}},{"type":"Feature","id":"1973193033611829589900000000","properties":{"id":"1973193033611829589900000000","pnu":"1221011800100180004","year":1973,"purpose":"단독주택","floors":1,"structure":"벽돌구조"},"geometry":{"type":"MultiPolygon","coordinates":[[[[126.924374,35.145783],[126.92442,35.145751],[126.92435,35.145692],[126.924304,35.145731],[126.924374,35.145783]]]]}},{"type":"Feature","id":"1973193036671829688000000000","properties":{"id":"1973193036671829688000000000","pnu":"1221011800100180000","year":1973,"purpose":"단독주택","floors":1,"structure":"벽돌구조"},"geometry":{"type":"MultiPolygon","coordinates":[[[[126.924369,35.145889],[126.924471,35.145818],[126.924412,35.145762],[126.924381,35.145783],[126.924389,35.145792],[126.924319,35.145841],[126.924369,35.145889]]]]}},{"type":"Feature","id":"1973193078961828351300000000","properties":{"id":"1973193078961828351300000000","pnu":"1221011800100230034","year":1973,"purpose":"단독주택"},"geometry":{"type":"MultiPolygon","coordinates":[[[[126.924857,35.144676],[126.92493,35.144636],[126.924882,35.144567],[126.924788,35.144611],[126.924811,35.144654],[126.924828,35.144646],[126.924857,35.144676]]]]}},{"type":"Feature","id":"1973193080741829348500000000","properties":{"id":"1973193080741829348500000000","pnu":"1221011800100200014","year":1973,"purpose":"단독주택","floors":1,"structure":"벽돌구조"},"geometry":{"type":"MultiPolygon","coordinates":[[[[126.924889,35.145568],[126.924932,35.145541],[126.924872,35.145475],[126.924824,35.145503],[126.924889,35.145568]]]]}},{"type":"Feature","id":"1973193093301828485800000000","properties":{"id":"1973193093301828485800000000","pnu":"1221011800100230025","year":1973,"purpose":"단독주택"},"geometry":{"type":"MultiPolygon","coordinates":[[[[126.925,35.144786],[126.925004,35.144788],[126.925057,35.144717],[126.92503,35.144698],[126.925,35.144742],[126.924977,35.144775],[126.925,35.144786]]]]}},{"type":"Feature","id":"1973193099271828387600000000","properties":{"id":"1973193099271828387600000000","pnu":"1221011800100230003","year":1973,"purpose":"단독주택"},"geometry":{"type":"MultiPolygon","coordinates":[[[[126.925088,35.144692],[126.925122,35.144634],[126.925085,35.14462],[126.925071,35.14465],[126.925052,35.144645],[126.92504,35.144665],[126.925088,35.144692]]]]}},{"type":"Feature","id":"1973193236001831283800000000","properties":{"id":"1973193236001831283800000000","pnu":"1221010800101370003","year":1973,"purpose":"제1종 근린생활시설","floors":3,"structure":"철근콘크리트구조"},"geometry":{"type":"MultiPolygon","coordinates":[[[[126.926681,35.147285],[126.926631,35.147213],[126.926579,35.147238],[126.926552,35.147214],[126.926482,35.147241],[126.926533,35.147313],[126.926599,35.147317],[126.926681,35.147285]]]]}},{"type":"Feature","id":"1973193260861830789300000000","properties":{"id":"1973193260861830789300000000","pnu":"1221010800101350016","year":1973,"purpose":"단독주택","far":55.24,"floors":1,"structure":"벽돌구조"},"geometry":{"type":"MultiPolygon","coordinates":[[[[126.926855,35.146884],[126.926933,35.146836],[126.926905,35.146805],[126.926896,35.146811],[126.926848,35.146759],[126.926779,35.146801],[126.926855,35.146884]]]]}},{"type":"Feature","id":"1973193269401830757700000000","properties":{"id":"1973193269401830757700000000","pnu":"1221010800101350016","year":1973,"purpose":"단독주택"},"geometry":{"type":"MultiPolygon","coordinates":[[[[126.926993,35.146819],[126.926932,35.146751],[126.926903,35.146766],[126.926962,35.146834],[126.926993,35.146819]]]]}},{"type":"Feature","id":"1973193272231831799600000000","properties":{"id":"1973193272231831799600000000","pnu":"1221010800101420059","purpose":"단독주택","far":59.79,"floors":1,"structure":"일반목구조"},"geometry":{"type":"MultiPolygon","coordinates":[[[[126.927042,35.147783],[126.92706,35.147708],[126.927005,35.147692],[126.927001,35.147703],[126.92691,35.147684],[126.926891,35.147751],[126.927042,35.147783]]]]}},{"type":"Feature","id":"1973193278251832055700000000","properties":{"id":"1973193278251832055700000000","pnu":"1221010800101420037","purpose":"단독주택","floors":1,"structure":"일반목구조"},"geometry":{"type":"MultiPolygon","coordinates":[[[[126.927095,35.148002],[126.927106,35.147947],[126.926995,35.147925],[126.926979,35.147977],[126.927095,35.148002]]]]}},{"type":"Feature","id":"1973193292041831639900000000","properties":{"id":"1973193292041831639900000000","pnu":"1221010800101420054","year":1973,"purpose":"단독주택","floors":1,"structure":"일반목구조"},"geometry":{"type":"MultiPolygon","coordinates":[[[[126.927253,35.147634],[126.927265,35.147577],[126.927189,35.147557],[126.92719,35.147545],[126.927144,35.147538],[126.927132,35.147607],[126.927253,35.147634]]]]}},{"type":"Feature","id":"1973193294581831547500000000","properties":{"id":"1973193294581831547500000000","pnu":"1221010800101420055","year":1973,"purpose":"단독주택","floors":1,"structure":"일반목구조"},"geometry":{"type":"MultiPolygon","coordinates":[[[[126.92728,35.147546],[126.92729,35.147497],[126.92721,35.14748],[126.927212,35.147465],[126.927176,35.147457],[126.927162,35.147518],[126.92728,35.147546]]]]}},{"type":"Feature","id":"1973193302251831877300000000","properties":{"id":"1973193302251831877300000000","pnu":"1221010800101420048","year":1973,"purpose":"단독주택","floors":1,"structure":"일반목구조"},"geometry":{"type":"MultiPolygon","coordinates":[[[[126.927352,35.147848],[126.927377,35.147777],[126.927333,35.147767],[126.92733,35.147777],[126.927253,35.147763],[126.927236,35.147818],[126.927352,35.147848]]]]}},{"type":"Feature","id":"1973193304501831781200000000","properties":{"id":"1973193304501831781200000000","pnu":"1221010800101420049","year":1973,"purpose":"단독주택","floors":1,"structure":"일반목구조"},"geometry":{"type":"MultiPolygon","coordinates":[[[[126.92738,35.147758],[126.9274,35.14769],[126.927357,35.147681],[126.927351,35.147694],[126.927274,35.147679],[126.927259,35.14773],[126.92738,35.147758]]]]}},{"type":"Feature","id":"1973193307141831681800000000","properties":{"id":"1973193307141831681800000000","pnu":"1221010800101420050","year":1973,"purpose":"단독주택","floors":1,"structure":"일반목구조"},"geometry":{"type":"MultiPolygon","coordinates":[[[[126.927408,35.147665],[126.927429,35.147599],[126.927393,35.147592],[126.92739,35.147603],[126.927308,35.14759],[126.927293,35.147646],[126.927408,35.147665]]]]}},{"type":"Feature","id":"1973193309481831587300000000","properties":{"id":"1973193309481831587300000000","pnu":"1221010800101420051","year":1973,"purpose":"단독주택","floors":1,"structure":"일반목구조"},"geometry":{"type":"MultiPolygon","coordinates":[[[[126.927433,35.147581],[126.92745,35.147516],[126.92741,35.147506],[126.927405,35.147516],[126.927338,35.147504],[126.92732,35.147561],[126.927433,35.147581]]]]}},{"type":"Feature","id":"1973193315841831926800000000","properties":{"id":"1973193315841831926800000000","pnu":"1221010800101420044","year":1973,"purpose":"단독주택","floors":1,"structure":"벽돌구조"},"geometry":{"type":"MultiPolygon","coordinates":[[[[126.927503,35.147885],[126.927516,35.14783],[126.92741,35.14781],[126.927398,35.147863],[126.927503,35.147885]]]]}},{"type":"Feature","id":"1973193317891831819900000000","properties":{"id":"1973193317891831819900000000","pnu":"1221010800101420045","year":1973,"purpose":"단독주택","floors":1,"structure":"일반목구조"},"geometry":{"type":"MultiPolygon","coordinates":[[[[126.927528,35.147798],[126.927544,35.147737],[126.927469,35.147716],[126.927473,35.147701],[126.92744,35.147694],[126.927418,35.147773],[126.927528,35.147798]]]]}},{"type":"Feature","id":"1973193320771831721500000000","properties":{"id":"1973193320771831721500000000","pnu":"1221010800101420046","purpose":"단독주택","floors":1,"structure":"벽돌구조"},"geometry":{"type":"MultiPolygon","coordinates":[[[[126.927559,35.147701],[126.927572,35.147645],[126.927467,35.14762],[126.92745,35.147682],[126.927559,35.147701]]]]}},{"type":"Feature","id":"1973193330261831951100000000","properties":{"id":"1973193330261831951100000000","pnu":"1221010800101420065","year":1973,"purpose":"단독주택","floors":1,"structure":"벽돌구조"},"geometry":{"type":"MultiPolygon","coordinates":[[[[126.927659,35.147911],[126.927677,35.147843],[126.927638,35.147833],[126.927634,35.147843],[126.927567,35.147829],[126.92755,35.147889],[126.927659,35.147911]]]]}},{"type":"Feature","id":"1973193332041831768700000000","properties":{"id":"1973193332041831768700000000","pnu":"1221010800101420069","year":1973,"purpose":"단독주택","floors":1,"structure":"벽돌구조"},"geometry":{"type":"MultiPolygon","coordinates":[[[[126.927584,35.147729],[126.927683,35.147747],[126.927694,35.147707],[126.927645,35.147698],[126.927655,35.147661],[126.927605,35.147652],[126.927584,35.147729]]]]}},{"type":"Feature","id":"1973193332761831859300000000","properties":{"id":"1973193332761831859300000000","pnu":"1221010800101420066","year":1973,"purpose":"단독주택","floors":1,"structure":"벽돌구조"},"geometry":{"type":"MultiPolygon","coordinates":[[[[126.927684,35.147824],[126.927706,35.147761],[126.927668,35.147754],[126.927663,35.147768],[126.927591,35.147752],[126.927577,35.147802],[126.927684,35.147824]]]]}},{"type":"Feature","id":"1973193339021831948700000000","properties":{"id":"1973193339021831948700000000","pnu":"1221010800101420042","year":1973,"purpose":"단독주택"},"geometry":{"type":"MultiPolygon","coordinates":[[[[126.927681,35.147897],[126.927716,35.147908],[126.927742,35.147835],[126.927705,35.147827],[126.927681,35.147897]]]]}},{"type":"Feature","id":"1973193341211831871500000000","properties":{"id":"1973193341211831871500000000","pnu":"1221010800101420042","year":1973,"purpose":"단독주택"},"geometry":{"type":"MultiPolygon","coordinates":[[[[126.927748,35.147828],[126.927762,35.147775],[126.927721,35.147767],[126.927708,35.147819],[126.927748,35.147828]]]]}},{"type":"Feature","id":"1974192555721825946800000000","properties":{"id":"1974192555721825946800000000","pnu":"1221011400101870000","purpose":"기타","far":124.45,"floors":2,"structure":"일반철골구조"},"geometry":{"type":"MultiPolygon","coordinates":[[[[126.918948,35.142456],[126.919099,35.142511],[126.919108,35.142501],[126.919241,35.142549],[126.919298,35.142455],[126.919012,35.14235],[126.918948,35.142456]]]]}},{"type":"Feature","id":"1974192561811828656400000000","properties":{"id":"1974192561811828656400000000","pnu":"1221011200101670001","year":1974,"purpose":"단독주택"},"geometry":{"type":"MultiPolygon","coordinates":[[[[126.919185,35.14495],[126.91923,35.144855],[126.91918,35.144838],[126.919143,35.144939],[126.919185,35.14495]]]]}},{"type":"Feature","id":"1974192562191825848900000000","properties":{"id":"1974192562191825848900000000","pnu":"1221011400101870000","year":1974,"purpose":"기타"},"geometry":{"type":"MultiPolygon","coordinates":[[[[126.919318,35.142392],[126.91908,35.142295],[126.919066,35.142333],[126.919295,35.14243],[126.919318,35.142392]]]]}},{"type":"Feature","id":"1974192567121828773900000000","properties":{"id":"1974192567121828773900000000","pnu":"1221011200101670001","year":1974,"purpose":"단독주택"},"geometry":{"type":"MultiPolygon","coordinates":[[[[126.919308,35.144994],[126.919204,35.144956],[126.919178,35.145005],[126.919282,35.145043],[126.919308,35.144994]]]]}},{"type":"Feature","id":"1974192570681828692900000000","properties":{"id":"1974192570681828692900000000","pnu":"1221011200101670001","year":1974,"purpose":"단독주택"},"geometry":{"type":"MultiPolygon","coordinates":[[[[126.919305,35.144991],[126.919354,35.144889],[126.919256,35.144868],[126.91921,35.144957],[126.919305,35.144991]]]]}},{"type":"Feature","id":"1974192648781823260600000000","properties":{"id":"1974192648781823260600000000","pnu":"1221012200100550022","year":1974,"purpose":"숙박시설","far":137.18,"floors":2,"structure":"벽돌구조"},"geometry":{"type":"MultiPolygon","coordinates":[[[[126.920147,35.140098],[126.920221,35.140047],[126.920143,35.139965],[126.920067,35.140013],[126.920147,35.140098]]]]}},{"type":"Feature","id":"1974192652381826447900000000","properties":{"id":"1974192652381826447900000000","pnu":"1221011200101200000","year":1974,"purpose":"제1종 근린생활시설","far":315.38,"floors":4,"structure":"철근콘크리트구조"},"geometry":{"type":"MultiPolygon","coordinates":[[[[126.92021,35.143],[126.920277,35.14286],[126.920148,35.142816],[126.920083,35.142934],[126.92021,35.143]]]]}},{"type":"Feature","id":"1974192670271827305500000000","properties":{"id":"1974192670271827305500000000","pnu":"1221011200101040003","year":1974,"purpose":"단독주택"},"geometry":{"type":"MultiPolygon","coordinates":[[[[126.920394,35.143729],[126.920439,35.143682],[126.920365,35.143625],[126.92031,35.143672],[126.920394,35.143729]]]]}},{"type":"Feature","id":"1974192673361827214200000000","properties":{"id":"1974192673361827214200000000","pnu":"1221011200101040003","purpose":"기타"},"geometry":{"type":"MultiPolygon","coordinates":[[[[126.92041,35.143599],[126.920411,35.143599],[126.920412,35.143599],[126.920413,35.143598],[126.920414,35.143598],[126.920415,35.143597],[126.920415,35.143597],[126.920416,35.143596],[126.920416,35.143595],[126.920416,35.143595],[126.920416,35.143594],[126.920416,35.143593],[126.920415,35.143592],[126.920415,35.143592],[126.920414,35.143591],[126.920413,35.143591],[126.920412,35.14359],[126.920411,35.14359],[126.92041,35.14359],[126.920409,35.14359],[126.920408,35.14359],[126.920408,35.143591],[126.920407,35.143591],[126.920406,35.143592],[126.920406,35.143592],[126.920405,35.143593],[126.920405,35.143594],[126.920405,35.143595],[126.920405,35.143595],[126.920405,35.143596],[126.920406,35.143597],[126.920406,35.143597],[126.920407,35.143598],[126.920408,35.143598],[126.920408,35.143599],[126.920409,35.143599],[126.92041,35.143599]]]]}},{"type":"Feature","id":"1974192718391828488700000000","properties":{"id":"1974192718391828488700000000","pnu":"1221011200100520003","year":1974,"purpose":"제2종 근린생활시설"},"geometry":{"type":"MultiPolygon","coordinates":[[[[126.920942,35.144819],[126.920981,35.144766],[126.92095,35.144737],[126.920961,35.144726],[126.920873,35.144673],[126.920818,35.144733],[126.920942,35.144819]]]]}},{"type":"Feature","id":"1974192726501828563800000000","properties":{"id":"1974192726501828563800000000","pnu":"1221011200100520003","year":1974,"purpose":"단독주택"},"geometry":{"type":"MultiPolygon","coordinates":[[[[126.921002,35.144851],[126.92104,35.144803],[126.920989,35.144772],[126.920942,35.144819],[126.921002,35.144851]]]]}},{"type":"Feature","id":"1974192773571827423700000000","properties":{"id":"1974192773571827423700000000","pnu":"1221011200100650005","year":1974,"purpose":"단독주택","floors":2,"structure":"벽돌구조"},"geometry":{"type":"MultiPolygon","coordinates":[[[[126.921537,35.14385],[126.921579,35.143746],[126.921479,35.14372],[126.921443,35.143821],[126.921537,35.14385]]]]}},{"type":"Feature","id":"1974192778311823306400000000","properties":{"id":"1974192778311823306400000000","pnu":"1221012200100610013","year":1974,"purpose":"단독주택","floors":1,"structure":"블록구조"},"geometry":{"type":"MultiPolygon","coordinates":[[[[126.921541,35.140149],[126.921651,35.140035],[126.921592,35.139997],[126.921479,35.140109],[126.921541,35.140149]]]]}},{"type":"Feature","id":"1974192813941828587700000000","properties":{"id":"1974192813941828587700000000","pnu":"1221011800100870001","year":1974,"purpose":"단독주택","floors":1,"structure":"벽돌구조"},"geometry":{"type":"MultiPolygon","coordinates":[[[[126.921943,35.144887],[126.921998,35.144801],[126.921961,35.144779],[126.921905,35.144868],[126.921943,35.144887]]]]}},{"type":"Feature","id":"1974192828771829328100000000","properties":{"id":"1974192828771829328100000000","pnu":"1221011800100330003","year":1974,"purpose":"제1종 근린생활시설","far":115.03,"floors":2,"structure":"철근콘크리트구조"},"geometry":{"type":"MultiPolygon","coordinates":[[[[126.92219,35.145512],[126.922158,35.145459],[126.922107,35.145478],[126.922082,35.145453],[126.922038,35.14547],[126.922086,35.145548],[126.922124,35.145548],[126.92219,35.145512]]]]}},{"type":"Feature","id":"1974192838361829274500000000","properties":{"id":"1974192838361829274500000000","pnu":"1221011800100330009","year":1974,"purpose":"단독주택","floors":2,"structure":"철근콘크리트구조"},"geometry":{"type":"MultiPolygon","coordinates":[[[[126.922206,35.145508],[126.922291,35.14547],[126.922258,35.145415],[126.922218,35.145427],[126.922199,35.145403],[126.922147,35.145423],[126.922206,35.145508]]]]}},{"type":"Feature","id":"1974192869501828589300000000","properties":{"id":"1974192869501828589300000000","pnu":"1221011800100920011","year":1974,"purpose":"단독주택","floors":1,"structure":"벽돌구조"},"geometry":{"type":"MultiPolygon","coordinates":[[[[126.922603,35.14491],[126.922668,35.144881],[126.922563,35.144796],[126.922564,35.144785],[126.922521,35.144761],[126.922482,35.14478],[126.922468,35.144807],[126.922603,35.14491]]]]}},{"type":"Feature","id":"1974192882411827818800000000","properties":{"id":"1974192882411827818800000000","pnu":"1221011800101040000","year":1974,"purpose":"단독주택"},"geometry":{"type":"MultiPolygon","coordinates":[[[[126.922711,35.144184],[126.922751,35.144157],[126.922698,35.144099],[126.922656,35.144124],[126.922711,35.144184]]]]}},{"type":"Feature","id":"1974192932301831186100000000","properties":{"id":"1974192932301831186100000000","pnu":"1221011800100410010","year":1974,"purpose":"제2종 근린생활시설","far":135.31,"floors":3,"structure":"벽돌구조"},"geometry":{"type":"MultiPolygon","coordinates":[[[[126.923236,35.147254],[126.923286,35.14721],[126.923279,35.147204],[126.923339,35.14715],[126.923294,35.147099],[126.92323,35.147148],[126.923217,35.147137],[126.923151,35.147188],[126.923236,35.147254]]]]}},{"type":"Feature","id":"1974192939571831258100000000","properties":{"id":"1974192939571831258100000000","pnu":"1221011800100410009","year":1974,"purpose":"단독주택","floors":2,"structure":"벽돌구조"},"geometry":{"type":"MultiPolygon","coordinates":[[[[126.923401,35.147242],[126.923406,35.147214],[126.923379,35.14719],[126.923371,35.147197],[126.923335,35.147165],[126.923239,35.147259],[126.923323,35.147317],[126.923401,35.147242]]]]}},{"type":"Feature","id":"1974192947881827530300000000","properties":{"id":"1974192947881827530300000000","pnu":"1221011800100970043","year":1974,"purpose":"단독주택"},"geometry":{"type":"MultiPolygon","coordinates":[[[[126.923451,35.14394],[126.923498,35.143886],[126.923396,35.143822],[126.923347,35.143878],[126.923451,35.14394]]]]}},{"type":"Feature","id":"1974192952911822621300000000","properties":{"id":"1974192952911822621300000000","pnu":"1221012200100240017","purpose":"기타","structure":"벽돌구조"},"geometry":{"type":"MultiPolygon","coordinates":[[[[126.923517,35.139487],[126.923534,35.139457],[126.923453,35.139424],[126.923431,35.139461],[126.923517,35.139487]]]]}},{"type":"Feature","id":"1974192955141827410300000000","properties":{"id":"1974192955141827410300000000","pnu":"1221011800100970043","year":1974,"purpose":"제2종 근린생활시설"},"geometry":{"type":"MultiPolygon","coordinates":[[[[126.923535,35.143833],[126.923577,35.143758],[126.923465,35.143716],[126.923428,35.143784],[126.923535,35.143833]]]]}},{"type":"Feature","id":"1974193001971826972200000000","properties":{"id":"1974193001971826972200000000","pnu":"1221011800104700003","year":1974,"purpose":"단독주택"},"geometry":{"type":"MultiPolygon","coordinates":[[[[126.92398,35.143428],[126.924087,35.143377],[126.924057,35.143331],[126.923947,35.143377],[126.92398,35.143428]]]]}},{"type":"Feature","id":"1974193037461828229600000000","properties":{"id":"1974193037461828229600000000","pnu":"1221011800100230015","purpose":"제1종 근린생활시설","floors":1,"structure":"일반목구조"},"geometry":{"type":"MultiPolygon","coordinates":[[[[126.924392,35.144572],[126.924435,35.144556],[126.924452,35.144516],[126.924396,35.144446],[126.924361,35.144461],[126.924392,35.144514],[126.924362,35.144531],[126.924392,35.144572]]]]}},{"type":"Feature","id":"1974193038431828738800000000","properties":{"id":"1974193038431828738800000000","pnu":"1221011800100260023","year":1974,"purpose":"단독주택"},"geometry":{"type":"MultiPolygon","coordinates":[[[[126.924397,35.145029],[126.924475,35.144945],[126.924436,35.144913],[126.924354,35.144998],[126.924397,35.145029]]]]}},{"type":"Feature","id":"1974193067531829393000000000","properties":{"id":"1974193067531829393000000000","pnu":"1221011800100200008","purpose":"기타","structure":"벽돌구조"},"geometry":{"type":"MultiPolygon","coordinates":[[[[126.924734,35.145566],[126.924735,35.145566],[126.924736,35.145566],[126.924737,35.145565],[126.924737,35.145565],[126.924738,35.145564],[126.924739,35.145564],[126.924739,35.145563],[126.924739,35.145562],[126.924739,35.145561],[126.924739,35.145561],[126.924739,35.14556],[126.924739,35.145559],[126.924738,35.145558],[126.924737,35.145558],[126.924737,35.145557],[126.924736,35.145557],[126.924735,35.145557],[126.924734,35.145557],[126.924733,35.145557],[126.924732,35.145557],[126.924731,35.145557],[126.92473,35.145558],[126.92473,35.145558],[126.924729,35.145559],[126.924729,35.14556],[126.924729,35.145561],[126.924728,35.145561],[126.924729,35.145562],[126.924729,35.145563],[126.924729,35.145564],[126.92473,35.145564],[126.92473,35.145565],[126.924731,35.145565],[126.924732,35.145566],[126.924733,35.145566],[126.924734,35.145566]]]]}},{"type":"Feature","id":"1974193072151829427000000000","properties":{"id":"1974193072151829427000000000","pnu":"1221011800100200008","year":1974,"purpose":"단독주택","floors":1,"structure":"벽돌구조"},"geometry":{"type":"MultiPolygon","coordinates":[[[[126.924762,35.145651],[126.924857,35.1456],[126.924812,35.145535],[126.924711,35.145581],[126.924762,35.145651]]]]}},{"type":"Feature","id":"1974193088981821470300000000","properties":{"id":"1974193088981821470300000000","pnu":"1221012200100300036","year":1974,"purpose":"단독주택","floors":1,"structure":"벽돌구조"},"geometry":{"type":"MultiPolygon","coordinates":[[[[126.925,35.138441],[126.925028,35.138401],[126.925,35.138387],[126.92497,35.138371],[126.924925,35.138445],[126.924982,35.138466],[126.925,35.138441]]]]}},{"type":"Feature","id":"1974193094871821636400000000","properties":{"id":"1974193094871821636400000000","pnu":"1221012200100300032","year":1974,"purpose":"단독주택","floors":1,"structure":"벽돌구조"},"geometry":{"type":"MultiPolygon","coordinates":[[[[126.925,35.138586],[126.925071,35.138615],[126.925106,35.138564],[126.925008,35.138525],[126.925,35.138538],[126.924976,35.138577],[126.925,35.138586]]]]}},{"type":"Feature","id":"1974193097311821533400000000","properties":{"id":"1974193097311821533400000000","pnu":"1221012200100300035","year":1974,"purpose":"단독주택","floors":1,"structure":"벽돌구조"},"geometry":{"type":"MultiPolygon","coordinates":[[[[126.925095,35.138527],[126.92513,35.138464],[126.925037,35.138429],[126.925004,35.138487],[126.925095,35.138527]]]]}},{"type":"Feature","id":"1974193106281821641400000000","properties":{"id":"1974193106281821641400000000","pnu":"1221012200100300033","year":1974,"purpose":"단독주택","floors":1,"structure":"벽돌구조"},"geometry":{"type":"MultiPolygon","coordinates":[[[[126.925107,35.138591],[126.925158,35.13862],[126.925177,35.138597],[126.925187,35.138602],[126.925225,35.138556],[126.925178,35.13853],[126.92516,35.138552],[126.925146,35.138544],[126.925107,35.138591]]]]}},{"type":"Feature","id":"1974193111741821559500000000","properties":{"id":"1974193111741821559500000000","pnu":"1221012200100300034","year":1974,"purpose":"단독주택","floors":1,"structure":"벽돌구조"},"geometry":{"type":"MultiPolygon","coordinates":[[[[126.925248,35.138547],[126.925299,35.138497],[126.925193,35.138454],[126.925159,35.138508],[126.925248,35.138547]]]]}},{"type":"Feature","id":"1974193115321821028500000000","properties":{"id":"1974193115321821028500000000","pnu":"1221012200100310034","year":1974,"purpose":"단독주택","floors":1,"structure":"일반목구조"},"geometry":{"type":"MultiPolygon","coordinates":[[[[126.92526,35.138085],[126.925335,35.137993],[126.925267,35.13796],[126.925197,35.138052],[126.92526,35.138085]]]]}},{"type":"Feature","id":"1974193116541821477200000000","properties":{"id":"1974193116541821477200000000","pnu":"1221012200100310000","year":1974,"purpose":"단독주택","floors":1,"structure":"일반목구조"},"geometry":{"type":"MultiPolygon","coordinates":[[[[126.925315,35.138479],[126.925351,35.13843],[126.925239,35.138376],[126.925205,35.138421],[126.925315,35.138479]]]]}},{"type":"Feature","id":"1974193119791829236600000000","properties":{"id":"1974193119791829236600000000","pnu":"1221011800100210000","year":1974,"purpose":"단독주택","far":135.44,"floors":3,"structure":"철근콘크리트구조"},"geometry":{"type":"MultiPolygon","coordinates":[[[[126.925273,35.145472],[126.925339,35.145442],[126.925342,35.145445],[126.925373,35.145431],[126.92533,35.145366],[126.925299,35.14538],[126.925305,35.145387],[126.925243,35.145414],[126.925266,35.145447],[126.925258,35.14545],[126.925273,35.145472]]]]}},{"type":"Feature","id":"1974193125291829356300000000","properties":{"id":"1974193125291829356300000000","pnu":"1221011800100210000","year":1974,"purpose":"단독주택","far":135.44,"floors":3,"structure":"철근콘크리트구조"},"geometry":{"type":"MultiPolygon","coordinates":[[[[126.925286,35.145506],[126.925325,35.145563],[126.925331,35.14556],[126.925334,35.145565],[126.925385,35.145575],[126.925393,35.145572],[126.925395,35.145576],[126.925432,35.14556],[126.925429,35.145555],[126.925452,35.145544],[126.925422,35.1455],[126.925399,35.145512],[126.925386,35.145492],[126.925377,35.145497],[126.925359,35.145472],[126.925286,35.145506]]]]}},{"type":"Feature","id":"1974193258081831657400000000","properties":{"id":"1974193258081831657400000000","pnu":"1221010800101420061","purpose":"단독주택","floors":1,"structure":"일반목구조"},"geometry":{"type":"MultiPolygon","coordinates":[[[[126.926871,35.147644],[126.926887,35.147589],[126.926776,35.147562],[126.92676,35.14762],[126.926871,35.147644]]]]}},{"type":"Feature","id":"1974193261391831474400000000","properties":{"id":"1974193261391831474400000000","pnu":"1221010800101420063","year":1974,"purpose":"단독주택","floors":2,"structure":"벽돌구조"},"geometry":{"type":"MultiPolygon","coordinates":[[[[126.926937,35.147477],[126.926947,35.147423],[126.926859,35.147406],[126.926857,35.147416],[126.926836,35.147411],[126.926834,35.147421],[126.926766,35.147409],[126.926755,35.147445],[126.926937,35.147477]]]]}},{"type":"Feature","id":"1974193373981830188500000000","properties":{"id":"1974193373981830188500000000","pnu":"1221011100105170034","year":1974,"purpose":"단독주택"},"geometry":{"type":"MultiPolygon","coordinates":[[[[126.928125,35.146354],[126.928157,35.146314],[126.928116,35.146285],[126.928157,35.146246],[126.928094,35.146211],[126.92802,35.146283],[126.928125,35.146354]]]]}},{"type":"Feature","id":"1974193379651830195400000000","properties":{"id":"1974193379651830195400000000","pnu":"1221011100105170034","year":1974,"purpose":"단독주택"},"geometry":{"type":"MultiPolygon","coordinates":[[[[126.928163,35.146311],[126.928188,35.146287],[126.928153,35.146262],[126.928128,35.146286],[126.928163,35.146311]]]]}},{"type":"Feature","id":"1974193382181830252400000000","properties":{"id":"1974193382181830252400000000","pnu":"1221011100105170034","year":1974,"purpose":"단독주택"},"geometry":{"type":"MultiPolygon","coordinates":[[[[126.928185,35.146359],[126.928209,35.146329],[126.928187,35.146317],[126.928163,35.146347],[126.928185,35.146359]]]]}},{"type":"Feature","id":"1974193386771830266300000000","properties":{"id":"1974193386771830266300000000","pnu":"1221011100105170034","year":1974,"purpose":"단독주택"},"geometry":{"type":"MultiPolygon","coordinates":[[[[126.928246,35.146404],[126.928273,35.146373],[126.928261,35.146361],[126.928285,35.146325],[126.928237,35.146296],[126.928181,35.146365],[126.928246,35.146404]]]]}},{"type":"Feature","id":"1975192583751823871400000000","properties":{"id":"1975192583751823871400000000","pnu":"1221012200100950014","year":1975,"purpose":"단독주택"},"geometry":{"type":"MultiPolygon","coordinates":[[[[126.919439,35.140639],[126.919492,35.140594],[126.919428,35.140525],[126.919364,35.140564],[126.919439,35.140639]]]]}},{"type":"Feature","id":"1975192591461823800200000000","properties":{"id":"1975192591461823800200000000","pnu":"1221012200100950014","year":1975,"purpose":"단독주택"},"geometry":{"type":"MultiPolygon","coordinates":[[[[126.91953,35.140566],[126.919569,35.140539],[126.919504,35.140469],[126.919459,35.140494],[126.91953,35.140566]]]]}},{"type":"Feature","id":"1975192606011826588900000000","properties":{"id":"1975192606011826588900000000","pnu":"1221011400101670000","year":1975,"purpose":"단독주택","far":89.92,"floors":2,"structure":"벽돌구조"},"geometry":{"type":"MultiPolygon","coordinates":[[[[126.919704,35.143088],[126.919738,35.14304],[126.919684,35.143006],[126.919691,35.142992],[126.919655,35.142972],[126.919603,35.143028],[126.919704,35.143088]]]]}},{"type":"Feature","id":"1975192644311828047300000000","properties":{"id":"1975192644311828047300000000","pnu":"1221011200100450000","year":1975,"purpose":"제2종 근린생활시설"},"geometry":{"type":"MultiPolygon","coordinates":[[[[126.920097,35.144459],[126.920207,35.144281],[126.920084,35.144232],[126.919975,35.14441],[126.920097,35.144459]]]]}},{"type":"Feature","id":"1975192721391821993400000000","properties":{"id":"1975192721391821993400000000","pnu":"1221012200100840034","year":1975,"purpose":"단독주택","far":48.09,"floors":1,"structure":"일반목구조"},"geometry":{"type":"MultiPolygon","coordinates":[[[[126.920949,35.13886],[126.920869,35.138936],[126.920912,35.138967],[126.921013,35.138859],[126.920943,35.138809],[126.920919,35.138832],[126.920949,35.13886]]]]}},{"type":"Feature","id":"1975192794891828128500000000","properties":{"id":"1975192794891828128500000000","pnu":"1221011800101110002","year":1975,"purpose":"제2종 근린생활시설"},"geometry":{"type":"MultiPolygon","coordinates":[[[[126.921781,35.14445],[126.921794,35.14441],[126.921706,35.144388],[126.921694,35.144431],[126.921781,35.14445]]]]}},{"type":"Feature","id":"1975192795171828205900000000","properties":{"id":"1975192795171828205900000000","pnu":"1221011800101110002","year":1975,"purpose":"제2종 근린생활시설"},"geometry":{"type":"MultiPolygon","coordinates":[[[[126.921797,35.144533],[126.921818,35.144484],[126.921694,35.144446],[126.921676,35.144495],[126.921797,35.144533]]]]}},{"type":"Feature","id":"1975192803711828384900000000","properties":{"id":"1975192803711828384900000000","pnu":"1221011800100830001","year":1975,"purpose":"제2종 근린생활시설","far":73.7045,"floors":2,"structure":"벽돌구조"},"geometry":{"type":"MultiPolygon","coordinates":[[[[126.921883,35.144707],[126.921912,35.144632],[126.921823,35.144599],[126.921789,35.14461],[126.921764,35.144668],[126.921883,35.144707]]]]}},{"type":"Feature","id":"1975192805021828545500000000","properties":{"id":"1975192805021828545500000000","pnu":"1221011800100870001","year":1975,"purpose":"단독주택","floors":2,"structure":"벽돌구조"},"geometry":{"type":"MultiPolygon","coordinates":[[[[126.921889,35.144866],[126.921946,35.144784],[126.921817,35.144724],[126.921764,35.14481],[126.921889,35.144866]]]]}},{"type":"Feature","id":"1975192809881827448600000000","properties":{"id":"1975192809881827448600000000","pnu":"1221011800101200001","year":1975,"purpose":"단독주택"},"geometry":{"type":"MultiPolygon","coordinates":[[[[126.921932,35.143865],[126.921973,35.143768],[126.921923,35.143751],[126.921909,35.143774],[126.921872,35.143763],[126.921841,35.143836],[126.921932,35.143865]]]]}},{"type":"Feature","id":"1975192851421827143400000000","properties":{"id":"1975192851421827143400000000","pnu":"1221011800101230002","year":1975,"purpose":"단독주택"},"geometry":{"type":"MultiPolygon","coordinates":[[[[126.922436,35.143582],[126.922459,35.14353],[126.922293,35.143481],[126.922273,35.143537],[126.922436,35.143582]]]]}},{"type":"Feature","id":"1975193206171831892900000000","properties":{"id":"1975193206171831892900000000","pnu":"1221010800101400022","year":1975,"purpose":"단독주택","floors":1,"structure":"벽돌구조"},"geometry":{"type":"MultiPolygon","coordinates":[[[[126.926187,35.147856],[126.926319,35.147855],[126.926318,35.147776],[126.926189,35.147775],[126.926187,35.147856]]]]}},{"type":"Feature","id":"1975193404531829018800000000","properties":{"id":"1975193404531829018800000000","pnu":"1221011800104220007","year":1975,"purpose":"제2종 근린생활시설","far":88.12,"floors":2,"structure":"벽돌구조"},"geometry":{"type":"MultiPolygon","coordinates":[[[[126.9284,35.145273],[126.9285,35.145224],[126.928459,35.14518],[126.928367,35.145229],[126.9284,35.145273]]]]}},{"type":"Feature","id":"1975193434841831016500000000","properties":{"id":"1975193434841831016500000000","pnu":"1221010800101170003","year":1975,"purpose":"단독주택"},"geometry":{"type":"MultiPolygon","coordinates":[[[[126.928775,35.147066],[126.928812,35.147024],[126.928744,35.14699],[126.928718,35.147026],[126.928775,35.147066]]]]}},{"type":"Feature","id":"1976192563871828239200000000","properties":{"id":"1976192563871828239200000000","pnu":"1221011200101550001","year":1976,"purpose":"제2종 근린생활시설","far":159.96,"floors":3,"structure":"벽돌구조"},"geometry":{"type":"MultiPolygon","coordinates":[[[[126.919222,35.144581],[126.919277,35.144493],[126.919208,35.144453],[126.919172,35.144506],[126.91915,35.144501],[126.919133,35.144535],[126.919222,35.144581]]]]}},{"type":"Feature","id":"1976192615331823772500000000","properties":{"id":"1976192615331823772500000000","pnu":"1221012200100930001","year":1976,"purpose":"숙박시설","floors":2,"structure":"철근콘크리트구조"},"geometry":{"type":"MultiPolygon","coordinates":[[[[126.919806,35.140527],[126.919813,35.140464],[126.919746,35.14046],[126.91974,35.140518],[126.919806,35.140527]]]]}},{"type":"Feature","id":"1976192617711828173900000000","properties":{"id":"1976192617711828173900000000","pnu":"1221011200100400005","year":1976,"purpose":"제1종 근린생활시설"},"geometry":{"type":"MultiPolygon","coordinates":[[[[126.919667,35.144515],[126.919851,35.144568],[126.919929,35.144404],[126.919749,35.144349],[126.919667,35.144515]]]]}},{"type":"Feature","id":"1976192631711826435100000000","properties":{"id":"1976192631711826435100000000","pnu":"1221011200101230000","purpose":"기타"},"geometry":{"type":"MultiPolygon","coordinates":[[[[126.919954,35.142897],[126.919955,35.142897],[126.919956,35.142896],[126.919957,35.142896],[126.919958,35.142896],[126.919958,35.142895],[126.919959,35.142894],[126.919959,35.142894],[126.919959,35.142893],[126.919959,35.142892],[126.919959,35.142891],[126.919959,35.142891],[126.919959,35.14289],[126.919958,35.142889],[126.919958,35.142889],[126.919957,35.142888],[126.919956,35.142888],[126.919955,35.142888],[126.919954,35.142888],[126.919953,35.142888],[126.919952,35.142888],[126.919951,35.142888],[126.91995,35.142889],[126.91995,35.142889],[126.919949,35.14289],[126.919949,35.142891],[126.919949,35.142891],[126.919949,35.142892],[126.919949,35.142893],[126.919949,35.142894],[126.919949,35.142894],[126.91995,35.142895],[126.91995,35.142896],[126.919951,35.142896],[126.919952,35.142896],[126.919953,35.142897],[126.919954,35.142897]]]]}},{"type":"Feature","id":"1976192634161826497200000000","properties":{"id":"1976192634161826497200000000","pnu":"1221011200101230000","year":1976,"purpose":"단독주택"},"geometry":{"type":"MultiPolygon","coordinates":[[[[126.919985,35.143001],[126.920043,35.142935],[126.919979,35.142897],[126.919918,35.142957],[126.919985,35.143001]]]]}},{"type":"Feature","id":"1976192635311827932500000000","properties":{"id":"1976192635311827932500000000","pnu":"1221011200100450000","year":1976,"purpose":"단독주택"},"geometry":{"type":"MultiPolygon","coordinates":[[[[126.920032,35.144294],[126.920066,35.144229],[126.919949,35.144191],[126.919919,35.144253],[126.920032,35.144294]]]]}},{"type":"Feature","id":"1976192697321822917700000000","properties":{"id":"1976192697321822917700000000","pnu":"1221012200100550009","year":1976,"purpose":"숙박시설","floors":3,"structure":"철근콘크리트구조"},"geometry":{"type":"MultiPolygon","coordinates":[[[[126.920714,35.139778],[126.920753,35.139728],[126.920639,35.13967],[126.920598,35.139709],[126.920714,35.139778]]]]}},{"type":"Feature","id":"1976192829121831726200000000","properties":{"id":"1976192829121831726200000000","pnu":"1221010700101030001","year":1976,"purpose":"제1종 근린생활시설","far":174.55,"floors":4,"structure":"철근콘크리트구조"},"geometry":{"type":"MultiPolygon","coordinates":[[[[126.922042,35.147695],[126.922185,35.147697],[126.922186,35.147628],[126.922047,35.147629],[126.922042,35.147695]]]]}},{"type":"Feature","id":"1976192876341827751800000000","properties":{"id":"1976192876341827751800000000","pnu":"1221011800101050000","year":1976,"purpose":"단독주택"},"geometry":{"type":"MultiPolygon","coordinates":[[[[126.922624,35.144119],[126.922687,35.144076],[126.92265,35.144044],[126.92259,35.144081],[126.922624,35.144119]]]]}},{"type":"Feature","id":"1976192962921821933100000000","properties":{"id":"1976192962921821933100000000","pnu":"1221012200100270007","year":1976,"purpose":"단독주택","floors":2,"structure":"벽돌구조"},"geometry":{"type":"MultiPolygon","coordinates":[[[[126.923571,35.138894],[126.923655,35.138808],[126.923614,35.138782],[126.923532,35.138859],[126.923571,35.138894]]]]}},{"type":"Feature","id":"1976192982781827737800000000","properties":{"id":"1976192982781827737800000000","pnu":"1221011800100960001","year":1976,"purpose":"단독주택","floors":1,"structure":"벽돌구조"},"geometry":{"type":"MultiPolygon","coordinates":[[[[126.923839,35.144113],[126.923869,35.144056],[126.92377,35.144026],[126.923742,35.14408],[126.923839,35.144113]]]]}},{"type":"Feature","id":"1976193053721829018700000000","properties":{"id":"1976193053721829018700000000","pnu":"1221011800100190008","year":1976,"purpose":"단독주택"},"geometry":{"type":"MultiPolygon","coordinates":[[[[126.924525,35.145285],[126.924673,35.145198],[126.924639,35.145163],[126.924492,35.145251],[126.924525,35.145285]]]]}},{"type":"Feature","id":"1976193259271831559300000000","properties":{"id":"1976193259271831559300000000","pnu":"1221010800101420062","year":1976,"purpose":"단독주택","floors":1,"structure":"벽돌구조"},"geometry":{"type":"MultiPolygon","coordinates":[[[[126.926901,35.147562],[126.926919,35.147499],[126.926775,35.147465],[126.926754,35.147536],[126.926901,35.147562]]]]}},{"type":"Feature","id":"1976193346051828764500000000","properties":{"id":"1976193346051828764500000000","pnu":"1221011800104230004","year":1976,"purpose":"단독주택"},"geometry":{"type":"MultiPolygon","coordinates":[[[[126.92779,35.145062],[126.927852,35.145024],[126.927816,35.144975],[126.927833,35.144962],[126.927803,35.144934],[126.927724,35.144976],[126.92779,35.145062]]]]}},{"type":"Feature","id":"1977192631801828192500000000","properties":{"id":"1977192631801828192500000000","pnu":"1221011200100400006","year":1977,"purpose":"단독주택","floors":2,"structure":"벽돌구조"},"geometry":{"type":"MultiPolygon","coordinates":[[[[126.919954,35.144542],[126.920009,35.144434],[126.919945,35.144412],[126.919924,35.144453],[126.919934,35.144456],[126.9199,35.144523],[126.919954,35.144542]]]]}},{"type":"Feature","id":"1977192661721825721200000000","properties":{"id":"1977192661721825721200000000","pnu":"1221012200101160003","year":1977,"purpose":"제1종 근린생활시설","floors":2,"structure":"철근콘크리트구조"},"geometry":{"type":"MultiPolygon","coordinates":[[[[126.920323,35.142266],[126.920328,35.142221],[126.920294,35.14222],[126.920259,35.14223],[126.920231,35.142269],[126.920239,35.142278],[126.920323,35.142266]]]]}},{"type":"Feature","id":"1977192663321825394900000000","properties":{"id":"1977192663321825394900000000","pnu":"1221012200101130005","year":1977,"purpose":"단독주택"},"geometry":{"type":"MultiPolygon","coordinates":[[[[126.920316,35.142029],[126.920374,35.14193],[126.920262,35.141888],[126.920233,35.141938],[126.920282,35.141958],[126.920252,35.142004],[126.920316,35.142029]]]]}},{"type":"Feature","id":"1977192673931825666000000000","properties":{"id":"1977192673931825666000000000","pnu":"1221012200101130002","year":1977,"purpose":"제1종 근린생활시설"},"geometry":{"type":"MultiPolygon","coordinates":[[[[126.920333,35.142263],[126.920506,35.142223],[126.920525,35.142196],[126.920453,35.142139],[126.920358,35.142155],[126.920335,35.142213],[126.920333,35.142263]]]]}},{"type":"Feature","id":"1977192713121821652100000000","properties":{"id":"1977192713121821652100000000","pnu":"1221012200100550046","year":1977,"purpose":"제2종 근린생활시설"},"geometry":{"type":"MultiPolygon","coordinates":[[[[126.920843,35.138611],[126.920882,35.13857],[126.92086,35.138552],[126.920821,35.138591],[126.920843,35.138611]]]]}},{"type":"Feature","id":"1977192716001821765900000000","properties":{"id":"1977192716001821765900000000","pnu":"1221012200100550046","year":1977,"purpose":"제2종 근린생활시설"},"geometry":{"type":"MultiPolygon","coordinates":[[[[126.920943,35.138756],[126.920968,35.138732],[126.920829,35.138614],[126.920797,35.138637],[126.920943,35.138756]]]]}},{"type":"Feature","id":"1977192723001821735900000000","properties":{"id":"1977192723001821735900000000","pnu":"1221012200100550046","year":1977,"purpose":"제1종 근린생활시설"},"geometry":{"type":"MultiPolygon","coordinates":[[[[126.921045,35.138692],[126.920927,35.138582],[126.920873,35.138625],[126.920998,35.138732],[126.921045,35.138692]]]]}},{"type":"Feature","id":"1977192723231821627500000000","properties":{"id":"1977192723231821627500000000","pnu":"1221012200100550046","year":1977,"purpose":"단독주택"},"geometry":{"type":"MultiPolygon","coordinates":[[[[126.921013,35.138634],[126.921056,35.138594],[126.920909,35.138483],[126.920877,35.13851],[126.920891,35.138523],[126.920878,35.138533],[126.921013,35.138634]]]]}},{"type":"Feature","id":"1977192741891829148000000000","properties":{"id":"1977192741891829148000000000","pnu":"1221011800100510008","year":1977,"purpose":"제2종 근린생활시설","far":232.22,"floors":3,"structure":"벽돌구조"},"geometry":{"type":"MultiPolygon","coordinates":[[[[126.921161,35.145343],[126.921162,35.145343],[126.921163,35.145342],[126.921163,35.145342],[126.921164,35.145342],[126.921165,35.145341],[126.921165,35.14534],[126.921166,35.14534],[126.921166,35.145339],[126.921166,35.145338],[126.921166,35.145337],[126.921166,35.145337],[126.921165,35.145336],[126.921165,35.145335],[126.921164,35.145335],[126.921163,35.145334],[126.921163,35.145334],[126.921162,35.145334],[126.921161,35.145334],[126.92116,35.145334],[126.921159,35.145334],[126.921158,35.145334],[126.921157,35.145335],[126.921157,35.145335],[126.921156,35.145336],[126.921156,35.145337],[126.921155,35.145337],[126.921155,35.145338],[126.921155,35.145339],[126.921156,35.14534],[126.921156,35.14534],[126.921156,35.145341],[126.921157,35.145342],[126.921158,35.145342],[126.921159,35.145342],[126.92116,35.145343],[126.921161,35.145343]]]]}},{"type":"Feature","id":"1977192746281823158800000000","properties":{"id":"1977192746281823158800000000","pnu":"1221012200100560007","year":1977,"purpose":"기타"},"geometry":{"type":"MultiPolygon","coordinates":[[[[126.921189,35.140045],[126.921324,35.139886],[126.921243,35.139835],[126.921104,35.13999],[126.921189,35.140045]]]]}},{"type":"Feature","id":"1977192757081823151900000000","properties":{"id":"1977192757081823151900000000","pnu":"1221012200100560007","purpose":"제1종 근린생활시설"},"geometry":{"type":"MultiPolygon","coordinates":[[[[126.921302,35.14001],[126.921412,35.139884],[126.921363,35.139857],[126.921254,35.139983],[126.921302,35.14001]]]]}},{"type":"Feature","id":"1977192792491828565400000000","properties":{"id":"1977192792491828565400000000","pnu":"1221011800100820000","year":1977,"purpose":"제1종 근린생활시설","far":124.06,"floors":3,"structure":"철근콘크리트구조"},"geometry":{"type":"MultiPolygon","coordinates":[[[[126.921714,35.144914],[126.921722,35.144912],[126.92175,35.144864],[126.921742,35.144843],[126.921761,35.144738],[126.921757,35.144731],[126.921698,35.144749],[126.921704,35.144762],[126.921661,35.144775],[126.92168,35.144817],[126.921672,35.144819],[126.921714,35.144914]]]]}},{"type":"Feature","id":"1977192795731827243700000000","properties":{"id":"1977192795731827243700000000","pnu":"1221011200100660000","year":1977,"purpose":"단독주택"},"geometry":{"type":"MultiPolygon","coordinates":[[[[126.921779,35.143681],[126.921813,35.143587],[126.921728,35.143565],[126.921692,35.143654],[126.921779,35.143681]]]]}},{"type":"Feature","id":"1977192825431831328400000000","properties":{"id":"1977192825431831328400000000","pnu":"1221010700101030015","year":1977,"purpose":"단독주택","floors":2,"structure":"벽돌구조"},"geometry":{"type":"MultiPolygon","coordinates":[[[[126.922049,35.147352],[126.922102,35.147352],[126.922102,35.147257],[126.922049,35.147256],[126.922049,35.147352]]]]}},{"type":"Feature","id":"1977192959861828624200000000","properties":{"id":"1977192959861828624200000000","pnu":"1221011800100270017","year":1977,"purpose":"단독주택","floors":2,"structure":"벽돌구조"},"geometry":{"type":"MultiPolygon","coordinates":[[[[126.923622,35.144901],[126.923563,35.144806],[126.923484,35.144839],[126.923528,35.144909],[126.923569,35.144922],[126.923622,35.144901]]]]}},{"type":"Feature","id":"1977192972321821870200000000","properties":{"id":"1977192972321821870200000000","pnu":"1221012200100440013","year":1977,"purpose":"제1종 근린생활시설","floors":2,"structure":"벽돌구조"},"geometry":{"type":"MultiPolygon","coordinates":[[[[126.92372,35.138829],[126.923755,35.138785],[126.923667,35.138733],[126.923635,35.138767],[126.92372,35.138829]]]]}},{"type":"Feature","id":"1977193058091828779600000000","properties":{"id":"1977193058091828779600000000","pnu":"1221011800100190010","year":1977,"purpose":"제1종 근린생활시설","far":88.7,"floors":2,"structure":"벽돌구조"},"geometry":{"type":"MultiPolygon","coordinates":[[[[126.924617,35.145054],[126.924688,35.145018],[126.924641,35.144961],[126.924576,35.145],[126.924617,35.145054]]]]}},{"type":"Feature","id":"1977193061951827277400000000","properties":{"id":"1977193061951827277400000000","pnu":"1221011800104710008","purpose":"기타"},"geometry":{"type":"MultiPolygon","coordinates":[[[[126.924651,35.143695],[126.924727,35.143641],[126.924698,35.143611],[126.924619,35.143674],[126.924651,35.143695]]]]}},{"type":"Feature","id":"1977193067371821550900000000","properties":{"id":"1977193067371821550900000000","pnu":"1221012200100290008","year":1977,"purpose":"단독주택","floors":2,"structure":"벽돌구조"},"geometry":{"type":"MultiPolygon","coordinates":[[[[126.924738,35.138535],[126.924786,35.138482],[126.924742,35.138451],[126.92469,35.138503],[126.924738,35.138535]]]]}},{"type":"Feature","id":"1977193067471827346200000000","properties":{"id":"1977193067471827346200000000","pnu":"1221011800104710008","year":1977,"purpose":"단독주택"},"geometry":{"type":"MultiPolygon","coordinates":[[[[126.924713,35.143766],[126.9248,35.143714],[126.92476,35.143667],[126.924669,35.143718],[126.924713,35.143766]]]]}},{"type":"Feature","id":"1977193109241829028300000000","properties":{"id":"1977193109241829028300000000","pnu":"1221011800100210005","year":1977,"purpose":"단독주택","floors":2,"structure":"벽돌구조"},"geometry":{"type":"MultiPolygon","coordinates":[[[[126.925227,35.145265],[126.925232,35.145208],[126.925158,35.1452],[126.925151,35.145257],[126.925227,35.145265]]]]}},{"type":"Feature","id":"1977193438821830564800000000","properties":{"id":"1977193438821830564800000000","pnu":"1221011100105190003","year":1977,"purpose":"단독주택","far":82.41,"floors":2,"structure":"벽돌구조"},"geometry":{"type":"MultiPolygon","coordinates":[[[[126.928819,35.146676],[126.928879,35.146598],[126.928806,35.14656],[126.928777,35.146613],[126.928747,35.146606],[126.928728,35.146635],[126.928819,35.146676]]]]}},{"type":"Feature","id":"1978192546731825085800000000","properties":{"id":"1978192546731825085800000000","pnu":"1221012200101400002","year":1978,"purpose":"단독주택"},"geometry":{"type":"MultiPolygon","coordinates":[[[[126.919039,35.14173],[126.919086,35.141656],[126.919005,35.141622],[126.91896,35.141693],[126.919039,35.14173]]]]}},{"type":"Feature","id":"1978192552051825196100000000","properties":{"id":"1978192552051825196100000000","pnu":"1221012200101400002","year":1978,"purpose":"제1종 근린생활시설"},"geometry":{"type":"MultiPolygon","coordinates":[[[[126.918974,35.141801],[126.919002,35.141812],[126.919,35.141816],[126.919088,35.141851],[126.919128,35.141784],[126.919142,35.141789],[126.919185,35.141712],[126.919129,35.14169],[126.919085,35.141767],[126.919012,35.141738],[126.918974,35.141801]]]]}},{"type":"Feature","id":"1978192574981827222000000000","properties":{"id":"1978192574981827222000000000","pnu":"1221011200101410000","year":1978,"purpose":"단독주택"},"geometry":{"type":"MultiPolygon","coordinates":[[[[126.919349,35.143663],[126.919411,35.143582],[126.919366,35.143562],[126.919355,35.143573],[126.919307,35.143554],[126.919298,35.143563],[126.919283,35.143557],[126.919251,35.143599],[126.919349,35.143663]]]]}},{"type":"Feature","id":"1978192575921827146600000000","properties":{"id":"1978192575921827146600000000","pnu":"1221011200101410000","purpose":"기타"},"geometry":{"type":"MultiPolygon","coordinates":[[[[126.919341,35.143537],[126.919342,35.143537],[126.919343,35.143537],[126.919344,35.143537],[126.919345,35.143536],[126.919345,35.143536],[126.919346,35.143535],[126.919346,35.143535],[126.919347,35.143534],[126.919347,35.143533],[126.919347,35.143532],[126.919346,35.143531],[126.919346,35.143531],[126.919345,35.14353],[126.919345,35.14353],[126.919344,35.143529],[126.919343,35.143529],[126.919342,35.143529],[126.919341,35.143528],[126.91934,35.143529],[126.919339,35.143529],[126.919338,35.143529],[126.919338,35.14353],[126.919337,35.14353],[126.919336,35.143531],[126.919336,35.143531],[126.919336,35.143532],[126.919336,35.143533],[126.919336,35.143534],[126.919336,35.143535],[126.919336,35.143535],[126.919337,35.143536],[126.919338,35.143536],[126.919338,35.143537],[126.919339,35.143537],[126.91934,35.143537],[126.919341,35.143537]]]]}},{"type":"Feature","id":"1978192686841821618300000000","properties":{"id":"1978192686841821618300000000","pnu":"1221012200100810013","year":1978,"purpose":"단독주택","floors":2,"structure":"철근콘크리트구조"},"geometry":{"type":"MultiPolygon","coordinates":[[[[126.920592,35.138603],[126.920631,35.138569],[126.920536,35.138498],[126.920495,35.138534],[126.920592,35.138603]]]]}},{"type":"Feature","id":"1978192752281827544800000000","properties":{"id":"1978192752281827544800000000","pnu":"1221011200100880004","year":1978,"purpose":"제1종 근린생활시설","far":58.249359,"floors":1,"structure":"경량철골구조"},"geometry":{"type":"MultiPolygon","coordinates":[[[[126.92128,35.143946],[126.921313,35.143938],[126.921271,35.14384],[126.921239,35.143847],[126.92128,35.143946]]]]}},{"type":"Feature","id":"1978192786541827501800000000","properties":{"id":"1978192786541827501800000000","pnu":"1221011200100650003","year":1978,"purpose":"단독주택","floors":2,"structure":"벽돌구조"},"geometry":{"type":"MultiPolygon","coordinates":[[[[126.921695,35.143908],[126.921706,35.14388],[126.921706,35.143826],[126.921613,35.143799],[126.92159,35.143882],[126.921695,35.143908]]]]}},{"type":"Feature","id":"1978192827511829833400000000","properties":{"id":"1978192827511829833400000000","pnu":"1221011800100500004","year":1978,"purpose":"제1종 근린생활시설","far":136.91,"floors":3,"structure":"벽돌구조"},"geometry":{"type":"MultiPolygon","coordinates":[[[[126.922125,35.145987],[126.922156,35.145961],[126.922111,35.145917],[126.922057,35.145933],[126.922057,35.145987],[126.922125,35.145987]]]]}},{"type":"Feature","id":"1978192834861831329300000000","properties":{"id":"1978192834861831329300000000","pnu":"1221010700101030009","year":1978,"purpose":"단독주택","floors":2,"structure":"벽돌구조"},"geometry":{"type":"MultiPolygon","coordinates":[[[[126.922119,35.147335],[126.922237,35.147336],[126.922239,35.147275],[126.922121,35.147274],[126.922119,35.147335]]]]}},{"type":"Feature","id":"1978192835611827252600000000","properties":{"id":"1978192835611827252600000000","pnu":"1221011800101220001","year":1978,"purpose":"단독주택","floors":2,"structure":"벽돌구조"},"geometry":{"type":"MultiPolygon","coordinates":[[[[126.922204,35.143678],[126.922235,35.143602],[126.922175,35.143583],[126.922148,35.14366],[126.922204,35.143678]]]]}},{"type":"Feature","id":"1978192836111827173300000000","properties":{"id":"1978192836111827173300000000","pnu":"1221011800101220001","purpose":"기타","structure":"벽돌구조"},"geometry":{"type":"MultiPolygon","coordinates":[[[[126.922222,35.14359],[126.922247,35.143552],[126.922165,35.143527],[126.92215,35.143567],[126.922222,35.14359]]]]}},{"type":"Feature","id":"1978192845971831681000000000","properties":{"id":"1978192845971831681000000000","pnu":"1221010700101010107","year":1978,"purpose":"제2종 근린생활시설","floors":2,"structure":"벽돌구조"},"geometry":{"type":"MultiPolygon","coordinates":[[[[126.922296,35.147699],[126.922379,35.147577],[126.922305,35.147544],[126.922222,35.147669],[126.922296,35.147699]]]]}},{"type":"Feature","id":"1978193022931827090600000000","properties":{"id":"1978193022931827090600000000","pnu":"1221011800104700025","year":1978,"purpose":"단독주택"},"geometry":{"type":"MultiPolygon","coordinates":[[[[126.924227,35.143531],[126.924303,35.143498],[126.924267,35.143442],[126.924191,35.143471],[126.924227,35.143531]]]]}},{"type":"Feature","id":"1978193055431829517600000000","properties":{"id":"1978193055431829517600000000","pnu":"1221011800100200001","year":1978,"purpose":"단독주택"},"geometry":{"type":"MultiPolygon","coordinates":[[[[126.924601,35.145733],[126.924661,35.145696],[126.924634,35.145662],[126.924646,35.145649],[126.924616,35.145613],[126.924532,35.145664],[126.924601,35.145733]]]]}},{"type":"Feature","id":"1978193062901821213500000000","properties":{"id":"1978193062901821213500000000","pnu":"1221012200100400000","year":1978,"purpose":"단독주택","floors":2,"structure":"벽돌구조"},"geometry":{"type":"MultiPolygon","coordinates":[[[[126.924722,35.138242],[126.924759,35.138193],[126.924658,35.138137],[126.92462,35.138181],[126.924722,35.138242]]]]}},{"type":"Feature","id":"1978193068041821107400000000","properties":{"id":"1978193068041821107400000000","pnu":"1221012200100400015","year":1978,"purpose":"단독주택","floors":2,"structure":"벽돌구조"},"geometry":{"type":"MultiPolygon","coordinates":[[[[126.924754,35.138154],[126.924815,35.138081],[126.924738,35.138033],[126.924679,35.138104],[126.924754,35.138154]]]]}},{"type":"Feature","id":"1978193074191821018600000000","properties":{"id":"1978193074191821018600000000","pnu":"1221012200100400016","year":1978,"purpose":"단독주택","floors":2,"structure":"벽돌구조"},"geometry":{"type":"MultiPolygon","coordinates":[[[[126.924824,35.138064],[126.92488,35.138013],[126.924803,35.137963],[126.924749,35.138011],[126.924824,35.138064]]]]}},{"type":"Feature","id":"1978193075061821293900000000","properties":{"id":"1978193075061821293900000000","pnu":"1221012200100400011","year":1978,"purpose":"단독주택","floors":2,"structure":"벽돌구조"},"geometry":{"type":"MultiPolygon","coordinates":[[[[126.924869,35.138309],[126.924896,35.138261],[126.924773,35.138214],[126.924752,35.13826],[126.924869,35.138309]]]]}},{"type":"Feature","id":"1978193077671821195600000000","properties":{"id":"1978193077671821195600000000","pnu":"1221012200100400012","year":1978,"purpose":"단독주택","floors":2,"structure":"벽돌구조"},"geometry":{"type":"MultiPolygon","coordinates":[[[[126.924908,35.138221],[126.92492,35.138168],[126.924864,35.138153],[126.924869,35.138134],[126.924808,35.138121],[126.924792,35.138162],[126.924802,35.138195],[126.924908,35.138221]]]]}},{"type":"Feature","id":"1978193082891821081000000000","properties":{"id":"1978193082891821081000000000","pnu":"1221012200100400013","year":1978,"purpose":"단독주택","floors":2,"structure":"벽돌구조"},"geometry":{"type":"MultiPolygon","coordinates":[[[[126.924952,35.138108],[126.924964,35.138053],[126.92487,35.138031],[126.924851,35.138083],[126.924952,35.138108]]]]}},{"type":"Feature","id":"1978193108281829102900000000","properties":{"id":"1978193108281829102900000000","pnu":"1221011800100200011","year":1978,"purpose":"단독주택"},"geometry":{"type":"MultiPolygon","coordinates":[[[[126.925167,35.145332],[126.925224,35.145307],[126.925224,35.145284],[126.925145,35.145276],[126.925143,35.145302],[126.925167,35.145332]]]]}},{"type":"Feature","id":"1978193154661830602000000000","properties":{"id":"1978193154661830602000000000","pnu":"1221011800100100003","year":1978,"purpose":"단독주택","floors":2,"structure":"벽돌구조"},"geometry":{"type":"MultiPolygon","coordinates":[[[[126.925726,35.146742],[126.925794,35.146689],[126.925656,35.146562],[126.925582,35.146614],[126.925726,35.146742]]]]}},{"type":"Feature","id":"1978193206271832050400000000","properties":{"id":"1978193206271832050400000000","pnu":"1221010800101430061","year":1978,"purpose":"단독주택","floors":2,"structure":"벽돌구조"},"geometry":{"type":"MultiPolygon","coordinates":[[[[126.926201,35.148011],[126.926311,35.148004],[126.926312,35.147914],[126.926264,35.147913],[126.926264,35.147902],[126.926201,35.147905],[126.926201,35.148011]]]]}},{"type":"Feature","id":"1978193343981830285900000000","properties":{"id":"1978193343981830285900000000","pnu":"1221010800101200026","year":1978,"purpose":"단독주택"},"geometry":{"type":"MultiPolygon","coordinates":[[[[126.927765,35.146429],[126.927798,35.146409],[126.927795,35.146394],[126.927831,35.146368],[126.92779,35.14632],[126.927778,35.146325],[126.92777,35.146318],[126.927698,35.14635],[126.927765,35.146429]]]]}},{"type":"Feature","id":"1979192575581826660200000000","properties":{"id":"1979192575581826660200000000","pnu":"1221011400101630001","year":1979,"purpose":"단독주택","floors":2,"structure":"벽돌구조"},"geometry":{"type":"MultiPolygon","coordinates":[[[[126.919365,35.143156],[126.919419,35.143098],[126.919315,35.143032],[126.919255,35.143092],[126.919365,35.143156]]]]}},{"type":"Feature","id":"1979192589571827037100000000","properties":{"id":"1979192589571827037100000000","pnu":"1221011200101330000","purpose":"기타"},"geometry":{"type":"MultiPolygon","coordinates":[[[[126.919469,35.143482],[126.919508,35.143453],[126.919503,35.143449],[126.919547,35.143412],[126.919521,35.143387],[126.919436,35.143448],[126.919469,35.143482]]]]}},{"type":"Feature","id":"1979192595331826205700000000","properties":{"id":"1979192595331826205700000000","pnu":"1221011400101710002","purpose":"단독주택","floors":2,"structure":"벽돌구조"},"geometry":{"type":"MultiPolygon","coordinates":[[[[126.9196,35.142746],[126.919639,35.142692],[126.919605,35.142676],[126.91961,35.142665],[126.919517,35.142622],[126.919471,35.142691],[126.9196,35.142746]]]]}},{"type":"Feature","id":"1979192596581827076900000000","properties":{"id":"1979192596581827076900000000","pnu":"1221011200101330000","year":1979,"purpose":"단독주택"},"geometry":{"type":"MultiPolygon","coordinates":[[[[126.919506,35.143485],[126.919563,35.14352],[126.919628,35.143458],[126.919576,35.143419],[126.919506,35.143485]]]]}},{"type":"Feature","id":"1979192598331827125400000000","properties":{"id":"1979192598331827125400000000","pnu":"1221011200101330000","purpose":"기타"},"geometry":{"type":"MultiPolygon","coordinates":[[[[126.91958,35.143517],[126.919589,35.143521],[126.919595,35.143511],[126.919585,35.143508],[126.91958,35.143517]]]]}},{"type":"Feature","id":"1979192599031826684000000000","properties":{"id":"1979192599031826684000000000","pnu":"1221011400101660000","year":1979,"purpose":"단독주택","floors":2,"structure":"벽돌구조"},"geometry":{"type":"MultiPolygon","coordinates":[[[[126.919633,35.143186],[126.919689,35.143113],[126.919632,35.143086],[126.919623,35.143095],[126.919595,35.143081],[126.919603,35.143066],[126.919568,35.143045],[126.919499,35.143111],[126.919633,35.143186]]]]}},{"type":"Feature","id":"1979192690371828443800000000","properties":{"id":"1979192690371828443800000000","pnu":"1221011200100510000","year":1979,"purpose":"제2종 근린생활시설"},"geometry":{"type":"MultiPolygon","coordinates":[[[[126.920612,35.144776],[126.920669,35.144682],[126.920555,35.14464],[126.920527,35.144691],[126.920549,35.144703],[126.920585,35.144769],[126.920612,35.144776]]]]}},{"type":"Feature","id":"1979192732641824712800000000","properties":{"id":"1979192732641824712800000000","pnu":"1221012200101100008","year":1979,"purpose":"제1종 근린생활시설","far":298.46473,"floors":5,"structure":"철근콘크리트구조"},"geometry":{"type":"MultiPolygon","coordinates":[[[[126.921209,35.14133],[126.921069,35.141251],[126.921055,35.141265],[126.920998,35.14124],[126.920909,35.141346],[126.921111,35.141447],[126.921133,35.141423],[126.921143,35.141429],[126.921209,35.14133]]]]}},{"type":"Feature","id":"1979192793871826896500000000","properties":{"id":"1979192793871826896500000000","pnu":"1221011200100680001","year":1979,"purpose":"제2종 근린생활시설","floors":2,"structure":"벽돌구조"},"geometry":{"type":"MultiPolygon","coordinates":[[[[126.921668,35.143331],[126.921776,35.143358],[126.921798,35.143287],[126.921689,35.143261],[126.921668,35.143331]]]]}},{"type":"Feature","id":"1979192838401831980500000000","properties":{"id":"1979192838401831980500000000","pnu":"1221010700101020007","year":1979,"purpose":"제1종 근린생활시설","far":71.6444,"floors":2,"structure":"벽돌구조"},"geometry":{"type":"MultiPolygon","coordinates":[[[[126.922245,35.147952],[126.922276,35.147857],[126.922192,35.147834],[126.922155,35.147922],[126.922245,35.147952]]]]}},{"type":"Feature","id":"1979192878031831720200000000","properties":{"id":"1979192878031831720200000000","pnu":"1221010700101010042","year":1979,"purpose":"단독주택","floors":2,"structure":"벽돌구조"},"geometry":{"type":"MultiPolygon","coordinates":[[[[126.922656,35.147714],[126.922715,35.147648],[126.922653,35.147603],[126.922588,35.147662],[126.922656,35.147714]]]]}},{"type":"Feature","id":"1979192900371828261000000000","properties":{"id":"1979192900371828261000000000","pnu":"1221011800100930008","year":1979,"purpose":"단독주택","floors":2,"structure":"벽돌구조"},"geometry":{"type":"MultiPolygon","coordinates":[[[[126.922931,35.144597],[126.922972,35.144558],[126.922869,35.144484],[126.922828,35.144518],[126.922931,35.144597]]]]}},{"type":"Feature","id":"1979192971701827659300000000","properties":{"id":"1979192971701827659300000000","pnu":"1221011800100960004","year":1979,"purpose":"단독주택","floors":2,"structure":"벽돌구조"},"geometry":{"type":"MultiPolygon","coordinates":[[[[126.923711,35.14405],[126.923749,35.143989],[126.923652,35.143948],[126.92362,35.144004],[126.923711,35.14405]]]]}},{"type":"Feature","id":"1979193046581821228100000000","properties":{"id":"1979193046581821228100000000","pnu":"1221012200100290019","year":1979,"purpose":"단독주택"},"geometry":{"type":"MultiPolygon","coordinates":[[[[126.924521,35.138255],[126.924578,35.138201],[126.924504,35.138148],[126.924442,35.138203],[126.924521,35.138255]]]]}},{"type":"Feature","id":"1979193054031830006500000000","properties":{"id":"1979193054031830006500000000","pnu":"1221011800100170003","year":1979,"purpose":"단독주택","far":97.83,"floors":2,"structure":"벽돌구조"},"geometry":{"type":"MultiPolygon","coordinates":[[[[126.924556,35.146166],[126.924653,35.146097],[126.92462,35.146063],[126.924564,35.146101],[126.92456,35.146096],[126.924519,35.146126],[126.924556,35.146166]]]]}},{"type":"Feature","id":"1979193063081828714400000000","properties":{"id":"1979193063081828714400000000","pnu":"1221011800100220000","year":1979,"purpose":"제1종 근린생활시설","floors":2,"structure":"벽돌구조"},"geometry":{"type":"MultiPolygon","coordinates":[[[[126.924705,35.145014],[126.924716,35.145014],[126.924732,35.14497],[126.924671,35.14489],[126.92463,35.144911],[126.924705,35.145014]]]]}},{"type":"Feature","id":"1979193125861829995200000000","properties":{"id":"1979193125861829995200000000","pnu":"1221011800100100012","year":1979,"purpose":"단독주택","floors":2,"structure":"벽돌구조"},"geometry":{"type":"MultiPolygon","coordinates":[[[[126.925351,35.146161],[126.925445,35.146113],[126.9254,35.146049],[126.925301,35.146094],[126.925351,35.146161]]]]}},{"type":"Feature","id":"1979193241651830683500000000","properties":{"id":"1979193241651830683500000000","pnu":"1221010800101380015","year":1979,"purpose":"단독주택","floors":2,"structure":"벽돌구조"},"geometry":{"type":"MultiPolygon","coordinates":[[[[126.926613,35.146779],[126.92671,35.146713],[126.92667,35.146674],[126.92658,35.146737],[126.926613,35.146779]]]]}},{"type":"Feature","id":"1979193247671830786500000000","properties":{"id":"1979193247671830786500000000","pnu":"1221010800101380008","year":1979,"purpose":"단독주택","floors":2,"structure":"벽돌구조"},"geometry":{"type":"MultiPolygon","coordinates":[[[[126.926691,35.146879],[126.926786,35.146811],[126.926734,35.146761],[126.926633,35.14682],[126.926691,35.146879]]]]}},{"type":"Feature","id":"1979193408871830367000000000","properties":{"id":"1979193408871830367000000000","pnu":"1221011100105180007","year":1979,"purpose":"단독주택","far":180.98,"floors":3,"structure":"벽돌구조"},"geometry":{"type":"MultiPolygon","coordinates":[[[[126.928446,35.146506],[126.928551,35.146454],[126.9285,35.14637],[126.928456,35.146391],[126.928412,35.146472],[126.928446,35.146506]]]]}},{"type":"Feature","id":"1979193432291830678900000000","properties":{"id":"1979193432291830678900000000","pnu":"1221011100105190000","year":1979,"purpose":"단독주택","floors":2,"structure":"벽돌구조"},"geometry":{"type":"MultiPolygon","coordinates":[[[[126.928737,35.146784],[126.928797,35.146693],[126.92873,35.146663],[126.928676,35.146752],[126.928737,35.146784]]]]}},{"type":"Feature","id":"1980192550981828564900000000","properties":{"id":"1980192550981828564900000000","pnu":"1221011200101670005","year":1980,"purpose":"제2종 근린생활시설","floors":4,"structure":"철근콘크리트구조"},"geometry":{"type":"MultiPolygon","coordinates":[[[[126.919017,35.144758],[126.91899,35.144832],[126.91911,35.144867],[126.919143,35.144787],[126.919017,35.144758]]]]}},{"type":"Feature","id":"1980192633661828459100000000","properties":{"id":"1980192633661828459100000000","pnu":"1221011200100340000","year":1980,"purpose":"단독주택"},"geometry":{"type":"MultiPolygon","coordinates":[[[[126.920019,35.144775],[126.920054,35.144689],[126.91993,35.144658],[126.919892,35.144743],[126.920019,35.144775]]]]}},{"type":"Feature","id":"1980192683061823516400000000","properties":{"id":"1980192683061823516400000000","pnu":"1221012200100740008","year":1980,"purpose":"숙박시설","far":216.77,"floors":4,"structure":"철근콘크리트구조"},"geometry":{"type":"MultiPolygon","coordinates":[[[[126.920535,35.140364],[126.920638,35.140246],[126.920479,35.140157],[126.920437,35.140206],[126.920471,35.140227],[126.920413,35.140294],[126.920535,35.140364]]]]}},{"type":"Feature","id":"1980192686261823145400000000","properties":{"id":"1980192686261823145400000000","pnu":"1221012200100740007","year":1980,"purpose":"숙박시설","floors":3,"structure":"벽돌구조"},"geometry":{"type":"MultiPolygon","coordinates":[[[[126.920573,35.139994],[126.920635,35.139922],[126.920556,35.139866],[126.920469,35.139919],[126.920501,35.139947],[126.920573,35.139994]]]]}},{"type":"Feature","id":"1980192716171823052200000000","properties":{"id":"1980192716171823052200000000","pnu":"1221012200100760005","year":1980,"purpose":"기타","far":257.23,"floors":4,"structure":"철근콘크리트구조"},"geometry":{"type":"MultiPolygon","coordinates":[[[[126.920955,35.139916],[126.921005,35.13986],[126.920932,35.139822],[126.920914,35.139839],[126.920785,35.139768],[126.920754,35.139807],[126.920955,35.139916]]]]}},{"type":"Feature","id":"1980192760641822811700000000","properties":{"id":"1980192760641822811700000000","pnu":"1221012200100550091","year":1980,"purpose":"기타"},"geometry":{"type":"MultiPolygon","coordinates":[[[[126.921321,35.139725],[126.921473,35.139554],[126.921433,35.139526],[126.921271,35.139693],[126.921321,35.139725]]]]}},{"type":"Feature","id":"1980192769151827576200000000","properties":{"id":"1980192769151827576200000000","pnu":"1221011200100650001","year":1980,"purpose":"단독주택","floors":2,"structure":"벽돌구조"},"geometry":{"type":"MultiPolygon","coordinates":[[[[126.921483,35.143975],[126.921518,35.143895],[126.921436,35.143867],[126.921407,35.143951],[126.921483,35.143975]]]]}},{"type":"Feature","id":"1980192778381829126600000000","properties":{"id":"1980192778381829126600000000","pnu":"1221011800100910013","year":1980,"purpose":"제1종 근린생활시설"},"geometry":{"type":"MultiPolygon","coordinates":[[[[126.921602,35.14536],[126.921616,35.145346],[126.921566,35.145275],[126.921532,35.145284],[126.921507,35.145331],[126.921602,35.14536]]]]}},{"type":"Feature","id":"1980192815041828437500000000","properties":{"id":"1980192815041828437500000000","pnu":"1221011800100860000","year":1980,"purpose":"단독주택"},"geometry":{"type":"MultiPolygon","coordinates":[[[[126.921978,35.144746],[126.92202,35.144692],[126.921951,35.144649],[126.921908,35.144707],[126.921978,35.144746]]]]}},{"type":"Feature","id":"1980192827531831202900000000","properties":{"id":"1980192827531831202900000000","pnu":"1221010700101030014","year":1980,"purpose":"제1종 근린생활시설","floors":3,"structure":"철근콘크리트구조"},"geometry":{"type":"MultiPolygon","coordinates":[[[[126.922048,35.147229],[126.922146,35.147229],[126.922146,35.147152],[126.922055,35.147152],[126.922048,35.147229]]]]}},{"type":"Feature","id":"1980192859441828193900000000","properties":{"id":"1980192859441828193900000000","pnu":"1221011800101060003","year":1980,"purpose":"단독주택","floors":2,"structure":"벽돌구조"},"geometry":{"type":"MultiPolygon","coordinates":[[[[126.922507,35.144457],[126.922471,35.144432],[126.922396,35.144501],[126.922431,35.144527],[126.922507,35.144457]]]]}},{"type":"Feature","id":"1980192864121828659900000000","properties":{"id":"1980192864121828659900000000","pnu":"1221011800100920006","year":1980,"purpose":"제1종 근린생활시설","floors":2,"structure":"벽돌구조"},"geometry":{"type":"MultiPolygon","coordinates":[[[[126.922506,35.144949],[126.92257,35.144927],[126.922572,35.144916],[126.922483,35.144841],[126.922435,35.144885],[126.922506,35.144949]]]]}},{"type":"Feature","id":"1980192886211827094100000000","properties":{"id":"1980192886211827094100000000","pnu":"1221011800101000006","year":1980,"purpose":"단독주택","floors":2,"structure":"벽돌구조"},"geometry":{"type":"MultiPolygon","coordinates":[[[[126.922776,35.143542],[126.922816,35.143487],[126.922798,35.143479],[126.922798,35.143468],[126.922713,35.143433],[126.922684,35.143479],[126.922696,35.143491],[126.922687,35.143506],[126.922776,35.143542]]]]}},{"type":"Feature","id":"1980192894271827130100000000","properties":{"id":"1980192894271827130100000000","pnu":"1221011800101000006","year":1980,"purpose":"단독주택","floors":2,"structure":"벽돌구조"},"geometry":{"type":"MultiPolygon","coordinates":[[[[126.922826,35.143576],[126.92288,35.143485],[126.922843,35.143465],[126.922789,35.143558],[126.922826,35.143576]]]]}},{"type":"Feature","id":"1980192895991831740600000000","properties":{"id":"1980192895991831740600000000","pnu":"1221010700101010021","year":1980,"purpose":"제2종 근린생활시설","far":102.0442,"floors":2,"structure":"벽돌구조"},"geometry":{"type":"MultiPolygon","coordinates":[[[[126.922884,35.147739],[126.922926,35.147692],[126.922812,35.147615],[126.922771,35.147654],[126.922884,35.147739]]]]}},{"type":"Feature","id":"1980192903441831056000000000","properties":{"id":"1980192903441831056000000000","pnu":"1221011800100420007","year":1980,"purpose":"단독주택","floors":2,"structure":"벽돌구조"},"geometry":{"type":"MultiPolygon","coordinates":[[[[126.922852,35.147032],[126.922965,35.147124],[126.923012,35.14708],[126.922893,35.146995],[126.922852,35.147032]]]]}},{"type":"Feature","id":"1980192921051831293700000000","properties":{"id":"1980192921051831293700000000","pnu":"1221010700101010068","year":1980,"purpose":"기타","floors":2,"structure":"철근콘크리트구조"},"geometry":{"type":"MultiPolygon","coordinates":[[[[126.923189,35.147375],[126.923261,35.147317],[126.923059,35.14717],[126.922991,35.147234],[126.923189,35.147375]]]]}},{"type":"Feature","id":"1980192994121828490100000000","properties":{"id":"1980192994121828490100000000","pnu":"1221011800100250005","year":1980,"purpose":"제2종 근린생활시설","floors":1,"structure":"벽돌구조"},"geometry":{"type":"MultiPolygon","coordinates":[[[[126.923882,35.144736],[126.923913,35.144785],[126.923976,35.144756],[126.923946,35.14471],[126.923882,35.144736]]]]}},{"type":"Feature","id":"1980192999371822319200000000","properties":{"id":"1980192999371822319200000000","pnu":"1221012200100280001","year":1980,"purpose":"공동주택","floors":2,"structure":"벽돌구조"},"geometry":{"type":"MultiPolygon","coordinates":[[[[126.923902,35.139225],[126.924085,35.13922],[126.924079,35.139151],[126.924048,35.13915],[126.924045,35.139147],[126.92403,35.139145],[126.924026,35.139141],[126.923959,35.139142],[126.923958,35.139147],[126.923928,35.139147],[126.923927,35.139155],[126.923903,35.139156],[126.923902,35.139225]]]]}},{"type":"Feature","id":"1980193047891829372800000000","properties":{"id":"1980193047891829372800000000","pnu":"1221011800100190003","year":1980,"purpose":"단독주택","floors":2,"structure":"벽돌구조"},"geometry":{"type":"MultiPolygon","coordinates":[[[[126.924526,35.1456],[126.924591,35.14555],[126.924551,35.145512],[126.924538,35.145519],[126.924499,35.145489],[126.924446,35.145529],[126.924526,35.1456]]]]}},{"type":"Feature","id":"1980193114491829691600000000","properties":{"id":"1980193114491829691600000000","pnu":"1221011800100070000","year":1980,"purpose":"제1종 근린생활시설"},"geometry":{"type":"MultiPolygon","coordinates":[[[[126.925272,35.145894],[126.925322,35.145854],[126.925246,35.14578],[126.925197,35.145785],[126.92517,35.145802],[126.925272,35.145894]]]]}},{"type":"Feature","id":"1980193132851829529000000000","properties":{"id":"1980193132851829529000000000","pnu":"1221011800100070014","year":1980,"purpose":"제1종 근린생활시설","floors":2,"structure":"벽돌구조"},"geometry":{"type":"MultiPolygon","coordinates":[[[[126.925433,35.145738],[126.925507,35.145708],[126.925458,35.145626],[126.925418,35.145642],[126.925408,35.145697],[126.925433,35.145738]]]]}},{"type":"Feature","id":"1980193144551829501500000000","properties":{"id":"1980193144551829501500000000","pnu":"1221011800100070019","year":1980,"purpose":"단독주택","floors":2,"structure":"벽돌구조"},"geometry":{"type":"MultiPolygon","coordinates":[[[[126.925652,35.14568],[126.925607,35.145605],[126.925554,35.145621],[126.925546,35.145616],[126.925509,35.145629],[126.925553,35.14572],[126.925652,35.14568]]]]}},{"type":"Feature","id":"1980193227361830833300000000","properties":{"id":"1980193227361830833300000000","pnu":"1221010800101380007","year":1980,"purpose":"단독주택","floors":2,"structure":"벽돌구조"},"geometry":{"type":"MultiPolygon","coordinates":[[[[126.926412,35.14687],[126.926465,35.14692],[126.926561,35.146861],[126.926505,35.1468],[126.926455,35.146828],[126.926457,35.146838],[126.926412,35.14687]]]]}},{"type":"Feature","id":"1980193424161830638800000000","properties":{"id":"1980193424161830638800000000","pnu":"1221011100105190001","year":1980,"purpose":"단독주택"},"geometry":{"type":"MultiPolygon","coordinates":[[[[126.928648,35.146749],[126.928707,35.146652],[126.928638,35.146626],[126.928589,35.146722],[126.928648,35.146749]]]]}},{"type":"Feature","id":"1980193439201830409600000000","properties":{"id":"1980193439201830409600000000","pnu":"1221011100105190005","year":1980,"purpose":"제2종 근린생활시설","floors":2,"structure":"벽돌구조"},"geometry":{"type":"MultiPolygon","coordinates":[[[[126.928823,35.146533],[126.928873,35.146461],[126.928853,35.146435],[126.928754,35.146465],[126.92874,35.146485],[126.928823,35.146533]]]]}},{"type":"Feature","id":"1980193445861830476900000000","properties":{"id":"1980193445861830476900000000","pnu":"1221011100105190005","purpose":"기타","structure":"벽돌구조"},"geometry":{"type":"MultiPolygon","coordinates":[[[[126.928898,35.146586],[126.928936,35.146532],[126.928878,35.146494],[126.928831,35.146551],[126.928898,35.146586]]]]}},{"type":"Feature","id":"1981192582001824138800000000","properties":{"id":"1981192582001824138800000000","pnu":"1221012200101010001","year":1981,"purpose":"단독주택","floors":2,"structure":"벽돌구조"},"geometry":{"type":"MultiPolygon","coordinates":[[[[126.919453,35.140897],[126.919486,35.140864],[126.919476,35.140859],[126.919491,35.140838],[126.919453,35.140815],[126.919463,35.140805],[126.919425,35.140782],[126.91943,35.140769],[126.919391,35.140746],[126.919321,35.140814],[126.919453,35.140897]]]]}},{"type":"Feature","id":"1981192613351823384300000000","properties":{"id":"1981192613351823384300000000","pnu":"1221012200100730015","year":1981,"purpose":"숙박시설","far":164.13,"floors":2,"structure":"벽돌구조"},"geometry":{"type":"MultiPolygon","coordinates":[[[[126.919812,35.140241],[126.919853,35.140202],[126.919837,35.140148],[126.919791,35.140119],[126.919781,35.140047],[126.919738,35.140046],[126.919735,35.140072],[126.919694,35.140071],[126.919642,35.140134],[126.919812,35.140241]]]]}},{"type":"Feature","id":"1981192684321827669100000000","properties":{"id":"1981192684321827669100000000","pnu":"1221011200100950002","year":1981,"purpose":"단독주택","floors":2,"structure":"벽돌구조"},"geometry":{"type":"MultiPolygon","coordinates":[[[[126.920454,35.144019],[126.920576,35.144065],[126.920612,35.144001],[126.920536,35.143972],[126.920543,35.143954],[126.920488,35.143942],[126.920454,35.144019]]]]}},{"type":"Feature","id":"1981192701621828642900000000","properties":{"id":"1981192701621828642900000000","pnu":"1221011200100300000","year":1981,"purpose":"제1종 근린생활시설","far":79.77,"floors":2,"structure":"일반철골구조"},"geometry":{"type":"MultiPolygon","coordinates":[[[[126.920698,35.144702],[126.920598,35.144864],[126.920742,35.144935],[126.920722,35.144951],[126.920678,35.144994],[126.920683,35.144999],[126.920651,35.145066],[126.920677,35.145088],[126.920847,35.144952],[126.92074,35.144862],[126.920771,35.144813],[126.920758,35.144808],[126.920798,35.144743],[126.920698,35.144702]]]]}},{"type":"Feature","id":"1981192706631828844600000000","properties":{"id":"1981192706631828844600000000","pnu":"1221011200100300000","year":1981,"purpose":"제1종 근린생활시설","far":79.77,"floors":2,"structure":"일반철골구조"},"geometry":{"type":"MultiPolygon","coordinates":[[[[126.920687,35.145085],[126.920717,35.145111],[126.92071,35.145116],[126.92073,35.145133],[126.920736,35.145127],[126.920746,35.145135],[126.920863,35.145041],[126.920804,35.144991],[126.920687,35.145085]]]]}},{"type":"Feature","id":"1981192716441822863900000000","properties":{"id":"1981192716441822863900000000","pnu":"1221012200100550066","year":1981,"purpose":"제2종 근린생활시설","far":199.26578,"floors":3,"structure":"철근콘크리트구조"},"geometry":{"type":"MultiPolygon","coordinates":[[[[126.920805,35.139754],[126.920796,35.13977],[126.920818,35.139777],[126.920844,35.13974],[126.920896,35.139764],[126.920919,35.139731],[126.920925,35.139734],[126.921007,35.139631],[126.920929,35.139592],[126.920934,35.139585],[126.92089,35.139564],[126.920768,35.139737],[126.920805,35.139754]]]]}},{"type":"Feature","id":"1981192729971822942200000000","properties":{"id":"1981192729971822942200000000","pnu":"1221012200100550004","year":1981,"purpose":"제1종 근린생활시설","floors":3,"structure":"철근콘크리트구조"},"geometry":{"type":"MultiPolygon","coordinates":[[[[126.921151,35.139692],[126.921065,35.139641],[126.920916,35.139795],[126.921013,35.139847],[126.921151,35.139692]]]]}},{"type":"Feature","id":"1981192736421827090800000000","properties":{"id":"1981192736421827090800000000","pnu":"1221011200101130002","year":1981,"purpose":"제2종 근린생활시설","far":180.43,"floors":3,"structure":"철근콘크리트구조"},"geometry":{"type":"MultiPolygon","coordinates":[[[[126.921099,35.143562],[126.921173,35.143537],[126.921113,35.143423],[126.921061,35.143406],[126.921036,35.143428],[126.921099,35.143562]]]]}},{"type":"Feature","id":"1981192830621828601900000000","properties":{"id":"1981192830621828601900000000","pnu":"1221011800100900013","year":1981,"purpose":"단독주택"},"geometry":{"type":"MultiPolygon","coordinates":[[[[126.922143,35.144901],[126.922197,35.144861],[126.922122,35.144794],[126.922075,35.144827],[126.922143,35.144901]]]]}},{"type":"Feature","id":"1981192830661831461000000000","properties":{"id":"1981192830661831461000000000","pnu":"1221010700101030008","year":1981,"purpose":"제1종 근린생활시설","far":174.31664,"floors":3,"structure":"철근콘크리트구조"},"geometry":{"type":"MultiPolygon","coordinates":[[[[126.922047,35.147491],[126.922215,35.147498],[126.92222,35.147353],[126.922045,35.147355],[126.922047,35.147491]]]]}},{"type":"Feature","id":"1981192839591828568700000000","properties":{"id":"1981192839591828568700000000","pnu":"1221011800100900013","purpose":"기타"},"geometry":{"type":"MultiPolygon","coordinates":[[[[126.922185,35.144822],[126.922216,35.144854],[126.922281,35.144811],[126.92225,35.144779],[126.922185,35.144822]]]]}},{"type":"Feature","id":"1981192884931831017300000000","properties":{"id":"1981192884931831017300000000","pnu":"1221011800100420004","year":1981,"purpose":"제2종 근린생활시설","far":55.91,"floors":1,"structure":"일반목구조"},"geometry":{"type":"MultiPolygon","coordinates":[[[[126.92276,35.147082],[126.922804,35.147041],[126.9227,35.146965],[126.922653,35.147011],[126.92276,35.147082]]]]}},{"type":"Feature","id":"1981192891141828382600000000","properties":{"id":"1981192891141828382600000000","pnu":"1221011800100930003","purpose":"제1종 근린생활시설"},"geometry":{"type":"MultiPolygon","coordinates":[[[[126.922669,35.144652],[126.922765,35.144746],[126.92278,35.144746],[126.922887,35.144692],[126.922882,35.144679],[126.922927,35.144637],[126.922814,35.144544],[126.922669,35.144652]]]]}},{"type":"Feature","id":"1981192891451830947500000000","properties":{"id":"1981192891451830947500000000","pnu":"1221011800100420006","year":1981,"purpose":"단독주택","floors":2,"structure":"벽돌구조"},"geometry":{"type":"MultiPolygon","coordinates":[[[[126.922817,35.147014],[126.922867,35.146974],[126.922818,35.14693],[126.922805,35.146936],[126.922765,35.146913],[126.922731,35.146941],[126.922817,35.147014]]]]}},{"type":"Feature","id":"1981192903611828480300000000","properties":{"id":"1981192903611828480300000000","pnu":"1221011800100930003","purpose":"제1종 근린생활시설"},"geometry":{"type":"MultiPolygon","coordinates":[[[[126.922983,35.144674],[126.922862,35.144731],[126.922864,35.144762],[126.922891,35.144801],[126.922997,35.144752],[126.92299,35.144741],[126.923019,35.144728],[126.922983,35.144674]]]]}},{"type":"Feature","id":"1981193005261821407600000000","properties":{"id":"1981193005261821407600000000","pnu":"1221012200100440006","year":1981,"purpose":"단독주택","floors":3,"structure":"벽돌구조"},"geometry":{"type":"MultiPolygon","coordinates":[[[[126.924076,35.138424],[126.924131,35.138362],[126.924044,35.138302],[126.923982,35.138365],[126.924076,35.138424]]]]}},{"type":"Feature","id":"1981193102601829479800000000","properties":{"id":"1981193102601829479800000000","pnu":"1221011800100070002","year":1981,"purpose":"단독주택","floors":1,"structure":"벽돌구조"},"geometry":{"type":"MultiPolygon","coordinates":[[[[126.925128,35.145566],[126.925079,35.145586],[126.925099,35.145614],[126.925053,35.145633],[126.925099,35.145709],[126.925167,35.145678],[126.925176,35.145638],[126.925128,35.145566]]]]}},{"type":"Feature","id":"1981193119831828474100000000","properties":{"id":"1981193119831828474100000000","pnu":"1221011800100230008","year":1981,"purpose":"단독주택"},"geometry":{"type":"MultiPolygon","coordinates":[[[[126.925297,35.144766],[126.925358,35.144736],[126.925358,35.144722],[126.925291,35.144701],[126.925263,35.144745],[126.925297,35.144766]]]]}},{"type":"Feature","id":"1981193124491828985200000000","properties":{"id":"1981193124491828985200000000","pnu":"1221011800100210024","purpose":"기타","structure":"벽돌구조"},"geometry":{"type":"MultiPolygon","coordinates":[[[[126.925331,35.145197],[126.925343,35.145213],[126.925387,35.145192],[126.925376,35.145175],[126.925331,35.145197]]]]}},{"type":"Feature","id":"1981193130631829007000000000","properties":{"id":"1981193130631829007000000000","pnu":"1221011800100210024","year":1981,"purpose":"단독주택","far":42.54,"floors":1,"structure":"일반목구조"},"geometry":{"type":"MultiPolygon","coordinates":[[[[126.925387,35.14527],[126.925502,35.145212],[126.925464,35.145158],[126.925352,35.145216],[126.925387,35.14527]]]]}},{"type":"Feature","id":"1981193132451828932400000000","properties":{"id":"1981193132451828932400000000","pnu":"1221011800100210024","purpose":"기타","structure":"벽돌구조"},"geometry":{"type":"MultiPolygon","coordinates":[[[[126.925439,35.145146],[126.925444,35.145152],[126.925455,35.145148],[126.92545,35.145141],[126.925439,35.145146]]]]}},{"type":"Feature","id":"1981193358751830215200000000","properties":{"id":"1981193358751830215200000000","pnu":"1221011100105160000","year":1981,"purpose":"단독주택","floors":2,"structure":"벽돌구조"},"geometry":{"type":"MultiPolygon","coordinates":[[[[126.927916,35.146356],[126.927986,35.146313],[126.927978,35.146304],[126.927992,35.146295],[126.927952,35.14625],[126.927908,35.146268],[126.927915,35.146279],[126.927859,35.146306],[126.927894,35.146347],[126.927916,35.146356]]]]}},{"type":"Feature","id":"1982192587241824016200000000","properties":{"id":"1982192587241824016200000000","pnu":"1221012200100950013","year":1982,"purpose":"단독주택","floors":1,"structure":"벽돌구조"},"geometry":{"type":"MultiPolygon","coordinates":[[[[126.919502,35.140774],[126.919543,35.140724],[126.919433,35.140651],[126.919392,35.140695],[126.919502,35.140774]]]]}},{"type":"Feature","id":"1982192628201824316800000000","properties":{"id":"1982192628201824316800000000","pnu":"1221012200101030011","year":1982,"purpose":"숙박시설","floors":3,"structure":"철근콘크리트구조"},"geometry":{"type":"MultiPolygon","coordinates":[[[[126.92,35.140946],[126.919912,35.140921],[126.919837,35.141012],[126.919918,35.14105],[126.92,35.140946]]]]}},{"type":"Feature","id":"1982192647061821958200000000","properties":{"id":"1982192647061821958200000000","pnu":"1221012200100810005","year":1982,"purpose":"단독주택","floors":2,"structure":"벽돌구조"},"geometry":{"type":"MultiPolygon","coordinates":[[[[126.920107,35.138943],[126.920211,35.138803],[126.920154,35.138769],[126.920039,35.138907],[126.920107,35.138943]]]]}},{"type":"Feature","id":"1982192671781821616600000000","properties":{"id":"1982192671781821616600000000","pnu":"1221012200100810012","year":1982,"purpose":"제1종 근린생활시설","floors":2,"structure":"철근콘크리트구조"},"geometry":{"type":"MultiPolygon","coordinates":[[[[126.92041,35.138596],[126.920452,35.138543],[126.920388,35.138502],[126.920344,35.138556],[126.92041,35.138596]]]]}},{"type":"Feature","id":"1982192676011821538500000000","properties":{"id":"1982192676011821538500000000","pnu":"1221012200100810012","purpose":"기타","structure":"벽돌구조"},"geometry":{"type":"MultiPolygon","coordinates":[[[[126.920447,35.138519],[126.920491,35.13847],[126.920441,35.138438],[126.920398,35.13849],[126.920447,35.138519]]]]}},{"type":"Feature","id":"1982192684931825312500000000","properties":{"id":"1982192684931825312500000000","pnu":"1221012200101120000","year":1982,"purpose":"단독주택","far":30.24,"floors":2,"structure":"벽돌구조"},"geometry":{"type":"MultiPolygon","coordinates":[[[[126.920559,35.141872],[126.920577,35.141836],[126.920522,35.141818],[126.920487,35.141887],[126.920515,35.141897],[126.920504,35.141918],[126.920537,35.14193],[126.920533,35.141937],[126.92056,35.141945],[126.920587,35.141887],[126.920559,35.141872]]]]}},{"type":"Feature","id":"1982192714191825041600000000","properties":{"id":"1982192714191825041600000000","pnu":"1221012200101110001","year":1982,"purpose":"제1종 근린생활시설","floors":3,"structure":"철근콘크리트구조"},"geometry":{"type":"MultiPolygon","coordinates":[[[[126.920906,35.141708],[126.920953,35.141628],[126.920814,35.141567],[126.920766,35.14164],[126.920906,35.141708]]]]}},{"type":"Feature","id":"1982192743861823536900000000","properties":{"id":"1982192743861823536900000000","pnu":"1221012200100630013","year":1982,"purpose":"단독주택","far":276.6,"floors":5,"structure":"철근콘크리트구조"},"geometry":{"type":"MultiPolygon","coordinates":[[[[126.921274,35.140255],[126.92117,35.140205],[126.921101,35.140302],[126.921203,35.140359],[126.921274,35.140255]]]]}},{"type":"Feature","id":"1982192762161823627200000000","properties":{"id":"1982192762161823627200000000","pnu":"1221012200100630009","year":1982,"purpose":"제1종 근린생활시설","floors":4,"structure":"철근콘크리트구조"},"geometry":{"type":"MultiPolygon","coordinates":[[[[126.921538,35.140395],[126.921291,35.140267],[126.921242,35.140335],[126.921402,35.140417],[126.921503,35.140449],[126.921538,35.140395]]]]}},{"type":"Feature","id":"1982192893481831552400000000","properties":{"id":"1982192893481831552400000000","pnu":"1221010700101010050","year":1982,"purpose":"제2종 근린생활시설","far":101.4506,"floors":2,"structure":"벽돌구조"},"geometry":{"type":"MultiPolygon","coordinates":[[[[126.922849,35.147568],[126.922891,35.147531],[126.922845,35.147493],[126.922855,35.147477],[126.922806,35.147443],[126.922753,35.1475],[126.922849,35.147568]]]]}},{"type":"Feature","id":"1982192894521828693800000000","properties":{"id":"1982192894521828693800000000","pnu":"1221011800100920014","year":1982,"purpose":"단독주택","floors":2,"structure":"벽돌구조"},"geometry":{"type":"MultiPolygon","coordinates":[[[[126.922787,35.144916],[126.922824,35.14497],[126.922884,35.144942],[126.922851,35.144891],[126.922787,35.144916]]]]}},{"type":"Feature","id":"1982192915001830859300000000","properties":{"id":"1982192915001830859300000000","pnu":"1221011800100420009","year":1982,"purpose":"제1종 근린생활시설"},"geometry":{"type":"MultiPolygon","coordinates":[[[[126.923082,35.146922],[126.923107,35.146902],[126.923042,35.146842],[126.92301,35.146866],[126.923082,35.146922]]]]}},{"type":"Feature","id":"1982192918001830937100000000","properties":{"id":"1982192918001830937100000000","pnu":"1221011800100420009","year":1982,"purpose":"제1종 근린생활시설"},"geometry":{"type":"MultiPolygon","coordinates":[[[[126.923092,35.146957],[126.923093,35.146957],[126.923094,35.146956],[126.923094,35.146956],[126.923095,35.146956],[126.923096,35.146955],[126.923096,35.146954],[126.923097,35.146954],[126.923097,35.146953],[126.923097,35.146952],[126.923097,35.146951],[126.923097,35.146951],[126.923096,35.14695],[126.923096,35.146949],[126.923095,35.146949],[126.923094,35.146948],[126.923094,35.146948],[126.923093,35.146948],[126.923092,35.146948],[126.923091,35.146948],[126.92309,35.146948],[126.923089,35.146948],[126.923088,35.146949],[126.923088,35.146949],[126.923087,35.14695],[126.923087,35.146951],[126.923086,35.146951],[126.923086,35.146952],[126.923086,35.146953],[126.923087,35.146954],[126.923087,35.146954],[126.923088,35.146955],[126.923088,35.146956],[126.923089,35.146956],[126.92309,35.146956],[126.923091,35.146957],[126.923092,35.146957]]]]}},{"type":"Feature","id":"1982192925361828228200000000","properties":{"id":"1982192925361828228200000000","pnu":"1221011800100940009","year":1982,"purpose":"단독주택","floors":2,"structure":"벽돌구조"},"geometry":{"type":"MultiPolygon","coordinates":[[[[126.923213,35.144579],[126.923255,35.144503],[126.923194,35.144475],[126.923196,35.144468],[126.923145,35.144439],[126.923094,35.144519],[126.923213,35.144579]]]]}},{"type":"Feature","id":"1982193220151830032400000000","properties":{"id":"1982193220151830032400000000","pnu":"1221011800100060014","year":1982,"purpose":"단독주택"},"geometry":{"type":"MultiPolygon","coordinates":[[[[126.926443,35.146179],[126.926474,35.146138],[126.926366,35.146098],[126.926347,35.14614],[126.926443,35.146179]]]]}},{"type":"Feature","id":"1982193449841831727800000000","properties":{"id":"1982193449841831727800000000","pnu":"1221010800101150005","year":1982,"purpose":"단독주택","floors":2,"structure":"벽돌구조"},"geometry":{"type":"MultiPolygon","coordinates":[[[[126.92889,35.147705],[126.928983,35.14768],[126.928962,35.147631],[126.928873,35.147656],[126.92889,35.147705]]]]}},{"type":"Feature","id":"1982193454651831667300000000","properties":{"id":"1982193454651831667300000000","pnu":"1221010800101150005","purpose":"기타","structure":"벽돌구조"},"geometry":{"type":"MultiPolygon","coordinates":[[[[126.929036,35.147654],[126.928956,35.147557],[126.928925,35.147574],[126.929005,35.147671],[126.929036,35.147654]]]]}},{"type":"Feature","id":"1983192551391828783300000000","properties":{"id":"1983192551391828783300000000","pnu":"1221011200101680011","year":1983,"purpose":"제1종 근린생활시설"},"geometry":{"type":"MultiPolygon","coordinates":[[[[126.919041,35.144952],[126.918998,35.145017],[126.919108,35.145059],[126.919145,35.145009],[126.91908,35.144978],[126.919083,35.144969],[126.919041,35.144952]]]]}},{"type":"Feature","id":"1983192555251823658100000000","properties":{"id":"1983192555251823658100000000","pnu":"1221012200100950011","year":1983,"purpose":"단독주택","floors":2,"structure":"벽돌구조"},"geometry":{"type":"MultiPolygon","coordinates":[[[[126.919141,35.140451],[126.919202,35.140391],[126.919134,35.140348],[126.919129,35.140352],[126.919111,35.140341],[126.919102,35.140346],[126.919076,35.140333],[126.919032,35.140378],[126.919141,35.140451]]]]}},{"type":"Feature","id":"1983192609871828461600000000","properties":{"id":"1983192609871828461600000000","pnu":"1221011200100360012","year":1983,"purpose":"제1종 근린생활시설","structure":"철근콘크리트구조"},"geometry":{"type":"MultiPolygon","coordinates":[[[[126.919629,35.144641],[126.9196,35.14469],[126.919611,35.144741],[126.919774,35.144802],[126.919834,35.144686],[126.919765,35.144665],[126.919748,35.144686],[126.919629,35.144641]]]]}},{"type":"Feature","id":"1983192629821827119500000000","properties":{"id":"1983192629821827119500000000","pnu":"1221011200101310005","year":1983,"purpose":"제1종 근린생활시설","floors":2,"structure":"벽돌구조"},"geometry":{"type":"MultiPolygon","coordinates":[[[[126.919853,35.14354],[126.919953,35.143566],[126.919999,35.143469],[126.919937,35.143448],[126.919853,35.14354]]]]}},{"type":"Feature","id":"1983192730341823476900000000","properties":{"id":"1983192730341823476900000000","pnu":"1221012200100640000","year":1983,"purpose":"기타","far":258.5729,"floors":4,"structure":"철근콘크리트구조"},"geometry":{"type":"MultiPolygon","coordinates":[[[[126.921048,35.140325],[126.92111,35.140255],[126.921094,35.140242],[126.921137,35.140181],[126.921034,35.14013],[126.920935,35.140253],[126.921048,35.140325]]]]}},{"type":"Feature","id":"1983192875681829096700000000","properties":{"id":"1983192875681829096700000000","pnu":"1221011800100310005","year":1983,"purpose":"제1종 근린생활시설","far":222.8318,"floors":3,"structure":"철근콘크리트구조"},"geometry":{"type":"MultiPolygon","coordinates":[[[[126.92259,35.14535],[126.922707,35.145302],[126.922668,35.145236],[126.922551,35.145284],[126.92259,35.14535]]]]}},{"type":"Feature","id":"1983192916581827468800000000","properties":{"id":"1983192916581827468800000000","pnu":"1221011800100970005","year":1983,"purpose":"단독주택","floors":2,"structure":"벽돌구조"},"geometry":{"type":"MultiPolygon","coordinates":[[[[126.923148,35.143802],[126.923075,35.143763],[126.923005,35.143851],[126.923092,35.143886],[126.923148,35.143802]]]]}},{"type":"Feature","id":"1983192957521826913000000000","properties":{"id":"1983192957521826913000000000","pnu":"1221011800104700008","purpose":"단독주택"},"geometry":{"type":"MultiPolygon","coordinates":[[[[126.923483,35.143367],[126.923598,35.143313],[126.923577,35.143284],[126.923461,35.143335],[126.923483,35.143367]]]]}},{"type":"Feature","id":"1983192960931826953100000000","properties":{"id":"1983192960931826953100000000","pnu":"1221011800104700008","year":1983,"purpose":"단독주택"},"geometry":{"type":"MultiPolygon","coordinates":[[[[126.923605,35.143317],[126.923497,35.14337],[126.923522,35.143404],[126.923635,35.143356],[126.923605,35.143317]]]]}},{"type":"Feature","id":"1983192967091826899600000000","properties":{"id":"1983192967091826899600000000","pnu":"1221011800104700008","purpose":"단독주택"},"geometry":{"type":"MultiPolygon","coordinates":[[[[126.923642,35.143353],[126.923674,35.143337],[126.923621,35.143273],[126.923595,35.143286],[126.923642,35.143353]]]]}},{"type":"Feature","id":"1983193039541829461200000000","properties":{"id":"1983193039541829461200000000","pnu":"1221011800100190000","year":1983,"purpose":"단독주택","floors":2,"structure":"벽돌구조"},"geometry":{"type":"MultiPolygon","coordinates":[[[[126.92443,35.145696],[126.924502,35.145624],[126.924417,35.145548],[126.92437,35.145588],[126.924382,35.145663],[126.92443,35.145696]]]]}},{"type":"Feature","id":"1983193080091827867300000000","properties":{"id":"1983193080091827867300000000","pnu":"1221011800104680011","year":1983,"purpose":"단독주택","floors":2,"structure":"벽돌구조"},"geometry":{"type":"MultiPolygon","coordinates":[[[[126.924851,35.144237],[126.924936,35.144186],[126.924895,35.144135],[126.92481,35.144187],[126.924851,35.144237]]]]}},{"type":"Feature","id":"1983193170121829146200000000","properties":{"id":"1983193170121829146200000000","pnu":"1221011800100070027","year":1983,"purpose":"제1종 근린생활시설"},"geometry":{"type":"MultiPolygon","coordinates":[[[[126.925851,35.145386],[126.925914,35.145359],[126.925872,35.145295],[126.925804,35.145319],[126.925851,35.145386]]]]}},{"type":"Feature","id":"1983193384541829505300000000","properties":{"id":"1983193384541829505300000000","pnu":"1221011100105140009","year":1983,"purpose":"단독주택","floors":2,"structure":"벽돌구조"},"geometry":{"type":"MultiPolygon","coordinates":[[[[126.928128,35.145649],[126.928228,35.145744],[126.928293,35.145692],[126.928241,35.145643],[126.928257,35.145626],[126.928214,35.145585],[126.928128,35.145649]]]]}},{"type":"Feature","id":"1983193387331829313100000000","properties":{"id":"1983193387331829313100000000","pnu":"1221011100105130001","year":1983,"purpose":"제1종 근린생활시설"},"geometry":{"type":"MultiPolygon","coordinates":[[[[126.928226,35.145552],[126.928315,35.145485],[126.928258,35.14543],[126.928172,35.1455],[126.928226,35.145552]]]]}},{"type":"Feature","id":"1983193400111829227800000000","properties":{"id":"1983193400111829227800000000","pnu":"1221011100105130002","year":1983,"purpose":"제2종 근린생활시설","floors":2,"structure":"벽돌구조"},"geometry":{"type":"MultiPolygon","coordinates":[[[[126.92839,35.14536],[126.928274,35.145421],[126.928329,35.145465],[126.928405,35.145419],[126.928498,35.145456],[126.92851,35.145437],[126.92839,35.14536]]]]}},{"type":"Feature","id":"1983193415551829453700000000","properties":{"id":"1983193415551829453700000000","pnu":"1221011100105130000","year":1983,"purpose":"공동주택","floors":5,"structure":"철근콘크리트구조"},"geometry":{"type":"MultiPolygon","coordinates":[[[[126.928738,35.145751],[126.928784,35.145659],[126.928369,35.145488],[126.928315,35.145573],[126.928738,35.145751]]]]}},{"type":"Feature","id":"1983193431721829355000000000","properties":{"id":"1983193431721829355000000000","pnu":"1221011100105100005","year":1983,"purpose":"제1종 근린생활시설","floors":2,"structure":"벽돌구조"},"geometry":{"type":"MultiPolygon","coordinates":[[[[126.928734,35.145485],[126.92867,35.145515],[126.928751,35.145574],[126.928782,35.145558],[126.928734,35.145485]]]]}},{"type":"Feature","id":"1984192606651830599000000000","properties":{"id":"1984192606651830599000000000","pnu":"1221011300100280000","year":1984,"purpose":"숙박시설","floors":4,"structure":"철근콘크리트구조"},"geometry":{"type":"MultiPolygon","coordinates":[[[[126.919612,35.146652],[126.919706,35.146691],[126.919739,35.146638],[126.919645,35.146599],[126.919612,35.146652]]]]}},{"type":"Feature","id":"1984192612671830898900000000","properties":{"id":"1984192612671830898900000000","pnu":"1221011300100130000","year":1984,"purpose":"기타"},"geometry":{"type":"MultiPolygon","coordinates":[[[[126.920303,35.147235],[126.920361,35.147151],[126.91978,35.14689],[126.919804,35.146855],[126.919753,35.146831],[126.91974,35.14685],[126.919441,35.146711],[126.919423,35.146652],[126.919308,35.146601],[126.919212,35.146745],[126.920303,35.147235]]]]}},{"type":"Feature","id":"1984192618691825122200000000","properties":{"id":"1984192618691825122200000000","pnu":"1221012200101510001","year":1984,"purpose":"기타"},"geometry":{"type":"MultiPolygon","coordinates":[[[[126.919852,35.141773],[126.919906,35.141712],[126.919768,35.141643],[126.919722,35.141707],[126.919852,35.141773]]]]}},{"type":"Feature","id":"1984192633801825541700000000","properties":{"id":"1984192633801825541700000000","pnu":"1221012200101190004","year":1984,"purpose":"제1종 근린생활시설","far":217.25,"floors":4,"structure":"철근콘크리트구조"},"geometry":{"type":"MultiPolygon","coordinates":[[[[126.919781,35.142112],[126.920024,35.1422],[126.920137,35.142023],[126.920048,35.141979],[126.920022,35.142016],[126.919943,35.141987],[126.919871,35.142091],[126.919801,35.142076],[126.919781,35.142086],[126.919781,35.142112]]]]}},{"type":"Feature","id":"1984192646981826584100000000","properties":{"id":"1984192646981826584100000000","pnu":"1221011200101240000","year":1984,"purpose":"제2종 근린생활시설","floors":3,"structure":"철근콘크리트구조"},"geometry":{"type":"MultiPolygon","coordinates":[[[[126.920212,35.143011],[126.920084,35.142957],[126.920025,35.143028],[126.920071,35.143053],[126.920067,35.143063],[126.920172,35.143095],[126.920212,35.143011]]]]}},{"type":"Feature","id":"1984192675101823214000000000","properties":{"id":"1984192675101823214000000000","pnu":"1221012200100740012","year":1984,"purpose":"제1종 근린생활시설","far":112.98,"floors":2,"structure":"벽돌구조"},"geometry":{"type":"MultiPolygon","coordinates":[[[[126.920422,35.14004],[126.920496,35.139985],[126.920441,35.139939],[126.920372,35.139993],[126.920422,35.14004]]]]}},{"type":"Feature","id":"1984192681311821695400000000","properties":{"id":"1984192681311821695400000000","pnu":"1221012200100810013","year":1984,"purpose":"기타","floors":3,"structure":"철근콘크리트구조"},"geometry":{"type":"MultiPolygon","coordinates":[[[[126.920521,35.138695],[126.92059,35.138628],[126.920484,35.138548],[126.920414,35.138607],[126.920521,35.138695]]]]}},{"type":"Feature","id":"1984192734681826878600000000","properties":{"id":"1984192734681826878600000000","pnu":"1221011200101140000","year":1984,"purpose":"제2종 근린생활시설","far":214.94,"floors":5,"structure":"철근콘크리트구조"},"geometry":{"type":"MultiPolygon","coordinates":[[[[126.921117,35.143354],[126.921161,35.143273],[126.921049,35.143233],[126.921005,35.14331],[126.921117,35.143354]]]]}},{"type":"Feature","id":"1984192770311828950000000000","properties":{"id":"1984192770311828950000000000","pnu":"1221011800100910004","year":1984,"purpose":"제1종 근린생활시설","far":66.039,"floors":1,"structure":"블록구조"},"geometry":{"type":"MultiPolygon","coordinates":[[[[126.921493,35.145095],[126.921422,35.145118],[126.921424,35.145124],[126.921403,35.145131],[126.921445,35.145219],[126.921482,35.145207],[126.921486,35.145217],[126.921543,35.145198],[126.921493,35.145095]]]]}},{"type":"Feature","id":"1984192775821823074800000000","properties":{"id":"1984192775821823074800000000","pnu":"1221012200100550093","year":1984,"purpose":"기타"},"geometry":{"type":"MultiPolygon","coordinates":[[[[126.921535,35.139894],[126.921575,35.139869],[126.921541,35.139835],[126.921502,35.139858],[126.921535,35.139894]]]]}},{"type":"Feature","id":"1984192793681827954300000000","properties":{"id":"1984192793681827954300000000","pnu":"1221011800101110004","year":1984,"purpose":"단독주택","floors":2,"structure":"벽돌구조"},"geometry":{"type":"MultiPolygon","coordinates":[[[[126.921793,35.144315],[126.921821,35.14426],[126.921672,35.144207],[126.921646,35.144273],[126.921719,35.1443],[126.921723,35.144288],[126.921793,35.144315]]]]}},{"type":"Feature","id":"1984192849331831313700000000","properties":{"id":"1984192849331831313700000000","pnu":"1221010700101030013","year":1984,"purpose":"제2종 근린생활시설"},"geometry":{"type":"MultiPolygon","coordinates":[[[[126.92241,35.147326],[126.92241,35.147257],[126.922265,35.147256],[126.922265,35.147325],[126.92241,35.147326]]]]}},{"type":"Feature","id":"1984192895711828117100000000","properties":{"id":"1984192895711828117100000000","pnu":"1221011800100940010","year":1984,"purpose":"단독주택","floors":1,"structure":"일반목구조"},"geometry":{"type":"MultiPolygon","coordinates":[[[[126.922867,35.144456],[126.922902,35.144417],[126.922832,35.144367],[126.922796,35.144399],[126.922867,35.144456]]]]}},{"type":"Feature","id":"1984192937861829118000000000","properties":{"id":"1984192937861829118000000000","pnu":"1221011800100300021","year":1984,"purpose":"제2종 근린생활시설","floors":1,"structure":"일반목구조"},"geometry":{"type":"MultiPolygon","coordinates":[[[[126.92332,35.145373],[126.92337,35.145344],[126.923305,35.145254],[126.923251,35.14528],[126.92332,35.145373]]]]}},{"type":"Feature","id":"1984192945641822229600000000","properties":{"id":"1984192945641822229600000000","pnu":"1221012200100260007","year":1984,"purpose":"제1종 근린생활시설","floors":2,"structure":"벽돌구조"},"geometry":{"type":"MultiPolygon","coordinates":[[[[126.923343,35.139123],[126.923377,35.139143],[126.923447,35.139113],[126.92346,35.139096],[126.92341,35.139057],[126.923343,35.139123]]]]}},{"type":"Feature","id":"1984193004801828212400000000","properties":{"id":"1984193004801828212400000000","pnu":"1221011800100240002","year":1984,"purpose":"단독주택"},"geometry":{"type":"MultiPolygon","coordinates":[[[[126.924123,35.144526],[126.924056,35.144425],[126.924007,35.144447],[126.923976,35.144482],[126.924033,35.144565],[126.924123,35.144526]]]]}},{"type":"Feature","id":"1984193098151821247500000000","properties":{"id":"1984193098151821247500000000","pnu":"1221012200100310057","year":1984,"purpose":"단독주택","floors":2,"structure":"벽돌구조"},"geometry":{"type":"MultiPolygon","coordinates":[[[[126.925,35.138226],[126.925115,35.138262],[126.925151,35.138193],[126.925108,35.138183],[126.92509,35.138209],[126.925011,35.138186],[126.925,35.138215],[126.924996,35.138225],[126.925,35.138226]]]]}},{"type":"Feature","id":"1985192550171829215600000000","properties":{"id":"1985192550171829215600000000","pnu":"1221011200101690004","purpose":"단독주택","structure":"벽돌구조"},"geometry":{"type":"MultiPolygon","coordinates":[[[[126.919095,35.145444],[126.919127,35.145384],[126.919015,35.145355],[126.918985,35.145406],[126.919095,35.145444]]]]}},{"type":"Feature","id":"1985192551461824504900000000","properties":{"id":"1985192551461824504900000000","pnu":"1221012200100990001","year":1985,"purpose":"단독주택","floors":1,"structure":"벽돌구조"},"geometry":{"type":"MultiPolygon","coordinates":[[[[126.919147,35.141167],[126.919053,35.141096],[126.919001,35.141134],[126.91907,35.14119],[126.919114,35.141204],[126.919147,35.141167]]]]}},{"type":"Feature","id":"1985192552201829129900000000","properties":{"id":"1985192552201829129900000000","pnu":"1221011200101690005","year":1985,"purpose":"제1종 근린생활시설","far":254.3666,"floors":4,"structure":"철근콘크리트구조"},"geometry":{"type":"MultiPolygon","coordinates":[[[[126.919125,35.145376],[126.919157,35.145305],[126.919024,35.145268],[126.919006,35.145309],[126.919019,35.14534],[126.919125,35.145376]]]]}},{"type":"Feature","id":"1985192575751823032800000000","properties":{"id":"1985192575751823032800000000","pnu":"1221012200100810032","year":1985,"purpose":"제1종 근린생활시설","floors":1,"structure":"벽돌구조"},"geometry":{"type":"MultiPolygon","coordinates":[[[[126.919227,35.139812],[126.919407,35.139903],[126.919461,35.139839],[126.919275,35.139746],[126.919227,35.139812]]]]}},{"type":"Feature","id":"1985192611621826429400000000","properties":{"id":"1985192611621826429400000000","pnu":"1221011400101680001","year":1985,"purpose":"공동주택","far":170.13,"floors":3,"structure":"철근콘크리트구조"},"geometry":{"type":"MultiPolygon","coordinates":[[[[126.919776,35.142972],[126.919848,35.142886],[126.919689,35.1428],[126.919619,35.142887],[126.919697,35.142925],[126.91969,35.142932],[126.919776,35.142972]]]]}},{"type":"Feature","id":"1985192649401823460000000000","properties":{"id":"1985192649401823460000000000","pnu":"1221012200100740019","year":1985,"purpose":"숙박시설","far":171.39,"floors":3,"structure":"철근콘크리트구조"},"geometry":{"type":"MultiPolygon","coordinates":[[[[126.920173,35.140266],[126.920232,35.140218],[126.920137,35.140156],[126.920072,35.140195],[126.920097,35.140224],[126.920173,35.140266]]]]}},{"type":"Feature","id":"1985192701011823246200000000","properties":{"id":"1985192701011823246200000000","pnu":"1221012200100740024","year":1985,"purpose":"기타","far":133.04,"floors":4,"structure":"철근콘크리트구조"},"geometry":{"type":"MultiPolygon","coordinates":[[[[126.92078,35.140104],[126.920833,35.140049],[126.920823,35.140017],[126.920671,35.139939],[126.920661,35.13995],[126.920642,35.13994],[126.920591,35.140007],[126.92078,35.140104]]]]}},{"type":"Feature","id":"1985192713471826436800000000","properties":{"id":"1985192713471826436800000000","pnu":"1221011200100740005","year":1985,"purpose":"제1종 근린생활시설","far":176.25,"floors":3,"structure":"철근콘크리트구조"},"geometry":{"type":"MultiPolygon","coordinates":[[[[126.920857,35.143032],[126.920967,35.142996],[126.920901,35.142858],[126.920878,35.14286],[126.920803,35.142748],[126.920771,35.142736],[126.920739,35.142754],[126.920857,35.143032]]]]}},{"type":"Feature","id":"1985192771751823413200000000","properties":{"id":"1985192771751823413200000000","pnu":"1221012200100610018","year":1985,"purpose":"제1종 근린생활시설","floors":1,"structure":"블록구조"},"geometry":{"type":"MultiPolygon","coordinates":[[[[126.921524,35.140224],[126.921572,35.140176],[126.921456,35.140115],[126.921417,35.14016],[126.921524,35.140224]]]]}},{"type":"Feature","id":"1985192817521828981300000000","properties":{"id":"1985192817521828981300000000","pnu":"1221011800100910023","year":1985,"purpose":"단독주택","floors":1,"structure":"일반목구조"},"geometry":{"type":"MultiPolygon","coordinates":[[[[126.921897,35.145167],[126.921952,35.145222],[126.92199,35.145211],[126.922011,35.145262],[126.922092,35.145198],[126.922055,35.145167],[126.922033,35.145185],[126.921955,35.14512],[126.921897,35.145167]]]]}},{"type":"Feature","id":"1985192846801828775600000000","properties":{"id":"1985192846801828775600000000","pnu":"1221011800100900009","year":1985,"purpose":"단독주택"},"geometry":{"type":"MultiPolygon","coordinates":[[[[126.922268,35.145041],[126.92237,35.144987],[126.922358,35.144965],[126.922253,35.14502],[126.922268,35.145041]]]]}},{"type":"Feature","id":"1985192858741828757800000000","properties":{"id":"1985192858741828757800000000","pnu":"1221011800100900009","year":1985,"purpose":"단독주택"},"geometry":{"type":"MultiPolygon","coordinates":[[[[126.922439,35.145023],[126.922486,35.14499],[126.922448,35.144952],[126.9224,35.144984],[126.922439,35.145023]]]]}},{"type":"Feature","id":"1985192949681831345700000000","properties":{"id":"1985192949681831345700000000","pnu":"1221011800100410006","year":1985,"purpose":"제1종 근린생활시설"},"geometry":{"type":"MultiPolygon","coordinates":[[[[126.92343,35.147379],[126.92351,35.14732],[126.923444,35.147259],[126.92337,35.147327],[126.92343,35.147379]]]]}},{"type":"Feature","id":"1985193012491827797800000000","properties":{"id":"1985193012491827797800000000","pnu":"1221011800100240009","year":1985,"purpose":"제1종 근린생활시설","far":166.966,"floors":3,"structure":"철근콘크리트구조"},"geometry":{"type":"MultiPolygon","coordinates":[[[[126.924225,35.144195],[126.924105,35.14402],[126.924073,35.144025],[126.924045,35.14406],[126.924154,35.144227],[126.924225,35.144195]]]]}},{"type":"Feature","id":"1985193048761828498000000000","properties":{"id":"1985193048761828498000000000","pnu":"1221011800100230024","year":1985,"purpose":"제1종 근린생활시설"},"geometry":{"type":"MultiPolygon","coordinates":[[[[126.924565,35.144796],[126.924591,35.144746],[126.924523,35.144722],[126.924494,35.144727],[126.924465,35.144737],[126.92446,35.144754],[126.924565,35.144796]]]]}},{"type":"Feature","id":"1985193056021826806800000000","properties":{"id":"1985193056021826806800000000","pnu":"1221011800104720025","year":1985,"purpose":"단독주택"},"geometry":{"type":"MultiPolygon","coordinates":[[[[126.924624,35.143272],[126.924661,35.143228],[126.924595,35.143188],[126.92456,35.143233],[126.924624,35.143272]]]]}},{"type":"Feature","id":"1985193063531826776400000000","properties":{"id":"1985193063531826776400000000","pnu":"1221011800104720025","purpose":"기타"},"geometry":{"type":"MultiPolygon","coordinates":[[[[126.924687,35.143228],[126.924719,35.143214],[126.924697,35.143179],[126.924666,35.14319],[126.924687,35.143228]]]]}},{"type":"Feature","id":"1985193122211827682400000000","properties":{"id":"1985193122211827682400000000","pnu":"1221011800104660005","year":1985,"purpose":"단독주택"},"geometry":{"type":"MultiPolygon","coordinates":[[[[126.925369,35.144063],[126.925383,35.144049],[126.925321,35.143969],[126.925291,35.143978],[126.925327,35.144056],[126.925369,35.144063]]]]}},{"type":"Feature","id":"1985193128191827794600000000","properties":{"id":"1985193128191827794600000000","pnu":"1221011800104660004","year":1985,"purpose":"단독주택"},"geometry":{"type":"MultiPolygon","coordinates":[[[[126.925368,35.14415],[126.925386,35.144154],[126.925435,35.144128],[126.925435,35.14412],[126.925418,35.144093],[126.925388,35.144087],[126.925368,35.14415]]]]}},{"type":"Feature","id":"1985193177911829110700000000","properties":{"id":"1985193177911829110700000000","pnu":"1221011800100070024","year":1985,"purpose":"단독주택","floors":2,"structure":"벽돌구조"},"geometry":{"type":"MultiPolygon","coordinates":[[[[126.925936,35.14535],[126.925974,35.145333],[126.925978,35.145315],[126.925968,35.145269],[126.925903,35.145289],[126.925936,35.14535]]]]}},{"type":"Feature","id":"1985193187861828831200000000","properties":{"id":"1985193187861828831200000000","pnu":"1221011800104350011","year":1985,"purpose":"제1종 근린생활시설","floors":1,"structure":"블록구조"},"geometry":{"type":"MultiPolygon","coordinates":[[[[126.92609,35.145102],[126.926108,35.145072],[126.92603,35.145004],[126.925998,35.14503],[126.926073,35.145105],[126.92609,35.145102]]]]}},{"type":"Feature","id":"1985193243711830364800000000","properties":{"id":"1985193243711830364800000000","pnu":"1221011800100050004","year":1985,"purpose":"단독주택"},"geometry":{"type":"MultiPolygon","coordinates":[[[[126.926637,35.146486],[126.926732,35.146428],[126.926696,35.146392],[126.926603,35.146445],[126.926637,35.146486]]]]}},{"type":"Feature","id":"1985193246121831507600000000","properties":{"id":"1985193246121831507600000000","pnu":"1221010800101410001","year":1985,"purpose":"제1종 근린생활시설","floors":2,"structure":"철근콘크리트구조"},"geometry":{"type":"MultiPolygon","coordinates":[[[[126.926746,35.147565],[126.926739,35.147473],[126.926721,35.147473],[126.926708,35.14744],[126.926743,35.14742],[126.926763,35.147387],[126.926751,35.147367],[126.926618,35.147416],[126.926614,35.147446],[126.92669,35.147568],[126.92671,35.147577],[126.926746,35.147565]]]]}},{"type":"Feature","id":"1985193337971829105300000000","properties":{"id":"1985193337971829105300000000","pnu":"1221011800104240004","year":1985,"purpose":"단독주택"},"geometry":{"type":"MultiPolygon","coordinates":[[[[126.927713,35.145352],[126.927758,35.145301],[126.927686,35.14526],[126.927646,35.145298],[126.927713,35.145352]]]]}},{"type":"Feature","id":"1986192566591827571000000000","properties":{"id":"1986192566591827571000000000","pnu":"1221011200101420000","purpose":"제2종 근린생활시설","far":243.07,"floors":4,"structure":"철근콘크리트구조"},"geometry":{"type":"MultiPolygon","coordinates":[[[[126.919252,35.143978],[126.919316,35.143909],[126.919222,35.143852],[126.919163,35.143925],[126.919252,35.143978]]]]}},{"type":"Feature","id":"1986192573011827473500000000","properties":{"id":"1986192573011827473500000000","pnu":"1221011200101420000","purpose":"제2종 근린생활시설","far":243.07,"floors":4,"structure":"철근콘크리트구조"},"geometry":{"type":"MultiPolygon","coordinates":[[[[126.919331,35.143893],[126.919406,35.143819],[126.919328,35.143775],[126.919301,35.143797],[126.919261,35.143775],[126.919206,35.143823],[126.919331,35.143893]]]]}},{"type":"Feature","id":"1986192633011823795400000000","properties":{"id":"1986192633011823795400000000","pnu":"1221012200100720002","year":1986,"purpose":"숙박시설","far":221.42,"floors":4,"structure":"철근콘크리트구조"},"geometry":{"type":"MultiPolygon","coordinates":[[[[126.919917,35.140453],[126.919884,35.140499],[126.920028,35.140573],[126.920056,35.140526],[126.919917,35.140453]]]]}},{"type":"Feature","id":"1986192719721824755400000000","properties":{"id":"1986192719721824755400000000","pnu":"1221012200101100002","purpose":"제1종 근린생활시설","structure":"벽돌구조"},"geometry":{"type":"MultiPolygon","coordinates":[[[[126.920921,35.141383],[126.920922,35.141383],[126.920923,35.141383],[126.920924,35.141383],[126.920925,35.141382],[126.920925,35.141382],[126.920926,35.141381],[126.920926,35.14138],[126.920927,35.14138],[126.920927,35.141379],[126.920927,35.141378],[126.920926,35.141377],[126.920926,35.141376],[126.920925,35.141376],[126.920925,35.141375],[126.920924,35.141375],[126.920923,35.141374],[126.920922,35.141374],[126.920921,35.141374],[126.92092,35.141374],[126.920919,35.141374],[126.920919,35.141375],[126.920918,35.141375],[126.920917,35.141376],[126.920917,35.141376],[126.920916,35.141377],[126.920916,35.141378],[126.920916,35.141379],[126.920916,35.14138],[126.920916,35.14138],[126.920917,35.141381],[126.920917,35.141382],[126.920918,35.141382],[126.920919,35.141383],[126.920919,35.141383],[126.92092,35.141383],[126.920921,35.141383]]]]}},{"type":"Feature","id":"1986192726611822539200000000","properties":{"id":"1986192726611822539200000000","pnu":"1221012200100550012","year":1986,"purpose":"제1종 근린생활시설","floors":2,"structure":"철근콘크리트구조"},"geometry":{"type":"MultiPolygon","coordinates":[[[[126.920906,35.139493],[126.921132,35.139309],[126.921091,35.139267],[126.920861,35.139461],[126.920906,35.139493]]]]}},{"type":"Feature","id":"1986192726981824855300000000","properties":{"id":"1986192726981824855300000000","pnu":"1221012200101100002","year":1986,"purpose":"제1종 근린생활시설","floors":2,"structure":"벽돌구조"},"geometry":{"type":"MultiPolygon","coordinates":[[[[126.92089,35.141489],[126.92103,35.141558],[126.921111,35.141449],[126.920972,35.14138],[126.92089,35.141489]]]]}},{"type":"Feature","id":"1986192731351822669900000000","properties":{"id":"1986192731351822669900000000","pnu":"1221012200100550012","year":1986,"purpose":"제2종 근린생활시설","floors":1,"structure":"철근콘크리트구조"},"geometry":{"type":"MultiPolygon","coordinates":[[[[126.921012,35.139556],[126.92112,35.139471],[126.921083,35.139444],[126.920983,35.139529],[126.921012,35.139556]]]]}},{"type":"Feature","id":"1986192738991822768200000000","properties":{"id":"1986192738991822768200000000","pnu":"1221012200100760009","year":1986,"purpose":"제1종 근린생활시설","far":130.77,"floors":2,"structure":"벽돌구조"},"geometry":{"type":"MultiPolygon","coordinates":[[[[126.921185,35.139646],[126.921222,35.139602],[126.921085,35.13953],[126.921046,35.139572],[126.921185,35.139646]]]]}},{"type":"Feature","id":"1986192822761828493500000000","properties":{"id":"1986192822761828493500000000","pnu":"1221011800100860001","year":1986,"purpose":"단독주택"},"geometry":{"type":"MultiPolygon","coordinates":[[[[126.922071,35.144798],[126.922104,35.144757],[126.922104,35.144747],[126.922029,35.144701],[126.921987,35.144746],[126.922071,35.144798]]]]}},{"type":"Feature","id":"1986192827501827568800000000","properties":{"id":"1986192827501827568800000000","pnu":"1221011800101180004","purpose":"기타","structure":"벽돌구조"},"geometry":{"type":"MultiPolygon","coordinates":[[[[126.922096,35.143918],[126.922104,35.14392],[126.922107,35.143913],[126.922099,35.14391],[126.922096,35.143918]]]]}},{"type":"Feature","id":"1986192834021827605100000000","properties":{"id":"1986192834021827605100000000","pnu":"1221011800101180004","year":1986,"purpose":"단독주택","far":98.95,"floors":2,"structure":"벽돌구조"},"geometry":{"type":"MultiPolygon","coordinates":[[[[126.922209,35.143997],[126.922241,35.143944],[126.922132,35.1439],[126.922107,35.143951],[126.922209,35.143997]]]]}},{"type":"Feature","id":"1986192874321831351100000000","properties":{"id":"1986192874321831351100000000","pnu":"1221010700101010055","year":1986,"purpose":"제2종 근린생활시설","far":162.71,"floors":3,"structure":"철근콘크리트구조"},"geometry":{"type":"MultiPolygon","coordinates":[[[[126.922644,35.147383],[126.922683,35.147343],[126.922579,35.147267],[126.922541,35.147306],[126.922644,35.147383]]]]}},{"type":"Feature","id":"1986193019721824512000000000","properties":{"id":"1986193019721824512000000000","pnu":"1221012200105250011","year":1986,"purpose":"단독주택","far":197.93,"floors":4,"structure":"철근콘크리트구조"},"geometry":{"type":"MultiPolygon","coordinates":[[[[126.924249,35.141262],[126.924288,35.14118],[126.924208,35.141067],[126.924127,35.141097],[126.924224,35.141267],[126.924231,35.141269],[126.92424,35.141269],[126.924249,35.141262]]]]}},{"type":"Feature","id":"1986193029351826272500000000","properties":{"id":"1986193029351826272500000000","pnu":"1221011800104730014","year":1986,"purpose":"제2종 근린생활시설"},"geometry":{"type":"MultiPolygon","coordinates":[[[[126.924249,35.142762],[126.924289,35.142811],[126.924386,35.142745],[126.924346,35.142687],[126.924334,35.142687],[126.924249,35.142762]]]]}},{"type":"Feature","id":"1986193083531827683200000000","properties":{"id":"1986193083531827683200000000","pnu":"1221011800104670001","year":1986,"purpose":"제1종 근린생활시설","floors":4,"structure":"철근콘크리트구조"},"geometry":{"type":"MultiPolygon","coordinates":[[[[126.92497,35.144072],[126.92499,35.143987],[126.924878,35.143967],[126.924875,35.143981],[126.924861,35.143979],[126.924858,35.143992],[126.924842,35.14399],[126.924827,35.144052],[126.92497,35.144072]]]]}},{"type":"Feature","id":"1986193085041828441500000000","properties":{"id":"1986193085041828441500000000","pnu":"1221011800100230026","year":1986,"purpose":"단독주택"},"geometry":{"type":"MultiPolygon","coordinates":[[[[126.924923,35.144754],[126.92498,35.144686],[126.924931,35.144654],[126.924874,35.144722],[126.924923,35.144754]]]]}},{"type":"Feature","id":"1987192549251827576400000000","properties":{"id":"1987192549251827576400000000","pnu":"1221011200101430003","year":1987,"purpose":"단독주택"},"geometry":{"type":"MultiPolygon","coordinates":[[[[126.919104,35.143988],[126.919145,35.143938],[126.919,35.143852],[126.91895,35.143907],[126.919104,35.143988]]]]}},{"type":"Feature","id":"1987192584241828317600000000","properties":{"id":"1987192584241828317600000000","pnu":"1221011200101660002","year":1987,"purpose":"제2종 근린생활시설","far":367.1,"floors":5,"structure":"철근콘크리트구조"},"geometry":{"type":"MultiPolygon","coordinates":[[[[126.919349,35.144629],[126.91941,35.144657],[126.919464,35.144649],[126.919512,35.144532],[126.919445,35.144523],[126.919438,35.144531],[126.919404,35.144524],[126.919349,35.144629]]]]}},{"type":"Feature","id":"1987192623271822346600000000","properties":{"id":"1987192623271822346600000000","pnu":"1221012200100810044","purpose":"기타","floors":1,"structure":"벽돌구조"},"geometry":{"type":"MultiPolygon","coordinates":[[[[126.919838,35.139302],[126.919887,35.139225],[126.919935,35.139244],[126.919977,35.139181],[126.919855,35.139121],[126.919778,35.139218],[126.919796,35.139284],[126.919838,35.139302]]]]}},{"type":"Feature","id":"1987192639761822111200000000","properties":{"id":"1987192639761822111200000000","pnu":"1221012200100810048","year":1987,"purpose":"제1종 근린생활시설","far":134.43,"floors":2,"structure":"벽돌구조"},"geometry":{"type":"MultiPolygon","coordinates":[[[[126.920082,35.139051],[126.920119,35.139],[126.92001,35.138939],[126.919973,35.138989],[126.920082,35.139051]]]]}},{"type":"Feature","id":"1987192656221823192000000000","properties":{"id":"1987192656221823192000000000","pnu":"1221012200100550023","year":1987,"purpose":"숙박시설","far":183.41,"floors":1,"structure":"벽돌구조"},"geometry":{"type":"MultiPolygon","coordinates":[[[[126.920292,35.139986],[126.920215,35.139901],[126.920166,35.139963],[126.920226,35.14003],[126.920292,35.139986]]]]}},{"type":"Feature","id":"1987192684231826707800000000","properties":{"id":"1987192684231826707800000000","pnu":"1221011200101150011","year":1987,"purpose":"기타","structure":"철근콘크리트구조"},"geometry":{"type":"MultiPolygon","coordinates":[[[[126.920556,35.143221],[126.920605,35.143165],[126.920539,35.143032],[126.920441,35.14316],[126.920556,35.143221]]]]}},{"type":"Feature","id":"1987192717351827532500000000","properties":{"id":"1987192717351827532500000000","pnu":"1221011200100920003","year":1987,"purpose":"제1종 근린생활시설","far":300.65,"floors":4,"structure":"철근콘크리트구조"},"geometry":{"type":"MultiPolygon","coordinates":[[[[126.920967,35.143931],[126.920911,35.143817],[126.920853,35.14384],[126.920826,35.143891],[126.920844,35.14392],[126.920967,35.143931]]]]}},{"type":"Feature","id":"1987192805341827545600000000","properties":{"id":"1987192805341827545600000000","pnu":"1221011800101150003","year":1987,"purpose":"제1종 근린생활시설"},"geometry":{"type":"MultiPolygon","coordinates":[[[[126.921916,35.143879],[126.921828,35.143848],[126.921802,35.143915],[126.921839,35.143929],[126.92187,35.14393],[126.921905,35.143921],[126.921916,35.143879]]]]}},{"type":"Feature","id":"1987192823531826925500000000","properties":{"id":"1987192823531826925500000000","pnu":"1221011800101260003","year":1987,"purpose":"제1종 근린생활시설","far":194.89,"floors":4,"structure":"철근콘크리트구조"},"geometry":{"type":"MultiPolygon","coordinates":[[[[126.922139,35.14339],[126.922149,35.143322],[126.922032,35.143279],[126.921987,35.143274],[126.921975,35.143368],[126.922139,35.14339]]]]}},{"type":"Feature","id":"1987192861311831232600000000","properties":{"id":"1987192861311831232600000000","pnu":"1221011800100450005","year":1987,"purpose":"제1종 근린생활시설"},"geometry":{"type":"MultiPolygon","coordinates":[[[[126.922534,35.147233],[126.922429,35.147154],[126.92242,35.147226],[126.922482,35.147262],[126.922512,35.147263],[126.922534,35.147233]]]]}},{"type":"Feature","id":"1987192903031827205100000000","properties":{"id":"1987192903031827205100000000","pnu":"1221011800100980001","year":1987,"purpose":"단독주택"},"geometry":{"type":"MultiPolygon","coordinates":[[[[126.922967,35.143631],[126.922994,35.143604],[126.922891,35.143544],[126.92287,35.143574],[126.922967,35.143631]]]]}},{"type":"Feature","id":"1987192909181827165900000000","properties":{"id":"1987192909181827165900000000","pnu":"1221011800100980001","year":1987,"purpose":"단독주택"},"geometry":{"type":"MultiPolygon","coordinates":[[[[126.923062,35.143608],[126.923091,35.14359],[126.9231,35.143565],[126.922919,35.143495],[126.922895,35.143538],[126.923062,35.143608]]]]}},{"type":"Feature","id":"1987192948661831649800000000","properties":{"id":"1987192948661831649800000000","pnu":"1221010700100990000","purpose":"기타"},"geometry":{"type":"MultiPolygon","coordinates":[[[[126.923499,35.147768],[126.923642,35.147626],[126.923351,35.147421],[126.923216,35.147564],[126.923499,35.147768]]]]}},{"type":"Feature","id":"1987192950201831472900000000","properties":{"id":"1987192950201831472900000000","pnu":"1221010700100990000","purpose":"기타"},"geometry":{"type":"MultiPolygon","coordinates":[[[[126.923382,35.147363],[126.923348,35.147391],[126.923509,35.147508],[126.923541,35.14748],[126.923382,35.147363]]]]}},{"type":"Feature","id":"1987192964521828026800000000","properties":{"id":"1987192964521828026800000000","pnu":"1221011800100950003","year":1987,"purpose":"단독주택","far":137.67,"floors":3,"structure":"철근콘크리트구조"},"geometry":{"type":"MultiPolygon","coordinates":[[[[126.92355,35.144275],[126.92352,35.144331],[126.923663,35.144382],[126.923687,35.144339],[126.92368,35.144326],[126.92355,35.144275]]]]}},{"type":"Feature","id":"1987192992711831985800000000","properties":{"id":"1987192992711831985800000000","pnu":"1221010700100990000","purpose":"기타"},"geometry":{"type":"MultiPolygon","coordinates":[[[[126.923953,35.148052],[126.924074,35.147961],[126.923929,35.147811],[126.923927,35.147793],[126.923915,35.147773],[126.923901,35.147763],[126.923888,35.147757],[126.923869,35.14775],[126.923747,35.147837],[126.923953,35.148052]]]]}},{"type":"Feature","id":"1987193007501827231200000000","properties":{"id":"1987193007501827231200000000","pnu":"1221011800104700028","purpose":"기타","structure":"벽돌구조"},"geometry":{"type":"MultiPolygon","coordinates":[[[[126.924065,35.143611],[126.924072,35.143621],[126.924089,35.143614],[126.924083,35.143603],[126.924065,35.143611]]]]}},{"type":"Feature","id":"1987193014601827242400000000","properties":{"id":"1987193014601827242400000000","pnu":"1221011800104700028","year":1987,"purpose":"단독주택","far":99.73,"floors":2,"structure":"벽돌구조"},"geometry":{"type":"MultiPolygon","coordinates":[[[[126.924119,35.143681],[126.924228,35.143617],[126.924188,35.143566],[126.924137,35.143583],[126.924143,35.143596],[126.924093,35.143623],[126.9241,35.143633],[126.924084,35.143643],[126.924119,35.143681]]]]}},{"type":"Feature","id":"1987193018801821405900000000","properties":{"id":"1987193018801821405900000000","pnu":"1221012200100440005","year":1987,"purpose":"기타","far":195.29,"floors":4,"structure":"철근콘크리트구조"},"geometry":{"type":"MultiPolygon","coordinates":[[[[126.92425,35.138474],[126.924342,35.138388],[126.92413,35.138242],[126.924081,35.138297],[126.924146,35.138355],[126.924115,35.138382],[126.92425,35.138474]]]]}},{"type":"Feature","id":"1987193044371826544900000000","properties":{"id":"1987193044371826544900000000","pnu":"1221011800104730020","year":1987,"purpose":"단독주택","far":99.5,"floors":2,"structure":"벽돌구조"},"geometry":{"type":"MultiPolygon","coordinates":[[[[126.92447,35.143043],[126.924547,35.142982],[126.924517,35.142951],[126.92449,35.142965],[126.92448,35.142963],[126.924456,35.142976],[126.924444,35.142971],[126.924417,35.142994],[126.92447,35.143043]]]]}},{"type":"Feature","id":"1987193045351829738500000000","properties":{"id":"1987193045351829738500000000","pnu":"1221011800100170005","year":1987,"purpose":"단독주택","far":84.7,"floors":2,"structure":"벽돌구조"},"geometry":{"type":"MultiPolygon","coordinates":[[[[126.924483,35.145912],[126.92454,35.145878],[126.924497,35.145833],[126.92444,35.145869],[126.924483,35.145912]]]]}},{"type":"Feature","id":"1987193051031826869700000000","properties":{"id":"1987193051031826869700000000","pnu":"1221011800104720004","year":1987,"purpose":"단독주택"},"geometry":{"type":"MultiPolygon","coordinates":[[[[126.924565,35.143328],[126.924602,35.143276],[126.924549,35.143245],[126.924506,35.143297],[126.924565,35.143328]]]]}},{"type":"Feature","id":"1987193107321828448400000000","properties":{"id":"1987193107321828448400000000","pnu":"1221011800100230008","year":1987,"purpose":"단독주택"},"geometry":{"type":"MultiPolygon","coordinates":[[[[126.925195,35.144785],[126.925256,35.144683],[126.925188,35.144656],[126.925189,35.144649],[126.925145,35.144633],[126.925091,35.144744],[126.925195,35.144785]]]]}},{"type":"Feature","id":"1987193152681829767000000000","properties":{"id":"1987193152681829767000000000","pnu":"1221011800100080008","purpose":"기타","structure":"벽돌구조"},"geometry":{"type":"MultiPolygon","coordinates":[[[[126.925659,35.145899],[126.925668,35.145906],[126.925676,35.145898],[126.925669,35.145893],[126.925659,35.145899]]]]}},{"type":"Feature","id":"1987193160461829780200000000","properties":{"id":"1987193160461829780200000000","pnu":"1221011800100080008","year":1987,"purpose":"단독주택"},"geometry":{"type":"MultiPolygon","coordinates":[[[[126.92577,35.145956],[126.92581,35.145909],[126.925733,35.145865],[126.925698,35.145914],[126.92577,35.145956]]]]}},{"type":"Feature","id":"1987193359851830873900000000","properties":{"id":"1987193359851830873900000000","pnu":"1221010800101180020","year":1987,"purpose":"제2종 근린생활시설","floors":4,"structure":"철근콘크리트구조"},"geometry":{"type":"MultiPolygon","coordinates":[[[[126.927876,35.14699],[126.928061,35.146902],[126.928003,35.146807],[126.927821,35.146893],[126.927876,35.14699]]]]}},{"type":"Feature","id":"1987193377551830384300000000","properties":{"id":"1987193377551830384300000000","pnu":"1221011100105170021","year":1987,"purpose":"제1종 근린생활시설","far":105.43,"floors":2,"structure":"철근콘크리트구조"},"geometry":{"type":"MultiPolygon","coordinates":[[[[126.928178,35.146514],[126.928204,35.146458],[126.9281,35.146401],[126.928062,35.146455],[126.928178,35.146514]]]]}},{"type":"Feature","id":"1987193383711830345500000000","properties":{"id":"1987193383711830345500000000","pnu":"1221011100105170021","purpose":"기타","structure":"벽돌구조"},"geometry":{"type":"MultiPolygon","coordinates":[[[[126.928192,35.146421],[126.928208,35.14643],[126.928214,35.146423],[126.928198,35.146414],[126.928192,35.146421]]]]}},{"type":"Feature","id":"1987193408091830596000000000","properties":{"id":"1987193408091830596000000000","pnu":"1221011100105180003","purpose":"제1종 근린생활시설","floors":1,"structure":"일반목구조"},"geometry":{"type":"MultiPolygon","coordinates":[[[[126.928494,35.146716],[126.928546,35.146645],[126.928496,35.146583],[126.92838,35.146632],[126.92843,35.146688],[126.928494,35.146716]]]]}},{"type":"Feature","id":"1988192547461829284900000000","properties":{"id":"1988192547461829284900000000","pnu":"1221011200101690003","purpose":"제1종 근린생활시설"},"geometry":{"type":"MultiPolygon","coordinates":[[[[126.919072,35.14551],[126.919098,35.145445],[126.918982,35.145414],[126.918952,35.145469],[126.919072,35.14551]]]]}},{"type":"Feature","id":"1988192548201826977700000000","properties":{"id":"1988192548201826977700000000","pnu":"1221011400101230002","purpose":"기타","structure":"벽돌구조"},"geometry":{"type":"MultiPolygon","coordinates":[[[[126.91902,35.143389],[126.91903,35.143396],[126.919054,35.143371],[126.919046,35.143365],[126.91902,35.143389]]]]}},{"type":"Feature","id":"1988192551081827433300000000","properties":{"id":"1988192551081827433300000000","pnu":"1221011200101430004","purpose":"기타","structure":"벽돌구조"},"geometry":{"type":"MultiPolygon","coordinates":[[[[126.919056,35.14379],[126.919075,35.1438],[126.919079,35.143794],[126.919079,35.143792],[126.919062,35.143782],[126.919056,35.14379]]]]}},{"type":"Feature","id":"1988192554061827502900000000","properties":{"id":"1988192554061827502900000000","pnu":"1221011200101430004","year":1988,"purpose":"단독주택","far":151.29,"floors":3,"structure":"벽돌구조"},"geometry":{"type":"MultiPolygon","coordinates":[[[[126.919146,35.143914],[126.919187,35.143872],[126.919053,35.143793],[126.919017,35.143837],[126.919146,35.143914]]]]}},{"type":"Feature","id":"1988192591541822747100000000","properties":{"id":"1988192591541822747100000000","pnu":"1221012200100810029","year":1988,"purpose":"기타"},"geometry":{"type":"MultiPolygon","coordinates":[[[[126.919514,35.139653],[126.919606,35.139526],[126.91952,35.139484],[126.919426,35.139605],[126.919514,35.139653]]]]}},{"type":"Feature","id":"1988192598611822815700000000","properties":{"id":"1988192598611822815700000000","pnu":"1221012200100810029","year":1988,"purpose":"공동주택"},"geometry":{"type":"MultiPolygon","coordinates":[[[[126.91959,35.139682],[126.91965,35.1396],[126.919601,35.139576],[126.919537,35.139659],[126.91959,35.139682]]]]}},{"type":"Feature","id":"1988192608131824109200000000","properties":{"id":"1988192608131824109200000000","pnu":"1221012200101030007","purpose":"단독주택","structure":"벽돌구조"},"geometry":{"type":"MultiPolygon","coordinates":[[[[126.919688,35.140807],[126.919699,35.140809],[126.919707,35.140783],[126.919696,35.140781],[126.919688,35.140807]]]]}},{"type":"Feature","id":"1988192608351825304500000000","properties":{"id":"1988192608351825304500000000","pnu":"1221012200101340001","year":1988,"purpose":"제2종 근린생활시설"},"geometry":{"type":"MultiPolygon","coordinates":[[[[126.919734,35.141917],[126.919768,35.141867],[126.919663,35.141828],[126.919631,35.141881],[126.919734,35.141917]]]]}},{"type":"Feature","id":"1988192609941828329900000000","properties":{"id":"1988192609941828329900000000","pnu":"1221011200100360010","year":1988,"purpose":"기타","structure":"철근콘크리트구조"},"geometry":{"type":"MultiPolygon","coordinates":[[[[126.919659,35.144544],[126.919633,35.14462],[126.919745,35.144653],[126.919812,35.144588],[126.919659,35.144544]]]]}},{"type":"Feature","id":"1988192611111827228500000000","properties":{"id":"1988192611111827228500000000","pnu":"1221011200101340005","year":1988,"purpose":"제1종 근린생활시설","far":153.63,"floors":2,"structure":"철근콘크리트구조"},"geometry":{"type":"MultiPolygon","coordinates":[[[[126.919757,35.143672],[126.919779,35.143647],[126.919774,35.143641],[126.919786,35.143626],[126.919778,35.143617],[126.91979,35.143599],[126.919712,35.143544],[126.919651,35.143603],[126.919757,35.143672]]]]}},{"type":"Feature","id":"1988192615571824134700000000","properties":{"id":"1988192615571824134700000000","pnu":"1221012200101030007","year":1988,"purpose":"단독주택","far":95.25,"floors":2,"structure":"벽돌구조"},"geometry":{"type":"MultiPolygon","coordinates":[[[[126.919829,35.140872],[126.919847,35.140782],[126.919797,35.140773],[126.919796,35.140786],[126.919721,35.140773],[126.919705,35.140829],[126.919733,35.14085],[126.919829,35.140872]]]]}},{"type":"Feature","id":"1988192615631825206500000000","properties":{"id":"1988192615631825206500000000","pnu":"1221012200101340001","year":1988,"purpose":"제2종 근린생활시설"},"geometry":{"type":"MultiPolygon","coordinates":[[[[126.919816,35.14183],[126.919847,35.14179],[126.919743,35.14174],[126.919709,35.141778],[126.919816,35.14183]]]]}},{"type":"Feature","id":"1988192631921822245800000000","properties":{"id":"1988192631921822245800000000","pnu":"1221012200100810036","year":1988,"purpose":"제1종 근린생활시설","far":193.5,"floors":3,"structure":"철근콘크리트구조"},"geometry":{"type":"MultiPolygon","coordinates":[[[[126.919999,35.139171],[126.920039,35.139122],[126.919917,35.139063],[126.919881,35.139106],[126.919999,35.139171]]]]}},{"type":"Feature","id":"1988192635811822173300000000","properties":{"id":"1988192635811822173300000000","pnu":"1221012200100810047","year":1988,"purpose":"제1종 근린생활시설","far":193.5,"floors":3,"structure":"철근콘크리트구조"},"geometry":{"type":"MultiPolygon","coordinates":[[[[126.920044,35.139108],[126.920083,35.13906],[126.919965,35.138991],[126.919925,35.139048],[126.920044,35.139108]]]]}},{"type":"Feature","id":"1988192637531823518900000000","properties":{"id":"1988192637531823518900000000","pnu":"1221012200100730011","year":1988,"purpose":"숙박시설","far":174.62,"floors":3,"structure":"철근콘크리트구조"},"geometry":{"type":"MultiPolygon","coordinates":[[[[126.920029,35.140323],[126.920102,35.140277],[126.920034,35.140196],[126.919941,35.140245],[126.919993,35.140322],[126.920029,35.140323]]]]}},{"type":"Feature","id":"1988192645621827257600000000","properties":{"id":"1988192645621827257600000000","pnu":"1221011200101030001","year":1988,"purpose":"제1종 근린생활시설"},"geometry":{"type":"MultiPolygon","coordinates":[[[[126.920093,35.143711],[126.92017,35.143614],[126.92013,35.143561],[126.920105,35.143555],[126.920042,35.143686],[126.920093,35.143711]]]]}},{"type":"Feature","id":"1988192658051826316900000000","properties":{"id":"1988192658051826316900000000","pnu":"1221011200101190000","year":1988,"purpose":"제1종 근린생활시설","far":327.25,"floors":4,"structure":"철근콘크리트구조"},"geometry":{"type":"MultiPolygon","coordinates":[[[[126.920293,35.142844],[126.920319,35.142769],[126.920201,35.142725],[126.920165,35.142806],[126.920293,35.142844]]]]}},{"type":"Feature","id":"1988192676471826532700000000","properties":{"id":"1988192676471826532700000000","pnu":"1221011200101160013","year":1988,"purpose":"기타","structure":"철근콘크리트구조"},"geometry":{"type":"MultiPolygon","coordinates":[[[[126.920347,35.143035],[126.920468,35.143073],[126.920493,35.143034],[126.920514,35.143038],[126.920522,35.14301],[126.920536,35.143006],[126.920499,35.142903],[126.920457,35.142887],[126.920413,35.142886],[126.920347,35.143035]]]]}},{"type":"Feature","id":"1988192702621827808800000000","properties":{"id":"1988192702621827808800000000","pnu":"1221011200100940001","year":1988,"purpose":"제2종 근린생활시설","far":152.46,"floors":2,"structure":"벽돌구조"},"geometry":{"type":"MultiPolygon","coordinates":[[[[126.920663,35.14408],[126.920637,35.144137],[126.920733,35.144176],[126.920756,35.144175],[126.920779,35.14417],[126.920832,35.144144],[126.920828,35.144121],[126.920663,35.14408]]]]}},{"type":"Feature","id":"1988192748561822104400000000","properties":{"id":"1988192748561822104400000000","pnu":"1221012200100550057","year":1988,"purpose":"기타"},"geometry":{"type":"MultiPolygon","coordinates":[[[[126.921257,35.139182],[126.921459,35.139005],[126.921213,35.138791],[126.921027,35.138984],[126.921257,35.139182]]]]}},{"type":"Feature","id":"1988192764161823183000000000","properties":{"id":"1988192764161823183000000000","pnu":"1221012200100550087","year":1988,"purpose":"기타"},"geometry":{"type":"MultiPolygon","coordinates":[[[[126.921374,35.140055],[126.921511,35.139912],[126.921448,35.139868],[126.921309,35.140011],[126.921374,35.140055]]]]}},{"type":"Feature","id":"1988192771271823243700000000","properties":{"id":"1988192771271823243700000000","pnu":"1221012200100550087","year":1988,"purpose":"기타"},"geometry":{"type":"MultiPolygon","coordinates":[[[[126.921464,35.140102],[126.921581,35.139975],[126.921517,35.139931],[126.921394,35.140055],[126.921464,35.140102]]]]}},{"type":"Feature","id":"1988192784631823969600000000","properties":{"id":"1988192784631823969600000000","pnu":"1221012200100650008","year":1988,"purpose":"제1종 근린생활시설","far":315.58,"floors":4,"structure":"철근콘크리트구조"},"geometry":{"type":"MultiPolygon","coordinates":[[[[126.921686,35.140737],[126.921733,35.140676],[126.921554,35.14061],[126.92153,35.140644],[126.921686,35.140737]]]]}},{"type":"Feature","id":"1988192786281823488500000000","properties":{"id":"1988192786281823488500000000","pnu":"1221012200100550080","year":1988,"purpose":"기타"},"geometry":{"type":"MultiPolygon","coordinates":[[[[126.921655,35.140297],[126.921719,35.140217],[126.921652,35.140179],[126.921586,35.140253],[126.921655,35.140297]]]]}},{"type":"Feature","id":"1988192792241823863900000000","properties":{"id":"1988192792241823863900000000","pnu":"1221012200100650006","year":1988,"purpose":"제1종 근린생활시설","floors":5,"structure":"철근콘크리트구조"},"geometry":{"type":"MultiPolygon","coordinates":[[[[126.921746,35.140659],[126.921802,35.140587],[126.92178,35.140532],[126.921698,35.140493],[126.921618,35.140589],[126.921746,35.140659]]]]}},{"type":"Feature","id":"1988192793741823538300000000","properties":{"id":"1988192793741823538300000000","pnu":"1221012200100550077","year":1988,"purpose":"기타"},"geometry":{"type":"MultiPolygon","coordinates":[[[[126.92174,35.140338],[126.921798,35.140265],[126.921725,35.140227],[126.921673,35.140301],[126.92174,35.140338]]]]}},{"type":"Feature","id":"1988192800811827062100000000","properties":{"id":"1988192800811827062100000000","pnu":"1221011200100670001","year":1988,"purpose":"제1종 근린생활시설","far":231.17,"floors":4,"structure":"철근콘크리트구조"},"geometry":{"type":"MultiPolygon","coordinates":[[[[126.92176,35.14352],[126.921811,35.143538],[126.921842,35.143515],[126.92186,35.143393],[126.921779,35.143385],[126.92176,35.14352]]]]}},{"type":"Feature","id":"1988192817381823119400000000","properties":{"id":"1988192817381823119400000000","pnu":"1221012200100610038","year":1988,"purpose":"단독주택"},"geometry":{"type":"MultiPolygon","coordinates":[[[[126.921935,35.139966],[126.92209,35.139899],[126.922051,35.139843],[126.921899,35.139912],[126.921935,35.139966]]]]}},{"type":"Feature","id":"1988192835031822941600000000","properties":{"id":"1988192835031822941600000000","pnu":"1221012200100550110","year":1988,"purpose":"기타"},"geometry":{"type":"MultiPolygon","coordinates":[[[[126.92213,35.139789],[126.922268,35.139746],[126.922246,35.139701],[126.92211,35.139742],[126.92213,35.139789]]]]}},{"type":"Feature","id":"1988192842911828890300000000","properties":{"id":"1988192842911828890300000000","pnu":"1221011800100900009","year":1988,"purpose":"단독주택"},"geometry":{"type":"MultiPolygon","coordinates":[[[[126.92224,35.145163],[126.922345,35.145115],[126.922303,35.145049],[126.922191,35.145101],[126.92224,35.145163]]]]}},{"type":"Feature","id":"1988193009331824344800000000","properties":{"id":"1988193009331824344800000000","pnu":"1221012200105250015","year":1988,"purpose":"단독주택","far":233.79,"floors":4,"structure":"철근콘크리트구조"},"geometry":{"type":"MultiPolygon","coordinates":[[[[126.924098,35.14108],[126.924171,35.141054],[126.924096,35.140942],[126.92403,35.140962],[126.924098,35.14108]]]]}},{"type":"Feature","id":"1988193027771828276400000000","properties":{"id":"1988193027771828276400000000","pnu":"1221011800100230007","year":1988,"purpose":"제1종 근린생활시설"},"geometry":{"type":"MultiPolygon","coordinates":[[[[126.92428,35.144622],[126.924378,35.144573],[126.924312,35.144489],[126.924222,35.144531],[126.92428,35.144622]]]]}},{"type":"Feature","id":"1988193050331825102900000000","properties":{"id":"1988193050331825102900000000","pnu":"1221012200105230009","year":1988,"purpose":"기타","far":207.79,"floors":4,"structure":"철근콘크리트구조"},"geometry":{"type":"MultiPolygon","coordinates":[[[[126.924555,35.141787],[126.924608,35.141685],[126.924562,35.141622],[126.924481,35.141667],[126.924555,35.141787]]]]}},{"type":"Feature","id":"1988193051621829801500000000","properties":{"id":"1988193051621829801500000000","pnu":"1221011800100170015","year":1988,"purpose":"단독주택"},"geometry":{"type":"MultiPolygon","coordinates":[[[[126.924492,35.145929],[126.924537,35.145977],[126.924583,35.145952],[126.924588,35.145958],[126.92463,35.14593],[126.924568,35.145881],[126.924492,35.145929]]]]}},{"type":"Feature","id":"1988193058271829835200000000","properties":{"id":"1988193058271829835200000000","pnu":"1221011800100170015","year":1988,"purpose":"단독주택"},"geometry":{"type":"MultiPolygon","coordinates":[[[[126.924624,35.145959],[126.92463,35.145966],[126.92464,35.145961],[126.924633,35.145954],[126.924624,35.145959]]]]}},{"type":"Feature","id":"1988193070581829132500000000","properties":{"id":"1988193070581829132500000000","pnu":"1221011800100200017","year":1988,"purpose":"기타","far":83.72,"floors":2,"structure":"벽돌구조"},"geometry":{"type":"MultiPolygon","coordinates":[[[[126.924747,35.145374],[126.924827,35.145323],[126.924786,35.145278],[126.924709,35.145333],[126.924747,35.145374]]]]}},{"type":"Feature","id":"1988193076501825648600000000","properties":{"id":"1988193076501825648600000000","pnu":"1221012200105200004","year":1988,"purpose":"기타","far":146.04,"floors":3,"structure":"철근콘크리트구조"},"geometry":{"type":"MultiPolygon","coordinates":[[[[126.924828,35.142134],[126.924789,35.142148],[126.924855,35.142253],[126.924861,35.142251],[126.924869,35.142193],[126.924828,35.142134]]]]}},{"type":"Feature","id":"1988193161891828822700000000","properties":{"id":"1988193161891828822700000000","pnu":"1221011800100210037","year":1988,"purpose":"제1종 근린생활시설"},"geometry":{"type":"MultiPolygon","coordinates":[[[[126.925758,35.145093],[126.925822,35.145059],[126.925783,35.145004],[126.925717,35.145034],[126.925758,35.145093]]]]}},{"type":"Feature","id":"1988193162581830030100000000","properties":{"id":"1988193162581830030100000000","pnu":"1221011800100080001","year":1988,"purpose":"제2종 근린생활시설","far":149.22,"floors":3,"structure":"벽돌구조"},"geometry":{"type":"MultiPolygon","coordinates":[[[[126.925792,35.146184],[126.925836,35.146108],[126.925767,35.146078],[126.92572,35.146151],[126.925771,35.146199],[126.925792,35.146184]]]]}},{"type":"Feature","id":"1988193236941831928000000000","properties":{"id":"1988193236941831928000000000","pnu":"1221010800101410022","year":1988,"purpose":"단독주택"},"geometry":{"type":"MultiPolygon","coordinates":[[[[126.926535,35.147878],[126.92665,35.147873],[126.926647,35.147818],[126.926535,35.147819],[126.926535,35.147878]]]]}},{"type":"Feature","id":"1988193273481829372100000000","properties":{"id":"1988193273481829372100000000","pnu":"1221011800104270009","year":1988,"purpose":"제2종 근린생활시설","far":296.9,"floors":5,"structure":"철근콘크리트구조"},"geometry":{"type":"MultiPolygon","coordinates":[[[[126.927005,35.145611],[126.927045,35.145566],[126.926977,35.145479],[126.926944,35.145512],[126.927005,35.145611]]]]}},{"type":"Feature","id":"1988193279621829462500000000","properties":{"id":"1988193279621829462500000000","pnu":"1221011800104270008","year":1988,"purpose":"제1종 근린생활시설","far":235.52,"floors":4,"structure":"철근콘크리트구조"},"geometry":{"type":"MultiPolygon","coordinates":[[[[126.927058,35.145683],[126.927118,35.145619],[126.927056,35.145572],[126.927011,35.145619],[126.927041,35.145668],[126.927058,35.145683]]]]}},{"type":"Feature","id":"1988193294971829803000000000","properties":{"id":"1988193294971829803000000000","pnu":"1221011800100010007","year":1988,"purpose":"제1종 근린생활시설","far":122.75,"floors":2,"structure":"벽돌구조"},"geometry":{"type":"MultiPolygon","coordinates":[[[[126.927234,35.145974],[126.927272,35.14596],[126.927274,35.145944],[126.927195,35.145885],[126.92718,35.14589],[126.927234,35.145974]]]]}},{"type":"Feature","id":"1988193299871829898700000000","properties":{"id":"1988193299871829898700000000","pnu":"1221011800100010002","year":1988,"purpose":"제1종 근린생활시설","far":143.8,"floors":2,"structure":"벽돌구조"},"geometry":{"type":"MultiPolygon","coordinates":[[[[126.927298,35.14608],[126.927314,35.146071],[126.927294,35.146016],[126.927308,35.146009],[126.927296,35.145972],[126.927243,35.145991],[126.927298,35.14608]]]]}},{"type":"Feature","id":"1988193313681830033700000000","properties":{"id":"1988193313681830033700000000","pnu":"1221010800101200007","year":1988,"purpose":"기타","far":281.08,"floors":5,"structure":"철근콘크리트구조"},"geometry":{"type":"MultiPolygon","coordinates":[[[[126.927428,35.146288],[126.927509,35.14624],[126.927479,35.146195],[126.927556,35.146151],[126.927442,35.146002],[126.927425,35.146005],[126.927319,35.146112],[126.927428,35.146288]]]]}},{"type":"Feature","id":"1988193325471830378500000000","properties":{"id":"1988193325471830378500000000","pnu":"1221010800101200022","year":1988,"purpose":"단독주택","far":171.83,"floors":3,"structure":"철근콘크리트구조"},"geometry":{"type":"MultiPolygon","coordinates":[[[[126.927577,35.146518],[126.927624,35.146496],[126.927554,35.146391],[126.927501,35.146398],[126.927577,35.146518]]]]}},{"type":"Feature","id":"1988193352261830349500000000","properties":{"id":"1988193352261830349500000000","pnu":"1221010800101180017","year":1988,"purpose":"제1종 근린생활시설","far":114.25,"floors":2,"structure":"벽돌구조"},"geometry":{"type":"MultiPolygon","coordinates":[[[[126.927871,35.146487],[126.927927,35.14642],[126.927842,35.146368],[126.927806,35.146397],[126.927812,35.146403],[126.927792,35.14643],[126.927871,35.146487]]]]}},{"type":"Feature","id":"1988193382981831150300000000","properties":{"id":"1988193382981831150300000000","pnu":"1221010800101230006","year":1988,"purpose":"제2종 근린생활시설","far":139.42,"floors":3,"structure":"철근콘크리트구조"},"geometry":{"type":"MultiPolygon","coordinates":[[[[126.92824,35.147183],[126.928249,35.147128],[126.928151,35.14711],[126.928139,35.147168],[126.92824,35.147183]]]]}},{"type":"Feature","id":"1988193383611831448200000000","properties":{"id":"1988193383611831448200000000","pnu":"1221010800101230000","year":1988,"purpose":"제2종 근린생활시설"},"geometry":{"type":"MultiPolygon","coordinates":[[[[126.928279,35.147421],[126.928211,35.14742],[126.928213,35.147355],[126.928119,35.147364],[126.928185,35.147464],[126.928279,35.147469],[126.928279,35.147421]]]]}},{"type":"Feature","id":"1989192556051826690400000000","properties":{"id":"1989192556051826690400000000","pnu":"1221011400101620002","year":1989,"purpose":"단독주택","far":133.12966,"floors":2,"structure":"벽돌구조"},"geometry":{"type":"MultiPolygon","coordinates":[[[[126.919028,35.143117],[126.919164,35.143193],[126.919219,35.143119],[126.919077,35.143053],[126.919028,35.143117]]]]}},{"type":"Feature","id":"1989192557521828948800000000","properties":{"id":"1989192557521828948800000000","pnu":"1221011200101680006","year":1989,"purpose":"제2종 근린생활시설","far":386.1,"floors":5,"structure":"철근콘크리트구조"},"geometry":{"type":"MultiPolygon","coordinates":[[[[126.919167,35.145298],[126.919277,35.14506],[126.919176,35.145022],[126.919126,35.145095],[126.919039,35.145079],[126.919001,35.145167],[126.919091,35.145282],[126.919167,35.145298]]]]}},{"type":"Feature","id":"1989192617881824418200000000","properties":{"id":"1989192617881824418200000000","pnu":"1221012200101030003","year":1989,"purpose":"제2종 근린생활시설","far":257.8175,"floors":4,"structure":"철근콘크리트구조"},"geometry":{"type":"MultiPolygon","coordinates":[[[[126.919902,35.141055],[126.91981,35.141007],[126.919781,35.141043],[126.919737,35.141024],[126.919696,35.141075],[126.919798,35.141134],[126.919854,35.141133],[126.919902,35.141055]]]]}},{"type":"Feature","id":"1989192620711823906000000000","properties":{"id":"1989192620711823906000000000","pnu":"1221012200101030010","year":1989,"purpose":"숙박시설"},"geometry":{"type":"MultiPolygon","coordinates":[[[[126.91983,35.140671],[126.91989,35.140578],[126.919843,35.140553],[126.91978,35.140647],[126.91983,35.140671]]]]}},{"type":"Feature","id":"1989192643811826768800000000","properties":{"id":"1989192643811826768800000000","pnu":"1221011200101250000","year":1989,"purpose":"제2종 근린생활시설","far":383.26,"floors":5,"structure":"철근콘크리트구조"},"geometry":{"type":"MultiPolygon","coordinates":[[[[126.920083,35.14328],[126.920164,35.143121],[126.920105,35.143102],[126.920003,35.143252],[126.920083,35.14328]]]]}},{"type":"Feature","id":"1989192693551826848900000000","properties":{"id":"1989192693551826848900000000","pnu":"1221011200101150001","year":1989,"purpose":"제2종 근린생활시설","far":339.18,"floors":4,"structure":"철근콘크리트구조"},"geometry":{"type":"MultiPolygon","coordinates":[[[[126.920669,35.143326],[126.920693,35.143302],[126.92063,35.143201],[126.920563,35.143258],[126.920669,35.143326]]]]}},{"type":"Feature","id":"1989192707311825182200000000","properties":{"id":"1989192707311825182200000000","pnu":"1221012200101120001","year":1989,"purpose":"숙박시설","far":304.32,"floors":4,"structure":"철근콘크리트구조"},"geometry":{"type":"MultiPolygon","coordinates":[[[[126.920823,35.141829],[126.92086,35.14177],[126.920852,35.141746],[126.92075,35.1417],[126.920699,35.141766],[126.920823,35.141829]]]]}},{"type":"Feature","id":"1989192758181824429800000000","properties":{"id":"1989192758181824429800000000","pnu":"1221012200100660003","year":1989,"purpose":"제2종 근린생활시설","far":229.6,"floors":3,"structure":"철근콘크리트구조"},"geometry":{"type":"MultiPolygon","coordinates":[[[[126.921364,35.141146],[126.921418,35.141076],[126.921326,35.141027],[126.921267,35.141091],[126.921364,35.141146]]]]}},{"type":"Feature","id":"1989192761121828814300000000","properties":{"id":"1989192761121828814300000000","pnu":"1221011800100810001","year":1989,"purpose":"제1종 근린생활시설"},"geometry":{"type":"MultiPolygon","coordinates":[[[[126.921297,35.145163],[126.921381,35.14515],[126.921399,35.145085],[126.921461,35.145065],[126.921455,35.145041],[126.92147,35.145034],[126.921447,35.144978],[126.921441,35.144977],[126.921409,35.144904],[126.92133,35.144923],[126.921322,35.144949],[126.921337,35.144996],[126.921358,35.144994],[126.921369,35.145028],[126.921304,35.145049],[126.921277,35.145103],[126.921297,35.145163]]]]}},{"type":"Feature","id":"1989192763781823011200000000","properties":{"id":"1989192763781823011200000000","pnu":"1221012200100550090","year":1989,"purpose":"기타"},"geometry":{"type":"MultiPolygon","coordinates":[[[[126.921331,35.139814],[126.921396,35.139866],[126.921479,35.1398],[126.921422,35.139747],[126.921331,35.139814]]]]}},{"type":"Feature","id":"1989192782831828125000000000","properties":{"id":"1989192782831828125000000000","pnu":"1221011800101120001","year":1989,"purpose":"단독주택","far":186.6,"floors":4,"structure":"철근콘크리트구조"},"geometry":{"type":"MultiPolygon","coordinates":[[[[126.921627,35.144464],[126.921645,35.14439],[126.921594,35.144373],[126.921576,35.144413],[126.9216,35.144458],[126.921627,35.144464]]]]}},{"type":"Feature","id":"1989192871761831138300000000","properties":{"id":"1989192871761831138300000000","pnu":"1221011800100420002","year":1989,"purpose":"제2종 근린생활시설","far":179.14,"floors":3,"structure":"철근콘크리트구조"},"geometry":{"type":"MultiPolygon","coordinates":[[[[126.922613,35.14719],[126.922651,35.14714],[126.922562,35.14707],[126.922534,35.147098],[126.922534,35.147155],[126.922613,35.14719]]]]}},{"type":"Feature","id":"1989192948081828211100000000","properties":{"id":"1989192948081828211100000000","pnu":"1221011800100950005","year":1989,"purpose":"단독주택","far":110.26,"floors":2,"structure":"벽돌구조"},"geometry":{"type":"MultiPolygon","coordinates":[[[[126.923411,35.144432],[126.923355,35.144519],[126.923436,35.144558],[126.923494,35.144473],[126.923411,35.144432]]]]}},{"type":"Feature","id":"1989192957121822146900000000","properties":{"id":"1989192957121822146900000000","pnu":"1221012200100260012","year":1989,"purpose":"제1종 근린생활시설"},"geometry":{"type":"MultiPolygon","coordinates":[[[[126.923638,35.138992],[126.923522,35.138935],[126.923418,35.139059],[126.923537,35.139127],[126.923638,35.138992]]]]}},{"type":"Feature","id":"1989192976961827127600000000","properties":{"id":"1989192976961827127600000000","pnu":"1221011800104700053","year":1989,"purpose":"단독주택","far":96.59,"floors":2,"structure":"벽돌구조"},"geometry":{"type":"MultiPolygon","coordinates":[[[[126.923734,35.143569],[126.923789,35.143549],[126.92375,35.143467],[126.923695,35.143491],[126.923734,35.143569]]]]}},{"type":"Feature","id":"1989192978191827070600000000","properties":{"id":"1989192978191827070600000000","pnu":"1221011800104700053","purpose":"기타","structure":"벽돌구조"},"geometry":{"type":"MultiPolygon","coordinates":[[[[126.923749,35.143465],[126.923753,35.143473],[126.923762,35.14347],[126.923758,35.143462],[126.923749,35.143465]]]]}},{"type":"Feature","id":"1989193023631827508100000000","properties":{"id":"1989193023631827508100000000","pnu":"1221011800104690002","year":1989,"purpose":"제1종 근린생활시설","far":111.57,"floors":2,"structure":"벽돌구조"},"geometry":{"type":"MultiPolygon","coordinates":[[[[126.924317,35.14394],[126.924357,35.143858],[126.924353,35.143841],[126.924169,35.143784],[126.924142,35.143844],[126.92418,35.143858],[126.924213,35.143916],[126.924317,35.14394]]]]}},{"type":"Feature","id":"1989193027291821130900000000","properties":{"id":"1989193027291821130900000000","pnu":"1221012200100290004","year":1989,"purpose":"제1종 근린생활시설","far":197.44,"floors":4,"structure":"철근콘크리트구조"},"geometry":{"type":"MultiPolygon","coordinates":[[[[126.924262,35.138206],[126.924405,35.138077],[126.924333,35.138023],[126.924196,35.138151],[126.924262,35.138206]]]]}},{"type":"Feature","id":"1989193033811821199600000000","properties":{"id":"1989193033811821199600000000","pnu":"1221012200100290004","year":1989,"purpose":"제1종 근린생활시설","far":197.44,"floors":4,"structure":"철근콘크리트구조"},"geometry":{"type":"MultiPolygon","coordinates":[[[[126.924337,35.138252],[126.92446,35.138142],[126.924403,35.138102],[126.924284,35.138205],[126.924337,35.138252]]]]}},{"type":"Feature","id":"1989193059711826922700000000","properties":{"id":"1989193059711826922700000000","pnu":"1221011800104720003","year":1989,"purpose":"단독주택","far":85.35,"floors":2,"structure":"벽돌구조"},"geometry":{"type":"MultiPolygon","coordinates":[[[[126.92456,35.143346],[126.924672,35.143404],[126.924719,35.143346],[126.924687,35.143325],[126.924711,35.1433],[126.924669,35.143259],[126.92456,35.143346]]]]}},{"type":"Feature","id":"1989193065541826874200000000","properties":{"id":"1989193065541826874200000000","pnu":"1221011800104720003","purpose":"기타","structure":"벽돌구조"},"geometry":{"type":"MultiPolygon","coordinates":[[[[126.924707,35.143292],[126.924715,35.143297],[126.924721,35.14329],[126.924714,35.143285],[126.924707,35.143292]]]]}},{"type":"Feature","id":"1989193074591828053600000000","properties":{"id":"1989193074591828053600000000","pnu":"1221011800104680002","year":1989,"purpose":"제1종 근린생활시설","far":237,"floors":4,"structure":"철근콘크리트구조"},"geometry":{"type":"MultiPolygon","coordinates":[[[[126.924747,35.144354],[126.924801,35.1444],[126.924878,35.144361],[126.924822,35.144305],[126.924747,35.144354]]]]}},{"type":"Feature","id":"1989193081271828592200000000","properties":{"id":"1989193081271828592200000000","pnu":"1221011800100220004","year":1989,"purpose":"제2종 근린생활시설"},"geometry":{"type":"MultiPolygon","coordinates":[[[[126.924982,35.144913],[126.924896,35.144771],[126.924823,35.144755],[126.924787,35.144765],[126.924868,35.144901],[126.924949,35.144928],[126.924982,35.144913]]]]}},{"type":"Feature","id":"1989193096251827585100000000","properties":{"id":"1989193096251827585100000000","pnu":"1221011800104670004","year":1989,"purpose":"단독주택","far":90.09,"floors":2,"structure":"벽돌구조"},"geometry":{"type":"MultiPolygon","coordinates":[[[[126.925,35.143964],[126.925032,35.143991],[126.925045,35.143991],[126.925108,35.143915],[126.925092,35.143879],[126.925062,35.143874],[126.925,35.143937],[126.924985,35.143952],[126.925,35.143964]]]]}},{"type":"Feature","id":"1989193164581830095100000000","properties":{"id":"1989193164581830095100000000","pnu":"1221011800100100029","purpose":"단독주택","far":0.58,"structure":"벽돌구조"},"geometry":{"type":"MultiPolygon","coordinates":[[[[126.925791,35.146194],[126.925796,35.146201],[126.925805,35.146196],[126.9258,35.146189],[126.925791,35.146194]]]]}},{"type":"Feature","id":"1989193169821830161000000000","properties":{"id":"1989193169821830161000000000","pnu":"1221011800100100029","year":1989,"purpose":"단독주택","far":107.33,"floors":2,"structure":"벽돌구조"},"geometry":{"type":"MultiPolygon","coordinates":[[[[126.925837,35.146314],[126.925944,35.14627],[126.925924,35.146237],[126.925898,35.146241],[126.925883,35.146222],[126.925866,35.146225],[126.925835,35.146195],[126.925778,35.14622],[126.925837,35.146314]]]]}},{"type":"Feature","id":"1989193177151830243800000000","properties":{"id":"1989193177151830243800000000","pnu":"1221011800100100028","year":1989,"purpose":"단독주택","far":158.02,"floors":3,"structure":"철근콘크리트구조"},"geometry":{"type":"MultiPolygon","coordinates":[[[[126.925889,35.146389],[126.926025,35.146326],[126.925985,35.14627],[126.925848,35.146331],[126.925889,35.146389]]]]}},{"type":"Feature","id":"1989193193331830316700000000","properties":{"id":"1989193193331830316700000000","pnu":"1221011800100100018","year":1989,"purpose":"단독주택","far":96.56,"floors":2,"structure":"벽돌구조"},"geometry":{"type":"MultiPolygon","coordinates":[[[[126.926113,35.146461],[126.926184,35.146419],[126.926142,35.146367],[126.926146,35.146361],[126.926116,35.146332],[126.926043,35.146369],[126.926113,35.146461]]]]}},{"type":"Feature","id":"1989193253011828984300000000","properties":{"id":"1989193253011828984300000000","pnu":"1221011800104330002","year":1989,"purpose":"제1종 근린생활시설","far":176.42,"floors":3,"structure":"철근콘크리트구조"},"geometry":{"type":"MultiPolygon","coordinates":[[[[126.926777,35.145247],[126.926778,35.145246],[126.926805,35.145204],[126.926773,35.145152],[126.926729,35.14517],[126.926777,35.145247]]]]}},{"type":"Feature","id":"1989193262961829209400000000","properties":{"id":"1989193262961829209400000000","pnu":"1221011800104270010","purpose":"기타","structure":"벽돌구조"},"geometry":{"type":"MultiPolygon","coordinates":[[[[126.926872,35.145399],[126.92688,35.145403],[126.926886,35.145396],[126.926877,35.145391],[126.926872,35.145399]]]]}},{"type":"Feature","id":"1989193265881829249000000000","properties":{"id":"1989193265881829249000000000","pnu":"1221011800104270010","year":1989,"purpose":"제1종 근린생활시설","far":116.67,"floors":2,"structure":"벽돌구조"},"geometry":{"type":"MultiPolygon","coordinates":[[[[126.926918,35.145471],[126.926944,35.145438],[126.926887,35.145397],[126.926877,35.145407],[126.926918,35.145471]]]]}},{"type":"Feature","id":"1989193294621829585500000000","properties":{"id":"1989193294621829585500000000","pnu":"1221011800104270004","year":1989,"purpose":"단독주택"},"geometry":{"type":"MultiPolygon","coordinates":[[[[126.927245,35.145782],[126.927286,35.145734],[126.927219,35.145699],[126.927185,35.145707],[126.927166,35.145733],[126.927245,35.145782]]]]}},{"type":"Feature","id":"1989193329211829900300000000","properties":{"id":"1989193329211829900300000000","pnu":"1221011100105150004","year":1989,"purpose":"제1종 근린생활시설"},"geometry":{"type":"MultiPolygon","coordinates":[[[[126.927575,35.146078],[126.927688,35.146024],[126.927644,35.145963],[126.927519,35.146016],[126.927537,35.146039],[126.927575,35.146078]]]]}},{"type":"Feature","id":"1989193334621829981200000000","properties":{"id":"1989193334621829981200000000","pnu":"1221011100105150000","year":1989,"purpose":"제1종 근린생활시설","far":101.91,"floors":2,"structure":"벽돌구조"},"geometry":{"type":"MultiPolygon","coordinates":[[[[126.927639,35.14615],[126.927749,35.146087],[126.927715,35.146046],[126.927685,35.14606],[126.927674,35.146049],[126.927637,35.146067],[126.92763,35.146061],[126.927582,35.146089],[126.927639,35.14615]]]]}},{"type":"Feature","id":"1989193339101829910200000000","properties":{"id":"1989193339101829910200000000","pnu":"1221011100105150000","purpose":"기타","structure":"벽돌구조"},"geometry":{"type":"MultiPolygon","coordinates":[[[[126.927701,35.14603],[126.927707,35.146038],[126.927726,35.146029],[126.92772,35.14602],[126.927701,35.14603]]]]}},{"type":"Feature","id":"1989193339431829895700000000","properties":{"id":"1989193339431829895700000000","pnu":"1221011100105150004","year":1989,"purpose":"제1종 근린생활시설"},"geometry":{"type":"MultiPolygon","coordinates":[[[[126.927706,35.146017],[126.927711,35.146024],[126.927729,35.146015],[126.927723,35.146008],[126.927706,35.146017]]]]}},{"type":"Feature","id":"1989193343891829971300000000","properties":{"id":"1989193343891829971300000000","pnu":"1221011100105150000","purpose":"기타","structure":"벽돌구조"},"geometry":{"type":"MultiPolygon","coordinates":[[[[126.927754,35.146087],[126.927761,35.146094],[126.927778,35.146082],[126.927771,35.146075],[126.927754,35.146087]]]]}},{"type":"Feature","id":"1989193411141831915600000000","properties":{"id":"1989193411141831915600000000","pnu":"1221010800101260000","year":1989,"purpose":"제2종 근린생활시설","far":264.58,"floors":5,"structure":"철근콘크리트구조"},"geometry":{"type":"MultiPolygon","coordinates":[[[[126.92858,35.1479],[126.928557,35.147862],[126.928571,35.147856],[126.928519,35.147788],[126.92851,35.14779],[126.928474,35.147752],[126.928416,35.147775],[126.928518,35.147927],[126.92858,35.1479]]]]}},{"type":"Feature","id":"1990192560671826616800000000","properties":{"id":"1990192560671826616800000000","pnu":"1221011400101620002","year":1990,"purpose":"단독주택"},"geometry":{"type":"MultiPolygon","coordinates":[[[[126.919085,35.143046],[126.91923,35.143109],[126.919259,35.14306],[126.919121,35.143004],[126.919085,35.143046]]]]}},{"type":"Feature","id":"1990192570141827898800000000","properties":{"id":"1990192570141827898800000000","pnu":"1221011200101610000","year":1990,"purpose":"제2종 근린생활시설","far":122.18,"floors":2,"structure":"철근콘크리트구조"},"geometry":{"type":"MultiPolygon","coordinates":[[[[126.919148,35.144221],[126.919334,35.144277],[126.919374,35.144187],[126.91925,35.144143],[126.919203,35.144209],[126.919156,35.144201],[126.919148,35.144221]]]]}},{"type":"Feature","id":"1990192583971822899000000000","properties":{"id":"1990192583971822899000000000","pnu":"1221012200100810028","year":1990,"purpose":"제1종 근린생활시설","far":340.94,"floors":5,"structure":"철근콘크리트구조"},"geometry":{"type":"MultiPolygon","coordinates":[[[[126.919303,35.139717],[126.919469,35.139806],[126.919563,35.139693],[126.9194,35.139602],[126.919303,35.139717]]]]}},{"type":"Feature","id":"1990192622331828000000000000","properties":{"id":"1990192622331828000000000000","pnu":"1221011200100440001","year":1990,"purpose":"제1종 근린생활시설","structure":"철근콘크리트구조"},"geometry":{"type":"MultiPolygon","coordinates":[[[[126.919758,35.144341],[126.919891,35.144372],[126.919936,35.144266],[126.919876,35.144236],[126.919852,35.144251],[126.919805,35.144238],[126.919758,35.144341]]]]}},{"type":"Feature","id":"1990192677581828172700000000","properties":{"id":"1990192677581828172700000000","pnu":"1221011200100550000","year":1990,"purpose":"기타"},"geometry":{"type":"MultiPolygon","coordinates":[[[[126.920482,35.144526],[126.920535,35.144431],[126.920433,35.144398],[126.920423,35.144409],[126.920407,35.144407],[126.920384,35.144465],[126.920411,35.14448],[126.920401,35.144499],[126.920482,35.144526]]]]}},{"type":"Feature","id":"1990192699431828297800000000","properties":{"id":"1990192699431828297800000000","pnu":"1221011200100550000","year":1990,"purpose":"기타"},"geometry":{"type":"MultiPolygon","coordinates":[[[[126.920832,35.144688],[126.92089,35.144568],[126.920838,35.144551],[126.92083,35.144559],[126.9206,35.144475],[126.920595,35.144483],[126.920546,35.144465],[126.920489,35.144553],[126.920832,35.144688]]]]}},{"type":"Feature","id":"1990192718581828334500000000","properties":{"id":"1990192718581828334500000000","pnu":"1221011200100550000","year":1990,"purpose":"제2종 근린생활시설"},"geometry":{"type":"MultiPolygon","coordinates":[[[[126.920896,35.144559],[126.920856,35.14464],[126.920882,35.144649],[126.920906,35.14463],[126.920928,35.144635],[126.920956,35.144582],[126.920896,35.144559]]]]}},{"type":"Feature","id":"1990192829231827677400000000","properties":{"id":"1990192829231827677400000000","pnu":"1221011800101170007","year":1990,"purpose":"단독주택","far":94.47,"floors":2,"structure":"벽돌구조"},"geometry":{"type":"MultiPolygon","coordinates":[[[[126.92214,35.144064],[126.922193,35.144007],[126.922143,35.143978],[126.922133,35.143991],[126.922086,35.143967],[126.922047,35.144011],[126.92214,35.144064]]]]}},{"type":"Feature","id":"1990192979971821711200000000","properties":{"id":"1990192979971821711200000000","pnu":"1221012200100440004","year":1990,"purpose":"제1종 근린생활시설","far":230.32,"floors":4,"structure":"철근콘크리트구조"},"geometry":{"type":"MultiPolygon","coordinates":[[[[126.923775,35.13873],[126.923878,35.138603],[126.923788,35.138541],[126.923679,35.138673],[126.923775,35.13873]]]]}},{"type":"Feature","id":"1990193018061824362200000000","properties":{"id":"1990193018061824362200000000","pnu":"1221012200105250013","purpose":"제1종 근린생활시설","far":0.7792207,"floors":1,"structure":"벽돌구조"},"geometry":{"type":"MultiPolygon","coordinates":[[[[126.924182,35.141017],[126.924199,35.14104],[126.924208,35.141036],[126.924192,35.141013],[126.924182,35.141017]]]]}},{"type":"Feature","id":"1990193027541824308500000000","properties":{"id":"1990193027541824308500000000","pnu":"1221012200105250013","year":1990,"purpose":"기타","far":198.86,"floors":4,"structure":"철근콘크리트구조"},"geometry":{"type":"MultiPolygon","coordinates":[[[[126.924203,35.140947],[126.924308,35.141084],[126.924345,35.141061],[126.924364,35.140985],[126.924379,35.140968],[126.924316,35.140884],[126.924203,35.140947]]]]}},{"type":"Feature","id":"1990193034461826971400000000","properties":{"id":"1990193034461826971400000000","pnu":"1221011800104700020","purpose":"기타"},"geometry":{"type":"MultiPolygon","coordinates":[[[[126.924366,35.143376],[126.924372,35.143384],[126.92438,35.143381],[126.924374,35.143372],[126.924366,35.143376]]]]}},{"type":"Feature","id":"1990193042021826976000000000","properties":{"id":"1990193042021826976000000000","pnu":"1221011800104700020","year":1990,"purpose":"단독주택"},"geometry":{"type":"MultiPolygon","coordinates":[[[[126.924401,35.143449],[126.924553,35.143371],[126.924535,35.143343],[126.924501,35.143321],[126.924424,35.143355],[126.924431,35.143359],[126.92436,35.143394],[126.924401,35.143449]]]]}},{"type":"Feature","id":"1990193048391821718200000000","properties":{"id":"1990193048391821718200000000","pnu":"1221012200100290020","year":1990,"purpose":"단독주택","far":87.61,"floors":2,"structure":"벽돌구조"},"geometry":{"type":"MultiPolygon","coordinates":[[[[126.924505,35.138722],[126.924624,35.13862],[126.92456,35.138566],[126.924436,35.138662],[126.924505,35.138722]]]]}},{"type":"Feature","id":"1990193060501821674700000000","properties":{"id":"1990193060501821674700000000","pnu":"1221012200100290020","purpose":"단독주택","structure":"벽돌구조"},"geometry":{"type":"MultiPolygon","coordinates":[[[[126.924655,35.138605],[126.924664,35.138612],[126.924672,35.138603],[126.924663,35.138597],[126.924655,35.138605]]]]}},{"type":"Feature","id":"1990193075211827235100000000","properties":{"id":"1990193075211827235100000000","pnu":"1221011800104710011","year":1990,"purpose":"단독주택","far":106.09,"floors":2,"structure":"벽돌구조"},"geometry":{"type":"MultiPolygon","coordinates":[[[[126.924808,35.143668],[126.924896,35.143596],[126.924856,35.143569],[126.924797,35.143601],[126.924775,35.143592],[126.924746,35.143623],[126.924808,35.143668]]]]}},{"type":"Feature","id":"1990193083181821542400000000","properties":{"id":"1990193083181821542400000000","pnu":"1221012200100300037","purpose":"기타","structure":"벽돌구조"},"geometry":{"type":"MultiPolygon","coordinates":[[[[126.924906,35.138488],[126.924915,35.138491],[126.924919,35.138483],[126.924909,35.13848],[126.924906,35.138488]]]]}},{"type":"Feature","id":"1990193084921822115300000000","properties":{"id":"1990193084921822115300000000","pnu":"1221012200100300022","year":1990,"purpose":"단독주택"},"geometry":{"type":"MultiPolygon","coordinates":[[[[126.925,35.138979],[126.925018,35.138961],[126.925,35.138947],[126.924965,35.138921],[126.924843,35.139046],[126.924895,35.139081],[126.925,35.138979]]]]}},{"type":"Feature","id":"1990193084991821595800000000","properties":{"id":"1990193084991821595800000000","pnu":"1221012200100300037","year":1990,"purpose":"단독주택","far":101.47,"floors":2,"structure":"벽돌구조"},"geometry":{"type":"MultiPolygon","coordinates":[[[[126.924968,35.138575],[126.924996,35.138524],[126.924896,35.138491],[126.924869,35.138544],[126.924968,35.138575]]]]}},{"type":"Feature","id":"1990193175331830841400000000","properties":{"id":"1990193175331830841400000000","pnu":"1221011800100120000","year":1990,"purpose":"제2종 근린생활시설","far":93.15,"floors":2,"structure":"벽돌구조"},"geometry":{"type":"MultiPolygon","coordinates":[[[[126.925936,35.146929],[126.925992,35.146878],[126.925956,35.146842],[126.925941,35.146853],[126.925886,35.146808],[126.925836,35.146847],[126.925936,35.146929]]]]}},{"type":"Feature","id":"1990193233741831813900000000","properties":{"id":"1990193233741831813900000000","pnu":"1221010800101410007","year":1990,"purpose":"제2종 근린생활시설","far":95.4,"floors":2,"structure":"벽돌구조"},"geometry":{"type":"MultiPolygon","coordinates":[[[[126.926524,35.147793],[126.926601,35.147791],[126.926597,35.14773],[126.926576,35.147729],[126.92657,35.147688],[126.926518,35.147688],[126.926524,35.147793]]]]}},{"type":"Feature","id":"1990193351461829207100000000","properties":{"id":"1990193351461829207100000000","pnu":"1221011800104240002","year":1990,"purpose":"단독주택"},"geometry":{"type":"MultiPolygon","coordinates":[[[[126.927868,35.145457],[126.927922,35.145394],[126.927872,35.145365],[126.92788,35.145353],[126.92784,35.14533],[126.927777,35.145407],[126.927868,35.145457]]]]}},{"type":"Feature","id":"1990193361011829217200000000","properties":{"id":"1990193361011829217200000000","pnu":"1221011800104240002","purpose":"기타"},"geometry":{"type":"MultiPolygon","coordinates":[[[[126.927947,35.145405],[126.927955,35.145411],[126.927962,35.145405],[126.927954,35.145399],[126.927947,35.145405]]]]}},{"type":"Feature","id":"1990193380061830767400000000","properties":{"id":"1990193380061830767400000000","pnu":"1221010800101180026","year":1990,"purpose":"제2종 근린생활시설","far":222.07,"floors":4,"structure":"철근콘크리트구조"},"geometry":{"type":"MultiPolygon","coordinates":[[[[126.928042,35.14679],[126.928097,35.146873],[126.928137,35.146874],[126.928275,35.146829],[126.928264,35.146777],[126.928193,35.146719],[126.928042,35.14679]]]]}},{"type":"Feature","id":"1991192569011824730100000000","properties":{"id":"1991192569011824730100000000","pnu":"1221012200101580001","year":1991,"purpose":"단독주택","far":184.9,"floors":3,"structure":"철근콘크리트구조"},"geometry":{"type":"MultiPolygon","coordinates":[[[[126.919316,35.141436],[126.919375,35.141358],[126.91922,35.141276],[126.919157,35.141346],[126.919316,35.141436]]]]}},{"type":"Feature","id":"1991192574791828290500000000","properties":{"id":"1991192574791828290500000000","pnu":"1221011200101660003","year":1991,"purpose":"제2종 근린생활시설","far":339.3,"floors":5,"structure":"철근콘크리트구조"},"geometry":{"type":"MultiPolygon","coordinates":[[[[126.919264,35.144601],[126.919334,35.144626],[126.919398,35.144516],[126.919377,35.144509],[126.919361,35.144524],[126.919308,35.144511],[126.919264,35.144601]]]]}},{"type":"Feature","id":"1991192606211827608800000000","properties":{"id":"1991192606211827608800000000","pnu":"1221011200101370000","year":1991,"purpose":"기타","far":301.14,"floors":6,"structure":"철근콘크리트구조"},"geometry":{"type":"MultiPolygon","coordinates":[[[[126.919739,35.144048],[126.919803,35.14391],[126.919733,35.143892],[126.919739,35.14388],[126.919698,35.143869],[126.91969,35.143881],[126.919609,35.143857],[126.919569,35.143942],[126.919517,35.143974],[126.919739,35.144048]]]]}},{"type":"Feature","id":"1991192643571825231700000000","properties":{"id":"1991192643571825231700000000","pnu":"1221012200101220000","year":1991,"purpose":"단독주택","far":36.83,"floors":2,"structure":"벽돌구조"},"geometry":{"type":"MultiPolygon","coordinates":[[[[126.920171,35.141775],[126.920126,35.141758],[126.920108,35.141782],[126.920038,35.141756],[126.919997,35.141818],[126.920113,35.141871],[126.920171,35.141775]]]]}},{"type":"Feature","id":"1991192645791825158700000000","properties":{"id":"1991192645791825158700000000","pnu":"1221012200101220000","purpose":"단독주택","structure":"벽돌구조"},"geometry":{"type":"MultiPolygon","coordinates":[[[[126.92011,35.141746],[126.920111,35.141746],[126.920112,35.141746],[126.920112,35.141746],[126.920113,35.141745],[126.920114,35.141745],[126.920114,35.141744],[126.920115,35.141743],[126.920115,35.141742],[126.920115,35.141742],[126.920115,35.141741],[126.920115,35.14174],[126.920114,35.141739],[126.920114,35.141739],[126.920113,35.141738],[126.920112,35.141738],[126.920112,35.141737],[126.920111,35.141737],[126.92011,35.141737],[126.920109,35.141737],[126.920108,35.141737],[126.920107,35.141738],[126.920106,35.141738],[126.920105,35.141739],[126.920105,35.141739],[126.920105,35.14174],[126.920104,35.141741],[126.920104,35.141742],[126.920104,35.141742],[126.920105,35.141743],[126.920105,35.141744],[126.920105,35.141745],[126.920106,35.141745],[126.920107,35.141746],[126.920108,35.141746],[126.920109,35.141746],[126.92011,35.141746]]]]}},{"type":"Feature","id":"1991192657211823392500000000","properties":{"id":"1991192657211823392500000000","pnu":"1221012200100740018","year":1991,"purpose":"숙박시설","far":196,"floors":3,"structure":"철근콘크리트구조"},"geometry":{"type":"MultiPolygon","coordinates":[[[[126.920249,35.140201],[126.920304,35.140149],[126.920223,35.140099],[126.92017,35.14015],[126.920249,35.140201]]]]}},{"type":"Feature","id":"1991192684521825553900000000","properties":{"id":"1991192684521825553900000000","pnu":"1221012200101140004","year":1991,"purpose":"제1종 근린생활시설","far":319.1,"floors":4,"structure":"철근콘크리트구조"},"geometry":{"type":"MultiPolygon","coordinates":[[[[126.92056,35.142161],[126.920608,35.142097],[126.920504,35.142037],[126.920468,35.142087],[126.92047,35.142103],[126.92056,35.142161]]]]}},{"type":"Feature","id":"1991192690101825469700000000","properties":{"id":"1991192690101825469700000000","pnu":"1221012200101140005","year":1991,"purpose":"제1종 근린생활시설"},"geometry":{"type":"MultiPolygon","coordinates":[[[[126.920672,35.14202],[126.920573,35.141963],[126.920518,35.142021],[126.920619,35.142084],[126.920672,35.14202]]]]}},{"type":"Feature","id":"1991192696491828924200000000","properties":{"id":"1991192696491828924200000000","pnu":"1221011200100280000","year":1991,"purpose":"제1종 근린생활시설","far":317.77,"floors":4,"structure":"철근콘크리트구조"},"geometry":{"type":"MultiPolygon","coordinates":[[[[126.920645,35.145073],[126.920602,35.145164],[126.92064,35.145173],[126.920688,35.145175],[126.920734,35.145149],[126.920645,35.145073]]]]}},{"type":"Feature","id":"1991192727771822413000000000","properties":{"id":"1991192727771822413000000000","pnu":"1221012200100840024","year":1991,"purpose":"단독주택","far":172.01,"floors":3,"structure":"벽돌구조"},"geometry":{"type":"MultiPolygon","coordinates":[[[[126.921,35.139325],[126.921083,35.139258],[126.921022,35.13921],[126.920941,35.139276],[126.921,35.139325]]]]}},{"type":"Feature","id":"1991192730151827842700000000","properties":{"id":"1991192730151827842700000000","pnu":"1221011200100900002","year":1991,"purpose":"제2종 근린생활시설","far":181.54,"floors":3,"structure":"철근콘크리트구조"},"geometry":{"type":"MultiPolygon","coordinates":[[[[126.921105,35.144226],[126.921037,35.14408],[126.921015,35.144082],[126.920968,35.14416],[126.92098,35.14419],[126.921087,35.144233],[126.921105,35.144226]]]]}},{"type":"Feature","id":"1991192749931826412900000000","properties":{"id":"1991192749931826412900000000","pnu":"1221011200100700009","year":1991,"purpose":"제1종 근린생활시설","far":55.76,"floors":1,"structure":"경량철골구조"},"geometry":{"type":"MultiPolygon","coordinates":[[[[126.921262,35.142915],[126.921293,35.142849],[126.921242,35.14283],[126.92121,35.142898],[126.921262,35.142915]]]]}},{"type":"Feature","id":"1991192767971826814400000000","properties":{"id":"1991192767971826814400000000","pnu":"1221011200100800001","purpose":"기타"},"geometry":{"type":"MultiPolygon","coordinates":[[[[126.921439,35.14324],[126.921454,35.143245],[126.921456,35.143227],[126.921448,35.143225],[126.921439,35.14324]]]]}},{"type":"Feature","id":"1991192829051831838300000000","properties":{"id":"1991192829051831838300000000","pnu":"1221010700101020004","year":1991,"purpose":"제1종 근린생활시설","far":219.84,"floors":4,"structure":"철근콘크리트구조"},"geometry":{"type":"MultiPolygon","coordinates":[[[[126.92204,35.147821],[126.922108,35.147822],[126.922107,35.147792],[126.922215,35.147792],[126.922215,35.147781],[126.922191,35.14772],[126.922038,35.147719],[126.92204,35.147821]]]]}},{"type":"Feature","id":"1991192845661831198500000000","properties":{"id":"1991192845661831198500000000","pnu":"1221011800100450010","year":1991,"purpose":"제2종 근린생활시설"},"geometry":{"type":"MultiPolygon","coordinates":[[[[126.92239,35.147226],[126.922392,35.147154],[126.922197,35.14715],[126.922197,35.147207],[126.922243,35.147208],[126.922243,35.147226],[126.92239,35.147226]]]]}},{"type":"Feature","id":"1991192897831830854600000000","properties":{"id":"1991192897831830854600000000","pnu":"1221011800100420011","year":1991,"purpose":"단독주택","far":116.36,"floors":2,"structure":"벽돌구조"},"geometry":{"type":"MultiPolygon","coordinates":[[[[126.922889,35.146929],[126.922934,35.14689],[126.922856,35.146825],[126.922806,35.14687],[126.922889,35.146929]]]]}},{"type":"Feature","id":"1991192927221827305300000000","properties":{"id":"1991192927221827305300000000","pnu":"1221011800100970010","year":1991,"purpose":"기타","far":150.79,"floors":4,"structure":"철근콘크리트구조"},"geometry":{"type":"MultiPolygon","coordinates":[[[[126.923208,35.143766],[126.923284,35.143675],[126.923269,35.143634],[126.923171,35.143589],[126.923109,35.143695],[126.92313,35.14371],[126.923122,35.143728],[126.923208,35.143766]]]]}},{"type":"Feature","id":"1991193019981826372000000000","properties":{"id":"1991193019981826372000000000","pnu":"1221011800104730007","year":1991,"purpose":"단독주택"},"geometry":{"type":"MultiPolygon","coordinates":[[[[126.924199,35.142892],[126.924276,35.142836],[126.92423,35.142786],[126.924155,35.142836],[126.924199,35.142892]]]]}},{"type":"Feature","id":"1991193026461826449500000000","properties":{"id":"1991193026461826449500000000","pnu":"1221011800104730003","year":1991,"purpose":"단독주택"},"geometry":{"type":"MultiPolygon","coordinates":[[[[126.924272,35.14296],[126.924346,35.14291],[126.924299,35.142858],[126.924226,35.142901],[126.924272,35.14296]]]]}},{"type":"Feature","id":"1991193031471824638700000000","properties":{"id":"1991193031471824638700000000","pnu":"1221012200105240015","year":1991,"purpose":"제1종 근린생활시설"},"geometry":{"type":"MultiPolygon","coordinates":[[[[126.924362,35.141386],[126.924416,35.141243],[126.924358,35.141162],[126.924323,35.141155],[126.92428,35.141299],[126.924287,35.141372],[126.924362,35.141386]]]]}},{"type":"Feature","id":"1991193046681827748400000000","properties":{"id":"1991193046681827748400000000","pnu":"1221011800104680018","purpose":"제1종 근린생활시설","structure":"벽돌구조"},"geometry":{"type":"MultiPolygon","coordinates":[[[[126.9245,35.144081],[126.924509,35.144085],[126.924513,35.144077],[126.924504,35.144073],[126.9245,35.144081]]]]}},{"type":"Feature","id":"1991193054131827752800000000","properties":{"id":"1991193054131827752800000000","pnu":"1221011800104680018","year":1991,"purpose":"제1종 근린생활시설","far":111.99,"floors":2,"structure":"벽돌구조"},"geometry":{"type":"MultiPolygon","coordinates":[[[[126.924595,35.144126],[126.924658,35.144082],[126.924658,35.14407],[126.924532,35.144049],[126.924526,35.14408],[126.924595,35.144126]]]]}},{"type":"Feature","id":"1991193102981823727500000000","properties":{"id":"1991193102981823727500000000","pnu":"1221012200105130000","year":1991,"purpose":"제2종 근린생활시설","floors":1,"structure":"철근콘크리트구조"},"geometry":{"type":"MultiPolygon","coordinates":[[[[126.925063,35.140464],[126.925169,35.140497],[126.925191,35.140447],[126.925089,35.140412],[126.925063,35.140464]]]]}},{"type":"Feature","id":"1991193205861831693500000000","properties":{"id":"1991193205861831693500000000","pnu":"1221010800101400001","year":1991,"purpose":"제2종 근린생활시설","far":224.6672,"floors":4,"structure":"철근콘크리트구조"},"geometry":{"type":"MultiPolygon","coordinates":[[[[126.926318,35.147695],[126.9263,35.147547],[126.926179,35.147605],[126.926182,35.147698],[126.926318,35.147695]]]]}},{"type":"Feature","id":"1991193327971829781100000000","properties":{"id":"1991193327971829781100000000","pnu":"1221011100105150002","year":1991,"purpose":"단독주택"},"geometry":{"type":"MultiPolygon","coordinates":[[[[126.927475,35.14595],[126.927528,35.145987],[126.927627,35.145919],[126.927636,35.145926],[126.927702,35.145886],[126.927658,35.145838],[126.927475,35.14595]]]]}},{"type":"Feature","id":"1991193337831830550600000000","properties":{"id":"1991193337831830550600000000","pnu":"1221010800101180009","year":1991,"purpose":"제2종 근린생활시설","far":225.76,"floors":5,"structure":"철근콘크리트구조"},"geometry":{"type":"MultiPolygon","coordinates":[[[[126.927589,35.146539],[126.92772,35.14674],[126.927784,35.14671],[126.927767,35.14667],[126.927774,35.146666],[126.927758,35.146628],[126.927785,35.146613],[126.927742,35.146538],[126.927729,35.146541],[126.927688,35.146488],[126.927589,35.146539]]]]}},{"type":"Feature","id":"1992192551431826443900000000","properties":{"id":"1992192551431826443900000000","pnu":"1221011400101880009","year":1992,"purpose":"단독주택","far":173.7,"floors":3,"structure":"철근콘크리트구조"},"geometry":{"type":"MultiPolygon","coordinates":[[[[126.919098,35.142972],[126.919167,35.142853],[126.919142,35.142845],[126.919133,35.142856],[126.919113,35.14285],[126.9191,35.142863],[126.919034,35.142836],[126.918983,35.142922],[126.919098,35.142972]]]]}},{"type":"Feature","id":"1992192561901824381300000000","properties":{"id":"1992192561901824381300000000","pnu":"1221012200101000002","year":1992,"purpose":"단독주택","far":117.03,"floors":2,"structure":"벽돌구조"},"geometry":{"type":"MultiPolygon","coordinates":[[[[126.919206,35.141104],[126.919263,35.141044],[126.919207,35.141002],[126.919206,35.140994],[126.919175,35.140979],[126.919116,35.141036],[126.919206,35.141104]]]]}},{"type":"Feature","id":"1992192613721826822600000000","properties":{"id":"1992192613721826822600000000","pnu":"1221011200101290000","year":1992,"purpose":"제1종 근린생활시설"},"geometry":{"type":"MultiPolygon","coordinates":[[[[126.919773,35.143334],[126.919859,35.143194],[126.919751,35.143152],[126.919647,35.143276],[126.919773,35.143334]]]]}},{"type":"Feature","id":"1992192613891827462700000000","properties":{"id":"1992192613891827462700000000","pnu":"1221011200101360001","year":1992,"purpose":"기타","far":222.2,"floors":3,"structure":"철근콘크리트구조"},"geometry":{"type":"MultiPolygon","coordinates":[[[[126.919844,35.143814],[126.919701,35.143766],[126.919674,35.143824],[126.919811,35.143869],[126.919844,35.143814]]]]}},{"type":"Feature","id":"1992192627351826879900000000","properties":{"id":"1992192627351826879900000000","pnu":"1221011200101290000","year":1992,"purpose":"제1종 근린생활시설"},"geometry":{"type":"MultiPolygon","coordinates":[[[[126.919897,35.143354],[126.919967,35.143253],[126.919917,35.14323],[126.919844,35.143336],[126.919897,35.143354]]]]}},{"type":"Feature","id":"1992192655111828384500000000","properties":{"id":"1992192655111828384500000000","pnu":"1221011200100330001","purpose":"제1종 근린생활시설"},"geometry":{"type":"MultiPolygon","coordinates":[[[[126.920195,35.144647],[126.920218,35.144659],[126.920223,35.144652],[126.9202,35.14464],[126.920195,35.144647]]]]}},{"type":"Feature","id":"1992192658531828471100000000","properties":{"id":"1992192658531828471100000000","pnu":"1221011200100330001","year":1992,"purpose":"제1종 근린생활시설"},"geometry":{"type":"MultiPolygon","coordinates":[[[[126.920154,35.144725],[126.920296,35.144792],[126.92034,35.14473],[126.920197,35.144663],[126.920154,35.144725]]]]}},{"type":"Feature","id":"1992192694081825396600000000","properties":{"id":"1992192694081825396600000000","pnu":"1221012200101120000","year":1992,"purpose":"제1종 근린생활시설","far":135.74,"floors":3,"structure":"철근콘크리트구조"},"geometry":{"type":"MultiPolygon","coordinates":[[[[126.920673,35.142016],[126.920713,35.141956],[126.920605,35.141899],[126.920564,35.141952],[126.920673,35.142016]]]]}},{"type":"Feature","id":"1992192699601827085400000000","properties":{"id":"1992192699601827085400000000","pnu":"1221011200101120003","year":1992,"purpose":"제2종 근린생활시설"},"geometry":{"type":"MultiPolygon","coordinates":[[[[126.920682,35.143568],[126.920729,35.143562],[126.92077,35.143511],[126.920721,35.14339],[126.920641,35.143408],[126.920634,35.143474],[126.920682,35.143568]]]]}},{"type":"Feature","id":"1992192718751822302200000000","properties":{"id":"1992192718751822302200000000","pnu":"1221012200100840051","year":1992,"purpose":"단독주택","far":171.82,"floors":3,"structure":"벽돌구조"},"geometry":{"type":"MultiPolygon","coordinates":[[[[126.92094,35.139245],[126.921008,35.139198],[126.920877,35.139087],[126.920823,35.139128],[126.920895,35.139209],[126.92094,35.139245]]]]}},{"type":"Feature","id":"1992192745611822710000000000","properties":{"id":"1992192745611822710000000000","pnu":"1221012200100760012","year":1992,"purpose":"제2종 근린생활시설","far":239.463,"floors":3,"structure":"철근콘크리트구조"},"geometry":{"type":"MultiPolygon","coordinates":[[[[126.921139,35.139533],[126.921238,35.139588],[126.921276,35.139542],[126.921182,35.13948],[126.921139,35.139533]]]]}},{"type":"Feature","id":"1992192749611822667600000000","properties":{"id":"1992192749611822667600000000","pnu":"1221012200100780003","year":1992,"purpose":"단독주택","far":273.74,"floors":4,"structure":"철근콘크리트구조"},"geometry":{"type":"MultiPolygon","coordinates":[[[[126.921197,35.139486],[126.921277,35.13954],[126.921303,35.139509],[126.921231,35.139454],[126.921197,35.139486]]]]}},{"type":"Feature","id":"1992192770481827950800000000","properties":{"id":"1992192770481827950800000000","pnu":"1221011200100600001","year":1992,"purpose":"제1종 근린생활시설","far":191.78,"floors":4,"structure":"철근콘크리트구조"},"geometry":{"type":"MultiPolygon","coordinates":[[[[126.921507,35.144341],[126.921549,35.144209],[126.921423,35.144184],[126.921411,35.144254],[126.921452,35.144341],[126.921507,35.144341]]]]}},{"type":"Feature","id":"1992192771571829229900000000","properties":{"id":"1992192771571829229900000000","pnu":"1221011800100910025","year":1992,"purpose":"제2종 근린생활시설","far":378.3549,"floors":6,"structure":"철근콘크리트구조"},"geometry":{"type":"MultiPolygon","coordinates":[[[[126.921532,35.145484],[126.92157,35.145391],[126.921445,35.14534],[126.9214,35.145433],[126.921532,35.145484]]]]}},{"type":"Feature","id":"1992192878311823231400000000","properties":{"id":"1992192878311823231400000000","pnu":"1221012200100120017","year":1992,"purpose":"제1종 근린생활시설","far":178.29,"floors":3,"structure":"철근콘크리트구조"},"geometry":{"type":"MultiPolygon","coordinates":[[[[126.922686,35.140076],[126.922728,35.14003],[126.922671,35.139936],[126.922647,35.13994],[126.92259,35.14001],[126.922686,35.140076]]]]}},{"type":"Feature","id":"1992192963761831508300000000","properties":{"id":"1992192963761831508300000000","pnu":"1221011800100410004","year":1992,"purpose":"제2종 근린생활시설","far":117.3781,"floors":2,"structure":"벽돌구조"},"geometry":{"type":"MultiPolygon","coordinates":[[[[126.923597,35.147534],[126.923672,35.147486],[126.923591,35.147401],[126.923514,35.14745],[126.923597,35.147534]]]]}},{"type":"Feature","id":"1992192999051824174200000000","properties":{"id":"1992192999051824174200000000","pnu":"1221012200105250016","year":1992,"purpose":"단독주택","far":249.95,"floors":4,"structure":"벽돌구조"},"geometry":{"type":"MultiPolygon","coordinates":[[[[126.923985,35.140896],[126.924017,35.140874],[126.924,35.140821],[126.923951,35.140842],[126.923985,35.140896]]]]}},{"type":"Feature","id":"1992193058081829297800000000","properties":{"id":"1992193058081829297800000000","pnu":"1221011800100200009","purpose":"기타","structure":"벽돌구조"},"geometry":{"type":"MultiPolygon","coordinates":[[[[126.924624,35.145474],[126.924629,35.145481],[126.924637,35.145477],[126.924632,35.14547],[126.924624,35.145474]]]]}},{"type":"Feature","id":"1992193066121829303600000000","properties":{"id":"1992193066121829303600000000","pnu":"1221011800100200009","year":1992,"purpose":"단독주택","far":108.69,"floors":2,"structure":"벽돌구조"},"geometry":{"type":"MultiPolygon","coordinates":[[[[126.924809,35.145474],[126.924753,35.145416],[126.924633,35.145484],[126.924678,35.145547],[126.924809,35.145474]]]]}},{"type":"Feature","id":"1992193122291821370400000000","properties":{"id":"1992193122291821370400000000","pnu":"1221012200100310053","year":1992,"purpose":"단독주택","far":115.32,"floors":2,"structure":"벽돌구조"},"geometry":{"type":"MultiPolygon","coordinates":[[[[126.925312,35.138266],[126.925273,35.138314],[126.925288,35.138323],[126.925278,35.138334],[126.925377,35.138395],[126.925412,35.138356],[126.925382,35.138338],[126.925398,35.138319],[126.925312,35.138266]]]]}},{"type":"Feature","id":"1992193162401824302000000000","properties":{"id":"1992193162401824302000000000","pnu":"1221011800105060000","year":1992,"purpose":"기타","far":5.65,"floors":3,"structure":"철근콘크리트구조"},"geometry":{"type":"MultiPolygon","coordinates":[[[[126.925561,35.141049],[126.925911,35.14106],[126.925949,35.141041],[126.925996,35.140998],[126.926003,35.140892],[126.92569,35.140879],[126.925687,35.140918],[126.925588,35.140916],[126.925511,35.141022],[126.925559,35.141024],[126.925561,35.141049]]]]}},{"type":"Feature","id":"1992193183051831580700000000","properties":{"id":"1992193183051831580700000000","pnu":"1221010800101400009","year":1992,"purpose":"제2종 근린생활시설","far":178.18,"floors":3,"structure":"벽돌구조"},"geometry":{"type":"MultiPolygon","coordinates":[[[[126.925967,35.147576],[126.926071,35.147539],[126.926048,35.14751],[126.925965,35.147497],[126.925945,35.147555],[126.925967,35.147576]]]]}},{"type":"Feature","id":"1992193368581830562700000000","properties":{"id":"1992193368581830562700000000","pnu":"1221010800101180015","year":1992,"purpose":"제1종 근린생활시설","far":153.81,"floors":3,"structure":"철근콘크리트구조"},"geometry":{"type":"MultiPolygon","coordinates":[[[[126.928028,35.146693],[126.928141,35.146628],[126.928078,35.146564],[126.928006,35.146559],[126.927931,35.1466],[126.928028,35.146693]]]]}},{"type":"Feature","id":"1993192586781824265000000000","properties":{"id":"1993192586781824265000000000","pnu":"1221012200101020002","purpose":"단독주택"},"geometry":{"type":"MultiPolygon","coordinates":[[[[126.919454,35.140936],[126.919465,35.140941],[126.91947,35.140934],[126.919464,35.140931],[126.919454,35.140936]]]]}},{"type":"Feature","id":"1993192590421827743400000000","properties":{"id":"1993192590421827743400000000","pnu":"1221011200101630000","year":1993,"purpose":"제2종 근린생활시설","far":241.31,"floors":4,"structure":"철근콘크리트구조"},"geometry":{"type":"MultiPolygon","coordinates":[[[[126.919562,35.144068],[126.919452,35.144032],[126.91944,35.144053],[126.91949,35.144103],[126.919542,35.144102],[126.919562,35.144068]]]]}},{"type":"Feature","id":"1993192594131824271900000000","properties":{"id":"1993192594131824271900000000","pnu":"1221012200101020002","year":1993,"purpose":"단독주택"},"geometry":{"type":"MultiPolygon","coordinates":[[[[126.919582,35.141],[126.91961,35.140943],[126.919512,35.140887],[126.919471,35.140935],[126.919582,35.141]]]]}},{"type":"Feature","id":"1993192609921823119500000000","properties":{"id":"1993192609921823119500000000","pnu":"1221012200100730006","year":1993,"purpose":"단독주택","far":117.64,"floors":2,"structure":"벽돌구조"},"geometry":{"type":"MultiPolygon","coordinates":[[[[126.919748,35.139973],[126.919768,35.139933],[126.91975,35.139926],[126.919781,35.139853],[126.919707,35.139831],[126.919645,35.13994],[126.919748,35.139973]]]]}},{"type":"Feature","id":"1993192622911827873500000000","properties":{"id":"1993192622911827873500000000","pnu":"1221011200100410003","year":1993,"purpose":"제1종 근린생활시설"},"geometry":{"type":"MultiPolygon","coordinates":[[[[126.91981,35.144219],[126.919882,35.144227],[126.919897,35.144143],[126.919826,35.144163],[126.91981,35.144219]]]]}},{"type":"Feature","id":"1993192743161827250200000000","properties":{"id":"1993192743161827250200000000","pnu":"1221011200100860002","year":1993,"purpose":"제2종 근린생활시설","far":234.31,"floors":4,"structure":"철근콘크리트구조"},"geometry":{"type":"MultiPolygon","coordinates":[[[[126.921163,35.143708],[126.921182,35.143709],[126.921242,35.143641],[126.921199,35.143556],[126.921107,35.143583],[126.921163,35.143708]]]]}},{"type":"Feature","id":"1993192763021822907300000000","properties":{"id":"1993192763021822907300000000","pnu":"1221012200100550143","year":1993,"purpose":"기타"},"geometry":{"type":"MultiPolygon","coordinates":[[[[126.921391,35.139741],[126.921434,35.139712],[126.921406,35.139684],[126.921361,35.139716],[126.921391,35.139741]]]]}},{"type":"Feature","id":"1993192769881822765100000000","properties":{"id":"1993192769881822765100000000","pnu":"1221012200100550146","year":1993,"purpose":"기타"},"geometry":{"type":"MultiPolygon","coordinates":[[[[126.921469,35.139615],[126.921509,35.139575],[126.921479,35.139556],[126.921438,35.139594],[126.921469,35.139615]]]]}},{"type":"Feature","id":"1993192773031822800200000000","properties":{"id":"1993192773031822800200000000","pnu":"1221012200100550144","year":1993,"purpose":"기타"},"geometry":{"type":"MultiPolygon","coordinates":[[[[126.921508,35.139621],[126.921509,35.139621],[126.92151,35.139621],[126.921511,35.139621],[126.921512,35.13962],[126.921512,35.13962],[126.921513,35.139619],[126.921513,35.139618],[126.921513,35.139618],[126.921513,35.139617],[126.921513,35.139616],[126.921513,35.139615],[126.921513,35.139614],[126.921512,35.139614],[126.921512,35.139613],[126.921511,35.139613],[126.92151,35.139613],[126.921509,35.139612],[126.921508,35.139612],[126.921507,35.139612],[126.921506,35.139613],[126.921505,35.139613],[126.921504,35.139613],[126.921504,35.139614],[126.921503,35.139614],[126.921503,35.139615],[126.921503,35.139616],[126.921503,35.139617],[126.921503,35.139618],[126.921503,35.139618],[126.921503,35.139619],[126.921504,35.13962],[126.921504,35.13962],[126.921505,35.139621],[126.921506,35.139621],[126.921507,35.139621],[126.921508,35.139621]]]]}},{"type":"Feature","id":"1993192825571829970300000000","properties":{"id":"1993192825571829970300000000","pnu":"1221011800100480002","year":1993,"purpose":"제1종 근린생활시설"},"geometry":{"type":"MultiPolygon","coordinates":[[[[126.922049,35.146138],[126.922067,35.146139],[126.922128,35.146085],[126.92207,35.146016],[126.922055,35.146016],[126.922049,35.146138]]]]}},{"type":"Feature","id":"1993192827651826801900000000","properties":{"id":"1993192827651826801900000000","pnu":"1221011800101260001","year":1993,"purpose":"제1종 근린생활시설","far":82.321544,"floors":3,"structure":"경량철골구조"},"geometry":{"type":"MultiPolygon","coordinates":[[[[126.922002,35.143232],[126.92201,35.143236],[126.922007,35.14324],[126.922143,35.143288],[126.922197,35.143202],[126.922093,35.14316],[126.922065,35.143201],[126.922029,35.143189],[126.922002,35.143232]]]]}},{"type":"Feature","id":"1993192832921829910100000000","properties":{"id":"1993192832921829910100000000","pnu":"1221011800100480002","year":1993,"purpose":"제2종 근린생활시설"},"geometry":{"type":"MultiPolygon","coordinates":[[[[126.922148,35.146073],[126.922214,35.146021],[126.922167,35.145979],[126.922105,35.14603],[126.922148,35.146073]]]]}},{"type":"Feature","id":"1993192867471823405900000000","properties":{"id":"1993192867471823405900000000","pnu":"1221012200100120008","purpose":"기타","structure":"철근콘크리트구조"},"geometry":{"type":"MultiPolygon","coordinates":[[[[126.922421,35.140235],[126.922509,35.140289],[126.922669,35.14009],[126.922574,35.140041],[126.922421,35.140235]]]]}},{"type":"Feature","id":"1993192879411830527400000000","properties":{"id":"1993192879411830527400000000","pnu":"1221011800100430008","year":1993,"purpose":"단독주택","far":58,"floors":1,"structure":"경량철골구조"},"geometry":{"type":"MultiPolygon","coordinates":[[[[126.92265,35.146664],[126.922769,35.146581],[126.922688,35.146503],[126.922568,35.14658],[126.92265,35.146664]]]]}},{"type":"Feature","id":"1993192881901823391700000000","properties":{"id":"1993192881901823391700000000","pnu":"1221012200100120008","purpose":"기타","structure":"철근콘크리트구조"},"geometry":{"type":"MultiPolygon","coordinates":[[[[126.922681,35.140154],[126.922706,35.140168],[126.922724,35.140148],[126.922698,35.140133],[126.922681,35.140154]]]]}},{"type":"Feature","id":"1993192883871823368800000000","properties":{"id":"1993192883871823368800000000","pnu":"1221012200100120008","purpose":"기타","structure":"벽돌구조"},"geometry":{"type":"MultiPolygon","coordinates":[[[[126.922699,35.140132],[126.92273,35.14015],[126.922749,35.140129],[126.922718,35.14011],[126.922699,35.140132]]]]}},{"type":"Feature","id":"1993192885621831638900000000","properties":{"id":"1993192885621831638900000000","pnu":"1221010700101010022","year":1993,"purpose":"단독주택","far":39.54,"floors":1,"structure":"벽돌구조"},"geometry":{"type":"MultiPolygon","coordinates":[[[[126.922756,35.147635],[126.922801,35.147593],[126.92271,35.147534],[126.922672,35.147576],[126.922756,35.147635]]]]}},{"type":"Feature","id":"1993192890711823718000000000","properties":{"id":"1993192890711823718000000000","pnu":"1221012200100120008","year":1993,"purpose":"제1종 근린생활시설","far":25.05,"floors":1,"structure":"철근콘크리트구조"},"geometry":{"type":"MultiPolygon","coordinates":[[[[126.922927,35.140562],[126.922986,35.140489],[126.922799,35.140385],[126.922772,35.140415],[126.922579,35.14032],[126.922553,35.140349],[126.922927,35.140562]]]]}},{"type":"Feature","id":"1993193050001828022700000000","properties":{"id":"1993193050001828022700000000","pnu":"1221011800100230006","year":1993,"purpose":"제1종 근린생활시설","far":166.192,"floors":2,"structure":"철근콘크리트구조"},"geometry":{"type":"MultiPolygon","coordinates":[[[[126.924525,35.144365],[126.924588,35.144327],[126.92456,35.14429],[126.924499,35.144321],[126.924525,35.144365]]]]}},{"type":"Feature","id":"1993193058561830088900000000","properties":{"id":"1993193058561830088900000000","pnu":"1221011800100170020","year":1993,"purpose":"단독주택","far":107.71,"floors":2,"structure":"벽돌구조"},"geometry":{"type":"MultiPolygon","coordinates":[[[[126.924585,35.146258],[126.924716,35.146166],[126.924673,35.146126],[126.924607,35.146162],[126.924612,35.146169],[126.924582,35.146188],[126.92459,35.146201],[126.924558,35.146226],[126.924585,35.146258]]]]}},{"type":"Feature","id":"1993193082501827304400000000","properties":{"id":"1993193082501827304400000000","pnu":"1221011800104710010","purpose":"단독주택","far":100.91,"floors":2,"structure":"벽돌구조"},"geometry":{"type":"MultiPolygon","coordinates":[[[[126.924884,35.143736],[126.924964,35.143649],[126.924924,35.143623],[126.924835,35.143701],[126.924884,35.143736]]]]}},{"type":"Feature","id":"1993193083461827241400000000","properties":{"id":"1993193083461827241400000000","pnu":"1221011800104710010","purpose":"기타","structure":"벽돌구조"},"geometry":{"type":"MultiPolygon","coordinates":[[[[126.924903,35.143622],[126.92491,35.143628],[126.924918,35.143622],[126.924911,35.143616],[126.924903,35.143622]]]]}},{"type":"Feature","id":"1993193144921831770200000000","properties":{"id":"1993193144921831770200000000","pnu":"1221010800101430060","year":1993,"purpose":"제2종 근린생활시설","far":143.45,"floors":3,"structure":"철근콘크리트구조"},"geometry":{"type":"MultiPolygon","coordinates":[[[[126.925517,35.147766],[126.925695,35.147701],[126.92569,35.147687],[126.925593,35.147646],[126.925481,35.147714],[126.925517,35.147766]]]]}},{"type":"Feature","id":"1993193171831824020600000000","properties":{"id":"1993193171831824020600000000","pnu":"1221011800105060000","year":1993,"purpose":"기타","far":0.26,"floors":1,"structure":"벽돌구조"},"geometry":{"type":"MultiPolygon","coordinates":[[[[126.925979,35.140754],[126.92598,35.140698],[126.925793,35.140681],[126.925788,35.140745],[126.925979,35.140754]]]]}},{"type":"Feature","id":"1993193176961831469500000000","properties":{"id":"1993193176961831469500000000","pnu":"1221010800101390015","year":1993,"purpose":"단독주택","far":92.84,"floors":2,"structure":"벽돌구조"},"geometry":{"type":"MultiPolygon","coordinates":[[[[126.925919,35.147496],[126.925984,35.14743],[126.92599,35.147396],[126.925963,35.147375],[126.925865,35.147441],[126.925919,35.147496]]]]}},{"type":"Feature","id":"1993193198231829957000000000","properties":{"id":"1993193198231829957000000000","pnu":"1221011800100090008","year":1993,"purpose":"단독주택","far":105.46,"floors":2,"structure":"벽돌구조"},"geometry":{"type":"MultiPolygon","coordinates":[[[[126.926229,35.14604],[126.926169,35.146012],[126.926109,35.146103],[126.926161,35.146131],[126.926229,35.14604]]]]}},{"type":"Feature","id":"1993193366711830298900000000","properties":{"id":"1993193366711830298900000000","pnu":"1221011100105170020","year":1993,"purpose":"제1종 근린생활시설","far":114.65057,"floors":2,"structure":"벽돌구조"},"geometry":{"type":"MultiPolygon","coordinates":[[[[126.927992,35.146321],[126.927942,35.146379],[126.928042,35.14644],[126.928071,35.146409],[126.928066,35.146404],[126.928085,35.146373],[126.927992,35.146321]]]]}},{"type":"Feature","id":"1993193377121830504000000000","properties":{"id":"1993193377121830504000000000","pnu":"1221010800101180018","year":1993,"purpose":"제1종 근린생활시설","far":223.55,"floors":4,"structure":"철근콘크리트구조"},"geometry":{"type":"MultiPolygon","coordinates":[[[[126.928175,35.146627],[126.928242,35.146601],[126.928033,35.146494],[126.928022,35.146524],[126.928107,35.146566],[126.928175,35.146627]]]]}},{"type":"Feature","id":"1993193397031830702000000000","properties":{"id":"1993193397031830702000000000","pnu":"1221010800101180023","year":1993,"purpose":"제1종 근린생활시설","far":205,"floors":4,"structure":"철근콘크리트구조"},"geometry":{"type":"MultiPolygon","coordinates":[[[[126.928471,35.14682],[126.928367,35.146689],[126.928333,35.146661],[126.928226,35.146711],[126.928288,35.146763],[126.928455,35.146834],[126.928471,35.14682]]]]}},{"type":"Feature","id":"1994192571361827727500000000","properties":{"id":"1994192571361827727500000000","pnu":"1221011200101620000","purpose":"단독주택","far":62.54,"floors":1,"structure":"일반목구조"},"geometry":{"type":"MultiPolygon","coordinates":[[[[126.919273,35.144127],[126.919359,35.143994],[126.919327,35.14398],[126.919219,35.144103],[126.919273,35.144127]]]]}},{"type":"Feature","id":"1994192571651823991100000000","properties":{"id":"1994192571651823991100000000","pnu":"1221012200100960002","year":1994,"purpose":"기타","far":119.13,"floors":2,"structure":"철근콘크리트구조"},"geometry":{"type":"MultiPolygon","coordinates":[[[[126.91932,35.14076],[126.919377,35.140712],[126.919277,35.14062],[126.919215,35.140661],[126.91932,35.14076]]]]}},{"type":"Feature","id":"1994192575551827808000000000","properties":{"id":"1994192575551827808000000000","pnu":"1221011200101620000","purpose":"단독주택","far":62.54,"floors":1,"structure":"일반목구조"},"geometry":{"type":"MultiPolygon","coordinates":[[[[126.919304,35.144093],[126.919275,35.144134],[126.919375,35.144165],[126.919395,35.144124],[126.919304,35.144093]]]]}},{"type":"Feature","id":"1994192601091827148500000000","properties":{"id":"1994192601091827148500000000","pnu":"1221011200101340004","year":1994,"purpose":"제2종 근린생활시설","far":166.19,"floors":3,"structure":"철근콘크리트구조"},"geometry":{"type":"MultiPolygon","coordinates":[[[[126.919604,35.14359],[126.919658,35.143539],[126.919659,35.143496],[126.91963,35.143481],[126.919563,35.143549],[126.919604,35.14359]]]]}},{"type":"Feature","id":"1994192605611823231500000000","properties":{"id":"1994192605611823231500000000","pnu":"1221012200100730005","year":1994,"purpose":"제2종 근린생활시설","far":116.928,"floors":2,"structure":"철근콘크리트구조"},"geometry":{"type":"MultiPolygon","coordinates":[[[[126.919585,35.140003],[126.91971,35.140066],[126.919753,35.139999],[126.919629,35.139947],[126.919585,35.140003]]]]}},{"type":"Feature","id":"1994192613081823253000000000","properties":{"id":"1994192613081823253000000000","pnu":"1221012200100730005","purpose":"제2종 근린생활시설","far":0.514921,"structure":"벽돌구조"},"geometry":{"type":"MultiPolygon","coordinates":[[[[126.919746,35.140025],[126.919753,35.140029],[126.919759,35.140022],[126.919752,35.140018],[126.919746,35.140025]]]]}},{"type":"Feature","id":"1994192614641822917100000000","properties":{"id":"1994192614641822917100000000","pnu":"1221012200100810026","year":1994,"purpose":"제1종 근린생활시설","far":142.22,"floors":3,"structure":"철근콘크리트구조"},"geometry":{"type":"MultiPolygon","coordinates":[[[[126.919872,35.139686],[126.919757,35.139629],[126.919667,35.139758],[126.919786,35.139811],[126.919872,35.139686]]]]}},{"type":"Feature","id":"1994192677711825122800000000","properties":{"id":"1994192677711825122800000000","pnu":"1221012200101120003","year":1994,"purpose":"기타","far":278.58,"floors":8,"structure":"철근콘크리트구조"},"geometry":{"type":"MultiPolygon","coordinates":[[[[126.920591,35.141682],[126.920417,35.141607],[126.920324,35.141728],[126.920507,35.141816],[126.920591,35.141682]]]]}},{"type":"Feature","id":"1994192717191828613800000000","properties":{"id":"1994192717191828613800000000","pnu":"1221011200100520000","year":1994,"purpose":"제2종 근린생활시설","far":77.22,"floors":1,"structure":"경량철골구조"},"geometry":{"type":"MultiPolygon","coordinates":[[[[126.921038,35.144888],[126.920835,35.144751],[126.920792,35.144792],[126.920766,35.144882],[126.920818,35.144907],[126.920854,35.144877],[126.920959,35.144956],[126.921038,35.144888]]]]}},{"type":"Feature","id":"1994192776001826262400000000","properties":{"id":"1994192776001826262400000000","pnu":"1221012200100080000","year":1994,"purpose":"기타","floors":7,"structure":"철근콘크리트구조"},"geometry":{"type":"MultiPolygon","coordinates":[[[[126.921538,35.142742],[126.921539,35.142742],[126.921539,35.142742],[126.92154,35.142741],[126.921541,35.142741],[126.921542,35.14274],[126.921542,35.14274],[126.921543,35.142739],[126.921543,35.142738],[126.921543,35.142737],[126.921543,35.142737],[126.921543,35.142736],[126.921542,35.142735],[126.921542,35.142735],[126.921541,35.142734],[126.92154,35.142734],[126.921539,35.142733],[126.921539,35.142733],[126.921538,35.142733],[126.921537,35.142733],[126.921536,35.142733],[126.921535,35.142734],[126.921534,35.142734],[126.921533,35.142735],[126.921533,35.142735],[126.921532,35.142736],[126.921532,35.142737],[126.921532,35.142737],[126.921532,35.142738],[126.921532,35.142739],[126.921533,35.14274],[126.921533,35.14274],[126.921534,35.142741],[126.921535,35.142741],[126.921536,35.142742],[126.921537,35.142742],[126.921538,35.142742]]]]}},{"type":"Feature","id":"1994192780611825261000000000","properties":{"id":"1994192780611825261000000000","pnu":"1221012200100080000","year":1994,"purpose":"기타","floors":11,"structure":"일반철골구조"},"geometry":{"type":"MultiPolygon","coordinates":[[[[126.922026,35.141789],[126.921538,35.141566],[126.92153,35.141575],[126.921407,35.141522],[126.921255,35.14177],[126.921172,35.141916],[126.921754,35.142138],[126.922026,35.141789]]]]}},{"type":"Feature","id":"1994192791261825970400000000","properties":{"id":"1994192791261825970400000000","pnu":"1221012200100080000","year":1994,"purpose":"기타","floors":9,"structure":"철근콘크리트구조"},"geometry":{"type":"MultiPolygon","coordinates":[[[[126.921689,35.142661],[126.921868,35.142363],[126.921708,35.142291],[126.921548,35.142595],[126.921689,35.142661]]]]}},{"type":"Feature","id":"1994192799441824882800000000","properties":{"id":"1994192799441824882800000000","pnu":"1221012200100080000","year":1994,"purpose":"기타","floors":4,"structure":"일반철골구조"},"geometry":{"type":"MultiPolygon","coordinates":[[[[126.922093,35.141482],[126.921715,35.141331],[126.921676,35.141388],[126.921579,35.141353],[126.921491,35.141476],[126.92149,35.141491],[126.921493,35.1415],[126.921505,35.141509],[126.921534,35.14152],[126.921978,35.141671],[126.922093,35.141482]]]]}},{"type":"Feature","id":"1994192816121825452200000000","properties":{"id":"1994192816121825452200000000","pnu":"1221012200100080000","year":1994,"purpose":"기타","floors":6,"structure":"철근콘크리트구조"},"geometry":{"type":"MultiPolygon","coordinates":[[[[126.921757,35.142139],[126.921732,35.142196],[126.921939,35.142277],[126.922221,35.141769],[126.922072,35.14172],[126.92203,35.141787],[126.921757,35.142139]]]]}},{"type":"Feature","id":"1994192818551824677700000000","properties":{"id":"1994192818551824677700000000","pnu":"1221012200100080000","year":1994,"purpose":"기타","floors":1,"structure":"철근콘크리트구조"},"geometry":{"type":"MultiPolygon","coordinates":[[[[126.921841,35.141322],[126.921842,35.141335],[126.92185,35.141347],[126.921857,35.141354],[126.922081,35.141441],[126.92218,35.141275],[126.921931,35.141179],[126.921841,35.141322]]]]}},{"type":"Feature","id":"1994192826361825861700000000","properties":{"id":"1994192826361825861700000000","pnu":"1221012200100080000","year":1994,"purpose":"기타","floors":9,"structure":"철근콘크리트구조"},"geometry":{"type":"MultiPolygon","coordinates":[[[[126.922063,35.142541],[126.9221,35.142484],[126.922133,35.142498],[126.922266,35.142285],[126.9221,35.142218],[126.922077,35.142263],[126.922039,35.142252],[126.921945,35.142426],[126.921963,35.142436],[126.921935,35.14249],[126.922063,35.142541]]]]}},{"type":"Feature","id":"1994192837021827099200000000","properties":{"id":"1994192837021827099200000000","pnu":"1221011800101220000","year":1994,"purpose":"제2종 근린생활시설"},"geometry":{"type":"MultiPolygon","coordinates":[[[[126.922252,35.143542],[126.922279,35.143474],[126.922161,35.143442],[126.922134,35.14351],[126.922252,35.143542]]]]}},{"type":"Feature","id":"1994192838821824351500000000","properties":{"id":"1994192838821824351500000000","pnu":"1221012200100080000","year":2018,"purpose":"기타","floors":8,"structure":"일반철골구조"},"geometry":{"type":"MultiPolygon","coordinates":[[[[126.922528,35.140941],[126.922365,35.140877],[126.922286,35.140997],[126.922002,35.14089],[126.921989,35.140907],[126.921958,35.140898],[126.921924,35.140953],[126.921941,35.140965],[126.921917,35.141019],[126.922298,35.141167],[126.922329,35.141125],[126.922392,35.141148],[126.922528,35.140941]]]]}},{"type":"Feature","id":"1994192855871825377200000000","properties":{"id":"1994192855871825377200000000","pnu":"1221012200100080000","year":1994,"purpose":"기타","far":29.8,"floors":8,"structure":"철근콘크리트구조"},"geometry":{"type":"MultiPolygon","coordinates":[[[[126.922413,35.141664],[126.922126,35.142176],[126.922214,35.142217],[126.92223,35.142189],[126.922308,35.142215],[126.922468,35.141944],[126.922671,35.142021],[126.922713,35.141951],[126.922683,35.141939],[126.922717,35.141872],[126.922552,35.141794],[126.922585,35.141746],[126.922413,35.141664]]]]}},{"type":"Feature","id":"1994192873011827059200000000","properties":{"id":"1994192873011827059200000000","pnu":"1221011800101000013","year":1994,"purpose":"제1종 근린생활시설","far":59.86,"floors":1,"structure":"경량철골구조"},"geometry":{"type":"MultiPolygon","coordinates":[[[[126.922666,35.143496],[126.922675,35.143475],[126.922543,35.143416],[126.922531,35.143442],[126.922666,35.143496]]]]}},{"type":"Feature","id":"1994192875461826997700000000","properties":{"id":"1994192875461826997700000000","pnu":"1221011800101000013","year":1994,"purpose":"제1종 근린생활시설","far":59.86,"floors":1,"structure":"경량철골구조"},"geometry":{"type":"MultiPolygon","coordinates":[[[[126.922679,35.143451],[126.922704,35.143396],[126.922576,35.143352],[126.922552,35.143404],[126.922679,35.143451]]]]}},{"type":"Feature","id":"1994193065821825402100000000","properties":{"id":"1994193065821825402100000000","pnu":"1221012200105220001","year":1994,"purpose":"제2종 근린생활시설","far":99.64,"floors":2,"structure":"벽돌구조"},"geometry":{"type":"MultiPolygon","coordinates":[[[[126.924734,35.142039],[126.924748,35.142035],[126.924774,35.141949],[126.924661,35.141901],[126.924647,35.141907],[126.924734,35.142039]]]]}},{"type":"Feature","id":"1994193077631830016700000000","properties":{"id":"1994193077631830016700000000","pnu":"1221011800100170002","year":1994,"purpose":"단독주택","far":103.7,"floors":2,"structure":"벽돌구조"},"geometry":{"type":"MultiPolygon","coordinates":[[[[126.924809,35.146192],[126.924935,35.146099],[126.924889,35.146053],[126.92484,35.146095],[126.924834,35.146092],[126.9248,35.146119],[126.924786,35.146112],[126.924752,35.146137],[126.924809,35.146192]]]]}},{"type":"Feature","id":"1994193093191823921500000000","properties":{"id":"1994193093191823921500000000","pnu":"1221012200105130000","year":1994,"purpose":"공동주택","floors":2,"structure":"철근콘크리트구조"},"geometry":{"type":"MultiPolygon","coordinates":[[[[126.925,35.140683],[126.925173,35.140748],[126.92523,35.140646],[126.925,35.140562],[126.924865,35.140512],[126.924809,35.140611],[126.925,35.140683]]]]}},{"type":"Feature","id":"1994193167261829938400000000","properties":{"id":"1994193167261829938400000000","pnu":"1221011800100080000","year":1994,"purpose":"단독주택","far":142.86,"floors":2,"structure":"벽돌구조"},"geometry":{"type":"MultiPolygon","coordinates":[[[[126.925845,35.146091],[126.925875,35.146039],[126.925831,35.146021],[126.925821,35.146036],[126.925799,35.146026],[126.925777,35.146059],[126.925845,35.146091]]]]}},{"type":"Feature","id":"1994193237781832012600000000","properties":{"id":"1994193237781832012600000000","pnu":"1221010800101410019","year":1994,"purpose":"단독주택","far":114.8,"floors":2,"structure":"벽돌구조"},"geometry":{"type":"MultiPolygon","coordinates":[[[[126.926544,35.147957],[126.926657,35.147949],[126.926657,35.147893],[126.926545,35.147896],[126.926544,35.147957]]]]}},{"type":"Feature","id":"1994193265811832008700000000","properties":{"id":"1994193265811832008700000000","pnu":"1221010800101420036","year":1994,"purpose":"단독주택","far":102.7,"floors":2,"structure":"벽돌구조"},"geometry":{"type":"MultiPolygon","coordinates":[[[[126.92696,35.147961],[126.926972,35.147903],[126.926851,35.14788],[126.926846,35.147938],[126.92696,35.147961]]]]}},{"type":"Feature","id":"1994193341691829681900000000","properties":{"id":"1994193341691829681900000000","pnu":"1221011100105140003","year":1994,"purpose":"제1종 근린생활시설","far":85.7,"floors":2,"structure":"벽돌구조"},"geometry":{"type":"MultiPolygon","coordinates":[[[[126.927777,35.145868],[126.927806,35.145846],[126.927721,35.145777],[126.927677,35.145812],[126.927777,35.145868]]]]}},{"type":"Feature","id":"1994193347481829746500000000","properties":{"id":"1994193347481829746500000000","pnu":"1221011100105140003","purpose":"제1종 근린생활시설","structure":"벽돌구조"},"geometry":{"type":"MultiPolygon","coordinates":[[[[126.927797,35.145883],[126.927803,35.145889],[126.927814,35.145882],[126.92781,35.145874],[126.927797,35.145883]]]]}},{"type":"Feature","id":"1994193378611821586200000000","properties":{"id":"1994193378611821586200000000","pnu":"1221011800102800000","purpose":"기타","far":0.73,"floors":1,"structure":"블록구조"},"geometry":{"type":"MultiPolygon","coordinates":[[[[126.928022,35.138579],[126.928265,35.138605],[126.928285,35.138474],[126.928043,35.138448],[126.928022,35.138579]]]]}},{"type":"Feature","id":"1994193448171829285900000000","properties":{"id":"1994193448171829285900000000","pnu":"1221011100105100003","year":1994,"purpose":"제2종 근린생활시설"},"geometry":{"type":"MultiPolygon","coordinates":[[[[126.928867,35.145533],[126.928998,35.145462],[126.928959,35.145405],[126.928826,35.145467],[126.928867,35.145533]]]]}},{"type":"Feature","id":"1995192563761823487600000000","properties":{"id":"1995192563761823487600000000","pnu":"1221012200100920005","year":1995,"purpose":"기타"},"geometry":{"type":"MultiPolygon","coordinates":[[[[126.919268,35.140353],[126.91937,35.140232],[126.919154,35.140118],[126.919052,35.140235],[126.919268,35.140353]]]]}},{"type":"Feature","id":"1995192584531827131300000000","properties":{"id":"1995192584531827131300000000","pnu":"1221011200101410003","year":1995,"purpose":"기타","far":260.93,"floors":4,"structure":"철근콘크리트구조"},"geometry":{"type":"MultiPolygon","coordinates":[[[[126.919507,35.143591],[126.919536,35.143561],[126.919378,35.143448],[126.919339,35.143488],[126.919507,35.143591]]]]}},{"type":"Feature","id":"1995192636501826023600000000","properties":{"id":"1995192636501826023600000000","pnu":"1221011400101770000","year":1995,"purpose":"기타","far":283.46,"floors":5,"structure":"철근콘크리트구조"},"geometry":{"type":"MultiPolygon","coordinates":[[[[126.919752,35.142561],[126.919817,35.142596],[126.919823,35.142588],[126.920032,35.142702],[126.920048,35.142682],[126.920047,35.142681],[126.920154,35.142549],[126.920159,35.142543],[126.920161,35.142539],[126.920164,35.142533],[126.920167,35.142525],[126.92017,35.142518],[126.920172,35.142511],[126.920174,35.1425],[126.920174,35.142492],[126.920174,35.142481],[126.920173,35.142471],[126.920171,35.142463],[126.920168,35.142453],[126.920164,35.142445],[126.920158,35.142435],[126.920149,35.142423],[126.920139,35.142413],[126.920131,35.142406],[126.920123,35.142401],[126.920105,35.142391],[126.919978,35.142339],[126.919895,35.142442],[126.919968,35.142481],[126.919896,35.142568],[126.919791,35.142511],[126.919752,35.142561]]]]}},{"type":"Feature","id":"1995192652681823728400000000","properties":{"id":"1995192652681823728400000000","pnu":"1221012200100710003","year":1995,"purpose":"기타","far":447.55,"floors":9,"structure":"철근콘크리트구조"},"geometry":{"type":"MultiPolygon","coordinates":[[[[126.919909,35.140392],[126.920105,35.140513],[126.92008,35.14054],[126.920196,35.140612],[126.920222,35.140581],[126.920275,35.140614],[126.920439,35.140435],[126.920291,35.140345],[126.92028,35.140359],[126.920274,35.140357],[126.920268,35.140356],[126.920262,35.140356],[126.920256,35.140357],[126.92025,35.140359],[126.920246,35.14036],[126.920238,35.140365],[126.920234,35.140363],[126.91997,35.140326],[126.919909,35.140392]]]]}},{"type":"Feature","id":"1995192673101822764900000000","properties":{"id":"1995192673101822764900000000","pnu":"1221012200100850007","year":1995,"purpose":"제1종 근린생활시설","far":139.4099,"floors":2,"structure":"경량철골구조"},"geometry":{"type":"MultiPolygon","coordinates":[[[[126.920458,35.139641],[126.92049,35.139596],[126.920366,35.139529],[126.92033,35.139569],[126.920458,35.139641]]]]}},{"type":"Feature","id":"1995192674771828707200000000","properties":{"id":"1995192674771828707200000000","pnu":"1221011200100330000","year":1995,"purpose":"제2종 근린생활시설"},"geometry":{"type":"MultiPolygon","coordinates":[[[[126.920493,35.14505],[126.920542,35.144971],[126.920486,35.144946],[126.920512,35.14489],[126.920369,35.144832],[126.920307,35.144926],[126.920347,35.144942],[126.920326,35.144976],[126.920493,35.14505]]]]}},{"type":"Feature","id":"1995192772401827650600000000","properties":{"id":"1995192772401827650600000000","pnu":"1221011200100640000","purpose":"기타","structure":"벽돌구조"},"geometry":{"type":"MultiPolygon","coordinates":[[[[126.921478,35.143989],[126.921507,35.144002],[126.921515,35.143989],[126.921487,35.143976],[126.921478,35.143989]]]]}},{"type":"Feature","id":"1995192784051827634800000000","properties":{"id":"1995192784051827634800000000","pnu":"1221011200100640000","year":1995,"purpose":"제1종 근린생활시설","far":59.73,"floors":1,"structure":"벽돌구조"},"geometry":{"type":"MultiPolygon","coordinates":[[[[126.921637,35.144032],[126.921678,35.143942],[126.921609,35.143921],[126.921573,35.144004],[126.921637,35.144032]]]]}},{"type":"Feature","id":"1995192865481830974700000000","properties":{"id":"1995192865481830974700000000","pnu":"1221011800100420012","year":1995,"purpose":"단독주택","far":174.14,"floors":3,"structure":"철근콘크리트구조"},"geometry":{"type":"MultiPolygon","coordinates":[[[[126.922502,35.147041],[126.922576,35.14697],[126.922521,35.146934],[126.922473,35.14697],[126.922479,35.147035],[126.922502,35.147041]]]]}},{"type":"Feature","id":"1995192900921832017800000000","properties":{"id":"1995192900921832017800000000","pnu":"1221010700100990000","year":1995,"purpose":"기타"},"geometry":{"type":"MultiPolygon","coordinates":[[[[126.922597,35.14829],[126.922939,35.147983],[126.922965,35.147998],[126.92308,35.147881],[126.923055,35.147858],[126.923245,35.147682],[126.92331,35.147723],[126.923357,35.147675],[126.923209,35.147574],[126.923189,35.147596],[126.92318,35.147592],[126.923082,35.147685],[126.923059,35.147674],[126.922488,35.148213],[126.922597,35.14829]]]]}},{"type":"Feature","id":"1995192949391827098400000000","properties":{"id":"1995192949391827098400000000","pnu":"1221011800104700032","year":1995,"purpose":"제1종 근린생활시설","far":167.51,"floors":3,"structure":"철근콘크리트구조"},"geometry":{"type":"MultiPolygon","coordinates":[[[[126.923429,35.143545],[126.923525,35.143497],[126.923488,35.143435],[126.923342,35.143492],[126.92334,35.143501],[126.923429,35.143545]]]]}},{"type":"Feature","id":"1995192957051828105700000000","properties":{"id":"1995192957051828105700000000","pnu":"1221011800100950017","year":1995,"purpose":"단독주택","far":156.94,"floors":3,"structure":"철근콘크리트구조"},"geometry":{"type":"MultiPolygon","coordinates":[[[[126.92362,35.144401],[126.923468,35.144348],[126.923437,35.144407],[126.923565,35.144448],[126.92362,35.144401]]]]}},{"type":"Feature","id":"1995192963461827179900000000","properties":{"id":"1995192963461827179900000000","pnu":"1221011800104700010","year":1995,"purpose":"제2종 근린생활시설","far":124.27,"floors":3,"structure":"철근콘크리트구조"},"geometry":{"type":"MultiPolygon","coordinates":[[[[126.923695,35.143588],[126.923649,35.143515],[126.923579,35.143535],[126.923559,35.143516],[126.923473,35.143554],[126.923487,35.14357],[126.923624,35.143622],[126.923695,35.143588]]]]}},{"type":"Feature","id":"1995192973611828301600000000","properties":{"id":"1995192973611828301600000000","pnu":"1221011800100250007","year":1995,"purpose":"기타","far":216.13,"floors":5,"structure":"철근콘크리트구조"},"geometry":{"type":"MultiPolygon","coordinates":[[[[126.923557,35.144564],[126.923659,35.144687],[126.923852,35.144584],[126.923752,35.14447],[126.923557,35.144564]]]]}},{"type":"Feature","id":"1995192984931822530600000000","properties":{"id":"1995192984931822530600000000","pnu":"1221012200100240026","year":1995,"purpose":"기타","far":47.92716,"floors":2,"structure":"철근콘크리트구조"},"geometry":{"type":"MultiPolygon","coordinates":[[[[126.92371,35.139419],[126.923953,35.139427],[126.923956,35.139366],[126.92392,35.139364],[126.923922,35.13932],[126.923792,35.139315],[126.923792,35.139323],[126.92377,35.139323],[126.923769,35.139343],[126.923714,35.139342],[126.92371,35.139419]]]]}},{"type":"Feature","id":"1995192992381826675200000000","properties":{"id":"1995192992381826675200000000","pnu":"1221011800104720015","year":1995,"purpose":"제1종 근린생활시설","far":112.69,"floors":2,"structure":"철근콘크리트구조"},"geometry":{"type":"MultiPolygon","coordinates":[[[[126.923928,35.143175],[126.923983,35.143123],[126.923903,35.143048],[126.923837,35.1431],[126.923928,35.143175]]]]}},{"type":"Feature","id":"1995193003011827139900000000","properties":{"id":"1995193003011827139900000000","pnu":"1221011800104700002","purpose":"기타","structure":"벽돌구조"},"geometry":{"type":"MultiPolygon","coordinates":[[[[126.924016,35.143531],[126.92402,35.143538],[126.92404,35.143529],[126.924035,35.143522],[126.924016,35.143531]]]]}},{"type":"Feature","id":"1995193008051831271000000000","properties":{"id":"1995193008051831271000000000","pnu":"1221011800100140001","year":1995,"purpose":"기타","far":22.174738,"floors":3,"structure":"철근콘크리트구조"},"geometry":{"type":"MultiPolygon","coordinates":[[[[126.924067,35.146894],[126.923782,35.147083],[126.924323,35.147633],[126.924417,35.147571],[126.923952,35.147098],[126.924143,35.146972],[126.924067,35.146894]]]]}},{"type":"Feature","id":"1995193009431827147000000000","properties":{"id":"1995193009431827147000000000","pnu":"1221011800104700002","year":1995,"purpose":"단독주택","far":101.34,"floors":2,"structure":"벽돌구조"},"geometry":{"type":"MultiPolygon","coordinates":[[[[126.924062,35.143593],[126.924171,35.143533],[126.924132,35.143479],[126.924038,35.143533],[126.924043,35.143543],[126.924029,35.143557],[126.924062,35.143593]]]]}},{"type":"Feature","id":"1995193011521827385300000000","properties":{"id":"1995193011521827385300000000","pnu":"1221011800104690004","year":1995,"purpose":"제2종 근린생활시설","far":230.61,"floors":5,"structure":"철근콘크리트구조"},"geometry":{"type":"MultiPolygon","coordinates":[[[[126.924074,35.143809],[126.924233,35.14374],[126.9242,35.143684],[126.923999,35.14377],[126.92401,35.14379],[126.924074,35.143809]]]]}},{"type":"Feature","id":"1995193029301830718600000000","properties":{"id":"1995193029301830718600000000","pnu":"1221011800100140001","year":1995,"purpose":"기타","far":22.174738,"floors":3,"structure":"철근콘크리트구조"},"geometry":{"type":"MultiPolygon","coordinates":[[[[126.924394,35.146575],[126.924108,35.146767],[126.924176,35.146835],[126.924114,35.146876],[126.924178,35.14694],[126.924272,35.146877],[126.92429,35.146894],[126.924542,35.146724],[126.924394,35.146575]]]]}},{"type":"Feature","id":"1995193029421826507100000000","properties":{"id":"1995193029421826507100000000","pnu":"1221011800104720008","purpose":"기타"},"geometry":{"type":"MultiPolygon","coordinates":[[[[126.92431,35.142959],[126.924317,35.142966],[126.924326,35.142961],[126.92432,35.142953],[126.92431,35.142959]]]]}},{"type":"Feature","id":"1995193029891826571300000000","properties":{"id":"1995193029891826571300000000","pnu":"1221011800104720008","year":1995,"purpose":"단독주택"},"geometry":{"type":"MultiPolygon","coordinates":[[[[126.924333,35.143075],[126.924392,35.143028],[126.924306,35.142962],[126.924257,35.143002],[126.924333,35.143075]]]]}},{"type":"Feature","id":"1995193130701831858700000000","properties":{"id":"1995193130701831858700000000","pnu":"1221010800101390020","year":1995,"purpose":"단독주택","far":228.65,"floors":4,"structure":"철근콘크리트구조"},"geometry":{"type":"MultiPolygon","coordinates":[[[[126.925391,35.147834],[126.925496,35.14778],[126.925455,35.147734],[126.925355,35.14779],[126.925391,35.147834]]]]}},{"type":"Feature","id":"1995193148151828693700000000","properties":{"id":"1995193148151828693700000000","pnu":"1221011800100210044","purpose":"기타","structure":"벽돌구조"},"geometry":{"type":"MultiPolygon","coordinates":[[[[126.925612,35.14493],[126.925618,35.144938],[126.925627,35.144933],[126.925621,35.144925],[126.925612,35.14493]]]]}},{"type":"Feature","id":"1995193148331828756000000000","properties":{"id":"1995193148331828756000000000","pnu":"1221011800100210044","year":1995,"purpose":"단독주택","far":101.37,"floors":2,"structure":"벽돌구조"},"geometry":{"type":"MultiPolygon","coordinates":[[[[126.925615,35.145038],[126.925677,35.145008],[126.925627,35.144938],[126.925566,35.144965],[126.925615,35.145038]]]]}},{"type":"Feature","id":"1995193313251829719900000000","properties":{"id":"1995193313251829719900000000","pnu":"1221011800104270001","year":1995,"purpose":"제2종 근린생활시설","floors":4,"structure":"철근콘크리트구조"},"geometry":{"type":"MultiPolygon","coordinates":[[[[126.927415,35.145911],[126.927501,35.145868],[126.927452,35.145805],[126.927355,35.145848],[126.927415,35.145911]]]]}},{"type":"Feature","id":"1995193422391829235400000000","properties":{"id":"1995193422391829235400000000","pnu":"1221011100105100010","year":1995,"purpose":"제2종 근린생활시설"},"geometry":{"type":"MultiPolygon","coordinates":[[[[126.928721,35.145466],[126.928645,35.145347],[126.928526,35.145401],[126.928537,35.145425],[126.928571,35.145448],[126.928593,35.145439],[126.928645,35.145495],[126.928721,35.145466]]]]}},{"type":"Feature","id":"1995193426261828802200000000","properties":{"id":"1995193426261828802200000000","pnu":"1221011800104220016","year":1995,"purpose":"단독주택","far":136.97,"floors":3,"structure":"벽돌구조"},"geometry":{"type":"MultiPolygon","coordinates":[[[[126.928684,35.14509],[126.928739,35.145043],[126.928651,35.144974],[126.928605,35.145016],[126.928684,35.14509]]]]}},{"type":"Feature","id":"1995193450871829981200000000","properties":{"id":"1995193450871829981200000000","pnu":"1221011100105170038","year":1995,"purpose":"단독주택","far":101.23,"floors":2,"structure":"벽돌구조"},"geometry":{"type":"MultiPolygon","coordinates":[[[[126.928959,35.14604],[126.928876,35.146076],[126.928921,35.146149],[126.929004,35.14611],[126.928959,35.14604]]]]}},{"type":"Feature","id":"1996192578431828110100000000","properties":{"id":"1996192578431828110100000000","pnu":"1221011200101570000","year":1996,"purpose":"기타","far":468.64172,"floors":9,"structure":"철근콘크리트구조"},"geometry":{"type":"MultiPolygon","coordinates":[[[[126.919255,35.144273],[126.919201,35.144413],[126.91929,35.144497],[126.919363,35.144511],[126.919379,35.144484],[126.919424,35.144482],[126.919411,35.144506],[126.919487,35.144519],[126.919553,35.144363],[126.919365,35.144317],[126.919371,35.144293],[126.919255,35.144273]]]]}},{"type":"Feature","id":"1996192597871825699300000000","properties":{"id":"1996192597871825699300000000","pnu":"1221011400101820001","year":1996,"purpose":"제1종 근린생활시설","far":125.67,"floors":2,"structure":"철근콘크리트구조"},"geometry":{"type":"MultiPolygon","coordinates":[[[[126.919635,35.142293],[126.919664,35.142226],[126.919524,35.142171],[126.919498,35.142227],[126.919601,35.142263],[126.919597,35.142279],[126.919635,35.142293]]]]}},{"type":"Feature","id":"1996192679931822564800000000","properties":{"id":"1996192679931822564800000000","pnu":"1221012200100850013","year":1996,"purpose":"제2종 근린생활시설","far":177.88,"floors":3,"structure":"철근콘크리트구조"},"geometry":{"type":"MultiPolygon","coordinates":[[[[126.920747,35.139698],[126.920895,35.139522],[126.920673,35.139348],[126.920246,35.139109],[126.920076,35.139331],[126.920747,35.139698]]]]}},{"type":"Feature","id":"1996192784921828358900000000","properties":{"id":"1996192784921828358900000000","pnu":"1221011800100830002","year":1996,"purpose":"제2종 근린생활시설","far":318.19,"floors":6,"structure":"철근콘크리트구조"},"geometry":{"type":"MultiPolygon","coordinates":[[[[126.921642,35.144739],[126.921674,35.144731],[126.921668,35.14471],[126.921704,35.144705],[126.92165,35.144549],[126.921596,35.144532],[126.921573,35.144532],[126.921566,35.144539],[126.921563,35.144555],[126.921642,35.144739]]]]}},{"type":"Feature","id":"1996192879091831900900000000","properties":{"id":"1996192879091831900900000000","pnu":"1221010700101010030","year":1996,"purpose":"단독주택"},"geometry":{"type":"MultiPolygon","coordinates":[[[[126.922685,35.147895],[126.922756,35.147833],[126.922637,35.147745],[126.922575,35.147808],[126.922685,35.147895]]]]}},{"type":"Feature","id":"1996192924521829798900000000","properties":{"id":"1996192924521829798900000000","pnu":"1221011800100310000","year":1976,"purpose":"기타","far":62.900381,"floors":4,"structure":"일반철골구조"},"geometry":{"type":"MultiPolygon","coordinates":[[[[126.923592,35.145885],[126.923091,35.145355],[126.9229,35.145482],[126.923264,35.14585],[126.923058,35.145987],[126.923106,35.146036],[126.923077,35.146055],[126.923088,35.146066],[126.923072,35.146077],[126.923007,35.146012],[126.922991,35.146012],[126.922962,35.146021],[126.922949,35.146026],[126.922935,35.146044],[126.922925,35.146071],[126.922986,35.146135],[126.922969,35.146146],[126.922957,35.146134],[126.922931,35.146151],[126.922885,35.146103],[126.922697,35.146225],[126.922889,35.146425],[126.923537,35.146007],[126.923486,35.145954],[126.923592,35.145885]]]]}},{"type":"Feature","id":"1996192971351829654200000000","properties":{"id":"1996192971351829654200000000","pnu":"1221011800100310000","year":1996,"purpose":"기타"},"geometry":{"type":"MultiPolygon","coordinates":[[[[126.923464,35.145686],[126.923643,35.145863],[126.923591,35.145899],[126.923647,35.145954],[126.923877,35.145796],[126.923804,35.145725],[126.923756,35.145757],[126.923689,35.145691],[126.92365,35.145718],[126.923615,35.145684],[126.923563,35.14572],[126.923502,35.145659],[126.923464,35.145686]]]]}},{"type":"Feature","id":"1996192977011827264700000000","properties":{"id":"1996192977011827264700000000","pnu":"1221011800104700006","year":1996,"purpose":"제2종 근린생활시설","far":213.5,"floors":4,"structure":"철근콘크리트구조"},"geometry":{"type":"MultiPolygon","coordinates":[[[[126.923768,35.143686],[126.923802,35.143614],[126.923785,35.143601],[126.923654,35.143645],[126.923768,35.143686]]]]}},{"type":"Feature","id":"1996192986901827302000000000","properties":{"id":"1996192986901827302000000000","pnu":"1221011800104700059","year":1996,"purpose":"제2종 근린생활시설","far":197.79,"floors":4,"structure":"철근콘크리트구조"},"geometry":{"type":"MultiPolygon","coordinates":[[[[126.92389,35.143728],[126.923906,35.143693],[126.923878,35.143637],[126.923831,35.14362],[126.923787,35.143694],[126.92389,35.143728]]]]}},{"type":"Feature","id":"1996193113991829919900000000","properties":{"id":"1996193113991829919900000000","pnu":"1221011800100100008","purpose":"단독주택","structure":"벽돌구조"},"geometry":{"type":"MultiPolygon","coordinates":[[[[126.925235,35.146044],[126.925246,35.146046],[126.925251,35.146029],[126.925241,35.146027],[126.925235,35.146044]]]]}},{"type":"Feature","id":"1996193123451829869000000000","properties":{"id":"1996193123451829869000000000","pnu":"1221011800100100008","year":1996,"purpose":"단독주택"},"geometry":{"type":"MultiPolygon","coordinates":[[[[126.925421,35.14601],[126.925366,35.145927],[126.925272,35.145977],[126.925326,35.146048],[126.925339,35.146048],[126.925421,35.14601]]]]}},{"type":"Feature","id":"1996193137151828822100000000","properties":{"id":"1996193137151828822100000000","pnu":"1221011800100210027","year":1996,"purpose":"단독주택","far":93.48,"floors":2,"structure":"벽돌구조"},"geometry":{"type":"MultiPolygon","coordinates":[[[[126.925566,35.145054],[126.925537,35.145005],[126.92548,35.145028],[126.925475,35.14502],[126.925431,35.145037],[126.925461,35.145089],[126.925495,35.145076],[126.925498,35.145081],[126.925566,35.145054]]]]}},{"type":"Feature","id":"1996193224861832039300000000","properties":{"id":"1996193224861832039300000000","pnu":"1221010800101410024","year":1996,"purpose":"단독주택","far":105.78,"floors":2,"structure":"벽돌구조"},"geometry":{"type":"MultiPolygon","coordinates":[[[[126.926395,35.147978],[126.926517,35.147981],[126.926515,35.147911],[126.92645,35.147912],[126.92645,35.14792],[126.926415,35.14792],[126.926414,35.147929],[126.926391,35.147929],[126.926395,35.147978]]]]}},{"type":"Feature","id":"1996193361521830415500000000","properties":{"id":"1996193361521830415500000000","pnu":"1221010800101180030","year":1996,"purpose":"단독주택","far":132.56,"floors":2,"structure":"벽돌구조"},"geometry":{"type":"MultiPolygon","coordinates":[[[[126.927989,35.146535],[126.928021,35.14648],[126.927938,35.146431],[126.927895,35.146496],[126.927989,35.146535]]]]}},{"type":"Feature","id":"1996193446351829847900000000","properties":{"id":"1996193446351829847900000000","pnu":"1221011100105170001","year":1996,"purpose":"제2종 근린생활시설","far":202.46,"floors":4,"structure":"철근콘크리트구조"},"geometry":{"type":"MultiPolygon","coordinates":[[[[126.928754,35.145984],[126.928797,35.146049],[126.92883,35.14605],[126.92903,35.145964],[126.928983,35.145895],[126.928942,35.145911],[126.92892,35.145908],[126.928754,35.145984]]]]}},{"type":"Feature","id":"1997192545981828491900000000","properties":{"id":"1997192545981828491900000000","pnu":"1221011200101670006","purpose":"기타","structure":"벽돌구조"},"geometry":{"type":"MultiPolygon","coordinates":[[[[126.919003,35.144754],[126.919018,35.144755],[126.91902,35.144737],[126.919005,35.144736],[126.919003,35.144754]]]]}},{"type":"Feature","id":"1997192548551828398600000000","properties":{"id":"1997192548551828398600000000","pnu":"1221011200101670006","year":1997,"purpose":"단독주택","far":219.51,"floors":3,"structure":"철근콘크리트구조"},"geometry":{"type":"MultiPolygon","coordinates":[[[[126.919008,35.144723],[126.919026,35.144725],[126.919086,35.144619],[126.919066,35.14461],[126.919018,35.144631],[126.919008,35.144723]]]]}},{"type":"Feature","id":"1997192566731825556700000000","properties":{"id":"1997192566731825556700000000","pnu":"1221011400101850005","year":1997,"purpose":"제2종 근린생활시설","far":231.53,"floors":3,"structure":"철근콘크리트구조"},"geometry":{"type":"MultiPolygon","coordinates":[[[[126.91913,35.142097],[126.919202,35.142127],[126.919209,35.142119],[126.919333,35.142161],[126.919348,35.142104],[126.919203,35.142046],[126.919145,35.142062],[126.91913,35.142097]]]]}},{"type":"Feature","id":"1997192589661825395300000000","properties":{"id":"1997192589661825395300000000","pnu":"1221012200101360002","year":1997,"purpose":"제1종 근린생활시설","far":132.6,"floors":2,"structure":"철근콘크리트구조"},"geometry":{"type":"MultiPolygon","coordinates":[[[[126.919524,35.142008],[126.919537,35.141998],[126.919542,35.141926],[126.919464,35.141903],[126.919432,35.14197],[126.919524,35.142008]]]]}},{"type":"Feature","id":"1997192601391825444000000000","properties":{"id":"1997192601391825444000000000","pnu":"1221012200101350000","year":1997,"purpose":"제1종 근린생활시설","far":134.33,"floors":2,"structure":"철근콘크리트구조"},"geometry":{"type":"MultiPolygon","coordinates":[[[[126.919644,35.142057],[126.919699,35.141982],[126.919575,35.141936],[126.919567,35.142033],[126.919644,35.142057]]]]}},{"type":"Feature","id":"1997192636621823151200000000","properties":{"id":"1997192636621823151200000000","pnu":"1221012200100840010","year":1997,"purpose":"기타","far":125.69,"floors":2,"structure":"철근콘크리트구조"},"geometry":{"type":"MultiPolygon","coordinates":[[[[126.92004,35.139972],[126.920094,35.139909],[126.920052,35.139873],[126.919996,35.139926],[126.919945,35.139902],[126.919931,35.139931],[126.919931,35.13996],[126.919949,35.139965],[126.920007,35.139974],[126.92004,35.139972]]]]}},{"type":"Feature","id":"1997192649131825041600000000","properties":{"id":"1997192649131825041600000000","pnu":"1221012200101310000","year":1997,"purpose":"제2종 근린생활시설","far":189.76,"floors":3,"structure":"철근콘크리트구조"},"geometry":{"type":"MultiPolygon","coordinates":[[[[126.920056,35.141641],[126.920115,35.141697],[126.920134,35.141697],[126.920225,35.141642],[126.920243,35.141617],[126.920142,35.141576],[126.920056,35.141641]]]]}},{"type":"Feature","id":"1997192649911825696700000000","properties":{"id":"1997192649911825696700000000","pnu":"1221012200101170002","year":1997,"purpose":"제2종 근린생활시설","far":230.24,"floors":3,"structure":"벽돌구조"},"geometry":{"type":"MultiPolygon","coordinates":[[[[126.920207,35.142277],[126.920234,35.142232],[126.920145,35.142199],[126.920149,35.142189],[126.920112,35.142174],[126.920074,35.142222],[126.920207,35.142277]]]]}},{"type":"Feature","id":"1997192815221828096000000000","properties":{"id":"1997192815221828096000000000","pnu":"1221011800101110001","year":1997,"purpose":"기타","far":264.85,"floors":5,"structure":"철근콘크리트구조"},"geometry":{"type":"MultiPolygon","coordinates":[[[[126.921922,35.144266],[126.921837,35.144456],[126.921972,35.144511],[126.92203,35.144489],[126.922091,35.144313],[126.921922,35.144266]]]]}},{"type":"Feature","id":"1997192836411823066200000000","properties":{"id":"1997192836411823066200000000","pnu":"1221012200100550109","year":1997,"purpose":"기타"},"geometry":{"type":"MultiPolygon","coordinates":[[[[126.922185,35.139942],[126.922283,35.139802],[126.922237,35.139778],[126.922209,35.139788],[126.922129,35.139901],[126.922156,35.139931],[126.922185,35.139942]]]]}},{"type":"Feature","id":"1997192875541828793900000000","properties":{"id":"1997192875541828793900000000","pnu":"1221011800100920000","year":1997,"purpose":"단독주택","far":152.13,"floors":3,"structure":"벽돌구조"},"geometry":{"type":"MultiPolygon","coordinates":[[[[126.922628,35.145074],[126.922694,35.145027],[126.922638,35.144976],[126.922575,35.14499],[126.922565,35.145008],[126.922628,35.145074]]]]}},{"type":"Feature","id":"1997192927771827610400000000","properties":{"id":"1997192927771827610400000000","pnu":"1221011800100970038","year":1997,"purpose":"단독주택","far":166.66,"floors":3,"structure":"철근콘크리트구조"},"geometry":{"type":"MultiPolygon","coordinates":[[[[126.923312,35.143895],[126.923224,35.143846],[126.923111,35.14398],[126.923112,35.144029],[126.923178,35.144064],[126.923312,35.143895]]]]}},{"type":"Feature","id":"1997192940891827378900000000","properties":{"id":"1997192940891827378900000000","pnu":"1221011800100970032","year":1997,"purpose":"제2종 근린생활시설","far":220.09,"floors":4,"structure":"철근콘크리트구조"},"geometry":{"type":"MultiPolygon","coordinates":[[[[126.923425,35.143693],[126.923399,35.14368],[126.923368,35.143681],[126.923341,35.143694],[126.923267,35.143787],[126.923334,35.143819],[126.923425,35.143693]]]]}},{"type":"Feature","id":"1997192996911827279100000000","properties":{"id":"1997192996911827279100000000","pnu":"1221011800104700045","year":1997,"purpose":"제1종 근린생활시설","far":179.64,"floors":3,"structure":"철근콘크리트구조"},"geometry":{"type":"MultiPolygon","coordinates":[[[[126.924009,35.143667],[126.92397,35.143598],[126.923903,35.143624],[126.923951,35.143707],[126.923982,35.143712],[126.923995,35.143702],[126.924009,35.143667]]]]}},{"type":"Feature","id":"1997193004811827060900000000","properties":{"id":"1997193004811827060900000000","pnu":"1221011800104700029","year":1997,"purpose":"단독주택","far":147.7,"floors":3,"structure":"벽돌구조"},"geometry":{"type":"MultiPolygon","coordinates":[[[[126.924012,35.143515],[126.92412,35.143456],[126.924084,35.143404],[126.924044,35.143421],[126.924047,35.143425],[126.923975,35.14346],[126.924012,35.143515]]]]}},{"type":"Feature","id":"1997193021721827970300000000","properties":{"id":"1997193021721827970300000000","pnu":"1221011800100230018","year":1997,"purpose":"제2종 근린생활시설","far":166.68,"floors":3,"structure":"철근콘크리트구조"},"geometry":{"type":"MultiPolygon","coordinates":[[[[126.924235,35.144334],[126.924292,35.14431],[126.924231,35.144222],[126.924173,35.144251],[126.924235,35.144334]]]]}},{"type":"Feature","id":"1997193025021826707000000000","properties":{"id":"1997193025021826707000000000","pnu":"1221011800104720007","purpose":"기타","structure":"벽돌구조"},"geometry":{"type":"MultiPolygon","coordinates":[[[[126.924234,35.143176],[126.924323,35.143129],[126.924303,35.143103],[126.924215,35.143154],[126.924234,35.143176]]]]}},{"type":"Feature","id":"1997193038831826661200000000","properties":{"id":"1997193038831826661200000000","pnu":"1221011800104720007","year":1997,"purpose":"단독주택","far":71.34,"floors":2,"structure":"벽돌구조"},"geometry":{"type":"MultiPolygon","coordinates":[[[[126.924432,35.143158],[126.92449,35.143107],[126.924414,35.14304],[126.924351,35.143089],[126.924432,35.143158]]]]}},{"type":"Feature","id":"1997193093891821344600000000","properties":{"id":"1997193093891821344600000000","pnu":"1221012200100310056","year":1997,"purpose":"단독주택","far":108.38,"floors":2,"structure":"벽돌구조"},"geometry":{"type":"MultiPolygon","coordinates":[[[[126.925,35.138338],[126.92501,35.138342],[126.925006,35.138349],[126.925055,35.138365],[126.925104,35.138283],[126.92505,35.138266],[126.925042,35.138277],[126.925,35.138263],[126.924983,35.138257],[126.924959,35.138309],[126.924983,35.138319],[126.92498,35.138329],[126.925,35.138338]]]]}},{"type":"Feature","id":"1997193104231821383400000000","properties":{"id":"1997193104231821383400000000","pnu":"1221012200100310055","year":1997,"purpose":"단독주택","far":108.06,"floors":2,"structure":"벽돌구조"},"geometry":{"type":"MultiPolygon","coordinates":[[[[126.925217,35.138319],[126.925119,35.138283],[126.925073,35.138375],[126.925137,35.138401],[126.925159,35.138368],[126.925194,35.138378],[126.925217,35.138319]]]]}},{"type":"Feature","id":"1997193109931821291900000000","properties":{"id":"1997193109931821291900000000","pnu":"1221012200100310054","year":1997,"purpose":"단독주택","far":94.66,"floors":2,"structure":"벽돌구조"},"geometry":{"type":"MultiPolygon","coordinates":[[[[126.925249,35.138301],[126.925275,35.13826],[126.925161,35.138217],[126.925139,35.138261],[126.925249,35.138301]]]]}},{"type":"Feature","id":"1997193140631828574100000000","properties":{"id":"1997193140631828574100000000","pnu":"1221011800100210015","year":1997,"purpose":"제2종 근린생활시설","far":117.39,"floors":2,"structure":"벽돌구조"},"geometry":{"type":"MultiPolygon","coordinates":[[[[126.925539,35.144937],[126.925597,35.144907],[126.925562,35.14485],[126.925625,35.144768],[126.92559,35.144723],[126.925434,35.144801],[126.925539,35.144937]]]]}},{"type":"Feature","id":"1997193172071830683300000000","properties":{"id":"1997193172071830683300000000","pnu":"1221011800100120005","year":1997,"purpose":"제1종 근린생활시설"},"geometry":{"type":"MultiPolygon","coordinates":[[[[126.925892,35.146782],[126.925941,35.146743],[126.925869,35.146669],[126.925819,35.146707],[126.925892,35.146782]]]]}},{"type":"Feature","id":"1997193435481831749000000000","properties":{"id":"1997193435481831749000000000","pnu":"1221010800101150006","year":1997,"purpose":"단독주택","far":190.34,"floors":3,"structure":"철근콘크리트구조"},"geometry":{"type":"MultiPolygon","coordinates":[[[[126.92885,35.147718],[126.928823,35.147624],[126.928778,35.147631],[126.928778,35.147645],[126.928689,35.147664],[126.928705,35.147743],[126.92885,35.147718]]]]}},{"type":"Feature","id":"1997193443261829691400000000","properties":{"id":"1997193443261829691400000000","pnu":"1221011100105110015","year":1997,"purpose":"제2종 근린생활시설"},"geometry":{"type":"MultiPolygon","coordinates":[[[[126.928972,35.145854],[126.928898,35.145739],[126.928859,35.145757],[126.928832,35.145744],[126.928774,35.145825],[126.928747,35.145842],[126.928807,35.145926],[126.928972,35.145854]]]]}},{"type":"Feature","id":"1997193449561829059700000000","properties":{"id":"1997193449561829059700000000","pnu":"1221011100105100008","year":1997,"purpose":"제2종 근린생활시설","far":103.7,"floors":2,"structure":"철근콘크리트구조"},"geometry":{"type":"MultiPolygon","coordinates":[[[[126.92883,35.145272],[126.928871,35.145325],[126.929018,35.145259],[126.928989,35.1452],[126.92883,35.145272]]]]}},{"type":"Feature","id":"1997193451231830447400000000","properties":{"id":"1997193451231830447400000000","pnu":"1221011100105220003","purpose":"제1종 근린생활시설","structure":"경량철골구조"},"geometry":{"type":"MultiPolygon","coordinates":[[[[126.928919,35.14651],[126.928945,35.146533],[126.928964,35.146519],[126.92895,35.146496],[126.928919,35.14651]]]]}},{"type":"Feature","id":"1997193453911830341600000000","properties":{"id":"1997193453911830341600000000","pnu":"1221011100105220003","year":1997,"purpose":"제1종 근린생활시설","far":207.79,"floors":4,"structure":"철근콘크리트구조"},"geometry":{"type":"MultiPolygon","coordinates":[[[[126.928919,35.146487],[126.92907,35.146413],[126.929026,35.146354],[126.928881,35.146418],[126.928919,35.146487]]]]}},{"type":"Feature","id":"1998192730271826654600000000","properties":{"id":"1998192730271826654600000000","pnu":"1221011200100760001","year":1998,"purpose":"제1종 근린생활시설","far":344.87,"floors":7,"structure":"철근콘크리트구조"},"geometry":{"type":"MultiPolygon","coordinates":[[[[126.921166,35.14314],[126.921137,35.143052],[126.92098,35.142973],[126.920922,35.143074],[126.920981,35.143197],[126.921166,35.14314]]]]}},{"type":"Feature","id":"1998192864101831941200000000","properties":{"id":"1998192864101831941200000000","pnu":"1221010700101010101","year":1998,"purpose":"제1종 근린생활시설","far":289.43,"floors":6,"structure":"철근콘크리트구조"},"geometry":{"type":"MultiPolygon","coordinates":[[[[126.922533,35.147984],[126.922646,35.147893],[126.922465,35.147728],[126.922353,35.147822],[126.922533,35.147984]]]]}},{"type":"Feature","id":"1998192919211831123800000000","properties":{"id":"1998192919211831123800000000","pnu":"1221011800100410003","year":1998,"purpose":"제2종 근린생활시설"},"geometry":{"type":"MultiPolygon","coordinates":[[[[126.923204,35.147114],[126.92313,35.147061],[126.923101,35.147087],[126.923062,35.147059],[126.923004,35.147113],[126.923117,35.147195],[126.923204,35.147114]]]]}},{"type":"Feature","id":"1998192968481827489500000000","properties":{"id":"1998192968481827489500000000","pnu":"1221011800100970007","year":1998,"purpose":"제2종 근린생활시설","far":189.59,"floors":4,"structure":"철근콘크리트구조"},"geometry":{"type":"MultiPolygon","coordinates":[[[[126.923773,35.143818],[126.923616,35.143762],[126.923536,35.143903],[126.92361,35.143934],[126.923649,35.143864],[126.923731,35.143892],[126.923773,35.143818]]]]}},{"type":"Feature","id":"1998193037921829276100000000","properties":{"id":"1998193037921829276100000000","pnu":"1221011800100190001","year":1998,"purpose":"제2종 근린생활시설","far":118.78,"floors":2,"structure":"철골철근콘크리트구조"},"geometry":{"type":"MultiPolygon","coordinates":[[[[126.924377,35.145544],[126.924523,35.145442],[126.924441,35.145367],[126.924318,35.14545],[126.924314,35.145498],[126.924377,35.145544]]]]}},{"type":"Feature","id":"1998193060981825118500000000","properties":{"id":"1998193060981825118500000000","pnu":"1221012200105230008","year":1998,"purpose":"단독주택","far":98.82,"floors":2,"structure":"철근콘크리트구조"},"geometry":{"type":"MultiPolygon","coordinates":[[[[126.924681,35.141771],[126.924732,35.141675],[126.924649,35.141647],[126.9246,35.141742],[126.924681,35.141771]]]]}},{"type":"Feature","id":"1998193063701824540100000000","properties":{"id":"1998193063701824540100000000","pnu":"1221012200105150009","year":1998,"purpose":"단독주택","far":93.5,"floors":2,"structure":"벽돌구조"},"geometry":{"type":"MultiPolygon","coordinates":[[[[126.92475,35.141233],[126.92477,35.141171],[126.924638,35.141138],[126.924627,35.141166],[126.924649,35.141218],[126.92475,35.141233]]]]}},{"type":"Feature","id":"1998193071581825167000000000","properties":{"id":"1998193071581825167000000000","pnu":"1221012200105230007","year":1998,"purpose":"단독주택","far":100.91,"floors":2,"structure":"철근콘크리트구조"},"geometry":{"type":"MultiPolygon","coordinates":[[[[126.924789,35.141806],[126.924834,35.141718],[126.924773,35.1417],[126.924731,35.141787],[126.924789,35.141806]]]]}},{"type":"Feature","id":"1998193086861829587700000000","properties":{"id":"1998193086861829587700000000","pnu":"1221011800100200023","year":1998,"purpose":"단독주택","far":134.82,"floors":3,"structure":"철근콘크리트구조"},"geometry":{"type":"MultiPolygon","coordinates":[[[[126.925,35.145743],[126.925047,35.145722],[126.925021,35.145673],[126.925,35.145683],[126.92483,35.145764],[126.924833,35.145773],[126.924891,35.145791],[126.925,35.145743]]]]}},{"type":"Feature","id":"1998193090421824783500000000","properties":{"id":"1998193090421824783500000000","pnu":"1221012200105150002","year":1998,"purpose":"단독주택","far":49.58,"floors":1,"structure":"경량철골구조"},"geometry":{"type":"MultiPolygon","coordinates":[[[[126.925,35.141465],[126.925049,35.141371],[126.925,35.141352],[126.924982,35.141345],[126.924927,35.141442],[126.924999,35.141467],[126.925,35.141465]]]]}},{"type":"Feature","id":"1998193140221823732200000000","properties":{"id":"1998193140221823732200000000","pnu":"1221012200105360017","year":1998,"purpose":"제1종 근린생활시설","far":113.87,"floors":2,"structure":"철근콘크리트구조"},"geometry":{"type":"MultiPolygon","coordinates":[[[[126.925635,35.140497],[126.92565,35.140488],[126.925656,35.140474],[126.925634,35.140417],[126.92553,35.140407],[126.925529,35.140415],[126.925507,35.140415],[126.925502,35.140428],[126.925423,35.140426],[126.925421,35.140503],[126.925635,35.140497]]]]}},{"type":"Feature","id":"1998193256331826166500000000","properties":{"id":"1998193256331826166500000000","pnu":"1221011800104810000","year":1998,"purpose":"기타","far":6.39,"floors":3,"structure":"철근콘크리트구조"},"geometry":{"type":"MultiPolygon","coordinates":[[[[126.926764,35.142728],[126.926841,35.142733],[126.926852,35.142579],[126.926777,35.142575],[126.926764,35.142728]]]]}},{"type":"Feature","id":"1998193347741825561700000000","properties":{"id":"1998193347741825561700000000","pnu":"1221011800104500000","year":1998,"purpose":"기타","far":0.35,"floors":1,"structure":"일반철골구조"},"geometry":{"type":"MultiPolygon","coordinates":[[[[126.927784,35.142137],[126.927854,35.142116],[126.927839,35.142083],[126.92777,35.142104],[126.927784,35.142137]]]]}},{"type":"Feature","id":"1998193418981828867300000000","properties":{"id":"1998193418981828867300000000","pnu":"1221011800104220015","year":1998,"purpose":"제1종 근린생활시설","far":104.73,"floors":2,"structure":"일반철골구조"},"geometry":{"type":"MultiPolygon","coordinates":[[[[126.928577,35.145141],[126.928653,35.145108],[126.9286,35.145039],[126.928532,35.145068],[126.928577,35.145141]]]]}},{"type":"Feature","id":"1998193439561831517800000000","properties":{"id":"1998193439561831517800000000","pnu":"1221010800101150001","year":1998,"purpose":"단독주택","far":125,"floors":2,"structure":"벽돌구조"},"geometry":{"type":"MultiPolygon","coordinates":[[[[126.928802,35.147543],[126.928886,35.147518],[126.928833,35.147424],[126.928796,35.147431],[126.928787,35.147421],[126.928744,35.147428],[126.928802,35.147543]]]]}},{"type":"Feature","id":"1998193445211829182700000000","properties":{"id":"1998193445211829182700000000","pnu":"1221011100105100006","year":1998,"purpose":"제2종 근린생활시설","far":162.21,"floors":3},"geometry":{"type":"MultiPolygon","coordinates":[[[[126.928775,35.145389],[126.928807,35.145439],[126.928979,35.145365],[126.928947,35.145308],[126.928775,35.145389]]]]}},{"type":"Feature","id":"1999192631981825397900000000","properties":{"id":"1999192631981825397900000000","pnu":"1221012200101210001","year":1999,"purpose":"단독주택"},"geometry":{"type":"MultiPolygon","coordinates":[[[[126.920028,35.141958],[126.919907,35.141914],[126.919889,35.141958],[126.920009,35.142],[126.920028,35.141958]]]]}},{"type":"Feature","id":"1999192932421827043500000000","properties":{"id":"1999192932421827043500000000","pnu":"1221011800104700040","year":1999,"purpose":"제1종 근린생활시설"},"geometry":{"type":"MultiPolygon","coordinates":[[[[126.923286,35.143477],[126.923303,35.143471],[126.923279,35.14341],[126.923222,35.143411],[126.9232,35.143457],[126.923286,35.143477]]]]}},{"type":"Feature","id":"1999193137491829331100000000","properties":{"id":"1999193137491829331100000000","pnu":"1221011800100210042","year":1999,"purpose":"단독주택","far":59.38,"floors":1,"structure":"벽돌구조"},"geometry":{"type":"MultiPolygon","coordinates":[[[[126.925476,35.145546],[126.925559,35.145512],[126.925526,35.145468],[126.925447,35.145496],[126.925476,35.145546]]]]}},{"type":"Feature","id":"1999193141791824659000000000","properties":{"id":"1999193141791824659000000000","pnu":"1221011800105060000","year":1999,"purpose":"기타","far":55.051,"floors":3,"structure":"일반철골구조"},"geometry":{"type":"MultiPolygon","coordinates":[[[[126.925302,35.141418],[126.925737,35.141429],[126.925741,35.141324],[126.925826,35.141325],[126.92583,35.141186],[126.925407,35.141163],[126.925406,35.141184],[126.925318,35.14118],[126.925302,35.141418]]]]}},{"type":"Feature","id":"1999193245931821759900000000","properties":{"id":"1999193245931821759900000000","pnu":"1221012200105390000","year":1999,"purpose":"기타","far":2.4298608,"floors":9,"structure":"철근콘크리트구조"},"geometry":{"type":"MultiPolygon","coordinates":[[[[126.926093,35.138992],[126.925785,35.139121],[126.92584,35.13921],[126.925827,35.139216],[126.925774,35.139131],[126.92576,35.139122],[126.925745,35.139119],[126.925732,35.139117],[126.925718,35.139125],[126.925709,35.139137],[126.925707,35.139152],[126.925773,35.139272],[126.925853,35.139237],[126.925882,35.139281],[126.926181,35.139156],[126.926207,35.139199],[126.926388,35.139124],[126.926364,35.139084],[126.926728,35.138932],[126.926752,35.13897],[126.926936,35.138893],[126.92691,35.138851],[126.92727,35.1387],[126.927295,35.138741],[126.92748,35.138664],[126.927456,35.138625],[126.927763,35.138497],[126.927736,35.138454],[126.927816,35.138421],[126.927746,35.138309],[126.927727,35.138292],[126.927706,35.138289],[126.927688,35.138294],[126.927677,35.138305],[126.927672,35.138321],[126.927678,35.13834],[126.92773,35.138425],[126.92772,35.138429],[126.927662,35.138336],[126.927354,35.138464],[126.927382,35.13851],[126.926849,35.13873],[126.926724,35.138526],[126.926963,35.138427],[126.926945,35.138397],[126.927066,35.138347],[126.927046,35.138316],[126.927028,35.138324],[126.927016,35.138303],[126.927026,35.138299],[126.926947,35.13817],[126.92693,35.138178],[126.926923,35.138168],[126.926328,35.138414],[126.926365,35.138474],[126.926004,35.138624],[126.926016,35.138643],[126.925957,35.138667],[126.925964,35.138679],[126.925929,35.138694],[126.925964,35.138752],[126.926026,35.138726],[126.926038,35.138746],[126.926415,35.13859],[126.926447,35.138644],[126.926588,35.138586],[126.926606,35.138616],[126.926498,35.138661],[126.926501,35.138669],[126.926492,35.138696],[126.926492,35.138721],[126.926503,35.138746],[126.926519,35.13876],[126.926538,35.13877],[126.926561,35.138774],[126.926572,35.138789],[126.92668,35.138744],[126.92671,35.138793],[126.926118,35.139043],[126.926093,35.138992]]]]}},{"type":"Feature","id":"1999193432911830218500000000","properties":{"id":"1999193432911830218500000000","pnu":"1221011100105180018","year":1999,"purpose":"제1종 근린생활시설","far":103.43,"floors":2,"structure":"일반철골구조"},"geometry":{"type":"MultiPolygon","coordinates":[[[[126.928716,35.146384],[126.928825,35.146341],[126.928794,35.146288],[126.928806,35.146282],[126.928774,35.146233],[126.928657,35.146277],[126.928716,35.146384]]]]}},{"type":"Feature","id":"1999193453431829379200000000","properties":{"id":"1999193453431829379200000000","pnu":"1221011100105110009","year":1999,"purpose":"제2종 근린생활시설","far":173.32,"floors":3,"structure":"철근콘크리트구조"},"geometry":{"type":"MultiPolygon","coordinates":[[[[126.928928,35.145626],[126.929068,35.145566],[126.92901,35.145478],[126.928869,35.145537],[126.928928,35.145626]]]]}},{"type":"Feature","id":"2000192595091823543500000000","properties":{"id":"2000192595091823543500000000","pnu":"1221012200100920015","year":2000,"purpose":"단독주택"},"geometry":{"type":"MultiPolygon","coordinates":[[[[126.919592,35.140341],[126.919628,35.1403],[126.919522,35.140231],[126.919479,35.14027],[126.919592,35.140341]]]]}},{"type":"Feature","id":"2000192595691823940600000000","properties":{"id":"2000192595691823940600000000","pnu":"1221012200100950017","year":2000,"purpose":"제2종 근린생활시설","floors":2,"structure":"벽돌구조"},"geometry":{"type":"MultiPolygon","coordinates":[[[[126.919589,35.140701],[126.919639,35.140644],[126.91955,35.140589],[126.919527,35.140608],[126.919515,35.140602],[126.919478,35.140639],[126.919589,35.140701]]]]}},{"type":"Feature","id":"2000192598411827412000000000","properties":{"id":"2000192598411827412000000000","pnu":"1221011200101400000","year":2000,"purpose":"기타","far":159.49,"floors":3,"structure":"일반철골구조"},"geometry":{"type":"MultiPolygon","coordinates":[[[[126.919599,35.143841],[126.919669,35.143758],[126.919573,35.143706],[126.919508,35.143782],[126.919599,35.143841]]]]}},{"type":"Feature","id":"2000192610671824271300000000","properties":{"id":"2000192610671824271300000000","pnu":"1221012200101030014","year":2000,"purpose":"단독주택","far":235.9988,"floors":5,"structure":"철근콘크리트구조"},"geometry":{"type":"MultiPolygon","coordinates":[[[[126.919847,35.140909],[126.919805,35.140889],[126.919799,35.140898],[126.919682,35.140852],[126.919662,35.140868],[126.919631,35.141007],[126.919701,35.141036],[126.919749,35.140976],[126.919799,35.140996],[126.919847,35.140909]]]]}},{"type":"Feature","id":"2000192621611827104300000000","properties":{"id":"2000192621611827104300000000","pnu":"1221011200101310001","year":2000,"purpose":"제2종 근린생활시설","far":159.72,"floors":2,"structure":"철근콘크리트구조"},"geometry":{"type":"MultiPolygon","coordinates":[[[[126.919777,35.143518],[126.919819,35.143554],[126.919901,35.143482],[126.919899,35.14346],[126.919863,35.143438],[126.919777,35.143518]]]]}},{"type":"Feature","id":"2000193065581823549400000000","properties":{"id":"2000193065581823549400000000","pnu":"1221012200105130000","year":2000,"purpose":"제2종 근린생활시설","floors":2,"structure":"철근콘크리트구조"},"geometry":{"type":"MultiPolygon","coordinates":[[[[126.924645,35.1403],[126.924746,35.140352],[126.924791,35.140285],[126.924686,35.140238],[126.924645,35.1403]]]]}},{"type":"Feature","id":"2000193102311825550200000000","properties":{"id":"2000193102311825550200000000","pnu":"1221011800105060000","year":2000,"purpose":"기타","far":79.52,"floors":5,"structure":"철근콘크리트구조"},"geometry":{"type":"MultiPolygon","coordinates":[[[[126.925,35.14219],[126.925026,35.142193],[126.925022,35.14225],[126.925223,35.142257],[126.92525,35.141954],[126.925044,35.14194],[126.925039,35.141981],[126.925,35.141982],[126.924981,35.142189],[126.925,35.14219]]]]}},{"type":"Feature","id":"2000193138721822603500000000","properties":{"id":"2000193138721822603500000000","pnu":"1221012200105340000","year":2000,"purpose":"기타","far":111.97976,"floors":5,"structure":"철근콘크리트구조"},"geometry":{"type":"MultiPolygon","coordinates":[[[[126.92542,35.139686],[126.925737,35.13955],[126.925643,35.139399],[126.925657,35.13939],[126.925516,35.139173],[126.925346,35.139243],[126.925492,35.13948],[126.925333,35.139549],[126.92542,35.139686]]]]}},{"type":"Feature","id":"2000193139931825216800000000","properties":{"id":"2000193139931825216800000000","pnu":"1221011800105060000","year":2000,"purpose":"기타","far":113.81,"floors":17,"structure":"철근콘크리트구조"},"geometry":{"type":"MultiPolygon","coordinates":[[[[126.926036,35.141943],[126.926046,35.141728],[126.925629,35.14171],[126.925629,35.141682],[126.925591,35.141678],[126.925599,35.141561],[126.925498,35.14156],[126.925486,35.141665],[126.925454,35.141664],[126.92545,35.141693],[126.925026,35.141681],[126.925013,35.14189],[126.926036,35.141943]]]]}},{"type":"Feature","id":"2000193213711824650500000000","properties":{"id":"2000193213711824650500000000","pnu":"1221011800105060000","year":2000,"purpose":"기타","floors":4,"structure":"철근콘크리트구조"},"geometry":{"type":"MultiPolygon","coordinates":[[[[126.926082,35.141384],[126.926627,35.141359],[126.92663,35.141195],[126.92606,35.141215],[126.92606,35.141232],[126.926045,35.141233],[126.926042,35.141315],[126.926075,35.141316],[126.926082,35.141384]]]]}},{"type":"Feature","id":"2000193253081828192700000000","properties":{"id":"2000193253081828192700000000","pnu":"1221011800104210000","year":2000,"purpose":"기타","far":20.969137,"floors":5,"structure":"철근콘크리트구조"},"geometry":{"type":"MultiPolygon","coordinates":[[[[126.926494,35.144291],[126.926807,35.144783],[126.926989,35.14471],[126.926979,35.144687],[126.926997,35.144677],[126.926992,35.144662],[126.927013,35.144646],[126.927007,35.144631],[126.927023,35.144623],[126.926746,35.144185],[126.926494,35.144291]]]]}},{"type":"Feature","id":"2000193318331823639200000000","properties":{"id":"2000193318331823639200000000","pnu":"1221011800104870001","year":2000,"purpose":"기타","far":121.86,"floors":11,"structure":"철근콘크리트구조"},"geometry":{"type":"MultiPolygon","coordinates":[[[[126.927882,35.140925],[126.927779,35.13977],[126.92712,35.139806],[126.927105,35.139808],[126.9271,35.139814],[126.927202,35.140985],[126.927856,35.140946],[126.927874,35.140943],[126.92788,35.140936],[126.927882,35.140925]]]]}},{"type":"Feature","id":"2000193386941822563700000000","properties":{"id":"2000193386941822563700000000","pnu":"1221011800104870001","year":2000,"purpose":"기타","far":88.69,"floors":5,"structure":"철근콘크리트구조"},"geometry":{"type":"MultiPolygon","coordinates":[[[[126.927916,35.139795],[126.928764,35.139616],[126.928715,35.139448],[126.928753,35.139437],[126.928671,35.13918],[126.928635,35.139186],[126.928579,35.139019],[126.927724,35.139202],[126.927768,35.13936],[126.927734,35.13937],[126.927818,35.139643],[126.92786,35.139632],[126.927916,35.139795]]]]}},{"type":"Feature","id":"2000193397771831644200000000","properties":{"id":"2000193397771831644200000000","pnu":"1221010800101250004","year":2000,"purpose":"제2종 근린생활시설","far":363.09,"floors":6,"structure":"철근콘크리트구조"},"geometry":{"type":"MultiPolygon","coordinates":[[[[126.928436,35.147676],[126.928426,35.147599],[126.928416,35.147558],[126.928378,35.147507],[126.928275,35.147504],[126.928247,35.147514],[126.928369,35.147712],[126.928436,35.147676]]]]}},{"type":"Feature","id":"2000193409551829167500000000","properties":{"id":"2000193409551829167500000000","pnu":"1221011100105100014","year":2000,"purpose":"제1종 근린생활시설","far":221.67,"floors":3,"structure":"철근콘크리트구조"},"geometry":{"type":"MultiPolygon","coordinates":[[[[126.928542,35.145385],[126.928494,35.145309],[126.928423,35.145344],[126.92849,35.145406],[126.928518,35.145404],[126.928542,35.145385]]]]}},{"type":"Feature","id":"2000193409821828966600000000","properties":{"id":"2000193409821828966600000000","pnu":"1221011800104220011","year":2000,"purpose":"제2종 근린생활시설","far":59.08,"floors":1,"structure":"경량철골구조"},"geometry":{"type":"MultiPolygon","coordinates":[[[[126.928531,35.145197],[126.928488,35.145134],[126.928439,35.145156],[126.928513,35.145234],[126.928531,35.145197]]]]}},{"type":"Feature","id":"2000193420861830262500000000","properties":{"id":"2000193420861830262500000000","pnu":"1221011100105180012","year":2000,"purpose":"제2종 근린생활시설","far":166.89,"floors":3,"structure":"철근콘크리트구조"},"geometry":{"type":"MultiPolygon","coordinates":[[[[126.928602,35.146436],[126.928702,35.146385],[126.928625,35.146261],[126.928516,35.146309],[126.928602,35.146436]]]]}},{"type":"Feature","id":"2000193432141829033600000000","properties":{"id":"2000193432141829033600000000","pnu":"1221011100105100012","year":2000,"purpose":"제1종 근린생활시설","far":180.89,"floors":4,"structure":"철근콘크리트구조"},"geometry":{"type":"MultiPolygon","coordinates":[[[[126.928788,35.14525],[126.92876,35.145194],[126.928704,35.145216],[126.928688,35.145255],[126.928707,35.145285],[126.928788,35.14525]]]]}},{"type":"Feature","id":"2001192554421828173400000000","properties":{"id":"2001192554421828173400000000","pnu":"1221011200101560001","year":2001,"purpose":"제1종 근린생활시설","far":290.64,"floors":4,"structure":"철근콘크리트구조"},"geometry":{"type":"MultiPolygon","coordinates":[[[[126.919047,35.144398],[126.919029,35.14446],[126.919048,35.144516],[126.919116,35.144529],[126.919132,35.144491],[126.919176,35.144494],[126.91919,35.144415],[126.919047,35.144398]]]]}},{"type":"Feature","id":"2001192561461827662000000000","properties":{"id":"2001192561461827662000000000","pnu":"1221011200101430001","year":2001,"purpose":"제2종 근린생활시설","far":190.23596,"floors":4,"structure":"일반철골구조"},"geometry":{"type":"MultiPolygon","coordinates":[[[[126.919192,35.144056],[126.919256,35.143993],[126.919164,35.143939],[126.919112,35.144001],[126.919192,35.144056]]]]}},{"type":"Feature","id":"2001192628591824162300000000","properties":{"id":"2001192628591824162300000000","pnu":"1221012200101030006","year":2001,"purpose":"제1종 근린생활시설","far":69.46,"floors":3,"structure":"철근콘크리트구조"},"geometry":{"type":"MultiPolygon","coordinates":[[[[126.919937,35.140905],[126.919996,35.140826],[126.919904,35.140782],[126.919849,35.140862],[126.919937,35.140905]]]]}},{"type":"Feature","id":"2001192663161827904500000000","properties":{"id":"2001192663161827904500000000","pnu":"1221011200100980001","year":2001,"purpose":"단독주택","far":140.32,"floors":2,"structure":"철근콘크리트구조"},"geometry":{"type":"MultiPolygon","coordinates":[[[[126.920323,35.144277],[126.920377,35.144213],[126.920265,35.144157],[126.920234,35.144194],[126.920246,35.144203],[126.920225,35.144224],[126.920323,35.144277]]]]}},{"type":"Feature","id":"2001192690791828711500000000","properties":{"id":"2001192690791828711500000000","pnu":"1221011200100310002","year":2001,"purpose":"단독주택","far":220.04,"floors":4,"structure":"일반철골구조"},"geometry":{"type":"MultiPolygon","coordinates":[[[[126.920693,35.144937],[126.92056,35.144879],[126.92055,35.144892],[126.920537,35.144891],[126.920515,35.144923],[126.92053,35.144958],[126.920553,35.144961],[126.920558,35.144979],[126.920639,35.145013],[126.920693,35.144937]]]]}},{"type":"Feature","id":"2001192712831824034000000000","properties":{"id":"2001192712831824034000000000","pnu":"1221012200100690000","year":2001,"purpose":"기타","floors":3,"structure":"철근콘크리트구조"},"geometry":{"type":"MultiPolygon","coordinates":[[[[126.920767,35.140917],[126.921038,35.140613],[126.920929,35.140538],[126.920653,35.140845],[126.920767,35.140917]]]]}},{"type":"Feature","id":"2001192726651823667700000000","properties":{"id":"2001192726651823667700000000","pnu":"1221012200100690000","year":2001,"purpose":"기타","floors":3,"structure":"철근콘크리트구조"},"geometry":{"type":"MultiPolygon","coordinates":[[[[126.920769,35.140337],[126.920839,35.140391],[126.920842,35.140389],[126.921119,35.140561],[126.921195,35.140488],[126.92117,35.140467],[126.921222,35.14041],[126.921151,35.140369],[126.921125,35.140397],[126.920859,35.140235],[126.920769,35.140337]]]]}},{"type":"Feature","id":"2001192768391824067900000000","properties":{"id":"2001192768391824067900000000","pnu":"1221012200100690000","year":2001,"purpose":"기타","floors":3,"structure":"철근콘크리트구조"},"geometry":{"type":"MultiPolygon","coordinates":[[[[126.921485,35.140911],[126.921644,35.140733],[126.921438,35.140609],[126.921264,35.14078],[126.921386,35.14086],[126.921393,35.140853],[126.921485,35.140911]]]]}},{"type":"Feature","id":"2001192820251827471300000000","properties":{"id":"2001192820251827471300000000","pnu":"1221011800101200001","year":2001,"purpose":"단독주택"},"geometry":{"type":"MultiPolygon","coordinates":[[[[126.922037,35.143897],[126.922088,35.143791],[126.922008,35.143758],[126.921956,35.143863],[126.922037,35.143897]]]]}},{"type":"Feature","id":"2001192866451823961300000000","properties":{"id":"2001192866451823961300000000","pnu":"1221012200100080000","year":2001,"purpose":"기타","far":45.568531,"floors":11,"structure":"철근콘크리트구조"},"geometry":{"type":"MultiPolygon","coordinates":[[[[126.922528,35.14094],[126.922635,35.140777],[126.922577,35.140746],[126.922697,35.140585],[126.922772,35.140618],[126.922829,35.140543],[126.922518,35.140396],[126.922403,35.140565],[126.922447,35.14059],[126.922288,35.140831],[126.922365,35.140876],[126.922528,35.14094]]]]}},{"type":"Feature","id":"2001192905501830760300000000","properties":{"id":"2001192905501830760300000000","pnu":"1221011800100420010","year":2001,"purpose":"제2종 근린생활시설","far":184.63,"floors":4,"structure":"철근콘크리트구조"},"geometry":{"type":"MultiPolygon","coordinates":[[[[126.922893,35.146767],[126.922971,35.146845],[126.923013,35.146809],[126.922956,35.146756],[126.922923,35.14675],[126.922893,35.146767]]]]}},{"type":"Feature","id":"2001192943331828056200000000","properties":{"id":"2001192943331828056200000000","pnu":"1221011800100950007","year":2001,"purpose":"단독주택","far":81.93,"floors":2,"structure":"철근콘크리트구조"},"geometry":{"type":"MultiPolygon","coordinates":[[[[126.923416,35.14441],[126.923453,35.144353],[126.923321,35.144302],[126.923293,35.144356],[126.923416,35.14441]]]]}},{"type":"Feature","id":"2001192956141829136300000000","properties":{"id":"2001192956141829136300000000","pnu":"1221011800100280003","purpose":"기타"},"geometry":{"type":"MultiPolygon","coordinates":[[[[126.9235,35.145329],[126.923505,35.145337],[126.923524,35.145329],[126.923519,35.145321],[126.9235,35.145329]]]]}},{"type":"Feature","id":"2001192962071830357000000000","properties":{"id":"2001192962071830357000000000","pnu":"1221011800100310009","year":2001,"purpose":"기타","far":297.41,"floors":15,"structure":"철근콘크리트구조"},"geometry":{"type":"MultiPolygon","coordinates":[[[[126.923123,35.146372],[126.92328,35.146498],[126.923307,35.146548],[126.923411,35.146665],[126.92341,35.146833],[126.923545,35.146748],[126.92359,35.146785],[126.923984,35.146519],[126.923949,35.146464],[126.923992,35.146421],[126.923591,35.146041],[126.923123,35.146372]]]]}},{"type":"Feature","id":"2001192965401829181700000000","properties":{"id":"2001192965401829181700000000","pnu":"1221011800100280003","year":2001,"purpose":"단독주택"},"geometry":{"type":"MultiPolygon","coordinates":[[[[126.923597,35.145468],[126.923701,35.145402],[126.92371,35.145379],[126.923642,35.14528],[126.923506,35.145339],[126.923597,35.145468]]]]}},{"type":"Feature","id":"2001192974421829940900000000","properties":{"id":"2001192974421829940900000000","pnu":"1221011800100310009","year":2001,"purpose":"기타","far":297.41,"floors":15,"structure":"철근콘크리트구조"},"geometry":{"type":"MultiPolygon","coordinates":[[[[126.923773,35.145981],[126.923752,35.145957],[126.923621,35.146052],[126.92374,35.146165],[126.923773,35.145981]]]]}},{"type":"Feature","id":"2001192979151829404800000000","properties":{"id":"2001192979151829404800000000","pnu":"1221011800100280000","year":2001,"purpose":"단독주택"},"geometry":{"type":"MultiPolygon","coordinates":[[[[126.923778,35.145666],[126.923875,35.14556],[126.923753,35.145475],[126.923652,35.145586],[126.923778,35.145666]]]]}},{"type":"Feature","id":"2001193002661829059600000000","properties":{"id":"2001193002661829059600000000","pnu":"1221011800100260005","year":2001,"purpose":"단독주택","far":178.08,"floors":3,"structure":"철근콘크리트구조"},"geometry":{"type":"MultiPolygon","coordinates":[[[[126.92395,35.145323],[126.924137,35.145254],[126.924136,35.145241],[126.924068,35.145201],[126.923948,35.145248],[126.923918,35.145296],[126.92395,35.145323]]]]}},{"type":"Feature","id":"2001193003001821804000000000","properties":{"id":"2001193003001821804000000000","pnu":"1221012200100440018","year":2001,"purpose":"제1종 근린생활시설","far":136.02,"floors":5,"structure":"철근콘크리트구조"},"geometry":{"type":"MultiPolygon","coordinates":[[[[126.923922,35.13876],[126.924022,35.138822],[126.924141,35.138682],[126.924046,35.138618],[126.923922,35.13876]]]]}},{"type":"Feature","id":"2001193027131829129800000000","properties":{"id":"2001193027131829129800000000","pnu":"1221011800100260002","year":2001,"purpose":"단독주택","far":199.9,"floors":3,"structure":"철근콘크리트구조"},"geometry":{"type":"MultiPolygon","coordinates":[[[[126.92425,35.145286],[126.924265,35.14531],[126.924184,35.145343],[126.92422,35.145386],[126.924275,35.145384],[126.924377,35.145331],[126.924358,35.145304],[126.924358,35.145291],[126.924376,35.14528],[126.92435,35.145246],[126.92425,35.145286]]]]}},{"type":"Feature","id":"2001193034231826340600000000","properties":{"id":"2001193034231826340600000000","pnu":"1221011800104730013","year":2001,"purpose":"단독주택","far":129.16,"floors":3,"structure":"철근콘크리트구조"},"geometry":{"type":"MultiPolygon","coordinates":[[[[126.924298,35.142817],[126.924337,35.142862],[126.924445,35.1428],[126.924413,35.142761],[126.924393,35.142773],[126.924387,35.142767],[126.924298,35.142817]]]]}},{"type":"Feature","id":"2001193037181826442300000000","properties":{"id":"2001193037181826442300000000","pnu":"1221011800104730008","year":2001,"purpose":"단독주택","far":144.9,"floors":3,"structure":"철근콘크리트구조"},"geometry":{"type":"MultiPolygon","coordinates":[[[[126.92438,35.142993],[126.924442,35.14295],[126.924432,35.142935],[126.92449,35.142894],[126.924422,35.14282],[126.924328,35.14287],[126.924368,35.142929],[126.924339,35.14295],[126.92438,35.142993]]]]}},{"type":"Feature","id":"2001193041141821332200000000","properties":{"id":"2001193041141821332200000000","pnu":"1221012200100290010","year":2001,"purpose":"공동주택","far":312.82,"floors":4,"structure":"철근콘크리트구조"},"geometry":{"type":"MultiPolygon","coordinates":[[[[126.924473,35.138362],[126.924528,35.138302],[126.924432,35.138232],[126.924372,35.138285],[126.924473,35.138362]]]]}},{"type":"Feature","id":"2001193045161824939200000000","properties":{"id":"2001193045161824939200000000","pnu":"1221012200105240003","year":2001,"purpose":"단독주택","far":197.06,"floors":3,"structure":"철근콘크리트구조"},"geometry":{"type":"MultiPolygon","coordinates":[[[[126.924474,35.141656],[126.924533,35.141602],[126.924591,35.141618],[126.924622,35.141547],[126.924578,35.141535],[126.924541,35.141503],[126.924421,35.141441],[126.924382,35.141502],[126.924474,35.141656]]]]}},{"type":"Feature","id":"2001193047331827819600000000","properties":{"id":"2001193047331827819600000000","pnu":"1221011800104680004","year":2001,"purpose":"제2종 근린생활시설","far":118.81,"floors":2,"structure":"철근콘크리트구조"},"geometry":{"type":"MultiPolygon","coordinates":[[[[126.924514,35.144183],[126.924565,35.144141],[126.924513,35.144102],[126.924462,35.144147],[126.924514,35.144183]]]]}},{"type":"Feature","id":"2001193051611826620200000000","properties":{"id":"2001193051611826620200000000","pnu":"1221011800104730019","year":2001,"purpose":"단독주택","far":138.74,"floors":3,"structure":"철근콘크리트구조"},"geometry":{"type":"MultiPolygon","coordinates":[[[[126.92463,35.14308],[126.924573,35.143009],[126.92455,35.143005],[126.924488,35.143051],[126.924572,35.143123],[126.92463,35.14308]]]]}},{"type":"Feature","id":"2001193116311831947700000000","properties":{"id":"2001193116311831947700000000","pnu":"1221010800101430082","year":2001,"purpose":"단독주택","far":216.95,"floors":4,"structure":"철근콘크리트구조"},"geometry":{"type":"MultiPolygon","coordinates":[[[[126.925184,35.147902],[126.925188,35.147912],[126.925245,35.1479],[126.92534,35.147848],[126.925305,35.147811],[126.925184,35.147902]]]]}},{"type":"Feature","id":"2001193152091828867800000000","properties":{"id":"2001193152091828867800000000","pnu":"1221011800100210033","year":2001,"purpose":"단독주택","far":107.33,"floors":2,"structure":"철근콘크리트구조"},"geometry":{"type":"MultiPolygon","coordinates":[[[[126.925652,35.145135],[126.925716,35.145098],[126.925676,35.145044],[126.925607,35.145076],[126.925652,35.145135]]]]}},{"type":"Feature","id":"2001193169991831565300000000","properties":{"id":"2001193169991831565300000000","pnu":"1221010800101390013","year":2001,"purpose":"단독주택","far":165.16,"floors":3,"structure":"철근콘크리트구조"},"geometry":{"type":"MultiPolygon","coordinates":[[[[126.925871,35.147571],[126.92589,35.147571],[126.92591,35.147538],[126.925846,35.147464],[126.925796,35.147503],[126.925871,35.147571]]]]}},{"type":"Feature","id":"2001193180501829385700000000","properties":{"id":"2001193180501829385700000000","pnu":"1221011800100070005","year":2001,"purpose":"기타","floors":3,"structure":"철근콘크리트구조"},"geometry":{"type":"MultiPolygon","coordinates":[[[[126.925901,35.145667],[126.926137,35.145575],[126.926099,35.145511],[126.926085,35.145514],[126.92603,35.145447],[126.925817,35.14553],[126.925901,35.145667]]]]}},{"type":"Feature","id":"2001193202681831299100000000","properties":{"id":"2001193202681831299100000000","pnu":"1221010800101390011","year":2001,"purpose":"단독주택"},"geometry":{"type":"MultiPolygon","coordinates":[[[[126.926331,35.147334],[126.92626,35.147224],[126.926218,35.147185],[126.926176,35.14721],[126.926184,35.147222],[126.926081,35.147287],[126.92614,35.147317],[126.926236,35.147344],[126.926294,35.14735],[126.926331,35.147334]]]]}},{"type":"Feature","id":"2001193244811831167700000000","properties":{"id":"2001193244811831167700000000","pnu":"1221010800101370002","year":2001,"purpose":"제2종 근린생활시설","far":185.65,"floors":5,"structure":"철근콘크리트구조"},"geometry":{"type":"MultiPolygon","coordinates":[[[[126.926759,35.147217],[126.926665,35.147076],[126.926594,35.147107],[126.926697,35.147252],[126.926759,35.147217]]]]}},{"type":"Feature","id":"2001193254551831122100000000","properties":{"id":"2001193254551831122100000000","pnu":"1221010800101370009","year":2001,"purpose":"제2종 근린생활시설","far":157.02,"floors":4,"structure":"철근콘크리트구조"},"geometry":{"type":"MultiPolygon","coordinates":[[[[126.926878,35.14716],[126.926841,35.147102],[126.926821,35.147111],[126.92677,35.147058],[126.926741,35.147039],[126.926692,35.147059],[126.926792,35.147203],[126.926878,35.14716]]]]}},{"type":"Feature","id":"2001193293941827993600000000","properties":{"id":"2001193293941827993600000000","pnu":"1221011800104210000","year":2001,"purpose":"기타","far":39.409772,"floors":6,"structure":"철근콘크리트구조"},"geometry":{"type":"MultiPolygon","coordinates":[[[[126.927355,35.144559],[126.927277,35.144447],[126.927456,35.144366],[126.927216,35.143984],[126.927013,35.144067],[126.927215,35.144392],[126.926948,35.144496],[126.926984,35.144541],[126.927115,35.144486],[126.927198,35.144624],[126.927355,35.144559]]]]}},{"type":"Feature","id":"2001193362171829267300000000","properties":{"id":"2001193362171829267300000000","pnu":"1221011800104240001","year":2001,"purpose":"단독주택","far":104.31,"floors":2,"structure":"철근콘크리트구조"},"geometry":{"type":"MultiPolygon","coordinates":[[[[126.927918,35.145508],[126.928049,35.14545],[126.928014,35.145397],[126.927997,35.145401],[126.927992,35.145398],[126.927927,35.145428],[126.92793,35.145439],[126.927887,35.145459],[126.927918,35.145508]]]]}},{"type":"Feature","id":"2001193369791827816000000000","properties":{"id":"2001193369791827816000000000","pnu":"1221011800104210000","purpose":"기타","far":1.9228084,"structure":"철근콘크리트구조"},"geometry":{"type":"MultiPolygon","coordinates":[[[[126.927858,35.144084],[126.927881,35.144233],[126.927914,35.144232],[126.927916,35.144243],[126.927952,35.144241],[126.927952,35.144228],[126.928249,35.144197],[126.928226,35.144048],[126.927858,35.144084]]]]}},{"type":"Feature","id":"2001193391221828841400000000","properties":{"id":"2001193391221828841400000000","pnu":"1221011800104220009","year":2001,"purpose":"단독주택","far":91.2,"floors":2,"structure":"벽돌구조"},"geometry":{"type":"MultiPolygon","coordinates":[[[[126.928364,35.145091],[126.928247,35.145008],[126.928212,35.145039],[126.928316,35.145123],[126.928364,35.145091]]]]}},{"type":"Feature","id":"2001193417281829121900000000","properties":{"id":"2001193417281829121900000000","pnu":"1221011100105100013","year":2001,"purpose":"제2종 근린생활시설","far":119.64,"floors":2,"structure":"철골콘크리트구조"},"geometry":{"type":"MultiPolygon","coordinates":[[[[126.928636,35.145335],[126.928636,35.145331],[126.928599,35.145275],[126.928579,35.145271],[126.928507,35.145305],[126.928552,35.145372],[126.928636,35.145335]]]]}},{"type":"Feature","id":"2001193428061828942800000000","properties":{"id":"2001193428061828942800000000","pnu":"1221011100105100015","year":2001,"purpose":"제2종 근린생활시설","far":117.6,"floors":2,"structure":"철근콘크리트구조"},"geometry":{"type":"MultiPolygon","coordinates":[[[[126.928653,35.145164],[126.928662,35.145177],[126.928681,35.145176],[126.928726,35.145156],[126.92871,35.145133],[126.928653,35.145164]]]]}},{"type":"Feature","id":"2001193435681828887400000000","properties":{"id":"2001193435681828887400000000","pnu":"1221011800104220019","year":2001,"purpose":"단독주택","far":178.72,"floors":3,"structure":"철근콘크리트구조"},"geometry":{"type":"MultiPolygon","coordinates":[[[[126.928722,35.145105],[126.928746,35.145144],[126.928816,35.145114],[126.928822,35.145088],[126.928812,35.145072],[126.928749,35.145099],[126.928744,35.145091],[126.928722,35.145105]]]]}},{"type":"Feature","id":"2001193445541828975500000000","properties":{"id":"2001193445541828975500000000","pnu":"1221011100105100002","year":2001,"purpose":"제2종 근린생활시설","far":59.22,"floors":1,"structure":"경량철골구조"},"geometry":{"type":"MultiPolygon","coordinates":[[[[126.928822,35.145261],[126.929012,35.145173],[126.928913,35.145122],[126.928774,35.145188],[126.928822,35.145261]]]]}},{"type":"Feature","id":"2002192548201823773500000000","properties":{"id":"2002192548201823773500000000","pnu":"1221012200100950007","year":2002,"purpose":"숙박시설"},"geometry":{"type":"MultiPolygon","coordinates":[[[[126.919069,35.140592],[126.919166,35.140496],[126.919006,35.140394],[126.918916,35.140486],[126.919069,35.140592]]]]}},{"type":"Feature","id":"2002192567671825051300000000","properties":{"id":"2002192567671825051300000000","pnu":"1221012200101510002","year":2002,"purpose":"제2종 근린생활시설","far":180.68,"floors":3,"structure":"일반철골구조"},"geometry":{"type":"MultiPolygon","coordinates":[[[[126.919121,35.141659],[126.919266,35.141753],[126.919376,35.141639],[126.919307,35.141588],[126.91932,35.141576],[126.919257,35.141531],[126.919121,35.141659]]]]}},{"type":"Feature","id":"2002192598331826496700000000","properties":{"id":"2002192598331826496700000000","pnu":"1221011400101690003","year":2002,"purpose":"공동주택","far":294.1,"floors":4,"structure":"철근콘크리트구조"},"geometry":{"type":"MultiPolygon","coordinates":[[[[126.919579,35.14301],[126.919662,35.142918],[126.919604,35.142889],[126.919577,35.142919],[126.919564,35.142915],[126.919514,35.142964],[126.919579,35.14301]]]]}},{"type":"Feature","id":"2002192599821823290200000000","properties":{"id":"2002192599821823290200000000","pnu":"1221012200100730014","year":2002,"purpose":"단독주택","far":282.34,"floors":4,"structure":"철근콘크리트구조"},"geometry":{"type":"MultiPolygon","coordinates":[[[[126.919642,35.140106],[126.919671,35.140067],[126.919573,35.14001],[126.91954,35.140043],[126.919642,35.140106]]]]}},{"type":"Feature","id":"2002192604071823785400000000","properties":{"id":"2002192604071823785400000000","pnu":"1221012200100930002","year":2002,"purpose":"숙박시설","far":276.03,"floors":5,"structure":"철근콘크리트구조"},"geometry":{"type":"MultiPolygon","coordinates":[[[[126.919634,35.140386],[126.919538,35.140455],[126.919536,35.140469],[126.919704,35.140626],[126.919713,35.140627],[126.919752,35.140598],[126.919747,35.140594],[126.91978,35.140571],[126.919741,35.140535],[126.919712,35.140557],[126.919685,35.140532],[126.919693,35.140511],[126.91971,35.140499],[126.919695,35.140486],[126.919716,35.140471],[126.919699,35.140455],[126.919704,35.140452],[126.919634,35.140386]]]]}},{"type":"Feature","id":"2002192627721826264700000000","properties":{"id":"2002192627721826264700000000","pnu":"1221011400101750000","year":2002,"purpose":"숙박시설","far":441.82,"floors":6,"structure":"철근콘크리트구조"},"geometry":{"type":"MultiPolygon","coordinates":[[[[126.919917,35.142828],[126.920012,35.142731],[126.919882,35.142646],[126.919836,35.142693],[126.919871,35.142717],[126.919819,35.142765],[126.919917,35.142828]]]]}},{"type":"Feature","id":"2002192652241827326700000000","properties":{"id":"2002192652241827326700000000","pnu":"1221011200101020002","year":2002,"purpose":"제2종 근린생활시설"},"geometry":{"type":"MultiPolygon","coordinates":[[[[126.920186,35.143759],[126.920248,35.143668],[126.920177,35.143633],[126.920106,35.143719],[126.920186,35.143759]]]]}},{"type":"Feature","id":"2002192768871827754400000000","properties":{"id":"2002192768871827754400000000","pnu":"1221011200100620000","year":2002,"purpose":"제1종 근린생활시설","far":285.81,"floors":5,"structure":"철근콘크리트구조"},"geometry":{"type":"MultiPolygon","coordinates":[[[[126.921585,35.144035],[126.921354,35.143967],[126.921332,35.144016],[126.921396,35.144165],[126.921534,35.144204],[126.921585,35.144035]]]]}},{"type":"Feature","id":"2002192832241825053400000000","properties":{"id":"2002192832241825053400000000","pnu":"1221011600100870001","year":2002,"purpose":"숙박시설","far":355.78,"floors":6,"structure":"철근콘크리트구조"},"geometry":{"type":"MultiPolygon","coordinates":[[[[126.92209,35.14165],[126.922192,35.141689],[126.922222,35.141645],[126.922118,35.141608],[126.92209,35.14165]]]]}},{"type":"Feature","id":"2002192846921827222200000000","properties":{"id":"2002192846921827222200000000","pnu":"1221011800101230003","year":2002,"purpose":"단독주택"},"geometry":{"type":"MultiPolygon","coordinates":[[[[126.922363,35.143645],[126.922384,35.143595],[126.922269,35.143559],[126.922247,35.143615],[126.922363,35.143645]]]]}},{"type":"Feature","id":"2002192863881831439100000000","properties":{"id":"2002192863881831439100000000","pnu":"1221010700101010020","year":2002,"purpose":"제2종 근린생활시설"},"geometry":{"type":"MultiPolygon","coordinates":[[[[126.922425,35.147483],[126.922588,35.147488],[126.922589,35.147389],[126.922516,35.147358],[126.922516,35.147301],[126.922427,35.147296],[126.922425,35.147483]]]]}},{"type":"Feature","id":"2002192880591831492900000000","properties":{"id":"2002192880591831492900000000","pnu":"1221010700101010057","year":2002,"purpose":"단독주택","far":196.31,"floors":4,"structure":"철근콘크리트구조"},"geometry":{"type":"MultiPolygon","coordinates":[[[[126.922657,35.147553],[126.922719,35.147499],[126.922709,35.147491],[126.922787,35.14742],[126.922695,35.147353],[126.922625,35.14741],[126.922651,35.147436],[126.922575,35.147499],[126.922657,35.147553]]]]}},{"type":"Feature","id":"2002192914751828374300000000","properties":{"id":"2002192914751828374300000000","pnu":"1221011800100930006","year":2002,"purpose":"공동주택","far":200.15,"floors":4,"structure":"철근콘크리트구조"},"geometry":{"type":"MultiPolygon","coordinates":[[[[126.923152,35.144679],[126.923019,35.144565],[126.922967,35.144608],[126.923095,35.144717],[126.923152,35.144679]]]]}},{"type":"Feature","id":"2002192957651827686400000000","properties":{"id":"2002192957651827686400000000","pnu":"1221011800100970030","year":2002,"purpose":"단독주택","far":156.51,"floors":3,"structure":"철근콘크리트구조"},"geometry":{"type":"MultiPolygon","coordinates":[[[[126.923546,35.144077],[126.923586,35.144],[126.923511,35.143972],[126.923472,35.144038],[126.923546,35.144077]]]]}},{"type":"Feature","id":"2002192964331827796700000000","properties":{"id":"2002192964331827796700000000","pnu":"1221011800100950000","year":2002,"purpose":"단독주택","far":179.34,"floors":3,"structure":"철근콘크리트구조"},"geometry":{"type":"MultiPolygon","coordinates":[[[[126.923601,35.144212],[126.923691,35.144074],[126.923598,35.144032],[126.923545,35.144125],[126.923519,35.144175],[126.923601,35.144212]]]]}},{"type":"Feature","id":"2002192966071827042700000000","properties":{"id":"2002192966071827042700000000","pnu":"1221011800104700042","year":2002,"purpose":"단독주택","far":175.38,"floors":3,"structure":"철근콘크리트구조"},"geometry":{"type":"MultiPolygon","coordinates":[[[[126.923586,35.143507],[126.923708,35.143458],[126.923661,35.143374],[126.923535,35.143431],[126.923586,35.143507]]]]}},{"type":"Feature","id":"2002192998471829276400000000","properties":{"id":"2002192998471829276400000000","pnu":"1221011800100280001","year":2002,"purpose":"공동주택","far":235.57,"floors":4,"structure":"철근콘크리트구조"},"geometry":{"type":"MultiPolygon","coordinates":[[[[126.924073,35.145458],[126.924002,35.145386],[126.923876,35.145468],[126.923923,35.145518],[126.923997,35.145477],[126.924017,35.145502],[126.924073,35.145458]]]]}},{"type":"Feature","id":"2002193004931821553500000000","properties":{"id":"2002193004931821553500000000","pnu":"1221012200100440012","year":2002,"purpose":"단독주택","far":224.11,"floors":3,"structure":"철근콘크리트구조"},"geometry":{"type":"MultiPolygon","coordinates":[[[[126.924131,35.138484],[126.924046,35.138431],[126.923979,35.138508],[126.924055,35.138558],[126.924131,35.138484]]]]}},{"type":"Feature","id":"2002193015141826866600000000","properties":{"id":"2002193015141826866600000000","pnu":"1221011800104720013","year":2002,"purpose":"단독주택"},"geometry":{"type":"MultiPolygon","coordinates":[[[[126.924201,35.143364],[126.92423,35.143329],[126.924147,35.143204],[126.924087,35.14326],[126.924201,35.143364]]]]}},{"type":"Feature","id":"2002193054901824709100000000","properties":{"id":"2002193054901824709100000000","pnu":"1221012200105240012","year":2002,"purpose":"공동주택","far":182.16,"floors":4,"structure":"철근콘크리트구조"},"geometry":{"type":"MultiPolygon","coordinates":[[[[126.924652,35.141413],[126.924683,35.141361],[126.924656,35.14135],[126.924656,35.141333],[126.924646,35.141326],[126.924646,35.141315],[126.92463,35.141305],[126.924625,35.141288],[126.92461,35.141276],[126.924595,35.14127],[126.924567,35.141266],[126.924514,35.141352],[126.924652,35.141413]]]]}},{"type":"Feature","id":"2002193063461829675700000000","properties":{"id":"2002193063461829675700000000","pnu":"1221011800100200000","year":2002,"purpose":"단독주택","far":167.39,"floors":4,"structure":"철근콘크리트구조"},"geometry":{"type":"MultiPolygon","coordinates":[[[[126.92458,35.145778],[126.924687,35.14592],[126.924754,35.145885],[126.924782,35.145826],[126.924702,35.145717],[126.92458,35.145778]]]]}},{"type":"Feature","id":"2002193067971827054100000000","properties":{"id":"2002193067971827054100000000","pnu":"1221011800104710014","year":2002,"purpose":"단독주택","far":178.51,"floors":3,"structure":"철근콘크리트구조"},"geometry":{"type":"MultiPolygon","coordinates":[[[[126.92473,35.143528],[126.924816,35.143474],[126.924755,35.14338],[126.924664,35.143431],[126.92473,35.143528]]]]}},{"type":"Feature","id":"2002193068021827501200000000","properties":{"id":"2002193068021827501200000000","pnu":"1221011800104710001","year":2002,"purpose":"단독주택","far":169.84,"floors":3,"structure":"철근콘크리트구조"},"geometry":{"type":"MultiPolygon","coordinates":[[[[126.924647,35.143844],[126.924781,35.143927],[126.924835,35.143868],[126.924701,35.143785],[126.924647,35.143844]]]]}},{"type":"Feature","id":"2002193086821821721300000000","properties":{"id":"2002193086821821721300000000","pnu":"1221012200100300000","year":2002,"purpose":"단독주택","far":212.8,"floors":3,"structure":"철근콘크리트구조"},"geometry":{"type":"MultiPolygon","coordinates":[[[[126.925,35.138716],[126.925013,35.138721],[126.925081,35.138653],[126.925,35.138622],[126.924869,35.13857],[126.924831,35.138642],[126.924933,35.138677],[126.92493,35.138689],[126.925,35.138716]]]]}},{"type":"Feature","id":"2002193107201824486300000000","properties":{"id":"2002193107201824486300000000","pnu":"1221012200105150015","year":2002,"purpose":"단독주택","far":103.96,"floors":2,"structure":"벽돌구조"},"geometry":{"type":"MultiPolygon","coordinates":[[[[126.925236,35.141179],[126.925253,35.141131],[126.925116,35.141096],[126.925095,35.14115],[126.925236,35.141179]]]]}},{"type":"Feature","id":"2002193116441828869900000000","properties":{"id":"2002193116441828869900000000","pnu":"1221011800100210006","year":2002,"purpose":"단독주택","far":127.18,"floors":3,"structure":"철근콘크리트구조"},"geometry":{"type":"MultiPolygon","coordinates":[[[[126.925268,35.145173],[126.925303,35.145159],[126.925315,35.145176],[126.925412,35.14512],[126.925362,35.14506],[126.925321,35.145082],[126.925212,35.144987],[126.92514,35.145049],[126.925268,35.145173]]]]}},{"type":"Feature","id":"2002193189441825045000000000","properties":{"id":"2002193189441825045000000000","pnu":"1221011800105060000","purpose":"기타","structure":"철근콘크리트구조"},"geometry":{"type":"MultiPolygon","coordinates":[[[[126.926106,35.141608],[126.926051,35.141605],[126.926044,35.141678],[126.9261,35.141682],[126.926106,35.141608]]]]}},{"type":"Feature","id":"2002193190801831465400000000","properties":{"id":"2002193190801831465400000000","pnu":"1221010800101400002","year":2002,"purpose":"단독주택","far":165.79,"floors":3,"structure":"철근콘크리트구조"},"geometry":{"type":"MultiPolygon","coordinates":[[[[126.926185,35.147388],[126.926021,35.147353],[126.925985,35.147473],[126.92615,35.147506],[126.926185,35.147388]]]]}},{"type":"Feature","id":"2002193193291831893600000000","properties":{"id":"2002193193291831893600000000","pnu":"1221010800101400006","year":2002,"purpose":"단독주택","far":52.8,"floors":2,"structure":"철근콘크리트구조"},"geometry":{"type":"MultiPolygon","coordinates":[[[[126.926058,35.147857],[126.926169,35.147852],[126.926169,35.147778],[126.926054,35.147778],[126.926058,35.147857]]]]}},{"type":"Feature","id":"2002193221211829708100000000","properties":{"id":"2002193221211829708100000000","pnu":"1221011800100060003","year":2002,"purpose":"단독주택","far":190.98,"floors":4,"structure":"철근콘크리트구조"},"geometry":{"type":"MultiPolygon","coordinates":[[[[126.926435,35.145911],[126.926487,35.145864],[126.926454,35.145805],[126.926411,35.145781],[126.926343,35.145848],[126.926435,35.145911]]]]}},{"type":"Feature","id":"2002193255591830309800000000","properties":{"id":"2002193255591830309800000000","pnu":"1221011800100050011","year":2002,"purpose":"단독주택","far":173.82,"floors":3,"structure":"철근콘크리트구조"},"geometry":{"type":"MultiPolygon","coordinates":[[[[126.926752,35.146391],[126.92681,35.146432],[126.926837,35.1464],[126.92683,35.146393],[126.926819,35.146384],[126.926819,35.146368],[126.926812,35.146352],[126.926796,35.146345],[126.926752,35.146391]]]]}},{"type":"Feature","id":"2002193276301831325500000000","properties":{"id":"2002193276301831325500000000","pnu":"1221010800101370000","year":2002,"purpose":"단독주택"},"geometry":{"type":"MultiPolygon","coordinates":[[[[126.92707,35.147384],[126.927133,35.147268],[126.927043,35.14723],[126.926922,35.147284],[126.926901,35.147329],[126.92707,35.147384]]]]}},{"type":"Feature","id":"2002193342711828958100000000","properties":{"id":"2002193342711828958100000000","pnu":"1221011800104240007","year":2002,"purpose":"단독주택","far":58.49,"floors":1,"structure":"벽돌구조"},"geometry":{"type":"MultiPolygon","coordinates":[[[[126.927762,35.14523],[126.927821,35.145168],[126.927766,35.14512],[126.927733,35.145136],[126.927726,35.145132],[126.927682,35.145165],[126.927762,35.14523]]]]}},{"type":"Feature","id":"2002193384691828785400000000","properties":{"id":"2002193384691828785400000000","pnu":"1221011800104220010","year":2002,"purpose":"단독주택","far":156.08,"floors":3,"structure":"벽돌구조"},"geometry":{"type":"MultiPolygon","coordinates":[[[[126.928194,35.145058],[126.928194,35.145058],[126.928267,35.145001],[126.928235,35.144973],[126.928162,35.14503],[126.928194,35.145058]]]]}},{"type":"Feature","id":"2002193391921831390800000000","properties":{"id":"2002193391921831390800000000","pnu":"1221010800101240016","year":2002,"purpose":"제2종 근린생활시설"},"geometry":{"type":"MultiPolygon","coordinates":[[[[126.928238,35.14731],[126.928231,35.147347],[126.928222,35.147346],[126.92822,35.147406],[126.92836,35.147408],[126.928368,35.147333],[126.928238,35.14731]]]]}},{"type":"Feature","id":"2002193392251831270500000000","properties":{"id":"2002193392251831270500000000","pnu":"1221010800101240015","year":2002,"purpose":"제2종 근린생활시설","far":223.95,"floors":4,"structure":"철근콘크리트구조"},"geometry":{"type":"MultiPolygon","coordinates":[[[[126.928238,35.147309],[126.928307,35.147321],[126.928321,35.147269],[126.928353,35.147275],[126.928363,35.147235],[126.928356,35.147234],[126.928361,35.147215],[126.928259,35.147197],[126.928238,35.147309]]]]}},{"type":"Feature","id":"2002193392751831031600000000","properties":{"id":"2002193392751831031600000000","pnu":"1221010800101170002","year":2002,"purpose":"제2종 근린생활시설","far":309.52,"floors":8,"structure":"일반철골구조"},"geometry":{"type":"MultiPolygon","coordinates":[[[[126.928293,35.146955],[126.928262,35.14705],[126.928229,35.147043],[126.928213,35.147092],[126.928329,35.147117],[126.928375,35.146973],[126.928293,35.146955]]]]}},{"type":"Feature","id":"2002193398421830860100000000","properties":{"id":"2002193398421830860100000000","pnu":"1221010800101170016","year":2002,"purpose":"제2종 근린생활시설","far":212.55,"floors":4,"structure":"일반철골구조"},"geometry":{"type":"MultiPolygon","coordinates":[[[[126.928303,35.146919],[126.928414,35.146946],[126.928444,35.146865],[126.92829,35.146827],[126.928278,35.146862],[126.92832,35.146873],[126.928303,35.146919]]]]}},{"type":"Feature","id":"2002193399441831163500000000","properties":{"id":"2002193399441831163500000000","pnu":"1221010800101240014","year":2002,"purpose":"제2종 근린생활시설","far":252.8,"floors":6,"structure":"일반철골구조"},"geometry":{"type":"MultiPolygon","coordinates":[[[[126.928259,35.147184],[126.928465,35.147205],[126.928471,35.147169],[126.928489,35.147171],[126.928495,35.147135],[126.928281,35.147114],[126.928277,35.147143],[126.928265,35.147142],[126.928259,35.147184]]]]}},{"type":"Feature","id":"2002193404031831041800000000","properties":{"id":"2002193404031831041800000000","pnu":"1221010800101170015","year":2002,"purpose":"제2종 근린생활시설","far":271.84,"floors":8,"structure":"일반철골구조"},"geometry":{"type":"MultiPolygon","coordinates":[[[[126.928461,35.147114],[126.928496,35.146989],[126.928414,35.146973],[126.928392,35.147051],[126.928356,35.147044],[126.92834,35.1471],[126.928461,35.147114]]]]}},{"type":"Feature","id":"2002193413021821663400000000","properties":{"id":"2002193413021821663400000000","pnu":"1221011800102800000","year":2002,"purpose":"기타","far":0.53,"floors":1,"structure":"철근콘크리트구조"},"geometry":{"type":"MultiPolygon","coordinates":[[[[126.928464,35.138659],[126.928539,35.138681],[126.928599,35.138531],[126.928522,35.138515],[126.928464,35.138659]]]]}},{"type":"Feature","id":"2002193414941831402700000000","properties":{"id":"2002193414941831402700000000","pnu":"1221010800101240002","year":2002,"purpose":"제2종 근린생활시설","far":204.28,"floors":4,"structure":"철근콘크리트구조"},"geometry":{"type":"MultiPolygon","coordinates":[[[[126.928596,35.147442],[126.928606,35.147326],[126.928475,35.147317],[126.928474,35.147357],[126.928483,35.147357],[126.928483,35.147396],[126.928516,35.147396],[126.928517,35.147441],[126.928596,35.147442]]]]}},{"type":"Feature","id":"2002193417661831587300000000","properties":{"id":"2002193417661831587300000000","pnu":"1221010800101240001","year":2002,"purpose":"제2종 근린생활시설"},"geometry":{"type":"MultiPolygon","coordinates":[[[[126.928647,35.147604],[126.92861,35.147485],[126.928506,35.147479],[126.928507,35.14755],[126.928525,35.147569],[126.928554,35.147569],[126.928588,35.147618],[126.928647,35.147604]]]]}},{"type":"Feature","id":"2002193417801831238400000000","properties":{"id":"2002193417801831238400000000","pnu":"1221010800101240003","year":2002,"purpose":"제2종 근린생활시설","far":182.32,"floors":4,"structure":"철근콘크리트구조"},"geometry":{"type":"MultiPolygon","coordinates":[[[[126.928604,35.147306],[126.928657,35.147201],[126.928613,35.147187],[126.928613,35.147179],[126.928523,35.147158],[126.9285,35.147181],[126.928495,35.147206],[126.92855,35.147232],[126.928532,35.147279],[126.928577,35.147306],[126.928604,35.147306]]]]}},{"type":"Feature","id":"2002193439061830924700000000","properties":{"id":"2002193439061830924700000000","pnu":"1221010800101170011","year":2002,"purpose":"단독주택","far":129.89,"floors":2,"structure":"철근콘크리트구조"},"geometry":{"type":"MultiPolygon","coordinates":[[[[126.928884,35.146956],[126.928802,35.146883],[126.928741,35.146932],[126.928783,35.146989],[126.928805,35.146982],[126.928827,35.147],[126.928884,35.146956]]]]}},{"type":"Feature","id":"2003192564231823270900000000","properties":{"id":"2003192564231823270900000000","pnu":"1221012200100920016","year":2003,"purpose":"숙박시설"},"geometry":{"type":"MultiPolygon","coordinates":[[[[126.91917,35.139931],[126.919083,35.140034],[126.919126,35.140058],[126.919119,35.140067],[126.919263,35.140148],[126.919344,35.140052],[126.919321,35.140039],[126.919334,35.140024],[126.91917,35.139931]]]]}},{"type":"Feature","id":"2003192580021824916400000000","properties":{"id":"2003192580021824916400000000","pnu":"1221012200101510004","year":2003,"purpose":"단독주택","far":261.785,"floors":4,"structure":"철근콘크리트구조"},"geometry":{"type":"MultiPolygon","coordinates":[[[[126.919357,35.141429],[126.919292,35.141506],[126.919355,35.141548],[126.919346,35.141569],[126.919366,35.141582],[126.919344,35.141605],[126.919383,35.141629],[126.919491,35.141514],[126.919357,35.141429]]]]}},{"type":"Feature","id":"2003192593481823136400000000","properties":{"id":"2003192593481823136400000000","pnu":"1221012200100730003","year":2003,"purpose":"숙박시설","far":254.01235,"floors":6,"structure":"철근콘크리트구조"},"geometry":{"type":"MultiPolygon","coordinates":[[[[126.919664,35.139874],[126.919549,35.139809],[126.919408,35.139957],[126.919534,35.140029],[126.919664,35.139874]]]]}},{"type":"Feature","id":"2003192600371825050800000000","properties":{"id":"2003192600371825050800000000","pnu":"1221012200101510001","year":2003,"purpose":"제1종 근린생활시설","far":264.11733,"floors":4,"structure":"일반철골구조"},"geometry":{"type":"MultiPolygon","coordinates":[[[[126.919662,35.141797],[126.919723,35.141727],[126.919674,35.141697],[126.919691,35.141677],[126.919634,35.141643],[126.919743,35.141521],[126.91966,35.141472],[126.91945,35.141699],[126.919517,35.141738],[126.919533,35.14172],[126.919662,35.141797]]]]}},{"type":"Feature","id":"2003192615971824749900000000","properties":{"id":"2003192615971824749900000000","pnu":"1221012200101520001","year":2003,"purpose":"제1종 근린생활시설"},"geometry":{"type":"MultiPolygon","coordinates":[[[[126.919782,35.141351],[126.919756,35.141377],[126.919784,35.141395],[126.91981,35.141369],[126.919782,35.141351]]]]}},{"type":"Feature","id":"2003192650061822220100000000","properties":{"id":"2003192650061822220100000000","pnu":"1221012200100810039","year":2003,"purpose":"단독주택","far":111.66,"floors":2,"structure":"철근콘크리트구조"},"geometry":{"type":"MultiPolygon","coordinates":[[[[126.920137,35.139035],[126.920093,35.13909],[126.920104,35.139096],[126.920096,35.139104],[126.920178,35.139151],[126.920231,35.139088],[126.920137,35.139035]]]]}},{"type":"Feature","id":"2003192663251823523000000000","properties":{"id":"2003192663251823523000000000","pnu":"1221012200100700003","year":2003,"purpose":"숙박시설","far":233.87,"floors":6,"structure":"철근콘크리트구조"},"geometry":{"type":"MultiPolygon","coordinates":[[[[126.920182,35.140349],[126.920268,35.140352],[126.920269,35.140342],[126.920343,35.140342],[126.920432,35.140203],[126.920332,35.140162],[126.920229,35.14026],[126.920187,35.14026],[126.920182,35.140349]]]]}},{"type":"Feature","id":"2003192702781821437300000000","properties":{"id":"2003192702781821437300000000","pnu":"1221012200100810062","year":2003,"purpose":"단독주택","far":160.25,"floors":3,"structure":"벽돌구조"},"geometry":{"type":"MultiPolygon","coordinates":[[[[126.920766,35.138451],[126.920815,35.138413],[126.920704,35.138324],[126.920664,35.138361],[126.920766,35.138451]]]]}},{"type":"Feature","id":"2003192748831826902400000000","properties":{"id":"2003192748831826902400000000","pnu":"1221011200100790000","year":2003,"purpose":"단독주택","far":208.06,"floors":4,"structure":"철근콘크리트구조"},"geometry":{"type":"MultiPolygon","coordinates":[[[[126.921297,35.143388],[126.921339,35.143302],[126.921255,35.14327],[126.921255,35.143262],[126.921191,35.143237],[126.921138,35.143331],[126.921297,35.143388]]]]}},{"type":"Feature","id":"2003192792021827368900000000","properties":{"id":"2003192792021827368900000000","pnu":"1221011200100650002","year":2003,"purpose":"제2종 근린생활시설"},"geometry":{"type":"MultiPolygon","coordinates":[[[[126.921736,35.143801],[126.921777,35.143691],[126.921721,35.143677],[126.921718,35.143683],[126.921683,35.143675],[126.921648,35.143771],[126.921683,35.143779],[126.92168,35.143787],[126.921736,35.143801]]]]}},{"type":"Feature","id":"2003192805631826728600000000","properties":{"id":"2003192805631826728600000000","pnu":"1221011200100690000","year":2003,"purpose":"제2종 근린생활시설","far":249.42,"floors":5,"structure":"철근콘크리트구조"},"geometry":{"type":"MultiPolygon","coordinates":[[[[126.921896,35.143234],[126.921912,35.14312],[126.921886,35.143083],[126.921838,35.143073],[126.921808,35.143221],[126.921896,35.143234]]]]}},{"type":"Feature","id":"2003192846531826359200000000","properties":{"id":"2003192846531826359200000000","pnu":"1221012200100050000","year":2003,"purpose":"기타","floors":3,"structure":"철근콘크리트구조"},"geometry":{"type":"MultiPolygon","coordinates":[[[[126.922455,35.143002],[126.922523,35.142908],[126.922313,35.142805],[126.92239,35.142653],[126.922286,35.142608],[126.922134,35.142841],[126.922153,35.142883],[126.922455,35.143002]]]]}},{"type":"Feature","id":"2003192847221828254100000000","properties":{"id":"2003192847221828254100000000","pnu":"1221011800101080004","year":2003,"purpose":"단독주택","far":173.66,"floors":3,"structure":"철근콘크리트구조"},"geometry":{"type":"MultiPolygon","coordinates":[[[[126.92224,35.144547],[126.922303,35.144576],[126.922311,35.144563],[126.922359,35.144586],[126.922399,35.144528],[126.922284,35.144475],[126.92224,35.144547]]]]}},{"type":"Feature","id":"2003192853781828478300000000","properties":{"id":"2003192853781828478300000000","pnu":"1221011800100920007","year":2003,"purpose":"단독주택","far":171.55,"floors":3,"structure":"철근콘크리트구조"},"geometry":{"type":"MultiPolygon","coordinates":[[[[126.922379,35.144656],[126.922299,35.144739],[126.922299,35.144758],[126.922374,35.144811],[126.92242,35.144767],[126.922441,35.144782],[126.922497,35.144729],[126.922462,35.144704],[126.922455,35.14471],[126.922379,35.144656]]]]}},{"type":"Feature","id":"2003192884391826793800000000","properties":{"id":"2003192884391826793800000000","pnu":"1221012200100050000","year":2003,"purpose":"기타","floors":1,"structure":"경량철골구조"},"geometry":{"type":"MultiPolygon","coordinates":[[[[126.92274,35.143233],[126.92275,35.143215],[126.922713,35.143201],[126.922703,35.14322],[126.92274,35.143233]]]]}},{"type":"Feature","id":"2003192887191828872800000000","properties":{"id":"2003192887191828872800000000","pnu":"1221011800100300012","year":2003,"purpose":"단독주택","far":97.29,"floors":2,"structure":"철근콘크리트구조"},"geometry":{"type":"MultiPolygon","coordinates":[[[[126.922758,35.145151],[126.922792,35.145129],[126.922795,35.145132],[126.922811,35.145121],[126.922817,35.145126],[126.922826,35.14512],[126.9228,35.145093],[126.922809,35.145087],[126.922783,35.145061],[126.922787,35.145058],[126.922757,35.145027],[126.922717,35.145054],[126.922721,35.145058],[126.922705,35.145069],[126.92271,35.145074],[126.922684,35.145092],[126.922709,35.145117],[126.922718,35.14511],[126.922758,35.145151]]]]}},{"type":"Feature","id":"2003192897251824941400000000","properties":{"id":"2003192897251824941400000000","pnu":"1221012200100050000","year":2003,"purpose":"기타","far":24.168476,"floors":8,"structure":"철근콘크리트구조"},"geometry":{"type":"MultiPolygon","coordinates":[[[[126.922753,35.141588],[126.922796,35.141598],[126.922983,35.141547],[126.922981,35.141535],[126.922949,35.141494],[126.922783,35.141538],[126.922753,35.141588]]]]}},{"type":"Feature","id":"2003192905631831381200000000","properties":{"id":"2003192905631831381200000000","pnu":"1221010700101010026","year":2003,"purpose":"단독주택","far":174.54,"floors":4,"structure":"철근콘크리트구조"},"geometry":{"type":"MultiPolygon","coordinates":[[[[126.922856,35.147383],[126.922932,35.147439],[126.923016,35.147363],[126.923007,35.147356],[126.923048,35.147319],[126.923052,35.147315],[126.923053,35.147314],[126.922985,35.147264],[126.922856,35.147383]]]]}},{"type":"Feature","id":"2003192906191826207400000000","properties":{"id":"2003192906191826207400000000","pnu":"1221012200100050000","year":2003,"purpose":"기타","floors":6,"structure":"철근콘크리트구조"},"geometry":{"type":"MultiPolygon","coordinates":[[[[126.923317,35.142926],[126.923404,35.142767],[126.922612,35.14245],[126.922525,35.142608],[126.92274,35.142697],[126.92275,35.142689],[126.922831,35.142719],[126.922828,35.142731],[126.923016,35.14281],[126.923023,35.142801],[126.923097,35.142833],[126.923095,35.142841],[126.923319,35.14293],[126.923317,35.142926]]]]}},{"type":"Feature","id":"2003192919771825121000000000","properties":{"id":"2003192919771825121000000000","pnu":"1221012200100050000","year":2003,"purpose":"기타","far":24.168476,"floors":8,"structure":"철근콘크리트구조"},"geometry":{"type":"MultiPolygon","coordinates":[[[[126.922882,35.141777],[126.92304,35.141733],[126.923163,35.141776],[126.923211,35.141907],[126.923398,35.141951],[126.923439,35.141885],[126.923349,35.141697],[126.923241,35.14157],[126.923064,35.141516],[126.923029,35.14157],[126.922982,35.141548],[126.922797,35.141599],[126.922774,35.141593],[126.922745,35.141661],[126.922749,35.141672],[126.922771,35.141678],[126.922758,35.141733],[126.922882,35.141777]]]]}},{"type":"Feature","id":"2003192924551828706400000000","properties":{"id":"2003192924551828706400000000","pnu":"1221011800100290000","year":2003,"purpose":"기타","far":341.0731,"floors":7,"structure":"철골철근콘크리트구조"},"geometry":{"type":"MultiPolygon","coordinates":[[[[126.922893,35.144862],[126.922959,35.144966],[126.922981,35.144955],[126.923102,35.14512],[126.923405,35.144952],[126.923432,35.14493],[126.92337,35.144828],[126.923322,35.14485],[126.923289,35.144808],[126.923081,35.144892],[126.923012,35.144815],[126.922893,35.144862]]]]}},{"type":"Feature","id":"2003192933331826745800000000","properties":{"id":"2003192933331826745800000000","pnu":"1221012200100050000","year":2003,"purpose":"기타","floors":4,"structure":"철근콘크리트구조"},"geometry":{"type":"MultiPolygon","coordinates":[[[[126.923012,35.143299],[126.923084,35.143332],[126.923079,35.143352],[126.923186,35.143393],[126.923264,35.143275],[126.923294,35.143286],[126.923393,35.143248],[126.923404,35.143232],[126.92345,35.143244],[126.923533,35.143079],[126.923328,35.142996],[126.923305,35.143036],[126.923261,35.142974],[126.923185,35.142984],[126.923209,35.143068],[126.923194,35.143104],[126.923128,35.143081],[126.923012,35.143299]]]]}},{"type":"Feature","id":"2003192946781827963300000000","properties":{"id":"2003192946781827963300000000","pnu":"1221011800100950008","year":2003,"purpose":"단독주택","far":112.05,"floors":2,"structure":"철근콘크리트구조"},"geometry":{"type":"MultiPolygon","coordinates":[[[[126.923463,35.144316],[126.923483,35.144272],[126.923359,35.144228],[126.923336,35.144272],[126.923463,35.144316]]]]}},{"type":"Feature","id":"2003192948051825822500000000","properties":{"id":"2003192948051825822500000000","pnu":"1221012200100050000","year":2003,"purpose":"기타","floors":4,"structure":"철근콘크리트구조"},"geometry":{"type":"MultiPolygon","coordinates":[[[[126.923805,35.142398],[126.923133,35.14213],[126.923046,35.142287],[126.923723,35.142555],[126.923805,35.142398]]]]}},{"type":"Feature","id":"2003192952041825191000000000","properties":{"id":"2003192952041825191000000000","pnu":"1221012200100050000","year":2003,"purpose":"기타","far":24.168476,"floors":8,"structure":"철근콘크리트구조"},"geometry":{"type":"MultiPolygon","coordinates":[[[[126.923549,35.141799],[126.923426,35.141714],[126.923392,35.141747],[126.923514,35.141833],[126.923549,35.141799]]]]}},{"type":"Feature","id":"2003192957231825412400000000","properties":{"id":"2003192957231825412400000000","pnu":"1221012200100050000","year":2003,"purpose":"기타","far":24.168476,"floors":8,"structure":"철근콘크리트구조"},"geometry":{"type":"MultiPolygon","coordinates":[[[[126.923607,35.142116],[126.923623,35.142091],[126.923646,35.142097],[126.923719,35.141965],[126.923706,35.14196],[126.923726,35.141922],[126.923476,35.141824],[126.923397,35.141955],[126.923288,35.141927],[126.923262,35.141978],[126.923607,35.142116]]]]}},{"type":"Feature","id":"2003192961521826221300000000","properties":{"id":"2003192961521826221300000000","pnu":"1221012200100050000","year":2003,"purpose":"기타","floors":4,"structure":"철근콘크리트구조"},"geometry":{"type":"MultiPolygon","coordinates":[[[[126.923377,35.142854],[126.923493,35.1429],[126.923528,35.142839],[126.923605,35.142864],[126.923771,35.14258],[126.923567,35.142501],[126.923377,35.142854]]]]}},{"type":"Feature","id":"2003192990751825631100000000","properties":{"id":"2003192990751825631100000000","pnu":"1221012200100050000","year":2003,"purpose":"기타"},"geometry":{"type":"MultiPolygon","coordinates":[[[[126.924054,35.142307],[126.92413,35.142189],[126.923722,35.142032],[126.923665,35.14215],[126.924054,35.142307]]]]}},{"type":"Feature","id":"2003192998291822622300000000","properties":{"id":"2003192998291822622300000000","pnu":"1221012200100220000","year":2003,"purpose":"기타"},"geometry":{"type":"MultiPolygon","coordinates":[[[[126.92395,35.139474],[126.924011,35.139473],[126.92401,35.139442],[126.923948,35.139443],[126.92395,35.139474]]]]}},{"type":"Feature","id":"2003193011381826027400000000","properties":{"id":"2003193011381826027400000000","pnu":"1221012200100050000","year":2003,"purpose":"기타","floors":2,"structure":"철근콘크리트구조"},"geometry":{"type":"MultiPolygon","coordinates":[[[[126.924133,35.142694],[126.924266,35.142418],[126.924102,35.142367],[126.923981,35.14261],[126.924038,35.142633],[126.924028,35.142666],[126.924133,35.142694]]]]}},{"type":"Feature","id":"2003193036721830193200000000","properties":{"id":"2003193036721830193200000000","pnu":"1221011800100310009","purpose":"기타","structure":"강파이프구조"},"geometry":{"type":"MultiPolygon","coordinates":[[[[126.924395,35.146321],[126.924443,35.146284],[126.924397,35.146243],[126.924347,35.146284],[126.924395,35.146321]]]]}},{"type":"Feature","id":"2003193050501823075900000000","properties":{"id":"2003193050501823075900000000","pnu":"1221012200100220000","year":2003,"purpose":"기타"},"geometry":{"type":"MultiPolygon","coordinates":[[[[126.924152,35.13986],[126.924367,35.140186],[126.924583,35.140089],[126.924577,35.140081],[126.924733,35.140011],[126.924722,35.139953],[126.92471,35.139928],[126.924696,35.139902],[126.92497,35.13978],[126.924823,35.139559],[126.924152,35.13986]]]]}},{"type":"Feature","id":"2003193054061821326600000000","properties":{"id":"2003193054061821326600000000","pnu":"1221012200100290018","year":2003,"purpose":"공동주택","far":284.03,"floors":4,"structure":"철근콘크리트구조"},"geometry":{"type":"MultiPolygon","coordinates":[[[[126.924685,35.138251],[126.924602,35.138205],[126.924539,35.138276],[126.924562,35.13829],[126.9245,35.138359],[126.924518,35.138372],[126.924588,35.138359],[126.924685,35.138251]]]]}},{"type":"Feature","id":"2003193055131827162400000000","properties":{"id":"2003193055131827162400000000","pnu":"1221011800104710013","year":2003,"purpose":"단독주택","far":185.0761,"floors":4,"structure":"철근콘크리트구조"},"geometry":{"type":"MultiPolygon","coordinates":[[[[126.92449,35.143568],[126.924503,35.143591],[126.924549,35.143607],[126.924701,35.143549],[126.924666,35.143487],[126.924551,35.143531],[126.924552,35.143534],[126.924534,35.14354],[126.924539,35.143549],[126.92449,35.143568]]]]}},{"type":"Feature","id":"2003193058711828106300000000","properties":{"id":"2003193058711828106300000000","pnu":"1221011800100230004","year":2003,"purpose":"제2종 근린생활시설","far":179.39,"floors":3,"structure":"철근콘크리트구조"},"geometry":{"type":"MultiPolygon","coordinates":[[[[126.924653,35.144342],[126.924539,35.14439],[126.92457,35.14444],[126.924633,35.144453],[126.924749,35.144408],[126.924733,35.144381],[126.924711,35.14439],[126.924688,35.14436],[126.924671,35.144367],[126.924653,35.144342]]]]}},{"type":"Feature","id":"2003193061591829228400000000","properties":{"id":"2003193061591829228400000000","pnu":"1221011800100190006","year":2003,"purpose":"단독주택","far":151.51,"floors":3,"structure":"철근콘크리트구조"},"geometry":{"type":"MultiPolygon","coordinates":[[[[126.924627,35.145457],[126.924733,35.145399],[126.924708,35.145369],[126.924606,35.145426],[126.924627,35.145457]]]]}},{"type":"Feature","id":"2003193075731824751700000000","properties":{"id":"2003193075731824751700000000","pnu":"1221012200105150006","year":2003,"purpose":"단독주택","far":156.74,"floors":3,"structure":"철근콘크리트구조"},"geometry":{"type":"MultiPolygon","coordinates":[[[[126.924754,35.141396],[126.924876,35.14144],[126.924905,35.141387],[126.924857,35.14137],[126.924873,35.141339],[126.924793,35.141313],[126.924754,35.141396]]]]}},{"type":"Feature","id":"2003193090001829816600000000","properties":{"id":"2003193090001829816600000000","pnu":"1221011800100160000","year":2003,"purpose":"단독주택","far":176.04,"floors":4,"structure":"철근콘크리트구조"},"geometry":{"type":"MultiPolygon","coordinates":[[[[126.925,35.146017],[126.925012,35.146027],[126.925092,35.145983],[126.925,35.145862],[126.92499,35.145849],[126.924893,35.145898],[126.924881,35.145947],[126.924949,35.146016],[126.924981,35.146],[126.925,35.146017]]]]}},{"type":"Feature","id":"2003193104881829770700000000","properties":{"id":"2003193104881829770700000000","pnu":"1221011800100150001","year":2003,"purpose":"단독주택","far":140.56,"floors":4,"structure":"철근콘크리트구조"},"geometry":{"type":"MultiPolygon","coordinates":[[[[126.925264,35.145969],[126.925124,35.145803],[126.925089,35.145817],[126.925079,35.145808],[126.925026,35.145839],[126.925145,35.145984],[126.925163,35.145978],[126.925178,35.145993],[126.92521,35.145996],[126.925264,35.145969]]]]}},{"type":"Feature","id":"2003193116571821213100000000","properties":{"id":"2003193116571821213100000000","pnu":"1221012200100310005","year":2003,"purpose":"단독주택","far":212.08,"floors":3,"structure":"철근콘크리트구조"},"geometry":{"type":"MultiPolygon","coordinates":[[[[126.925384,35.138281],[126.925428,35.138221],[126.925174,35.138096],[126.92513,35.138157],[126.925384,35.138281]]]]}},{"type":"Feature","id":"2003193132561830063500000000","properties":{"id":"2003193132561830063500000000","pnu":"1221011800100100011","year":2003,"purpose":"단독주택","far":158.47,"floors":3,"structure":"철근콘크리트구조"},"geometry":{"type":"MultiPolygon","coordinates":[[[[126.925396,35.146222],[126.925528,35.146154],[126.925498,35.14611],[126.925365,35.14618],[126.925396,35.146222]]]]}},{"type":"Feature","id":"2003193145571829715300000000","properties":{"id":"2003193145571829715300000000","pnu":"1221011800100080011","year":2003,"purpose":"공동주택"},"geometry":{"type":"MultiPolygon","coordinates":[[[[126.925556,35.145914],[126.925672,35.145861],[126.925625,35.14579],[126.925507,35.145844],[126.925556,35.145914]]]]}},{"type":"Feature","id":"2003193181091831783000000000","properties":{"id":"2003193181091831783000000000","pnu":"1221010800101400004","year":2003,"purpose":"단독주택","far":141.7,"floors":3,"structure":"철근콘크리트구조"},"geometry":{"type":"MultiPolygon","coordinates":[[[[126.926019,35.147658],[126.925895,35.14771],[126.925904,35.147724],[126.925987,35.14777],[126.926036,35.147751],[126.926018,35.147719],[126.926035,35.147713],[126.926022,35.147692],[126.926036,35.147686],[126.926019,35.147658]]]]}},{"type":"Feature","id":"2003193185721829926100000000","properties":{"id":"2003193185721829926100000000","pnu":"1221011800100090005","year":2003,"purpose":"단독주택","far":65.43,"floors":2,"structure":"철근콘크리트구조"},"geometry":{"type":"MultiPolygon","coordinates":[[[[126.926063,35.146091],[126.926104,35.146038],[126.926023,35.145996],[126.926001,35.146025],[126.925975,35.146012],[126.92595,35.146044],[126.926001,35.146071],[126.926008,35.146062],[126.926063,35.146091]]]]}},{"type":"Feature","id":"2003193186471821230300000000","properties":{"id":"2003193186471821230300000000","pnu":"1221012200105930009","year":2003,"purpose":"단독주택","far":57.92,"floors":1,"structure":"경량철골구조"},"geometry":{"type":"MultiPolygon","coordinates":[[[[126.926034,35.138248],[126.926091,35.138226],[126.926052,35.138157],[126.926015,35.138171],[126.926025,35.138189],[126.926005,35.138197],[126.926034,35.138248]]]]}},{"type":"Feature","id":"2003193247371830102300000000","properties":{"id":"2003193247371830102300000000","pnu":"1221011800100050003","purpose":"단독주택"},"geometry":{"type":"MultiPolygon","coordinates":[[[[126.926702,35.146252],[126.926757,35.146174],[126.926712,35.146154],[126.926657,35.146225],[126.926702,35.146252]]]]}},{"type":"Feature","id":"2003193315081831466200000000","properties":{"id":"2003193315081831466200000000","pnu":"1221010800101360001","year":2003,"purpose":"제2종 근린생활시설","far":179.5,"floors":3,"structure":"철근콘크리트구조"},"geometry":{"type":"MultiPolygon","coordinates":[[[[126.9274,35.147455],[126.927506,35.147476],[126.927509,35.147466],[126.92744,35.147375],[126.927425,35.147372],[126.9274,35.147455]]]]}},{"type":"Feature","id":"2003193368551831031400000000","properties":{"id":"2003193368551831031400000000","pnu":"1221010800101180019","year":2003,"purpose":"제2종 근린생활시설","far":238.99,"floors":5,"structure":"일반철골구조"},"geometry":{"type":"MultiPolygon","coordinates":[[[[126.92808,35.147172],[126.928089,35.147093],[126.928176,35.147049],[126.928086,35.146914],[126.927888,35.147002],[126.928014,35.147172],[126.92808,35.147172]]]]}},{"type":"Feature","id":"2003193377131829161500000000","properties":{"id":"2003193377131829161500000000","pnu":"1221011800104240000","year":2003,"purpose":"제2종 근린생활시설","far":242.41,"floors":4,"structure":"철근콘크리트구조"},"geometry":{"type":"MultiPolygon","coordinates":[[[[126.928028,35.145354],[126.928083,35.145413],[126.928128,35.145422],[126.928212,35.14538],[126.928208,35.145375],[126.928235,35.145357],[126.928159,35.145282],[126.928143,35.145294],[126.928132,35.145283],[126.928028,35.145354]]]]}},{"type":"Feature","id":"2003193428991831532700000000","properties":{"id":"2003193428991831532700000000","pnu":"1221010800101150019","year":2003,"purpose":"기타","far":293.27,"floors":5,"structure":"철근콘크리트구조"},"geometry":{"type":"MultiPolygon","coordinates":[[[[126.928778,35.147563],[126.928725,35.147407],[126.928674,35.147418],[126.928663,35.147403],[126.928617,35.14741],[126.928681,35.147588],[126.928778,35.147563]]]]}},{"type":"Feature","id":"2004192605371824024000000000","properties":{"id":"2004192605371824024000000000","pnu":"1221012200100950019","year":2004,"purpose":"단독주택","far":151.28,"floors":3,"structure":"철근콘크리트구조"},"geometry":{"type":"MultiPolygon","coordinates":[[[[126.919717,35.140694],[126.919659,35.140672],[126.919616,35.14074],[126.919676,35.140767],[126.919717,35.140694]]]]}},{"type":"Feature","id":"2004192699271827318600000000","properties":{"id":"2004192699271827318600000000","pnu":"1221011200101120001","year":2004,"purpose":"제1종 근린생활시설","far":219.74,"floors":6,"structure":"철근콘크리트구조"},"geometry":{"type":"MultiPolygon","coordinates":[[[[126.920692,35.143816],[126.920828,35.143852],[126.920847,35.143786],[126.920849,35.14376],[126.920775,35.143567],[126.920758,35.143604],[126.920516,35.143566],[126.920502,35.143619],[126.920522,35.143622],[126.920504,35.14369],[126.920715,35.143728],[126.920692,35.143816]]]]}},{"type":"Feature","id":"2004192747361824359100000000","properties":{"id":"2004192747361824359100000000","pnu":"1221012200100680005","year":2004,"purpose":"단독주택","far":182.16,"floors":3,"structure":"철근콘크리트구조"},"geometry":{"type":"MultiPolygon","coordinates":[[[[126.921248,35.141083],[126.921302,35.141023],[126.921199,35.140962],[126.921148,35.141017],[126.921248,35.141083]]]]}},{"type":"Feature","id":"2004192868861827822300000000","properties":{"id":"2004192868861827822300000000","pnu":"1221011800101060002","year":2004,"purpose":"단독주택","far":102.58,"floors":2,"structure":"철근콘크리트구조"},"geometry":{"type":"MultiPolygon","coordinates":[[[[126.922568,35.144211],[126.922637,35.144141],[126.922543,35.144077],[126.922473,35.144147],[126.922568,35.144211]]]]}},{"type":"Feature","id":"2004192875041828253200000000","properties":{"id":"2004192875041828253200000000","pnu":"1221011800100930001","year":2004,"purpose":"단독주택","far":147.1,"floors":4,"structure":"철근콘크리트구조"},"geometry":{"type":"MultiPolygon","coordinates":[[[[126.922576,35.144566],[126.922566,35.144575],[126.92263,35.144623],[126.922715,35.144547],[126.922694,35.144532],[126.922711,35.144517],[126.922613,35.144443],[126.922522,35.144525],[126.922576,35.144566]]]]}},{"type":"Feature","id":"2004192891751827714800000000","properties":{"id":"2004192891751827714800000000","pnu":"1221011800101010000","year":2004,"purpose":"제2종 근린생활시설"},"geometry":{"type":"MultiPolygon","coordinates":[[[[126.922843,35.144128],[126.922909,35.144065],[126.922905,35.144049],[126.922885,35.144048],[126.922788,35.14398],[126.922785,35.143982],[126.922776,35.143976],[126.922774,35.143977],[126.922763,35.143969],[126.922702,35.144029],[126.922843,35.144128]]]]}},{"type":"Feature","id":"2004192892091827715800000000","properties":{"id":"2004192892091827715800000000","pnu":"1221011800101010000","year":2004,"purpose":"제2종 근린생활시설"},"geometry":{"type":"MultiPolygon","coordinates":[[[[126.92285,35.144117],[126.922907,35.144067],[126.92285,35.144027],[126.922842,35.144035],[126.922797,35.144003],[126.922791,35.144009],[126.922751,35.143981],[126.922711,35.144018],[126.92285,35.144117]]]]}},{"type":"Feature","id":"2004193041221821625500000000","properties":{"id":"2004193041221821625500000000","pnu":"1221012200100290006","year":2004,"purpose":"공동주택","far":220.72,"floors":4,"structure":"철근콘크리트구조"},"geometry":{"type":"MultiPolygon","coordinates":[[[[126.924418,35.138646],[126.924554,35.138525],[126.924487,35.138475],[126.92435,35.138592],[126.924418,35.138646]]]]}},{"type":"Feature","id":"2004193043651828831400000000","properties":{"id":"2004193043651828831400000000","pnu":"1221011800100260016","year":2004,"purpose":"단독주택"},"geometry":{"type":"MultiPolygon","coordinates":[[[[126.924417,35.145116],[126.924473,35.1451],[126.92448,35.145113],[126.924519,35.145099],[126.924515,35.145089],[126.924498,35.145081],[126.924543,35.145009],[126.924482,35.144983],[126.924454,35.145028],[126.924417,35.145039],[126.924429,35.145066],[126.924398,35.145075],[126.924417,35.145116]]]]}},{"type":"Feature","id":"2004193047631824802400000000","properties":{"id":"2004193047631824802400000000","pnu":"1221012200105240008","year":2004,"purpose":"단독주택","far":184.58,"floors":4,"structure":"철근콘크리트구조"},"geometry":{"type":"MultiPolygon","coordinates":[[[[126.92462,35.141421],[126.924464,35.141351],[126.924422,35.141428],[126.924571,35.141495],[126.92462,35.141421]]]]}},{"type":"Feature","id":"2004193156551829596700000000","properties":{"id":"2004193156551829596700000000","pnu":"1221011800100080013","year":2004,"purpose":"단독주택","far":163.77,"floors":3,"structure":"철근콘크리트구조"},"geometry":{"type":"MultiPolygon","coordinates":[[[[126.925805,35.145739],[126.925763,35.1457],[126.92577,35.145694],[126.925742,35.145676],[126.925725,35.145695],[126.9257,35.14568],[126.925692,35.145699],[126.925667,35.145692],[126.925621,35.145713],[126.925661,35.145773],[126.925648,35.145784],[126.925684,35.145812],[126.925677,35.145817],[126.925696,35.145832],[126.925805,35.145739]]]]}},{"type":"Feature","id":"2004193211171831435900000000","properties":{"id":"2004193211171831435900000000","pnu":"1221010800101400013","year":2004,"purpose":"제1종 근린생활시설","far":118.29,"floors":2,"structure":"일반철골구조"},"geometry":{"type":"MultiPolygon","coordinates":[[[[126.92626,35.147466],[126.926365,35.147418],[126.926372,35.147365],[126.926354,35.147341],[126.926283,35.147366],[126.926291,35.147386],[126.926228,35.14742],[126.92626,35.147466]]]]}},{"type":"Feature","id":"2004193271421830545100000000","properties":{"id":"2004193271421830545100000000","pnu":"1221010800101380011","year":2004,"purpose":"단독주택","far":51.966,"floors":1,"structure":"일반목구조"},"geometry":{"type":"MultiPolygon","coordinates":[[[[126.926893,35.146656],[126.926998,35.146595],[126.927045,35.14665],[126.92707,35.146635],[126.927009,35.146538],[126.926863,35.14662],[126.926893,35.146656]]]]}},{"type":"Feature","id":"2004193273041830597500000000","properties":{"id":"2004193273041830597500000000","pnu":"1221010800101380011","year":2004,"purpose":"단독주택"},"geometry":{"type":"MultiPolygon","coordinates":[[[[126.926965,35.14669],[126.927042,35.14665],[126.927006,35.146606],[126.926936,35.146649],[126.926965,35.14669]]]]}},{"type":"Feature","id":"2004193286841830979300000000","properties":{"id":"2004193286841830979300000000","pnu":"1221010800101350005","year":2004,"purpose":"제2종 근린생활시설","far":199.93,"floors":4,"structure":"철근콘크리트구조"},"geometry":{"type":"MultiPolygon","coordinates":[[[[126.927151,35.147089],[126.927227,35.147054],[126.927212,35.147031],[126.927218,35.147028],[126.927144,35.146917],[126.927135,35.14692],[126.927121,35.146899],[126.927047,35.146932],[126.927151,35.147089]]]]}},{"type":"Feature","id":"2004193415721824279900000000","properties":{"id":"2004193415721824279900000000","pnu":"1221011800103000000","year":2004,"purpose":"기타","far":0.76,"floors":5,"structure":"철근콘크리트구조"},"geometry":{"type":"MultiPolygon","coordinates":[[[[126.928449,35.140976],[126.928387,35.141],[126.928369,35.140969],[126.928492,35.140921],[126.928496,35.140929],[126.929026,35.140724],[126.92901,35.140695],[126.929024,35.140689],[126.928994,35.140637],[126.928982,35.140641],[126.928945,35.140576],[126.928426,35.140777],[126.928446,35.140813],[126.928407,35.140828],[126.928386,35.140791],[126.928183,35.14087],[126.928215,35.140927],[126.928204,35.140931],[126.928221,35.140961],[126.928233,35.140957],[126.928263,35.141009],[126.92833,35.140983],[126.928344,35.141008],[126.928274,35.141035],[126.928499,35.141426],[126.928509,35.141422],[126.928522,35.141446],[126.928594,35.141418],[126.928589,35.14141],[126.928679,35.141375],[126.928449,35.140976]]]]}},{"type":"Feature","id":"2004193453411828777000000000","properties":{"id":"2004193453411828777000000000","pnu":"1221011100105070007","year":2004,"purpose":"제2종 근린생활시설"},"geometry":{"type":"MultiPolygon","coordinates":[[[[126.929071,35.144984],[126.929036,35.144943],[126.928845,35.145065],[126.928854,35.14508],[126.929071,35.144984]]]]}},{"type":"Feature","id":"2005192570011826771500000000","properties":{"id":"2005192570011826771500000000","pnu":"1221011400101630000","year":2005,"purpose":"제2종 근린생활시설","far":107.88,"floors":2,"structure":"경량철골구조"},"geometry":{"type":"MultiPolygon","coordinates":[[[[126.919253,35.143265],[126.91936,35.143162],[126.919301,35.143127],[126.919194,35.143223],[126.919253,35.143265]]]]}},{"type":"Feature","id":"2005192578651827396100000000","properties":{"id":"2005192578651827396100000000","pnu":"1221011200101420006","year":2005,"purpose":"제2종 근린생활시설","far":153.8,"floors":2,"structure":"일반철골구조"},"geometry":{"type":"MultiPolygon","coordinates":[[[[126.919334,35.143705],[126.919294,35.143753],[126.919406,35.143814],[126.919446,35.143757],[126.919334,35.143705]]]]}},{"type":"Feature","id":"2005192586751832044300000000","properties":{"id":"2005192586751832044300000000","pnu":"1221013100100400000","year":2005,"purpose":"제1종 근린생활시설","far":3.6,"floors":1,"structure":"일반목구조"},"geometry":{"type":"MultiPolygon","coordinates":[[[[126.919425,35.147847],[126.919413,35.147879],[126.919365,35.147947],[126.919337,35.147972],[126.919382,35.147986],[126.919453,35.148019],[126.919491,35.148045],[126.919504,35.14801],[126.919545,35.147949],[126.919576,35.147923],[126.91954,35.147915],[126.919456,35.147875],[126.919425,35.147847]]]]}},{"type":"Feature","id":"2005192650241822871900000000","properties":{"id":"2005192650241822871900000000","pnu":"1221012200100810054","year":2005,"purpose":"제2종 근린생활시설","far":158.63,"floors":2,"structure":"철근콘크리트구조"},"geometry":{"type":"MultiPolygon","coordinates":[[[[126.92014,35.139639],[126.920117,35.139668],[126.920133,35.139693],[126.920127,35.1397],[126.920166,35.139721],[126.920206,35.139689],[126.920207,35.139674],[126.92014,35.139639]]]]}},{"type":"Feature","id":"2005192666471825251900000000","properties":{"id":"2005192666471825251900000000","pnu":"1221012200101240000","year":2005,"purpose":"기타","far":122.1,"floors":2,"structure":"철근콘크리트구조"},"geometry":{"type":"MultiPolygon","coordinates":[[[[126.920275,35.14181],[126.920296,35.141818],[126.920283,35.141841],[126.920295,35.141846],[126.920282,35.141869],[126.920321,35.141885],[126.920326,35.141876],[126.920355,35.141887],[126.920364,35.141871],[126.920378,35.141876],[126.920411,35.141819],[126.920361,35.1418],[126.920372,35.141781],[126.920307,35.141756],[126.920275,35.14181]]]]}},{"type":"Feature","id":"2005192674551827801100000000","properties":{"id":"2005192674551827801100000000","pnu":"1221011200100980003","year":2005,"purpose":"제2종 근린생활시설","far":86.1,"floors":2,"structure":"일반철골구조"},"geometry":{"type":"MultiPolygon","coordinates":[[[[126.920506,35.144237],[126.92059,35.144123],[126.920361,35.144002],[126.920258,35.144144],[126.920366,35.144197],[126.920381,35.144176],[126.920506,35.144237]]]]}},{"type":"Feature","id":"2005192813641827315600000000","properties":{"id":"2005192813641827315600000000","pnu":"1221011800101200003","year":2005,"purpose":"제1종 근린생활시설","far":57.81,"floors":1,"structure":"철근콘크리트구조"},"geometry":{"type":"MultiPolygon","coordinates":[[[[126.921987,35.143731],[126.922016,35.143673],[126.92194,35.143646],[126.921903,35.143655],[126.921884,35.143704],[126.921987,35.143731]]]]}},{"type":"Feature","id":"2005192825511827203500000000","properties":{"id":"2005192825511827203500000000","pnu":"1221011800101210000","year":2005,"purpose":"제2종 근린생활시설","far":59.4,"floors":1,"structure":"경량철골구조"},"geometry":{"type":"MultiPolygon","coordinates":[[[[126.922089,35.143639],[126.922131,35.143562],[126.922074,35.143533],[126.922027,35.14361],[126.922089,35.143639]]]]}},{"type":"Feature","id":"2005192840621830536300000000","properties":{"id":"2005192840621830536300000000","pnu":"1221011800100470023","year":2005,"purpose":"기타","far":356.28,"floors":8,"structure":"철골철근콘크리트구조"},"geometry":{"type":"MultiPolygon","coordinates":[[[[126.922074,35.146728],[126.922399,35.146729],[126.922402,35.146453],[126.922075,35.146451],[126.922075,35.146552],[126.922127,35.146552],[126.922127,35.146621],[126.92207,35.146621],[126.922074,35.146728]]]]}},{"type":"Feature","id":"2005192869661827406100000000","properties":{"id":"2005192869661827406100000000","pnu":"1221011800101000009","year":2005,"purpose":"단독주택","far":108.51,"floors":4,"structure":"철근콘크리트구조"},"geometry":{"type":"MultiPolygon","coordinates":[[[[126.922536,35.14371],[126.922494,35.14378],[126.922604,35.143826],[126.922628,35.143787],[126.922608,35.143779],[126.922625,35.143751],[126.922568,35.143728],[126.92257,35.143724],[126.922536,35.14371]]]]}},{"type":"Feature","id":"2005192956461828449500000000","properties":{"id":"2005192956461828449500000000","pnu":"1221011800100270001","year":2005,"purpose":"제1종 근린생활시설","far":269.61,"floors":5,"structure":"철근콘크리트구조"},"geometry":{"type":"MultiPolygon","coordinates":[[[[126.92362,35.144739],[126.923535,35.144609],[126.923408,35.144665],[126.923509,35.144819],[126.923574,35.144791],[126.923559,35.144767],[126.92362,35.144739]]]]}},{"type":"Feature","id":"2005193078411821849700000000","properties":{"id":"2005193078411821849700000000","pnu":"1221012200100300003","year":2005,"purpose":"공동주택","far":229.84,"floors":4,"structure":"철근콘크리트구조"},"geometry":{"type":"MultiPolygon","coordinates":[[[[126.924771,35.138833],[126.924839,35.13885],[126.924961,35.138761],[126.924964,35.138736],[126.924826,35.138663],[126.924771,35.138833]]]]}},{"type":"Feature","id":"2005193124591821078900000000","properties":{"id":"2005193124591821078900000000","pnu":"1221012200100310012","year":2005,"purpose":"단독주택","far":178.82,"floors":3,"structure":"철근콘크리트구조"},"geometry":{"type":"MultiPolygon","coordinates":[[[[126.925271,35.138087],[126.925366,35.138139],[126.925373,35.138131],[126.925398,35.138145],[126.925432,35.138102],[126.925418,35.138095],[126.925459,35.138044],[126.925352,35.137986],[126.925271,35.138087]]]]}},{"type":"Feature","id":"2005193146561824106000000000","properties":{"id":"2005193146561824106000000000","pnu":"1221012200105120000","year":2005,"purpose":"제2종 근린생활시설","far":14.98,"floors":1,"structure":"일반철골구조"},"geometry":{"type":"MultiPolygon","coordinates":[[[[126.9257,35.140837],[126.92571,35.140774],[126.925518,35.140752],[126.925503,35.140823],[126.9257,35.140837]]]]}},{"type":"Feature","id":"2005193181551829653800000000","properties":{"id":"2005193181551829653800000000","pnu":"1221011800100070005","year":2005,"purpose":"제2종 근린생활시설","far":14.7258,"floors":2,"structure":"일반철골구조"},"geometry":{"type":"MultiPolygon","coordinates":[[[[126.926004,35.145855],[126.926041,35.145818],[126.925965,35.145743],[126.925926,35.145767],[126.926004,35.145855]]]]}},{"type":"Feature","id":"2005193204751829667200000000","properties":{"id":"2005193204751829667200000000","pnu":"1221011800100070005","year":2005,"purpose":"기타","far":15.801,"floors":2,"structure":"철근콘크리트구조"},"geometry":{"type":"MultiPolygon","coordinates":[[[[126.926132,35.145854],[126.926207,35.14589],[126.926303,35.14585],[126.926351,35.145779],[126.926222,35.14572],[126.926132,35.145854]]]]}},{"type":"Feature","id":"2005193218701830881600000000","properties":{"id":"2005193218701830881600000000","pnu":"1221010800101380006","year":2005,"purpose":"제2종 근린생활시설","far":19.55,"floors":1,"structure":"경량철골구조"},"geometry":{"type":"MultiPolygon","coordinates":[[[[126.926402,35.146956],[126.926447,35.146931],[126.926381,35.146852],[126.926337,35.146877],[126.926402,35.146956]]]]}},{"type":"Feature","id":"2005193398121828525600000000","properties":{"id":"2005193398121828525600000000","pnu":"1221011800104230008","year":2005,"purpose":"단독주택","far":178.89,"floors":3,"structure":"일반철골구조"},"geometry":{"type":"MultiPolygon","coordinates":[[[[126.928406,35.144796],[126.928338,35.144741],[126.928323,35.144753],[126.928368,35.144821],[126.928406,35.144796]]]]}},{"type":"Feature","id":"2005193436351832033800000000","properties":{"id":"2005193436351832033800000000","pnu":"1221010800101010055","year":2005,"purpose":"제2종 근린생활시설","far":381.14,"floors":7,"structure":"철근콘크리트구조"},"geometry":{"type":"MultiPolygon","coordinates":[[[[126.928811,35.148017],[126.928844,35.147894],[126.928748,35.147872],[126.928712,35.147991],[126.928811,35.148017]]]]}},{"type":"Feature","id":"2006192705661827708300000000","properties":{"id":"2006192705661827708300000000","pnu":"1221011200100940002","year":2006,"purpose":"단독주택","far":139.48,"floors":3,"structure":"경량철골구조"},"geometry":{"type":"MultiPolygon","coordinates":[[[[126.920729,35.143977],[126.920696,35.144082],[126.9208,35.144104],[126.920833,35.143999],[126.920729,35.143977]]]]}},{"type":"Feature","id":"2006192747121828692400000000","properties":{"id":"2006192747121828692400000000","pnu":"1221011800100780001","year":2006,"purpose":"제2종 근린생활시설"},"geometry":{"type":"MultiPolygon","coordinates":[[[[126.921255,35.145006],[126.921279,35.144984],[126.92127,35.144977],[126.921288,35.144961],[126.921274,35.144951],[126.921294,35.144933],[126.921189,35.144853],[126.921146,35.144892],[126.921147,35.144921],[126.921255,35.145006]]]]}},{"type":"Feature","id":"2006192800681827651500000000","properties":{"id":"2006192800681827651500000000","pnu":"1221011800101150002","year":2006,"purpose":"제2종 근린생활시설","far":135.65306,"floors":3,"structure":"철근콘크리트구조"},"geometry":{"type":"MultiPolygon","coordinates":[[[[126.921746,35.144007],[126.921847,35.144034],[126.921869,35.143976],[126.92182,35.143963],[126.921822,35.143956],[126.921771,35.143943],[126.921746,35.144007]]]]}},{"type":"Feature","id":"2006192840631828141400000000","properties":{"id":"2006192840631828141400000000","pnu":"1221011800101070004","year":2006,"purpose":"단독주택","far":176.53,"floors":3,"structure":"철근콘크리트구조"},"geometry":{"type":"MultiPolygon","coordinates":[[[[126.922378,35.144409],[126.922247,35.144333],[126.922126,35.144473],[126.922154,35.144489],[126.922143,35.144512],[126.922194,35.144538],[126.922265,35.144441],[126.922328,35.144477],[126.922378,35.144409]]]]}},{"type":"Feature","id":"2006192865651830774600000000","properties":{"id":"2006192865651830774600000000","pnu":"1221011800100450009","year":2006,"purpose":"제2종 근린생활시설","far":87.73,"floors":2,"structure":"철근콘크리트구조"},"geometry":{"type":"MultiPolygon","coordinates":[[[[126.922478,35.146858],[126.922509,35.146859],[126.922521,35.146837],[126.922537,35.146837],[126.922549,35.146818],[126.922576,35.146819],[126.922576,35.146799],[126.922567,35.146799],[126.922568,35.146772],[126.922516,35.146772],[126.922516,35.14676],[126.922479,35.14676],[126.922478,35.146858]]]]}},{"type":"Feature","id":"2006192883721827489500000000","properties":{"id":"2006192883721827489500000000","pnu":"1221011800101000000","year":2006,"purpose":"단독주택","far":112.25,"floors":2,"structure":"철근콘크리트구조"},"geometry":{"type":"MultiPolygon","coordinates":[[[[126.922806,35.143844],[126.922708,35.14379],[126.922681,35.143823],[126.922654,35.143808],[126.922623,35.143846],[126.922744,35.143894],[126.92275,35.143884],[126.922765,35.143891],[126.922806,35.143844]]]]}},{"type":"Feature","id":"2006192890871827401600000000","properties":{"id":"2006192890871827401600000000","pnu":"1221011800101000001","year":2006,"purpose":"단독주택","far":88.84,"floors":2,"structure":"철근콘크리트구조"},"geometry":{"type":"MultiPolygon","coordinates":[[[[126.92273,35.143781],[126.922806,35.143822],[126.922865,35.14375],[126.922789,35.143708],[126.92273,35.143781]]]]}},{"type":"Feature","id":"2006192894571827553600000000","properties":{"id":"2006192894571827553600000000","pnu":"1221011800101010005","year":2006,"purpose":"제1종 근린생활시설","far":59.36,"floors":1,"structure":"경량철골구조"},"geometry":{"type":"MultiPolygon","coordinates":[[[[126.922895,35.143916],[126.922832,35.143859],[126.922773,35.143903],[126.922868,35.143941],[126.922895,35.143916]]]]}},{"type":"Feature","id":"2006192942871827640900000000","properties":{"id":"2006192942871827640900000000","pnu":"1221011800100970040","year":2006,"purpose":"단독주택","far":174,"floors":3,"structure":"철근콘크리트구조"},"geometry":{"type":"MultiPolygon","coordinates":[[[[126.923414,35.144031],[126.923441,35.143979],[126.923323,35.143932],[126.923292,35.143983],[126.923414,35.144031]]]]}},{"type":"Feature","id":"2006192990181828243200000000","properties":{"id":"2006192990181828243200000000","pnu":"1221011800100250001","year":2006,"purpose":"단독주택","far":171.98,"floors":3,"structure":"철근콘크리트구조"},"geometry":{"type":"MultiPolygon","coordinates":[[[[126.923893,35.14459],[126.923973,35.14454],[126.923916,35.144487],[126.923912,35.144491],[126.923884,35.144465],[126.923856,35.144484],[126.923842,35.144471],[126.923798,35.144502],[126.923893,35.14459]]]]}},{"type":"Feature","id":"2006192992481828065900000000","properties":{"id":"2006192992481828065900000000","pnu":"1221011800100240005","year":2006,"purpose":"단독주택","far":170.36,"floors":4,"structure":"철근콘크리트구조"},"geometry":{"type":"MultiPolygon","coordinates":[[[[126.923935,35.144464],[126.92403,35.144379],[126.923881,35.144262],[126.923797,35.144357],[126.923935,35.144464]]]]}},{"type":"Feature","id":"2006193020711826656500000000","properties":{"id":"2006193020711826656500000000","pnu":"1221011800104720010","year":2006,"purpose":"단독주택","far":174.18,"floors":3,"structure":"철근콘크리트구조"},"geometry":{"type":"MultiPolygon","coordinates":[[[[126.92419,35.143138],[126.924283,35.143088],[126.924254,35.143051],[126.924163,35.143101],[126.92419,35.143138]]]]}},{"type":"Feature","id":"2006193267281828997900000000","properties":{"id":"2006193267281828997900000000","pnu":"1221011800104280004","year":2006,"purpose":"공동주택","far":248.25,"floors":4,"structure":"철근콘크리트구조"},"geometry":{"type":"MultiPolygon","coordinates":[[[[126.926966,35.145264],[126.927002,35.145217],[126.926963,35.145198],[126.926968,35.145189],[126.926912,35.145152],[126.926869,35.145169],[126.926858,35.145212],[126.926966,35.145264]]]]}},{"type":"Feature","id":"2006193274921829050500000000","properties":{"id":"2006193274921829050500000000","pnu":"1221011800104280004","year":2006,"purpose":"공동주택","far":248.25,"floors":4,"structure":"철근콘크리트구조"},"geometry":{"type":"MultiPolygon","coordinates":[[[[126.926999,35.145291],[126.927055,35.145237],[126.927015,35.145219],[126.926968,35.14527],[126.926999,35.145291]]]]}},{"type":"Feature","id":"2006193282451829087300000000","properties":{"id":"2006193282451829087300000000","pnu":"1221011800104280004","year":2006,"purpose":"공동주택","far":248.25,"floors":4,"structure":"철근콘크리트구조"},"geometry":{"type":"MultiPolygon","coordinates":[[[[126.927076,35.145337],[126.927152,35.145265],[126.927104,35.145239],[126.927035,35.14531],[126.927076,35.145337]]]]}},{"type":"Feature","id":"2006193306151831298600000000","properties":{"id":"2006193306151831298600000000","pnu":"1221010800101350020","year":2006,"purpose":"제2종 근린생활시설","far":58.73,"floors":1,"structure":"강파이프구조"},"geometry":{"type":"MultiPolygon","coordinates":[[[[126.927301,35.147302],[126.927415,35.147332],[126.927369,35.147234],[126.927305,35.14724],[126.927301,35.147302]]]]}},{"type":"Feature","id":"2006193355171828519500000000","properties":{"id":"2006193355171828519500000000","pnu":"1221011800104230015","year":2006,"purpose":"단독주택","far":137.89,"floors":2,"structure":"철근콘크리트구조"},"geometry":{"type":"MultiPolygon","coordinates":[[[[126.927826,35.144793],[126.927895,35.14484],[126.927963,35.144772],[126.927889,35.144712],[126.927859,35.144731],[126.927826,35.144793]]]]}},{"type":"Feature","id":"2006193366041828393500000000","properties":{"id":"2006193366041828393500000000","pnu":"1221011800104230011","year":2006,"purpose":"제1종 근린생활시설","far":140.68,"floors":3,"structure":"철근콘크리트구조"},"geometry":{"type":"MultiPolygon","coordinates":[[[[126.927914,35.144655],[126.927968,35.144736],[126.92807,35.144689],[126.928061,35.144675],[126.92811,35.144653],[126.928079,35.144607],[126.928059,35.144616],[126.928045,35.144595],[126.927914,35.144655]]]]}},{"type":"Feature","id":"2006193370261828566600000000","properties":{"id":"2006193370261828566600000000","pnu":"1221011800104230010","year":2006,"purpose":"단독주택","far":153.19,"floors":4,"structure":"철근콘크리트구조"},"geometry":{"type":"MultiPolygon","coordinates":[[[[126.928096,35.14472],[126.927938,35.144824],[126.927981,35.144868],[126.927967,35.144877],[126.928008,35.14492],[126.928181,35.144807],[126.928096,35.14472]]]]}},{"type":"Feature","id":"2006193382851828502700000000","properties":{"id":"2006193382851828502700000000","pnu":"1221011800104230009","year":2006,"purpose":"단독주택","far":129.43,"floors":2,"structure":"철근콘크리트구조"},"geometry":{"type":"MultiPolygon","coordinates":[[[[126.928206,35.14482],[126.928255,35.144791],[126.928193,35.144701],[126.928131,35.144739],[126.928206,35.14482]]]]}},{"type":"Feature","id":"2006193395811828727500000000","properties":{"id":"2006193395811828727500000000","pnu":"1221011800104220012","year":2006,"purpose":"제2종 근린생활시설"},"geometry":{"type":"MultiPolygon","coordinates":[[[[126.928269,35.144951],[126.928312,35.145017],[126.928405,35.144976],[126.928362,35.14491],[126.928269,35.144951]]]]}},{"type":"Feature","id":"2006193408911828668200000000","properties":{"id":"2006193408911828668200000000","pnu":"1221011800104220013","year":2006,"purpose":"제2종 근린생활시설"},"geometry":{"type":"MultiPolygon","coordinates":[[[[126.928472,35.144981],[126.928557,35.144904],[126.928477,35.144844],[126.928414,35.144901],[126.928453,35.144963],[126.928472,35.144981]]]]}},{"type":"Feature","id":"2007192581891823604400000000","properties":{"id":"2007192581891823604400000000","pnu":"1221012200100920002","year":2007,"purpose":"숙박시설"},"geometry":{"type":"MultiPolygon","coordinates":[[[[126.91929,35.140361],[126.919428,35.140443],[126.919531,35.140317],[126.91939,35.140239],[126.91929,35.140361]]]]}},{"type":"Feature","id":"2007192589111826768100000000","properties":{"id":"2007192589111826768100000000","pnu":"1221011400101640002","year":2007,"purpose":"제2종 근린생활시설","far":72.4,"floors":1,"structure":"일반철골구조"},"geometry":{"type":"MultiPolygon","coordinates":[[[[126.91953,35.143277],[126.919596,35.143212],[126.919442,35.143107],[126.919376,35.143172],[126.91953,35.143277]]]]}},{"type":"Feature","id":"2007192615061827023300000000","properties":{"id":"2007192615061827023300000000","pnu":"1221011200101320001","year":2007,"purpose":"제2종 근린생활시설","far":226.42,"floors":3,"structure":"일반철골구조"},"geometry":{"type":"MultiPolygon","coordinates":[[[[126.919666,35.143423],[126.919768,35.143509],[126.919847,35.143447],[126.919843,35.143443],[126.919859,35.14343],[126.91985,35.143422],[126.919871,35.143406],[126.919809,35.143353],[126.919789,35.143369],[126.919757,35.143342],[126.919666,35.143423]]]]}},{"type":"Feature","id":"2007192771201827000100000000","properties":{"id":"2007192771201827000100000000","pnu":"1221011200100810001","year":2007,"purpose":"단독주택","far":141.79,"floors":4,"structure":"철근콘크리트구조"},"geometry":{"type":"MultiPolygon","coordinates":[[[[126.921391,35.143328],[126.921356,35.143421],[126.921577,35.143476],[126.921612,35.143384],[126.921391,35.143328]]]]}},{"type":"Feature","id":"2007192784851827007000000000","properties":{"id":"2007192784851827007000000000","pnu":"1221011200100810001","year":2007,"purpose":"단독주택","floors":1,"structure":"경량철골구조"},"geometry":{"type":"MultiPolygon","coordinates":[[[[126.921628,35.143411],[126.921638,35.143413],[126.92164,35.143406],[126.921631,35.143404],[126.921628,35.143411]]]]}},{"type":"Feature","id":"2007192842161827478700000000","properties":{"id":"2007192842161827478700000000","pnu":"1221011800101190000","year":2007,"purpose":"공동주택","far":198.7414,"floors":5,"structure":"철근콘크리트구조"},"geometry":{"type":"MultiPolygon","coordinates":[[[[126.922387,35.143838],[126.922182,35.143756],[126.922138,35.143831],[126.922343,35.143912],[126.922387,35.143838]]]]}},{"type":"Feature","id":"2007192858091827342100000000","properties":{"id":"2007192858091827342100000000","pnu":"1221011800101000017","year":2007,"purpose":"단독주택","far":167.98,"floors":4,"structure":"철근콘크리트구조"},"geometry":{"type":"MultiPolygon","coordinates":[[[[126.92251,35.143686],[126.92242,35.143643],[126.922364,35.14374],[126.922457,35.143776],[126.92251,35.143686]]]]}},{"type":"Feature","id":"2007192887301823175700000000","properties":{"id":"2007192887301823175700000000","pnu":"1221012200100120019","year":2007,"purpose":"제1종 근린생활시설","far":199.89,"floors":4,"structure":"철근콘크리트구조"},"geometry":{"type":"MultiPolygon","coordinates":[[[[126.922763,35.140042],[126.922817,35.140017],[126.922809,35.140005],[126.922839,35.139991],[126.92278,35.139904],[126.922775,35.139906],[126.92274,35.139855],[126.922713,35.139874],[126.922735,35.139906],[126.922686,35.139928],[126.922763,35.140042]]]]}},{"type":"Feature","id":"2007192985841829039700000000","properties":{"id":"2007192985841829039700000000","pnu":"1221011800100280002","year":2007,"purpose":"단독주택","far":188.91,"floors":4,"structure":"철근콘크리트구조"},"geometry":{"type":"MultiPolygon","coordinates":[[[[126.923794,35.145319],[126.923922,35.145263],[126.923907,35.145239],[126.92393,35.145229],[126.923891,35.145166],[126.923738,35.145231],[126.923794,35.145319]]]]}},{"type":"Feature","id":"2007192989401826361100000000","properties":{"id":"2007192989401826361100000000","pnu":"1221012200100050000","year":2007,"purpose":"기타","floors":7,"structure":"일반철골구조"},"geometry":{"type":"MultiPolygon","coordinates":[[[[126.923728,35.142904],[126.923736,35.142906],[126.92372,35.142932],[126.923788,35.142961],[126.923799,35.142953],[126.923836,35.142967],[126.923859,35.142967],[126.923876,35.142954],[126.923903,35.142933],[126.923923,35.1429],[126.923932,35.142908],[126.924038,35.142816],[126.924045,35.142789],[126.924045,35.142777],[126.924037,35.142764],[126.92393,35.142723],[126.923945,35.142698],[126.923864,35.142666],[126.923728,35.142904]]]]}},{"type":"Feature","id":"2007193026081828124700000000","properties":{"id":"2007193026081828124700000000","pnu":"1221011800100230016","year":2007,"purpose":"제2종 근린생활시설"},"geometry":{"type":"MultiPolygon","coordinates":[[[[126.924248,35.144483],[126.924365,35.144439],[126.924311,35.144351],[126.924196,35.144399],[126.924248,35.144483]]]]}},{"type":"Feature","id":"2007193192661832041400000000","properties":{"id":"2007193192661832041400000000","pnu":"1221010800101430054","year":2007,"purpose":"제2종 근린생활시설"},"geometry":{"type":"MultiPolygon","coordinates":[[[[126.926063,35.148019],[126.926154,35.148012],[126.926149,35.147883],[126.926055,35.147884],[126.926063,35.148019]]]]}},{"type":"Feature","id":"2007193193961821135200000000","properties":{"id":"2007193193961821135200000000","pnu":"1221012200105930011","year":2007,"purpose":"제2종 근린생활시설","far":125.45,"floors":3,"structure":"일반철골구조"},"geometry":{"type":"MultiPolygon","coordinates":[[[[126.92616,35.138051],[126.926102,35.138067],[126.926091,35.138046],[126.926037,35.138061],[126.926055,35.138104],[126.926069,35.1381],[126.926114,35.138208],[126.92614,35.1382],[126.926212,35.138147],[126.92616,35.138051]]]]}},{"type":"Feature","id":"2007193212601824281400000000","properties":{"id":"2007193212601824281400000000","pnu":"1221011800105060000","year":2007,"purpose":"기타","floors":1,"structure":"경량철골구조"},"geometry":{"type":"MultiPolygon","coordinates":[[[[126.926073,35.141039],[126.926167,35.141029],[126.926167,35.141013],[126.926503,35.140997],[126.926508,35.141015],[126.926594,35.141011],[126.926586,35.140884],[126.926068,35.140911],[126.926073,35.141039]]]]}},{"type":"Feature","id":"2007193258921831392000000000","properties":{"id":"2007193258921831392000000000","pnu":"1221010800101420006","year":2007,"purpose":"제2종 근린생활시설","far":54.87,"floors":1,"structure":"기타강구조"},"geometry":{"type":"MultiPolygon","coordinates":[[[[126.926766,35.147356],[126.926764,35.147398],[126.926878,35.147388],[126.926894,35.147359],[126.926916,35.147366],[126.926922,35.147354],[126.92684,35.147327],[126.926766,35.147356]]]]}},{"type":"Feature","id":"2007193311031829116500000000","properties":{"id":"2007193311031829116500000000","pnu":"1221011800104260002","year":2007,"purpose":"제2종 근린생활시설","far":59.28,"floors":1,"structure":"경량철골구조"},"geometry":{"type":"MultiPolygon","coordinates":[[[[126.927415,35.145371],[126.927476,35.145317],[126.927397,35.145257],[126.927337,35.145311],[126.927415,35.145371]]]]}},{"type":"Feature","id":"2007193314501821321700000000","properties":{"id":"2007193314501821321700000000","pnu":"1221012200105390000","year":2007,"purpose":"기타","far":1.2160454,"floors":4,"structure":"철근콘크리트구조"},"geometry":{"type":"MultiPolygon","coordinates":[[[[126.927339,35.138443],[126.927596,35.138335],[126.927605,35.138348],[126.927672,35.13832],[126.927558,35.138131],[126.92723,35.138269],[126.927339,35.138443]]]]}},{"type":"Feature","id":"2007193321411831617900000000","properties":{"id":"2007193321411831617900000000","pnu":"1221010800101420047","year":2007,"purpose":"제2종 근린생활시설","far":59.21,"floors":1,"structure":"경량철골구조"},"geometry":{"type":"MultiPolygon","coordinates":[[[[126.927469,35.147528],[126.927455,35.147584],[126.927573,35.147609],[126.92758,35.14758],[126.92756,35.147545],[126.927469,35.147528]]]]}},{"type":"Feature","id":"2007193378981831292300000000","properties":{"id":"2007193378981831292300000000","pnu":"1221010800101230002","year":2007,"purpose":"제2종 근린생활시설","far":203.01,"floors":4,"structure":"일반철골구조"},"geometry":{"type":"MultiPolygon","coordinates":[[[[126.92813,35.147352],[126.928212,35.147351],[126.92823,35.147221],[126.928049,35.147213],[126.928049,35.147228],[126.92813,35.147352]]]]}},{"type":"Feature","id":"2007193454221831350800000000","properties":{"id":"2007193454221831350800000000","pnu":"1221010800101150008","year":2007,"purpose":"제2종 근린생활시설"},"geometry":{"type":"MultiPolygon","coordinates":[[[[126.929071,35.147443],[126.928975,35.147284],[126.928996,35.147275],[126.928987,35.14726],[126.929004,35.147253],[126.929075,35.147224],[126.929047,35.147178],[126.928975,35.147213],[126.928931,35.147235],[126.92894,35.147248],[126.928864,35.147278],[126.928971,35.147456],[126.92901,35.147467],[126.929071,35.147443]]]]}},{"type":"Feature","id":"2008192777631823707900000000","properties":{"id":"2008192777631823707900000000","pnu":"1221012200100630004","year":2008,"purpose":"제2종 근린생활시설","far":158.44,"floors":2,"structure":"블록구조"},"geometry":{"type":"MultiPolygon","coordinates":[[[[126.921518,35.140453],[126.921549,35.140463],[126.921553,35.140456],[126.921585,35.140464],[126.921601,35.14043],[126.921539,35.140396],[126.921518,35.140453]]]]}},{"type":"Feature","id":"2008192818851827896000000000","properties":{"id":"2008192818851827896000000000","pnu":"1221011800101160002","year":2008,"purpose":"단독주택","far":147.51,"floors":3,"structure":"철근콘크리트구조"},"geometry":{"type":"MultiPolygon","coordinates":[[[[126.921891,35.1442],[126.922078,35.144286],[126.922122,35.144221],[126.921935,35.144135],[126.921891,35.1442]]]]}},{"type":"Feature","id":"2008192878291830775400000000","properties":{"id":"2008192878291830775400000000","pnu":"1221011800100420015","year":2008,"purpose":"제2종 근린생활시설","far":155.77,"floors":3,"structure":"철근콘크리트구조"},"geometry":{"type":"MultiPolygon","coordinates":[[[[126.922691,35.146871],[126.922739,35.146828],[126.922626,35.146742],[126.922571,35.146783],[126.922691,35.146871]]]]}},{"type":"Feature","id":"2008192897291827300000000000","properties":{"id":"2008192897291827300000000000","pnu":"1221011800101000002","year":2008,"purpose":"단독주택","far":174.4828,"floors":3,"structure":"철근콘크리트구조"},"geometry":{"type":"MultiPolygon","coordinates":[[[[126.922953,35.143672],[126.922842,35.143611],[126.922786,35.143678],[126.922888,35.143735],[126.922953,35.143672]]]]}},{"type":"Feature","id":"2008192907011828153000000000","properties":{"id":"2008192907011828153000000000","pnu":"1221011800100940002","year":2008,"purpose":"단독주택","far":174.61,"floors":3,"structure":"철근콘크리트구조"},"geometry":{"type":"MultiPolygon","coordinates":[[[[126.922878,35.144447],[126.922977,35.144521],[126.923071,35.144436],[126.923038,35.144412],[126.923035,35.144415],[126.92299,35.144382],[126.922994,35.144379],[126.922972,35.144362],[126.922878,35.144447]]]]}},{"type":"Feature","id":"2008192976191827873700000000","properties":{"id":"2008192976191827873700000000","pnu":"1221011800100950002","year":2008,"purpose":"단독주택","far":182.34,"floors":4,"structure":"철근콘크리트구조"},"geometry":{"type":"MultiPolygon","coordinates":[[[[126.923766,35.14429],[126.923851,35.144154],[126.9237,35.144091],[126.923616,35.144232],[126.923766,35.14429]]]]}},{"type":"Feature","id":"2008193014381821636700000000","properties":{"id":"2008193014381821636700000000","pnu":"1221012200100440011","year":2008,"purpose":"단독주택","far":48.6,"floors":1,"structure":"철근콘크리트구조"},"geometry":{"type":"MultiPolygon","coordinates":[[[[126.924095,35.138597],[126.924146,35.138631],[126.924151,35.138625],[126.924153,35.138627],[126.924224,35.138555],[126.924152,35.138507],[126.924122,35.138536],[126.92414,35.138548],[126.924098,35.13859],[126.9241,35.138591],[126.924095,35.138597]]]]}},{"type":"Feature","id":"2008193019631828934800000000","properties":{"id":"2008193019631828934800000000","pnu":"1221011800100260007","year":2008,"purpose":"단독주택","far":165.2763,"floors":4,"structure":"철근콘크리트구조"},"geometry":{"type":"MultiPolygon","coordinates":[[[[126.924168,35.145224],[126.924232,35.145193],[126.924241,35.145206],[126.924293,35.145181],[126.924239,35.145105],[126.924253,35.145098],[126.924227,35.145061],[126.92416,35.145093],[126.924169,35.145105],[126.924156,35.145112],[126.924172,35.145135],[126.92414,35.14515],[126.924154,35.145169],[126.924135,35.145178],[126.924168,35.145224]]]]}},{"type":"Feature","id":"2008193050281821927100000000","properties":{"id":"2008193050281821927100000000","pnu":"1221012200100280005","year":2008,"purpose":"제2종 근린생활시설","far":199.5,"floors":4,"structure":"철근콘크리트구조"},"geometry":{"type":"MultiPolygon","coordinates":[[[[126.924426,35.138792],[126.92461,35.138933],[126.924641,35.138906],[126.924638,35.138904],[126.924671,35.138875],[126.924655,35.138862],[126.92466,35.138858],[126.924495,35.138732],[126.924426,35.138792]]]]}},{"type":"Feature","id":"2008193228571831180400000000","properties":{"id":"2008193228571831180400000000","pnu":"1221010800101370006","year":2008,"purpose":"제2종 근린생활시설","far":155.38,"floors":3,"structure":"철근콘크리트구조"},"geometry":{"type":"MultiPolygon","coordinates":[[[[126.926467,35.147223],[126.926568,35.147177],[126.926532,35.147124],[126.926431,35.14717],[126.926467,35.147223]]]]}},{"type":"Feature","id":"2008193272541829170900000000","properties":{"id":"2008193272541829170900000000","pnu":"1221011800104280001","year":2008,"purpose":"제2종 근린생활시설","far":65.35,"floors":2,"structure":"경량철골구조"},"geometry":{"type":"MultiPolygon","coordinates":[[[[126.926969,35.145415],[126.927043,35.145341],[126.926999,35.145312],[126.926925,35.145381],[126.926969,35.145415]]]]}},{"type":"Feature","id":"2008193366871829054500000000","properties":{"id":"2008193366871829054500000000","pnu":"1221011800104240009","year":2008,"purpose":"단독주택","far":176.61,"floors":4,"structure":"철근콘크리트구조"},"geometry":{"type":"MultiPolygon","coordinates":[[[[126.927977,35.145326],[126.927995,35.145306],[126.928016,35.145314],[126.928024,35.145313],[126.928052,35.145279],[126.928069,35.145285],[126.928077,35.145275],[126.928082,35.145277],[126.928116,35.145239],[126.92807,35.145215],[126.928022,35.145182],[126.927927,35.145299],[126.927977,35.145326]]]]}},{"type":"Feature","id":"2008193374021827421900000000","properties":{"id":"2008193374021827421900000000","pnu":"1221011800104210000","year":2008,"purpose":"기타","far":0.38,"floors":1,"structure":"경량철골구조"},"geometry":{"type":"MultiPolygon","coordinates":[[[[126.927486,35.143699],[126.927517,35.144019],[126.927616,35.144012],[126.9276,35.143851],[126.928054,35.14381],[126.928059,35.143872],[126.928045,35.143873],[126.928049,35.14393],[126.928186,35.143925],[126.928177,35.143867],[126.92816,35.143868],[126.928153,35.143804],[126.928612,35.143766],[126.928634,35.143929],[126.928725,35.143923],[126.928683,35.143601],[126.928595,35.143607],[126.9286,35.143667],[126.927581,35.143753],[126.927569,35.143692],[126.927486,35.143699]]]]}},{"type":"Feature","id":"2008193377441828935200000000","properties":{"id":"2008193377441828935200000000","pnu":"1221011800104220002","year":2008,"purpose":"단독주택"},"geometry":{"type":"MultiPolygon","coordinates":[[[[126.92809,35.145193],[126.928111,35.145178],[126.928172,35.145235],[126.928241,35.145185],[126.92817,35.145119],[126.928165,35.145123],[126.928156,35.145115],[126.928162,35.145111],[126.928111,35.145065],[126.928031,35.145123],[126.928079,35.145168],[126.92807,35.145174],[126.92809,35.145193]]]]}},{"type":"Feature","id":"2009192657011825575800000000","properties":{"id":"2009192657011825575800000000","pnu":"1221012200101180000","year":2009,"purpose":"제1종 근린생활시설"},"geometry":{"type":"MultiPolygon","coordinates":[[[[126.920073,35.142138],[126.920119,35.142164],[126.920115,35.142168],[126.920161,35.142194],[126.920164,35.142191],[126.920234,35.14223],[126.920273,35.142184],[126.920279,35.142188],[126.920317,35.142188],[126.920405,35.142083],[126.920338,35.142045],[126.92031,35.142077],[126.920182,35.142005],[126.920114,35.142086],[126.920115,35.142087],[126.920073,35.142138]]]]}},{"type":"Feature","id":"2009192697361824864500000000","properties":{"id":"2009192697361824864500000000","pnu":"1221012200101100000","year":2009,"purpose":"제2종 근린생활시설"},"geometry":{"type":"MultiPolygon","coordinates":[[[[126.920621,35.141505],[126.920653,35.141518],[126.920658,35.14151],[126.920686,35.141522],[126.92073,35.141453],[126.92067,35.141428],[126.920621,35.141505]]]]}},{"type":"Feature","id":"2009192844621830919000000000","properties":{"id":"2009192844621830919000000000","pnu":"1221011800100470001","year":2009,"purpose":"기타","far":255.35,"floors":6,"structure":"철근콘크리트구조"},"geometry":{"type":"MultiPolygon","coordinates":[[[[126.922102,35.14708],[126.922389,35.147083],[126.922392,35.147082],[126.922393,35.14708],[126.922393,35.147069],[126.922466,35.147069],[126.922474,35.146793],[126.922307,35.146792],[126.922306,35.146798],[126.92225,35.146798],[126.922251,35.146789],[126.922187,35.146789],[126.922187,35.146788],[126.922179,35.146788],[126.922179,35.146789],[126.922105,35.146788],[126.922104,35.146889],[126.922115,35.146889],[126.922114,35.146959],[126.922103,35.146959],[126.922102,35.14708]]]]}},{"type":"Feature","id":"2009192911311831506300000000","properties":{"id":"2009192911311831506300000000","pnu":"1221010700101010025","year":2009,"purpose":"기타","far":199.46,"floors":5,"structure":"철근콘크리트구조"},"geometry":{"type":"MultiPolygon","coordinates":[[[[126.923053,35.147534],[126.923096,35.14749],[126.923023,35.147428],[126.923031,35.147421],[126.922998,35.147396],[126.922937,35.147448],[126.923053,35.147534]]]]}},{"type":"Feature","id":"2009192938131827729200000000","properties":{"id":"2009192938131827729200000000","pnu":"1221011800100970039","year":2009,"purpose":"단독주택","far":199.3082,"floors":4,"structure":"철근콘크리트구조"},"geometry":{"type":"MultiPolygon","coordinates":[[[[126.923364,35.144115],[126.923391,35.144066],[126.923266,35.144007],[126.923238,35.144053],[126.923364,35.144115]]]]}},{"type":"Feature","id":"2009192950641827801600000000","properties":{"id":"2009192950641827801600000000","pnu":"1221011800100970042","year":2009,"purpose":"단독주택","far":203.64,"floors":4,"structure":"철근콘크리트구조"},"geometry":{"type":"MultiPolygon","coordinates":[[[[126.923517,35.144097],[126.923429,35.144069],[126.923388,35.144156],[126.923476,35.144183],[126.923517,35.144097]]]]}},{"type":"Feature","id":"2009193057421829105500000000","properties":{"id":"2009193057421829105500000000","pnu":"1221011800100190007","year":2009,"purpose":"단독주택"},"geometry":{"type":"MultiPolygon","coordinates":[[[[126.924565,35.145374],[126.924706,35.145304],[126.924708,35.145297],[126.924702,35.145289],[126.924723,35.145279],[126.924686,35.14523],[126.92452,35.145312],[126.924565,35.145374]]]]}},{"type":"Feature","id":"2009193356491828977500000000","properties":{"id":"2009193356491828977500000000","pnu":"1221011800104240008","year":2009,"purpose":"단독주택","far":170.68,"floors":4,"structure":"철근콘크리트구조"},"geometry":{"type":"MultiPolygon","coordinates":[[[[126.927816,35.145231],[126.927888,35.145272],[126.927992,35.145151],[126.927979,35.145139],[126.927946,35.14512],[126.927949,35.145117],[126.927925,35.145103],[126.927816,35.145231]]]]}},{"type":"Feature","id":"2009193422701832038100000000","properties":{"id":"2009193422701832038100000000","pnu":"1221010800100900001","year":2009,"purpose":"제2종 근린생활시설"},"geometry":{"type":"MultiPolygon","coordinates":[[[[126.928543,35.147951],[126.928592,35.148043],[126.928637,35.148057],[126.928669,35.147997],[126.928658,35.147996],[126.928719,35.147872],[126.92868,35.147861],[126.928676,35.14787],[126.928661,35.147864],[126.928656,35.147878],[126.928647,35.147875],[126.928652,35.147864],[126.928613,35.14785],[126.928575,35.147928],[126.928587,35.147932],[126.92858,35.147944],[126.928568,35.147954],[126.928564,35.147942],[126.928543,35.147951]]]]}},{"type":"Feature","id":"2010192738231826380000000000","properties":{"id":"2010192738231826380000000000","pnu":"1221011200100700006","year":2010,"purpose":"제1종 근린생활시설","far":202.76,"floors":4,"structure":"경량철골구조"},"geometry":{"type":"MultiPolygon","coordinates":[[[[126.921015,35.14288],[126.921112,35.142921],[126.921131,35.142891],[126.921155,35.142901],[126.921169,35.142878],[126.921195,35.142889],[126.921237,35.142824],[126.921199,35.142808],[126.921201,35.142804],[126.921103,35.142763],[126.921094,35.142778],[126.921082,35.142773],[126.921081,35.142775],[126.921081,35.142775],[126.921015,35.14288]]]]}},{"type":"Feature","id":"2010192743601826516700000000","properties":{"id":"2010192743601826516700000000","pnu":"1221011200100700009","year":2010,"purpose":"제2종 근린생활시설","far":53.16,"floors":1,"structure":"경량철골구조"},"geometry":{"type":"MultiPolygon","coordinates":[[[[126.921204,35.14302],[126.921257,35.142943],[126.921198,35.142916],[126.921175,35.142951],[126.921129,35.14293],[126.9211,35.142972],[126.921204,35.14302]]]]}},{"type":"Feature","id":"2010193013331826492000000000","properties":{"id":"2010193013331826492000000000","pnu":"1221011800104720011","year":2010,"purpose":"단독주택","far":151.36,"floors":3,"structure":"철근콘크리트구조"},"geometry":{"type":"MultiPolygon","coordinates":[[[[126.924075,35.142903],[126.924069,35.142939],[126.924107,35.142983],[126.924118,35.142976],[126.924156,35.14302],[126.924227,35.142979],[126.924206,35.142955],[126.924132,35.14287],[126.924075,35.142903]]]]}},{"type":"Feature","id":"2010193043191826164700000000","properties":{"id":"2010193043191826164700000000","pnu":"1221011800104730017","year":2010,"purpose":"단독주택","far":148.28,"floors":3,"structure":"철근콘크리트구조"},"geometry":{"type":"MultiPolygon","coordinates":[[[[126.924418,35.142637],[126.924418,35.142637],[126.924411,35.142667],[126.924429,35.1427],[126.924512,35.14267],[126.924523,35.142692],[126.924539,35.142686],[126.924494,35.142596],[126.924488,35.142595],[126.924418,35.142637]]]]}},{"type":"Feature","id":"2010193048601827055700000000","properties":{"id":"2010193048601827055700000000","pnu":"1221011800104700000","year":2010,"purpose":"단독주택"},"geometry":{"type":"MultiPolygon","coordinates":[[[[126.924465,35.143543],[126.92451,35.143519],[126.924503,35.14351],[126.924546,35.143488],[126.924543,35.143484],[126.924568,35.14347],[126.924566,35.143468],[126.924649,35.143419],[126.924634,35.143399],[126.924587,35.143381],[126.924567,35.143391],[126.924419,35.143468],[126.924458,35.143518],[126.924449,35.143522],[126.924465,35.143543]]]]}},{"type":"Feature","id":"2010193050831826313100000000","properties":{"id":"2010193050831826313100000000","pnu":"1221011800104730015","year":2010,"purpose":"단독주택","far":153.89,"floors":3,"structure":"철근콘크리트구조"},"geometry":{"type":"MultiPolygon","coordinates":[[[[126.924573,35.142866],[126.924573,35.142865],[126.924603,35.142844],[126.9246,35.142839],[126.924627,35.142828],[126.924552,35.142705],[126.924487,35.142733],[126.924487,35.142733],[126.924487,35.142733],[126.924486,35.142733],[126.924476,35.142737],[126.924563,35.142872],[126.924573,35.142866],[126.924573,35.142866],[126.924573,35.142866]]]]}},{"type":"Feature","id":"2010193154521829443800000000","properties":{"id":"2010193154521829443800000000","pnu":"1221011800100070018","year":2010,"purpose":"단독주택","far":176.95,"floors":3,"structure":"철근콘크리트구조"},"geometry":{"type":"MultiPolygon","coordinates":[[[[126.925666,35.145665],[126.925725,35.145643],[126.925729,35.145649],[126.925759,35.145638],[126.925711,35.145552],[126.925703,35.14555],[126.925619,35.145582],[126.925666,35.145665]]]]}},{"type":"Feature","id":"2010193449111831137400000000","properties":{"id":"2010193449111831137400000000","pnu":"1221010800101160011","year":2010,"purpose":"제2종 근린생활시설"},"geometry":{"type":"MultiPolygon","coordinates":[[[[126.928853,35.147138],[126.928849,35.147133],[126.92884,35.147136],[126.928835,35.147128],[126.928821,35.147133],[126.928815,35.147124],[126.928777,35.147139],[126.928823,35.147216],[126.928862,35.1472],[126.928859,35.147195],[126.92887,35.147191],[126.928888,35.14722],[126.928937,35.147199],[126.929052,35.147072],[126.928986,35.147031],[126.928917,35.147107],[126.92892,35.147108],[126.928903,35.147126],[126.928873,35.147138],[126.928872,35.147136],[126.928861,35.147141],[126.928853,35.147138]]]]}},{"type":"Feature","id":"2011192563271825625600000000","properties":{"id":"2011192563271825625600000000","pnu":"1221011400101850001","year":2011,"purpose":"제1종 근린생활시설"},"geometry":{"type":"MultiPolygon","coordinates":[[[[126.919185,35.142205],[126.919191,35.142194],[126.919267,35.142218],[126.919302,35.142143],[126.919235,35.142123],[126.91923,35.142131],[126.919142,35.142105],[126.919106,35.142181],[126.919185,35.142205]]]]}},{"type":"Feature","id":"2011192585881827304300000000","properties":{"id":"2011192585881827304300000000","pnu":"1221011200101410002","year":2011,"purpose":"제2종 근린생활시설","far":79.48,"floors":1,"structure":"경량철골구조"},"geometry":{"type":"MultiPolygon","coordinates":[[[[126.919416,35.143612],[126.919367,35.143667],[126.919484,35.143738],[126.919534,35.143683],[126.919416,35.143612]]]]}},{"type":"Feature","id":"2011192761361826629400000000","properties":{"id":"2011192761361826629400000000","pnu":"1221011200100700003","year":2011,"purpose":"기타","floors":4,"structure":"철근콘크리트구조"},"geometry":{"type":"MultiPolygon","coordinates":[[[[126.921227,35.143037],[126.921231,35.143047],[126.921299,35.143075],[126.921304,35.143067],[126.921347,35.143085],[126.921343,35.143092],[126.921423,35.143124],[126.921417,35.143134],[126.92152,35.143175],[126.921537,35.143146],[126.921483,35.143124],[126.921498,35.143098],[126.92145,35.143078],[126.921466,35.143052],[126.921386,35.14302],[126.921383,35.143024],[126.921263,35.142976],[126.921227,35.143037]]]]}},{"type":"Feature","id":"2011192782571826636400000000","properties":{"id":"2011192782571826636400000000","pnu":"1221011200100700003","year":2011,"purpose":"기타","floors":4,"structure":"철근콘크리트구조"},"geometry":{"type":"MultiPolygon","coordinates":[[[[126.921508,35.143124],[126.921631,35.143173],[126.92167,35.143107],[126.921657,35.143101],[126.92169,35.143045],[126.921696,35.143047],[126.921706,35.14303],[126.9217,35.143028],[126.921705,35.143019],[126.921596,35.142975],[126.921508,35.143124]]]]}},{"type":"Feature","id":"2011192856221827922200000000","properties":{"id":"2011192856221827922200000000","pnu":"1221011800101060018","year":2011,"purpose":"단독주택","far":147.93,"floors":3,"structure":"철근콘크리트구조"},"geometry":{"type":"MultiPolygon","coordinates":[[[[126.922316,35.144267],[126.922347,35.144291],[126.92235,35.144287],[126.922369,35.144302],[126.922375,35.144298],[126.922391,35.144311],[126.922515,35.144204],[126.922452,35.144155],[126.92243,35.144173],[126.922427,35.144171],[126.922316,35.144267]]]]}},{"type":"Feature","id":"2011192857571827762100000000","properties":{"id":"2011192857571827762100000000","pnu":"1221011800101180002","year":2011,"purpose":"단독주택","far":142.65,"floors":3,"structure":"철근콘크리트구조"},"geometry":{"type":"MultiPolygon","coordinates":[[[[126.922526,35.144051],[126.922484,35.14402],[126.922465,35.144037],[126.922448,35.144025],[126.922339,35.144127],[126.922339,35.144127],[126.922389,35.144163],[126.92245,35.144121],[126.922526,35.144051]]]]}},{"type":"Feature","id":"2011192868071827996700000000","properties":{"id":"2011192868071827996700000000","pnu":"1221011800101060000","year":2011,"purpose":"단독주택"},"geometry":{"type":"MultiPolygon","coordinates":[[[[126.922509,35.144349],[126.922523,35.144337],[126.922568,35.144371],[126.922641,35.144307],[126.922537,35.144227],[126.92245,35.144304],[126.922509,35.144349]]]]}},{"type":"Feature","id":"2011193070511829905000000000","properties":{"id":"2011193070511829905000000000","pnu":"1221011800100170013","year":2011,"purpose":"단독주택","far":161.39,"floors":3,"structure":"철근콘크리트구조"},"geometry":{"type":"MultiPolygon","coordinates":[[[[126.924773,35.146069],[126.924853,35.146019],[126.924788,35.145949],[126.924685,35.146014],[126.924727,35.146059],[126.924735,35.146054],[126.924735,35.146055],[126.924741,35.146062],[126.924734,35.146066],[126.924709,35.14609],[126.924737,35.146109],[126.924775,35.146072],[126.924773,35.146069]]]]}},{"type":"Feature","id":"2011193102541827462700000000","properties":{"id":"2011193102541827462700000000","pnu":"1221011800104670011","year":2011,"purpose":"단독주택","far":109.58,"floors":2,"structure":"철근콘크리트구조"},"geometry":{"type":"MultiPolygon","coordinates":[[[[126.925099,35.143874],[126.92518,35.143839],[126.925175,35.143832],[126.92518,35.14383],[126.925141,35.143769],[126.925055,35.143806],[126.925099,35.143874]]]]}},{"type":"Feature","id":"2011193144771830344800000000","properties":{"id":"2011193144771830344800000000","pnu":"1221011800100100026","year":2011,"purpose":"단독주택"},"geometry":{"type":"MultiPolygon","coordinates":[[[[126.92545,35.146431],[126.925481,35.146472],[126.925488,35.146468],[126.92552,35.146511],[126.925551,35.146495],[126.925543,35.146485],[126.925592,35.14646],[126.9256,35.146471],[126.925631,35.146455],[126.925623,35.146445],[126.925647,35.146432],[126.925655,35.146443],[126.925709,35.146416],[126.925647,35.146332],[126.92545,35.146431]]]]}},{"type":"Feature","id":"2011193275441828887500000000","properties":{"id":"2011193275441828887500000000","pnu":"1221011800104280007","year":2011,"purpose":"단독주택","far":168.15,"floors":3,"structure":"철근콘크리트구조"},"geometry":{"type":"MultiPolygon","coordinates":[[[[126.927085,35.145114],[126.927002,35.145052],[126.926946,35.145102],[126.926993,35.145137],[126.926996,35.145134],[126.927033,35.145162],[126.927085,35.145114]]]]}},{"type":"Feature","id":"2011193383921828656100000000","properties":{"id":"2011193383921828656100000000","pnu":"1221011800104230006","year":2011,"purpose":"단독주택"},"geometry":{"type":"MultiPolygon","coordinates":[[[[126.928085,35.144928],[126.928141,35.144988],[126.928328,35.14487],[126.928272,35.14481],[126.928085,35.144928]]]]}},{"type":"Feature","id":"2012192616301824033900000000","properties":{"id":"2012192616301824033900000000","pnu":"1221012200101030009","year":2012,"purpose":"단독주택","far":51.92,"floors":1,"structure":"기타강구조"},"geometry":{"type":"MultiPolygon","coordinates":[[[[126.919819,35.140766],[126.919823,35.140696],[126.91976,35.140688],[126.919747,35.140757],[126.919819,35.140766]]]]}},{"type":"Feature","id":"2012192621131822727700000000","properties":{"id":"2012192621131822727700000000","pnu":"1221012200100810027","year":2012,"purpose":"제2종 근린생활시설","far":73.23,"floors":1,"structure":"일반철골구조"},"geometry":{"type":"MultiPolygon","coordinates":[[[[126.919887,35.139653],[126.919972,35.139547],[126.919786,35.139445],[126.919718,35.13956],[126.919887,35.139653]]]]}},{"type":"Feature","id":"2012192629111826677300000000","properties":{"id":"2012192629111826677300000000","pnu":"1221011200101260000","year":2012,"purpose":"제2종 근린생활시설","far":113.47,"floors":2,"structure":"철근콘크리트구조"},"geometry":{"type":"MultiPolygon","coordinates":[[[[126.91977,35.143123],[126.919977,35.143215],[126.919984,35.143208],[126.919986,35.143209],[126.920074,35.14311],[126.919886,35.142997],[126.919774,35.143122],[126.919772,35.143121],[126.91977,35.143123]]]]}},{"type":"Feature","id":"2012192659091824918400000000","properties":{"id":"2012192659091824918400000000","pnu":"1221012200101260001","year":2012,"purpose":"단독주택","far":216.4,"floors":4,"structure":"철근콘크리트구조"},"geometry":{"type":"MultiPolygon","coordinates":[[[[126.920235,35.141443],[126.920162,35.141552],[126.920283,35.141607],[126.920335,35.14153],[126.920337,35.141524],[126.920337,35.141518],[126.920333,35.141512],[126.920327,35.141508],[126.920321,35.141505],[126.920325,35.1415],[126.920308,35.141492],[126.920319,35.141475],[126.920268,35.141452],[126.920265,35.141456],[126.920235,35.141443]]]]}},{"type":"Feature","id":"2012192789941822121000000000","properties":{"id":"2012192789941822121000000000","pnu":"1221012200100550151","year":2012,"purpose":"기타","far":2.7,"floors":1,"structure":"철근콘크리트구조"},"geometry":{"type":"MultiPolygon","coordinates":[[[[126.92161,35.138944],[126.921732,35.139075],[126.921738,35.139071],[126.921754,35.139089],[126.921777,35.139074],[126.921761,35.139057],[126.921766,35.139053],[126.921644,35.138922],[126.92161,35.138944]]]]}},{"type":"Feature","id":"2012192832801830237600000000","properties":{"id":"2012192832801830237600000000","pnu":"1221011800100470025","year":2012,"purpose":"공동주택","far":235.92,"floors":7,"structure":"철골철근콘크리트구조"},"geometry":{"type":"MultiPolygon","coordinates":[[[[126.922075,35.146201],[126.922073,35.146421],[126.922182,35.146422],[126.922182,35.146415],[126.922247,35.146416],[126.922247,35.14639],[126.922255,35.14639],[126.922256,35.146261],[126.922248,35.146261],[126.922248,35.14626],[126.922209,35.14626],[126.922209,35.146239],[126.922182,35.146239],[126.922138,35.146201],[126.922075,35.146201]]]]}},{"type":"Feature","id":"2012192834951828360500000000","properties":{"id":"2012192834951828360500000000","pnu":"1221011800101090001","year":2012,"purpose":"단독주택","far":203.9103,"floors":4,"structure":"철근콘크리트구조"},"geometry":{"type":"MultiPolygon","coordinates":[[[[126.922084,35.144638],[126.922144,35.144675],[126.922155,35.144662],[126.922211,35.144697],[126.922227,35.14468],[126.922234,35.144684],[126.92228,35.144635],[126.922227,35.144602],[126.922233,35.144596],[126.922169,35.144556],[126.92215,35.144576],[126.922144,35.144572],[126.922084,35.144638]]]]}},{"type":"Feature","id":"2012192855901830166000000000","properties":{"id":"2012192855901830166000000000","pnu":"1221011800100470025","year":2012,"purpose":"제2종 근린생활시설","floors":1,"structure":"기타강구조"},"geometry":{"type":"MultiPolygon","coordinates":[[[[126.922417,35.146241],[126.92239,35.146258],[126.922404,35.146273],[126.922431,35.146256],[126.922417,35.146241]]]]}},{"type":"Feature","id":"2012192897371831287600000000","properties":{"id":"2012192897371831287600000000","pnu":"1221010700101010065","year":2012,"purpose":"단독주택","far":125.15,"floors":3,"structure":"철근콘크리트구조"},"geometry":{"type":"MultiPolygon","coordinates":[[[[126.922744,35.14731],[126.922833,35.147375],[126.922948,35.147268],[126.922923,35.14725],[126.922985,35.147193],[126.922948,35.147166],[126.922935,35.147178],[126.922931,35.147175],[126.922926,35.147175],[126.922924,35.147177],[126.922916,35.147172],[126.922908,35.147179],[126.922895,35.14717],[126.922744,35.14731]]]]}},{"type":"Feature","id":"2012193058341821462400000000","properties":{"id":"2012193058341821462400000000","pnu":"1221012200100290016","year":2012,"purpose":"단독주택","far":156.63,"floors":3,"structure":"철근콘크리트구조"},"geometry":{"type":"MultiPolygon","coordinates":[[[[126.924716,35.138379],[126.924658,35.138351],[126.924624,35.138397],[126.924612,35.138391],[126.924564,35.138408],[126.924553,35.138422],[126.924591,35.138441],[126.924587,35.138445],[126.924646,35.138474],[126.924716,35.138379]]]]}},{"type":"Feature","id":"2012193066231825282200000000","properties":{"id":"2012193066231825282200000000","pnu":"1221012200105220003","year":2012,"purpose":"공동주택","far":177.21,"floors":5,"structure":"철근콘크리트구조"},"geometry":{"type":"MultiPolygon","coordinates":[[[[126.924598,35.141821],[126.924616,35.141828],[126.924609,35.14184],[126.924628,35.141847],[126.924623,35.141857],[126.924633,35.141875],[126.924684,35.141895],[126.924687,35.141891],[126.924705,35.141898],[126.924701,35.141904],[126.924805,35.141945],[126.924842,35.141881],[126.924832,35.141877],[126.924847,35.141853],[126.924629,35.141767],[126.924598,35.141821]]]]}},{"type":"Feature","id":"2012193097411828808100000000","properties":{"id":"2012193097411828808100000000","pnu":"1221011800100210008","year":2012,"purpose":"단독주택","far":203.47,"floors":4,"structure":"철근콘크리트구조"},"geometry":{"type":"MultiPolygon","coordinates":[[[[126.925154,35.145011],[126.925147,35.145],[126.925165,35.144992],[126.925131,35.144941],[126.925129,35.144942],[126.925122,35.144931],[126.924975,35.144998],[126.924963,35.145032],[126.92504,35.145146],[126.925128,35.145107],[126.925098,35.145062],[126.925114,35.145055],[126.925101,35.145036],[126.925154,35.145012],[126.925154,35.145011]]]]}},{"type":"Feature","id":"2012193138021821163800000000","properties":{"id":"2012193138021821163800000000","pnu":"1221012200100310009","year":2012,"purpose":"공동주택","far":237.2,"floors":4,"structure":"철근콘크리트구조"},"geometry":{"type":"MultiPolygon","coordinates":[[[[126.925503,35.138073],[126.925423,35.13817],[126.92548,35.138202],[126.925488,35.138193],[126.92551,35.138205],[126.92553,35.13818],[126.925556,35.138194],[126.925608,35.138131],[126.925503,35.138073]]]]}},{"type":"Feature","id":"2012193159111829190900000000","properties":{"id":"2012193159111829190900000000","pnu":"1221011800100070025","year":2012,"purpose":"단독주택","far":187.63,"floors":4,"structure":"철근콘크리트구조"},"geometry":{"type":"MultiPolygon","coordinates":[[[[126.925667,35.145368],[126.925709,35.145434],[126.925811,35.145391],[126.925769,35.145325],[126.925667,35.145368]]]]}},{"type":"Feature","id":"2012193211411829550000000000","properties":{"id":"2012193211411829550000000000","pnu":"1221011800100060036","year":2012,"purpose":"제1종 근린생활시설","far":40.32,"floors":1,"structure":"경량철골구조"},"geometry":{"type":"MultiPolygon","coordinates":[[[[126.926269,35.145683],[126.926268,35.145685],[126.926264,35.145683],[126.926248,35.145707],[126.926346,35.145751],[126.926378,35.145701],[126.926311,35.145672],[126.926309,35.145675],[126.926306,35.145674],[126.926302,35.145664],[126.926292,35.145659],[126.926281,35.145659],[126.926271,35.145664],[126.926267,35.145673],[126.926269,35.145683]]]]}},{"type":"Feature","id":"2012193288331828955500000000","properties":{"id":"2012193288331828955500000000","pnu":"1221011800104280018","year":2012,"purpose":"단독주택","far":169.21,"floors":4,"structure":"철근콘크리트구조"},"geometry":{"type":"MultiPolygon","coordinates":[[[[126.927166,35.145227],[126.927199,35.145197],[126.927201,35.145198],[126.927242,35.145161],[126.927182,35.145116],[126.927139,35.145154],[126.927103,35.145128],[126.927063,35.145164],[126.927091,35.145185],[126.92709,35.145184],[126.927099,35.145176],[126.927107,35.145183],[126.927107,35.145183],[126.927105,35.145185],[126.927119,35.145195],[126.927121,35.145193],[126.927166,35.145227]]]]}},{"type":"Feature","id":"2012193314311828665400000000","properties":{"id":"2012193314311828665400000000","pnu":"1221011800104290003","year":2012,"purpose":"단독주택","far":167.1,"floors":3,"structure":"철근콘크리트구조"},"geometry":{"type":"MultiPolygon","coordinates":[[[[126.927498,35.144843],[126.927384,35.144893],[126.927366,35.144946],[126.927383,35.144973],[126.927472,35.144935],[126.927466,35.144926],[126.927532,35.144897],[126.927498,35.144843]]]]}},{"type":"Feature","id":"2012193322631828756600000000","properties":{"id":"2012193322631828756600000000","pnu":"1221011800104290002","year":2012,"purpose":"단독주택","far":158,"floors":3,"structure":"철근콘크리트구조"},"geometry":{"type":"MultiPolygon","coordinates":[[[[126.927457,35.14498],[126.927457,35.144979],[126.927441,35.144987],[126.927458,35.145011],[126.92747,35.145005],[126.927493,35.145037],[126.927499,35.145034],[126.927508,35.145047],[126.927561,35.145021],[126.927565,35.145026],[126.927621,35.144999],[126.927619,35.144996],[126.927619,35.144997],[126.927591,35.144957],[126.927571,35.144942],[126.927568,35.144943],[126.927559,35.14493],[126.927457,35.14498]]]]}},{"type":"Feature","id":"2012193333431828629700000000","properties":{"id":"2012193333431828629700000000","pnu":"1221011800104290001","year":2012,"purpose":"공동주택","far":166.3,"floors":4,"structure":"철근콘크리트구조"},"geometry":{"type":"MultiPolygon","coordinates":[[[[126.927674,35.144966],[126.92774,35.144937],[126.927724,35.144913],[126.927744,35.144904],[126.927665,35.144782],[126.92755,35.144832],[126.927629,35.144954],[126.927658,35.144942],[126.927674,35.144966]]]]}},{"type":"Feature","id":"2012193346091828587700000000","properties":{"id":"2012193346091828587700000000","pnu":"1221011800104290000","year":2012,"purpose":"공동주택","far":177.76,"floors":4,"structure":"철근콘크리트구조"},"geometry":{"type":"MultiPolygon","coordinates":[[[[126.927903,35.144916],[126.927903,35.144916],[126.927903,35.144916],[126.927905,35.144915],[126.927869,35.144859],[126.92786,35.144863],[126.927849,35.144846],[126.927841,35.144841],[126.927833,35.144845],[126.927821,35.144826],[126.927815,35.144823],[126.927808,35.144826],[126.927798,35.144811],[126.927781,35.144801],[126.927776,35.144793],[126.927805,35.144749],[126.927796,35.144734],[126.927773,35.144734],[126.927688,35.144771],[126.927689,35.144773],[126.927689,35.144773],[126.92769,35.144773],[126.92769,35.144773],[126.927764,35.144889],[126.927841,35.144919],[126.927853,35.144937],[126.927902,35.144916],[126.927903,35.144916]]]]}},{"type":"Feature","id":"2012193370001829554000000000","properties":{"id":"2012193370001829554000000000","pnu":"1221011100105140001","year":2012,"purpose":"단독주택","far":130.68,"floors":4,"structure":"철근콘크리트구조"},"geometry":{"type":"MultiPolygon","coordinates":[[[[126.927931,35.145626],[126.928037,35.145707],[126.928016,35.145725],[126.928026,35.145732],[126.927994,35.14576],[126.928092,35.145835],[126.928173,35.145764],[126.928077,35.14569],[126.928087,35.145682],[126.928068,35.145667],[126.928087,35.145649],[126.928087,35.145642],[126.928018,35.145589],[126.928008,35.145598],[126.927988,35.145583],[126.927974,35.145588],[126.927931,35.145626]]]]}},{"type":"Feature","id":"2013192574731826492600000000","properties":{"id":"2013192574731826492600000000","pnu":"1221011400101700001","year":2013,"purpose":"단독주택","far":21.81,"floors":1,"structure":"경량철골구조"},"geometry":{"type":"MultiPolygon","coordinates":[[[[126.919368,35.142931],[126.919304,35.142888],[126.919254,35.142938],[126.919346,35.143],[126.919406,35.142939],[126.919378,35.14292],[126.919368,35.142931]]]]}},{"type":"Feature","id":"2013192579731825363500000000","properties":{"id":"2013192579731825363500000000","pnu":"1221012200101370000","year":2013,"purpose":"제2종 근린생활시설","far":7.67,"floors":1,"structure":"철근콘크리트구조"},"geometry":{"type":"MultiPolygon","coordinates":[[[[126.919362,35.141887],[126.919366,35.141901],[126.91934,35.141937],[126.919402,35.14196],[126.919431,35.141921],[126.919384,35.141903],[126.919384,35.141886],[126.919362,35.141887]]]]}},{"type":"Feature","id":"2013192590201825266700000000","properties":{"id":"2013192590201825266700000000","pnu":"1221012200101370000","year":2013,"purpose":"단독주택","far":155.37,"floors":4,"structure":"철근콘크리트구조"},"geometry":{"type":"MultiPolygon","coordinates":[[[[126.919462,35.141779],[126.919461,35.141802],[126.91943,35.141802],[126.91941,35.141813],[126.919409,35.14183],[126.919384,35.14183],[126.919383,35.141905],[126.91944,35.141905],[126.919441,35.141888],[126.919565,35.141889],[126.919564,35.141902],[126.919598,35.141902],[126.9196,35.141804],[126.919596,35.141804],[126.919597,35.141785],[126.919575,35.141785],[126.919575,35.141776],[126.919552,35.141775],[126.919552,35.141761],[126.91949,35.141761],[126.919489,35.141779],[126.919462,35.141779]]]]}},{"type":"Feature","id":"2013192597691827823600000000","properties":{"id":"2013192597691827823600000000","pnu":"1221011200101640000","year":2013,"purpose":"제2종 근린생활시설","far":137.4,"floors":3,"structure":"철근콘크리트구조"},"geometry":{"type":"MultiPolygon","coordinates":[[[[126.919688,35.144101],[126.919572,35.144093],[126.919566,35.144109],[126.919501,35.144112],[126.919479,35.144162],[126.919465,35.144158],[126.919457,35.144175],[126.919471,35.144179],[126.919469,35.144184],[126.919487,35.144189],[126.919489,35.144184],[126.919512,35.144191],[126.919533,35.144178],[126.919649,35.144189],[126.919688,35.144101]]]]}},{"type":"Feature","id":"2013192642991822299000000000","properties":{"id":"2013192642991822299000000000","pnu":"1221012200100810038","year":2013,"purpose":"기타","far":63.13,"floors":1,"structure":"경량철골구조"},"geometry":{"type":"MultiPolygon","coordinates":[[[[126.920158,35.139154],[126.92006,35.139103],[126.920005,35.139174],[126.920103,35.139225],[126.920158,35.139154]]]]}},{"type":"Feature","id":"2013192729671824373600000000","properties":{"id":"2013192729671824373600000000","pnu":"1221012200100670000","year":2013,"purpose":"제1종 근린생활시설","far":7.83,"floors":1,"structure":"일반철골구조"},"geometry":{"type":"MultiPolygon","coordinates":[[[[126.920974,35.141044],[126.921046,35.141079],[126.921087,35.141026],[126.921014,35.14099],[126.920976,35.141043],[126.920974,35.141044]]]]}},{"type":"Feature","id":"2013192741671824501600000000","properties":{"id":"2013192741671824501600000000","pnu":"1221012200100670000","year":2013,"purpose":"제2종 근린생활시설","far":295.56,"floors":5,"structure":"일반철골구조"},"geometry":{"type":"MultiPolygon","coordinates":[[[[126.921003,35.141142],[126.921024,35.141153],[126.921019,35.141163],[126.921235,35.141273],[126.921329,35.141143],[126.921289,35.141119],[126.921278,35.141132],[126.921165,35.141077],[126.921174,35.141059],[126.921096,35.141026],[126.921042,35.141096],[126.921036,35.141095],[126.921003,35.141142]]]]}},{"type":"Feature","id":"2013192789131827032000000000","properties":{"id":"2013192789131827032000000000","pnu":"1221011200100670003","year":2013,"purpose":"단독주택","far":185.87,"floors":4,"structure":"철근콘크리트구조"},"geometry":{"type":"MultiPolygon","coordinates":[[[[126.921692,35.143498],[126.921724,35.143402],[126.92173,35.143396],[126.921736,35.143378],[126.921706,35.143371],[126.921666,35.14337],[126.921628,35.143484],[126.921692,35.143498]]]]}},{"type":"Feature","id":"2013192991571822139900000000","properties":{"id":"2013192991571822139900000000","pnu":"1221012200100280012","year":2013,"purpose":"단독주택","far":188.96,"floors":4,"structure":"철근콘크리트구조"},"geometry":{"type":"MultiPolygon","coordinates":[[[[126.923888,35.139106],[126.923937,35.139058],[126.923942,35.139062],[126.924001,35.139005],[126.924001,35.139005],[126.924006,35.139],[126.92392,35.13894],[126.923915,35.138945],[126.923915,35.138945],[126.923807,35.139049],[126.923888,35.139106]]]]}},{"type":"Feature","id":"2013193044391827548100000000","properties":{"id":"2013193044391827548100000000","pnu":"1221011800104680031","year":2013,"purpose":"공동주택","far":190.4711,"floors":4,"structure":"철근콘크리트구조"},"geometry":{"type":"MultiPolygon","coordinates":[[[[126.924338,35.143931],[126.924474,35.143958],[126.924477,35.143949],[126.924499,35.143954],[126.924497,35.143963],[126.924505,35.143964],[126.924508,35.143955],[126.924532,35.143959],[126.924528,35.143969],[126.924535,35.14397],[126.92454,35.143962],[126.924566,35.143965],[126.924579,35.143919],[126.92457,35.143918],[126.924578,35.143903],[126.924591,35.143905],[126.924604,35.143857],[126.924596,35.143846],[126.924574,35.143843],[126.924571,35.143851],[126.924548,35.143846],[126.92455,35.143837],[126.924542,35.143835],[126.924539,35.143843],[126.924518,35.14384],[126.924519,35.143831],[126.924511,35.143829],[126.924507,35.143838],[126.924503,35.143837],[126.924505,35.14383],[126.924479,35.143824],[126.924471,35.143847],[126.924444,35.143842],[126.924441,35.143852],[126.924417,35.143849],[126.924412,35.143866],[126.924381,35.143862],[126.924375,35.143878],[126.924363,35.143882],[126.924338,35.143931]]]]}},{"type":"Feature","id":"2013193054061827374200000000","properties":{"id":"2013193054061827374200000000","pnu":"1221011800104680036","year":2013,"purpose":"단독주택","far":126.8643,"floors":3,"structure":"철근콘크리트구조"},"geometry":{"type":"MultiPolygon","coordinates":[[[[126.92459,35.143814],[126.924666,35.143779],[126.924677,35.143771],[126.924644,35.143721],[126.924632,35.143726],[126.924627,35.143718],[126.924629,35.143716],[126.924594,35.143663],[126.924504,35.143704],[126.924538,35.143756],[126.924524,35.143762],[126.92455,35.1438],[126.924573,35.14379],[126.92459,35.143814]]]]}},{"type":"Feature","id":"2013193062211827622200000000","properties":{"id":"2013193062211827622200000000","pnu":"1221011800104680007","year":2013,"purpose":"공동주택","far":181.9095,"floors":4,"structure":"철근콘크리트구조"},"geometry":{"type":"MultiPolygon","coordinates":[[[[126.924729,35.144016],[126.924747,35.143953],[126.924712,35.143927],[126.924647,35.143914],[126.92462,35.143937],[126.924604,35.143991],[126.924729,35.144016]]]]}},{"type":"Feature","id":"2013193152581829886400000000","properties":{"id":"2013193152581829886400000000","pnu":"1221011800100080004","year":2013,"purpose":"단독주택","far":179.26,"floors":3,"structure":"철근콘크리트구조"},"geometry":{"type":"MultiPolygon","coordinates":[[[[126.925675,35.146079],[126.925722,35.146057],[126.92572,35.146054],[126.925736,35.146025],[126.925699,35.145973],[126.925693,35.145972],[126.925668,35.145983],[126.925657,35.145967],[126.925667,35.145962],[126.925656,35.145947],[126.925644,35.145939],[126.925636,35.145943],[126.925632,35.145938],[126.92559,35.145958],[126.925675,35.146079]]]]}},{"type":"Feature","id":"2013193349481829874300000000","properties":{"id":"2013193349481829874300000000","pnu":"1221011100105150005","year":2013,"purpose":"기타","far":100.71,"floors":2,"structure":"철근콘크리트구조"},"geometry":{"type":"MultiPolygon","coordinates":[[[[126.927693,35.145933],[126.92777,35.146051],[126.927817,35.14603],[126.927869,35.14611],[126.927957,35.146072],[126.927924,35.146022],[126.927921,35.146023],[126.927904,35.145998],[126.927907,35.145997],[126.927843,35.145898],[126.927768,35.145931],[126.927753,35.145907],[126.927693,35.145933]]]]}},{"type":"Feature","id":"2013193388191830149900000000","properties":{"id":"2013193388191830149900000000","pnu":"1221011100105170022","year":2013,"purpose":"제1종 근린생활시설","far":59.44,"floors":1,"structure":"경량철골구조"},"geometry":{"type":"MultiPolygon","coordinates":[[[[126.928235,35.146199],[126.928209,35.146232],[126.928235,35.14628],[126.928262,35.146295],[126.928294,35.146254],[126.928283,35.146248],[126.928296,35.146231],[126.928235,35.146199]]]]}},{"type":"Feature","id":"2013193399811828949700000000","properties":{"id":"2013193399811828949700000000","pnu":"1221011800104220008","year":2013,"purpose":"단독주택","far":178.85,"floors":3,"structure":"철근콘크리트구조"},"geometry":{"type":"MultiPolygon","coordinates":[[[[126.928364,35.145128],[126.928311,35.145166],[126.928364,35.145216],[126.92839,35.145197],[126.928397,35.145204],[126.928451,35.145167],[126.928389,35.145108],[126.928362,35.145127],[126.928364,35.145128]]]]}},{"type":"Feature","id":"2015192905501827473100000000","properties":{"id":"2015192905501827473100000000","pnu":"1221011800100970033","year":2015,"purpose":"공동주택","far":146.8952,"floors":4,"structure":"철근콘크리트구조"},"geometry":{"type":"MultiPolygon","coordinates":[[[[126.923039,35.143951],[126.923032,35.143883],[126.922976,35.143834],[126.922992,35.143822],[126.922981,35.143812],[126.923,35.143797],[126.923001,35.143786],[126.923023,35.143762],[126.922993,35.143735],[126.922958,35.143719],[126.922863,35.143794],[126.922851,35.14381],[126.922936,35.143884],[126.922937,35.143884],[126.922959,35.143903],[126.922963,35.143901],[126.923008,35.14394],[126.923001,35.143946],[126.923001,35.143959],[126.923016,35.143972],[126.923023,35.143971],[126.923039,35.143951]]]]}},{"type":"Feature","id":"road:2911011800100190009009995:30177","properties":{"id":"road:2911011800100190009009995:30177","pnu":"1221011800100190009","purpose":"공동주택","year":2015},"geometry":{"type":"MultiPolygon","coordinates":[[[[126.924723,35.145234],[126.924777,35.145209],[126.924771,35.145199],[126.924798,35.145187],[126.924792,35.145179],[126.924813,35.145169],[126.924806,35.145158],[126.924833,35.145146],[126.924804,35.145103],[126.924745,35.145088],[126.924653,35.14513],[126.924723,35.145234]]]]}},{"type":"Feature","id":"road:2911011800100940006024691:29625","properties":{"id":"road:2911011800100940006024691:29625","pnu":"1221011800100940006","purpose":"공동주택","year":2015},"geometry":{"type":"MultiPolygon","coordinates":[[[[126.923048,35.144087],[126.923192,35.144142],[126.923165,35.144191],[126.92318,35.144197],[126.92317,35.144213],[126.923122,35.144249],[126.923114,35.144242],[126.923007,35.14432],[126.922946,35.144266],[126.923044,35.144196],[126.923028,35.144185],[126.92303,35.144135],[126.922993,35.144121],[126.923008,35.144095],[126.923048,35.144087]]]]}},{"type":"Feature","id":"road:2911011800104700023024748:28940","properties":{"id":"road:2911011800104700023024748:28940","pnu":"1221011800104700023","purpose":"공동주택","year":2014},"geometry":{"type":"MultiPolygon","coordinates":[[[[126.924341,35.143649],[126.924348,35.14366],[126.924415,35.14363],[126.924332,35.143507],[126.924266,35.143537],[126.924273,35.143548],[126.924239,35.143563],[126.924307,35.143664],[126.924341,35.143649]]]]}},{"type":"Feature","id":"road:2911012200109390000024940:31008","properties":{"id":"road:2911012200109390000024940:31008","pnu":"1221012200110220000","purpose":"공동주택","year":2017},"geometry":{"type":"MultiPolygon","coordinates":[[[[126.922346,35.138],[126.92234,35.138027],[126.922352,35.138028],[126.922346,35.13807],[126.92233,35.138147],[126.922327,35.138147],[126.922318,35.138188],[126.922306,35.138186],[126.922301,35.138213],[126.922244,35.138204],[126.922246,35.138194],[126.922203,35.138188],[126.922208,35.138165],[126.922156,35.138158],[126.922159,35.138144],[126.922164,35.138121],[126.922167,35.138108],[126.922152,35.138106],[126.922149,35.138119],[126.922076,35.138108],[126.922079,35.138093],[126.922057,35.13809],[126.922048,35.138131],[126.922044,35.138131],[126.922038,35.138155],[126.922009,35.138151],[126.922006,35.138164],[126.921973,35.138159],[126.921975,35.138148],[126.921928,35.138141],[126.921912,35.138139],[126.921918,35.138111],[126.921906,35.138109],[126.921913,35.138077],[126.921892,35.138074],[126.921904,35.138019],[126.921925,35.138022],[126.921931,35.137994],[126.92209,35.138014],[126.922146,35.138022],[126.922145,35.138026],[126.922183,35.138031],[126.922187,35.138011],[126.92224,35.138019],[126.922244,35.137996],[126.922287,35.138002],[126.922289,35.137992],[126.922346,35.138]]]]}},{"type":"Feature","id":"road:2911012200109390000024941:31009","properties":{"id":"road:2911012200109390000024941:31009","pnu":"1221012200110220000","purpose":"공동주택","year":2017},"geometry":{"type":"MultiPolygon","coordinates":[[[[126.922685,35.138272],[126.922742,35.138279],[126.922737,35.138306],[126.922749,35.138307],[126.922745,35.138349],[126.92273,35.138427],[126.922727,35.138426],[126.92272,35.138468],[126.922708,35.138466],[126.922703,35.138492],[126.922646,35.138485],[126.922648,35.138475],[126.922605,35.13847],[126.922609,35.138447],[126.922557,35.13844],[126.922559,35.138427],[126.922563,35.138404],[126.922566,35.13839],[126.922551,35.138388],[126.922549,35.138401],[126.922476,35.138392],[126.922478,35.138377],[126.922456,35.138375],[126.922448,35.138416],[126.922444,35.138415],[126.922439,35.13844],[126.922409,35.138436],[126.922407,35.138449],[126.922374,35.138445],[126.922376,35.138434],[126.922328,35.138428],[126.922312,35.138426],[126.922317,35.138398],[126.922305,35.138396],[126.922311,35.138364],[126.922291,35.138361],[126.922301,35.138306],[126.922322,35.138309],[126.922327,35.138281],[126.922487,35.138298],[126.922543,35.138305],[126.922542,35.138309],[126.92258,35.138313],[126.922584,35.138293],[126.922637,35.1383],[126.922641,35.138277],[126.922683,35.138282],[126.922685,35.138272]]]]}},{"type":"Feature","id":"road:2911012200109390000024942:31010","properties":{"id":"road:2911012200109390000024942:31010","pnu":"1221012200110220000","purpose":"공동주택","year":2017},"geometry":{"type":"MultiPolygon","coordinates":[[[[126.922957,35.138532],[126.923021,35.138536],[126.92302,35.138541],[126.923033,35.138542],[126.923032,35.138553],[126.923047,35.138554],[126.923039,35.138645],[126.923022,35.138644],[126.923012,35.138643],[126.92301,35.138667],[126.923033,35.138669],[126.923025,35.138752],[126.923023,35.138752],[126.923019,35.138786],[126.923003,35.138785],[126.922969,35.138783],[126.922968,35.138794],[126.922919,35.138791],[126.922922,35.138756],[126.922926,35.138756],[126.922928,35.138739],[126.922915,35.138738],[126.922922,35.138663],[126.922925,35.138663],[126.922927,35.138648],[126.922889,35.138645],[126.922888,35.138658],[126.922794,35.138652],[126.922795,35.138641],[126.922774,35.13864],[126.922774,35.138643],[126.922731,35.138641],[126.922732,35.138627],[126.922735,35.1386],[126.922748,35.138601],[126.922753,35.13856],[126.922795,35.13856],[126.922894,35.138567],[126.922895,35.138554],[126.922926,35.138556],[126.922927,35.138545],[126.922955,35.138547],[126.922957,35.138532]]]]}}]}
