{"type":"FeatureCollection","features":[{"type":"Feature","id":"0000193457241809571400000000","properties":{"id":"0000193457241809571400000000","pnu":"1221011500100350019"},"geometry":{"type":"MultiPolygon","coordinates":[[[[126.929096,35.127682],[126.929067,35.127667],[126.929061,35.127673],[126.929008,35.127649],[126.928956,35.127705],[126.929042,35.12775],[126.929096,35.127682]]]]}},{"type":"Feature","id":"0000193461911809737700000000","properties":{"id":"0000193461911809737700000000","pnu":"1221012200106370067"},"geometry":{"type":"MultiPolygon","coordinates":[[[[126.92916,35.127848],[126.92903,35.12779],[126.928997,35.127851],[126.929126,35.127903],[126.92916,35.127848]]]]}},{"type":"Feature","id":"0000193464641809524900000000","properties":{"id":"0000193464641809524900000000","pnu":"1221011500100350020"},"geometry":{"type":"MultiPolygon","coordinates":[[[[126.929107,35.12766],[126.929108,35.12766],[126.929109,35.12766],[126.92911,35.12766],[126.929111,35.127659],[126.929112,35.127659],[126.929112,35.127658],[126.929113,35.127657],[126.929113,35.127657],[126.929113,35.127656],[126.929113,35.127655],[126.929113,35.127654],[126.929112,35.127654],[126.929112,35.127653],[126.929111,35.127652],[126.92911,35.127652],[126.929109,35.127652],[126.929108,35.127651],[126.929107,35.127651],[126.929107,35.127651],[126.929106,35.127652],[126.929105,35.127652],[126.929104,35.127652],[126.929103,35.127653],[126.929103,35.127654],[126.929102,35.127654],[126.929102,35.127655],[126.929102,35.127656],[126.929102,35.127657],[126.929102,35.127657],[126.929103,35.127658],[126.929103,35.127659],[126.929104,35.127659],[126.929105,35.12766],[126.929106,35.12766],[126.929107,35.12766],[126.929107,35.12766]]]]}},{"type":"Feature","id":"0000193467301809634300000000","properties":{"id":"0000193467301809634300000000","pnu":"1221011500100430015"},"geometry":{"type":"MultiPolygon","coordinates":[[[[126.929168,35.127812],[126.929207,35.127736],[126.929109,35.127698],[126.929064,35.12777],[126.929168,35.127812]]]]}},{"type":"Feature","id":"0000193467961809253000000000","properties":{"id":"0000193467961809253000000000","pnu":"1221011600101430004"},"geometry":{"type":"MultiPolygon","coordinates":[[[[126.929236,35.127377],[126.929184,35.127342],[126.929146,35.127374],[126.929139,35.127369],[126.929087,35.127415],[126.929078,35.127408],[126.929052,35.127431],[126.929117,35.127481],[126.929236,35.127377]]]]}},{"type":"Feature","id":"0000193469411809170800000000","properties":{"id":"0000193469411809170800000000","pnu":"1221011600101440000"},"geometry":{"type":"MultiPolygon","coordinates":[[[[126.92916,35.127341],[126.929161,35.127341],[126.929162,35.127341],[126.929163,35.127341],[126.929164,35.12734],[126.929164,35.12734],[126.929165,35.127339],[126.929165,35.127338],[126.929166,35.127337],[126.929166,35.127337],[126.929166,35.127336],[126.929165,35.127335],[126.929165,35.127334],[126.929164,35.127334],[126.929164,35.127333],[126.929163,35.127333],[126.929162,35.127332],[126.929161,35.127332],[126.92916,35.127332],[126.929159,35.127332],[126.929158,35.127332],[126.929157,35.127333],[126.929157,35.127333],[126.929156,35.127334],[126.929155,35.127334],[126.929155,35.127335],[126.929155,35.127336],[126.929155,35.127337],[126.929155,35.127337],[126.929155,35.127338],[126.929155,35.127339],[126.929156,35.12734],[126.929157,35.12734],[126.929157,35.127341],[126.929158,35.127341],[126.929159,35.127341],[126.92916,35.127341]]]]}},{"type":"Feature","id":"0000193469561809339800000000","properties":{"id":"0000193469561809339800000000","pnu":"1221011900107220022"},"geometry":{"type":"MultiPolygon","coordinates":[[[[126.929158,35.127522],[126.9292,35.127483],[126.929164,35.127456],[126.929125,35.127496],[126.929158,35.127522]]]]}},{"type":"Feature","id":"0000193470371809704400000000","properties":{"id":"0000193470371809704400000000","pnu":"1221011500100430014"},"geometry":{"type":"MultiPolygon","coordinates":[[[[126.92917,35.127822],[126.929171,35.127822],[126.929172,35.127822],[126.929173,35.127821],[126.929174,35.127821],[126.929174,35.12782],[126.929175,35.12782],[126.929175,35.127819],[126.929176,35.127818],[126.929176,35.127818],[126.929176,35.127817],[126.929175,35.127816],[126.929175,35.127815],[126.929174,35.127815],[126.929174,35.127814],[126.929173,35.127814],[126.929172,35.127813],[126.929171,35.127813],[126.92917,35.127813],[126.929169,35.127813],[126.929168,35.127813],[126.929168,35.127814],[126.929167,35.127814],[126.929166,35.127815],[126.929166,35.127815],[126.929165,35.127816],[126.929165,35.127817],[126.929165,35.127818],[126.929165,35.127818],[126.929165,35.127819],[126.929166,35.12782],[126.929166,35.12782],[126.929167,35.127821],[126.929168,35.127821],[126.929168,35.127822],[126.929169,35.127822],[126.92917,35.127822]]]]}},{"type":"Feature","id":"0000193472691809542400000000","properties":{"id":"0000193472691809542400000000","pnu":"1221010900105340046"},"geometry":{"type":"MultiPolygon","coordinates":[[[[126.929236,35.127718],[126.929265,35.127657],[126.929223,35.12764],[126.929218,35.127646],[126.929152,35.127627],[126.929126,35.127685],[126.929236,35.127718]]]]}},{"type":"Feature","id":"0000193476361809280100000000","properties":{"id":"0000193476361809280100000000","pnu":"1221011900107220024"},"geometry":{"type":"MultiPolygon","coordinates":[[[[126.929219,35.127488],[126.929296,35.127417],[126.929248,35.127383],[126.929179,35.127455],[126.929219,35.127488]]]]}},{"type":"Feature","id":"0000193477711809816300000000","properties":{"id":"0000193477711809816300000000","pnu":"1221011900110910000"},"geometry":{"type":"MultiPolygon","coordinates":[[[[126.929327,35.127898],[126.929297,35.127884],[126.929292,35.127891],[126.929213,35.127867],[126.929173,35.127933],[126.929284,35.127974],[126.929327,35.127898]]]]}},{"type":"Feature","id":"0000193477941808865900000000","properties":{"id":"0000193477941808865900000000","pnu":"1221010800102360004"},"geometry":{"type":"MultiPolygon","coordinates":[[[[126.929332,35.127027],[126.92928,35.127018],[126.92927,35.127027],[126.929257,35.127017],[126.929241,35.127031],[126.929227,35.127021],[126.929177,35.127068],[126.929185,35.127086],[126.929213,35.127092],[126.929219,35.127104],[126.929263,35.127118],[126.929267,35.127097],[126.929278,35.127101],[126.92929,35.127075],[126.929307,35.127081],[126.929332,35.127027]]]]}},{"type":"Feature","id":"0000193477951809503200000000","properties":{"id":"0000193477951809503200000000","pnu":"1221010900105340046"},"geometry":{"type":"MultiPolygon","coordinates":[[[[126.929254,35.127641],[126.929255,35.127641],[126.929255,35.127641],[126.929256,35.12764],[126.929257,35.12764],[126.929258,35.127639],[126.929258,35.127639],[126.929259,35.127638],[126.929259,35.127637],[126.929259,35.127636],[126.929259,35.127635],[126.929259,35.127635],[126.929258,35.127634],[126.929258,35.127633],[126.929257,35.127633],[126.929256,35.127632],[126.929255,35.127632],[126.929255,35.127632],[126.929254,35.127632],[126.929253,35.127632],[126.929252,35.127632],[126.929251,35.127632],[126.92925,35.127633],[126.929249,35.127633],[126.929249,35.127634],[126.929248,35.127635],[126.929248,35.127635],[126.929248,35.127636],[126.929248,35.127637],[126.929248,35.127638],[126.929249,35.127639],[126.929249,35.127639],[126.92925,35.12764],[126.929251,35.12764],[126.929252,35.127641],[126.929253,35.127641],[126.929254,35.127641]]]]}},{"type":"Feature","id":"0000193479741809131200000000","properties":{"id":"0000193479741809131200000000","pnu":"1221011000101040045"},"geometry":{"type":"MultiPolygon","coordinates":[[[[126.929289,35.127353],[126.929336,35.127302],[126.929262,35.127248],[126.92921,35.127301],[126.929289,35.127353]]]]}},{"type":"Feature","id":"0000193481701809716000000000","properties":{"id":"0000193481701809716000000000","pnu":"1221010800101200026"},"geometry":{"type":"MultiPolygon","coordinates":[[[[126.929338,35.127881],[126.92935,35.127858],[126.929343,35.127853],[126.929356,35.127809],[126.929259,35.127776],[126.929226,35.127843],[126.929338,35.127881]]]]}},{"type":"Feature","id":"0000193482031809419800000000","properties":{"id":"0000193482031809419800000000","pnu":"1221011900110890000"},"geometry":{"type":"MultiPolygon","coordinates":[[[[126.929358,35.127535],[126.929325,35.127525],[126.92932,35.127532],[126.929286,35.127523],[126.929274,35.127526],[126.929253,35.127537],[126.929238,35.127579],[126.929326,35.127607],[126.929358,35.127535]]]]}},{"type":"Feature","id":"0000193482391808613700000000","properties":{"id":"0000193482391808613700000000","pnu":"1221012200100080000"},"geometry":{"type":"MultiPolygon","coordinates":[[[[126.929322,35.126891],[126.929362,35.126842],[126.929338,35.12683],[126.929343,35.126822],[126.929333,35.126816],[126.929339,35.126802],[126.929293,35.126779],[126.92924,35.126839],[126.929322,35.126891]]]]}},{"type":"Feature","id":"0000193485431809604600000000","properties":{"id":"0000193485431809604600000000","pnu":"1221011900109940000"},"geometry":{"type":"MultiPolygon","coordinates":[[[[126.929363,35.127777],[126.929372,35.127754],[126.929366,35.127751],[126.929384,35.127699],[126.929318,35.127679],[126.929281,35.127751],[126.929363,35.127777]]]]}},{"type":"Feature","id":"0000193487481809061400000000","properties":{"id":"0000193487481809061400000000","pnu":"1221011100101720018"},"geometry":{"type":"MultiPolygon","coordinates":[[[[126.929409,35.127293],[126.929419,35.127285],[126.92942,35.127245],[126.929311,35.127188],[126.92928,35.127215],[126.929409,35.127293]]]]}},{"type":"Feature","id":"0000193487671808911900000000","properties":{"id":"0000193487671808911900000000","pnu":"1221011900110800000"},"geometry":{"type":"MultiPolygon","coordinates":[[[[126.929419,35.127069],[126.929343,35.12705],[126.929302,35.127143],[126.929362,35.127158],[126.929371,35.127136],[126.929385,35.127139],[126.929399,35.127111],[126.929407,35.127113],[126.929419,35.127069]]]]}},{"type":"Feature","id":"0000193489621809187600000000","properties":{"id":"0000193489621809187600000000","pnu":"1221012800100020004"},"geometry":{"type":"MultiPolygon","coordinates":[[[[126.929449,35.127345],[126.929381,35.127298],[126.929314,35.127364],[126.929373,35.127402],[126.929399,35.127376],[126.929413,35.127386],[126.929449,35.127345]]]]}},{"type":"Feature","id":"0000193490121808683100000000","properties":{"id":"0000193490121808683100000000","pnu":"1221010700100680000"},"geometry":{"type":"MultiPolygon","coordinates":[[[[126.9294,35.126939],[126.929435,35.126878],[126.929378,35.126854],[126.929339,35.126917],[126.9294,35.126939]]]]}},{"type":"Feature","id":"0000193490331809345400000000","properties":{"id":"0000193490331809345400000000","pnu":"1221011900110880000"},"geometry":{"type":"MultiPolygon","coordinates":[[[[126.929426,35.127536],[126.929446,35.127477],[126.929377,35.127458],[126.929373,35.127465],[126.929348,35.12746],[126.929329,35.127505],[126.929426,35.127536]]]]}},{"type":"Feature","id":"0000193490641809468800000000","properties":{"id":"0000193490641809468800000000","pnu":"1221011900109950000"},"geometry":{"type":"MultiPolygon","coordinates":[[[[126.929373,35.127542],[126.929335,35.127649],[126.929413,35.127667],[126.929452,35.127565],[126.929373,35.127542]]]]}},{"type":"Feature","id":"0000193491191809855000000000","properties":{"id":"0000193491191809855000000000","pnu":"1221011000105390030"},"geometry":{"type":"MultiPolygon","coordinates":[[[[126.929458,35.128],[126.929461,35.127935],[126.929414,35.127925],[126.929414,35.127918],[126.929353,35.127906],[126.929328,35.127971],[126.929458,35.128]]]]}},{"type":"Feature","id":"0000193493121809719800000000","properties":{"id":"0000193493121809719800000000","pnu":"1221011000105460001"},"geometry":{"type":"MultiPolygon","coordinates":[[[[126.929469,35.127804],[126.929393,35.127788],[126.929372,35.12786],[126.929445,35.127875],[126.929469,35.127804]]]]}},{"type":"Feature","id":"0000193494781808496400000000","properties":{"id":"0000193494781808496400000000","pnu":"1221011900109760000"},"geometry":{"type":"MultiPolygon","coordinates":[[[[126.929388,35.126769],[126.929499,35.126771],[126.9295,35.126747],[126.929483,35.126747],[126.929485,35.126686],[126.929392,35.126684],[126.929388,35.126769]]]]}},{"type":"Feature","id":"0000193495371808580100000000","properties":{"id":"0000193495371808580100000000","pnu":"1221011900110000000"},"geometry":{"type":"MultiPolygon","coordinates":[[[[126.9295,35.126823],[126.929501,35.126787],[126.929394,35.126782],[126.929392,35.126825],[126.9295,35.126823]]]]}},{"type":"Feature","id":"0000193495531807746500000000","properties":{"id":"0000193495531807746500000000","pnu":"1221012600200010003"},"geometry":{"type":"MultiPolygon","coordinates":[[[[126.929433,35.126074],[126.929462,35.126075],[126.929463,35.126032],[126.929434,35.126031],[126.929433,35.126074]]]]}},{"type":"Feature","id":"0000193496141808732400000000","properties":{"id":"0000193496141808732400000000","pnu":"1221011900110830000"},"geometry":{"type":"MultiPolygon","coordinates":[[[[126.92947,35.126984],[126.929479,35.126902],[126.929437,35.1269],[126.929428,35.12698],[126.92947,35.126984]]]]}},{"type":"Feature","id":"0000193496971809082200000000","properties":{"id":"0000193496971809082200000000","pnu":"1221010300100800004"},"geometry":{"type":"MultiPolygon","coordinates":[[[[126.929434,35.127294],[126.929495,35.127291],[126.929491,35.12722],[126.92943,35.127222],[126.929434,35.127294]]]]}},{"type":"Feature","id":"0000193498671809363900000000","properties":{"id":"0000193498671809363900000000","pnu":"1221010800100020011"},"geometry":{"type":"MultiPolygon","coordinates":[[[[126.929438,35.127547],[126.929502,35.127559],[126.929523,35.127474],[126.92946,35.127463],[126.929438,35.127547]]]]}},{"type":"Feature","id":"0000193499751809211500000000","properties":{"id":"0000193499751809211500000000","pnu":"1221010800100020010"},"geometry":{"type":"MultiPolygon","coordinates":[[[[126.929457,35.127448],[126.929536,35.127455],[126.929531,35.127295],[126.929446,35.127301],[126.929457,35.127448]]]]}},{"type":"Feature","id":"0000193504291809066700000000","properties":{"id":"0000193504291809066700000000","pnu":"1221010300100800004"},"geometry":{"type":"MultiPolygon","coordinates":[[[[126.929525,35.127259],[126.929561,35.12726],[126.929561,35.127227],[126.929525,35.127227],[126.929525,35.127259]]]]}},{"type":"Feature","id":"0000193506001808447300000000","properties":{"id":"0000193506001808447300000000","pnu":"1221011900109760000"},"geometry":{"type":"MultiPolygon","coordinates":[[[[126.929588,35.126719],[126.929596,35.126655],[126.929536,35.126648],[126.929529,35.126717],[126.929588,35.126719]]]]}},{"type":"Feature","id":"0000193506201808551200000000","properties":{"id":"0000193506201808551200000000","pnu":"1221011900109760000"},"geometry":{"type":"MultiPolygon","coordinates":[[[[126.929601,35.126737],[126.929539,35.126733],[126.92953,35.12682],[126.929587,35.126825],[126.929601,35.126737]]]]}},{"type":"Feature","id":"0000193506291807873300000000","properties":{"id":"0000193506291807873300000000","pnu":"1221012600102970001"},"geometry":{"type":"MultiPolygon","coordinates":[[[[126.929524,35.126191],[126.929611,35.126188],[126.929608,35.126143],[126.929521,35.126147],[126.929524,35.126191]]]]}},{"type":"Feature","id":"0000193507291808357500000000","properties":{"id":"0000193507291808357500000000","pnu":"1221011900109760000"},"geometry":{"type":"MultiPolygon","coordinates":[[[[126.929615,35.126644],[126.929621,35.126577],[126.929568,35.126552],[126.929538,35.126577],[126.92953,35.126642],[126.929615,35.126644]]]]}},{"type":"Feature","id":"0000193508041807946200000000","properties":{"id":"0000193508041807946200000000","pnu":"1221012600106360058"},"geometry":{"type":"MultiPolygon","coordinates":[[[[126.929565,35.126273],[126.929608,35.126271],[126.929605,35.126194],[126.929561,35.126195],[126.929565,35.126273]]]]}},{"type":"Feature","id":"0000193508791808107100000000","properties":{"id":"0000193508791808107100000000","pnu":"1221012600106360205"},"geometry":{"type":"MultiPolygon","coordinates":[[[[126.929631,35.126449],[126.92964,35.12633],[126.92954,35.126328],[126.929538,35.126383],[126.929612,35.126449],[126.929631,35.126449]]]]}},{"type":"Feature","id":"0000193510761807493400000000","properties":{"id":"0000193510761807493400000000","pnu":"1221012600200010003"},"geometry":{"type":"MultiPolygon","coordinates":[[[[126.929645,35.125807],[126.929577,35.125806],[126.929576,35.12583],[126.929612,35.125832],[126.929611,35.125851],[126.929643,35.125852],[126.929645,35.125807]]]]}},{"type":"Feature","id":"0000193520251806310600000000","properties":{"id":"0000193520251806310600000000","pnu":"1221012600102990005"},"geometry":{"type":"MultiPolygon","coordinates":[[[[126.929672,35.124784],[126.92974,35.124794],[126.929755,35.124725],[126.929719,35.124719],[126.929672,35.124784]]]]}},{"type":"Feature","id":"0000193524751799558500000000","properties":{"id":"0000193524751799558500000000","pnu":"1221012600102090000"},"geometry":{"type":"MultiPolygon","coordinates":[[[[126.929823,35.118725],[126.929841,35.118689],[126.929805,35.11868],[126.929821,35.118638],[126.929743,35.118618],[126.929712,35.118695],[126.929823,35.118725]]]]}},{"type":"Feature","id":"0000193531301799015100000000","properties":{"id":"0000193531301799015100000000","pnu":"1221012600101910000"},"geometry":{"type":"MultiPolygon","coordinates":[[[[126.929885,35.118213],[126.929877,35.11815],[126.929809,35.118155],[126.929817,35.118214],[126.929885,35.118213]]]]}},{"type":"Feature","id":"0000193533041799704600000000","properties":{"id":"0000193533041799704600000000","pnu":"1221012600102110000"},"geometry":{"type":"MultiPolygon","coordinates":[[[[126.929879,35.118831],[126.929898,35.118806],[126.929851,35.118779],[126.929834,35.118801],[126.929879,35.118831]]]]}},{"type":"Feature","id":"0000193533911799421900000000","properties":{"id":"0000193533911799421900000000","pnu":"1221012600102080000"},"geometry":{"type":"MultiPolygon","coordinates":[[[[126.929864,35.118606],[126.929939,35.118526],[126.929893,35.118491],[126.929809,35.118574],[126.929864,35.118606]]]]}},{"type":"Feature","id":"0000193534831799552800000000","properties":{"id":"0000193534831799552800000000","pnu":"1221012600102090000"},"geometry":{"type":"MultiPolygon","coordinates":[[[[126.929923,35.118648],[126.929871,35.118645],[126.929869,35.118673],[126.929847,35.118672],[126.929846,35.118689],[126.929883,35.11869],[126.929915,35.11867],[126.929923,35.118648]]]]}},{"type":"Feature","id":"0000193535131798924800000000","properties":{"id":"0000193535131798924800000000","pnu":"1221012600101910000"},"geometry":{"type":"MultiPolygon","coordinates":[[[[126.92982,35.118083],[126.929838,35.118144],[126.929955,35.118126],[126.92994,35.118057],[126.92982,35.118083]]]]}},{"type":"Feature","id":"0000193539361799008900000000","properties":{"id":"0000193539361799008900000000","pnu":"1221012600101910000"},"geometry":{"type":"MultiPolygon","coordinates":[[[[126.929895,35.118204],[126.929976,35.1182],[126.929978,35.118154],[126.929896,35.118152],[126.929895,35.118204]]]]}},{"type":"Feature","id":"0000193541871799605200000000","properties":{"id":"0000193541871799605200000000","pnu":"1221012600102060000"},"geometry":{"type":"MultiPolygon","coordinates":[[[[126.92994,35.118734],[126.929989,35.118731],[126.929986,35.118696],[126.929936,35.1187],[126.92994,35.118734]]]]}},{"type":"Feature","id":"0000193541951799165600000000","properties":{"id":"0000193541951799165600000000","pnu":"1221012600101910000"},"geometry":{"type":"MultiPolygon","coordinates":[[[[126.92995,35.118351],[126.929989,35.118346],[126.929977,35.118286],[126.929938,35.118292],[126.92995,35.118351]]]]}},{"type":"Feature","id":"0000193543411804887600000000","properties":{"id":"0000193543411804887600000000","pnu":"1221012600106360106"},"geometry":{"type":"MultiPolygon","coordinates":[[[[126.92999,35.123521],[126.930004,35.123435],[126.92996,35.123432],[126.929947,35.123517],[126.92999,35.123521]]]]}},{"type":"Feature","id":"0000193544591800512700000000","properties":{"id":"0000193544591800512700000000","pnu":"1221012600102190002"},"geometry":{"type":"MultiPolygon","coordinates":[[[[126.930006,35.119584],[126.930053,35.119549],[126.92998,35.119482],[126.929929,35.119517],[126.930006,35.119584]]]]}},{"type":"Feature","id":"0000193547551804999500000000","properties":{"id":"0000193547551804999500000000","pnu":"1221012600106360105"},"geometry":{"type":"MultiPolygon","coordinates":[[[[126.930059,35.123615],[126.930066,35.123543],[126.929978,35.123543],[126.929974,35.123598],[126.929992,35.123599],[126.929991,35.123614],[126.930059,35.123615]]]]}},{"type":"Feature","id":"0000193547721799008200000000","properties":{"id":"0000193547721799008200000000","pnu":"1221012600101910000"},"geometry":{"type":"MultiPolygon","coordinates":[[[[126.929992,35.118199],[126.930071,35.118183],[126.930062,35.118155],[126.929984,35.118171],[126.929992,35.118199]]]]}},{"type":"Feature","id":"0000193549661799621000000000","properties":{"id":"0000193549661799621000000000","pnu":"1221012600102060000"},"geometry":{"type":"MultiPolygon","coordinates":[[[[126.930037,35.118777],[126.930091,35.118695],[126.930062,35.118682],[126.930005,35.11876],[126.930037,35.118777]]]]}},{"type":"Feature","id":"0000193549841800561100000000","properties":{"id":"0000193549841800561100000000","pnu":"1221012600102190002"},"geometry":{"type":"MultiPolygon","coordinates":[[[[126.93003,35.119608],[126.930086,35.119561],[126.930072,35.119545],[126.930012,35.119591],[126.93003,35.119608]]]]}},{"type":"Feature","id":"0000193549981805090000000000","properties":{"id":"0000193549981805090000000000","pnu":"1221012600106360105"},"geometry":{"type":"MultiPolygon","coordinates":[[[[126.930071,35.123671],[126.930072,35.123647],[126.930024,35.123647],[126.930023,35.12367],[126.930071,35.123671]]]]}},{"type":"Feature","id":"0000193555331805003700000000","properties":{"id":"0000193555331805003700000000","pnu":"1221012600106360105"},"geometry":{"type":"MultiPolygon","coordinates":[[[[126.930072,35.123656],[126.930109,35.123653],[126.930154,35.123564],[126.930154,35.123524],[126.930069,35.123525],[126.930072,35.123656]]]]}},{"type":"Feature","id":"0000193556591800834200000000","properties":{"id":"0000193556591800834200000000","pnu":"1221012600102200001"},"geometry":{"type":"MultiPolygon","coordinates":[[[[126.930095,35.11987],[126.930185,35.119841],[126.930164,35.119786],[126.930132,35.119793],[126.930124,35.119781],[126.930062,35.119798],[126.930095,35.11987]]]]}},{"type":"Feature","id":"0000193558471809749000000000","properties":{"id":"0000193558471809749000000000","pnu":"1221011900108550002"},"geometry":{"type":"MultiPolygon","coordinates":[[[[126.930167,35.127901],[126.930175,35.12782],[126.930108,35.127814],[126.930099,35.127898],[126.930167,35.127901]]]]}},{"type":"Feature","id":"0000193561091799593800000000","properties":{"id":"0000193561091799593800000000","pnu":"1221012600101990000"},"geometry":{"type":"MultiPolygon","coordinates":[[[[126.930223,35.118667],[126.930173,35.118646],[126.930126,35.118748],[126.93017,35.118763],[126.930223,35.118667]]]]}},{"type":"Feature","id":"0000193561601809544000000000","properties":{"id":"0000193561601809544000000000","pnu":"1221011900108550022"},"geometry":{"type":"MultiPolygon","coordinates":[[[[126.930133,35.127733],[126.930212,35.127732],[126.93021,35.127614],[126.930131,35.127615],[126.930133,35.127733]]]]}},{"type":"Feature","id":"0000193562971800897900000000","properties":{"id":"0000193562971800897900000000","pnu":"1221012600102420000"},"geometry":{"type":"MultiPolygon","coordinates":[[[[126.930165,35.119866],[126.930195,35.119907],[126.930221,35.119894],[126.930191,35.119853],[126.930165,35.119866]]]]}},{"type":"Feature","id":"0000193564671804531600000000","properties":{"id":"0000193564671804531600000000","pnu":"1221012600200070001"},"geometry":{"type":"MultiPolygon","coordinates":[[[[126.930223,35.123217],[126.930279,35.123131],[126.930195,35.123094],[126.930139,35.123181],[126.930223,35.123217]]]]}},{"type":"Feature","id":"0000193565961799873000000000","properties":{"id":"0000193565961799873000000000","pnu":"1221012600102050000"},"geometry":{"type":"MultiPolygon","coordinates":[[[[126.930268,35.119005],[126.930298,35.118963],[126.93018,35.118909],[126.930156,35.118947],[126.930268,35.119005]]]]}},{"type":"Feature","id":"0000193568321804685500000000","properties":{"id":"0000193568321804685500000000","pnu":"1221012600106360106"},"geometry":{"type":"MultiPolygon","coordinates":[[[[126.930249,35.123324],[126.930278,35.123312],[126.930249,35.123264],[126.93022,35.123276],[126.930249,35.123324]]]]}},{"type":"Feature","id":"0000193568801800655200000000","properties":{"id":"0000193568801800655200000000","pnu":"1221012600102210000"},"geometry":{"type":"MultiPolygon","coordinates":[[[[126.930241,35.119697],[126.930268,35.119694],[126.930274,35.119629],[126.930247,35.119627],[126.930241,35.119697]]]]}},{"type":"Feature","id":"0000193569341804607000000000","properties":{"id":"0000193569341804607000000000","pnu":"1221012600106360114"},"geometry":{"type":"MultiPolygon","coordinates":[[[[126.930266,35.123188],[126.930222,35.123218],[126.930265,35.123261],[126.930293,35.123228],[126.930266,35.123188]]]]}},{"type":"Feature","id":"0000193569431799765700000000","properties":{"id":"0000193569431799765700000000","pnu":"1221012600102050000"},"geometry":{"type":"MultiPolygon","coordinates":[[[[126.930312,35.118915],[126.930343,35.118884],[126.930211,35.118805],[126.930186,35.118832],[126.930312,35.118915]]]]}},{"type":"Feature","id":"0000193569801806715100000000","properties":{"id":"0000193569801806715100000000","pnu":"1221012600106360000"},"geometry":{"type":"MultiPolygon","coordinates":[[[[126.930295,35.125162],[126.930303,35.125092],[126.930232,35.125085],[126.930224,35.125156],[126.930295,35.125162]]]]}},{"type":"Feature","id":"0000193571651804446800000000","properties":{"id":"0000193571651804446800000000","pnu":"1221012600200350001"},"geometry":{"type":"MultiPolygon","coordinates":[[[[126.930329,35.123078],[126.930266,35.123047],[126.930242,35.12308],[126.930305,35.123112],[126.930329,35.123078]]]]}},{"type":"Feature","id":"0000193571951806513800000000","properties":{"id":"0000193571951806513800000000","pnu":"1221012600106360000"},"geometry":{"type":"MultiPolygon","coordinates":[[[[126.930265,35.124964],[126.930309,35.124964],[126.93031,35.124921],[126.930265,35.124921],[126.930265,35.124964]]]]}},{"type":"Feature","id":"0000193575641800348600000000","properties":{"id":"0000193575641800348600000000","pnu":"1221012600102230001"},"geometry":{"type":"MultiPolygon","coordinates":[[[[126.930374,35.119419],[126.930391,35.119385],[126.930292,35.119352],[126.930272,35.119383],[126.930374,35.119419]]]]}},{"type":"Feature","id":"0000193576261804522200000000","properties":{"id":"0000193576261804522200000000","pnu":"1221012600106360114"},"geometry":{"type":"MultiPolygon","coordinates":[[[[126.930376,35.123114],[126.930333,35.123102],[126.930297,35.123181],[126.930338,35.123194],[126.930376,35.123114]]]]}},{"type":"Feature","id":"0000193576611799939500000000","properties":{"id":"0000193576611799939500000000","pnu":"1221012600102040000"},"geometry":{"type":"MultiPolygon","coordinates":[[[[126.930366,35.11905],[126.930392,35.119025],[126.930319,35.118983],[126.930296,35.119007],[126.930366,35.11905]]]]}},{"type":"Feature","id":"0000193576621799854000000000","properties":{"id":"0000193576621799854000000000","pnu":"1221012600102050000"},"geometry":{"type":"MultiPolygon","coordinates":[[[[126.930326,35.118974],[126.930387,35.118937],[126.930361,35.118905],[126.930301,35.118942],[126.930326,35.118974]]]]}},{"type":"Feature","id":"0000193579151800256200000000","properties":{"id":"0000193579151800256200000000","pnu":"1221012600102230001"},"geometry":{"type":"MultiPolygon","coordinates":[[[[126.930404,35.119336],[126.930424,35.119301],[126.930338,35.119268],[126.930319,35.119303],[126.930404,35.119336]]]]}},{"type":"Feature","id":"0000193579161804363600000000","properties":{"id":"0000193579161804363600000000","pnu":"1221012600200350001"},"geometry":{"type":"MultiPolygon","coordinates":[[[[126.930362,35.123032],[126.930401,35.122995],[126.930374,35.122977],[126.930335,35.123013],[126.930362,35.123032]]]]}},{"type":"Feature","id":"0000193579391798920000000000","properties":{"id":"0000193579391798920000000000","pnu":"1221012600101840003"},"geometry":{"type":"MultiPolygon","coordinates":[[[[126.930353,35.118132],[126.930418,35.118087],[126.930396,35.118065],[126.930333,35.118106],[126.930353,35.118132]]]]}},{"type":"Feature","id":"0000193581261804412900000000","properties":{"id":"0000193581261804412900000000","pnu":"1221012600106360108"},"geometry":{"type":"MultiPolygon","coordinates":[[[[126.93043,35.123006],[126.930401,35.122996],[126.930351,35.123088],[126.930384,35.1231],[126.93043,35.123006]]]]}},{"type":"Feature","id":"0000193584441800052700000000","properties":{"id":"0000193584441800052700000000","pnu":"1221012600102150000"},"geometry":{"type":"MultiPolygon","coordinates":[[[[126.930444,35.119147],[126.930462,35.119113],[126.930416,35.11909],[126.930396,35.119124],[126.930444,35.119147]]]]}},{"type":"Feature","id":"0000193586161800319500000000","properties":{"id":"0000193586161800319500000000","pnu":"1221012600102230001"},"geometry":{"type":"MultiPolygon","coordinates":[[[[126.930407,35.119393],[126.930509,35.119366],[126.930491,35.119326],[126.930386,35.119352],[126.930407,35.119393]]]]}},{"type":"Feature","id":"0000193588761799728000000000","properties":{"id":"0000193588761799728000000000","pnu":"1221012600102010000"},"geometry":{"type":"MultiPolygon","coordinates":[[[[126.93047,35.118856],[126.930514,35.118821],[126.930484,35.118796],[126.93044,35.118831],[126.93047,35.118856]]]]}},{"type":"Feature","id":"0000193590711808192300000000","properties":{"id":"0000193590711808192300000000","pnu":"1221012600102970012"},"geometry":{"type":"MultiPolygon","coordinates":[[[[126.930465,35.126443],[126.930464,35.126463],[126.930519,35.126468],[126.930519,35.126448],[126.930465,35.126443]]]]}},{"type":"Feature","id":"0000193592151804044300000000","properties":{"id":"0000193592151804044300000000","pnu":"1221012600200350001"},"geometry":{"type":"MultiPolygon","coordinates":[[[[126.930537,35.122753],[126.930562,35.122718],[126.930485,35.12268],[126.930459,35.122715],[126.930537,35.122753]]]]}},{"type":"Feature","id":"0000193594751800668100000000","properties":{"id":"0000193594751800668100000000","pnu":"1221012600102370000"},"geometry":{"type":"MultiPolygon","coordinates":[[[[126.93055,35.119708],[126.930573,35.119652],[126.930534,35.119639],[126.930512,35.119694],[126.93055,35.119708]]]]}},{"type":"Feature","id":"0000193597981802162200000000","properties":{"id":"0000193597981802162200000000","pnu":"1221012600200390008"},"geometry":{"type":"MultiPolygon","coordinates":[[[[126.93055,35.121028],[126.930596,35.121036],[126.930603,35.121013],[126.930556,35.121004],[126.93055,35.121028]]]]}},{"type":"Feature","id":"0000193599861799953300000000","properties":{"id":"0000193599861799953300000000","pnu":"1221012600102040000"},"geometry":{"type":"MultiPolygon","coordinates":[[[[126.930563,35.119059],[126.93065,35.119028],[126.930638,35.119001],[126.930548,35.119028],[126.930563,35.119059]]]]}},{"type":"Feature","id":"0000193600231800743200000000","properties":{"id":"0000193600231800743200000000","pnu":"1221012600102370000"},"geometry":{"type":"MultiPolygon","coordinates":[[[[126.930628,35.119787],[126.930656,35.119765],[126.930575,35.119695],[126.930548,35.119718],[126.930628,35.119787]]]]}},{"type":"Feature","id":"0000193600881800078800000000","properties":{"id":"0000193600881800078800000000","pnu":"1221012600102260000"},"geometry":{"type":"MultiPolygon","coordinates":[[[[126.930594,35.119214],[126.930668,35.119196],[126.930656,35.119158],[126.930666,35.119151],[126.930627,35.119074],[126.930543,35.119094],[126.930594,35.119214]]]]}},{"type":"Feature","id":"0000193602091799861600000000","properties":{"id":"0000193602091799861600000000","pnu":"1221012600102040000"},"geometry":{"type":"MultiPolygon","coordinates":[[[[126.930635,35.118996],[126.93068,35.118973],[126.930607,35.118896],[126.930567,35.118918],[126.930635,35.118996]]]]}},{"type":"Feature","id":"0000193603771802258100000000","properties":{"id":"0000193603771802258100000000","pnu":"1221012600200390008"},"geometry":{"type":"MultiPolygon","coordinates":[[[[126.930675,35.121072],[126.93063,35.121062],[126.930605,35.121142],[126.930649,35.121151],[126.930675,35.121072]]]]}},{"type":"Feature","id":"0000193603911802188900000000","properties":{"id":"0000193603911802188900000000","pnu":"1221012600200390008"},"geometry":{"type":"MultiPolygon","coordinates":[[[[126.930676,35.121068],[126.930682,35.121034],[126.930606,35.121021],[126.930601,35.121055],[126.930676,35.121068]]]]}},{"type":"Feature","id":"0000193605001800619500000000","properties":{"id":"0000193605001800619500000000","pnu":"1221012600102370000"},"geometry":{"type":"MultiPolygon","coordinates":[[[[126.930578,35.119664],[126.93074,35.119631],[126.93073,35.119596],[126.930571,35.119626],[126.930578,35.119664]]]]}},{"type":"Feature","id":"0000193606071808300300000000","properties":{"id":"0000193606071808300300000000","pnu":"1221011900105880000"},"geometry":{"type":"MultiPolygon","coordinates":[[[[126.930637,35.126518],[126.930609,35.126552],[126.930656,35.126579],[126.930715,35.126569],[126.930721,35.126561],[126.930637,35.126518]]]]}},{"type":"Feature","id":"0000193606891808255800000000","properties":{"id":"0000193606891808255800000000","pnu":"1221011900105880000"},"geometry":{"type":"MultiPolygon","coordinates":[[[[126.930644,35.126511],[126.930677,35.126532],[126.930694,35.126515],[126.930662,35.126493],[126.930644,35.126511]]]]}},{"type":"Feature","id":"0000193607231803676700000000","properties":{"id":"0000193607231803676700000000","pnu":"1221012600102880001"},"geometry":{"type":"MultiPolygon","coordinates":[[[[126.930681,35.122438],[126.930714,35.122341],[126.930671,35.122333],[126.930639,35.122429],[126.930681,35.122438]]]]}},{"type":"Feature","id":"0000193607431801395800000000","properties":{"id":"0000193607431801395800000000","pnu":"1221012600102430005"},"geometry":{"type":"MultiPolygon","coordinates":[[[[126.930652,35.120371],[126.930743,35.120327],[126.930712,35.120288],[126.930617,35.120331],[126.930652,35.120371]]]]}},{"type":"Feature","id":"0000193613831802494400000000","properties":{"id":"0000193613831802494400000000","pnu":"1221012600102430055"},"geometry":{"type":"MultiPolygon","coordinates":[[[[126.930826,35.121376],[126.930847,35.121318],[126.930784,35.121309],[126.930756,35.121263],[126.930743,35.121259],[126.930662,35.121276],[126.930689,35.121351],[126.930826,35.121376]]]]}},{"type":"Feature","id":"0000193613951800172500000000","properties":{"id":"0000193613951800172500000000","pnu":"1221012600102280000"},"geometry":{"type":"MultiPolygon","coordinates":[[[[126.930702,35.119251],[126.930762,35.119238],[126.930771,35.119261],[126.930805,35.119255],[126.930794,35.119196],[126.930691,35.119212],[126.930702,35.119251]]]]}},{"type":"Feature","id":"0000193614311800522200000000","properties":{"id":"0000193614311800522200000000","pnu":"1221012600102350000"},"geometry":{"type":"MultiPolygon","coordinates":[[[[126.930749,35.119589],[126.930805,35.11957],[126.930765,35.119496],[126.930709,35.119512],[126.930749,35.119589]]]]}},{"type":"Feature","id":"0000193617731808552900000000","properties":{"id":"0000193617731808552900000000","pnu":"1221011900105850021"},"geometry":{"type":"MultiPolygon","coordinates":[[[[126.930846,35.126833],[126.93085,35.12682],[126.930831,35.126755],[126.930826,35.126747],[126.930749,35.126724],[126.93072,35.126795],[126.930767,35.126807],[126.930762,35.126819],[126.930846,35.126833]]]]}},{"type":"Feature","id":"0000193620211808113100000000","properties":{"id":"0000193620211808113100000000","pnu":"1221011900108550052"},"geometry":{"type":"MultiPolygon","coordinates":[[[[126.93084,35.126437],[126.930872,35.126355],[126.93079,35.12633],[126.930759,35.126416],[126.93084,35.126437]]]]}},{"type":"Feature","id":"0000193621021800553700000000","properties":{"id":"0000193621021800553700000000","pnu":"1221012600102350000"},"geometry":{"type":"MultiPolygon","coordinates":[[[[126.930853,35.119587],[126.930854,35.119556],[126.930808,35.119554],[126.930806,35.119585],[126.930853,35.119587]]]]}},{"type":"Feature","id":"0000193621311800888800000000","properties":{"id":"0000193621311800888800000000","pnu":"1221012600102560000"},"geometry":{"type":"MultiPolygon","coordinates":[[[[126.930873,35.119924],[126.930905,35.119874],[126.93079,35.119821],[126.930763,35.11987],[126.930873,35.119924]]]]}},{"type":"Feature","id":"0000193624091799034000000000","properties":{"id":"0000193624091799034000000000","pnu":"1221012600101470001"},"geometry":{"type":"MultiPolygon","coordinates":[[[[126.930886,35.11818],[126.930833,35.1182],[126.930844,35.118221],[126.930897,35.118201],[126.930886,35.11818]]]]}},{"type":"Feature","id":"0000193625021800550400000000","properties":{"id":"0000193625021800550400000000","pnu":"1221012600102350000"},"geometry":{"type":"MultiPolygon","coordinates":[[[[126.930896,35.119535],[126.930856,35.119534],[126.930853,35.1196],[126.930891,35.119602],[126.930896,35.119535]]]]}},{"type":"Feature","id":"0000193626781809606700000000","properties":{"id":"0000193626781809606700000000","pnu":"1221011900108670000"},"geometry":{"type":"MultiPolygon","coordinates":[[[[126.930852,35.127765],[126.930886,35.127775],[126.930914,35.127715],[126.930922,35.127697],[126.930885,35.127687],[126.930878,35.127705],[126.930852,35.127765]]]]}},{"type":"Feature","id":"0000193631721804607300000000","properties":{"id":"0000193631721804607300000000","pnu":"1221012600102870030"},"geometry":{"type":"MultiPolygon","coordinates":[[[[126.930924,35.123237],[126.930951,35.123244],[126.930964,35.123212],[126.930938,35.123204],[126.930924,35.123237]]]]}},{"type":"Feature","id":"0000193632371808132900000000","properties":{"id":"0000193632371808132900000000","pnu":"1221011900105790007"},"geometry":{"type":"MultiPolygon","coordinates":[[[[126.930972,35.12644],[126.930996,35.126384],[126.930925,35.126364],[126.930902,35.12642],[126.930972,35.12644]]]]}},{"type":"Feature","id":"0000193634591798977300000000","properties":{"id":"0000193634591798977300000000","pnu":"1221012600101470001"},"geometry":{"type":"MultiPolygon","coordinates":[[[[126.930998,35.118125],[126.930945,35.118151],[126.930962,35.118174],[126.931015,35.118149],[126.930998,35.118125]]]]}},{"type":"Feature","id":"0000193636291807057300000000","properties":{"id":"0000193636291807057300000000","pnu":"1221012600106420000"},"geometry":{"type":"MultiPolygon","coordinates":[[[[126.930926,35.125434],[126.930943,35.125461],[126.93099,35.125443],[126.931036,35.125456],[126.931053,35.125419],[126.931004,35.125405],[126.930926,35.125434]]]]}},{"type":"Feature","id":"0000193638101807905700000000","properties":{"id":"0000193638101807905700000000","pnu":"1221011900105790003"},"geometry":{"type":"MultiPolygon","coordinates":[[[[126.931034,35.126212],[126.931039,35.12619],[126.930989,35.126182],[126.930984,35.126205],[126.931034,35.126212]]]]}},{"type":"Feature","id":"0000193641701808122400000000","properties":{"id":"0000193641701808122400000000","pnu":"1221011900105790003"},"geometry":{"type":"MultiPolygon","coordinates":[[[[126.931066,35.126425],[126.931086,35.126376],[126.931038,35.126361],[126.931015,35.126409],[126.931066,35.126425]]]]}},{"type":"Feature","id":"0000193642771807857000000000","properties":{"id":"0000193642771807857000000000","pnu":"1221011900105900000"},"geometry":{"type":"MultiPolygon","coordinates":[[[[126.931023,35.126113],[126.931012,35.12618],[126.931042,35.126186],[126.931044,35.126181],[126.931101,35.126193],[126.931119,35.126133],[126.931023,35.126113]]]]}},{"type":"Feature","id":"0000193642911807701900000000","properties":{"id":"0000193642911807701900000000","pnu":"1221011900105910000"},"geometry":{"type":"MultiPolygon","coordinates":[[[[126.931021,35.126058],[126.93107,35.126074],[126.931109,35.125968],[126.93106,35.125953],[126.931021,35.126058]]]]}},{"type":"Feature","id":"0000193643341800588900000000","properties":{"id":"0000193643341800588900000000","pnu":"1221012600106490003"},"geometry":{"type":"MultiPolygon","coordinates":[[[[126.931059,35.119628],[126.93109,35.119629],[126.931092,35.119576],[126.93106,35.119576],[126.931059,35.119628]]]]}},{"type":"Feature","id":"0000193644831808026300000000","properties":{"id":"0000193644831808026300000000","pnu":"1221011900105790003"},"geometry":{"type":"MultiPolygon","coordinates":[[[[126.931123,35.126278],[126.931073,35.126263],[126.931048,35.126318],[126.931073,35.126326],[126.931063,35.126346],[126.931094,35.126355],[126.931123,35.126278]]]]}},{"type":"Feature","id":"0000193647701800825000000000","properties":{"id":"0000193647701800825000000000","pnu":"1221012600106490002"},"geometry":{"type":"MultiPolygon","coordinates":[[[[126.931136,35.119885],[126.931171,35.119874],[126.931112,35.119748],[126.931073,35.119757],[126.931136,35.119885]]]]}},{"type":"Feature","id":"0000193649591807874800000000","properties":{"id":"0000193649591807874800000000","pnu":"1221011900105900000"},"geometry":{"type":"MultiPolygon","coordinates":[[[[126.931104,35.126192],[126.931151,35.126203],[126.931172,35.126147],[126.931125,35.126136],[126.931104,35.126192]]]]}},{"type":"Feature","id":"0000193651311799983100000000","properties":{"id":"0000193651311799983100000000","pnu":"1221012600101750001"},"geometry":{"type":"MultiPolygon","coordinates":[[[[126.931176,35.119129],[126.93122,35.119111],[126.931147,35.118983],[126.931106,35.118996],[126.931176,35.119129]]]]}},{"type":"Feature","id":"0000193651801804111800000000","properties":{"id":"0000193651801804111800000000","pnu":"1221012600106360240"},"geometry":{"type":"MultiPolygon","coordinates":[[[[126.931123,35.122821],[126.931158,35.122835],[126.931208,35.122733],[126.931172,35.122721],[126.931123,35.122821]]]]}},{"type":"Feature","id":"0000193654941806829000000000","properties":{"id":"0000193654941806829000000000","pnu":"1221012600106420000"},"geometry":{"type":"MultiPolygon","coordinates":[[[[126.931232,35.125193],[126.931217,35.125196],[126.931183,35.125206],[126.931166,35.12525],[126.931202,35.125261],[126.931232,35.125193]]]]}},{"type":"Feature","id":"0000193655671804156300000000","properties":{"id":"0000193655671804156300000000","pnu":"1221012600106360252"},"geometry":{"type":"MultiPolygon","coordinates":[[[[126.931247,35.122812],[126.93123,35.12279],[126.931168,35.122824],[126.931186,35.122846],[126.931247,35.122812]]]]}},{"type":"Feature","id":"0000193657291800894900000000","properties":{"id":"0000193657291800894900000000","pnu":"1221012600102600004"},"geometry":{"type":"MultiPolygon","coordinates":[[[[126.931192,35.119941],[126.9313,35.11985],[126.93126,35.119815],[126.931155,35.119911],[126.931192,35.119941]]]]}},{"type":"Feature","id":"0000193659351803987200000000","properties":{"id":"0000193659351803987200000000","pnu":"1221012600106360240"},"geometry":{"type":"MultiPolygon","coordinates":[[[[126.931201,35.122686],[126.931261,35.122709],[126.931295,35.122645],[126.931235,35.122623],[126.931201,35.122686]]]]}},{"type":"Feature","id":"0000193660261806132500000000","properties":{"id":"0000193660261806132500000000","pnu":"1221012600102860002"},"geometry":{"type":"MultiPolygon","coordinates":[[[[126.931241,35.124602],[126.931267,35.124608],[126.931272,35.124597],[126.931245,35.124591],[126.931241,35.124602]]]]}},{"type":"Feature","id":"0000193661221798818400000000","properties":{"id":"0000193661221798818400000000","pnu":"1221012600101470001"},"geometry":{"type":"MultiPolygon","coordinates":[[[[126.931295,35.117967],[126.931219,35.118005],[126.93125,35.118046],[126.931326,35.118008],[126.931295,35.117967]]]]}},{"type":"Feature","id":"0000193661251809855800000000","properties":{"id":"0000193661251809855800000000","pnu":"1221011900105320030"},"geometry":{"type":"MultiPolygon","coordinates":[[[[126.931195,35.127951],[126.93132,35.127982],[126.931332,35.127958],[126.931208,35.127929],[126.931195,35.127951]]]]}},{"type":"Feature","id":"0000193661711800246900000000","properties":{"id":"0000193661711800246900000000","pnu":"1221012600102620001"},"geometry":{"type":"MultiPolygon","coordinates":[[[[126.931267,35.119335],[126.931323,35.119315],[126.931306,35.119273],[126.931286,35.119277],[126.93126,35.119255],[126.93123,35.11926],[126.931267,35.119335]]]]}},{"type":"Feature","id":"0000193664031803878500000000","properties":{"id":"0000193664031803878500000000","pnu":"1221012600106360252"},"geometry":{"type":"MultiPolygon","coordinates":[[[[126.931307,35.122635],[126.931354,35.12252],[126.931309,35.122504],[126.931273,35.122538],[126.931244,35.122604],[126.931307,35.122635]]]]}},{"type":"Feature","id":"0000193665141800777600000000","properties":{"id":"0000193665141800777600000000","pnu":"1221012600102600004"},"geometry":{"type":"MultiPolygon","coordinates":[[[[126.931313,35.119743],[126.931288,35.119793],[126.931315,35.119802],[126.93134,35.119752],[126.931313,35.119743]]]]}},{"type":"Feature","id":"0000193668051807263300000000","properties":{"id":"0000193668051807263300000000","pnu":"1221011900105930005"},"geometry":{"type":"MultiPolygon","coordinates":[[[[126.931388,35.125555],[126.931348,35.125545],[126.931294,35.125682],[126.931334,35.125692],[126.931388,35.125555]]]]}},{"type":"Feature","id":"0000193672751803893100000000","properties":{"id":"0000193672751803893100000000","pnu":"1221012600106360127"},"geometry":{"type":"MultiPolygon","coordinates":[[[[126.931384,35.122634],[126.931434,35.122627],[126.931406,35.122526],[126.931356,35.122536],[126.931384,35.122634]]]]}},{"type":"Feature","id":"0000193673191808691300000000","properties":{"id":"0000193673191808691300000000","pnu":"1221011900105770002"},"geometry":{"type":"MultiPolygon","coordinates":[[[[126.931435,35.126898],[126.931373,35.12688],[126.931358,35.126913],[126.931419,35.126932],[126.931435,35.126898]]]]}},{"type":"Feature","id":"0000193674081809583200000000","properties":{"id":"0000193674081809583200000000","pnu":"1221011900105320030"},"geometry":{"type":"MultiPolygon","coordinates":[[[[126.931432,35.127751],[126.931457,35.12769],[126.931379,35.127668],[126.931354,35.127729],[126.931432,35.127751]]]]}},{"type":"Feature","id":"0000193681101808736400000000","properties":{"id":"0000193681101808736400000000","pnu":"1221011900105770002"},"geometry":{"type":"MultiPolygon","coordinates":[[[[126.93145,35.126904],[126.931424,35.126961],[126.931516,35.126989],[126.931542,35.126932],[126.93145,35.126904]]]]}},{"type":"Feature","id":"0000193687751803893000000000","properties":{"id":"0000193687751803893000000000","pnu":"1221012600106360077"},"geometry":{"type":"MultiPolygon","coordinates":[[[[126.9316,35.122594],[126.931562,35.122545],[126.93152,35.122567],[126.931557,35.122616],[126.9316,35.122594]]]]}},{"type":"Feature","id":"0000193687931809187400000000","properties":{"id":"0000193687931809187400000000","pnu":"1221011900105770002"},"geometry":{"type":"MultiPolygon","coordinates":[[[[126.9316,35.127399],[126.931626,35.127341],[126.931515,35.127307],[126.931489,35.127365],[126.9316,35.127399]]]]}},{"type":"Feature","id":"0000193688931806506700000000","properties":{"id":"0000193688931806506700000000","pnu":"1221011900106580000"},"geometry":{"type":"MultiPolygon","coordinates":[[[[126.93151,35.125],[126.931491,35.12513],[126.931543,35.125139],[126.931601,35.125],[126.931676,35.124802],[126.931542,35.124776],[126.93151,35.125]]]]}},{"type":"Feature","id":"0000193690221804403400000000","properties":{"id":"0000193690221804403400000000","pnu":"1221012600102840019"},"geometry":{"type":"MultiPolygon","coordinates":[[[[126.931614,35.123089],[126.931636,35.123013],[126.93156,35.122994],[126.931535,35.123067],[126.931614,35.123089]]]]}},{"type":"Feature","id":"0000193694411800408000000000","properties":{"id":"0000193694411800408000000000","pnu":"1221012600102620004"},"geometry":{"type":"MultiPolygon","coordinates":[[[[126.931645,35.119539],[126.931734,35.119498],[126.931626,35.11934],[126.931537,35.119381],[126.931645,35.119539]]]]}},{"type":"Feature","id":"0000193695551803640200000000","properties":{"id":"0000193695551803640200000000","pnu":"1221012600106360145"},"geometry":{"type":"MultiPolygon","coordinates":[[[[126.931555,35.122398],[126.93175,35.12235],[126.931746,35.122309],[126.931541,35.122353],[126.931555,35.122398]]]]}},{"type":"Feature","id":"0000193699011807961600000000","properties":{"id":"0000193699011807961600000000","pnu":"1221011900105990000"},"geometry":{"type":"MultiPolygon","coordinates":[[[[126.93168,35.12629],[126.931708,35.126213],[126.931681,35.126206],[126.931651,35.126282],[126.93168,35.12629]]]]}},{"type":"Feature","id":"0000193699571800076300000000","properties":{"id":"0000193699571800076300000000","pnu":"1221012600102620004"},"geometry":{"type":"MultiPolygon","coordinates":[[[[126.93173,35.119179],[126.93169,35.119092],[126.931655,35.119102],[126.931695,35.11919],[126.93173,35.119179]]]]}},{"type":"Feature","id":"0000193703041800599900000000","properties":{"id":"0000193703041800599900000000","pnu":"1221012600102620004"},"geometry":{"type":"MultiPolygon","coordinates":[[[[126.931712,35.119645],[126.931766,35.119599],[126.93175,35.119581],[126.931694,35.119625],[126.931712,35.119645]]]]}},{"type":"Feature","id":"0000193703841807833900000000","properties":{"id":"0000193703841807833900000000","pnu":"1221011900105990002"},"geometry":{"type":"MultiPolygon","coordinates":[[[[126.931748,35.126166],[126.931763,35.126108],[126.931719,35.126098],[126.931704,35.12616],[126.931748,35.126166]]]]}},{"type":"Feature","id":"0000193706231800033600000000","properties":{"id":"0000193706231800033600000000","pnu":"1221012600102630003"},"geometry":{"type":"MultiPolygon","coordinates":[[[[126.931809,35.119142],[126.931835,35.119109],[126.931717,35.119062],[126.931698,35.119094],[126.931809,35.119142]]]]}},{"type":"Feature","id":"0000193706461803212100000000","properties":{"id":"0000193706461803212100000000","pnu":"1221012600106360007"},"geometry":{"type":"MultiPolygon","coordinates":[[[[126.93175,35.121987],[126.93178,35.121988],[126.931781,35.121947],[126.931751,35.121947],[126.93175,35.121987]]]]}},{"type":"Feature","id":"0000193708601799989200000000","properties":{"id":"0000193708601799989200000000","pnu":"1221012600102630003"},"geometry":{"type":"MultiPolygon","coordinates":[[[[126.931843,35.119111],[126.931871,35.119066],[126.931739,35.119012],[126.931714,35.119061],[126.931843,35.119111]]]]}},{"type":"Feature","id":"0000193709461802824300000000","properties":{"id":"0000193709461802824300000000","pnu":"1221012600106360128"},"geometry":{"type":"MultiPolygon","coordinates":[[[[126.931843,35.121693],[126.931879,35.121585],[126.931733,35.121544],[126.931731,35.12156],[126.931742,35.121665],[126.931843,35.121693]]]]}},{"type":"Feature","id":"0000193710471805230800000000","properties":{"id":"0000193710471805230800000000","pnu":"1221012600102830006"},"geometry":{"type":"MultiPolygon","coordinates":[[[[126.931771,35.123841],[126.931842,35.123842],[126.931844,35.123733],[126.931774,35.123732],[126.931771,35.123841]]]]}},{"type":"Feature","id":"0000193712171800400700000000","properties":{"id":"0000193712171800400700000000","pnu":"1221012600102620004"},"geometry":{"type":"MultiPolygon","coordinates":[[[[126.931826,35.119385],[126.931789,35.119467],[126.931834,35.119481],[126.931872,35.119399],[126.931826,35.119385]]]]}},{"type":"Feature","id":"0000193713081803613200000000","properties":{"id":"0000193713081803613200000000","pnu":"1221012600106360209"},"geometry":{"type":"MultiPolygon","coordinates":[[[[126.931868,35.122315],[126.931819,35.122305],[126.931808,35.122342],[126.931856,35.122353],[126.931868,35.122315]]]]}},{"type":"Feature","id":"0000193715301803028300000000","properties":{"id":"0000193715301803028300000000","pnu":"1221012600106360009"},"geometry":{"type":"MultiPolygon","coordinates":[[[[126.931907,35.12185],[126.931935,35.121785],[126.931818,35.121752],[126.931792,35.121821],[126.931907,35.12185]]]]}},{"type":"Feature","id":"0000193715811799923000000000","properties":{"id":"0000193715811799923000000000","pnu":"1221012600102630003"},"geometry":{"type":"MultiPolygon","coordinates":[[[[126.931878,35.118959],[126.931822,35.119033],[126.931867,35.119045],[126.931917,35.118972],[126.931878,35.118959]]]]}},{"type":"Feature","id":"0000193729711801884600000000","properties":{"id":"0000193729711801884600000000","pnu":"1221012600106360137"},"geometry":{"type":"MultiPolygon","coordinates":[[[[126.932061,35.120798],[126.932073,35.120768],[126.931982,35.120743],[126.93197,35.120774],[126.932061,35.120798]]]]}},{"type":"Feature","id":"0000193730071804053200000000","properties":{"id":"0000193730071804053200000000","pnu":"1221012600102800001"},"geometry":{"type":"MultiPolygon","coordinates":[[[[126.932091,35.122692],[126.93199,35.122666],[126.931953,35.122758],[126.932062,35.122784],[126.932091,35.122692]]]]}},{"type":"Feature","id":"0000193730461806877400000000","properties":{"id":"0000193730461806877400000000","pnu":"1221011900105660028"},"geometry":{"type":"MultiPolygon","coordinates":[[[[126.931994,35.125299],[126.93204,35.125308],[126.932059,35.125245],[126.932011,35.125234],[126.931994,35.125299]]]]}},{"type":"Feature","id":"0000193736501801652400000000","properties":{"id":"0000193736501801652400000000","pnu":"1221012600106360138"},"geometry":{"type":"MultiPolygon","coordinates":[[[[126.932045,35.120565],[126.932136,35.120588],[126.932147,35.120558],[126.932057,35.120535],[126.932045,35.120565]]]]}},{"type":"Feature","id":"0000193741621804603300000000","properties":{"id":"0000193741621804603300000000","pnu":"1221011900106630001"},"geometry":{"type":"MultiPolygon","coordinates":[[[[126.932193,35.123155],[126.932155,35.123146],[126.932105,35.123285],[126.93215,35.123293],[126.932193,35.123155]]]]}},{"type":"Feature","id":"0000193742361803016100000000","properties":{"id":"0000193742361803016100000000","pnu":"1221012600106360092"},"geometry":{"type":"MultiPolygon","coordinates":[[[[126.932148,35.121842],[126.932227,35.1218],[126.93217,35.121737],[126.932092,35.121785],[126.932148,35.121842]]]]}},{"type":"Feature","id":"0000193749751802970800000000","properties":{"id":"0000193749751802970800000000","pnu":"1221012600106360092"},"geometry":{"type":"MultiPolygon","coordinates":[[[[126.932242,35.12179],[126.932283,35.121765],[126.932237,35.121711],[126.9322,35.121731],[126.932242,35.12179]]]]}},{"type":"Feature","id":"0000193754081802269600000000","properties":{"id":"0000193754081802269600000000","pnu":"1221012600106360132"},"geometry":{"type":"MultiPolygon","coordinates":[[[[126.932237,35.121151],[126.93233,35.121156],[126.932339,35.121085],[126.932249,35.121079],[126.932237,35.121151]]]]}},{"type":"Feature","id":"0000193763611802281000000000","properties":{"id":"0000193763611802281000000000","pnu":"1221012600106360132"},"geometry":{"type":"MultiPolygon","coordinates":[[[[126.932453,35.121091],[126.932346,35.121081],[126.932336,35.121165],[126.932438,35.121177],[126.932453,35.121091]]]]}},{"type":"Feature","id":"0000193779091802336400000000","properties":{"id":"0000193779091802336400000000","pnu":"1221012600106360218"},"geometry":{"type":"MultiPolygon","coordinates":[[[[126.932616,35.121232],[126.93264,35.121153],[126.93251,35.121123],[126.932487,35.121206],[126.932616,35.121232]]]]}},{"type":"Feature","id":"0000193782231803341600000000","properties":{"id":"0000193782231803341600000000","pnu":"1221012600102760002"},"geometry":{"type":"MultiPolygon","coordinates":[[[[126.932612,35.122149],[126.932658,35.122043],[126.932586,35.122017],[126.932532,35.122125],[126.932612,35.122149]]]]}},{"type":"Feature","id":"0000193784901804759700000000","properties":{"id":"0000193784901804759700000000","pnu":"1221011900106500002"},"geometry":{"type":"MultiPolygon","coordinates":[[[[126.93261,35.123396],[126.932654,35.123383],[126.932631,35.123326],[126.93261,35.123331],[126.932602,35.123366],[126.93261,35.123396]]]]}},{"type":"Feature","id":"0000193785701800805500000000","properties":{"id":"0000193785701800805500000000","pnu":"1221012600106360069"},"geometry":{"type":"MultiPolygon","coordinates":[[[[126.93266,35.119788],[126.93263,35.119778],[126.932614,35.119809],[126.932643,35.119819],[126.93266,35.119788]]]]}},{"type":"Feature","id":"0000193787051800873900000000","properties":{"id":"0000193787051800873900000000","pnu":"1221012600106360069"},"geometry":{"type":"MultiPolygon","coordinates":[[[[126.932709,35.119854],[126.932614,35.119824],[126.932594,35.119866],[126.932689,35.119897],[126.932709,35.119854]]]]}},{"type":"Feature","id":"0000193791951801977600000000","properties":{"id":"0000193791951801977600000000","pnu":"1221012600106360012"},"geometry":{"type":"MultiPolygon","coordinates":[[[[126.932731,35.12089],[126.932729,35.12082],[126.93268,35.120819],[126.932678,35.120889],[126.932731,35.12089]]]]}},{"type":"Feature","id":"0000193792211802073100000000","properties":{"id":"0000193792211802073100000000","pnu":"1221012600106360102"},"geometry":{"type":"MultiPolygon","coordinates":[[[[126.932735,35.120979],[126.932731,35.120903],[126.932682,35.120902],[126.93268,35.120977],[126.932735,35.120979]]]]}},{"type":"Feature","id":"0000193793961801887300000000","properties":{"id":"0000193793961801887300000000","pnu":"1221012600106360012"},"geometry":{"type":"MultiPolygon","coordinates":[[[[126.932752,35.120806],[126.932754,35.120743],[126.9327,35.120741],[126.932698,35.120804],[126.932752,35.120806]]]]}},{"type":"Feature","id":"0000193794081800852600000000","properties":{"id":"0000193794081800852600000000","pnu":"1221012600106360069"},"geometry":{"type":"MultiPolygon","coordinates":[[[[126.932751,35.11981],[126.932725,35.119806],[126.932707,35.119873],[126.93273,35.119877],[126.932751,35.11981]]]]}},{"type":"Feature","id":"0000193796311802622800000000","properties":{"id":"0000193796311802622800000000","pnu":"1221012600102730000"},"geometry":{"type":"MultiPolygon","coordinates":[[[[126.932707,35.121483],[126.932764,35.121494],[126.932796,35.12139],[126.93274,35.121379],[126.932707,35.121483]]]]}},{"type":"Feature","id":"0000193796901802384600000000","properties":{"id":"0000193796901802384600000000","pnu":"1221012600102740002"},"geometry":{"type":"MultiPolygon","coordinates":[[[[126.932857,35.121285],[126.932883,35.121216],[126.932658,35.121158],[126.932638,35.121231],[126.932857,35.121285]]]]}},{"type":"Feature","id":"0000193802501802510100000000","properties":{"id":"0000193802501802510100000000","pnu":"1221012600102730000"},"geometry":{"type":"MultiPolygon","coordinates":[[[[126.932753,35.121376],[126.932853,35.121397],[126.932886,35.121294],[126.932786,35.121273],[126.932753,35.121376]]]]}},{"type":"Feature","id":"0000193804521800767900000000","properties":{"id":"0000193804521800767900000000","pnu":"1221012600106360080"},"geometry":{"type":"MultiPolygon","coordinates":[[[[126.932891,35.119717],[126.932823,35.11971],[126.932813,35.119771],[126.93279,35.119768],[126.932784,35.119804],[126.932874,35.119814],[126.932891,35.119717]]]]}},{"type":"Feature","id":"0000193805841802140300000000","properties":{"id":"0000193805841802140300000000","pnu":"1221012600102700004"},"geometry":{"type":"MultiPolygon","coordinates":[[[[126.932781,35.120967],[126.932769,35.120999],[126.93293,35.121037],[126.932943,35.121004],[126.932781,35.120967]]]]}},{"type":"Feature","id":"0000193807351802567900000000","properties":{"id":"0000193807351802567900000000","pnu":"1221012600102730000"},"geometry":{"type":"MultiPolygon","coordinates":[[[[126.932896,35.121367],[126.932865,35.121361],[126.93285,35.121407],[126.93288,35.121414],[126.932896,35.121367]]]]}},{"type":"Feature","id":"0000193807771804902000000000","properties":{"id":"0000193807771804902000000000","pnu":"1221011900106500000"},"geometry":{"type":"MultiPolygon","coordinates":[[[[126.932946,35.123487],[126.932822,35.123454],[126.932806,35.123495],[126.93293,35.123528],[126.932946,35.123487]]]]}},{"type":"Feature","id":"0000193808371806560100000000","properties":{"id":"0000193808371806560100000000","pnu":"1221011900106110000"},"geometry":{"type":"MultiPolygon","coordinates":[[[[126.932757,35.125001],[126.932737,35.125074],[126.932756,35.125078],[126.932743,35.125131],[126.932942,35.125172],[126.932993,35.125],[126.933039,35.124849],[126.932812,35.124804],[126.932757,35.125001]]]]}},{"type":"Feature","id":"0000193808891800587300000000","properties":{"id":"0000193808891800587300000000","pnu":"1221012600106360031"},"geometry":{"type":"MultiPolygon","coordinates":[[[[126.93292,35.119628],[126.932934,35.119599],[126.932863,35.119576],[126.932848,35.119605],[126.93292,35.119628]]]]}},{"type":"Feature","id":"0000193810031800658100000000","properties":{"id":"0000193810031800658100000000","pnu":"1221012600106360031"},"geometry":{"type":"MultiPolygon","coordinates":[[[[126.93297,35.119715],[126.93299,35.119656],[126.932839,35.119616],[126.932816,35.119676],[126.93297,35.119715]]]]}},{"type":"Feature","id":"0000193811661802315200000000","properties":{"id":"0000193811661802315200000000","pnu":"1221012600102730002"},"geometry":{"type":"MultiPolygon","coordinates":[[[[126.932977,35.121124],[126.932888,35.121109],[126.932865,35.121195],[126.932949,35.121212],[126.932977,35.121124]]]]}},{"type":"Feature","id":"0000193817241804229800000000","properties":{"id":"0000193817241804229800000000","pnu":"1221011900106500008"},"geometry":{"type":"MultiPolygon","coordinates":[[[[126.933032,35.122909],[126.933032,35.122862],[126.932929,35.122862],[126.932927,35.122908],[126.933032,35.122909]]]]}},{"type":"Feature","id":"0000193817841804281800000000","properties":{"id":"0000193817841804281800000000","pnu":"1221011900106500008"},"geometry":{"type":"MultiPolygon","coordinates":[[[[126.933038,35.122943],[126.933037,35.122923],[126.932933,35.122923],[126.932933,35.122939],[126.933038,35.122943]]]]}},{"type":"Feature","id":"0000193819141800811600000000","properties":{"id":"0000193819141800811600000000","pnu":"1221012600102680000"},"geometry":{"type":"MultiPolygon","coordinates":[[[[126.932915,35.119894],[126.932977,35.119911],[126.93299,35.119875],[126.933043,35.119887],[126.933106,35.119731],[126.933065,35.119721],[126.93295,35.119728],[126.932918,35.11981],[126.932946,35.119817],[126.932915,35.119894]]]]}},{"type":"Feature","id":"0000193820231800609300000000","properties":{"id":"0000193820231800609300000000","pnu":"1221012600106360031"},"geometry":{"type":"MultiPolygon","coordinates":[[[[126.932927,35.119637],[126.933069,35.119679],[126.933099,35.11961],[126.933069,35.1196],[126.933073,35.119589],[126.93302,35.119573],[126.933013,35.119588],[126.932956,35.119571],[126.932927,35.119637]]]]}},{"type":"Feature","id":"0000193820751804167200000000","properties":{"id":"0000193820751804167200000000","pnu":"1221011900106500010"},"geometry":{"type":"MultiPolygon","coordinates":[[[[126.933039,35.122798],[126.932992,35.122802],[126.932998,35.122859],[126.933045,35.122856],[126.933039,35.122798]]]]}},{"type":"Feature","id":"0000193820841809084200000000","properties":{"id":"0000193820841809084200000000","pnu":"1221011900105710006"},"geometry":{"type":"MultiPolygon","coordinates":[[[[126.933028,35.127313],[126.933054,35.127245],[126.932966,35.127225],[126.933028,35.127313]]]]}},{"type":"Feature","id":"0000193830181807895300000000","properties":{"id":"0000193830181807895300000000","pnu":"1221011900105660002"},"geometry":{"type":"MultiPolygon","coordinates":[[[[126.933121,35.12622],[126.933151,35.12617],[126.933116,35.126158],[126.933088,35.126211],[126.933121,35.12622]]]]}},{"type":"Feature","id":"0000193842401809261200000000","properties":{"id":"0000193842401809261200000000","pnu":"1221011900105690003"},"geometry":{"type":"MultiPolygon","coordinates":[[[[126.93328,35.127451],[126.933291,35.127401],[126.933227,35.127388],[126.933213,35.127442],[126.93328,35.127451]]]]}},{"type":"Feature","id":"0000193844021803234600000000","properties":{"id":"0000193844021803234600000000","pnu":"1221011900108610006"},"geometry":{"type":"MultiPolygon","coordinates":[[[[126.933296,35.121967],[126.933241,35.121984],[126.933253,35.12201],[126.933308,35.121992],[126.933296,35.121967]]]]}},{"type":"Feature","id":"0000193847731803047800000000","properties":{"id":"0000193847731803047800000000","pnu":"1221011900106750005"},"geometry":{"type":"MultiPolygon","coordinates":[[[[126.933323,35.121864],[126.933364,35.121829],[126.933306,35.121777],[126.933268,35.121807],[126.933323,35.121864]]]]}},{"type":"Feature","id":"0000193848491809315400000000","properties":{"id":"0000193848491809315400000000","pnu":"1221011900105690003"},"geometry":{"type":"MultiPolygon","coordinates":[[[[126.933345,35.127495],[126.933357,35.127466],[126.933295,35.127444],[126.933279,35.127472],[126.933345,35.127495]]]]}},{"type":"Feature","id":"0000193854571808369400000000","properties":{"id":"0000193854571808369400000000","pnu":"1221011900105660002"},"geometry":{"type":"MultiPolygon","coordinates":[[[[126.933411,35.126605],[126.93338,35.126594],[126.933361,35.126627],[126.933394,35.12664],[126.933411,35.126605]]]]}},{"type":"Feature","id":"0000193858781808335700000000","properties":{"id":"0000193858781808335700000000","pnu":"1221011900105660002"},"geometry":{"type":"MultiPolygon","coordinates":[[[[126.933461,35.126615],[126.933474,35.126585],[126.933406,35.126556],[126.933392,35.126589],[126.933461,35.126615]]]]}},{"type":"Feature","id":"0000193861331803707700000000","properties":{"id":"0000193861331803707700000000","pnu":"1221011900106730018"},"geometry":{"type":"MultiPolygon","coordinates":[[[[126.933501,35.122376],[126.933435,35.122382],[126.933449,35.122469],[126.933467,35.122466],[126.933501,35.122376]]]]}},{"type":"Feature","id":"0000193868641802598200000000","properties":{"id":"0000193868641802598200000000","pnu":"1221011900106860000"},"geometry":{"type":"MultiPolygon","coordinates":[[[[126.933548,35.121371],[126.933498,35.121393],[126.933542,35.121459],[126.933592,35.121437],[126.933548,35.121371]]]]}},{"type":"Feature","id":"0000193872641802938500000000","properties":{"id":"0000193872641802938500000000","pnu":"1221011900106780030"},"geometry":{"type":"MultiPolygon","coordinates":[[[[126.933591,35.121739],[126.933607,35.121713],[126.933587,35.121704],[126.93357,35.12173],[126.933591,35.121739]]]]}},{"type":"Feature","id":"0000193883921809875600000000","properties":{"id":"0000193883921809875600000000","pnu":"1221011900105500019"},"geometry":{"type":"MultiPolygon","coordinates":[[[[126.933654,35.127945],[126.933662,35.128012],[126.933758,35.128008],[126.933752,35.127934],[126.933654,35.127945]]]]}},{"type":"Feature","id":"0000193890031809613900000000","properties":{"id":"0000193890031809613900000000","pnu":"1221011900105510004"},"geometry":{"type":"MultiPolygon","coordinates":[[[[126.933732,35.127815],[126.933837,35.127809],[126.933814,35.127659],[126.933715,35.127668],[126.933732,35.127815]]]]}},{"type":"Feature","id":"0000193892621800483600000000","properties":{"id":"0000193892621800483600000000","pnu":"1221011900108630000"},"geometry":{"type":"MultiPolygon","coordinates":[[[[126.933764,35.119535],[126.933849,35.119539],[126.933853,35.119477],[126.933767,35.119485],[126.933764,35.119535]]]]}},{"type":"Feature","id":"0000193893201801798300000000","properties":{"id":"0000193893201801798300000000","pnu":"1221011900106880000"},"geometry":{"type":"MultiPolygon","coordinates":[[[[126.933792,35.120718],[126.933839,35.120717],[126.933838,35.12067],[126.933792,35.12067],[126.933792,35.120718]]]]}},{"type":"Feature","id":"0000193898251805045800000000","properties":{"id":"0000193898251805045800000000","pnu":"1221011900106430007"},"geometry":{"type":"MultiPolygon","coordinates":[[[[126.933913,35.123641],[126.933918,35.123623],[126.933828,35.1236],[126.933821,35.123623],[126.933913,35.123641]]]]}},{"type":"Feature","id":"0000193900041801767800000000","properties":{"id":"0000193900041801767800000000","pnu":"1221011900106880000"},"geometry":{"type":"MultiPolygon","coordinates":[[[[126.933853,35.120712],[126.933925,35.120715],[126.933928,35.120621],[126.933855,35.120619],[126.933853,35.120712]]]]}},{"type":"Feature","id":"0000193900461804682200000000","properties":{"id":"0000193900461804682200000000","pnu":"1221011900106430003"},"geometry":{"type":"MultiPolygon","coordinates":[[[[126.933909,35.123379],[126.933948,35.123219],[126.93388,35.123205],[126.933835,35.123367],[126.933909,35.123379]]]]}},{"type":"Feature","id":"0000193902711804574600000000","properties":{"id":"0000193902711804574600000000","pnu":"1221011900106430003"},"geometry":{"type":"MultiPolygon","coordinates":[[[[126.933883,35.123178],[126.933878,35.123198],[126.933952,35.123214],[126.933958,35.123197],[126.933883,35.123178]]]]}},{"type":"Feature","id":"0000193916171808069800000000","properties":{"id":"0000193916171808069800000000","pnu":"1221011900106170003"},"geometry":{"type":"MultiPolygon","coordinates":[[[[126.934131,35.126301],[126.934038,35.126275],[126.933994,35.126392],[126.934086,35.126419],[126.934131,35.126301]]]]}},{"type":"Feature","id":"0000193916651808722700000000","properties":{"id":"0000193916651808722700000000","pnu":"1221011900105600011"},"geometry":{"type":"MultiPolygon","coordinates":[[[[126.934091,35.126912],[126.934046,35.12691],[126.934044,35.126959],[126.934088,35.126961],[126.934091,35.126912]]]]}},{"type":"Feature","id":"0000193918981806267100000000","properties":{"id":"0000193918981806267100000000","pnu":"1221011900106250000"},"geometry":{"type":"MultiPolygon","coordinates":[[[[126.934055,35.124749],[126.934119,35.124759],[126.934134,35.124695],[126.93407,35.124685],[126.934055,35.124749]]]]}},{"type":"Feature","id":"0000193919271807944500000000","properties":{"id":"0000193919271807944500000000","pnu":"1221011900106170009"},"geometry":{"type":"MultiPolygon","coordinates":[[[[126.934131,35.126292],[126.934166,35.126207],[126.934063,35.126176],[126.934026,35.126261],[126.934131,35.126292]]]]}},{"type":"Feature","id":"0000193920781802681500000000","properties":{"id":"0000193920781802681500000000","pnu":"1221011900106810004"},"geometry":{"type":"MultiPolygon","coordinates":[[[[126.934062,35.121497],[126.934133,35.121535],[126.934173,35.121483],[126.934101,35.121446],[126.934062,35.121497]]]]}},{"type":"Feature","id":"0000193922621802342800000000","properties":{"id":"0000193922621802342800000000","pnu":"1221011900106840000"},"geometry":{"type":"MultiPolygon","coordinates":[[[[126.934241,35.121134],[126.934097,35.121124],[126.934083,35.121126],[126.934064,35.121147],[126.934013,35.121233],[126.934069,35.121238],[126.934069,35.121233],[126.934223,35.121241],[126.934241,35.121134]]]]}},{"type":"Feature","id":"0000193930231802509700000000","properties":{"id":"0000193930231802509700000000","pnu":"1221011900106840000"},"geometry":{"type":"MultiPolygon","coordinates":[[[[126.934323,35.121297],[126.93428,35.121279],[126.934234,35.121265],[126.934181,35.121264],[126.934117,35.121364],[126.934248,35.121424],[126.934323,35.121297]]]]}},{"type":"Feature","id":"0000193939171804090800000000","properties":{"id":"0000193939171804090800000000","pnu":"1221011900106400001"},"geometry":{"type":"MultiPolygon","coordinates":[[[[126.934345,35.122773],[126.934346,35.12275],[126.93429,35.122748],[126.93429,35.122772],[126.934345,35.122773]]]]}},{"type":"Feature","id":"0000193947821804084600000000","properties":{"id":"0000193947821804084600000000","pnu":"1221011900106380024"},"geometry":{"type":"MultiPolygon","coordinates":[[[[126.934465,35.122762],[126.934462,35.12274],[126.934362,35.122747],[126.934365,35.122771],[126.934465,35.122762]]]]}},{"type":"Feature","id":"0000193948761808644400000000","properties":{"id":"0000193948761808644400000000","pnu":"1221011900105600014"},"geometry":{"type":"MultiPolygon","coordinates":[[[[126.934402,35.126835],[126.934381,35.126891],[126.934433,35.126904],[126.934458,35.126837],[126.93443,35.12683],[126.934402,35.126835]]]]}},{"type":"Feature","id":"0000193950051807763700000000","properties":{"id":"0000193950051807763700000000","pnu":"1221011900106180000"},"geometry":{"type":"MultiPolygon","coordinates":[[[[126.934461,35.126058],[126.934426,35.126047],[126.934408,35.126085],[126.934443,35.126096],[126.934461,35.126058]]]]}},{"type":"Feature","id":"0000193950311809254000000000","properties":{"id":"0000193950311809254000000000","pnu":"1221011900105570004"},"geometry":{"type":"MultiPolygon","coordinates":[[[[126.934469,35.127394],[126.934419,35.127383],[126.934403,35.127435],[126.934453,35.127446],[126.934469,35.127394]]]]}},{"type":"Feature","id":"0000193953041808595600000000","properties":{"id":"0000193953041808595600000000","pnu":"1221011900105600014"},"geometry":{"type":"MultiPolygon","coordinates":[[[[126.934481,35.126842],[126.934492,35.12681],[126.934452,35.1268],[126.934441,35.126832],[126.934481,35.126842]]]]}},{"type":"Feature","id":"0000193956421809722800000000","properties":{"id":"0000193956421809722800000000","pnu":"1221011900105560006"},"geometry":{"type":"MultiPolygon","coordinates":[[[[126.934483,35.127862],[126.934528,35.127854],[126.934515,35.127811],[126.934485,35.127816],[126.934483,35.127862]]]]}},{"type":"Feature","id":"0000193960011802675800000000","properties":{"id":"0000193960011802675800000000","pnu":"1221011900102100010"},"geometry":{"type":"MultiPolygon","coordinates":[[[[126.934553,35.121547],[126.934566,35.121483],[126.934612,35.121452],[126.934593,35.121421],[126.934516,35.121458],[126.934499,35.121547],[126.934553,35.121547]]]]}},{"type":"Feature","id":"0000193961471803805000000000","properties":{"id":"0000193961471803805000000000","pnu":"1221011900106380027"},"geometry":{"type":"MultiPolygon","coordinates":[[[[126.934628,35.122529],[126.934628,35.122491],[126.934544,35.122484],[126.934544,35.122471],[126.934507,35.122469],[126.934505,35.122522],[126.934628,35.122529]]]]}},{"type":"Feature","id":"0000193961721802302000000000","properties":{"id":"0000193961721802302000000000","pnu":"1221011900106820006"},"geometry":{"type":"MultiPolygon","coordinates":[[[[126.934597,35.12119],[126.934613,35.121107],[126.934547,35.121098],[126.934534,35.121162],[126.934516,35.12116],[126.93451,35.121189],[126.934549,35.121194],[126.934552,35.121186],[126.934597,35.12119]]]]}},{"type":"Feature","id":"0000193961851808616200000000","properties":{"id":"0000193961851808616200000000","pnu":"1221011900105600014"},"geometry":{"type":"MultiPolygon","coordinates":[[[[126.934528,35.126859],[126.934576,35.126873],[126.934598,35.126821],[126.934551,35.126807],[126.934528,35.126859]]]]}},{"type":"Feature","id":"0000193963391803388900000000","properties":{"id":"0000193963391803388900000000","pnu":"1221011900200260000"},"geometry":{"type":"MultiPolygon","coordinates":[[[[126.934592,35.122171],[126.93463,35.122141],[126.934575,35.122086],[126.934538,35.122114],[126.934592,35.122171]]]]}},{"type":"Feature","id":"0000193965041803479800000000","properties":{"id":"0000193965041803479800000000","pnu":"1221011900106380003"},"geometry":{"type":"MultiPolygon","coordinates":[[[[126.934636,35.122229],[126.934599,35.122177],[126.934568,35.122189],[126.934606,35.122244],[126.934636,35.122229]]]]}},{"type":"Feature","id":"0000193968251808399800000000","properties":{"id":"0000193968251808399800000000","pnu":"1221011900106180000"},"geometry":{"type":"MultiPolygon","coordinates":[[[[126.934588,35.126653],[126.934667,35.12667],[126.934678,35.126636],[126.934601,35.12662],[126.934588,35.126653]]]]}},{"type":"Feature","id":"0000193968401809596400000000","properties":{"id":"0000193968401809596400000000","pnu":"1221011900105560006"},"geometry":{"type":"MultiPolygon","coordinates":[[[[126.934587,35.127766],[126.9347,35.127745],[126.934682,35.12768],[126.934569,35.127702],[126.934587,35.127766]]]]}},{"type":"Feature","id":"0000193969631803457500000000","properties":{"id":"0000193969631803457500000000","pnu":"1221011900200260000"},"geometry":{"type":"MultiPolygon","coordinates":[[[[126.934648,35.122223],[126.934688,35.122204],[126.934657,35.122158],[126.934616,35.122174],[126.934648,35.122223]]]]}},{"type":"Feature","id":"0000193969711809300200000000","properties":{"id":"0000193969711809300200000000","pnu":"1221011900105560000"},"geometry":{"type":"MultiPolygon","coordinates":[[[[126.934715,35.127421],[126.934624,35.127393],[126.934583,35.127493],[126.934673,35.127519],[126.934715,35.127421]]]]}},{"type":"Feature","id":"0000193970381809908300000000","properties":{"id":"0000193970381809908300000000","pnu":"1221011900108560000"},"geometry":{"type":"MultiPolygon","coordinates":[[[[126.934699,35.128027],[126.934668,35.127972],[126.93465,35.127969],[126.934645,35.127992],[126.934622,35.127989],[126.934617,35.128013],[126.934628,35.128026],[126.934699,35.128027]]]]}},{"type":"Feature","id":"0000193973461805440300000000","properties":{"id":"0000193973461805440300000000","pnu":"1221011900104450003"},"geometry":{"type":"MultiPolygon","coordinates":[[[[126.934739,35.123989],[126.934736,35.123959],[126.934647,35.123965],[126.93465,35.123996],[126.934739,35.123989]]]]}},{"type":"Feature","id":"0000193973721803566400000000","properties":{"id":"0000193973721803566400000000","pnu":"1221011900106380003"},"geometry":{"type":"MultiPolygon","coordinates":[[[[126.934736,35.122333],[126.934722,35.122239],[126.934658,35.122243],[126.934673,35.122338],[126.934736,35.122333]]]]}},{"type":"Feature","id":"0000193977681808419400000000","properties":{"id":"0000193977681808419400000000","pnu":"1221011900106180000"},"geometry":{"type":"MultiPolygon","coordinates":[[[[126.934807,35.126641],[126.934681,35.126638],[126.934679,35.12668],[126.934721,35.126697],[126.934805,35.126667],[126.934807,35.126641]]]]}},{"type":"Feature","id":"0000193977971806182700000000","properties":{"id":"0000193977971806182700000000","pnu":"1221011900106250000"},"geometry":{"type":"MultiPolygon","coordinates":[[[[126.934761,35.124676],[126.934755,35.124614],[126.934724,35.124616],[126.934728,35.124678],[126.934761,35.124676]]]]}},{"type":"Feature","id":"0000193978731809880900000000","properties":{"id":"0000193978731809880900000000","pnu":"1221011900105560006"},"geometry":{"type":"MultiPolygon","coordinates":[[[[126.934714,35.128014],[126.934801,35.127982],[126.934783,35.127946],[126.934693,35.127978],[126.934714,35.128014]]]]}},{"type":"Feature","id":"0000193986331805443300000000","properties":{"id":"0000193986331805443300000000","pnu":"1221011900104450003"},"geometry":{"type":"MultiPolygon","coordinates":[[[[126.934815,35.124003],[126.934856,35.124001],[126.934853,35.123957],[126.934813,35.123959],[126.934815,35.124003]]]]}},{"type":"Feature","id":"0000193989041809824600000000","properties":{"id":"0000193989041809824600000000","pnu":"1221011900105560000"},"geometry":{"type":"MultiPolygon","coordinates":[[[[126.934835,35.127972],[126.934907,35.12791],[126.934885,35.127885],[126.934813,35.127951],[126.934835,35.127972]]]]}},{"type":"Feature","id":"0000194002961803270500000000","properties":{"id":"0000194002961803270500000000","pnu":"1221011900200300000"},"geometry":{"type":"MultiPolygon","coordinates":[[[[126.934946,35.121981],[126.934966,35.12207],[126.9351,35.12205],[126.935088,35.121993],[126.935052,35.121997],[126.93505,35.121982],[126.935013,35.121988],[126.935009,35.121973],[126.934946,35.121981]]]]}},{"type":"Feature","id":"0000194004421809683400000000","properties":{"id":"0000194004421809683400000000","pnu":"1221011900105560000"},"geometry":{"type":"MultiPolygon","coordinates":[[[[126.934952,35.127841],[126.935059,35.127872],[126.935107,35.127763],[126.935,35.127732],[126.934952,35.127841]]]]}},{"type":"Feature","id":"0000194007571805854000000000","properties":{"id":"0000194007571805854000000000","pnu":"1221011900104460001"},"geometry":{"type":"MultiPolygon","coordinates":[[[[126.935086,35.124333],[126.935055,35.124328],[126.935048,35.124367],[126.935078,35.124373],[126.935086,35.124333]]]]}},{"type":"Feature","id":"0000194021151807373100000000","properties":{"id":"0000194021151807373100000000","pnu":"1221011900104880001"},"geometry":{"type":"MultiPolygon","coordinates":[[[[126.935163,35.125718],[126.935234,35.125766],[126.935253,35.125734],[126.935241,35.125696],[126.935213,35.125676],[126.935163,35.125718]]]]}},{"type":"Feature","id":"0000194023051805600900000000","properties":{"id":"0000194023051805600900000000","pnu":"1221011900104450012"},"geometry":{"type":"MultiPolygon","coordinates":[[[[126.935173,35.124197],[126.935266,35.124199],[126.935267,35.124148],[126.935308,35.124148],[126.935311,35.124057],[126.935206,35.124055],[126.935206,35.124064],[126.935177,35.124064],[126.935173,35.124197]]]]}},{"type":"Feature","id":"0000194036461805308500000000","properties":{"id":"0000194036461805308500000000","pnu":"1221011900104460010"},"geometry":{"type":"MultiPolygon","coordinates":[[[[126.935444,35.123838],[126.935328,35.12383],[126.935327,35.12388],[126.935439,35.123887],[126.935444,35.123838]]]]}},{"type":"Feature","id":"0000194037021806087600000000","properties":{"id":"0000194037021806087600000000","pnu":"1221011900104480009"},"geometry":{"type":"MultiPolygon","coordinates":[[[[126.935337,35.124596],[126.935457,35.124555],[126.935445,35.124526],[126.935322,35.124567],[126.935337,35.124596]]]]}},{"type":"Feature","id":"0000194037051805209600000000","properties":{"id":"0000194037051805209600000000","pnu":"1221011900104460010"},"geometry":{"type":"MultiPolygon","coordinates":[[[[126.935442,35.123807],[126.935445,35.123718],[126.935406,35.123717],[126.935405,35.123745],[126.935349,35.123743],[126.935348,35.123759],[126.935323,35.123758],[126.935321,35.123802],[126.935442,35.123807]]]]}},{"type":"Feature","id":"0000194041021802951100000000","properties":{"id":"0000194041021802951100000000","pnu":"1221011900102120005"},"geometry":{"type":"MultiPolygon","coordinates":[[[[126.93541,35.121716],[126.935402,35.121737],[126.935462,35.121752],[126.93547,35.121731],[126.93541,35.121716]]]]}},{"type":"Feature","id":"0000194041651808216700000000","properties":{"id":"0000194041651808216700000000","pnu":"1221011900104910000"},"geometry":{"type":"MultiPolygon","coordinates":[[[[126.935275,35.126447],[126.935592,35.126544],[126.935609,35.126517],[126.93529,35.126416],[126.935275,35.126447]]]]}},{"type":"Feature","id":"0000194042301806157500000000","properties":{"id":"0000194042301806157500000000","pnu":"1221011900104850020"},"geometry":{"type":"MultiPolygon","coordinates":[[[[126.935406,35.124659],[126.935508,35.124624],[126.935487,35.124589],[126.935388,35.124625],[126.935406,35.124659]]]]}},{"type":"Feature","id":"0000194044291806220100000000","properties":{"id":"0000194044291806220100000000","pnu":"1221011900104850020"},"geometry":{"type":"MultiPolygon","coordinates":[[[[126.935432,35.124716],[126.935523,35.124673],[126.93551,35.124646],[126.935416,35.124686],[126.935432,35.124716]]]]}},{"type":"Feature","id":"0000194047971805801200000000","properties":{"id":"0000194047971805801200000000","pnu":"1221011900104480004"},"geometry":{"type":"MultiPolygon","coordinates":[[[[126.935465,35.124316],[126.935545,35.124323],[126.935552,35.124285],[126.935469,35.124288],[126.935465,35.124316]]]]}},{"type":"Feature","id":"0000194050421805310400000000","properties":{"id":"0000194050421805310400000000","pnu":"1221011900104460010"},"geometry":{"type":"MultiPolygon","coordinates":[[[[126.935588,35.123894],[126.935589,35.123834],[126.935538,35.123833],[126.935539,35.123825],[126.935491,35.123824],[126.935489,35.123891],[126.935588,35.123894]]]]}},{"type":"Feature","id":"0000194051721805400500000000","properties":{"id":"0000194051721805400500000000","pnu":"1221011900104460010"},"geometry":{"type":"MultiPolygon","coordinates":[[[[126.935599,35.123973],[126.935601,35.123914],[126.935503,35.123912],[126.935501,35.123968],[126.935599,35.123973]]]]}},{"type":"Feature","id":"0000194055111805675500000000","properties":{"id":"0000194055111805675500000000","pnu":"1221011900104460003"},"geometry":{"type":"MultiPolygon","coordinates":[[[[126.935561,35.124222],[126.935579,35.124222],[126.935621,35.124197],[126.935622,35.124166],[126.935563,35.124164],[126.935561,35.124222]]]]}},{"type":"Feature","id":"0000194056991808908300000000","properties":{"id":"0000194056991808908300000000","pnu":"1221011900105070000"},"geometry":{"type":"MultiPolygon","coordinates":[[[[126.935559,35.127075],[126.935551,35.127107],[126.935676,35.127132],[126.935674,35.127113],[126.935624,35.127103],[126.93562,35.127087],[126.935559,35.127075]]]]}},{"type":"Feature","id":"0000194059291808976700000000","properties":{"id":"0000194059291808976700000000","pnu":"1221011900105070000"},"geometry":{"type":"MultiPolygon","coordinates":[[[[126.93555,35.127108],[126.935534,35.127175],[126.935576,35.127181],[126.935565,35.127202],[126.935681,35.127214],[126.935727,35.127207],[126.935725,35.127145],[126.93555,35.127108]]]]}},{"type":"Feature","id":"0000194065671802999600000000","properties":{"id":"0000194065671802999600000000","pnu":"1221011900102130002"},"geometry":{"type":"MultiPolygon","coordinates":[[[[126.935674,35.121789],[126.935743,35.1218],[126.935753,35.121772],[126.93566,35.121755],[126.935655,35.121771],[126.935679,35.121776],[126.935674,35.121789]]]]}},{"type":"Feature","id":"0000194074571801400700000000","properties":{"id":"0000194074571801400700000000","pnu":"1221011900102210005"},"geometry":{"type":"MultiPolygon","coordinates":[[[[126.935767,35.120357],[126.935842,35.120359],[126.935843,35.120315],[126.935768,35.120315],[126.935767,35.120357]]]]}},{"type":"Feature","id":"0000194079541806220400000000","properties":{"id":"0000194079541806220400000000","pnu":"1221011900104800002"},"geometry":{"type":"MultiPolygon","coordinates":[[[[126.935823,35.124687],[126.935879,35.124699],[126.935888,35.124675],[126.935835,35.124663],[126.935823,35.124687]]]]}},{"type":"Feature","id":"0000194079751808155300000000","properties":{"id":"0000194079751808155300000000","pnu":"1221011900104910000"},"geometry":{"type":"MultiPolygon","coordinates":[[[[126.935702,35.126514],[126.935727,35.126536],[126.936014,35.126334],[126.935993,35.126312],[126.935702,35.126514]]]]}},{"type":"Feature","id":"0000194085941805635500000000","properties":{"id":"0000194085941805635500000000","pnu":"1221011900104400000"},"geometry":{"type":"MultiPolygon","coordinates":[[[[126.935993,35.124163],[126.935985,35.124126],[126.935861,35.124145],[126.935869,35.124182],[126.935993,35.124163]]]]}},{"type":"Feature","id":"0000194086381801972400000000","properties":{"id":"0000194086381801972400000000","pnu":"1221011900102810002"},"geometry":{"type":"MultiPolygon","coordinates":[[[[126.935901,35.120869],[126.935948,35.120881],[126.935966,35.120834],[126.935922,35.120823],[126.935901,35.120869]]]]}},{"type":"Feature","id":"0000194087171802825400000000","properties":{"id":"0000194087171802825400000000","pnu":"1221011900102180000"},"geometry":{"type":"MultiPolygon","coordinates":[[[[126.935907,35.121653],[126.935986,35.121638],[126.935977,35.121589],[126.9359,35.121602],[126.935907,35.121653]]]]}},{"type":"Feature","id":"0000194088321801030900000000","properties":{"id":"0000194088321801030900000000","pnu":"1221011900202230000"},"geometry":{"type":"MultiPolygon","coordinates":[[[[126.935946,35.119973],[126.935932,35.120027],[126.935966,35.120034],[126.935981,35.11998],[126.935946,35.119973]]]]}},{"type":"Feature","id":"0000194088731802738800000000","properties":{"id":"0000194088731802738800000000","pnu":"1221011900102180000"},"geometry":{"type":"MultiPolygon","coordinates":[[[[126.935915,35.121567],[126.935998,35.121573],[126.936004,35.121519],[126.935921,35.121513],[126.935915,35.121567]]]]}},{"type":"Feature","id":"0000194090281802957200000000","properties":{"id":"0000194090281802957200000000","pnu":"1221011900102170000"},"geometry":{"type":"MultiPolygon","coordinates":[[[[126.93596,35.121799],[126.936023,35.121783],[126.935995,35.121681],[126.935929,35.121697],[126.93596,35.121799]]]]}},{"type":"Feature","id":"0000194090301800964200000000","properties":{"id":"0000194090301800964200000000","pnu":"1221011900202230000"},"geometry":{"type":"MultiPolygon","coordinates":[[[[126.935968,35.119906],[126.935939,35.119964],[126.935988,35.119981],[126.936017,35.119923],[126.935968,35.119906]]]]}},{"type":"Feature","id":"0000194092531802010100000000","properties":{"id":"0000194092531802010100000000","pnu":"1221011900102810002"},"geometry":{"type":"MultiPolygon","coordinates":[[[[126.935959,35.120893],[126.936013,35.120919],[126.936019,35.12091],[126.936036,35.120921],[126.936053,35.120891],[126.935971,35.120843],[126.935959,35.120893]]]]}},{"type":"Feature","id":"0000194094701800889600000000","properties":{"id":"0000194094701800889600000000","pnu":"1221011900202230000"},"geometry":{"type":"MultiPolygon","coordinates":[[[[126.935969,35.119846],[126.935959,35.119899],[126.936026,35.119917],[126.936097,35.119881],[126.936098,35.119847],[126.935969,35.119846]]]]}},{"type":"Feature","id":"0000194096071805031600000000","properties":{"id":"0000194096071805031600000000","pnu":"1221011900104400000"},"geometry":{"type":"MultiPolygon","coordinates":[[[[126.936056,35.123627],[126.93605,35.123589],[126.936021,35.123592],[126.936027,35.12363],[126.936056,35.123627]]]]}},{"type":"Feature","id":"0000194098181802911100000000","properties":{"id":"0000194098181802911100000000","pnu":"1221011900102890000"},"geometry":{"type":"MultiPolygon","coordinates":[[[[126.936083,35.121675],[126.936032,35.121685],[126.936043,35.121722],[126.936094,35.121711],[126.936083,35.121675]]]]}},{"type":"Feature","id":"0000194101841807894100000000","properties":{"id":"0000194101841807894100000000","pnu":"1221011900104910000"},"geometry":{"type":"MultiPolygon","coordinates":[[[[126.936036,35.126284],[126.936074,35.126294],[126.936163,35.126087],[126.936131,35.12608],[126.936036,35.126284]]]]}},{"type":"Feature","id":"0000194111831807184300000000","properties":{"id":"0000194111831807184300000000","pnu":"1221011900104930003"},"geometry":{"type":"MultiPolygon","coordinates":[[[[126.93616,35.125555],[126.93622,35.125579],[126.936249,35.125564],[126.93622,35.125514],[126.93616,35.125555]]]]}},{"type":"Feature","id":"0000194118881805657000000000","properties":{"id":"0000194118881805657000000000","pnu":"1221011900104400000"},"geometry":{"type":"MultiPolygon","coordinates":[[[[126.936319,35.124165],[126.936258,35.124164],[126.936257,35.124182],[126.936319,35.124183],[126.936319,35.124165]]]]}},{"type":"Feature","id":"0000194131411803245600000000","properties":{"id":"0000194131411803245600000000","pnu":"1221011900102970000"},"geometry":{"type":"MultiPolygon","coordinates":[[[[126.936443,35.12202],[126.936442,35.121979],[126.936412,35.12198],[126.936413,35.122021],[126.936443,35.12202]]]]}},{"type":"Feature","id":"0000194131531802658800000000","properties":{"id":"0000194131531802658800000000","pnu":"1221011900103050000"},"geometry":{"type":"MultiPolygon","coordinates":[[[[126.936349,35.121509],[126.936493,35.121513],[126.9365,35.121416],[126.93643,35.121416],[126.936428,35.121453],[126.936332,35.121454],[126.936349,35.121509]]]]}},{"type":"Feature","id":"0000194133371804551400000000","properties":{"id":"0000194133371804551400000000","pnu":"1221011900104380000"},"geometry":{"type":"MultiPolygon","coordinates":[[[[126.936339,35.123143],[126.936345,35.123214],[126.936568,35.123196],[126.936565,35.123144],[126.936386,35.123157],[126.936383,35.123137],[126.936339,35.123143]]]]}},{"type":"Feature","id":"0000194133631803312100000000","properties":{"id":"0000194133631803312100000000","pnu":"1221011900102970000"},"geometry":{"type":"MultiPolygon","coordinates":[[[[126.936415,35.122084],[126.936492,35.122076],[126.936486,35.122037],[126.936415,35.122042],[126.936415,35.122084]]]]}},{"type":"Feature","id":"0000194138021807002900000000","properties":{"id":"0000194138021807002900000000","pnu":"1221011900104970005"},"geometry":{"type":"MultiPolygon","coordinates":[[[[126.93643,35.125383],[126.93646,35.125435],[126.936568,35.125384],[126.936535,35.125342],[126.93643,35.125383]]]]}},{"type":"Feature","id":"0000194151621804825700000000","properties":{"id":"0000194151621804825700000000","pnu":"1221011900104550001"},"geometry":{"type":"MultiPolygon","coordinates":[[[[126.936601,35.123398],[126.936607,35.123456],[126.936693,35.123453],[126.936689,35.123391],[126.936601,35.123398]]]]}},{"type":"Feature","id":"0000194155181807192000000000","properties":{"id":"0000194155181807192000000000","pnu":"1221011900104970006"},"geometry":{"type":"MultiPolygon","coordinates":[[[[126.936622,35.125581],[126.936697,35.125565],[126.936709,35.125591],[126.936741,35.125582],[126.936726,35.125523],[126.936614,35.125554],[126.936622,35.125581]]]]}},{"type":"Feature","id":"0000194159481803309300000000","properties":{"id":"0000194159481803309300000000","pnu":"1221011900104300000"},"geometry":{"type":"MultiPolygon","coordinates":[[[[126.936693,35.122099],[126.936789,35.122076],[126.936778,35.122019],[126.936684,35.122035],[126.936693,35.122099]]]]}},{"type":"Feature","id":"0000194159611804425400000000","properties":{"id":"0000194159611804425400000000","pnu":"1221011900200210000"},"geometry":{"type":"MultiPolygon","coordinates":[[[[126.936681,35.123072],[126.936727,35.123109],[126.936791,35.123052],[126.936744,35.123019],[126.936681,35.123072]]]]}},{"type":"Feature","id":"0000194161361804632100000000","properties":{"id":"0000194161361804632100000000","pnu":"1221011900104550001"},"geometry":{"type":"MultiPolygon","coordinates":[[[[126.93677,35.123222],[126.936734,35.123228],[126.936739,35.123277],[126.936776,35.123274],[126.93677,35.123222]]]]}},{"type":"Feature","id":"0000194164831803296200000000","properties":{"id":"0000194164831803296200000000","pnu":"1221011900104300000"},"geometry":{"type":"MultiPolygon","coordinates":[[[[126.936794,35.12205],[126.936795,35.12205],[126.936796,35.12205],[126.936797,35.12205],[126.936798,35.122049],[126.936798,35.122049],[126.936799,35.122048],[126.936799,35.122047],[126.936799,35.122047],[126.9368,35.122046],[126.936799,35.122045],[126.936799,35.122044],[126.936799,35.122044],[126.936798,35.122043],[126.936798,35.122042],[126.936797,35.122042],[126.936796,35.122042],[126.936795,35.122041],[126.936794,35.122041],[126.936793,35.122041],[126.936792,35.122042],[126.936791,35.122042],[126.93679,35.122042],[126.93679,35.122043],[126.936789,35.122044],[126.936789,35.122044],[126.936789,35.122045],[126.936789,35.122046],[126.936789,35.122047],[126.936789,35.122047],[126.936789,35.122048],[126.93679,35.122049],[126.93679,35.122049],[126.936791,35.12205],[126.936792,35.12205],[126.936793,35.12205],[126.936794,35.12205]]]]}},{"type":"Feature","id":"0000194164841804544200000000","properties":{"id":"0000194164841804544200000000","pnu":"1221011900200210000"},"geometry":{"type":"MultiPolygon","coordinates":[[[[126.93673,35.123187],[126.936858,35.123185],[126.936857,35.123156],[126.936733,35.123155],[126.93673,35.123187]]]]}},{"type":"Feature","id":"0000194165251804364700000000","properties":{"id":"0000194165251804364700000000","pnu":"1221011900200210000"},"geometry":{"type":"MultiPolygon","coordinates":[[[[126.936794,35.12304],[126.936826,35.123022],[126.936802,35.122979],[126.936769,35.122995],[126.936794,35.12304]]]]}},{"type":"Feature","id":"0000194165471801587200000000","properties":{"id":"0000194165471801587200000000","pnu":"1221011900103200001"},"geometry":{"type":"MultiPolygon","coordinates":[[[[126.936833,35.120563],[126.936877,35.120517],[126.936771,35.120448],[126.936727,35.120493],[126.936833,35.120563]]]]}},{"type":"Feature","id":"0000194166911802569500000000","properties":{"id":"0000194166911802569500000000","pnu":"1221011900103520000"},"geometry":{"type":"MultiPolygon","coordinates":[[[[126.93678,35.121427],[126.936855,35.121422],[126.936856,35.121357],[126.93678,35.121357],[126.93678,35.121427]]]]}},{"type":"Feature","id":"0000194167041805957600000000","properties":{"id":"0000194167041805957600000000","pnu":"1221011900104700000"},"geometry":{"type":"MultiPolygon","coordinates":[[[[126.936751,35.124452],[126.936851,35.124464],[126.936853,35.124456],[126.936879,35.124458],[126.936882,35.124436],[126.936759,35.124427],[126.936751,35.124452]]]]}},{"type":"Feature","id":"0000194168631802452100000000","properties":{"id":"0000194168631802452100000000","pnu":"1221011900103520000"},"geometry":{"type":"MultiPolygon","coordinates":[[[[126.93679,35.121309],[126.936873,35.121323],[126.936881,35.121258],[126.936799,35.121249],[126.93679,35.121309]]]]}},{"type":"Feature","id":"0000194170221804483200000000","properties":{"id":"0000194170221804483200000000","pnu":"1221011900200210000"},"geometry":{"type":"MultiPolygon","coordinates":[[[[126.936794,35.123115],[126.93687,35.123158],[126.936908,35.123112],[126.936836,35.123075],[126.936794,35.123115]]]]}},{"type":"Feature","id":"0000194171001801970400000000","properties":{"id":"0000194171001801970400000000","pnu":"1221011900103280000"},"geometry":{"type":"MultiPolygon","coordinates":[[[[126.936808,35.120856],[126.936907,35.120878],[126.936916,35.120845],[126.936819,35.120824],[126.936808,35.120856]]]]}},{"type":"Feature","id":"0000194171381805387300000000","properties":{"id":"0000194171381805387300000000","pnu":"1221011900104570003"},"geometry":{"type":"MultiPolygon","coordinates":[[[[126.936877,35.123957],[126.936885,35.123908],[126.936851,35.123905],[126.936844,35.123953],[126.936877,35.123957]]]]}},{"type":"Feature","id":"0000194173461804330400000000","properties":{"id":"0000194173461804330400000000","pnu":"1221011900200210000"},"geometry":{"type":"MultiPolygon","coordinates":[[[[126.936871,35.122995],[126.936911,35.12299],[126.936903,35.122961],[126.936866,35.122966],[126.936871,35.122995]]]]}},{"type":"Feature","id":"0000194178181803125500000000","properties":{"id":"0000194178181803125500000000","pnu":"1221011900104310000"},"geometry":{"type":"MultiPolygon","coordinates":[[[[126.936903,35.121919],[126.936995,35.121898],[126.936984,35.121867],[126.936886,35.121883],[126.936903,35.121919]]]]}},{"type":"Feature","id":"0000194180791801996800000000","properties":{"id":"0000194180791801996800000000","pnu":"1221011900103280000"},"geometry":{"type":"MultiPolygon","coordinates":[[[[126.936935,35.12088],[126.936996,35.120896],[126.937008,35.120869],[126.936938,35.120855],[126.936935,35.12088]]]]}},{"type":"Feature","id":"0000194181631805888400000000","properties":{"id":"0000194181631805888400000000","pnu":"1221011900104700000"},"geometry":{"type":"MultiPolygon","coordinates":[[[[126.936954,35.124362],[126.936959,35.124406],[126.936999,35.124403],[126.936994,35.124358],[126.936954,35.124362]]]]}},{"type":"Feature","id":"0000194181681805960200000000","properties":{"id":"0000194181681805960200000000","pnu":"1221011900104700000"},"geometry":{"type":"MultiPolygon","coordinates":[[[[126.936916,35.124472],[126.937027,35.124482],[126.937038,35.124423],[126.936928,35.124411],[126.936916,35.124472]]]]}},{"type":"Feature","id":"0000194182331804773700000000","properties":{"id":"0000194182331804773700000000","pnu":"1221011900104560004"},"geometry":{"type":"MultiPolygon","coordinates":[[[[126.936941,35.123373],[126.936987,35.123413],[126.937029,35.12338],[126.936982,35.123343],[126.936941,35.123373]]]]}},{"type":"Feature","id":"0000194182741804611900000000","properties":{"id":"0000194182741804611900000000","pnu":"1221011900200210000"},"geometry":{"type":"MultiPolygon","coordinates":[[[[126.936927,35.123208],[126.936997,35.123289],[126.937048,35.123249],[126.937016,35.123202],[126.937007,35.123207],[126.936977,35.12318],[126.936927,35.123208]]]]}},{"type":"Feature","id":"0000194183221804391000000000","properties":{"id":"0000194183221804391000000000","pnu":"1221011900200200011"},"geometry":{"type":"MultiPolygon","coordinates":[[[[126.936972,35.123009],[126.936977,35.123059],[126.937018,35.123056],[126.937013,35.123006],[126.936972,35.123009]]]]}},{"type":"Feature","id":"0000194186271804691000000000","properties":{"id":"0000194186271804691000000000","pnu":"1221011900200210000"},"geometry":{"type":"MultiPolygon","coordinates":[[[[126.937034,35.12332],[126.937051,35.123304],[126.937023,35.123286],[126.937006,35.123302],[126.937034,35.12332]]]]}},{"type":"Feature","id":"0000194190101804223300000000","properties":{"id":"0000194190101804223300000000","pnu":"1221011900200200006"},"geometry":{"type":"MultiPolygon","coordinates":[[[[126.936995,35.122856],[126.937091,35.122947],[126.937145,35.122905],[126.937052,35.122817],[126.936995,35.122856]]]]}},{"type":"Feature","id":"0000194191491805974500000000","properties":{"id":"0000194191491805974500000000","pnu":"1221011900104700000"},"geometry":{"type":"MultiPolygon","coordinates":[[[[126.937052,35.124482],[126.9371,35.124492],[126.937117,35.124437],[126.937069,35.124429],[126.937052,35.124482]]]]}},{"type":"Feature","id":"0000194192211804084400000000","properties":{"id":"0000194192211804084400000000","pnu":"1221011900200200006"},"geometry":{"type":"MultiPolygon","coordinates":[[[[126.937071,35.122777],[126.937121,35.122772],[126.937119,35.122736],[126.937066,35.122741],[126.937071,35.122777]]]]}},{"type":"Feature","id":"0000194194341807235300000000","properties":{"id":"0000194194341807235300000000","pnu":"1221011900200100002"},"geometry":{"type":"MultiPolygon","coordinates":[[[[126.937087,35.125616],[126.93713,35.12562],[126.937141,35.125576],[126.937102,35.125573],[126.937087,35.125616]]]]}},{"type":"Feature","id":"0000194194551804584100000000","properties":{"id":"0000194194551804584100000000","pnu":"1221011900200200011"},"geometry":{"type":"MultiPolygon","coordinates":[[[[126.937022,35.123178],[126.937052,35.123224],[126.937071,35.123217],[126.937102,35.12326],[126.937216,35.123213],[126.937198,35.123172],[126.937101,35.123199],[126.937074,35.123157],[126.937022,35.123178]]]]}},{"type":"Feature","id":"0000194199271804415900000000","properties":{"id":"0000194199271804415900000000","pnu":"1221011900200200011"},"geometry":{"type":"MultiPolygon","coordinates":[[[[126.937123,35.123111],[126.93721,35.12311],[126.937218,35.123001],[126.937134,35.122999],[126.937123,35.123111]]]]}},{"type":"Feature","id":"0000194199751804760900000000","properties":{"id":"0000194199751804760900000000","pnu":"1221011900200210000"},"geometry":{"type":"MultiPolygon","coordinates":[[[[126.937124,35.123366],[126.937175,35.12341],[126.937228,35.123364],[126.937178,35.123324],[126.937124,35.123366]]]]}},{"type":"Feature","id":"0000194208491802108400000000","properties":{"id":"0000194208491802108400000000","pnu":"1221011900103410001"},"geometry":{"type":"MultiPolygon","coordinates":[[[[126.937223,35.121013],[126.937293,35.121023],[126.937324,35.120939],[126.937257,35.120925],[126.937223,35.121013]]]]}},{"type":"Feature","id":"0000194225811805065200000000","properties":{"id":"0000194225811805065200000000","pnu":"1221011900102960002"},"geometry":{"type":"MultiPolygon","coordinates":[[[[126.937399,35.123631],[126.937434,35.123685],[126.937523,35.123647],[126.937505,35.123607],[126.937484,35.123613],[126.937476,35.123601],[126.937399,35.123631]]]]}},{"type":"Feature","id":"0000194228441806309100000000","properties":{"id":"0000194228441806309100000000","pnu":"1221011900104700000"},"geometry":{"type":"MultiPolygon","coordinates":[[[[126.937476,35.124738],[126.937468,35.124782],[126.937504,35.124785],[126.937511,35.124742],[126.937476,35.124738]]]]}},{"type":"Feature","id":"0000194232331802554200000000","properties":{"id":"0000194232331802554200000000","pnu":"1221011900103580000"},"geometry":{"type":"MultiPolygon","coordinates":[[[[126.937559,35.12139],[126.937546,35.121356],[126.937511,35.121364],[126.937524,35.121399],[126.937559,35.12139]]]]}},{"type":"Feature","id":"0000194245891803367000000000","properties":{"id":"0000194245891803367000000000","pnu":"1221011900104130000"},"geometry":{"type":"MultiPolygon","coordinates":[[[[126.937635,35.122085],[126.937685,35.122154],[126.937732,35.122134],[126.937681,35.122066],[126.937635,35.122085]]]]}},{"type":"Feature","id":"0000194248611802705100000000","properties":{"id":"0000194248611802705100000000","pnu":"1221011900104190000"},"geometry":{"type":"MultiPolygon","coordinates":[[[[126.937686,35.121525],[126.937727,35.121531],[126.937736,35.121498],[126.937705,35.121497],[126.937686,35.121525]]]]}},{"type":"Feature","id":"0000194250171805391400000000","properties":{"id":"0000194250171805391400000000","pnu":"1221011900108600004"},"geometry":{"type":"MultiPolygon","coordinates":[[[[126.93771,35.123951],[126.937756,35.123936],[126.937747,35.123918],[126.937701,35.123934],[126.93771,35.123951]]]]}},{"type":"Feature","id":"0000194254901803061300000000","properties":{"id":"0000194254901803061300000000","pnu":"1221011900104150000"},"geometry":{"type":"MultiPolygon","coordinates":[[[[126.937718,35.121827],[126.937775,35.12187],[126.937837,35.12187],[126.937837,35.121833],[126.93776,35.121787],[126.937718,35.121827]]]]}},{"type":"Feature","id":"0000194265261803164000000000","properties":{"id":"0000194265261803164000000000","pnu":"1221011900104120000"},"geometry":{"type":"MultiPolygon","coordinates":[[[[126.937878,35.121949],[126.937919,35.121949],[126.937918,35.121906],[126.937868,35.121908],[126.937878,35.121949]]]]}},{"type":"Feature","id":"0000194268821806774700000000","properties":{"id":"0000194268821806774700000000","pnu":"1221011900104700000"},"geometry":{"type":"MultiPolygon","coordinates":[[[[126.937792,35.125274],[126.937989,35.125322],[126.938071,35.125086],[126.937877,35.125043],[126.937792,35.125274]]]]}},{"type":"Feature","id":"0000194272781806981400000000","properties":{"id":"0000194272781806981400000000","pnu":"1221011900104700000"},"geometry":{"type":"MultiPolygon","coordinates":[[[[126.938012,35.125354],[126.93796,35.125338],[126.937939,35.125382],[126.937992,35.125398],[126.938012,35.125354]]]]}},{"type":"Feature","id":"0000194275771802453800000000","properties":{"id":"0000194275771802453800000000","pnu":"1221011900103680000"},"geometry":{"type":"MultiPolygon","coordinates":[[[[126.937973,35.121316],[126.938028,35.121319],[126.938047,35.121253],[126.938016,35.121246],[126.938002,35.121277],[126.937982,35.121274],[126.937973,35.121316]]]]}},{"type":"Feature","id":"0000194276011805820300000000","properties":{"id":"0000194276011805820300000000","pnu":"1221011900104700000"},"geometry":{"type":"MultiPolygon","coordinates":[[[[126.937965,35.124332],[126.938043,35.12435],[126.938059,35.124311],[126.937979,35.124293],[126.937965,35.124332]]]]}},{"type":"Feature","id":"0000194282291802481000000000","properties":{"id":"0000194282291802481000000000","pnu":"1221011900103680000"},"geometry":{"type":"MultiPolygon","coordinates":[[[[126.938056,35.121366],[126.938087,35.121373],[126.938122,35.121261],[126.938087,35.121251],[126.93805,35.121321],[126.938056,35.121366]]]]}},{"type":"Feature","id":"0000194293031805768900000000","properties":{"id":"0000194293031805768900000000","pnu":"1221011900104700000"},"geometry":{"type":"MultiPolygon","coordinates":[[[[126.93811,35.124302],[126.938254,35.124335],[126.93829,35.12425],[126.938141,35.124215],[126.93811,35.124302]]]]}},{"type":"Feature","id":"0000194296221806812400000000","properties":{"id":"0000194296221806812400000000","pnu":"1221011900200100002"},"geometry":{"type":"MultiPolygon","coordinates":[[[[126.938146,35.125346],[126.938231,35.125364],[126.938319,35.125083],[126.938239,35.125065],[126.938146,35.125346]]]]}},{"type":"Feature","id":"0000194301551805852700000000","properties":{"id":"0000194301551805852700000000","pnu":"1221011900104700000"},"geometry":{"type":"MultiPolygon","coordinates":[[[[126.938251,35.124386],[126.938303,35.124395],[126.938332,35.124315],[126.938283,35.124307],[126.938251,35.124386]]]]}},{"type":"Feature","id":"0000194302001805407700000000","properties":{"id":"0000194302001805407700000000","pnu":"1221011900104590001"},"geometry":{"type":"MultiPolygon","coordinates":[[[[126.938314,35.123973],[126.93833,35.123954],[126.938281,35.123927],[126.938265,35.123946],[126.938314,35.123973]]]]}},{"type":"Feature","id":"0000194302311802353100000000","properties":{"id":"0000194302311802353100000000","pnu":"1221011900103700000"},"geometry":{"type":"MultiPolygon","coordinates":[[[[126.9383,35.12123],[126.938333,35.12122],[126.938306,35.121163],[126.938273,35.121173],[126.9383,35.12123]]]]}},{"type":"Feature","id":"0000194305551805379400000000","properties":{"id":"0000194305551805379400000000","pnu":"1221011900104590001"},"geometry":{"type":"MultiPolygon","coordinates":[[[[126.938367,35.123945],[126.938371,35.12391],[126.938304,35.123905],[126.938301,35.123937],[126.938367,35.123945]]]]}},{"type":"Feature","id":"0000194309331806341900000000","properties":{"id":"0000194309331806341900000000","pnu":"1221011900104700000"},"geometry":{"type":"MultiPolygon","coordinates":[[[[126.938273,35.124953],[126.938371,35.124976],[126.938484,35.124627],[126.938395,35.12461],[126.938369,35.124686],[126.938351,35.124683],[126.938304,35.124817],[126.93832,35.124826],[126.938273,35.124953]]]]}},{"type":"Feature","id":"0000194310191805610000000000","properties":{"id":"0000194310191805610000000000","pnu":"1221011900104600004"},"geometry":{"type":"MultiPolygon","coordinates":[[[[126.938337,35.124135],[126.938426,35.124158],[126.938435,35.124127],[126.938348,35.124108],[126.938337,35.124135]]]]}},{"type":"Feature","id":"0000194313071805446100000000","properties":{"id":"0000194313071805446100000000","pnu":"1221011900104590001"},"geometry":{"type":"MultiPolygon","coordinates":[[[[126.938319,35.124046],[126.938501,35.124033],[126.938501,35.123914],[126.938374,35.123924],[126.938371,35.123973],[126.938316,35.123979],[126.938319,35.124046]]]]}},{"type":"Feature","id":"0000194320561802508800000000","properties":{"id":"0000194320561802508800000000","pnu":"1221011900103950000"},"geometry":{"type":"MultiPolygon","coordinates":[[[[126.938539,35.121372],[126.938532,35.121297],[126.938467,35.121302],[126.938474,35.121377],[126.938539,35.121372]]]]}},{"type":"Feature","id":"0000194325191805686200000000","properties":{"id":"0000194325191805686200000000","pnu":"1221011900104600004"},"geometry":{"type":"MultiPolygon","coordinates":[[[[126.93848,35.124186],[126.938605,35.124239],[126.938622,35.124214],[126.938496,35.124163],[126.93848,35.124186]]]]}},{"type":"Feature","id":"0000194329841805599900000000","properties":{"id":"0000194329841805599900000000","pnu":"1221011900104600004"},"geometry":{"type":"MultiPolygon","coordinates":[[[[126.938615,35.124196],[126.938673,35.124078],[126.938591,35.124052],[126.938532,35.124165],[126.938615,35.124196]]]]}},{"type":"Feature","id":"1900193711311803267300000000","properties":{"id":"1900193711311803267300000000","pnu":"1221012600106360008"},"geometry":{"type":"MultiPolygon","coordinates":[[[[126.931805,35.122062],[126.931872,35.12201],[126.931836,35.121973],[126.931765,35.122022],[126.931805,35.122062]]]]}},{"type":"Feature","id":"1909193583021798965000000000","properties":{"id":"1909193583021798965000000000","pnu":"1221012600101830000"},"geometry":{"type":"MultiPolygon","coordinates":[[[[126.930412,35.118177],[126.930458,35.118124],[126.93042,35.1181],[126.93037,35.11815],[126.930412,35.118177]]]]}},{"type":"Feature","id":"1909193585751799071100000000","properties":{"id":"1909193585751799071100000000","pnu":"1221012600101830000"},"geometry":{"type":"MultiPolygon","coordinates":[[[[126.930399,35.1182],[126.930385,35.118248],[126.930488,35.118271],[126.930501,35.118216],[126.930399,35.1182]]]]}},{"type":"Feature","id":"1920194056641802461500000000","properties":{"id":"1920194056641802461500000000","pnu":"1221011900102610000"},"geometry":{"type":"MultiPolygon","coordinates":[[[[126.935571,35.121325],[126.935655,35.121312],[126.93564,35.121259],[126.935563,35.121274],[126.935571,35.121325]]]]}},{"type":"Feature","id":"1920194065101802152100000000","properties":{"id":"1920194065101802152100000000","pnu":"1221011900102610000"},"geometry":{"type":"MultiPolygon","coordinates":[[[[126.935666,35.121044],[126.935742,35.12103],[126.935735,35.120984],[126.935661,35.120997],[126.935666,35.121044]]]]}},{"type":"Feature","id":"1920194066351802462700000000","properties":{"id":"1920194066351802462700000000","pnu":"1221011900102610000"},"geometry":{"type":"MultiPolygon","coordinates":[[[[126.935674,35.121311],[126.93576,35.121296],[126.935754,35.121276],[126.935669,35.121292],[126.935674,35.121311]]]]}},{"type":"Feature","id":"1920194066461802394200000000","properties":{"id":"1920194066461802394200000000","pnu":"1221011900102610000"},"geometry":{"type":"MultiPolygon","coordinates":[[[[126.935644,35.121199],[126.935668,35.121288],[126.935787,35.121266],[126.935763,35.121176],[126.935644,35.121199]]]]}},{"type":"Feature","id":"1920194077671802188600000000","properties":{"id":"1920194077671802188600000000","pnu":"1221011900102610000"},"geometry":{"type":"MultiPolygon","coordinates":[[[[126.935799,35.121017],[126.935814,35.121087],[126.935878,35.121077],[126.935863,35.121007],[126.935799,35.121017]]]]}},{"type":"Feature","id":"1931194264051803242800000000","properties":{"id":"1931194264051803242800000000","pnu":"1221011900104120000"},"geometry":{"type":"MultiPolygon","coordinates":[[[[126.937844,35.122031],[126.937919,35.122032],[126.93792,35.121967],[126.93785,35.121962],[126.937844,35.122031]]]]}},{"type":"Feature","id":"1951193617091799999000000000","properties":{"id":"1951193617091799999000000000","pnu":"1221012600102260000"},"geometry":{"type":"MultiPolygon","coordinates":[[[[126.930784,35.119163],[126.930858,35.119137],[126.930786,35.118979],[126.930719,35.118997],[126.930784,35.119163]]]]}},{"type":"Feature","id":"1956193644791800536000000000","properties":{"id":"1956193644791800536000000000","pnu":"1221012600102610001"},"geometry":{"type":"MultiPolygon","coordinates":[[[[126.931116,35.11957],[126.931116,35.119542],[126.931065,35.119541],[126.931065,35.119566],[126.931116,35.11957]]]]}},{"type":"Feature","id":"1956193645011800382300000000","properties":{"id":"1956193645011800382300000000","pnu":"1221012600102610001"},"geometry":{"type":"MultiPolygon","coordinates":[[[[126.931132,35.119456],[126.93109,35.119364],[126.93107,35.119368],[126.931073,35.11945],[126.931132,35.119456]]]]}},{"type":"Feature","id":"1956193645041800470500000000","properties":{"id":"1956193645041800470500000000","pnu":"1221012600102610001"},"geometry":{"type":"MultiPolygon","coordinates":[[[[126.931123,35.119456],[126.931068,35.119455],[126.931066,35.119536],[126.931118,35.119537],[126.931123,35.119456]]]]}},{"type":"Feature","id":"1956194134991804403800000000","properties":{"id":"1956194134991804403800000000","pnu":"1221011900104380000"},"geometry":{"type":"MultiPolygon","coordinates":[[[[126.936349,35.123004],[126.936372,35.123102],[126.936594,35.12307],[126.936573,35.122993],[126.936429,35.123014],[126.93642,35.12299],[126.936349,35.123004]]]]}},{"type":"Feature","id":"1956194153411804485800000000","properties":{"id":"1956194153411804485800000000","pnu":"1221011900104380000"},"geometry":{"type":"MultiPolygon","coordinates":[[[[126.936626,35.12313],[126.936654,35.123152],[126.936708,35.123104],[126.936685,35.123084],[126.936626,35.12313]]]]}},{"type":"Feature","id":"1962193587011799932000000000","properties":{"id":"1962193587011799932000000000","pnu":"1221012600102040000"},"geometry":{"type":"MultiPolygon","coordinates":[[[[126.930492,35.119079],[126.930546,35.119024],[126.930495,35.118983],[126.930495,35.118976],[126.93043,35.118942],[126.930365,35.119004],[126.930492,35.119079]]]]}},{"type":"Feature","id":"1962193854521809352800000000","properties":{"id":"1962193854521809352800000000","pnu":"1221011900105500004"},"geometry":{"type":"MultiPolygon","coordinates":[[[[126.933402,35.127539],[126.933429,35.12749],[126.933369,35.127467],[126.933341,35.127517],[126.933402,35.127539]]]]}},{"type":"Feature","id":"1962194127851807496600000000","properties":{"id":"1962194127851807496600000000","pnu":"1221011900104960009"},"geometry":{"type":"MultiPolygon","coordinates":[[[[126.936335,35.125871],[126.936452,35.125848],[126.936431,35.125792],[126.936321,35.125815],[126.936335,35.125871]]]]}},{"type":"Feature","id":"1964193554751799759500000000","properties":{"id":"1964193554751799759500000000","pnu":"1221012600102050000"},"geometry":{"type":"MultiPolygon","coordinates":[[[[126.930101,35.118919],[126.930171,35.118819],[126.930106,35.118788],[126.930037,35.118892],[126.930101,35.118919]]]]}},{"type":"Feature","id":"1964193630161800913500000000","properties":{"id":"1964193630161800913500000000","pnu":"1221012600102560000"},"geometry":{"type":"MultiPolygon","coordinates":[[[[126.930895,35.119891],[126.930907,35.119917],[126.930965,35.119899],[126.930953,35.119873],[126.930895,35.119891]]]]}},{"type":"Feature","id":"1964193633701800849000000000","properties":{"id":"1964193633701800849000000000","pnu":"1221012600102560000"},"geometry":{"type":"MultiPolygon","coordinates":[[[[126.931003,35.119887],[126.93097,35.119777],[126.930936,35.119784],[126.930966,35.119895],[126.931003,35.119887]]]]}},{"type":"Feature","id":"1964193802121804595600000000","properties":{"id":"1964193802121804595600000000","pnu":"1221011900106500004"},"geometry":{"type":"MultiPolygon","coordinates":[[[[126.932793,35.123229],[126.932824,35.123235],[126.932834,35.1232],[126.932803,35.123194],[126.932793,35.123229]]]]}},{"type":"Feature","id":"1964193805841804652900000000","properties":{"id":"1964193805841804652900000000","pnu":"1221011900106500004"},"geometry":{"type":"MultiPolygon","coordinates":[[[[126.932891,35.123296],[126.932904,35.123258],[126.932819,35.123237],[126.932805,35.123275],[126.932891,35.123296]]]]}},{"type":"Feature","id":"1964193807231803971900000000","properties":{"id":"1964193807231803971900000000","pnu":"1221011900106710000"},"geometry":{"type":"MultiPolygon","coordinates":[[[[126.932874,35.122691],[126.932899,35.122621],[126.932868,35.122614],[126.932841,35.122683],[126.932874,35.122691]]]]}},{"type":"Feature","id":"1964193810931804502600000000","properties":{"id":"1964193810931804502600000000","pnu":"1221011900106500004"},"geometry":{"type":"MultiPolygon","coordinates":[[[[126.93295,35.123094],[126.93288,35.123082],[126.932874,35.123117],[126.932885,35.12312],[126.932879,35.123176],[126.932933,35.123182],[126.93295,35.123094]]]]}},{"type":"Feature","id":"1964193811011804023400000000","properties":{"id":"1964193811011804023400000000","pnu":"1221011900106710000"},"geometry":{"type":"MultiPolygon","coordinates":[[[[126.932917,35.12279],[126.932975,35.122624],[126.932907,35.122608],[126.932848,35.122774],[126.932917,35.12279]]]]}},{"type":"Feature","id":"1964193819191803896100000000","properties":{"id":"1964193819191803896100000000","pnu":"1221011900106710000"},"geometry":{"type":"MultiPolygon","coordinates":[[[[126.933067,35.122574],[126.932946,35.122555],[126.932937,35.122595],[126.933057,35.122614],[126.933067,35.122574]]]]}},{"type":"Feature","id":"1964193819571804067400000000","properties":{"id":"1964193819571804067400000000","pnu":"1221011900106710000"},"geometry":{"type":"MultiPolygon","coordinates":[[[[126.933053,35.122696],[126.93297,35.122689],[126.93296,35.122782],[126.93304,35.122788],[126.933053,35.122696]]]]}},{"type":"Feature","id":"1964193826871804107700000000","properties":{"id":"1964193826871804107700000000","pnu":"1221011900106710000"},"geometry":{"type":"MultiPolygon","coordinates":[[[[126.93311,35.122792],[126.93311,35.122758],[126.933061,35.122758],[126.933061,35.122792],[126.93311,35.122792]]]]}},{"type":"Feature","id":"1964193925011802630600000000","properties":{"id":"1964193925011802630600000000","pnu":"1221011900106810004"},"geometry":{"type":"MultiPolygon","coordinates":[[[[126.934197,35.121486],[126.934224,35.121449],[126.93413,35.121403],[126.934103,35.12144],[126.934197,35.121486]]]]}},{"type":"Feature","id":"1964193956061802386700000000","properties":{"id":"1964193956061802386700000000","pnu":"1221011900106830001"},"geometry":{"type":"MultiPolygon","coordinates":[[[[126.934436,35.121129],[126.934409,35.121261],[126.93462,35.121291],[126.934607,35.121215],[126.934481,35.121191],[126.934489,35.121136],[126.934436,35.121129]]]]}},{"type":"Feature","id":"1964193985351802177500000000","properties":{"id":"1964193985351802177500000000","pnu":"1221011900106820000"},"geometry":{"type":"MultiPolygon","coordinates":[[[[126.934862,35.121084],[126.934868,35.120992],[126.934791,35.120988],[126.934784,35.121081],[126.934862,35.121084]]]]}},{"type":"Feature","id":"1964194039001803034200000000","properties":{"id":"1964194039001803034200000000","pnu":"1221011900102120005"},"geometry":{"type":"MultiPolygon","coordinates":[[[[126.935331,35.121788],[126.935344,35.121845],[126.935496,35.121827],[126.935489,35.121776],[126.935331,35.121788]]]]}},{"type":"Feature","id":"1964194123351802572000000000","properties":{"id":"1964194123351802572000000000","pnu":"1221011900103050000"},"geometry":{"type":"MultiPolygon","coordinates":[[[[126.936318,35.121448],[126.936382,35.121438],[126.936359,35.121334],[126.936298,35.121351],[126.936318,35.121448]]]]}},{"type":"Feature","id":"1964194130391802469100000000","properties":{"id":"1964194130391802469100000000","pnu":"1221011900103070000"},"geometry":{"type":"MultiPolygon","coordinates":[[[[126.936399,35.121344],[126.936438,35.121344],[126.936432,35.121252],[126.936397,35.121258],[126.936399,35.121344]]]]}},{"type":"Feature","id":"1964194136351802352600000000","properties":{"id":"1964194136351802352600000000","pnu":"1221011900103090000"},"geometry":{"type":"MultiPolygon","coordinates":[[[[126.936453,35.121222],[126.936506,35.121229],[126.93651,35.121166],[126.936459,35.121163],[126.936453,35.121222]]]]}},{"type":"Feature","id":"1964194140351802525200000000","properties":{"id":"1964194140351802525200000000","pnu":"1221011900103070000"},"geometry":{"type":"MultiPolygon","coordinates":[[[[126.936449,35.121371],[126.936521,35.121421],[126.936608,35.121328],[126.936521,35.121283],[126.936449,35.121371]]]]}},{"type":"Feature","id":"1964194143361802384200000000","properties":{"id":"1964194143361802384200000000","pnu":"1221011900103090000"},"geometry":{"type":"MultiPolygon","coordinates":[[[[126.936489,35.121253],[126.936553,35.121283],[126.936627,35.121191],[126.936569,35.121164],[126.936489,35.121253]]]]}},{"type":"Feature","id":"1964194146091802695900000000","properties":{"id":"1964194146091802695900000000","pnu":"1221011900103040000"},"geometry":{"type":"MultiPolygon","coordinates":[[[[126.936538,35.121534],[126.936575,35.121538],[126.936645,35.121527],[126.936637,35.121471],[126.936536,35.121478],[126.936538,35.121534]]]]}},{"type":"Feature","id":"1964194149311802613400000000","properties":{"id":"1964194149311802613400000000","pnu":"1221011900103040000"},"geometry":{"type":"MultiPolygon","coordinates":[[[[126.93658,35.121453],[126.93664,35.12147],[126.936665,35.121404],[126.936613,35.12139],[126.93658,35.121453]]]]}},{"type":"Feature","id":"1964194149981803188200000000","properties":{"id":"1964194149981803188200000000","pnu":"1221011900104290000"},"geometry":{"type":"MultiPolygon","coordinates":[[[[126.936624,35.121972],[126.936654,35.121964],[126.936639,35.121925],[126.936609,35.121932],[126.936624,35.121972]]]]}},{"type":"Feature","id":"1964194156231803186200000000","properties":{"id":"1964194156231803186200000000","pnu":"1221011900104290000"},"geometry":{"type":"MultiPolygon","coordinates":[[[[126.936646,35.12194],[126.936677,35.121997],[126.936756,35.121946],[126.936722,35.121899],[126.936646,35.12194]]]]}},{"type":"Feature","id":"1964194158611803441500000000","properties":{"id":"1964194158611803441500000000","pnu":"1221011900104330000"},"geometry":{"type":"MultiPolygon","coordinates":[[[[126.936681,35.122159],[126.936688,35.122213],[126.936759,35.122202],[126.936755,35.122178],[126.936777,35.122171],[126.936768,35.122141],[126.936681,35.122159]]]]}},{"type":"Feature","id":"1964194165171803485800000000","properties":{"id":"1964194165171803485800000000","pnu":"1221011900104330000"},"geometry":{"type":"MultiPolygon","coordinates":[[[[126.936729,35.122231],[126.936787,35.122274],[126.936867,35.122203],[126.936807,35.122159],[126.936729,35.122231]]]]}},{"type":"Feature","id":"1964194166791803155500000000","properties":{"id":"1964194166791803155500000000","pnu":"1221011900104310000"},"geometry":{"type":"MultiPolygon","coordinates":[[[[126.936821,35.121966],[126.936859,35.121946],[126.93681,35.121871],[126.936772,35.121893],[126.936821,35.121966]]]]}},{"type":"Feature","id":"1964194175941803215500000000","properties":{"id":"1964194175941803215500000000","pnu":"1221011900104310000"},"geometry":{"type":"MultiPolygon","coordinates":[[[[126.936821,35.12198],[126.93685,35.122031],[126.937008,35.121969],[126.936983,35.121914],[126.936821,35.12198]]]]}},{"type":"Feature","id":"1964194178701802461200000000","properties":{"id":"1964194178701802461200000000","pnu":"1221011900103520000"},"geometry":{"type":"MultiPolygon","coordinates":[[[[126.936922,35.121332],[126.936965,35.121336],[126.936972,35.121254],[126.936928,35.121252],[126.936922,35.121332]]]]}},{"type":"Feature","id":"1964194185311804112600000000","properties":{"id":"1964194185311804112600000000","pnu":"1221011900200200006"},"geometry":{"type":"MultiPolygon","coordinates":[[[[126.93698,35.122814],[126.93705,35.122815],[126.937058,35.122751],[126.936985,35.122747],[126.93698,35.122814]]]]}},{"type":"Feature","id":"1964194237401802759400000000","properties":{"id":"1964194237401802759400000000","pnu":"1221011900104190000"},"geometry":{"type":"MultiPolygon","coordinates":[[[[126.937594,35.121599],[126.937624,35.121581],[126.937591,35.121529],[126.937555,35.121542],[126.937594,35.121599]]]]}},{"type":"Feature","id":"1964194245751802786100000000","properties":{"id":"1964194245751802786100000000","pnu":"1221011900104190000"},"geometry":{"type":"MultiPolygon","coordinates":[[[[126.937637,35.121623],[126.93768,35.121637],[126.937729,35.121554],[126.93768,35.121536],[126.937637,35.121623]]]]}},{"type":"Feature","id":"1964194262671802575700000000","properties":{"id":"1964194262671802575700000000","pnu":"1221011900103670000"},"geometry":{"type":"MultiPolygon","coordinates":[[[[126.937845,35.121441],[126.937897,35.121431],[126.937893,35.121358],[126.937839,35.121358],[126.937845,35.121441]]]]}},{"type":"Feature","id":"1964194267241802657000000000","properties":{"id":"1964194267241802657000000000","pnu":"1221011900104050000"},"geometry":{"type":"MultiPolygon","coordinates":[[[[126.937918,35.121475],[126.937919,35.121475],[126.93792,35.121474],[126.937921,35.121474],[126.937921,35.121474],[126.937922,35.121473],[126.937923,35.121473],[126.937923,35.121472],[126.937923,35.121471],[126.937923,35.12147],[126.937923,35.121469],[126.937923,35.121469],[126.937923,35.121468],[126.937922,35.121467],[126.937921,35.121467],[126.937921,35.121466],[126.93792,35.121466],[126.937919,35.121466],[126.937918,35.121466],[126.937917,35.121466],[126.937916,35.121466],[126.937915,35.121466],[126.937914,35.121467],[126.937914,35.121467],[126.937913,35.121468],[126.937913,35.121469],[126.937913,35.121469],[126.937912,35.12147],[126.937913,35.121471],[126.937913,35.121472],[126.937913,35.121472],[126.937914,35.121473],[126.937914,35.121474],[126.937915,35.121474],[126.937916,35.121474],[126.937917,35.121475],[126.937918,35.121475]]]]}},{"type":"Feature","id":"1964194269421802740500000000","properties":{"id":"1964194269421802740500000000","pnu":"1221011900104050000"},"geometry":{"type":"MultiPolygon","coordinates":[[[[126.937934,35.121575],[126.937955,35.121575],[126.937951,35.121516],[126.937927,35.121518],[126.937934,35.121575]]]]}},{"type":"Feature","id":"1964194273101802540300000000","properties":{"id":"1964194273101802540300000000","pnu":"1221011900103670000"},"geometry":{"type":"MultiPolygon","coordinates":[[[[126.937956,35.121321],[126.937945,35.121403],[126.93801,35.121407],[126.938019,35.121328],[126.937956,35.121321]]]]}},{"type":"Feature","id":"1964194275461802798500000000","properties":{"id":"1964194275461802798500000000","pnu":"1221011900104050000"},"geometry":{"type":"MultiPolygon","coordinates":[[[[126.937926,35.121599],[126.93797,35.121657],[126.938092,35.121596],[126.938041,35.121539],[126.937926,35.121599]]]]}},{"type":"Feature","id":"1964194287341802324200000000","properties":{"id":"1964194287341802324200000000","pnu":"1221011900103700000"},"geometry":{"type":"MultiPolygon","coordinates":[[[[126.938093,35.121227],[126.938202,35.121182],[126.938212,35.121143],[126.938096,35.121126],[126.938083,35.121176],[126.938093,35.121227]]]]}},{"type":"Feature","id":"1964194293651802379000000000","properties":{"id":"1964194293651802379000000000","pnu":"1221011900103700000"},"geometry":{"type":"MultiPolygon","coordinates":[[[[126.938123,35.121225],[126.938161,35.121274],[126.938285,35.121218],[126.938264,35.121163],[126.938123,35.121225]]]]}},{"type":"Feature","id":"1965193677901809378400000000","properties":{"id":"1965193677901809378400000000","pnu":"1221011900105320030"},"geometry":{"type":"MultiPolygon","coordinates":[[[[126.931476,35.127638],[126.931569,35.127421],[126.931434,35.127382],[126.931326,35.127635],[126.931438,35.127667],[126.931453,35.127631],[126.931476,35.127638]]]]}},{"type":"Feature","id":"1965193796931804358900000000","properties":{"id":"1965193796931804358900000000","pnu":"1221011900106500006"},"geometry":{"type":"MultiPolygon","coordinates":[[[[126.932802,35.122951],[126.932757,35.12294],[126.932714,35.123055],[126.932752,35.123066],[126.932802,35.122951]]]]}},{"type":"Feature","id":"1965193801951804423500000000","properties":{"id":"1965193801951804423500000000","pnu":"1221011900106500006"},"geometry":{"type":"MultiPolygon","coordinates":[[[[126.932788,35.123021],[126.932762,35.123074],[126.932836,35.123099],[126.932862,35.123045],[126.932788,35.123021]]]]}},{"type":"Feature","id":"1966193568521799490800000000","properties":{"id":"1966193568521799490800000000","pnu":"1221012600101980000"},"geometry":{"type":"MultiPolygon","coordinates":[[[[126.930264,35.11867],[126.930319,35.118592],[126.930249,35.118554],[126.93019,35.118631],[126.930264,35.11867]]]]}},{"type":"Feature","id":"1966193576471799532600000000","properties":{"id":"1966193576471799532600000000","pnu":"1221012600101980000"},"geometry":{"type":"MultiPolygon","coordinates":[[[[126.930359,35.118693],[126.930393,35.118619],[126.93035,35.118603],[126.93033,35.118645],[126.930295,35.118635],[126.930281,35.118664],[126.930359,35.118693]]]]}},{"type":"Feature","id":"1966193715701803197800000000","properties":{"id":"1966193715701803197800000000","pnu":"1221012600106360028"},"geometry":{"type":"MultiPolygon","coordinates":[[[[126.931896,35.12198],[126.931908,35.121949],[126.931838,35.121929],[126.931825,35.121959],[126.931896,35.12198]]]]}},{"type":"Feature","id":"1966194099701802615200000000","properties":{"id":"1966194099701802615200000000","pnu":"1221011900102880000"},"geometry":{"type":"MultiPolygon","coordinates":[[[[126.936016,35.121464],[126.936065,35.121465],[126.936067,35.121455],[126.936152,35.121447],[126.936153,35.121416],[126.936113,35.121404],[126.936026,35.121404],[126.936016,35.121464]]]]}},{"type":"Feature","id":"1966194100381802703900000000","properties":{"id":"1966194100381802703900000000","pnu":"1221011900102880000"},"geometry":{"type":"MultiPolygon","coordinates":[[[[126.936012,35.121504],[126.93604,35.121561],[126.936161,35.121517],[126.936136,35.121463],[126.936082,35.121477],[126.936085,35.121485],[126.936012,35.121504]]]]}},{"type":"Feature","id":"1966194108961802335200000000","properties":{"id":"1966194108961802335200000000","pnu":"1221011900102840000"},"geometry":{"type":"MultiPolygon","coordinates":[[[[126.936143,35.121214],[126.936235,35.121197],[126.936224,35.12115],[126.936178,35.121158],[126.936173,35.121146],[126.936135,35.121154],[126.936143,35.121214]]]]}},{"type":"Feature","id":"1967193553181799119600000000","properties":{"id":"1967193553181799119600000000","pnu":"1221012600101920000"},"geometry":{"type":"MultiPolygon","coordinates":[[[[126.930065,35.118345],[126.930115,35.11833],[126.930131,35.1183],[126.930123,35.11826],[126.930136,35.118255],[126.930124,35.11822],[126.930032,35.118236],[126.930065,35.118345]]]]}},{"type":"Feature","id":"1967193947021809354800000000","properties":{"id":"1967193947021809354800000000","pnu":"1221011900105570005"},"geometry":{"type":"MultiPolygon","coordinates":[[[[126.934449,35.12754],[126.934456,35.127485],[126.934353,35.127471],[126.934342,35.127525],[126.934449,35.12754]]]]}},{"type":"Feature","id":"1967194013421802605200000000","properties":{"id":"1967194013421802605200000000","pnu":"1221011900102100004"},"geometry":{"type":"MultiPolygon","coordinates":[[[[126.935069,35.121435],[126.935152,35.121475],[126.935198,35.121409],[126.935115,35.121369],[126.935069,35.121435]]]]}},{"type":"Feature","id":"1968193504781808682400000000","properties":{"id":"1968193504781808682400000000","pnu":"1221011900109760000"},"geometry":{"type":"MultiPolygon","coordinates":[[[[126.929599,35.126847],[126.929514,35.12684],[126.9295,35.126947],[126.929582,35.126953],[126.929599,35.126847]]]]}},{"type":"Feature","id":"1968193723321803129300000000","properties":{"id":"1968193723321803129300000000","pnu":"1221012600106360027"},"geometry":{"type":"MultiPolygon","coordinates":[[[[126.931988,35.121934],[126.932008,35.121887],[126.93195,35.121871],[126.931954,35.121855],[126.931921,35.121845],[126.931897,35.121906],[126.931988,35.121934]]]]}},{"type":"Feature","id":"1968193986871802547300000000","properties":{"id":"1968193986871802547300000000","pnu":"1221011900102100002"},"geometry":{"type":"MultiPolygon","coordinates":[[[[126.934883,35.12141],[126.934903,35.121387],[126.934796,35.121329],[126.934781,35.12135],[126.934883,35.12141]]]]}},{"type":"Feature","id":"1968193991981802459800000000","properties":{"id":"1968193991981802459800000000","pnu":"1221011900102100002"},"geometry":{"type":"MultiPolygon","coordinates":[[[[126.934915,35.121351],[126.934956,35.121253],[126.934878,35.121231],[126.934843,35.12133],[126.934915,35.121351]]]]}},{"type":"Feature","id":"1968194053711802634500000000","properties":{"id":"1968194053711802634500000000","pnu":"1221011900102240001"},"geometry":{"type":"MultiPolygon","coordinates":[[[[126.935575,35.121453],[126.935576,35.121453],[126.935577,35.121453],[126.935578,35.121453],[126.935579,35.121452],[126.93558,35.121452],[126.93558,35.121451],[126.935581,35.12145],[126.935581,35.121449],[126.935581,35.121449],[126.935581,35.121448],[126.935581,35.121447],[126.93558,35.121446],[126.93558,35.121446],[126.935579,35.121445],[126.935578,35.121445],[126.935577,35.121444],[126.935576,35.121444],[126.935575,35.121444],[126.935575,35.121444],[126.935574,35.121444],[126.935573,35.121445],[126.935572,35.121445],[126.935571,35.121446],[126.935571,35.121446],[126.93557,35.121447],[126.93557,35.121448],[126.93557,35.121449],[126.93557,35.121449],[126.93557,35.12145],[126.935571,35.121451],[126.935571,35.121452],[126.935572,35.121452],[126.935573,35.121453],[126.935574,35.121453],[126.935575,35.121453],[126.935575,35.121453]]]]}},{"type":"Feature","id":"1968194062381802689700000000","properties":{"id":"1968194062381802689700000000","pnu":"1221011900102240001"},"geometry":{"type":"MultiPolygon","coordinates":[[[[126.935607,35.121526],[126.935726,35.121535],[126.935734,35.121471],[126.935615,35.121462],[126.935607,35.121526]]]]}},{"type":"Feature","id":"1969193604051800205700000000","properties":{"id":"1969193604051800205700000000","pnu":"1221012600102310000"},"geometry":{"type":"MultiPolygon","coordinates":[[[[126.930643,35.119297],[126.930684,35.119234],[126.930647,35.119216],[126.930603,35.119279],[126.930643,35.119297]]]]}},{"type":"Feature","id":"1969193630591800523100000000","properties":{"id":"1969193630591800523100000000","pnu":"1221012600102360000"},"geometry":{"type":"MultiPolygon","coordinates":[[[[126.930974,35.119605],[126.930979,35.1195],[126.930874,35.119491],[126.930873,35.119528],[126.930914,35.119535],[126.930912,35.119601],[126.930974,35.119605]]]]}},{"type":"Feature","id":"1969193691541800105900000000","properties":{"id":"1969193691541800105900000000","pnu":"1221012600102620004"},"geometry":{"type":"MultiPolygon","coordinates":[[[[126.931566,35.119224],[126.931683,35.119166],[126.931643,35.119111],[126.931525,35.119169],[126.931566,35.119224]]]]}},{"type":"Feature","id":"1969193978451809756800000000","properties":{"id":"1969193978451809756800000000","pnu":"1221011900105560006"},"geometry":{"type":"MultiPolygon","coordinates":[[[[126.934728,35.127937],[126.934813,35.127904],[126.93476,35.127801],[126.934677,35.127828],[126.934728,35.127937]]]]}},{"type":"Feature","id":"1969194038791802823600000000","properties":{"id":"1969194038791802823600000000","pnu":"1221011900102230000"},"geometry":{"type":"MultiPolygon","coordinates":[[[[126.935345,35.121639],[126.935432,35.121668],[126.935476,35.121595],[126.935404,35.121572],[126.935382,35.121595],[126.935373,35.121593],[126.935345,35.121639]]]]}},{"type":"Feature","id":"1970193595521801196600000000","properties":{"id":"1970193595521801196600000000","pnu":"1221012600102430008"},"geometry":{"type":"MultiPolygon","coordinates":[[[[126.930548,35.120201],[126.930609,35.120167],[126.930549,35.120098],[126.930492,35.120132],[126.930548,35.120201]]]]}},{"type":"Feature","id":"1970193942861809441700000000","properties":{"id":"1970193942861809441700000000","pnu":"1221011900105570003"},"geometry":{"type":"MultiPolygon","coordinates":[[[[126.934412,35.127616],[126.934413,35.127553],[126.934297,35.127552],[126.934295,35.127614],[126.934412,35.127616]]]]}},{"type":"Feature","id":"1970194168771802053700000000","properties":{"id":"1970194168771802053700000000","pnu":"1221011900103280000"},"geometry":{"type":"MultiPolygon","coordinates":[[[[126.936775,35.120961],[126.936896,35.120971],[126.936905,35.120897],[126.93684,35.120891],[126.936842,35.120879],[126.936784,35.120877],[126.936775,35.120961]]]]}},{"type":"Feature","id":"1971193546241799474700000000","properties":{"id":"1971193546241799474700000000","pnu":"1221012600102070001"},"geometry":{"type":"MultiPolygon","coordinates":[[[[126.930041,35.118549],[126.929988,35.118546],[126.92998,35.118646],[126.930033,35.118648],[126.930041,35.118549]]]]}},{"type":"Feature","id":"1971193555591799504100000000","properties":{"id":"1971193555591799504100000000","pnu":"1221012600102070001"},"geometry":{"type":"MultiPolygon","coordinates":[[[[126.93017,35.118595],[126.930131,35.11857],[126.930056,35.118647],[126.930099,35.118679],[126.93017,35.118595]]]]}},{"type":"Feature","id":"1971193564071800456300000000","properties":{"id":"1971193564071800456300000000","pnu":"1221012600102220000"},"geometry":{"type":"MultiPolygon","coordinates":[[[[126.930268,35.119529],[126.930286,35.119461],[126.930144,35.119432],[126.930129,35.119509],[126.930268,35.119529]]]]}},{"type":"Feature","id":"1971193624251805378700000000","properties":{"id":"1971193624251805378700000000","pnu":"1221012600102870018"},"geometry":{"type":"MultiPolygon","coordinates":[[[[126.930793,35.123953],[126.930939,35.123951],[126.930937,35.123893],[126.930849,35.123892],[126.930848,35.123879],[126.930794,35.12388],[126.930793,35.123953]]]]}},{"type":"Feature","id":"1971193626551801198000000000","properties":{"id":"1971193626551801198000000000","pnu":"1221012600102460000"},"geometry":{"type":"MultiPolygon","coordinates":[[[[126.930919,35.120205],[126.930946,35.120179],[126.93089,35.120138],[126.93091,35.120113],[126.930887,35.120095],[126.930836,35.12014],[126.930919,35.120205]]]]}},{"type":"Feature","id":"1971193638891805042600000000","properties":{"id":"1971193638891805042600000000","pnu":"1221012600102870008"},"geometry":{"type":"MultiPolygon","coordinates":[[[[126.930954,35.12363],[126.931091,35.123623],[126.931091,35.123603],[126.930953,35.123611],[126.930954,35.12363]]]]}},{"type":"Feature","id":"1971193639191805109400000000","properties":{"id":"1971193639191805109400000000","pnu":"1221012600102870008"},"geometry":{"type":"MultiPolygon","coordinates":[[[[126.930963,35.123709],[126.93109,35.123704],[126.93109,35.123646],[126.930963,35.123649],[126.930963,35.123709]]]]}},{"type":"Feature","id":"1971193643531801177900000000","properties":{"id":"1971193643531801177900000000","pnu":"1221012600102480001"},"geometry":{"type":"MultiPolygon","coordinates":[[[[126.931088,35.120168],[126.931121,35.120145],[126.931063,35.120097],[126.931034,35.120123],[126.931088,35.120168]]]]}},{"type":"Feature","id":"1971193650621801163400000000","properties":{"id":"1971193650621801163400000000","pnu":"1221012600102480001"},"geometry":{"type":"MultiPolygon","coordinates":[[[[126.931194,35.120115],[126.931169,35.120089],[126.931115,35.120126],[126.93114,35.120151],[126.931194,35.120115]]]]}},{"type":"Feature","id":"1971193773391800772500000000","properties":{"id":"1971193773391800772500000000","pnu":"1221012600106360047"},"geometry":{"type":"MultiPolygon","coordinates":[[[[126.932364,35.119826],[126.932358,35.119824],[126.932325,35.119914],[126.932472,35.119949],[126.9325,35.119856],[126.932581,35.119876],[126.932668,35.119631],[126.932514,35.11959],[126.932479,35.11965],[126.932462,35.119645],[126.932364,35.119826]]]]}},{"type":"Feature","id":"1971193890581800563300000000","properties":{"id":"1971193890581800563300000000","pnu":"1221011900106890012"},"geometry":{"type":"MultiPolygon","coordinates":[[[[126.933753,35.119617],[126.933818,35.119619],[126.933822,35.119544],[126.933756,35.119542],[126.933753,35.119617]]]]}},{"type":"Feature","id":"1971193891561800677700000000","properties":{"id":"1971193891561800677700000000","pnu":"1221011900106890019"},"geometry":{"type":"MultiPolygon","coordinates":[[[[126.933747,35.119742],[126.933837,35.119749],[126.933845,35.119622],[126.933763,35.119618],[126.933747,35.119742]]]]}},{"type":"Feature","id":"1971193893201800389300000000","properties":{"id":"1971193893201800389300000000","pnu":"1221011900106920003"},"geometry":{"type":"MultiPolygon","coordinates":[[[[126.933842,35.119457],[126.933844,35.119394],[126.933793,35.119389],[126.933787,35.119454],[126.933842,35.119457]]]]}},{"type":"Feature","id":"1971193904461805357400000000","properties":{"id":"1971193904461805357400000000","pnu":"1221011900106420007"},"geometry":{"type":"MultiPolygon","coordinates":[[[[126.93399,35.123883],[126.933904,35.123862],[126.933883,35.123922],[126.933969,35.123942],[126.93399,35.123883]]]]}},{"type":"Feature","id":"1971193905521805293800000000","properties":{"id":"1971193905521805293800000000","pnu":"1221011900106420007"},"geometry":{"type":"MultiPolygon","coordinates":[[[[126.933983,35.123877],[126.933983,35.123828],[126.933921,35.123813],[126.933904,35.123858],[126.933983,35.123877]]]]}},{"type":"Feature","id":"1971193910971805171900000000","properties":{"id":"1971193910971805171900000000","pnu":"1221011900106420007"},"geometry":{"type":"MultiPolygon","coordinates":[[[[126.934052,35.123784],[126.934059,35.123698],[126.933958,35.123689],[126.93395,35.123749],[126.933976,35.123754],[126.933975,35.123779],[126.934052,35.123784]]]]}},{"type":"Feature","id":"1971193915641802474700000000","properties":{"id":"1971193915641802474700000000","pnu":"1221011900106840000"},"geometry":{"type":"MultiPolygon","coordinates":[[[[126.934077,35.12136],[126.934138,35.121285],[126.9341,35.121263],[126.934084,35.121281],[126.934026,35.121257],[126.933985,35.121309],[126.934077,35.12136]]]]}},{"type":"Feature","id":"1971193950841802001600000000","properties":{"id":"1971193950841802001600000000","pnu":"1221011900106830008"},"geometry":{"type":"MultiPolygon","coordinates":[[[[126.934501,35.120824],[126.934454,35.120818],[126.934444,35.120875],[126.934382,35.120867],[126.934374,35.120908],[126.934483,35.120922],[126.934501,35.120824]]]]}},{"type":"Feature","id":"1971193953081802266000000000","properties":{"id":"1971193953081802266000000000","pnu":"1221011900106830005"},"geometry":{"type":"MultiPolygon","coordinates":[[[[126.934455,35.121099],[126.934448,35.121126],[126.934489,35.121133],[126.934495,35.121106],[126.934455,35.121099]]]]}},{"type":"Feature","id":"1971193961741802065300000000","properties":{"id":"1971193961741802065300000000","pnu":"1221011900106830009"},"geometry":{"type":"MultiPolygon","coordinates":[[[[126.934506,35.120949],[126.934623,35.120956],[126.934626,35.120921],[126.934512,35.120914],[126.934506,35.120949]]]]}},{"type":"Feature","id":"1971193964121801988100000000","properties":{"id":"1971193964121801988100000000","pnu":"1221011900106830009"},"geometry":{"type":"MultiPolygon","coordinates":[[[[126.934639,35.120829],[126.934542,35.120821],[126.934538,35.120862],[126.934568,35.120864],[126.934563,35.120912],[126.934629,35.120917],[126.934639,35.120829]]]]}},{"type":"Feature","id":"1971194140501807463400000000","properties":{"id":"1971194140501807463400000000","pnu":"1221011900104960003"},"geometry":{"type":"MultiPolygon","coordinates":[[[[126.936461,35.125806],[126.936503,35.125849],[126.936586,35.125797],[126.936548,35.125755],[126.936461,35.125806]]]]}},{"type":"Feature","id":"1971194141281807521600000000","properties":{"id":"1971194141281807521600000000","pnu":"1221011900104960003"},"geometry":{"type":"MultiPolygon","coordinates":[[[[126.936488,35.12586],[126.936519,35.125893],[126.936575,35.125835],[126.936565,35.125817],[126.936488,35.12586]]]]}},{"type":"Feature","id":"1971194150561807296600000000","properties":{"id":"1971194150561807296600000000","pnu":"1221011900104970001"},"geometry":{"type":"MultiPolygon","coordinates":[[[[126.936572,35.125647],[126.936587,35.125703],[126.93669,35.125677],[126.936669,35.125594],[126.936611,35.125605],[126.93662,35.125641],[126.936572,35.125647]]]]}},{"type":"Feature","id":"1971194150961807368200000000","properties":{"id":"1971194150961807368200000000","pnu":"1221011900104970001"},"geometry":{"type":"MultiPolygon","coordinates":[[[[126.936609,35.125743],[126.936662,35.125737],[126.936659,35.125723],[126.93668,35.125721],[126.936674,35.125691],[126.936601,35.1257],[126.936609,35.125743]]]]}},{"type":"Feature","id":"1972193525261799761000000000","properties":{"id":"1972193525261799761000000000","pnu":"1221012600102110000"},"geometry":{"type":"MultiPolygon","coordinates":[[[[126.929826,35.118899],[126.929805,35.118804],[126.929736,35.118811],[126.929754,35.118907],[126.929826,35.118899]]]]}},{"type":"Feature","id":"1972193545841799853200000000","properties":{"id":"1972193545841799853200000000","pnu":"1221012600102130002"},"geometry":{"type":"MultiPolygon","coordinates":[[[[126.930064,35.118926],[126.930018,35.118902],[126.930006,35.118917],[126.929973,35.118902],[126.929947,35.118945],[126.930024,35.118983],[126.930064,35.118926]]]]}},{"type":"Feature","id":"1972193580671806231200000000","properties":{"id":"1972193580671806231200000000","pnu":"1221012600102980011"},"geometry":{"type":"MultiPolygon","coordinates":[[[[126.930421,35.124713],[126.930429,35.124671],[126.930343,35.124663],[126.930339,35.124704],[126.930421,35.124713]]]]}},{"type":"Feature","id":"1972193774451801554000000000","properties":{"id":"1972193774451801554000000000","pnu":"1221012600106360076"},"geometry":{"type":"MultiPolygon","coordinates":[[[[126.932542,35.120529],[126.932575,35.12044],[126.932488,35.120415],[126.932447,35.120506],[126.932542,35.120529]]]]}},{"type":"Feature","id":"1972193782201800961000000000","properties":{"id":"1972193782201800961000000000","pnu":"1221012600106360039"},"geometry":{"type":"MultiPolygon","coordinates":[[[[126.932482,35.11995],[126.932675,35.120007],[126.932712,35.119925],[126.932587,35.119887],[126.932584,35.119893],[126.932516,35.119873],[126.932482,35.11995]]]]}},{"type":"Feature","id":"1972193912211805384200000000","properties":{"id":"1972193912211805384200000000","pnu":"1221011900106420006"},"geometry":{"type":"MultiPolygon","coordinates":[[[[126.934046,35.12396],[126.934062,35.123909],[126.933997,35.123892],[126.933979,35.123945],[126.934046,35.12396]]]]}},{"type":"Feature","id":"1972193914351805287800000000","properties":{"id":"1972193914351805287800000000","pnu":"1221011900106420006"},"geometry":{"type":"MultiPolygon","coordinates":[[[[126.934065,35.123874],[126.934066,35.123806],[126.934025,35.123805],[126.934023,35.123873],[126.934065,35.123874]]]]}},{"type":"Feature","id":"1972194125051807410700000000","properties":{"id":"1972194125051807410700000000","pnu":"1221011900104960005"},"geometry":{"type":"MultiPolygon","coordinates":[[[[126.93629,35.125724],[126.93631,35.125799],[126.936425,35.125772],[126.936411,35.125718],[126.93634,35.125731],[126.936336,35.125714],[126.93629,35.125724]]]]}},{"type":"Feature","id":"1972194140491807366400000000","properties":{"id":"1972194140491807366400000000","pnu":"1221011900104960004"},"geometry":{"type":"MultiPolygon","coordinates":[[[[126.936451,35.12571],[126.936469,35.125761],[126.936591,35.125725],[126.936573,35.125664],[126.936531,35.125672],[126.936531,35.125688],[126.936451,35.12571]]]]}},{"type":"Feature","id":"1973193540721800098700000000","properties":{"id":"1973193540721800098700000000","pnu":"1221012600102160000"},"geometry":{"type":"MultiPolygon","coordinates":[[[[126.93,35.119188],[126.93,35.119131],[126.9299,35.119132],[126.929899,35.119188],[126.93,35.119188]]]]}},{"type":"Feature","id":"1973193544401800027600000000","properties":{"id":"1973193544401800027600000000","pnu":"1221012600102160000"},"geometry":{"type":"MultiPolygon","coordinates":[[[[126.930047,35.119127],[126.930058,35.119107],[126.929936,35.119063],[126.929927,35.119089],[126.930047,35.119127]]]]}},{"type":"Feature","id":"1973193555521800072300000000","properties":{"id":"1973193555521800072300000000","pnu":"1221012600102160000"},"geometry":{"type":"MultiPolygon","coordinates":[[[[126.930153,35.119175],[126.930175,35.119135],[126.930071,35.119097],[126.930049,35.119138],[126.930153,35.119175]]]]}},{"type":"Feature","id":"1973193585621801084800000000","properties":{"id":"1973193585621801084800000000","pnu":"1221012600102430011"},"geometry":{"type":"MultiPolygon","coordinates":[[[[126.930458,35.120116],[126.930523,35.120074],[126.930423,35.119981],[126.930361,35.120025],[126.930458,35.120116]]]]}},{"type":"Feature","id":"1973193619131800301400000000","properties":{"id":"1973193619131800301400000000","pnu":"1221012600102290000"},"geometry":{"type":"MultiPolygon","coordinates":[[[[126.930863,35.119388],[126.930884,35.119333],[126.930757,35.119297],[126.930737,35.119355],[126.930863,35.119388]]]]}},{"type":"Feature","id":"1973193631431800310800000000","properties":{"id":"1973193631431800310800000000","pnu":"1221012600102290000"},"geometry":{"type":"MultiPolygon","coordinates":[[[[126.930967,35.119381],[126.930969,35.119325],[126.930923,35.119323],[126.93092,35.119377],[126.930967,35.119381]]]]}},{"type":"Feature","id":"1973193678841803847000000000","properties":{"id":"1973193678841803847000000000","pnu":"1221012600106360077"},"geometry":{"type":"MultiPolygon","coordinates":[[[[126.931397,35.122465],[126.931443,35.12263],[126.931527,35.122614],[126.931481,35.122449],[126.931397,35.122465]]]]}},{"type":"Feature","id":"1973193719391808599400000000","properties":{"id":"1973193719391808599400000000","pnu":"1221011900105730016"},"geometry":{"type":"MultiPolygon","coordinates":[[[[126.931857,35.126771],[126.931827,35.126842],[126.931948,35.126875],[126.931981,35.126806],[126.931857,35.126771]]]]}},{"type":"Feature","id":"1973193722761807110400000000","properties":{"id":"1973193722761807110400000000","pnu":"1221011900105960007"},"geometry":{"type":"MultiPolygon","coordinates":[[[[126.931863,35.125424],[126.931834,35.125493],[126.932022,35.125538],[126.932047,35.125468],[126.931863,35.125424]]]]}},{"type":"Feature","id":"1973193728131802743800000000","properties":{"id":"1973193728131802743800000000","pnu":"1221012600106360095"},"geometry":{"type":"MultiPolygon","coordinates":[[[[126.932026,35.121577],[126.932028,35.121516],[126.931981,35.121515],[126.931979,35.121573],[126.932026,35.121577]]]]}},{"type":"Feature","id":"1973193735231802835500000000","properties":{"id":"1973193735231802835500000000","pnu":"1221012600106360094"},"geometry":{"type":"MultiPolygon","coordinates":[[[[126.932051,35.121634],[126.932095,35.121651],[126.932112,35.121622],[126.932068,35.121604],[126.932051,35.121634]]]]}},{"type":"Feature","id":"1973193736201802751200000000","properties":{"id":"1973193736201802751200000000","pnu":"1221012600106360238"},"geometry":{"type":"MultiPolygon","coordinates":[[[[126.932109,35.121593],[126.932131,35.121523],[126.932074,35.121511],[126.932055,35.121582],[126.932109,35.121593]]]]}},{"type":"Feature","id":"1973193743711802866300000000","properties":{"id":"1973193743711802866300000000","pnu":"1221012600106360094"},"geometry":{"type":"MultiPolygon","coordinates":[[[[126.932224,35.121703],[126.932246,35.121645],[126.932119,35.121615],[126.932097,35.121655],[126.932224,35.121703]]]]}},{"type":"Feature","id":"1973193744831802763700000000","properties":{"id":"1973193744831802763700000000","pnu":"1221012600106360096"},"geometry":{"type":"MultiPolygon","coordinates":[[[[126.932209,35.121609],[126.932233,35.12153],[126.932161,35.121517],[126.932144,35.1216],[126.932209,35.121609]]]]}},{"type":"Feature","id":"1973193753121802775200000000","properties":{"id":"1973193753121802775200000000","pnu":"1221012600106360097"},"geometry":{"type":"MultiPolygon","coordinates":[[[[126.932297,35.12162],[126.932318,35.121539],[126.932261,35.121527],[126.932236,35.121607],[126.932297,35.12162]]]]}},{"type":"Feature","id":"1973193753971802904500000000","properties":{"id":"1973193753971802904500000000","pnu":"1221012600106360093"},"geometry":{"type":"MultiPolygon","coordinates":[[[[126.932322,35.121722],[126.932338,35.121677],[126.932251,35.121657],[126.932238,35.121706],[126.932322,35.121722]]]]}},{"type":"Feature","id":"1973193762031802791800000000","properties":{"id":"1973193762031802791800000000","pnu":"1221012600106360098"},"geometry":{"type":"MultiPolygon","coordinates":[[[[126.932395,35.121634],[126.932412,35.121551],[126.93236,35.121542],[126.932336,35.121626],[126.932395,35.121634]]]]}},{"type":"Feature","id":"1973193763991802884000000000","properties":{"id":"1973193763991802884000000000","pnu":"1221012600106360093"},"geometry":{"type":"MultiPolygon","coordinates":[[[[126.932426,35.121695],[126.932432,35.121663],[126.932367,35.121649],[126.93236,35.121679],[126.932426,35.121695]]]]}},{"type":"Feature","id":"1973193792361804729500000000","properties":{"id":"1973193792361804729500000000","pnu":"1221011900106500002"},"geometry":{"type":"MultiPolygon","coordinates":[[[[126.932672,35.123372],[126.932764,35.12334],[126.932745,35.1233],[126.932649,35.123329],[126.932672,35.123372]]]]}},{"type":"Feature","id":"1973193869361803108000000000","properties":{"id":"1973193869361803108000000000","pnu":"1221011900106760005"},"geometry":{"type":"MultiPolygon","coordinates":[[[[126.933505,35.121924],[126.933619,35.12189],[126.93359,35.121822],[126.933542,35.121834],[126.933546,35.121845],[126.933487,35.121864],[126.933505,35.121924]]]]}},{"type":"Feature","id":"1973193871851803190300000000","properties":{"id":"1973193871851803190300000000","pnu":"1221011900106760004"},"geometry":{"type":"MultiPolygon","coordinates":[[[[126.933533,35.12199],[126.933645,35.121951],[126.933627,35.121908],[126.933516,35.121944],[126.933533,35.12199]]]]}},{"type":"Feature","id":"1973193885021803431300000000","properties":{"id":"1973193885021803431300000000","pnu":"1221011900106760008"},"geometry":{"type":"MultiPolygon","coordinates":[[[[126.933676,35.122232],[126.933798,35.122193],[126.933768,35.122132],[126.933755,35.122136],[126.93373,35.122084],[126.933707,35.122086],[126.933662,35.122215],[126.933676,35.122232]]]]}},{"type":"Feature","id":"1973193888061803552300000000","properties":{"id":"1973193888061803552300000000","pnu":"1221011900106760009"},"geometry":{"type":"MultiPolygon","coordinates":[[[[126.933724,35.122323],[126.933827,35.122286],[126.933798,35.122231],[126.933729,35.122253],[126.93372,35.122244],[126.933689,35.122254],[126.933724,35.122323]]]]}},{"type":"Feature","id":"1973193894531800281300000000","properties":{"id":"1973193894531800281300000000","pnu":"1221011900106920000"},"geometry":{"type":"MultiPolygon","coordinates":[[[[126.933846,35.119379],[126.933871,35.119285],[126.933814,35.119273],[126.933793,35.119372],[126.933846,35.119379]]]]}},{"type":"Feature","id":"1973193897281803394400000000","properties":{"id":"1973193897281803394400000000","pnu":"1221011900106760002"},"geometry":{"type":"MultiPolygon","coordinates":[[[[126.933832,35.122176],[126.933911,35.122146],[126.933878,35.122084],[126.933848,35.122095],[126.933855,35.122106],[126.933805,35.122128],[126.933832,35.122176]]]]}},{"type":"Feature","id":"1973193900921803480100000000","properties":{"id":"1973193900921803480100000000","pnu":"1221011900106760001"},"geometry":{"type":"MultiPolygon","coordinates":[[[[126.933871,35.122244],[126.93395,35.12222],[126.933927,35.122175],[126.933846,35.122202],[126.933871,35.122244]]]]}},{"type":"Feature","id":"1973193920141805155400000000","properties":{"id":"1973193920141805155400000000","pnu":"1221011900106420008"},"geometry":{"type":"MultiPolygon","coordinates":[[[[126.934108,35.123725],[126.934109,35.123725],[126.93411,35.123724],[126.934111,35.123724],[126.934112,35.123724],[126.934112,35.123723],[126.934113,35.123722],[126.934113,35.123722],[126.934114,35.123721],[126.934114,35.12372],[126.934114,35.123719],[126.934113,35.123719],[126.934113,35.123718],[126.934112,35.123717],[126.934112,35.123717],[126.934111,35.123716],[126.93411,35.123716],[126.934109,35.123716],[126.934108,35.123716],[126.934107,35.123716],[126.934106,35.123716],[126.934106,35.123716],[126.934105,35.123717],[126.934104,35.123717],[126.934104,35.123718],[126.934103,35.123719],[126.934103,35.123719],[126.934103,35.12372],[126.934103,35.123721],[126.934103,35.123722],[126.934104,35.123722],[126.934104,35.123723],[126.934105,35.123724],[126.934106,35.123724],[126.934106,35.123724],[126.934107,35.123725],[126.934108,35.123725]]]]}},{"type":"Feature","id":"1973193924911805225300000000","properties":{"id":"1973193924911805225300000000","pnu":"1221011900106420008"},"geometry":{"type":"MultiPolygon","coordinates":[[[[126.934218,35.12382],[126.934219,35.123749],[126.934104,35.123747],[126.934102,35.123817],[126.934218,35.12382]]]]}},{"type":"Feature","id":"1973193929861805163400000000","properties":{"id":"1973193929861805163400000000","pnu":"1221011900106420008"},"geometry":{"type":"MultiPolygon","coordinates":[[[[126.934215,35.123732],[126.934216,35.123732],[126.934217,35.123732],[126.934218,35.123731],[126.934218,35.123731],[126.934219,35.12373],[126.93422,35.12373],[126.93422,35.123729],[126.93422,35.123728],[126.93422,35.123727],[126.93422,35.123727],[126.93422,35.123726],[126.93422,35.123725],[126.934219,35.123725],[126.934218,35.123724],[126.934218,35.123724],[126.934217,35.123723],[126.934216,35.123723],[126.934215,35.123723],[126.934214,35.123723],[126.934213,35.123723],[126.934212,35.123724],[126.934211,35.123724],[126.934211,35.123725],[126.93421,35.123725],[126.93421,35.123726],[126.93421,35.123727],[126.934209,35.123727],[126.93421,35.123728],[126.93421,35.123729],[126.93421,35.12373],[126.934211,35.12373],[126.934211,35.123731],[126.934212,35.123731],[126.934213,35.123732],[126.934214,35.123732],[126.934215,35.123732]]]]}},{"type":"Feature","id":"1973194000251802552800000000","properties":{"id":"1973194000251802552800000000","pnu":"1221011900102100001"},"geometry":{"type":"MultiPolygon","coordinates":[[[[126.935039,35.121411],[126.935056,35.121366],[126.934939,35.121337],[126.934923,35.121385],[126.935039,35.121411]]]]}},{"type":"Feature","id":"1973194003721802466300000000","properties":{"id":"1973194003721802466300000000","pnu":"1221011900102100003"},"geometry":{"type":"MultiPolygon","coordinates":[[[[126.935072,35.121336],[126.935089,35.121279],[126.934982,35.121258],[126.934966,35.121315],[126.935072,35.121336]]]]}},{"type":"Feature","id":"1973194051571806051800000000","properties":{"id":"1973194051571806051800000000","pnu":"1221011900104480008"},"geometry":{"type":"MultiPolygon","coordinates":[[[[126.935516,35.12458],[126.935621,35.124519],[126.935584,35.124479],[126.935479,35.124535],[126.935516,35.12458]]]]}},{"type":"Feature","id":"1973194059931805993200000000","properties":{"id":"1973194059931805993200000000","pnu":"1221011900104480008"},"geometry":{"type":"MultiPolygon","coordinates":[[[[126.935641,35.124481],[126.935642,35.124481],[126.935643,35.12448],[126.935644,35.12448],[126.935645,35.12448],[126.935645,35.124479],[126.935646,35.124478],[126.935646,35.124478],[126.935647,35.124477],[126.935647,35.124476],[126.935647,35.124475],[126.935646,35.124475],[126.935646,35.124474],[126.935645,35.124473],[126.935645,35.124473],[126.935644,35.124472],[126.935643,35.124472],[126.935642,35.124472],[126.935641,35.124472],[126.93564,35.124472],[126.935639,35.124472],[126.935638,35.124472],[126.935638,35.124473],[126.935637,35.124473],[126.935636,35.124474],[126.935636,35.124475],[126.935636,35.124475],[126.935636,35.124476],[126.935636,35.124477],[126.935636,35.124478],[126.935636,35.124478],[126.935637,35.124479],[126.935638,35.12448],[126.935638,35.12448],[126.935639,35.12448],[126.93564,35.124481],[126.935641,35.124481]]]]}},{"type":"Feature","id":"1974193536391799793700000000","properties":{"id":"1974193536391799793700000000","pnu":"1221012600102110000"},"geometry":{"type":"MultiPolygon","coordinates":[[[[126.929957,35.118859],[126.929906,35.118833],[126.929849,35.118913],[126.929894,35.118938],[126.929957,35.118859]]]]}},{"type":"Feature","id":"1974193551651799950200000000","properties":{"id":"1974193551651799950200000000","pnu":"1221012600102140000"},"geometry":{"type":"MultiPolygon","coordinates":[[[[126.930119,35.118978],[126.930064,35.118956],[126.930016,35.119067],[126.930086,35.119091],[126.930104,35.119052],[126.930092,35.119047],[126.930119,35.118978]]]]}},{"type":"Feature","id":"1974193563321799993600000000","properties":{"id":"1974193563321799993600000000","pnu":"1221012600102140000"},"geometry":{"type":"MultiPolygon","coordinates":[[[[126.930264,35.119024],[126.930218,35.118999],[126.930131,35.119107],[126.930177,35.119132],[126.930264,35.119024]]]]}},{"type":"Feature","id":"1974193634331804981700000000","properties":{"id":"1974193634331804981700000000","pnu":"1221012600102870016"},"geometry":{"type":"MultiPolygon","coordinates":[[[[126.930911,35.12359],[126.931037,35.123585],[126.931034,35.123533],[126.930909,35.123539],[126.930911,35.12359]]]]}},{"type":"Feature","id":"1974193638861805186200000000","properties":{"id":"1974193638861805186200000000","pnu":"1221012600102870015"},"geometry":{"type":"MultiPolygon","coordinates":[[[[126.930949,35.123765],[126.931097,35.123759],[126.931097,35.123728],[126.93095,35.123733],[126.930949,35.123765]]]]}},{"type":"Feature","id":"1974193640981805259200000000","properties":{"id":"1974193640981805259200000000","pnu":"1221012600102870015"},"geometry":{"type":"MultiPolygon","coordinates":[[[[126.930983,35.12384],[126.931108,35.123835],[126.931101,35.12378],[126.931058,35.123781],[126.931058,35.123788],[126.930983,35.123791],[126.930983,35.12384]]]]}},{"type":"Feature","id":"1974193645131804975900000000","properties":{"id":"1974193645131804975900000000","pnu":"1221012600102870006"},"geometry":{"type":"MultiPolygon","coordinates":[[[[126.931043,35.123582],[126.931141,35.123577],[126.93114,35.123533],[126.931042,35.123535],[126.931043,35.123582]]]]}},{"type":"Feature","id":"1974193651921800772800000000","properties":{"id":"1974193651921800772800000000","pnu":"1221012600102600003"},"geometry":{"type":"MultiPolygon","coordinates":[[[[126.93111,35.119735],[126.931155,35.119827],[126.931228,35.119803],[126.931183,35.119709],[126.93111,35.119735]]]]}},{"type":"Feature","id":"1974193654321804962300000000","properties":{"id":"1974193654321804962300000000","pnu":"1221012600102870006"},"geometry":{"type":"MultiPolygon","coordinates":[[[[126.931162,35.12351],[126.931167,35.123581],[126.931222,35.123578],[126.931217,35.123508],[126.931162,35.12351]]]]}},{"type":"Feature","id":"1974193661481800700700000000","properties":{"id":"1974193661481800700700000000","pnu":"1221012600102600003"},"geometry":{"type":"MultiPolygon","coordinates":[[[[126.931274,35.119708],[126.931275,35.119708],[126.931276,35.119707],[126.931277,35.119707],[126.931277,35.119707],[126.931278,35.119706],[126.931279,35.119706],[126.931279,35.119705],[126.931279,35.119704],[126.931279,35.119703],[126.931279,35.119702],[126.931279,35.119702],[126.931279,35.119701],[126.931278,35.1197],[126.931277,35.1197],[126.931277,35.119699],[126.931276,35.119699],[126.931275,35.119699],[126.931274,35.119699],[126.931273,35.119699],[126.931272,35.119699],[126.931271,35.119699],[126.93127,35.1197],[126.93127,35.1197],[126.931269,35.119701],[126.931269,35.119702],[126.931269,35.119702],[126.931268,35.119703],[126.931269,35.119704],[126.931269,35.119705],[126.931269,35.119706],[126.93127,35.119706],[126.93127,35.119707],[126.931271,35.119707],[126.931272,35.119707],[126.931273,35.119708],[126.931274,35.119708]]]]}},{"type":"Feature","id":"1974193679151809706000000000","properties":{"id":"1974193679151809706000000000","pnu":"1221011900105320083"},"geometry":{"type":"MultiPolygon","coordinates":[[[[126.931482,35.127875],[126.931496,35.127838],[126.931481,35.127834],[126.931502,35.127776],[126.931452,35.127763],[126.931413,35.127853],[126.931482,35.127875]]]]}},{"type":"Feature","id":"1974193684501809576000000000","properties":{"id":"1974193684501809576000000000","pnu":"1221011900105320084"},"geometry":{"type":"MultiPolygon","coordinates":[[[[126.931534,35.12776],[126.931572,35.127667],[126.931505,35.127645],[126.931468,35.127743],[126.931534,35.12776]]]]}},{"type":"Feature","id":"1974193689381809450400000000","properties":{"id":"1974193689381809450400000000","pnu":"1221011900105320085"},"geometry":{"type":"MultiPolygon","coordinates":[[[[126.931585,35.127651],[126.931629,35.127549],[126.931563,35.127529],[126.931516,35.127629],[126.931585,35.127651]]]]}},{"type":"Feature","id":"1974193690121809866300000000","properties":{"id":"1974193690121809866300000000","pnu":"1221011900105320108"},"geometry":{"type":"MultiPolygon","coordinates":[[[[126.931589,35.128001],[126.931614,35.127939],[126.931577,35.127926],[126.931546,35.127992],[126.931589,35.128001]]]]}},{"type":"Feature","id":"1974193698001809889500000000","properties":{"id":"1974193698001809889500000000","pnu":"1221011900105320108"},"geometry":{"type":"MultiPolygon","coordinates":[[[[126.931706,35.12803],[126.931731,35.127966],[126.931694,35.127955],[126.931691,35.127962],[126.931626,35.127945],[126.931601,35.128],[126.931706,35.12803]]]]}},{"type":"Feature","id":"1974193714641809394600000000","properties":{"id":"1974193714641809394600000000","pnu":"1221011900105320097"},"geometry":{"type":"MultiPolygon","coordinates":[[[[126.931927,35.127524],[126.931832,35.127499],[126.931825,35.12751],[126.931789,35.127501],[126.931767,35.127547],[126.931902,35.127589],[126.931927,35.127524]]]]}},{"type":"Feature","id":"1974193720301809736400000000","properties":{"id":"1974193720301809736400000000","pnu":"1221011900105320093"},"geometry":{"type":"MultiPolygon","coordinates":[[[[126.93197,35.1279],[126.931996,35.127839],[126.931855,35.127797],[126.931827,35.127855],[126.93197,35.1279]]]]}},{"type":"Feature","id":"1974193742941809390400000000","properties":{"id":"1974193742941809390400000000","pnu":"1221011900105400006"},"geometry":{"type":"MultiPolygon","coordinates":[[[[126.932211,35.127586],[126.932233,35.127532],[126.932176,35.127511],[126.93218,35.127498],[126.932123,35.127482],[126.93209,35.127552],[126.932211,35.127586]]]]}},{"type":"Feature","id":"1974193787721801238000000000","properties":{"id":"1974193787721801238000000000","pnu":"1221012600106360067"},"geometry":{"type":"MultiPolygon","coordinates":[[[[126.932626,35.1202],[126.932666,35.120217],[126.932691,35.120176],[126.932651,35.120159],[126.932626,35.1202]]]]}},{"type":"Feature","id":"1974193843461800776800000000","properties":{"id":"1974193843461800776800000000","pnu":"1221012600102660012"},"geometry":{"type":"MultiPolygon","coordinates":[[[[126.933256,35.119828],[126.933324,35.11981],[126.933283,35.119717],[126.933218,35.119736],[126.933256,35.119828]]]]}},{"type":"Feature","id":"1974193845781809184200000000","properties":{"id":"1974193845781809184200000000","pnu":"1221011900105680000"},"geometry":{"type":"MultiPolygon","coordinates":[[[[126.933342,35.127386],[126.933348,35.127331],[126.933285,35.127323],[126.933285,35.127316],[126.933243,35.127313],[126.933231,35.127375],[126.933342,35.127386]]]]}},{"type":"Feature","id":"1974193885691804574400000000","properties":{"id":"1974193885691804574400000000","pnu":"1221011900106440004"},"geometry":{"type":"MultiPolygon","coordinates":[[[[126.933766,35.123253],[126.933793,35.123161],[126.933699,35.12314],[126.933665,35.123228],[126.933766,35.123253]]]]}},{"type":"Feature","id":"1974193908821805058100000000","properties":{"id":"1974193908821805058100000000","pnu":"1221011900106420010"},"geometry":{"type":"MultiPolygon","coordinates":[[[[126.934024,35.123602],[126.933933,35.123591],[126.933934,35.123657],[126.934034,35.123675],[126.934037,35.123617],[126.934023,35.123617],[126.934024,35.123602]]]]}},{"type":"Feature","id":"1974193913571805006500000000","properties":{"id":"1974193913571805006500000000","pnu":"1221011900106420010"},"geometry":{"type":"MultiPolygon","coordinates":[[[[126.934036,35.12359],[126.934037,35.12359],[126.934038,35.12359],[126.934039,35.12359],[126.93404,35.123589],[126.93404,35.123589],[126.934041,35.123588],[126.934041,35.123587],[126.934042,35.123587],[126.934042,35.123586],[126.934042,35.123585],[126.934041,35.123584],[126.934041,35.123584],[126.93404,35.123583],[126.93404,35.123582],[126.934039,35.123582],[126.934038,35.123582],[126.934037,35.123581],[126.934036,35.123581],[126.934035,35.123581],[126.934034,35.123582],[126.934033,35.123582],[126.934033,35.123582],[126.934032,35.123583],[126.934031,35.123584],[126.934031,35.123584],[126.934031,35.123585],[126.934031,35.123586],[126.934031,35.123587],[126.934031,35.123587],[126.934031,35.123588],[126.934032,35.123589],[126.934033,35.123589],[126.934033,35.12359],[126.934034,35.12359],[126.934035,35.12359],[126.934036,35.12359]]]]}},{"type":"Feature","id":"1974193923171804966700000000","properties":{"id":"1974193923171804966700000000","pnu":"1221011900106420012"},"geometry":{"type":"MultiPolygon","coordinates":[[[[126.934183,35.123576],[126.934186,35.123528],[126.9341,35.123523],[126.934098,35.123573],[126.934183,35.123576]]]]}},{"type":"Feature","id":"1974194022521805280100000000","properties":{"id":"1974194022521805280100000000","pnu":"1221011900104450004"},"geometry":{"type":"MultiPolygon","coordinates":[[[[126.935284,35.123854],[126.935284,35.123806],[126.935209,35.123808],[126.93517,35.123834],[126.935174,35.123859],[126.935284,35.123854]]]]}},{"type":"Feature","id":"1974194039011805401300000000","properties":{"id":"1974194039011805401300000000","pnu":"1221011900104460010"},"geometry":{"type":"MultiPolygon","coordinates":[[[[126.935454,35.123966],[126.93546,35.123923],[126.935368,35.123919],[126.935366,35.123962],[126.935454,35.123966]]]]}},{"type":"Feature","id":"1974194051751805193700000000","properties":{"id":"1974194051751805193700000000","pnu":"1221011900104460010"},"geometry":{"type":"MultiPolygon","coordinates":[[[[126.93558,35.123795],[126.935586,35.123717],[126.935522,35.123717],[126.93552,35.123794],[126.93558,35.123795]]]]}},{"type":"Feature","id":"1974194062091809116300000000","properties":{"id":"1974194062091809116300000000","pnu":"1221011900105070000"},"geometry":{"type":"MultiPolygon","coordinates":[[[[126.935668,35.127329],[126.935653,35.127368],[126.935722,35.127391],[126.935757,35.127323],[126.935749,35.127236],[126.935564,35.127219],[126.93555,35.127318],[126.935668,35.127329]]]]}},{"type":"Feature","id":"1974194122081807099800000000","properties":{"id":"1974194122081807099800000000","pnu":"1221011900104960002"},"geometry":{"type":"MultiPolygon","coordinates":[[[[126.936363,35.125485],[126.936343,35.125432],[126.936295,35.125469],[126.936271,35.125507],[126.936363,35.125485]]]]}},{"type":"Feature","id":"1974194122411807178800000000","properties":{"id":"1974194122411807178800000000","pnu":"1221011900104960002"},"geometry":{"type":"MultiPolygon","coordinates":[[[[126.936295,35.125592],[126.936374,35.125576],[126.936345,35.125492],[126.936288,35.12551],[126.936295,35.12555],[126.936283,35.125554],[126.936295,35.125592]]]]}},{"type":"Feature","id":"1974194123541807310400000000","properties":{"id":"1974194123541807310400000000","pnu":"1221011900104960006"},"geometry":{"type":"MultiPolygon","coordinates":[[[[126.936272,35.12564],[126.936288,35.125705],[126.936406,35.125687],[126.936386,35.125622],[126.936272,35.12564]]]]}},{"type":"Feature","id":"1974194137831807280600000000","properties":{"id":"1974194137831807280600000000","pnu":"1221011900104960007"},"geometry":{"type":"MultiPolygon","coordinates":[[[[126.93643,35.125622],[126.93645,35.12568],[126.936561,35.125649],[126.936542,35.125595],[126.93643,35.125622]]]]}},{"type":"Feature","id":"1974194144011803280600000000","properties":{"id":"1974194144011803280600000000","pnu":"1221011900102970000"},"geometry":{"type":"MultiPolygon","coordinates":[[[[126.936504,35.122074],[126.936638,35.122061],[126.936627,35.121989],[126.936493,35.122002],[126.936504,35.122074]]]]}},{"type":"Feature","id":"1975193461791808940300000000","properties":{"id":"1975193461791808940300000000","pnu":"1221011900110060000"},"geometry":{"type":"MultiPolygon","coordinates":[[[[126.929137,35.127103],[126.929075,35.127074],[126.929018,35.127154],[126.929076,35.127185],[126.929137,35.127103]]]]}},{"type":"Feature","id":"1975193546511799337500000000","properties":{"id":"1975193546511799337500000000","pnu":"1221012600102070002"},"geometry":{"type":"MultiPolygon","coordinates":[[[[126.930038,35.118528],[126.93004,35.118464],[126.930052,35.118464],[126.930052,35.118427],[126.929984,35.118426],[126.929981,35.118522],[126.930038,35.118528]]]]}},{"type":"Feature","id":"1975193553901799376600000000","properties":{"id":"1975193553901799376600000000","pnu":"1221012600102070002"},"geometry":{"type":"MultiPolygon","coordinates":[[[[126.930099,35.118562],[126.930143,35.118534],[126.930088,35.118457],[126.930047,35.118479],[126.930099,35.118562]]]]}},{"type":"Feature","id":"1975193596421805641700000000","properties":{"id":"1975193596421805641700000000","pnu":"1221012600102900002"},"geometry":{"type":"MultiPolygon","coordinates":[[[[126.93063,35.124238],[126.930652,35.124185],[126.930539,35.124148],[126.930583,35.124058],[126.93054,35.124044],[126.930475,35.124184],[126.93063,35.124238]]]]}},{"type":"Feature","id":"1975193608591805710400000000","properties":{"id":"1975193608591805710400000000","pnu":"1221012600102900002"},"geometry":{"type":"MultiPolygon","coordinates":[[[[126.930728,35.124247],[126.930738,35.124207],[126.930651,35.124189],[126.930643,35.124231],[126.930728,35.124247]]]]}},{"type":"Feature","id":"1975193613011800764900000000","properties":{"id":"1975193613011800764900000000","pnu":"1221012600102540000"},"geometry":{"type":"MultiPolygon","coordinates":[[[[126.930741,35.11981],[126.930789,35.119791],[126.930748,35.119714],[126.930693,35.119731],[126.930741,35.11981]]]]}},{"type":"Feature","id":"1975193615751805920600000000","properties":{"id":"1975193615751805920600000000","pnu":"1221012600102880017"},"geometry":{"type":"MultiPolygon","coordinates":[[[[126.930773,35.124452],[126.930779,35.124372],[126.930759,35.12437],[126.930762,35.124452],[126.930773,35.124452]]]]}},{"type":"Feature","id":"1975193615851805851700000000","properties":{"id":"1975193615851805851700000000","pnu":"1221012600102880032"},"geometry":{"type":"MultiPolygon","coordinates":[[[[126.930789,35.124332],[126.930758,35.124326],[126.930753,35.124361],[126.930777,35.124367],[126.930789,35.124332]]]]}},{"type":"Feature","id":"1975193616881805255100000000","properties":{"id":"1975193616881805255100000000","pnu":"1221012600102870012"},"geometry":{"type":"MultiPolygon","coordinates":[[[[126.930806,35.123838],[126.930808,35.123765],[126.930787,35.123765],[126.930739,35.123829],[126.93074,35.123838],[126.930806,35.123838]]]]}},{"type":"Feature","id":"1975193622471805972000000000","properties":{"id":"1975193622471805972000000000","pnu":"1221012600102880017"},"geometry":{"type":"MultiPolygon","coordinates":[[[[126.930897,35.124499],[126.930914,35.124448],[126.930868,35.124434],[126.93087,35.12443],[126.930787,35.124409],[126.930772,35.124465],[126.930897,35.124499]]]]}},{"type":"Feature","id":"1975193622581805872000000000","properties":{"id":"1975193622581805872000000000","pnu":"1221012600102880032"},"geometry":{"type":"MultiPolygon","coordinates":[[[[126.930898,35.124394],[126.930909,35.12436],[126.930789,35.124334],[126.930778,35.124368],[126.930898,35.124394]]]]}},{"type":"Feature","id":"1975193625431805252800000000","properties":{"id":"1975193625431805252800000000","pnu":"1221012600102870012"},"geometry":{"type":"MultiPolygon","coordinates":[[[[126.930816,35.123839],[126.930934,35.123837],[126.930935,35.123773],[126.930815,35.123775],[126.930816,35.123839]]]]}},{"type":"Feature","id":"1975193673821801204100000000","properties":{"id":"1975193673821801204100000000","pnu":"1221012600102580002"},"geometry":{"type":"MultiPolygon","coordinates":[[[[126.931428,35.120218],[126.931468,35.120175],[126.931386,35.120098],[126.931349,35.120132],[126.931428,35.120218]]]]}},{"type":"Feature","id":"1975193674211809829400000000","properties":{"id":"1975193674211809829400000000","pnu":"1221011900105320078"},"geometry":{"type":"MultiPolygon","coordinates":[[[[126.931469,35.127884],[126.931396,35.12786],[126.931342,35.127985],[126.931387,35.127998],[126.931437,35.127974],[126.931469,35.127884]]]]}},{"type":"Feature","id":"1975193694291809313500000000","properties":{"id":"1975193694291809313500000000","pnu":"1221011900105320086"},"geometry":{"type":"MultiPolygon","coordinates":[[[[126.931643,35.127527],[126.931684,35.127426],[126.931613,35.127404],[126.93157,35.127511],[126.931643,35.127527]]]]}},{"type":"Feature","id":"1975193700861809772100000000","properties":{"id":"1975193700861809772100000000","pnu":"1221011900105320109"},"geometry":{"type":"MultiPolygon","coordinates":[[[[126.931745,35.127927],[126.931773,35.127862],[126.931718,35.127847],[126.931712,35.127859],[126.931639,35.127841],[126.931619,35.127886],[126.931745,35.127927]]]]}},{"type":"Feature","id":"1975193702711809685200000000","properties":{"id":"1975193702711809685200000000","pnu":"1221011900105320092"},"geometry":{"type":"MultiPolygon","coordinates":[[[[126.931789,35.12785],[126.931809,35.127792],[126.93165,35.127754],[126.931628,35.12781],[126.931789,35.12785]]]]}},{"type":"Feature","id":"1975193711351809482100000000","properties":{"id":"1975193711351809482100000000","pnu":"1221011900105320096"},"geometry":{"type":"MultiPolygon","coordinates":[[[[126.931891,35.1276],[126.931833,35.127583],[126.931827,35.127596],[126.931739,35.127571],[126.931734,35.127588],[126.931758,35.127637],[126.931863,35.127671],[126.931891,35.1276]]]]}},{"type":"Feature","id":"1975193714131809828000000000","properties":{"id":"1975193714131809828000000000","pnu":"1221011900105320110"},"geometry":{"type":"MultiPolygon","coordinates":[[[[126.931887,35.127973],[126.931915,35.127917],[126.931859,35.127898],[126.931855,35.127909],[126.931786,35.127895],[126.931772,35.127937],[126.931887,35.127973]]]]}},{"type":"Feature","id":"1975193716351809293100000000","properties":{"id":"1975193716351809293100000000","pnu":"1221011900105400017"},"geometry":{"type":"MultiPolygon","coordinates":[[[[126.931918,35.127498],[126.931944,35.127438],[126.931822,35.127398],[126.931795,35.12746],[126.931918,35.127498]]]]}},{"type":"Feature","id":"1975193726691809064400000000","properties":{"id":"1975193726691809064400000000","pnu":"1221011900105400020"},"geometry":{"type":"MultiPolygon","coordinates":[[[[126.932026,35.127292],[126.932056,35.127228],[126.932,35.127206],[126.931995,35.127211],[126.931935,35.127194],[126.93191,35.127258],[126.932026,35.127292]]]]}},{"type":"Feature","id":"1975193757171809861300000000","properties":{"id":"1975193757171809861300000000","pnu":"1221011900105320160"},"geometry":{"type":"MultiPolygon","coordinates":[[[[126.932358,35.128011],[126.932391,35.127936],[126.932351,35.127923],[126.932342,35.127934],[126.932271,35.127914],[126.932239,35.127978],[126.932358,35.128011]]]]}},{"type":"Feature","id":"1975193761901801235000000000","properties":{"id":"1975193761901801235000000000","pnu":"1221012600106360082"},"geometry":{"type":"MultiPolygon","coordinates":[[[[126.93243,35.120222],[126.932442,35.120168],[126.932319,35.120146],[126.932313,35.120207],[126.93243,35.120222]]]]}},{"type":"Feature","id":"1975193763601801160500000000","properties":{"id":"1975193763601801160500000000","pnu":"1221012600106360082"},"geometry":{"type":"MultiPolygon","coordinates":[[[[126.932446,35.120153],[126.932455,35.120104],[126.932358,35.120083],[126.932354,35.120096],[126.932339,35.120095],[126.932328,35.120132],[126.932446,35.120153]]]]}},{"type":"Feature","id":"1975193763661803234500000000","properties":{"id":"1975193763661803234500000000","pnu":"1221012600102780003"},"geometry":{"type":"MultiPolygon","coordinates":[[[[126.932466,35.12196],[126.932437,35.12193],[126.932319,35.12201],[126.932357,35.122045],[126.932466,35.12196]]]]}},{"type":"Feature","id":"1975193768471809697400000000","properties":{"id":"1975193768471809697400000000","pnu":"1221011900105320087"},"geometry":{"type":"MultiPolygon","coordinates":[[[[126.932478,35.127845],[126.932494,35.127808],[126.932404,35.127781],[126.932388,35.127819],[126.932478,35.127845]]]]}},{"type":"Feature","id":"1975193770811803320400000000","properties":{"id":"1975193770811803320400000000","pnu":"1221012600102780003"},"geometry":{"type":"MultiPolygon","coordinates":[[[[126.932508,35.122115],[126.932541,35.122068],[126.932436,35.122015],[126.932401,35.122064],[126.932508,35.122115]]]]}},{"type":"Feature","id":"1975193772601809597700000000","properties":{"id":"1975193772601809597700000000","pnu":"1221011900105320087"},"geometry":{"type":"MultiPolygon","coordinates":[[[[126.93247,35.127677],[126.932457,35.127704],[126.932468,35.127708],[126.932445,35.127757],[126.932496,35.127771],[126.93253,35.127694],[126.93247,35.127677]]]]}},{"type":"Feature","id":"1975193775931809719700000000","properties":{"id":"1975193775931809719700000000","pnu":"1221011900105320113"},"geometry":{"type":"MultiPolygon","coordinates":[[[[126.9325,35.127802],[126.932482,35.127846],[126.932545,35.127864],[126.932563,35.12782],[126.9325,35.127802]]]]}},{"type":"Feature","id":"1975193777741802483000000000","properties":{"id":"1975193777741802483000000000","pnu":"1221012600102730000"},"geometry":{"type":"MultiPolygon","coordinates":[[[[126.932478,35.121214],[126.932501,35.121383],[126.932613,35.121404],[126.932602,35.121245],[126.932478,35.121214]]]]}},{"type":"Feature","id":"1975193779721809644100000000","properties":{"id":"1975193779721809644100000000","pnu":"1221011900105320113"},"geometry":{"type":"MultiPolygon","coordinates":[[[[126.932578,35.127822],[126.93262,35.127728],[126.932553,35.127708],[126.932508,35.127802],[126.932578,35.127822]]]]}},{"type":"Feature","id":"1975193780311803188000000000","properties":{"id":"1975193780311803188000000000","pnu":"1221012600102750003"},"geometry":{"type":"MultiPolygon","coordinates":[[[[126.932595,35.12201],[126.932627,35.121957],[126.932619,35.121954],[126.932645,35.121909],[126.932574,35.121881],[126.932551,35.121921],[126.932534,35.121914],[126.9325,35.121971],[126.932595,35.12201]]]]}},{"type":"Feature","id":"1975193787781809682600000000","properties":{"id":"1975193787781809682600000000","pnu":"1221011900105320176"},"geometry":{"type":"MultiPolygon","coordinates":[[[[126.93266,35.127871],[126.932709,35.127753],[126.932634,35.127732],[126.93262,35.127764],[126.932634,35.127768],[126.932598,35.127853],[126.93266,35.127871]]]]}},{"type":"Feature","id":"1975193794071809754300000000","properties":{"id":"1975193794071809754300000000","pnu":"1221011900105320080"},"geometry":{"type":"MultiPolygon","coordinates":[[[[126.932756,35.127884],[126.932762,35.127866],[126.932688,35.127846],[126.93268,35.127863],[126.932756,35.127884]]]]}},{"type":"Feature","id":"1975193796431809690800000000","properties":{"id":"1975193796431809690800000000","pnu":"1221011900105320080"},"geometry":{"type":"MultiPolygon","coordinates":[[[[126.932801,35.127785],[126.932723,35.127761],[126.932694,35.127832],[126.932774,35.127853],[126.932801,35.127785]]]]}},{"type":"Feature","id":"1975193804361804202400000000","properties":{"id":"1975193804361804202400000000","pnu":"1221011900106500010"},"geometry":{"type":"MultiPolygon","coordinates":[[[[126.932873,35.122934],[126.932912,35.12281],[126.932807,35.122786],[126.932763,35.122911],[126.932873,35.122934]]]]}},{"type":"Feature","id":"1975193813061804778600000000","properties":{"id":"1975193813061804778600000000","pnu":"1221011900106500021"},"geometry":{"type":"MultiPolygon","coordinates":[[[[126.932987,35.123339],[126.932913,35.123319],[126.932896,35.123356],[126.932906,35.123363],[126.932884,35.123426],[126.93295,35.123443],[126.932987,35.123339]]]]}},{"type":"Feature","id":"1975193815901804647300000000","properties":{"id":"1975193815901804647300000000","pnu":"1221011900106500020"},"geometry":{"type":"MultiPolygon","coordinates":[[[[126.932989,35.123323],[126.933002,35.123286],[126.932991,35.123282],[126.933015,35.123216],[126.932948,35.123199],[126.932912,35.123302],[126.932989,35.123323]]]]}},{"type":"Feature","id":"1975193820781804501200000000","properties":{"id":"1975193820781804501200000000","pnu":"1221011900106500019"},"geometry":{"type":"MultiPolygon","coordinates":[[[[126.933043,35.123188],[126.933078,35.123091],[126.932997,35.123071],[126.932958,35.123168],[126.933043,35.123188]]]]}},{"type":"Feature","id":"1975193821931804647900000000","properties":{"id":"1975193821931804647900000000","pnu":"1221011900106500016"},"geometry":{"type":"MultiPolygon","coordinates":[[[[126.933031,35.123267],[126.933032,35.123267],[126.933033,35.123266],[126.933034,35.123266],[126.933035,35.123266],[126.933035,35.123265],[126.933036,35.123264],[126.933036,35.123264],[126.933037,35.123263],[126.933037,35.123262],[126.933037,35.123261],[126.933036,35.123261],[126.933036,35.12326],[126.933035,35.123259],[126.933035,35.123259],[126.933034,35.123258],[126.933033,35.123258],[126.933032,35.123258],[126.933031,35.123258],[126.93303,35.123258],[126.933029,35.123258],[126.933028,35.123258],[126.933028,35.123259],[126.933027,35.123259],[126.933026,35.12326],[126.933026,35.123261],[126.933026,35.123261],[126.933026,35.123262],[126.933026,35.123263],[126.933026,35.123264],[126.933026,35.123264],[126.933027,35.123265],[126.933028,35.123266],[126.933028,35.123266],[126.933029,35.123266],[126.93303,35.123267],[126.933031,35.123267]]]]}},{"type":"Feature","id":"1975193823021809898200000000","properties":{"id":"1975193823021809898200000000","pnu":"1221011900105320172"},"geometry":{"type":"MultiPolygon","coordinates":[[[[126.933066,35.128014],[126.933073,35.127991],[126.933013,35.127975],[126.933004,35.127997],[126.933066,35.128014]]]]}},{"type":"Feature","id":"1975193824261804397300000000","properties":{"id":"1975193824261804397300000000","pnu":"1221011900106500025"},"geometry":{"type":"MultiPolygon","coordinates":[[[[126.933098,35.123079],[126.933113,35.123022],[126.933068,35.123014],[126.933069,35.122999],[126.933017,35.12299],[126.933008,35.12306],[126.933098,35.123079]]]]}},{"type":"Feature","id":"1975193826021809818900000000","properties":{"id":"1975193826021809818900000000","pnu":"1221011900105320172"},"geometry":{"type":"MultiPolygon","coordinates":[[[[126.93309,35.127971],[126.933122,35.127895],[126.933057,35.127873],[126.933021,35.127952],[126.93309,35.127971]]]]}},{"type":"Feature","id":"1975193826311804718300000000","properties":{"id":"1975193826311804718300000000","pnu":"1221011900106500016"},"geometry":{"type":"MultiPolygon","coordinates":[[[[126.933152,35.123307],[126.933034,35.123278],[126.933009,35.123346],[126.933123,35.123372],[126.933152,35.123307]]]]}},{"type":"Feature","id":"1975193830441804670000000000","properties":{"id":"1975193830441804670000000000","pnu":"1221011900106500016"},"geometry":{"type":"MultiPolygon","coordinates":[[[[126.933125,35.123287],[126.933126,35.123286],[126.933126,35.123286],[126.933127,35.123286],[126.933128,35.123285],[126.933129,35.123285],[126.933129,35.123284],[126.93313,35.123284],[126.93313,35.123283],[126.93313,35.123282],[126.93313,35.123281],[126.93313,35.123281],[126.933129,35.12328],[126.933129,35.123279],[126.933128,35.123279],[126.933127,35.123278],[126.933126,35.123278],[126.933126,35.123278],[126.933125,35.123278],[126.933124,35.123278],[126.933123,35.123278],[126.933122,35.123278],[126.933121,35.123279],[126.93312,35.123279],[126.93312,35.12328],[126.933119,35.12328],[126.933119,35.123281],[126.933119,35.123282],[126.933119,35.123283],[126.933119,35.123284],[126.93312,35.123284],[126.93312,35.123285],[126.933121,35.123285],[126.933122,35.123286],[126.933123,35.123286],[126.933124,35.123286],[126.933125,35.123287]]]]}},{"type":"Feature","id":"1975193831291804192600000000","properties":{"id":"1975193831291804192600000000","pnu":"1221011900106450011"},"geometry":{"type":"MultiPolygon","coordinates":[[[[126.933193,35.12281],[126.933149,35.122802],[126.933101,35.122801],[126.93309,35.122823],[126.933108,35.122831],[126.933082,35.122899],[126.933146,35.122913],[126.933193,35.12281]]]]}},{"type":"Feature","id":"1975193835181804453700000000","properties":{"id":"1975193835181804453700000000","pnu":"1221011900106450009"},"geometry":{"type":"MultiPolygon","coordinates":[[[[126.93324,35.123069],[126.93314,35.12304],[126.933113,35.123106],[126.933214,35.123134],[126.93324,35.123069]]]]}},{"type":"Feature","id":"1975193842841804022300000000","properties":{"id":"1975193842841804022300000000","pnu":"1221011900106450014"},"geometry":{"type":"MultiPolygon","coordinates":[[[[126.933261,35.122703],[126.933262,35.122703],[126.933263,35.122703],[126.933264,35.122702],[126.933265,35.122702],[126.933265,35.122701],[126.933266,35.122701],[126.933266,35.1227],[126.933266,35.122699],[126.933266,35.122698],[126.933266,35.122698],[126.933266,35.122697],[126.933266,35.122696],[126.933265,35.122695],[126.933265,35.122695],[126.933264,35.122694],[126.933263,35.122694],[126.933262,35.122694],[126.933261,35.122694],[126.93326,35.122694],[126.933259,35.122694],[126.933258,35.122694],[126.933257,35.122695],[126.933257,35.122695],[126.933256,35.122696],[126.933256,35.122697],[126.933256,35.122698],[126.933255,35.122698],[126.933256,35.122699],[126.933256,35.1227],[126.933256,35.122701],[126.933257,35.122701],[126.933257,35.122702],[126.933258,35.122702],[126.933259,35.122703],[126.93326,35.122703],[126.933261,35.122703]]]]}},{"type":"Feature","id":"1975193843261804183600000000","properties":{"id":"1975193843261804183600000000","pnu":"1221011900106450013"},"geometry":{"type":"MultiPolygon","coordinates":[[[[126.933308,35.122887],[126.933327,35.122826],[126.933224,35.122801],[126.933202,35.122861],[126.933308,35.122887]]]]}},{"type":"Feature","id":"1975193844781804827400000000","properties":{"id":"1975193844781804827400000000","pnu":"1221011900106460016"},"geometry":{"type":"MultiPolygon","coordinates":[[[[126.933306,35.123494],[126.933343,35.123387],[126.933228,35.123361],[126.933214,35.123395],[126.933261,35.123406],[126.933236,35.123478],[126.933306,35.123494]]]]}},{"type":"Feature","id":"1975193845591804084100000000","properties":{"id":"1975193845591804084100000000","pnu":"1221011900106450014"},"geometry":{"type":"MultiPolygon","coordinates":[[[[126.933339,35.122801],[126.933359,35.122743],[126.933298,35.122727],[126.9333,35.12272],[126.933249,35.122706],[126.933223,35.122767],[126.933339,35.122801]]]]}},{"type":"Feature","id":"1975193849991804701800000000","properties":{"id":"1975193849991804701800000000","pnu":"1221011900106460015"},"geometry":{"type":"MultiPolygon","coordinates":[[[[126.933403,35.123291],[126.933338,35.123277],[126.933334,35.123285],[126.933289,35.123275],[126.933271,35.123325],[126.933382,35.123352],[126.933403,35.123291]]]]}},{"type":"Feature","id":"1975193851481804802600000000","properties":{"id":"1975193851481804802600000000","pnu":"1221011900106460008"},"geometry":{"type":"MultiPolygon","coordinates":[[[[126.933355,35.123406],[126.933356,35.123406],[126.933357,35.123406],[126.933358,35.123406],[126.933359,35.123405],[126.933359,35.123405],[126.93336,35.123404],[126.93336,35.123403],[126.933361,35.123403],[126.933361,35.123402],[126.933361,35.123401],[126.93336,35.1234],[126.93336,35.123399],[126.933359,35.123399],[126.933359,35.123398],[126.933358,35.123398],[126.933357,35.123397],[126.933356,35.123397],[126.933355,35.123397],[126.933354,35.123397],[126.933353,35.123397],[126.933352,35.123398],[126.933352,35.123398],[126.933351,35.123399],[126.93335,35.123399],[126.93335,35.1234],[126.93335,35.123401],[126.93335,35.123402],[126.93335,35.123402],[126.93335,35.123403],[126.93335,35.123404],[126.933351,35.123405],[126.933352,35.123405],[126.933352,35.123406],[126.933353,35.123406],[126.933354,35.123406],[126.933355,35.123406]]]]}},{"type":"Feature","id":"1975193853841804575600000000","properties":{"id":"1975193853841804575600000000","pnu":"1221011900106450004"},"geometry":{"type":"MultiPolygon","coordinates":[[[[126.933449,35.123184],[126.933336,35.123155],[126.933314,35.12321],[126.933426,35.12324],[126.933449,35.123184]]]]}},{"type":"Feature","id":"1975193856811804856700000000","properties":{"id":"1975193856811804856700000000","pnu":"1221011900106460008"},"geometry":{"type":"MultiPolygon","coordinates":[[[[126.933362,35.123483],[126.933475,35.123461],[126.933466,35.123418],[126.933353,35.12344],[126.933362,35.123483]]]]}},{"type":"Feature","id":"1975193857121804479300000000","properties":{"id":"1975193857121804479300000000","pnu":"1221011900106450006"},"geometry":{"type":"MultiPolygon","coordinates":[[[[126.933462,35.123154],[126.93348,35.123082],[126.933444,35.123074],[126.933442,35.123082],[126.933368,35.123071],[126.933352,35.123132],[126.933462,35.123154]]]]}},{"type":"Feature","id":"1975193862891804739500000000","properties":{"id":"1975193862891804739500000000","pnu":"1221011900106460012"},"geometry":{"type":"MultiPolygon","coordinates":[[[[126.93353,35.123392],[126.933553,35.123335],[126.933494,35.123317],[126.933494,35.123311],[126.933434,35.123298],[126.933409,35.123359],[126.93353,35.123392]]]]}},{"type":"Feature","id":"1975193864811804251300000000","properties":{"id":"1975193864811804251300000000","pnu":"1221011900106440014"},"geometry":{"type":"MultiPolygon","coordinates":[[[[126.933543,35.122945],[126.933564,35.122889],[126.933461,35.122865],[126.93344,35.122921],[126.933543,35.122945]]]]}},{"type":"Feature","id":"1975193867261804155000000000","properties":{"id":"1975193867261804155000000000","pnu":"1221011900106440016"},"geometry":{"type":"MultiPolygon","coordinates":[[[[126.933583,35.122856],[126.933595,35.122803],[126.933511,35.122784],[126.933509,35.122793],[126.93347,35.122786],[126.933457,35.12283],[126.933583,35.122856]]]]}},{"type":"Feature","id":"1975193869491804518100000000","properties":{"id":"1975193869491804518100000000","pnu":"1221011900106440011"},"geometry":{"type":"MultiPolygon","coordinates":[[[[126.9336,35.123195],[126.933621,35.123138],[126.933567,35.123118],[126.93357,35.123108],[126.933513,35.123091],[126.933488,35.123164],[126.9336,35.123195]]]]}},{"type":"Feature","id":"1975193870601804357900000000","properties":{"id":"1975193870601804357900000000","pnu":"1221011900106440012"},"geometry":{"type":"MultiPolygon","coordinates":[[[[126.933565,35.123005],[126.933566,35.123005],[126.933567,35.123005],[126.933568,35.123005],[126.933569,35.123004],[126.933569,35.123004],[126.93357,35.123003],[126.93357,35.123003],[126.933571,35.123002],[126.933571,35.123001],[126.933571,35.123],[126.93357,35.122999],[126.93357,35.122999],[126.933569,35.122998],[126.933569,35.122998],[126.933568,35.122997],[126.933567,35.122997],[126.933566,35.122997],[126.933565,35.122996],[126.933564,35.122997],[126.933563,35.122997],[126.933563,35.122997],[126.933562,35.122998],[126.933561,35.122998],[126.933561,35.122999],[126.93356,35.122999],[126.93356,35.123],[126.93356,35.123001],[126.93356,35.123002],[126.93356,35.123003],[126.933561,35.123003],[126.933561,35.123004],[126.933562,35.123004],[126.933563,35.123005],[126.933563,35.123005],[126.933564,35.123005],[126.933565,35.123005]]]]}},{"type":"Feature","id":"1975193871401804425800000000","properties":{"id":"1975193871401804425800000000","pnu":"1221011900106440012"},"geometry":{"type":"MultiPolygon","coordinates":[[[[126.933623,35.123113],[126.933649,35.123053],[126.933572,35.12303],[126.933577,35.123019],[126.933533,35.123006],[126.933502,35.123078],[126.933623,35.123113]]]]}},{"type":"Feature","id":"1975193872581803279200000000","properties":{"id":"1975193872581803279200000000","pnu":"1221011900106760007"},"geometry":{"type":"MultiPolygon","coordinates":[[[[126.933565,35.122078],[126.933629,35.122056],[126.933612,35.122016],[126.933645,35.121999],[126.933637,35.121982],[126.933533,35.122011],[126.933565,35.122078]]]]}},{"type":"Feature","id":"1975193873261804286500000000","properties":{"id":"1975193873261804286500000000","pnu":"1221011900106440015"},"geometry":{"type":"MultiPolygon","coordinates":[[[[126.933617,35.122988],[126.933635,35.122938],[126.933615,35.122926],[126.933615,35.122905],[126.933613,35.122881],[126.933588,35.122874],[126.93355,35.122966],[126.933617,35.122988]]]]}},{"type":"Feature","id":"1975193873791803348800000000","properties":{"id":"1975193873791803348800000000","pnu":"1221011900106760007"},"geometry":{"type":"MultiPolygon","coordinates":[[[[126.933602,35.122123],[126.933623,35.122067],[126.933579,35.122084],[126.933602,35.122123]]]]}},{"type":"Feature","id":"1975193878481804462100000000","properties":{"id":"1975193878481804462100000000","pnu":"1221011900106440012"},"geometry":{"type":"MultiPolygon","coordinates":[[[[126.933652,35.1231],[126.933653,35.123099],[126.933654,35.123099],[126.933654,35.123099],[126.933655,35.123098],[126.933656,35.123098],[126.933656,35.123097],[126.933657,35.123097],[126.933657,35.123096],[126.933657,35.123095],[126.933657,35.123094],[126.933657,35.123093],[126.933656,35.123093],[126.933656,35.123092],[126.933655,35.123092],[126.933654,35.123091],[126.933654,35.123091],[126.933653,35.123091],[126.933652,35.12309],[126.933651,35.123091],[126.93365,35.123091],[126.933649,35.123091],[126.933648,35.123092],[126.933647,35.123092],[126.933647,35.123093],[126.933647,35.123093],[126.933646,35.123094],[126.933646,35.123095],[126.933646,35.123096],[126.933647,35.123097],[126.933647,35.123097],[126.933647,35.123098],[126.933648,35.123098],[126.933649,35.123099],[126.93365,35.123099],[126.933651,35.123099],[126.933652,35.1231]]]]}},{"type":"Feature","id":"1975193879941804370700000000","properties":{"id":"1975193879941804370700000000","pnu":"1221011900106440015"},"geometry":{"type":"MultiPolygon","coordinates":[[[[126.933668,35.123017],[126.933669,35.123017],[126.93367,35.123017],[126.933671,35.123016],[126.933671,35.123016],[126.933672,35.123015],[126.933673,35.123015],[126.933673,35.123014],[126.933673,35.123013],[126.933673,35.123013],[126.933673,35.123012],[126.933673,35.123011],[126.933673,35.12301],[126.933672,35.12301],[126.933671,35.123009],[126.933671,35.123009],[126.93367,35.123008],[126.933669,35.123008],[126.933668,35.123008],[126.933667,35.123008],[126.933666,35.123008],[126.933665,35.123009],[126.933664,35.123009],[126.933664,35.12301],[126.933663,35.12301],[126.933663,35.123011],[126.933662,35.123012],[126.933662,35.123013],[126.933662,35.123013],[126.933663,35.123014],[126.933663,35.123015],[126.933664,35.123015],[126.933664,35.123016],[126.933665,35.123016],[126.933666,35.123017],[126.933667,35.123017],[126.933668,35.123017]]]]}},{"type":"Feature","id":"1975193882351804693500000000","properties":{"id":"1975193882351804693500000000","pnu":"1221011900106440003"},"geometry":{"type":"MultiPolygon","coordinates":[[[[126.933741,35.123352],[126.93376,35.123283],[126.933646,35.123258],[126.933625,35.123322],[126.933714,35.123341],[126.933713,35.123348],[126.933741,35.123352]]]]}},{"type":"Feature","id":"1975193886371804647100000000","properties":{"id":"1975193886371804647100000000","pnu":"1221011900106440003"},"geometry":{"type":"MultiPolygon","coordinates":[[[[126.933738,35.123266],[126.933739,35.123266],[126.93374,35.123266],[126.933741,35.123266],[126.933742,35.123265],[126.933742,35.123265],[126.933743,35.123264],[126.933743,35.123263],[126.933743,35.123263],[126.933744,35.123262],[126.933743,35.123261],[126.933743,35.12326],[126.933743,35.12326],[126.933742,35.123259],[126.933742,35.123258],[126.933741,35.123258],[126.93374,35.123258],[126.933739,35.123257],[126.933738,35.123257],[126.933737,35.123257],[126.933736,35.123258],[126.933735,35.123258],[126.933735,35.123258],[126.933734,35.123259],[126.933733,35.12326],[126.933733,35.12326],[126.933733,35.123261],[126.933733,35.123262],[126.933733,35.123263],[126.933733,35.123263],[126.933733,35.123264],[126.933734,35.123265],[126.933735,35.123265],[126.933735,35.123266],[126.933736,35.123266],[126.933737,35.123266],[126.933738,35.123266]]]]}},{"type":"Feature","id":"1975193890601803197000000000","properties":{"id":"1975193890601803197000000000","pnu":"1221011900106760003"},"geometry":{"type":"MultiPolygon","coordinates":[[[[126.933749,35.121989],[126.933763,35.121993],[126.933827,35.121972],[126.933803,35.121917],[126.933768,35.121916],[126.933749,35.121989]]]]}},{"type":"Feature","id":"1975193892761803296200000000","properties":{"id":"1975193892761803296200000000","pnu":"1221011900106760003"},"geometry":{"type":"MultiPolygon","coordinates":[[[[126.933786,35.12208],[126.933857,35.122049],[126.93383,35.122009],[126.933763,35.122038],[126.933786,35.12208]]]]}},{"type":"Feature","id":"1975193905811809896000000000","properties":{"id":"1975193905811809896000000000","pnu":"1221011900105520005"},"geometry":{"type":"MultiPolygon","coordinates":[[[[126.93391,35.128033],[126.933995,35.128029],[126.933981,35.127951],[126.933903,35.127957],[126.93391,35.128033]]]]}},{"type":"Feature","id":"1975193931221803575400000000","properties":{"id":"1975193931221803575400000000","pnu":"1221011900106780014"},"geometry":{"type":"MultiPolygon","coordinates":[[[[126.934195,35.122342],[126.934297,35.122302],[126.934271,35.122252],[126.934164,35.122286],[126.934195,35.122342]]]]}},{"type":"Feature","id":"1975193936111803677300000000","properties":{"id":"1975193936111803677300000000","pnu":"1221011900106780007"},"geometry":{"type":"MultiPolygon","coordinates":[[[[126.934248,35.122433],[126.934342,35.122397],[126.934316,35.122343],[126.934273,35.122355],[126.934278,35.122364],[126.934226,35.122383],[126.934248,35.122433]]]]}},{"type":"Feature","id":"1975193947631803605800000000","properties":{"id":"1975193947631803605800000000","pnu":"1221011900106780010"},"geometry":{"type":"MultiPolygon","coordinates":[[[[126.934379,35.122369],[126.934473,35.122332],[126.934442,35.122279],[126.934351,35.122312],[126.934379,35.122369]]]]}},{"type":"Feature","id":"1975193949651803392300000000","properties":{"id":"1975193949651803392300000000","pnu":"1221011900106780017"},"geometry":{"type":"MultiPolygon","coordinates":[[[[126.934396,35.122172],[126.934492,35.122137],[126.93447,35.12209],[126.934375,35.122126],[126.934396,35.122172]]]]}},{"type":"Feature","id":"1975193951581803689400000000","properties":{"id":"1975193951581803689400000000","pnu":"1221011900106780009"},"geometry":{"type":"MultiPolygon","coordinates":[[[[126.934422,35.122442],[126.934515,35.122407],[126.934485,35.122357],[126.934396,35.122388],[126.934422,35.122442]]]]}},{"type":"Feature","id":"1975193952931803476700000000","properties":{"id":"1975193952931803476700000000","pnu":"1221011900106780016"},"geometry":{"type":"MultiPolygon","coordinates":[[[[126.934437,35.122244],[126.934525,35.122211],[126.934502,35.122171],[126.934414,35.122202],[126.934437,35.122244]]]]}},{"type":"Feature","id":"1975194008711805188600000000","properties":{"id":"1975194008711805188600000000","pnu":"1221011900106350005"},"geometry":{"type":"MultiPolygon","coordinates":[[[[126.935025,35.12379],[126.935141,35.123777],[126.935128,35.123706],[126.935087,35.12371],[126.935087,35.123719],[126.935016,35.123731],[126.935025,35.12379]]]]}},{"type":"Feature","id":"1975194031161802324700000000","properties":{"id":"1975194031161802324700000000","pnu":"1221011900102280000"},"geometry":{"type":"MultiPolygon","coordinates":[[[[126.935271,35.121198],[126.935382,35.121201],[126.935387,35.121144],[126.935277,35.121134],[126.935271,35.121198]]]]}},{"type":"Feature","id":"1975194035531802184900000000","properties":{"id":"1975194035531802184900000000","pnu":"1221011900102280000"},"geometry":{"type":"MultiPolygon","coordinates":[[[[126.935343,35.121022],[126.935342,35.121061],[126.93541,35.121062],[126.935414,35.121028],[126.935343,35.121022]]]]}},{"type":"Feature","id":"1975194043421801640900000000","properties":{"id":"1975194043421801640900000000","pnu":"1221011900102390003"},"geometry":{"type":"MultiPolygon","coordinates":[[[[126.935364,35.120597],[126.935477,35.12059],[126.935484,35.120615],[126.93553,35.120615],[126.935555,35.120555],[126.935561,35.120498],[126.935358,35.120517],[126.935364,35.120597]]]]}},{"type":"Feature","id":"1975194055541803098800000000","properties":{"id":"1975194055541803098800000000","pnu":"1221011900102130000"},"geometry":{"type":"MultiPolygon","coordinates":[[[[126.935568,35.121886],[126.935605,35.121896],[126.935624,35.121848],[126.935583,35.121839],[126.935568,35.121886]]]]}},{"type":"Feature","id":"1975194055851803021900000000","properties":{"id":"1975194055851803021900000000","pnu":"1221011900102130000"},"geometry":{"type":"MultiPolygon","coordinates":[[[[126.935539,35.121809],[126.935637,35.121835],[126.935658,35.121785],[126.935557,35.121763],[126.935539,35.121809]]]]}},{"type":"Feature","id":"1975194076761801700300000000","properties":{"id":"1975194076761801700300000000","pnu":"1221011900102490000"},"geometry":{"type":"MultiPolygon","coordinates":[[[[126.935775,35.120661],[126.935822,35.120678],[126.935888,35.120557],[126.935827,35.12054],[126.935775,35.120661]]]]}},{"type":"Feature","id":"1975194131621807073100000000","properties":{"id":"1975194131621807073100000000","pnu":"1221011900104960010"},"geometry":{"type":"MultiPolygon","coordinates":[[[[126.936411,35.12549],[126.936466,35.12547],[126.936434,35.125409],[126.936394,35.125426],[126.936411,35.12549]]]]}},{"type":"Feature","id":"1975194134381807168400000000","properties":{"id":"1975194134381807168400000000","pnu":"1221011900104960010"},"geometry":{"type":"MultiPolygon","coordinates":[[[[126.936413,35.125508],[126.936425,35.125543],[126.936412,35.125551],[126.936428,35.125582],[126.936511,35.125559],[126.936474,35.125485],[126.936413,35.125508]]]]}},{"type":"Feature","id":"1976193460931809859600000000","properties":{"id":"1976193460931809859600000000","pnu":"1221012400103960001"},"geometry":{"type":"MultiPolygon","coordinates":[[[[126.929107,35.127925],[126.929071,35.127912],[126.929026,35.127988],[126.929063,35.128004],[126.929107,35.127925]]]]}},{"type":"Feature","id":"1976193475321809749000000000","properties":{"id":"1976193475321809749000000000","pnu":"1221011900110910000"},"geometry":{"type":"MultiPolygon","coordinates":[[[[126.929225,35.127862],[126.929225,35.127862],[126.929226,35.127862],[126.929227,35.127862],[126.929228,35.127861],[126.929229,35.127861],[126.929229,35.12786],[126.92923,35.127859],[126.92923,35.127859],[126.92923,35.127858],[126.92923,35.127857],[126.92923,35.127856],[126.929229,35.127856],[126.929229,35.127855],[126.929228,35.127854],[126.929227,35.127854],[126.929226,35.127854],[126.929225,35.127853],[126.929225,35.127853],[126.929224,35.127853],[126.929223,35.127854],[126.929222,35.127854],[126.929221,35.127854],[126.92922,35.127855],[126.92922,35.127856],[126.929219,35.127856],[126.929219,35.127857],[126.929219,35.127858],[126.929219,35.127859],[126.929219,35.127859],[126.92922,35.12786],[126.92922,35.127861],[126.929221,35.127861],[126.929222,35.127862],[126.929223,35.127862],[126.929224,35.127862],[126.929225,35.127862]]]]}},{"type":"Feature","id":"1976193494741809265500000000","properties":{"id":"1976193494741809265500000000","pnu":"1221011900110880000"},"geometry":{"type":"MultiPolygon","coordinates":[[[[126.929438,35.127427],[126.929439,35.127427],[126.92944,35.127426],[126.929441,35.127426],[126.929442,35.127426],[126.929442,35.127425],[126.929443,35.127424],[126.929443,35.127424],[126.929443,35.127423],[126.929443,35.127422],[126.929443,35.127421],[126.929443,35.127421],[126.929443,35.12742],[126.929442,35.127419],[126.929442,35.127419],[126.929441,35.127418],[126.92944,35.127418],[126.929439,35.127418],[126.929438,35.127418],[126.929437,35.127418],[126.929436,35.127418],[126.929435,35.127418],[126.929434,35.127419],[126.929434,35.127419],[126.929433,35.12742],[126.929433,35.127421],[126.929433,35.127421],[126.929433,35.127422],[126.929433,35.127423],[126.929433,35.127424],[126.929433,35.127424],[126.929434,35.127425],[126.929434,35.127426],[126.929435,35.127426],[126.929436,35.127426],[126.929437,35.127427],[126.929438,35.127427]]]]}},{"type":"Feature","id":"1976193539151799927300000000","properties":{"id":"1976193539151799927300000000","pnu":"1221012600102130001"},"geometry":{"type":"MultiPolygon","coordinates":[[[[126.929985,35.118982],[126.929912,35.118956],[126.929882,35.119031],[126.929952,35.119053],[126.929985,35.118982]]]]}},{"type":"Feature","id":"1976193551441799048600000000","properties":{"id":"1976193551441799048600000000","pnu":"1221012600101920000"},"geometry":{"type":"MultiPolygon","coordinates":[[[[126.930125,35.118219],[126.930117,35.11819],[126.930012,35.118208],[126.930019,35.118237],[126.930125,35.118219]]]]}},{"type":"Feature","id":"1976193560091799188300000000","properties":{"id":"1976193560091799188300000000","pnu":"1221012600101920000"},"geometry":{"type":"MultiPolygon","coordinates":[[[[126.930131,35.118392],[126.930231,35.118322],[126.930195,35.118287],[126.930094,35.118357],[126.930131,35.118392]]]]}},{"type":"Feature","id":"1976193580031799700600000000","properties":{"id":"1976193580031799700600000000","pnu":"1221012600102000000"},"geometry":{"type":"MultiPolygon","coordinates":[[[[126.930421,35.118858],[126.930457,35.118783],[126.930343,35.118745],[126.930305,35.118818],[126.930421,35.118858]]]]}},{"type":"Feature","id":"1976193591151799616600000000","properties":{"id":"1976193591151799616600000000","pnu":"1221012600102000000"},"geometry":{"type":"MultiPolygon","coordinates":[[[[126.9305,35.118761],[126.930536,35.118725],[126.930491,35.118695],[126.930472,35.118715],[126.930503,35.118736],[126.930487,35.118752],[126.9305,35.118761]]]]}},{"type":"Feature","id":"1976193678171801106800000000","properties":{"id":"1976193678171801106800000000","pnu":"1221012600102590004"},"geometry":{"type":"MultiPolygon","coordinates":[[[[126.93149,35.120109],[126.931511,35.120059],[126.931424,35.12003],[126.931402,35.120079],[126.93149,35.120109]]]]}},{"type":"Feature","id":"1976193690051805419500000000","properties":{"id":"1976193690051805419500000000","pnu":"1221012600102850001"},"geometry":{"type":"MultiPolygon","coordinates":[[[[126.931524,35.123993],[126.931646,35.123993],[126.931648,35.123926],[126.931584,35.123925],[126.931584,35.123915],[126.931526,35.123916],[126.931524,35.123993]]]]}},{"type":"Feature","id":"1976193705061809032100000000","properties":{"id":"1976193705061809032100000000","pnu":"1221011900105400023"},"geometry":{"type":"MultiPolygon","coordinates":[[[[126.931791,35.127175],[126.931736,35.127161],[126.931699,35.127248],[126.931756,35.127264],[126.931778,35.127224],[126.931772,35.127221],[126.931791,35.127175]]]]}},{"type":"Feature","id":"1976193727341807903800000000","properties":{"id":"1976193727341807903800000000","pnu":"1221011900106020007"},"geometry":{"type":"MultiPolygon","coordinates":[[[[126.932047,35.126179],[126.931994,35.126152],[126.931937,35.126206],[126.931986,35.126245],[126.932047,35.126179]]]]}},{"type":"Feature","id":"1976193728511809446900000000","properties":{"id":"1976193728511809446900000000","pnu":"1221011900105320098"},"geometry":{"type":"MultiPolygon","coordinates":[[[[126.93208,35.12757],[126.932041,35.12756],[126.932036,35.127567],[126.931944,35.127545],[126.931923,35.127596],[126.932052,35.127633],[126.93208,35.12757]]]]}},{"type":"Feature","id":"1976193728881808961900000000","properties":{"id":"1976193728881808961900000000","pnu":"1221011900105400021"},"geometry":{"type":"MultiPolygon","coordinates":[[[[126.932088,35.127125],[126.932049,35.127115],[126.932045,35.127124],[126.931954,35.127099],[126.931925,35.127166],[126.932054,35.127204],[126.932088,35.127125]]]]}},{"type":"Feature","id":"1976193734721807974000000000","properties":{"id":"1976193734721807974000000000","pnu":"1221011900106020014"},"geometry":{"type":"MultiPolygon","coordinates":[[[[126.932088,35.126301],[126.932117,35.126267],[126.932092,35.12625],[126.932099,35.12624],[126.932062,35.126217],[126.932026,35.126263],[126.932088,35.126301]]]]}},{"type":"Feature","id":"1976193741791809497300000000","properties":{"id":"1976193741791809497300000000","pnu":"1221011900105320099"},"geometry":{"type":"MultiPolygon","coordinates":[[[[126.932209,35.127682],[126.93223,35.12763],[126.932142,35.127603],[126.932144,35.127591],[126.9321,35.127577],[126.93207,35.127642],[126.932209,35.127682]]]]}},{"type":"Feature","id":"1976193742531809016000000000","properties":{"id":"1976193742531809016000000000","pnu":"1221011900105400013"},"geometry":{"type":"MultiPolygon","coordinates":[[[[126.932204,35.127251],[126.932231,35.127181],[126.93211,35.127148],[126.932081,35.127215],[126.932204,35.127251]]]]}},{"type":"Feature","id":"1976193743131808939900000000","properties":{"id":"1976193743131808939900000000","pnu":"1221011900105400013"},"geometry":{"type":"MultiPolygon","coordinates":[[[[126.932163,35.127135],[126.932164,35.127135],[126.932165,35.127134],[126.932166,35.127134],[126.932167,35.127134],[126.932168,35.127133],[126.932168,35.127132],[126.932169,35.127132],[126.932169,35.127131],[126.932169,35.12713],[126.932169,35.127129],[126.932169,35.127129],[126.932168,35.127128],[126.932168,35.127127],[126.932167,35.127127],[126.932166,35.127126],[126.932165,35.127126],[126.932164,35.127126],[126.932163,35.127126],[126.932162,35.127126],[126.932162,35.127126],[126.932161,35.127126],[126.93216,35.127127],[126.932159,35.127127],[126.932159,35.127128],[126.932158,35.127129],[126.932158,35.127129],[126.932158,35.12713],[126.932158,35.127131],[126.932158,35.127132],[126.932159,35.127132],[126.932159,35.127133],[126.93216,35.127134],[126.932161,35.127134],[126.932162,35.127134],[126.932162,35.127135],[126.932163,35.127135]]]]}},{"type":"Feature","id":"1976193749341809461200000000","properties":{"id":"1976193749341809461200000000","pnu":"1221011900105320099"},"geometry":{"type":"MultiPolygon","coordinates":[[[[126.932214,35.127604],[126.93224,35.127613],[126.932248,35.127595],[126.932223,35.127587],[126.932214,35.127604]]]]}},{"type":"Feature","id":"1976193784861809533200000000","properties":{"id":"1976193784861809533200000000","pnu":"1221011900105400045"},"geometry":{"type":"MultiPolygon","coordinates":[[[[126.9327,35.127656],[126.932626,35.127632],[126.932626,35.127627],[126.932568,35.127611],[126.932545,35.127682],[126.932677,35.127716],[126.9327,35.127656]]]]}},{"type":"Feature","id":"1976193805261809384400000000","properties":{"id":"1976193805261809384400000000","pnu":"1221011900105400040"},"geometry":{"type":"MultiPolygon","coordinates":[[[[126.932894,35.127577],[126.932916,35.127527],[126.932854,35.127511],[126.932859,35.127498],[126.932805,35.127481],[126.932777,35.127542],[126.932894,35.127577]]]]}},{"type":"Feature","id":"1976193811441809194000000000","properties":{"id":"1976193811441809194000000000","pnu":"1221011900105400058"},"geometry":{"type":"MultiPolygon","coordinates":[[[[126.932959,35.127401],[126.93298,35.127368],[126.932871,35.127317],[126.932846,35.127355],[126.932959,35.127401]]]]}},{"type":"Feature","id":"1976193814631809847000000000","properties":{"id":"1976193814631809847000000000","pnu":"1221011900105320170"},"geometry":{"type":"MultiPolygon","coordinates":[[[[126.932988,35.127987],[126.933009,35.127939],[126.932897,35.127909],[126.93289,35.127931],[126.932905,35.127965],[126.932988,35.127987]]]]}},{"type":"Feature","id":"1976193816731809771700000000","properties":{"id":"1976193816731809771700000000","pnu":"1221011900105320171"},"geometry":{"type":"MultiPolygon","coordinates":[[[[126.93301,35.127922],[126.933034,35.12787],[126.932983,35.127854],[126.932981,35.127857],[126.93293,35.127838],[126.932906,35.127889],[126.93301,35.127922]]]]}},{"type":"Feature","id":"1976193818641809676600000000","properties":{"id":"1976193818641809676600000000","pnu":"1221011900105400001"},"geometry":{"type":"MultiPolygon","coordinates":[[[[126.933025,35.127838],[126.933053,35.127776],[126.932957,35.127752],[126.932931,35.127815],[126.933025,35.127838]]]]}},{"type":"Feature","id":"1976193830201809717600000000","properties":{"id":"1976193830201809717600000000","pnu":"1221011900105400033"},"geometry":{"type":"MultiPolygon","coordinates":[[[[126.933162,35.127878],[126.933187,35.127814],[126.933075,35.127785],[126.93305,35.127851],[126.933162,35.127878]]]]}},{"type":"Feature","id":"1976193833361809613800000000","properties":{"id":"1976193833361809613800000000","pnu":"1221011900105400032"},"geometry":{"type":"MultiPolygon","coordinates":[[[[126.933193,35.127785],[126.933219,35.127722],[126.933115,35.12769],[126.933086,35.127756],[126.933193,35.127785]]]]}},{"type":"Feature","id":"1976193836361805152800000000","properties":{"id":"1976193836361805152800000000","pnu":"1221011900106480004"},"geometry":{"type":"MultiPolygon","coordinates":[[[[126.933237,35.123745],[126.933199,35.123676],[126.933145,35.123694],[126.933161,35.123744],[126.933226,35.123751],[126.933237,35.123745]]]]}},{"type":"Feature","id":"1976193843871809768500000000","properties":{"id":"1976193843871809768500000000","pnu":"1221011900105400037"},"geometry":{"type":"MultiPolygon","coordinates":[[[[126.933323,35.127928],[126.933338,35.127886],[126.933319,35.127878],[126.93332,35.127863],[126.933279,35.127846],[126.933283,35.127835],[126.933232,35.127819],[126.9332,35.127898],[126.933323,35.127928]]]]}},{"type":"Feature","id":"1976193845171805118200000000","properties":{"id":"1976193845171805118200000000","pnu":"1221011900106480004"},"geometry":{"type":"MultiPolygon","coordinates":[[[[126.933254,35.123722],[126.933338,35.123688],[126.933319,35.123652],[126.933235,35.123681],[126.933254,35.123722]]]]}},{"type":"Feature","id":"1976193857331803028900000000","properties":{"id":"1976193857331803028900000000","pnu":"1221011900106750005"},"geometry":{"type":"MultiPolygon","coordinates":[[[[126.933433,35.121848],[126.933479,35.12181],[126.933438,35.121776],[126.933426,35.121785],[126.933394,35.121762],[126.933361,35.121787],[126.933433,35.121848]]]]}},{"type":"Feature","id":"1976193866991804918800000000","properties":{"id":"1976193866991804918800000000","pnu":"1221011900106460017"},"geometry":{"type":"MultiPolygon","coordinates":[[[[126.933482,35.12355],[126.93359,35.12352],[126.933568,35.123464],[126.933462,35.123491],[126.933482,35.12355]]]]}},{"type":"Feature","id":"1976193870691805001700000000","properties":{"id":"1976193870691805001700000000","pnu":"1221011900106460009"},"geometry":{"type":"MultiPolygon","coordinates":[[[[126.93352,35.123622],[126.933628,35.123592],[126.933607,35.123539],[126.933543,35.123557],[126.933544,35.123562],[126.933502,35.123577],[126.93352,35.123622]]]]}},{"type":"Feature","id":"1976193879101804930300000000","properties":{"id":"1976193879101804930300000000","pnu":"1221011900106440001"},"geometry":{"type":"MultiPolygon","coordinates":[[[[126.933655,35.123593],[126.933705,35.123573],[126.933697,35.12356],[126.93371,35.123555],[126.933696,35.123529],[126.933715,35.123519],[126.933687,35.123462],[126.933661,35.123452],[126.933588,35.123481],[126.933655,35.123593]]]]}},{"type":"Feature","id":"1976193913411803546500000000","properties":{"id":"1976193913411803546500000000","pnu":"1221011900106780020"},"geometry":{"type":"MultiPolygon","coordinates":[[[[126.934002,35.122314],[126.934096,35.122281],[126.934068,35.122225],[126.933975,35.12226],[126.934002,35.122314]]]]}},{"type":"Feature","id":"1976193913921803258100000000","properties":{"id":"1976193913921803258100000000","pnu":"1221011900106780028"},"geometry":{"type":"MultiPolygon","coordinates":[[[[126.934097,35.122039],[126.934091,35.121994],[126.934082,35.121996],[126.934073,35.121971],[126.934037,35.121974],[126.934034,35.121969],[126.933989,35.121975],[126.934003,35.122052],[126.934097,35.122039]]]]}},{"type":"Feature","id":"1976193917331803646900000000","properties":{"id":"1976193917331803646900000000","pnu":"1221011900106780012"},"geometry":{"type":"MultiPolygon","coordinates":[[[[126.934048,35.122404],[126.934141,35.122373],[126.934108,35.122316],[126.934017,35.122348],[126.934048,35.122404]]]]}},{"type":"Feature","id":"1976193931361803204400000000","properties":{"id":"1976193931361803204400000000","pnu":"1221011900106780022"},"geometry":{"type":"MultiPolygon","coordinates":[[[[126.934177,35.122004],[126.934304,35.121979],[126.934288,35.12192],[126.934163,35.121943],[126.934177,35.122004]]]]}},{"type":"Feature","id":"1976193937971803378900000000","properties":{"id":"1976193937971803378900000000","pnu":"1221011900106780018"},"geometry":{"type":"MultiPolygon","coordinates":[[[[126.934305,35.122123],[126.934306,35.122123],[126.934307,35.122123],[126.934308,35.122123],[126.934309,35.122122],[126.934309,35.122122],[126.93431,35.122121],[126.93431,35.122121],[126.934311,35.12212],[126.934311,35.122119],[126.934311,35.122118],[126.93431,35.122117],[126.93431,35.122117],[126.934309,35.122116],[126.934309,35.122116],[126.934308,35.122115],[126.934307,35.122115],[126.934306,35.122115],[126.934305,35.122114],[126.934304,35.122115],[126.934303,35.122115],[126.934302,35.122115],[126.934302,35.122116],[126.934301,35.122116],[126.9343,35.122117],[126.9343,35.122117],[126.9343,35.122118],[126.9343,35.122119],[126.9343,35.12212],[126.9343,35.122121],[126.9343,35.122121],[126.934301,35.122122],[126.934302,35.122122],[126.934302,35.122123],[126.934303,35.122123],[126.934304,35.122123],[126.934305,35.122123]]]]}},{"type":"Feature","id":"1976193938501803440000000000","properties":{"id":"1976193938501803440000000000","pnu":"1221011900106780018"},"geometry":{"type":"MultiPolygon","coordinates":[[[[126.934276,35.122217],[126.934374,35.122183],[126.934347,35.122133],[126.934283,35.122154],[126.934281,35.122148],[126.934251,35.12216],[126.934276,35.122217]]]]}},{"type":"Feature","id":"1976193942961803526600000000","properties":{"id":"1976193942961803526600000000","pnu":"1221011900106780015"},"geometry":{"type":"MultiPolygon","coordinates":[[[[126.934315,35.122297],[126.934432,35.122254],[126.934406,35.122208],[126.934288,35.122249],[126.934315,35.122297]]]]}},{"type":"Feature","id":"1976193970491809130800000000","properties":{"id":"1976193970491809130800000000","pnu":"1221011900105120000"},"geometry":{"type":"MultiPolygon","coordinates":[[[[126.934658,35.127308],[126.934659,35.127308],[126.93466,35.127308],[126.93466,35.127308],[126.934661,35.127307],[126.934662,35.127307],[126.934662,35.127306],[126.934663,35.127305],[126.934663,35.127305],[126.934663,35.127304],[126.934663,35.127303],[126.934663,35.127302],[126.934662,35.127301],[126.934662,35.127301],[126.934661,35.1273],[126.93466,35.1273],[126.93466,35.127299],[126.934659,35.127299],[126.934658,35.127299],[126.934657,35.127299],[126.934656,35.127299],[126.934655,35.1273],[126.934654,35.1273],[126.934653,35.127301],[126.934653,35.127301],[126.934653,35.127302],[126.934652,35.127303],[126.934652,35.127304],[126.934652,35.127305],[126.934653,35.127305],[126.934653,35.127306],[126.934653,35.127307],[126.934654,35.127307],[126.934655,35.127308],[126.934656,35.127308],[126.934657,35.127308],[126.934658,35.127308]]]]}},{"type":"Feature","id":"1976193975451809225100000000","properties":{"id":"1976193975451809225100000000","pnu":"1221011900105120000"},"geometry":{"type":"MultiPolygon","coordinates":[[[[126.934755,35.127431],[126.934781,35.127378],[126.934731,35.127363],[126.934728,35.127368],[126.934661,35.12735],[126.934642,35.127395],[126.934755,35.127431]]]]}},{"type":"Feature","id":"1976193975991809013100000000","properties":{"id":"1976193975991809013100000000","pnu":"1221011900105120010"},"geometry":{"type":"MultiPolygon","coordinates":[[[[126.934718,35.127202],[126.934719,35.127202],[126.93472,35.127202],[126.934721,35.127202],[126.934722,35.127201],[126.934722,35.127201],[126.934723,35.1272],[126.934723,35.127199],[126.934723,35.127198],[126.934724,35.127198],[126.934723,35.127197],[126.934723,35.127196],[126.934723,35.127195],[126.934722,35.127195],[126.934722,35.127194],[126.934721,35.127194],[126.93472,35.127193],[126.934719,35.127193],[126.934718,35.127193],[126.934717,35.127193],[126.934716,35.127193],[126.934715,35.127194],[126.934715,35.127194],[126.934714,35.127195],[126.934713,35.127195],[126.934713,35.127196],[126.934713,35.127197],[126.934713,35.127198],[126.934713,35.127198],[126.934713,35.127199],[126.934713,35.1272],[126.934714,35.127201],[126.934715,35.127201],[126.934715,35.127202],[126.934716,35.127202],[126.934717,35.127202],[126.934718,35.127202]]]]}},{"type":"Feature","id":"1976193979721809091900000000","properties":{"id":"1976193979721809091900000000","pnu":"1221011900105120010"},"geometry":{"type":"MultiPolygon","coordinates":[[[[126.934826,35.127252],[126.93478,35.127237],[126.934777,35.127246],[126.934713,35.127228],[126.93469,35.127279],[126.934797,35.127313],[126.934826,35.127252]]]]}},{"type":"Feature","id":"1976193983831809184200000000","properties":{"id":"1976193983831809184200000000","pnu":"1221011900105120003"},"geometry":{"type":"MultiPolygon","coordinates":[[[[126.934804,35.127356],[126.934805,35.127356],[126.934806,35.127356],[126.934807,35.127356],[126.934808,35.127355],[126.934808,35.127355],[126.934809,35.127354],[126.934809,35.127353],[126.934809,35.127353],[126.934809,35.127352],[126.934809,35.127351],[126.934809,35.12735],[126.934809,35.12735],[126.934808,35.127349],[126.934808,35.127349],[126.934807,35.127348],[126.934806,35.127348],[126.934805,35.127348],[126.934804,35.127347],[126.934803,35.127348],[126.934802,35.127348],[126.934801,35.127348],[126.9348,35.127348],[126.9348,35.127349],[126.934799,35.12735],[126.934799,35.12735],[126.934799,35.127351],[126.934799,35.127352],[126.934799,35.127353],[126.934799,35.127353],[126.934799,35.127354],[126.9348,35.127355],[126.9348,35.127355],[126.934801,35.127356],[126.934802,35.127356],[126.934803,35.127356],[126.934804,35.127356]]]]}},{"type":"Feature","id":"1976193985221808939700000000","properties":{"id":"1976193985221808939700000000","pnu":"1221011900105120011"},"geometry":{"type":"MultiPolygon","coordinates":[[[[126.934856,35.127179],[126.93489,35.127111],[126.934851,35.127099],[126.934847,35.12711],[126.934773,35.127087],[126.93475,35.127144],[126.934856,35.127179]]]]}},{"type":"Feature","id":"1976193986651809277700000000","properties":{"id":"1976193986651809277700000000","pnu":"1221011900105120003"},"geometry":{"type":"MultiPolygon","coordinates":[[[[126.93488,35.127482],[126.9349,35.127432],[126.934846,35.127413],[126.934848,35.127403],[126.934798,35.127389],[126.93477,35.127447],[126.93488,35.127482]]]]}},{"type":"Feature","id":"1976193991681809135800000000","properties":{"id":"1976193991681809135800000000","pnu":"1221011900105120009"},"geometry":{"type":"MultiPolygon","coordinates":[[[[126.934934,35.127359],[126.934962,35.127306],[126.934902,35.127287],[126.934907,35.127271],[126.934853,35.127252],[126.934825,35.127323],[126.934934,35.127359]]]]}},{"type":"Feature","id":"1976193997661808977300000000","properties":{"id":"1976193997661808977300000000","pnu":"1221011900105120012"},"geometry":{"type":"MultiPolygon","coordinates":[[[[126.934996,35.127217],[126.935018,35.127172],[126.934991,35.127161],[126.934998,35.127136],[126.934928,35.127111],[126.934892,35.127182],[126.934996,35.127217]]]]}},{"type":"Feature","id":"1976194001321809248900000000","properties":{"id":"1976194001321809248900000000","pnu":"1221011900105120005"},"geometry":{"type":"MultiPolygon","coordinates":[[[[126.934996,35.127415],[126.934997,35.127415],[126.934998,35.127415],[126.934999,35.127414],[126.934999,35.127414],[126.935,35.127413],[126.935001,35.127413],[126.935001,35.127412],[126.935001,35.127411],[126.935001,35.12741],[126.935001,35.12741],[126.935001,35.127409],[126.935001,35.127408],[126.935,35.127407],[126.934999,35.127407],[126.934999,35.127406],[126.934998,35.127406],[126.934997,35.127406],[126.934996,35.127406],[126.934995,35.127406],[126.934994,35.127406],[126.934993,35.127406],[126.934992,35.127407],[126.934992,35.127407],[126.934991,35.127408],[126.934991,35.127409],[126.93499,35.12741],[126.93499,35.12741],[126.93499,35.127411],[126.934991,35.127412],[126.934991,35.127413],[126.934992,35.127413],[126.934992,35.127414],[126.934993,35.127414],[126.934994,35.127415],[126.934995,35.127415],[126.934996,35.127415]]]]}},{"type":"Feature","id":"1976194004841809135300000000","properties":{"id":"1976194004841809135300000000","pnu":"1221011900105120008"},"geometry":{"type":"MultiPolygon","coordinates":[[[[126.935035,35.127312],[126.935035,35.127312],[126.935036,35.127312],[126.935037,35.127312],[126.935038,35.127311],[126.935039,35.127311],[126.935039,35.12731],[126.93504,35.12731],[126.93504,35.127309],[126.93504,35.127308],[126.93504,35.127307],[126.93504,35.127306],[126.935039,35.127306],[126.935039,35.127305],[126.935038,35.127305],[126.935037,35.127304],[126.935036,35.127304],[126.935035,35.127304],[126.935035,35.127303],[126.935034,35.127304],[126.935033,35.127304],[126.935032,35.127304],[126.935031,35.127305],[126.93503,35.127305],[126.93503,35.127306],[126.935029,35.127306],[126.935029,35.127307],[126.935029,35.127308],[126.935029,35.127309],[126.935029,35.12731],[126.93503,35.12731],[126.93503,35.127311],[126.935031,35.127311],[126.935032,35.127312],[126.935033,35.127312],[126.935034,35.127312],[126.935035,35.127312]]]]}},{"type":"Feature","id":"1976194004891809321100000000","properties":{"id":"1976194004891809321100000000","pnu":"1221011900105120005"},"geometry":{"type":"MultiPolygon","coordinates":[[[[126.935084,35.127523],[126.935111,35.127459],[126.935053,35.127443],[126.935049,35.127452],[126.934976,35.127433],[126.934955,35.127483],[126.935084,35.127523]]]]}},{"type":"Feature","id":"1976194009681809210800000000","properties":{"id":"1976194009681809210800000000","pnu":"1221011900105120008"},"geometry":{"type":"MultiPolygon","coordinates":[[[[126.935154,35.127352],[126.935112,35.12734],[126.935108,35.127347],[126.935075,35.127339],[126.935072,35.127345],[126.935042,35.127338],[126.93502,35.127394],[126.935122,35.127421],[126.935154,35.127352]]]]}},{"type":"Feature","id":"1976194010761808980500000000","properties":{"id":"1976194010761808980500000000","pnu":"1221011900105120013"},"geometry":{"type":"MultiPolygon","coordinates":[[[[126.9351,35.127173],[126.935101,35.127173],[126.935102,35.127173],[126.935102,35.127172],[126.935103,35.127172],[126.935104,35.127171],[126.935104,35.127171],[126.935105,35.12717],[126.935105,35.127169],[126.935105,35.127169],[126.935105,35.127168],[126.935105,35.127167],[126.935104,35.127166],[126.935104,35.127166],[126.935103,35.127165],[126.935102,35.127165],[126.935102,35.127164],[126.935101,35.127164],[126.9351,35.127164],[126.935099,35.127164],[126.935098,35.127164],[126.935097,35.127165],[126.935096,35.127165],[126.935095,35.127166],[126.935095,35.127166],[126.935094,35.127167],[126.935094,35.127168],[126.935094,35.127168],[126.935094,35.127169],[126.935094,35.12717],[126.935095,35.127171],[126.935095,35.127171],[126.935096,35.127172],[126.935097,35.127172],[126.935098,35.127173],[126.935099,35.127173],[126.9351,35.127173]]]]}},{"type":"Feature","id":"1976194014931809059100000000","properties":{"id":"1976194014931809059100000000","pnu":"1221011900105120013"},"geometry":{"type":"MultiPolygon","coordinates":[[[[126.935217,35.127221],[126.935171,35.127206],[126.935166,35.127216],[126.935092,35.127198],[126.935074,35.127253],[126.935186,35.127285],[126.935217,35.127221]]]]}},{"type":"Feature","id":"1976194017831809371000000000","properties":{"id":"1976194017831809371000000000","pnu":"1221011900105120006"},"geometry":{"type":"MultiPolygon","coordinates":[[[[126.935224,35.12757],[126.935244,35.127518],[126.935193,35.127501],[126.935198,35.127486],[126.935143,35.127467],[126.935111,35.127533],[126.935224,35.12757]]]]}},{"type":"Feature","id":"1976194019121808951700000000","properties":{"id":"1976194019121808951700000000","pnu":"1221011900105120016"},"geometry":{"type":"MultiPolygon","coordinates":[[[[126.935262,35.127117],[126.935217,35.127107],[126.935213,35.127118],[126.935141,35.1271],[126.935118,35.127159],[126.935234,35.127189],[126.935262,35.127117]]]]}},{"type":"Feature","id":"1976194021461809264000000000","properties":{"id":"1976194021461809264000000000","pnu":"1221011900105120007"},"geometry":{"type":"MultiPolygon","coordinates":[[[[126.935263,35.127468],[126.935278,35.127425],[126.935256,35.12742],[126.935262,35.1274],[126.935181,35.127379],[126.935153,35.127439],[126.935263,35.127468]]]]}},{"type":"Feature","id":"1976194026951809107100000000","properties":{"id":"1976194026951809107100000000","pnu":"1221011900105120014"},"geometry":{"type":"MultiPolygon","coordinates":[[[[126.935324,35.127333],[126.935343,35.127279],[126.935302,35.127265],[126.935306,35.127247],[126.935244,35.127229],[126.935211,35.1273],[126.935324,35.127333]]]]}},{"type":"Feature","id":"1976194031141808994400000000","properties":{"id":"1976194031141808994400000000","pnu":"1221011900105120015"},"geometry":{"type":"MultiPolygon","coordinates":[[[[126.935393,35.127177],[126.935338,35.127159],[126.935338,35.12715],[126.935282,35.127135],[126.935257,35.127194],[126.93537,35.127225],[126.935393,35.127177]]]]}},{"type":"Feature","id":"1976194036921809028500000000","properties":{"id":"1976194036921809028500000000","pnu":"1221011900105120015"},"geometry":{"type":"MultiPolygon","coordinates":[[[[126.935387,35.127216],[126.935387,35.127216],[126.935388,35.127216],[126.935389,35.127216],[126.93539,35.127215],[126.935391,35.127215],[126.935391,35.127214],[126.935392,35.127213],[126.935392,35.127213],[126.935392,35.127212],[126.935392,35.127211],[126.935392,35.12721],[126.935391,35.12721],[126.935391,35.127209],[126.93539,35.127208],[126.935389,35.127208],[126.935388,35.127208],[126.935388,35.127207],[126.935387,35.127207],[126.935386,35.127207],[126.935385,35.127208],[126.935384,35.127208],[126.935383,35.127208],[126.935382,35.127209],[126.935382,35.12721],[126.935381,35.12721],[126.935381,35.127211],[126.935381,35.127212],[126.935381,35.127213],[126.935381,35.127213],[126.935382,35.127214],[126.935382,35.127215],[126.935383,35.127215],[126.935384,35.127216],[126.935385,35.127216],[126.935386,35.127216],[126.935387,35.127216]]]]}},{"type":"Feature","id":"1976194075571802799400000000","properties":{"id":"1976194075571802799400000000","pnu":"1221011900102190000"},"geometry":{"type":"MultiPolygon","coordinates":[[[[126.935753,35.121602],[126.935835,35.121652],[126.93588,35.121593],[126.93579,35.121543],[126.935753,35.121602]]]]}},{"type":"Feature","id":"1976194078811802700600000000","properties":{"id":"1976194078811802700600000000","pnu":"1221011900102190000"},"geometry":{"type":"MultiPolygon","coordinates":[[[[126.935785,35.121495],[126.935895,35.121557],[126.93591,35.12152],[126.935818,35.121462],[126.935785,35.121495]]]]}},{"type":"Feature","id":"1976194088841802117700000000","properties":{"id":"1976194088841802117700000000","pnu":"1221011900102810002"},"geometry":{"type":"MultiPolygon","coordinates":[[[[126.935897,35.12102],[126.93596,35.121045],[126.936027,35.120949],[126.93596,35.120921],[126.935897,35.12102]]]]}},{"type":"Feature","id":"1976194108671802486200000000","properties":{"id":"1976194108671802486200000000","pnu":"1221011900102850000"},"geometry":{"type":"MultiPolygon","coordinates":[[[[126.936103,35.121252],[126.93614,35.121383],[126.936176,35.121378],[126.936182,35.121392],[126.936255,35.121374],[126.936235,35.121291],[126.936218,35.121292],[126.936204,35.121238],[126.936103,35.121252]]]]}},{"type":"Feature","id":"1976194193931802203500000000","properties":{"id":"1976194193931802203500000000","pnu":"1221011900103400001"},"geometry":{"type":"MultiPolygon","coordinates":[[[[126.937078,35.120998],[126.937057,35.121108],[126.937152,35.121121],[126.937172,35.121018],[126.937078,35.120998]]]]}},{"type":"Feature","id":"1977193538001800299500000000","properties":{"id":"1977193538001800299500000000","pnu":"1221012600102170000"},"geometry":{"type":"MultiPolygon","coordinates":[[[[126.929909,35.119363],[126.929939,35.119359],[126.92993,35.119319],[126.929901,35.119323],[126.929909,35.119363]]]]}},{"type":"Feature","id":"1977193539621800207400000000","properties":{"id":"1977193539621800207400000000","pnu":"1221012600102170000"},"geometry":{"type":"MultiPolygon","coordinates":[[[[126.929933,35.119307],[126.929987,35.119285],[126.929946,35.119211],[126.929886,35.11923],[126.929933,35.119307]]]]}},{"type":"Feature","id":"1977193559871800617400000000","properties":{"id":"1977193559871800617400000000","pnu":"1221012600102210000"},"geometry":{"type":"MultiPolygon","coordinates":[[[[126.930238,35.119665],[126.930214,35.119611],[126.930206,35.119613],[126.930181,35.119557],[126.930083,35.119587],[126.930133,35.119697],[126.930238,35.119665]]]]}},{"type":"Feature","id":"1977193562481800722000000000","properties":{"id":"1977193562481800722000000000","pnu":"1221012600102210000"},"geometry":{"type":"MultiPolygon","coordinates":[[[[126.930186,35.119749],[126.930213,35.119705],[126.93019,35.119695],[126.930162,35.119739],[126.930186,35.119749]]]]}},{"type":"Feature","id":"1977193583051806006500000000","properties":{"id":"1977193583051806006500000000","pnu":"1221012600102980016"},"geometry":{"type":"MultiPolygon","coordinates":[[[[126.930444,35.124515],[126.930453,35.124466],[126.930374,35.124456],[126.930366,35.124504],[126.930444,35.124515]]]]}},{"type":"Feature","id":"1977193584051800924500000000","properties":{"id":"1977193584051800924500000000","pnu":"1221012600102430007"},"geometry":{"type":"MultiPolygon","coordinates":[[[[126.930434,35.119976],[126.9305,35.11993],[126.930421,35.119835],[126.930345,35.119879],[126.930434,35.119976]]]]}},{"type":"Feature","id":"1977193588191799803600000000","properties":{"id":"1977193588191799803600000000","pnu":"1221012600102010000"},"geometry":{"type":"MultiPolygon","coordinates":[[[[126.930418,35.11894],[126.930544,35.118911],[126.93053,35.118852],[126.930397,35.118873],[126.930418,35.11894]]]]}},{"type":"Feature","id":"1977193607351801243800000000","properties":{"id":"1977193607351801243800000000","pnu":"1221012600102430014"},"geometry":{"type":"MultiPolygon","coordinates":[[[[126.930652,35.12025],[126.93075,35.120179],[126.930706,35.120138],[126.930612,35.120201],[126.930652,35.12025]]]]}},{"type":"Feature","id":"1977193614331805620200000000","properties":{"id":"1977193614331805620200000000","pnu":"1221012600102870017"},"geometry":{"type":"MultiPolygon","coordinates":[[[[126.93077,35.124175],[126.930775,35.124103],[126.930736,35.1241],[126.930731,35.124171],[126.93077,35.124175]]]]}},{"type":"Feature","id":"1977193616641805505800000000","properties":{"id":"1977193616641805505800000000","pnu":"1221012600102870001"},"geometry":{"type":"MultiPolygon","coordinates":[[[[126.930835,35.12407],[126.930837,35.124008],[126.930786,35.124006],[126.930785,35.123999],[126.930723,35.123998],[126.930721,35.124062],[126.930835,35.12407]]]]}},{"type":"Feature","id":"1977193621591805708400000000","properties":{"id":"1977193621591805708400000000","pnu":"1221012600102880024"},"geometry":{"type":"MultiPolygon","coordinates":[[[[126.930885,35.124249],[126.930887,35.124187],[126.93078,35.124183],[126.930778,35.124248],[126.930885,35.124249]]]]}},{"type":"Feature","id":"1977193623161805611800000000","properties":{"id":"1977193623161805611800000000","pnu":"1221012600102870017"},"geometry":{"type":"MultiPolygon","coordinates":[[[[126.930909,35.124158],[126.930911,35.124101],[126.930792,35.1241],[126.93079,35.12416],[126.930909,35.124158]]]]}},{"type":"Feature","id":"1977193629361805510500000000","properties":{"id":"1977193629361805510500000000","pnu":"1221012600102870019"},"geometry":{"type":"MultiPolygon","coordinates":[[[[126.930984,35.12407],[126.930986,35.124012],[126.930916,35.124008],[126.930917,35.124003],[126.930856,35.124002],[126.930854,35.12407],[126.930984,35.12407]]]]}},{"type":"Feature","id":"1977193696831803724800000000","properties":{"id":"1977193696831803724800000000","pnu":"1221012600106360113"},"geometry":{"type":"MultiPolygon","coordinates":[[[[126.931606,35.12247],[126.931729,35.122447],[126.931712,35.12239],[126.931592,35.122409],[126.931606,35.12247]]]]}},{"type":"Feature","id":"1977193698671803832400000000","properties":{"id":"1977193698671803832400000000","pnu":"1221012600106360003"},"geometry":{"type":"MultiPolygon","coordinates":[[[[126.931737,35.12257],[126.931709,35.122467],[126.931626,35.122481],[126.931646,35.122584],[126.931737,35.12257]]]]}},{"type":"Feature","id":"1977193710381808884100000000","properties":{"id":"1977193710381808884100000000","pnu":"1221011900105400024"},"geometry":{"type":"MultiPolygon","coordinates":[[[[126.931868,35.127042],[126.931788,35.127019],[126.931743,35.127123],[126.931809,35.127142],[126.931823,35.12711],[126.931834,35.127113],[126.931868,35.127042]]]]}},{"type":"Feature","id":"1977193716851807979600000000","properties":{"id":"1977193716851807979600000000","pnu":"1221011900106020006"},"geometry":{"type":"MultiPolygon","coordinates":[[[[126.931927,35.126249],[126.93189,35.126223],[126.931824,35.126275],[126.931866,35.126308],[126.931927,35.126249]]]]}},{"type":"Feature","id":"1977193726381808025300000000","properties":{"id":"1977193726381808025300000000","pnu":"1221011900106020007"},"geometry":{"type":"MultiPolygon","coordinates":[[[[126.932035,35.126306],[126.931964,35.126263],[126.931924,35.126304],[126.931998,35.126349],[126.932035,35.126306]]]]}},{"type":"Feature","id":"1977193735661809235300000000","properties":{"id":"1977193735661809235300000000","pnu":"1221011900105400015"},"geometry":{"type":"MultiPolygon","coordinates":[[[[126.932121,35.127439],[126.932151,35.127383],[126.932112,35.127369],[126.932106,35.127375],[126.932035,35.127357],[126.93201,35.127406],[126.932121,35.127439]]]]}},{"type":"Feature","id":"1977193738381809122100000000","properties":{"id":"1977193738381809122100000000","pnu":"1221011900105400014"},"geometry":{"type":"MultiPolygon","coordinates":[[[[126.932161,35.127341],[126.932183,35.12729],[126.93213,35.127274],[126.932131,35.127262],[126.932069,35.127246],[126.932042,35.127306],[126.932161,35.127341]]]]}},{"type":"Feature","id":"1977193748101809290100000000","properties":{"id":"1977193748101809290100000000","pnu":"1221011900105400009"},"geometry":{"type":"MultiPolygon","coordinates":[[[[126.932274,35.127497],[126.932296,35.127438],[126.932225,35.127418],[126.932228,35.12741],[126.932169,35.127393],[126.932139,35.127457],[126.932274,35.127497]]]]}},{"type":"Feature","id":"1977193762441805703000000000","properties":{"id":"1977193762441805703000000000","pnu":"1221011900106530000"},"geometry":{"type":"MultiPolygon","coordinates":[[[[126.932406,35.124269],[126.932425,35.124217],[126.93244,35.124221],[126.932452,35.124184],[126.932342,35.124157],[126.93231,35.124248],[126.932406,35.124269]]]]}},{"type":"Feature","id":"1977193765121805599400000000","properties":{"id":"1977193765121805599400000000","pnu":"1221011900106530005"},"geometry":{"type":"MultiPolygon","coordinates":[[[[126.932343,35.124152],[126.932438,35.124173],[126.932472,35.124089],[126.932376,35.124065],[126.932343,35.124152]]]]}},{"type":"Feature","id":"1977193766131801986900000000","properties":{"id":"1977193766131801986900000000","pnu":"1221012600106360089"},"geometry":{"type":"MultiPolygon","coordinates":[[[[126.932439,35.120908],[126.932446,35.120821],[126.932401,35.12082],[126.932398,35.120907],[126.932439,35.120908]]]]}},{"type":"Feature","id":"1977193766371801662000000000","properties":{"id":"1977193766371801662000000000","pnu":"1221012600106360090"},"geometry":{"type":"MultiPolygon","coordinates":[[[[126.932442,35.120607],[126.932447,35.120535],[126.932406,35.120533],[126.932401,35.120605],[126.932442,35.120607]]]]}},{"type":"Feature","id":"1977193767301801860300000000","properties":{"id":"1977193767301801860300000000","pnu":"1221012600106360089"},"geometry":{"type":"MultiPolygon","coordinates":[[[[126.932458,35.120801],[126.932485,35.120713],[126.932455,35.120702],[126.932398,35.1207],[126.932395,35.1208],[126.932458,35.120801]]]]}},{"type":"Feature","id":"1977193768821801754600000000","properties":{"id":"1977193768821801754600000000","pnu":"1221012600106360090"},"geometry":{"type":"MultiPolygon","coordinates":[[[[126.932495,35.1207],[126.932513,35.120625],[126.932407,35.120607],[126.932388,35.120682],[126.932495,35.1207]]]]}},{"type":"Feature","id":"1977193771591809486300000000","properties":{"id":"1977193771591809486300000000","pnu":"1221011900105400042"},"geometry":{"type":"MultiPolygon","coordinates":[[[[126.932524,35.127668],[126.932546,35.127607],[126.932427,35.127578],[126.932405,35.127639],[126.932524,35.127668]]]]}},{"type":"Feature","id":"1977193774391809365800000000","properties":{"id":"1977193774391809365800000000","pnu":"1221011900105400052"},"geometry":{"type":"MultiPolygon","coordinates":[[[[126.932555,35.127556],[126.932575,35.127499],[126.932547,35.127491],[126.932544,35.127499],[126.932457,35.127473],[126.932436,35.127524],[126.932555,35.127556]]]]}},{"type":"Feature","id":"1977193777431805661000000000","properties":{"id":"1977193777431805661000000000","pnu":"1221011900106530006"},"geometry":{"type":"MultiPolygon","coordinates":[[[[126.932612,35.124128],[126.932566,35.124117],[126.932558,35.124131],[126.9325,35.12412],[126.932471,35.124213],[126.932576,35.124239],[126.932612,35.124128]]]]}},{"type":"Feature","id":"1977193781731802044000000000","properties":{"id":"1977193781731802044000000000","pnu":"1221012600106360085"},"geometry":{"type":"MultiPolygon","coordinates":[[[[126.932656,35.120895],[126.932535,35.120882],[126.93253,35.120934],[126.932644,35.120949],[126.932656,35.120895]]]]}},{"type":"Feature","id":"1977193782551801982800000000","properties":{"id":"1977193782551801982800000000","pnu":"1221012600106360085"},"geometry":{"type":"MultiPolygon","coordinates":[[[[126.932652,35.120882],[126.932654,35.120856],[126.932556,35.120835],[126.93255,35.120867],[126.932652,35.120882]]]]}},{"type":"Feature","id":"1977193785171801895900000000","properties":{"id":"1977193785171801895900000000","pnu":"1221012600106360086"},"geometry":{"type":"MultiPolygon","coordinates":[[[[126.932688,35.120736],[126.932607,35.12072],[126.932586,35.120792],[126.932576,35.12079],[126.932566,35.120823],[126.932657,35.120841],[126.932688,35.120736]]]]}},{"type":"Feature","id":"1977193786151809388100000000","properties":{"id":"1977193786151809388100000000","pnu":"1221011900105400051"},"geometry":{"type":"MultiPolygon","coordinates":[[[[126.932683,35.127502],[126.932623,35.127485],[126.932585,35.127566],[126.932651,35.127583],[126.932683,35.127502]]]]}},{"type":"Feature","id":"1977193788811801815700000000","properties":{"id":"1977193788811801815700000000","pnu":"1221012600106360086"},"geometry":{"type":"MultiPolygon","coordinates":[[[[126.932634,35.120716],[126.932694,35.120731],[126.932706,35.120702],[126.932645,35.120687],[126.932634,35.120716]]]]}},{"type":"Feature","id":"1977193793911809297900000000","properties":{"id":"1977193793911809297900000000","pnu":"1221011900105400055"},"geometry":{"type":"MultiPolygon","coordinates":[[[[126.932749,35.127494],[126.932779,35.127436],[126.93269,35.12741],[126.932664,35.127474],[126.932749,35.127494]]]]}},{"type":"Feature","id":"1977193797341809171600000000","properties":{"id":"1977193797341809171600000000","pnu":"1221011900105400056"},"geometry":{"type":"MultiPolygon","coordinates":[[[[126.932805,35.127382],[126.932822,35.127327],[126.932714,35.127298],[126.932691,35.127351],[126.932805,35.127382]]]]}},{"type":"Feature","id":"1977193799031805843100000000","properties":{"id":"1977193799031805843100000000","pnu":"1221011900106530011"},"geometry":{"type":"MultiPolygon","coordinates":[[[[126.932821,35.124389],[126.932841,35.124308],[126.93274,35.124288],[126.932716,35.124371],[126.932821,35.124389]]]]}},{"type":"Feature","id":"1977193800391802295600000000","properties":{"id":"1977193800391802295600000000","pnu":"1221012600102740003"},"geometry":{"type":"MultiPolygon","coordinates":[[[[126.932855,35.121121],[126.932752,35.121103],[126.932738,35.121161],[126.932841,35.121181],[126.932855,35.121121]]]]}},{"type":"Feature","id":"1977193801411809470400000000","properties":{"id":"1977193801411809470400000000","pnu":"1221011900105400039"},"geometry":{"type":"MultiPolygon","coordinates":[[[[126.932853,35.127655],[126.932878,35.127598],[126.932755,35.12756],[126.932727,35.127622],[126.932853,35.127655]]]]}},{"type":"Feature","id":"1977193801841804742600000000","properties":{"id":"1977193801841804742600000000","pnu":"1221011900106500002"},"geometry":{"type":"MultiPolygon","coordinates":[[[[126.932853,35.123312],[126.932789,35.123297],[126.932779,35.123327],[126.932791,35.12333],[126.932771,35.123388],[126.932823,35.1234],[126.932853,35.123312]]]]}},{"type":"Feature","id":"1977193802121802655800000000","properties":{"id":"1977193802121802655800000000","pnu":"1221012600102740006"},"geometry":{"type":"MultiPolygon","coordinates":[[[[126.932862,35.12142],[126.932792,35.121406],[126.932767,35.121512],[126.932841,35.121526],[126.932862,35.12142]]]]}},{"type":"Feature","id":"1977193808651809271000000000","properties":{"id":"1977193808651809271000000000","pnu":"1221011900105400041"},"geometry":{"type":"MultiPolygon","coordinates":[[[[126.932933,35.127476],[126.932953,35.127434],[126.932915,35.12742],[126.932921,35.12741],[126.932837,35.127382],[126.932812,35.127434],[126.932933,35.127476]]]]}},{"type":"Feature","id":"1977193826411809453500000000","properties":{"id":"1977193826411809453500000000","pnu":"1221011900105400028"},"geometry":{"type":"MultiPolygon","coordinates":[[[[126.933114,35.127637],[126.933137,35.127581],[126.933038,35.127551],[126.933017,35.127607],[126.933114,35.127637]]]]}},{"type":"Feature","id":"1977193829381809349300000000","properties":{"id":"1977193829381809349300000000","pnu":"1221011900105400029"},"geometry":{"type":"MultiPolygon","coordinates":[[[[126.93315,35.127544],[126.933174,35.127485],[126.933072,35.127453],[126.933044,35.127517],[126.93315,35.127544]]]]}},{"type":"Feature","id":"1977193837251809487100000000","properties":{"id":"1977193837251809487100000000","pnu":"1221011900105400031"},"geometry":{"type":"MultiPolygon","coordinates":[[[[126.933233,35.127669],[126.933258,35.127606],[126.933157,35.12758],[126.933133,35.127641],[126.933233,35.127669]]]]}},{"type":"Feature","id":"1977193841381809385400000000","properties":{"id":"1977193841381809385400000000","pnu":"1221011900105400030"},"geometry":{"type":"MultiPolygon","coordinates":[[[[126.933284,35.12758],[126.933306,35.127528],[126.933258,35.127513],[126.933262,35.1275],[126.933206,35.127482],[126.933179,35.127546],[126.933284,35.12758]]]]}},{"type":"Feature","id":"1977193852791809569800000000","properties":{"id":"1977193852791809569800000000","pnu":"1221011900105400035"},"geometry":{"type":"MultiPolygon","coordinates":[[[[126.933414,35.127759],[126.933454,35.127672],[126.93339,35.127652],[126.933383,35.127667],[126.933308,35.127644],[126.933275,35.127716],[126.933414,35.127759]]]]}},{"type":"Feature","id":"1977193859691802517100000000","properties":{"id":"1977193859691802517100000000","pnu":"1221011900106870000"},"geometry":{"type":"MultiPolygon","coordinates":[[[[126.933413,35.121301],[126.933398,35.121369],[126.933481,35.121383],[126.933496,35.121314],[126.933413,35.121301]]]]}},{"type":"Feature","id":"1977193866721808630400000000","properties":{"id":"1977193866721808630400000000","pnu":"1221011900105660000"},"geometry":{"type":"MultiPolygon","coordinates":[[[[126.933496,35.126882],[126.933556,35.126845],[126.933556,35.126837],[126.933498,35.126837],[126.933496,35.126882]]]]}},{"type":"Feature","id":"1977193867651808570000000000","properties":{"id":"1977193867651808570000000000","pnu":"1221011900105660000"},"geometry":{"type":"MultiPolygon","coordinates":[[[[126.933491,35.126821],[126.933574,35.126819],[126.933575,35.126785],[126.93354,35.126783],[126.933541,35.126771],[126.933493,35.12677],[126.933491,35.126821]]]]}},{"type":"Feature","id":"1977193871201808370700000000","properties":{"id":"1977193871201808370700000000","pnu":"1221011900105660004"},"geometry":{"type":"MultiPolygon","coordinates":[[[[126.933638,35.126655],[126.933648,35.126601],[126.933572,35.126591],[126.933573,35.126585],[126.933506,35.126576],[126.933494,35.126641],[126.933638,35.126655]]]]}},{"type":"Feature","id":"1977193874551808714300000000","properties":{"id":"1977193874551808714300000000","pnu":"1221011900105650003"},"geometry":{"type":"MultiPolygon","coordinates":[[[[126.933652,35.126956],[126.933656,35.126901],[126.933574,35.126899],[126.933574,35.126912],[126.933552,35.126912],[126.933549,35.12695],[126.933652,35.126956]]]]}},{"type":"Feature","id":"1977193874801809816400000000","properties":{"id":"1977193874801809816400000000","pnu":"1221011900105500008"},"geometry":{"type":"MultiPolygon","coordinates":[[[[126.933577,35.127952],[126.933633,35.127948],[126.933617,35.127871],[126.93361,35.127871],[126.933578,35.127944],[126.933577,35.127952]]]]}},{"type":"Feature","id":"1977193874901809896600000000","properties":{"id":"1977193874901809896600000000","pnu":"1221011900105500008"},"geometry":{"type":"MultiPolygon","coordinates":[[[[126.933581,35.128025],[126.933643,35.128021],[126.933634,35.127961],[126.933575,35.127965],[126.933581,35.128025]]]]}},{"type":"Feature","id":"1977193875121808287100000000","properties":{"id":"1977193875121808287100000000","pnu":"1221011900105660005"},"geometry":{"type":"MultiPolygon","coordinates":[[[[126.93367,35.126579],[126.933676,35.126518],[126.933559,35.126505],[126.933545,35.126568],[126.93367,35.126579]]]]}},{"type":"Feature","id":"1977193879881808184200000000","properties":{"id":"1977193879881808184200000000","pnu":"1221011900105660006"},"geometry":{"type":"MultiPolygon","coordinates":[[[[126.933705,35.12648],[126.933707,35.126419],[126.933666,35.126418],[126.933665,35.126426],[126.93362,35.126425],[126.933618,35.126476],[126.933705,35.12648]]]]}},{"type":"Feature","id":"1977193880001808394400000000","properties":{"id":"1977193880001808394400000000","pnu":"1221011900105660004"},"geometry":{"type":"MultiPolygon","coordinates":[[[[126.93367,35.126673],[126.933682,35.126609],[126.933661,35.126606],[126.933648,35.126668],[126.93367,35.126673]]]]}},{"type":"Feature","id":"1977193883651808942600000000","properties":{"id":"1977193883651808942600000000","pnu":"1221011900105650004"},"geometry":{"type":"MultiPolygon","coordinates":[[[[126.933758,35.127104],[126.933675,35.127089],[126.933653,35.127163],[126.933734,35.127179],[126.933758,35.127104]]]]}},{"type":"Feature","id":"1977193888391808858000000000","properties":{"id":"1977193888391808858000000000","pnu":"1221011900105650004"},"geometry":{"type":"MultiPolygon","coordinates":[[[[126.933788,35.127081],[126.933798,35.127052],[126.933726,35.127033],[126.933717,35.127063],[126.933788,35.127081]]]]}},{"type":"Feature","id":"1977193893821805324800000000","properties":{"id":"1977193893821805324800000000","pnu":"1221011900106430004"},"geometry":{"type":"MultiPolygon","coordinates":[[[[126.933862,35.123911],[126.933877,35.123859],[126.93377,35.123833],[126.933765,35.123852],[126.933777,35.123894],[126.933862,35.123911]]]]}},{"type":"Feature","id":"1977193897361805127500000000","properties":{"id":"1977193897361805127500000000","pnu":"1221011900106430006"},"geometry":{"type":"MultiPolygon","coordinates":[[[[126.933791,35.123715],[126.933899,35.12374],[126.933924,35.123667],[126.933889,35.123659],[126.933885,35.12367],[126.933812,35.123653],[126.933791,35.123715]]]]}},{"type":"Feature","id":"1977193901281809226700000000","properties":{"id":"1977193901281809226700000000","pnu":"1221011900105520009"},"geometry":{"type":"MultiPolygon","coordinates":[[[[126.933935,35.127428],[126.933952,35.127371],[126.933861,35.12735],[126.933846,35.127411],[126.933935,35.127428]]]]}},{"type":"Feature","id":"1977193916041809417500000000","properties":{"id":"1977193916041809417500000000","pnu":"1221011900105530016"},"geometry":{"type":"MultiPolygon","coordinates":[[[[126.934108,35.127599],[126.934121,35.127547],[126.93409,35.127541],[126.933996,35.127536],[126.933987,35.127562],[126.934108,35.127599]]]]}},{"type":"Feature","id":"1977193916801803376300000000","properties":{"id":"1977193916801803376300000000","pnu":"1221011900106780025"},"geometry":{"type":"MultiPolygon","coordinates":[[[[126.934035,35.12216],[126.934134,35.122141],[126.934117,35.122082],[126.934066,35.122088],[126.93406,35.122075],[126.934016,35.122082],[126.934035,35.12216]]]]}},{"type":"Feature","id":"1977193921331803737400000000","properties":{"id":"1977193921331803737400000000","pnu":"1221011900106780004"},"geometry":{"type":"MultiPolygon","coordinates":[[[[126.934097,35.122488],[126.934186,35.122452],[126.934155,35.122404],[126.934136,35.122409],[126.934127,35.122401],[126.934061,35.12243],[126.934097,35.122488]]]]}},{"type":"Feature","id":"1977193925071805077500000000","properties":{"id":"1977193925071805077500000000","pnu":"1221011900106420016"},"geometry":{"type":"MultiPolygon","coordinates":[[[[126.934212,35.123688],[126.934216,35.12361],[126.93415,35.123607],[126.934137,35.123617],[126.934137,35.123627],[126.934103,35.123627],[126.934101,35.123681],[126.934142,35.123683],[126.934142,35.12369],[126.934212,35.123688]]]]}},{"type":"Feature","id":"1977193929611803907300000000","properties":{"id":"1977193929611803907300000000","pnu":"1221011900106780000"},"geometry":{"type":"MultiPolygon","coordinates":[[[[126.934184,35.122637],[126.934268,35.122602],[126.934246,35.122556],[126.934158,35.122584],[126.934184,35.122637]]]]}},{"type":"Feature","id":"1977193929981804690400000000","properties":{"id":"1977193929981804690400000000","pnu":"1221011900106410002"},"geometry":{"type":"MultiPolygon","coordinates":[[[[126.934279,35.123338],[126.934286,35.123273],[126.934157,35.123261],[126.934148,35.123332],[126.934279,35.123338]]]]}},{"type":"Feature","id":"1977193930031803960200000000","properties":{"id":"1977193930031803960200000000","pnu":"1221011900106780000"},"geometry":{"type":"MultiPolygon","coordinates":[[[[126.934266,35.122608],[126.934181,35.122641],[126.9342,35.122675],[126.934217,35.122668],[126.934266,35.122608]]]]}},{"type":"Feature","id":"1977193930081804799300000000","properties":{"id":"1977193930081804799300000000","pnu":"1221011900106410001"},"geometry":{"type":"MultiPolygon","coordinates":[[[[126.934276,35.123448],[126.93428,35.123362],[126.93416,35.123352],[126.934153,35.123434],[126.934276,35.123448]]]]}},{"type":"Feature","id":"1977193931151804585100000000","properties":{"id":"1977193931151804585100000000","pnu":"1221011900106380008"},"geometry":{"type":"MultiPolygon","coordinates":[[[[126.934294,35.123253],[126.934299,35.123176],[126.934167,35.123159],[126.934158,35.123228],[126.934158,35.123236],[126.934294,35.123253]]]]}},{"type":"Feature","id":"1977193935271809279100000000","properties":{"id":"1977193935271809279100000000","pnu":"1221011900105580000"},"geometry":{"type":"MultiPolygon","coordinates":[[[[126.934214,35.127418],[126.934209,35.127456],[126.934312,35.127458],[126.934349,35.12742],[126.934214,35.127418]]]]}},{"type":"Feature","id":"1977193936601809196300000000","properties":{"id":"1977193936601809196300000000","pnu":"1221011900105580000"},"geometry":{"type":"MultiPolygon","coordinates":[[[[126.93422,35.127322],[126.934223,35.127417],[126.93435,35.127415],[126.934347,35.127306],[126.93425,35.127308],[126.93422,35.127322]]]]}},{"type":"Feature","id":"1977193945851803251700000000","properties":{"id":"1977193945851803251700000000","pnu":"1221011900106780002"},"geometry":{"type":"MultiPolygon","coordinates":[[[[126.934455,35.122023],[126.93443,35.121961],[126.934361,35.121978],[126.934357,35.12197],[126.934329,35.12198],[126.934359,35.122051],[126.934455,35.122023]]]]}},{"type":"Feature","id":"1977193947791804729000000000","properties":{"id":"1977193947791804729000000000","pnu":"1221011900106380005"},"geometry":{"type":"MultiPolygon","coordinates":[[[[126.934467,35.123369],[126.934473,35.123306],[126.934355,35.123303],[126.934353,35.123366],[126.934467,35.123369]]]]}},{"type":"Feature","id":"1977193949101804615100000000","properties":{"id":"1977193949101804615100000000","pnu":"1221011900106380006"},"geometry":{"type":"MultiPolygon","coordinates":[[[[126.934477,35.123276],[126.934487,35.123192],[126.934398,35.123188],[126.934398,35.123193],[126.934398,35.123205],[126.934367,35.123204],[126.934365,35.123272],[126.934477,35.123276]]]]}},{"type":"Feature","id":"1977193956691803570900000000","properties":{"id":"1977193956691803570900000000","pnu":"1221011900106780011"},"geometry":{"type":"MultiPolygon","coordinates":[[[[126.934499,35.122348],[126.934553,35.122335],[126.934548,35.12228],[126.934521,35.122239],[126.934457,35.122255],[126.934499,35.122348]]]]}},{"type":"Feature","id":"1977193959371804767300000000","properties":{"id":"1977193959371804767300000000","pnu":"1221011900106380000"},"geometry":{"type":"MultiPolygon","coordinates":[[[[126.934592,35.123407],[126.934597,35.123335],[126.934564,35.123333],[126.934563,35.123341],[126.934483,35.123336],[126.934478,35.1234],[126.934592,35.123407]]]]}},{"type":"Feature","id":"1977193996571809902300000000","properties":{"id":"1977193996571809902300000000","pnu":"1221011900105540005"},"geometry":{"type":"MultiPolygon","coordinates":[[[[126.934979,35.128044],[126.935006,35.127986],[126.934943,35.127967],[126.934945,35.127961],[126.934913,35.127952],[126.93488,35.128014],[126.934979,35.128044]]]]}},{"type":"Feature","id":"1977193999481806862600000000","properties":{"id":"1977193999481806862600000000","pnu":"1221011900104850001"},"geometry":{"type":"MultiPolygon","coordinates":[[[[126.93505,35.125258],[126.934997,35.125202],[126.934906,35.125259],[126.934957,35.125318],[126.93505,35.125258]]]]}},{"type":"Feature","id":"1977194009521805440600000000","properties":{"id":"1977194009521805440600000000","pnu":"1221011900104450007"},"geometry":{"type":"MultiPolygon","coordinates":[[[[126.935152,35.124002],[126.935145,35.123941],[126.935025,35.123953],[126.935031,35.124014],[126.935152,35.124002]]]]}},{"type":"Feature","id":"1977194019581806723500000000","properties":{"id":"1977194019581806723500000000","pnu":"1221011900104850009"},"geometry":{"type":"MultiPolygon","coordinates":[[[[126.935175,35.125188],[126.935266,35.125128],[126.935224,35.125082],[126.93513,35.125136],[126.935175,35.125188]]]]}},{"type":"Feature","id":"1977194030161806629000000000","properties":{"id":"1977194030161806629000000000","pnu":"1221011900104850011"},"geometry":{"type":"MultiPolygon","coordinates":[[[[126.935339,35.125001],[126.935247,35.125056],[126.935286,35.125102],[126.935382,35.125038],[126.935346,35.125001],[126.935344,35.124998],[126.935339,35.125001]]]]}},{"type":"Feature","id":"1977194040901806552900000000","properties":{"id":"1977194040901806552900000000","pnu":"1221011900104850013"},"geometry":{"type":"MultiPolygon","coordinates":[[[[126.935388,35.125001],[126.935416,35.125033],[126.935466,35.125001],[126.935497,35.12498],[126.935451,35.12493],[126.935367,35.124975],[126.935388,35.125001]]]]}},{"type":"Feature","id":"1977194099331803298100000000","properties":{"id":"1977194099331803298100000000","pnu":"1221011900102940000"},"geometry":{"type":"MultiPolygon","coordinates":[[[[126.93601,35.122065],[126.936131,35.122068],[126.936134,35.122023],[126.936098,35.122021],[126.936097,35.122032],[126.936014,35.122029],[126.93601,35.122065]]]]}},{"type":"Feature","id":"1977194104411803010300000000","properties":{"id":"1977194104411803010300000000","pnu":"1221011900102930001"},"geometry":{"type":"MultiPolygon","coordinates":[[[[126.936079,35.121818],[126.936219,35.121818],[126.936217,35.12178],[126.936125,35.121779],[126.936099,35.121731],[126.936062,35.121741],[126.936079,35.121818]]]]}},{"type":"Feature","id":"1977194106601803197700000000","properties":{"id":"1977194106601803197700000000","pnu":"1221011900102940000"},"geometry":{"type":"MultiPolygon","coordinates":[[[[126.93612,35.122011],[126.936197,35.122007],[126.936198,35.121907],[126.936105,35.121911],[126.936103,35.121949],[126.936119,35.121949],[126.93612,35.122011]]]]}},{"type":"Feature","id":"1977194107401803096500000000","properties":{"id":"1977194107401803096500000000","pnu":"1221011900102930000"},"geometry":{"type":"MultiPolygon","coordinates":[[[[126.936109,35.121897],[126.936218,35.121897],[126.93622,35.121834],[126.936111,35.121833],[126.936109,35.121897]]]]}},{"type":"Feature","id":"1977194119851802946900000000","properties":{"id":"1977194119851802946900000000","pnu":"1221011900102910000"},"geometry":{"type":"MultiPolygon","coordinates":[[[[126.936247,35.121771],[126.936372,35.121751],[126.936362,35.121703],[126.936336,35.121707],[126.936331,35.121692],[126.936236,35.121706],[126.936247,35.121771]]]]}},{"type":"Feature","id":"1977194127691802910600000000","properties":{"id":"1977194127691802910600000000","pnu":"1221011900102910000"},"geometry":{"type":"MultiPolygon","coordinates":[[[[126.936349,35.121627],[126.936363,35.121678],[126.936355,35.121679],[126.936376,35.121757],[126.93643,35.121747],[126.93641,35.121673],[126.936391,35.121676],[126.936377,35.121623],[126.936349,35.121627]]]]}},{"type":"Feature","id":"1977194137061802939400000000","properties":{"id":"1977194137061802939400000000","pnu":"1221011900102980001"},"geometry":{"type":"MultiPolygon","coordinates":[[[[126.936443,35.121773],[126.936545,35.121756],[126.936542,35.121732],[126.936557,35.121728],[126.936538,35.121679],[126.936426,35.121693],[126.936443,35.121773]]]]}},{"type":"Feature","id":"1977194138911803038400000000","properties":{"id":"1977194138911803038400000000","pnu":"1221011900102980000"},"geometry":{"type":"MultiPolygon","coordinates":[[[[126.936458,35.121786],[126.936483,35.121863],[126.93655,35.121851],[126.936536,35.121807],[126.936562,35.121802],[126.936548,35.121767],[126.936458,35.121786]]]]}},{"type":"Feature","id":"1977194149011803015500000000","properties":{"id":"1977194149011803015500000000","pnu":"1221011900102980002"},"geometry":{"type":"MultiPolygon","coordinates":[[[[126.936573,35.121755],[126.936611,35.121844],[126.936669,35.121827],[126.93663,35.121742],[126.936573,35.121755]]]]}},{"type":"Feature","id":"1977194159231802018200000000","properties":{"id":"1977194159231802018200000000","pnu":"1221011900103240000"},"geometry":{"type":"MultiPolygon","coordinates":[[[[126.936693,35.12094],[126.936767,35.120944],[126.936774,35.120847],[126.9367,35.120845],[126.936693,35.12094]]]]}},{"type":"Feature","id":"1977194184241802194300000000","properties":{"id":"1977194184241802194300000000","pnu":"1221011900103310003"},"geometry":{"type":"MultiPolygon","coordinates":[[[[126.93695,35.121093],[126.93705,35.1211],[126.937059,35.121007],[126.936977,35.121003],[126.93697,35.121045],[126.936954,35.121044],[126.93695,35.121093]]]]}},{"type":"Feature","id":"1977194187051802064600000000","properties":{"id":"1977194187051802064600000000","pnu":"1221011900103310003"},"geometry":{"type":"MultiPolygon","coordinates":[[[[126.936984,35.120978],[126.937071,35.120994],[126.937087,35.120887],[126.937011,35.120879],[126.936984,35.120978]]]]}},{"type":"Feature","id":"1978193541641804783800000000","properties":{"id":"1978193541641804783800000000","pnu":"1221012600106360106"},"geometry":{"type":"MultiPolygon","coordinates":[[[[126.929991,35.123432],[126.929993,35.123335],[126.929921,35.123333],[126.929919,35.123431],[126.929991,35.123432]]]]}},{"type":"Feature","id":"1978193557531804672000000000","properties":{"id":"1978193557531804672000000000","pnu":"1221012600106360106"},"geometry":{"type":"MultiPolygon","coordinates":[[[[126.930065,35.12334],[126.930118,35.123354],[126.930147,35.123282],[126.930191,35.123294],[126.93021,35.123248],[126.930112,35.123222],[126.930065,35.12334]]]]}},{"type":"Feature","id":"1978193591881806308000000000","properties":{"id":"1978193591881806308000000000","pnu":"1221012600102900001"},"geometry":{"type":"MultiPolygon","coordinates":[[[[126.930562,35.124796],[126.930571,35.124747],[126.930515,35.124739],[126.930517,35.124721],[126.930461,35.124711],[126.930449,35.124779],[126.930562,35.124796]]]]}},{"type":"Feature","id":"1978193592381806068300000000","properties":{"id":"1978193592381806068300000000","pnu":"1221012600102900004"},"geometry":{"type":"MultiPolygon","coordinates":[[[[126.93054,35.124591],[126.930557,35.124503],[126.930482,35.124492],[126.930467,35.124579],[126.93054,35.124591]]]]}},{"type":"Feature","id":"1978193593611805940900000000","properties":{"id":"1978193593611805940900000000","pnu":"1221012600102900005"},"geometry":{"type":"MultiPolygon","coordinates":[[[[126.930575,35.124386],[126.930497,35.124371],[126.930477,35.124468],[126.930553,35.124481],[126.930575,35.124386]]]]}},{"type":"Feature","id":"1978193597261806277200000000","properties":{"id":"1978193597261806277200000000","pnu":"1221012600102900001"},"geometry":{"type":"MultiPolygon","coordinates":[[[[126.930553,35.124732],[126.930577,35.124735],[126.930577,35.124727],[126.930553,35.124724],[126.930553,35.124732]]]]}},{"type":"Feature","id":"1978193599171806280400000000","properties":{"id":"1978193599171806280400000000","pnu":"1221012600102900001"},"geometry":{"type":"MultiPolygon","coordinates":[[[[126.930583,35.124741],[126.930592,35.12474],[126.93059,35.124723],[126.930579,35.124724],[126.930583,35.124741]]]]}},{"type":"Feature","id":"1978193600171806279100000000","properties":{"id":"1978193600171806279100000000","pnu":"1221012600102900012"},"geometry":{"type":"MultiPolygon","coordinates":[[[[126.930595,35.124739],[126.930603,35.124738],[126.9306,35.124724],[126.930591,35.124723],[126.930595,35.124739]]]]}},{"type":"Feature","id":"1978193603061805849300000000","properties":{"id":"1978193603061805849300000000","pnu":"1221012600102900006"},"geometry":{"type":"MultiPolygon","coordinates":[[[[126.930678,35.124391],[126.930674,35.124335],[126.930659,35.12431],[126.930597,35.124297],[126.930571,35.124362],[126.930678,35.124391]]]]}},{"type":"Feature","id":"1978193603381801133800000000","properties":{"id":"1978193603381801133800000000","pnu":"1221012600102430009"},"geometry":{"type":"MultiPolygon","coordinates":[[[[126.930647,35.120144],[126.930692,35.120114],[126.930646,35.120063],[126.930651,35.120057],[126.930634,35.120041],[126.930579,35.120077],[126.930647,35.120144]]]]}},{"type":"Feature","id":"1978193603941805980000000000","properties":{"id":"1978193603941805980000000000","pnu":"1221012600102900009"},"geometry":{"type":"MultiPolygon","coordinates":[[[[126.930694,35.124504],[126.930693,35.12445],[126.930678,35.124448],[126.930679,35.124437],[126.930595,35.124417],[126.930579,35.12448],[126.930694,35.124504]]]]}},{"type":"Feature","id":"1978193604011806098200000000","properties":{"id":"1978193604011806098200000000","pnu":"1221012600102900010"},"geometry":{"type":"MultiPolygon","coordinates":[[[[126.930697,35.124616],[126.930689,35.124547],[126.930654,35.124538],[126.930654,35.124526],[126.930598,35.124517],[126.930581,35.124594],[126.930697,35.124616]]]]}},{"type":"Feature","id":"1978193605151806316800000000","properties":{"id":"1978193605151806316800000000","pnu":"1221012600102900012"},"geometry":{"type":"MultiPolygon","coordinates":[[[[126.930704,35.124808],[126.930715,35.124779],[126.930702,35.124773],[126.930703,35.124765],[126.930685,35.12476],[126.930688,35.124745],[126.930672,35.124741],[126.930672,35.124736],[126.930608,35.124722],[126.930594,35.124778],[126.930704,35.124808]]]]}},{"type":"Feature","id":"1978193608201799823700000000","properties":{"id":"1978193608201799823700000000","pnu":"1221012600102030000"},"geometry":{"type":"MultiPolygon","coordinates":[[[[126.930697,35.118972],[126.930752,35.118938],[126.930704,35.11888],[126.930709,35.118873],[126.930686,35.118853],[126.930628,35.118892],[126.930697,35.118972]]]]}},{"type":"Feature","id":"1978193610131802314500000000","properties":{"id":"1978193610131802314500000000","pnu":"1221012600102430031"},"geometry":{"type":"MultiPolygon","coordinates":[[[[126.930733,35.121213],[126.930754,35.121162],[126.930741,35.121157],[126.930752,35.121115],[126.930686,35.121101],[126.930661,35.121193],[126.930733,35.121213]]]]}},{"type":"Feature","id":"1978193611601806841600000000","properties":{"id":"1978193611601806841600000000","pnu":"1221012600102910002"},"geometry":{"type":"MultiPolygon","coordinates":[[[[126.930666,35.12528],[126.930712,35.12529],[126.930746,35.12529],[126.930782,35.125201],[126.930697,35.125181],[126.930666,35.12528]]]]}},{"type":"Feature","id":"1978193612481806301500000000","properties":{"id":"1978193612481806301500000000","pnu":"1221012600102900012"},"geometry":{"type":"MultiPolygon","coordinates":[[[[126.930726,35.124756],[126.930735,35.124757],[126.930738,35.124747],[126.930729,35.124745],[126.930726,35.124756]]]]}},{"type":"Feature","id":"1978193612831802176300000000","properties":{"id":"1978193612831802176300000000","pnu":"1221012600102430050"},"geometry":{"type":"MultiPolygon","coordinates":[[[[126.930789,35.120991],[126.930715,35.120973],[126.93069,35.121077],[126.930763,35.121092],[126.930789,35.120991]]]]}},{"type":"Feature","id":"1978193616071801798400000000","properties":{"id":"1978193616071801798400000000","pnu":"1221012600102430044"},"geometry":{"type":"MultiPolygon","coordinates":[[[[126.930742,35.120745],[126.930757,35.12074],[126.930762,35.12075],[126.930834,35.120726],[126.930837,35.120734],[126.930846,35.120731],[126.930818,35.120672],[126.930827,35.120669],[126.930808,35.120632],[126.93072,35.120661],[126.930717,35.120657],[126.930701,35.120662],[126.930742,35.120745]]]]}},{"type":"Feature","id":"1978193616611802039000000000","properties":{"id":"1978193616611802039000000000","pnu":"1221012600102430051"},"geometry":{"type":"MultiPolygon","coordinates":[[[[126.930841,35.120864],[126.93076,35.12085],[126.930724,35.120959],[126.930793,35.120973],[126.930812,35.120912],[126.930828,35.120914],[126.930841,35.120864]]]]}},{"type":"Feature","id":"1978193619361806622000000000","properties":{"id":"1978193619361806622000000000","pnu":"1221012600102910007"},"geometry":{"type":"MultiPolygon","coordinates":[[[[126.930769,35.125],[126.930752,35.125055],[126.930853,35.12508],[126.930866,35.125036],[126.930819,35.125021],[126.930822,35.12501],[126.930787,35.125],[126.93077,35.124996],[126.930769,35.125]]]]}},{"type":"Feature","id":"1978193619711802378900000000","properties":{"id":"1978193619711802378900000000","pnu":"1221012600102430047"},"geometry":{"type":"MultiPolygon","coordinates":[[[[126.93085,35.121263],[126.930876,35.121197],[126.930779,35.121171],[126.93075,35.12123],[126.93085,35.121263]]]]}},{"type":"Feature","id":"1978193622101801904200000000","properties":{"id":"1978193622101801904200000000","pnu":"1221012600102430001"},"geometry":{"type":"MultiPolygon","coordinates":[[[[126.930887,35.120748],[126.930825,35.120728],[126.930796,35.120831],[126.930856,35.120846],[126.930887,35.120748]]]]}},{"type":"Feature","id":"1978193628301802407700000000","properties":{"id":"1978193628301802407700000000","pnu":"1221012600102430032"},"geometry":{"type":"MultiPolygon","coordinates":[[[[126.93093,35.121294],[126.930961,35.121207],[126.930891,35.121187],[126.930854,35.121277],[126.93093,35.121294]]]]}},{"type":"Feature","id":"1978193630451801933500000000","properties":{"id":"1978193630451801933500000000","pnu":"1221012600102430042"},"geometry":{"type":"MultiPolygon","coordinates":[[[[126.930958,35.120866],[126.930984,35.120784],[126.930908,35.120761],[126.930881,35.120845],[126.930958,35.120866]]]]}},{"type":"Feature","id":"1978193632621806924100000000","properties":{"id":"1978193632621806924100000000","pnu":"1221012600102930003"},"geometry":{"type":"MultiPolygon","coordinates":[[[[126.930891,35.125262],[126.930867,35.125302],[126.930903,35.125345],[126.930962,35.125362],[126.931038,35.125328],[126.931054,35.125301],[126.930891,35.125262]]]]}},{"type":"Feature","id":"1978193633551806228200000000","properties":{"id":"1978193633551806228200000000","pnu":"1221012600102930002"},"geometry":{"type":"MultiPolygon","coordinates":[[[[126.931003,35.124725],[126.931019,35.124669],[126.930925,35.124645],[126.930908,35.124703],[126.931003,35.124725]]]]}},{"type":"Feature","id":"1978193634791806820900000000","properties":{"id":"1978193634791806820900000000","pnu":"1221012600102920001"},"geometry":{"type":"MultiPolygon","coordinates":[[[[126.931052,35.125205],[126.930923,35.125172],[126.930917,35.125188],[126.93092,35.125189],[126.930902,35.125235],[126.931026,35.125267],[126.931052,35.125205]]]]}},{"type":"Feature","id":"1978193636331801896500000000","properties":{"id":"1978193636331801896500000000","pnu":"1221012600102430042"},"geometry":{"type":"MultiPolygon","coordinates":[[[[126.930997,35.120785],[126.930998,35.120785],[126.930999,35.120785],[126.931,35.120785],[126.931001,35.120784],[126.931001,35.120784],[126.931002,35.120783],[126.931002,35.120783],[126.931003,35.120782],[126.931003,35.120781],[126.931003,35.12078],[126.931002,35.120779],[126.931002,35.120779],[126.931001,35.120778],[126.931001,35.120778],[126.931,35.120777],[126.930999,35.120777],[126.930998,35.120777],[126.930997,35.120776],[126.930996,35.120777],[126.930995,35.120777],[126.930994,35.120777],[126.930994,35.120778],[126.930993,35.120778],[126.930992,35.120779],[126.930992,35.120779],[126.930992,35.12078],[126.930992,35.120781],[126.930992,35.120782],[126.930992,35.120783],[126.930992,35.120783],[126.930993,35.120784],[126.930994,35.120784],[126.930994,35.120785],[126.930995,35.120785],[126.930996,35.120785],[126.930997,35.120785]]]]}},{"type":"Feature","id":"1978193638921805943600000000","properties":{"id":"1978193638921805943600000000","pnu":"1221012600102880025"},"geometry":{"type":"MultiPolygon","coordinates":[[[[126.931084,35.124472],[126.931089,35.124449],[126.931052,35.124407],[126.930975,35.124384],[126.930959,35.124438],[126.931084,35.124472]]]]}},{"type":"Feature","id":"1978193639091802443700000000","properties":{"id":"1978193639091802443700000000","pnu":"1221012600102430033"},"geometry":{"type":"MultiPolygon","coordinates":[[[[126.931048,35.121327],[126.931083,35.121238],[126.931003,35.121223],[126.930973,35.121312],[126.931048,35.121327]]]]}},{"type":"Feature","id":"1978193640291806722300000000","properties":{"id":"1978193640291806722300000000","pnu":"1221012600102920002"},"geometry":{"type":"MultiPolygon","coordinates":[[[[126.93112,35.125182],[126.931132,35.12516],[126.931087,35.12514],[126.931098,35.125105],[126.931046,35.125093],[126.931043,35.125098],[126.930968,35.125084],[126.930952,35.125141],[126.93112,35.125182]]]]}},{"type":"Feature","id":"1978193643331802283600000000","properties":{"id":"1978193643331802283600000000","pnu":"1221012600102430034"},"geometry":{"type":"MultiPolygon","coordinates":[[[[126.931014,35.121168],[126.9311,35.121187],[126.931133,35.121091],[126.931047,35.121073],[126.931014,35.121168]]]]}},{"type":"Feature","id":"1978193645311801755100000000","properties":{"id":"1978193645311801755100000000","pnu":"1221012600102430018"},"geometry":{"type":"MultiPolygon","coordinates":[[[[126.931123,35.120713],[126.931152,35.120612],[126.93107,35.120593],[126.931039,35.120696],[126.931123,35.120713]]]]}},{"type":"Feature","id":"1978193645361806502800000000","properties":{"id":"1978193645361806502800000000","pnu":"1221012600102930010"},"geometry":{"type":"MultiPolygon","coordinates":[[[[126.931136,35.124978],[126.931154,35.124909],[126.931072,35.12489],[126.931067,35.124899],[126.931046,35.124895],[126.931029,35.124956],[126.931136,35.124978]]]]}},{"type":"Feature","id":"1978193647541801348800000000","properties":{"id":"1978193647541801348800000000","pnu":"1221012600102430027"},"geometry":{"type":"MultiPolygon","coordinates":[[[[126.931169,35.120341],[126.931193,35.120266],[126.931073,35.120233],[126.931048,35.120309],[126.931169,35.120341]]]]}},{"type":"Feature","id":"1978193648071801630800000000","properties":{"id":"1978193648071801630800000000","pnu":"1221012600102430022"},"geometry":{"type":"MultiPolygon","coordinates":[[[[126.931178,35.120588],[126.9312,35.120525],[126.931079,35.120493],[126.931053,35.120562],[126.931178,35.120588]]]]}},{"type":"Feature","id":"1978193648181802124000000000","properties":{"id":"1978193648181802124000000000","pnu":"1221012600102430039"},"geometry":{"type":"MultiPolygon","coordinates":[[[[126.931069,35.12103],[126.931151,35.121046],[126.931185,35.120942],[126.931104,35.120926],[126.931069,35.12103]]]]}},{"type":"Feature","id":"1978193648291806401500000000","properties":{"id":"1978193648291806401500000000","pnu":"1221012600102930012"},"geometry":{"type":"MultiPolygon","coordinates":[[[[126.931167,35.124892],[126.931187,35.124813],[126.93112,35.124795],[126.931111,35.124808],[126.931076,35.1248],[126.93106,35.124866],[126.931167,35.124892]]]]}},{"type":"Feature","id":"1978193651161801525100000000","properties":{"id":"1978193651161801525100000000","pnu":"1221012600102430023"},"geometry":{"type":"MultiPolygon","coordinates":[[[[126.931218,35.120503],[126.93125,35.120429],[126.931102,35.120386],[126.931074,35.120468],[126.931218,35.120503]]]]}},{"type":"Feature","id":"1978193652451801985900000000","properties":{"id":"1978193652451801985900000000","pnu":"1221012600102430040"},"geometry":{"type":"MultiPolygon","coordinates":[[[[126.9312,35.120903],[126.931224,35.120841],[126.931148,35.120821],[126.931123,35.120881],[126.9312,35.120903]]]]}},{"type":"Feature","id":"1978193652921806112900000000","properties":{"id":"1978193652921806112900000000","pnu":"1221012600102860002"},"geometry":{"type":"MultiPolygon","coordinates":[[[[126.931163,35.124584],[126.931186,35.124588],[126.931188,35.12458],[126.931166,35.124574],[126.931163,35.124584]]]]}},{"type":"Feature","id":"1978193653291806173300000000","properties":{"id":"1978193653291806173300000000","pnu":"1221012600102860002"},"geometry":{"type":"MultiPolygon","coordinates":[[[[126.931221,35.124676],[126.931233,35.12462],[126.93114,35.124597],[126.931126,35.124652],[126.931221,35.124676]]]]}},{"type":"Feature","id":"1978193654171801778200000000","properties":{"id":"1978193654171801778200000000","pnu":"1221012600102430020"},"geometry":{"type":"MultiPolygon","coordinates":[[[[126.931253,35.120629],[126.931165,35.120609],[126.931128,35.120713],[126.931228,35.12074],[126.931243,35.120695],[126.931233,35.120691],[126.931253,35.120629]]]]}},{"type":"Feature","id":"1978193655251801276900000000","properties":{"id":"1978193655251801276900000000","pnu":"1221012600102430028"},"geometry":{"type":"MultiPolygon","coordinates":[[[[126.931285,35.120259],[126.93124,35.120207],[126.931158,35.120176],[126.93113,35.120221],[126.931278,35.12027],[126.931285,35.120259]]]]}},{"type":"Feature","id":"1978193659861806452300000000","properties":{"id":"1978193659861806452300000000","pnu":"1221012600102930013"},"geometry":{"type":"MultiPolygon","coordinates":[[[[126.931306,35.124928],[126.931316,35.124896],[126.931306,35.124892],[126.931306,35.124883],[126.931285,35.124878],[126.931287,35.124868],[126.931251,35.124859],[126.931251,35.124853],[126.93121,35.124843],[126.931191,35.124901],[126.931306,35.124928]]]]}},{"type":"Feature","id":"1978193659941801399800000000","properties":{"id":"1978193659941801399800000000","pnu":"1221012600102430026"},"geometry":{"type":"MultiPolygon","coordinates":[[[[126.931287,35.120386],[126.931318,35.120303],[126.931224,35.120279],[126.931198,35.120368],[126.931287,35.120386]]]]}},{"type":"Feature","id":"1978193661301801782600000000","properties":{"id":"1978193661301801782600000000","pnu":"1221012600102430020"},"geometry":{"type":"MultiPolygon","coordinates":[[[[126.931306,35.120638],[126.931268,35.120629],[126.931236,35.120719],[126.931275,35.120728],[126.931306,35.120638]]]]}},{"type":"Feature","id":"1978193664671806174100000000","properties":{"id":"1978193664671806174100000000","pnu":"1221012600102860010"},"geometry":{"type":"MultiPolygon","coordinates":[[[[126.931364,35.124584],[126.931292,35.124567],[126.931246,35.12469],[126.931315,35.124708],[126.931364,35.124584]]]]}},{"type":"Feature","id":"1978193664781801565900000000","properties":{"id":"1978193664781801565900000000","pnu":"1221012600102430024"},"geometry":{"type":"MultiPolygon","coordinates":[[[[126.931342,35.120531],[126.931369,35.120459],[126.931278,35.120435],[126.931249,35.120507],[126.931342,35.120531]]]]}},{"type":"Feature","id":"1978193667331806679500000000","properties":{"id":"1978193667331806679500000000","pnu":"1221012600102930008"},"geometry":{"type":"MultiPolygon","coordinates":[[[[126.931277,35.125141],[126.931294,35.125142],[126.931337,35.125141],[126.931378,35.125134],[126.931389,35.125092],[126.931374,35.125088],[126.931383,35.125047],[126.931304,35.125033],[126.931277,35.125141]]]]}},{"type":"Feature","id":"1978193668321801456500000000","properties":{"id":"1978193668321801456500000000","pnu":"1221012600102430026"},"geometry":{"type":"MultiPolygon","coordinates":[[[[126.931379,35.120421],[126.931395,35.120403],[126.931364,35.120357],[126.931324,35.120345],[126.931303,35.120396],[126.931379,35.120421]]]]}},{"type":"Feature","id":"1978193670161806528100000000","properties":{"id":"1978193670161806528100000000","pnu":"1221012600102930014"},"geometry":{"type":"MultiPolygon","coordinates":[[[[126.931364,35.125],[126.931402,35.125009],[126.931405,35.125],[126.931418,35.12496],[126.931408,35.124957],[126.931413,35.124941],[126.931403,35.124936],[126.931404,35.124915],[126.931338,35.124898],[126.931306,35.124987],[126.931364,35.125]]]]}},{"type":"Feature","id":"1978193671591806369700000000","properties":{"id":"1978193671591806369700000000","pnu":"1221012600102930015"},"geometry":{"type":"MultiPolygon","coordinates":[[[[126.931399,35.12486],[126.931426,35.124781],[126.931364,35.124766],[126.931333,35.124843],[126.931399,35.12486]]]]}},{"type":"Feature","id":"1978193673361806207400000000","properties":{"id":"1978193673361806207400000000","pnu":"1221012600102930019"},"geometry":{"type":"MultiPolygon","coordinates":[[[[126.931447,35.124617],[126.931386,35.124604],[126.931351,35.124715],[126.931417,35.124728],[126.931447,35.124617]]]]}},{"type":"Feature","id":"1978193688141805537800000000","properties":{"id":"1978193688141805537800000000","pnu":"1221012600102850003"},"geometry":{"type":"MultiPolygon","coordinates":[[[[126.931607,35.124098],[126.931603,35.124027],[126.931518,35.124029],[126.931523,35.1241],[126.931607,35.124098]]]]}},{"type":"Feature","id":"1978193688961805651500000000","properties":{"id":"1978193688961805651500000000","pnu":"1221012600102850002"},"geometry":{"type":"MultiPolygon","coordinates":[[[[126.93161,35.124209],[126.93161,35.124123],[126.931532,35.124123],[126.931533,35.124209],[126.93161,35.124209]]]]}},{"type":"Feature","id":"1978193701261808306100000000","properties":{"id":"1978193701261808306100000000","pnu":"1221011900106020001"},"geometry":{"type":"MultiPolygon","coordinates":[[[[126.931744,35.126535],[126.931714,35.126519],[126.931665,35.126584],[126.931696,35.126597],[126.931744,35.126535]]]]}},{"type":"Feature","id":"1978193706241807517900000000","properties":{"id":"1978193706241807517900000000","pnu":"1221011900106010000"},"geometry":{"type":"MultiPolygon","coordinates":[[[[126.931777,35.125897],[126.931805,35.125817],[126.931743,35.125799],[126.931714,35.125879],[126.931777,35.125897]]]]}},{"type":"Feature","id":"1978193706811807976300000000","properties":{"id":"1978193706811807976300000000","pnu":"1221011900105990008"},"geometry":{"type":"MultiPolygon","coordinates":[[[[126.931791,35.126313],[126.931824,35.126232],[126.93174,35.126208],[126.931708,35.126294],[126.931791,35.126313]]]]}},{"type":"Feature","id":"1978193707771805370200000000","properties":{"id":"1978193707771805370200000000","pnu":"1221012600102830005"},"geometry":{"type":"MultiPolygon","coordinates":[[[[126.93183,35.123873],[126.931773,35.123869],[126.931772,35.123882],[126.93173,35.123878],[126.931721,35.123944],[126.931823,35.123955],[126.93183,35.123873]]]]}},{"type":"Feature","id":"1978193708361805108000000000","properties":{"id":"1978193708361805108000000000","pnu":"1221012600102830011"},"geometry":{"type":"MultiPolygon","coordinates":[[[[126.931828,35.123651],[126.931749,35.123639],[126.931744,35.123704],[126.93182,35.123712],[126.931828,35.123651]]]]}},{"type":"Feature","id":"1978193710341808202900000000","properties":{"id":"1978193710341808202900000000","pnu":"1221011900106020001"},"geometry":{"type":"MultiPolygon","coordinates":[[[[126.931764,35.126517],[126.931868,35.126469],[126.931839,35.126415],[126.931769,35.126443],[126.931745,35.126495],[126.931764,35.126517]]]]}},{"type":"Feature","id":"1978193715371807550500000000","properties":{"id":"1978193715371807550500000000","pnu":"1221011900106010008"},"geometry":{"type":"MultiPolygon","coordinates":[[[[126.93186,35.125882],[126.931861,35.125882],[126.931862,35.125882],[126.931863,35.125882],[126.931863,35.125881],[126.931864,35.125881],[126.931865,35.12588],[126.931865,35.125879],[126.931865,35.125878],[126.931865,35.125878],[126.931865,35.125877],[126.931865,35.125876],[126.931865,35.125875],[126.931864,35.125875],[126.931863,35.125874],[126.931863,35.125874],[126.931862,35.125873],[126.931861,35.125873],[126.93186,35.125873],[126.931859,35.125873],[126.931858,35.125873],[126.931857,35.125874],[126.931856,35.125874],[126.931856,35.125875],[126.931855,35.125875],[126.931855,35.125876],[126.931854,35.125877],[126.931854,35.125878],[126.931854,35.125878],[126.931855,35.125879],[126.931855,35.12588],[126.931856,35.125881],[126.931856,35.125881],[126.931857,35.125882],[126.931858,35.125882],[126.931859,35.125882],[126.93186,35.125882]]]]}},{"type":"Feature","id":"1978193720091807615200000000","properties":{"id":"1978193720091807615200000000","pnu":"1221011900106010008"},"geometry":{"type":"MultiPolygon","coordinates":[[[[126.931956,35.12598],[126.931982,35.125937],[126.931866,35.125892],[126.931843,35.125935],[126.931956,35.12598]]]]}},{"type":"Feature","id":"1978193722461809163200000000","properties":{"id":"1978193722461809163200000000","pnu":"1221011900105400019"},"geometry":{"type":"MultiPolygon","coordinates":[[[[126.932016,35.12732],[126.931955,35.127296],[126.931952,35.127303],[126.931893,35.127286],[126.931885,35.127303],[126.931867,35.1273],[126.93185,35.127337],[126.931987,35.127382],[126.932016,35.12732]]]]}},{"type":"Feature","id":"1978193726371807785100000000","properties":{"id":"1978193726371807785100000000","pnu":"1221011900105990006"},"geometry":{"type":"MultiPolygon","coordinates":[[[[126.932022,35.126055],[126.931962,35.126043],[126.931941,35.126125],[126.931996,35.126137],[126.932022,35.126055]]]]}},{"type":"Feature","id":"1978193732421807701200000000","properties":{"id":"1978193732421807701200000000","pnu":"1221011900106010007"},"geometry":{"type":"MultiPolygon","coordinates":[[[[126.932085,35.126057],[126.932105,35.125992],[126.93202,35.125972],[126.932015,35.125984],[126.932002,35.125981],[126.931987,35.126033],[126.932085,35.126057]]]]}},{"type":"Feature","id":"1978193732641806763500000000","properties":{"id":"1978193732641806763500000000","pnu":"1221011900105950000"},"geometry":{"type":"MultiPolygon","coordinates":[[[[126.931973,35.125224],[126.932139,35.125175],[126.932119,35.125118],[126.93199,35.125145],[126.931966,35.125206],[126.931973,35.125224]]]]}},{"type":"Feature","id":"1978193735551806626100000000","properties":{"id":"1978193735551806626100000000","pnu":"1221011900105950003"},"geometry":{"type":"MultiPolygon","coordinates":[[[[126.932079,35.125001],[126.932081,35.125008],[126.932033,35.125016],[126.932007,35.125094],[126.932007,35.1251],[126.932155,35.125065],[126.932133,35.125],[126.932128,35.124987],[126.932078,35.124996],[126.932079,35.125001]]]]}},{"type":"Feature","id":"1978193738981806425800000000","properties":{"id":"1978193738981806425800000000","pnu":"1221011900106570000"},"geometry":{"type":"MultiPolygon","coordinates":[[[[126.932098,35.124814],[126.932064,35.124915],[126.932082,35.124919],[126.93209,35.124906],[126.932107,35.124908],[126.93211,35.124899],[126.932127,35.124901],[126.932128,35.124894],[126.932143,35.124895],[126.932149,35.124885],[126.932164,35.124887],[126.932177,35.124834],[126.932098,35.124814]]]]}},{"type":"Feature","id":"1978193739141807451800000000","properties":{"id":"1978193739141807451800000000","pnu":"1221011900106010004"},"geometry":{"type":"MultiPolygon","coordinates":[[[[126.932167,35.125819],[126.932172,35.125763],[126.932118,35.125757],[126.932117,35.125765],[126.93209,35.125764],[126.93209,35.125772],[126.932065,35.125772],[126.932064,35.125811],[126.932167,35.125819]]]]}},{"type":"Feature","id":"1978193741801806324700000000","properties":{"id":"1978193741801806324700000000","pnu":"1221011900106570003"},"geometry":{"type":"MultiPolygon","coordinates":[[[[126.932103,35.124804],[126.932177,35.124822],[126.932192,35.124778],[126.932173,35.124727],[126.932135,35.124718],[126.932103,35.124804]]]]}},{"type":"Feature","id":"1978193743311808671100000000","properties":{"id":"1978193743311808671100000000","pnu":"1221011900105730026"},"geometry":{"type":"MultiPolygon","coordinates":[[[[126.932166,35.126892],[126.932166,35.126892],[126.932167,35.126892],[126.932168,35.126892],[126.932169,35.126891],[126.93217,35.126891],[126.93217,35.12689],[126.932171,35.126889],[126.932171,35.126889],[126.932171,35.126888],[126.932171,35.126887],[126.932171,35.126886],[126.93217,35.126886],[126.93217,35.126885],[126.932169,35.126884],[126.932168,35.126884],[126.932167,35.126884],[126.932166,35.126883],[126.932166,35.126883],[126.932165,35.126883],[126.932164,35.126884],[126.932163,35.126884],[126.932162,35.126884],[126.932161,35.126885],[126.932161,35.126886],[126.93216,35.126886],[126.93216,35.126887],[126.93216,35.126888],[126.93216,35.126889],[126.93216,35.126889],[126.932161,35.12689],[126.932161,35.126891],[126.932162,35.126891],[126.932163,35.126892],[126.932164,35.126892],[126.932165,35.126892],[126.932166,35.126892]]]]}},{"type":"Feature","id":"1978193745911808743300000000","properties":{"id":"1978193745911808743300000000","pnu":"1221011900105730026"},"geometry":{"type":"MultiPolygon","coordinates":[[[[126.932228,35.126997],[126.932255,35.126928],[126.93223,35.126923],[126.932226,35.12693],[126.932158,35.126911],[126.932132,35.12697],[126.932228,35.126997]]]]}},{"type":"Feature","id":"1978193747251806574600000000","properties":{"id":"1978193747251806574600000000","pnu":"1221011900105950007"},"geometry":{"type":"MultiPolygon","coordinates":[[[[126.932165,35.125],[126.932186,35.125062],[126.932271,35.125037],[126.932258,35.125],[126.932234,35.124935],[126.93215,35.124959],[126.932165,35.125]]]]}},{"type":"Feature","id":"1978193747611806708100000000","properties":{"id":"1978193747611806708100000000","pnu":"1221011900105950010"},"geometry":{"type":"MultiPolygon","coordinates":[[[[126.932282,35.125131],[126.932258,35.125082],[126.932138,35.125106],[126.932141,35.125123],[126.93221,35.125157],[126.932282,35.125131]]]]}},{"type":"Feature","id":"1978193751151808686400000000","properties":{"id":"1978193751151808686400000000","pnu":"1221011900105730026"},"geometry":{"type":"MultiPolygon","coordinates":[[[[126.932252,35.126906],[126.932253,35.126906],[126.932253,35.126906],[126.932254,35.126906],[126.932255,35.126905],[126.932256,35.126905],[126.932256,35.126904],[126.932257,35.126903],[126.932257,35.126903],[126.932257,35.126902],[126.932257,35.126901],[126.932257,35.1269],[126.932256,35.1269],[126.932256,35.126899],[126.932255,35.126898],[126.932254,35.126898],[126.932253,35.126898],[126.932253,35.126897],[126.932252,35.126897],[126.932251,35.126897],[126.93225,35.126898],[126.932249,35.126898],[126.932248,35.126898],[126.932247,35.126899],[126.932247,35.1269],[126.932246,35.1269],[126.932246,35.126901],[126.932246,35.126902],[126.932246,35.126903],[126.932246,35.126903],[126.932247,35.126904],[126.932247,35.126905],[126.932248,35.126905],[126.932249,35.126906],[126.93225,35.126906],[126.932251,35.126906],[126.932252,35.126906]]]]}},{"type":"Feature","id":"1978193751551808819100000000","properties":{"id":"1978193751551808819100000000","pnu":"1221011900105730023"},"geometry":{"type":"MultiPolygon","coordinates":[[[[126.932256,35.127026],[126.932257,35.127026],[126.932258,35.127026],[126.932259,35.127025],[126.932259,35.127025],[126.93226,35.127024],[126.932261,35.127024],[126.932261,35.127023],[126.932261,35.127022],[126.932261,35.127021],[126.932261,35.127021],[126.932261,35.12702],[126.932261,35.127019],[126.93226,35.127019],[126.932259,35.127018],[126.932259,35.127018],[126.932258,35.127017],[126.932257,35.127017],[126.932256,35.127017],[126.932255,35.127017],[126.932254,35.127017],[126.932253,35.127018],[126.932252,35.127018],[126.932252,35.127019],[126.932251,35.127019],[126.932251,35.12702],[126.93225,35.127021],[126.93225,35.127021],[126.93225,35.127022],[126.932251,35.127023],[126.932251,35.127024],[126.932252,35.127024],[126.932252,35.127025],[126.932253,35.127025],[126.932254,35.127026],[126.932255,35.127026],[126.932256,35.127026]]]]}},{"type":"Feature","id":"1978193753921808923100000000","properties":{"id":"1978193753921808923100000000","pnu":"1221011900105730023"},"geometry":{"type":"MultiPolygon","coordinates":[[[[126.932334,35.127098],[126.932251,35.127076],[126.932227,35.127129],[126.932314,35.127156],[126.932334,35.127098]]]]}},{"type":"Feature","id":"1978193756311806667400000000","properties":{"id":"1978193756311806667400000000","pnu":"1221011900105950010"},"geometry":{"type":"MultiPolygon","coordinates":[[[[126.932335,35.12506],[126.932307,35.125051],[126.932284,35.125105],[126.932313,35.125112],[126.932335,35.12506]]]]}},{"type":"Feature","id":"1978193757301808761000000000","properties":{"id":"1978193757301808761000000000","pnu":"1221011900105730025"},"geometry":{"type":"MultiPolygon","coordinates":[[[[126.932346,35.127021],[126.932381,35.126943],[126.93229,35.126916],[126.932259,35.126997],[126.932346,35.127021]]]]}},{"type":"Feature","id":"1978193757381806520000000000","properties":{"id":"1978193757381806520000000000","pnu":"1221011900105950009"},"geometry":{"type":"MultiPolygon","coordinates":[[[[126.932287,35.124997],[126.932368,35.124975],[126.932377,35.124946],[126.932361,35.124905],[126.932262,35.124926],[126.932287,35.124997]]]]}},{"type":"Feature","id":"1978193761711806723800000000","properties":{"id":"1978193761711806723800000000","pnu":"1221011900106040014"},"geometry":{"type":"MultiPolygon","coordinates":[[[[126.932303,35.125175],[126.932385,35.125199],[126.932409,35.125148],[126.932421,35.125151],[126.932437,35.125095],[126.932342,35.125069],[126.932303,35.125175]]]]}},{"type":"Feature","id":"1978193770321805727100000000","properties":{"id":"1978193770321805727100000000","pnu":"1221011900106530007"},"geometry":{"type":"MultiPolygon","coordinates":[[[[126.932464,35.124239],[126.932465,35.124239],[126.932466,35.124239],[126.932467,35.124238],[126.932468,35.124238],[126.932468,35.124237],[126.932469,35.124237],[126.932469,35.124236],[126.93247,35.124235],[126.93247,35.124235],[126.93247,35.124234],[126.932469,35.124233],[126.932469,35.124232],[126.932468,35.124232],[126.932468,35.124231],[126.932467,35.124231],[126.932466,35.12423],[126.932465,35.12423],[126.932464,35.12423],[126.932463,35.12423],[126.932462,35.12423],[126.932461,35.124231],[126.932461,35.124231],[126.93246,35.124232],[126.932459,35.124232],[126.932459,35.124233],[126.932459,35.124234],[126.932459,35.124235],[126.932459,35.124235],[126.932459,35.124236],[126.932459,35.124237],[126.93246,35.124237],[126.932461,35.124238],[126.932461,35.124238],[126.932462,35.124239],[126.932463,35.124239],[126.932464,35.124239]]]]}},{"type":"Feature","id":"1978193774371805786600000000","properties":{"id":"1978193774371805786600000000","pnu":"1221011900106530007"},"geometry":{"type":"MultiPolygon","coordinates":[[[[126.932556,35.124325],[126.93257,35.124273],[126.932472,35.124252],[126.932469,35.124261],[126.932459,35.124258],[126.932445,35.124302],[126.932556,35.124325]]]]}},{"type":"Feature","id":"1978193785851808986400000000","properties":{"id":"1978193785851808986400000000","pnu":"1221011900105700013"},"geometry":{"type":"MultiPolygon","coordinates":[[[[126.932669,35.127215],[126.932692,35.127159],[126.932655,35.127145],[126.932654,35.127149],[126.932595,35.12713],[126.932571,35.127185],[126.932669,35.127215]]]]}},{"type":"Feature","id":"1978193786521805836800000000","properties":{"id":"1978193786521805836800000000","pnu":"1221011900106530008"},"geometry":{"type":"MultiPolygon","coordinates":[[[[126.932694,35.124378],[126.932711,35.124315],[126.932593,35.124286],[126.932574,35.124357],[126.932694,35.124378]]]]}},{"type":"Feature","id":"1978193787581806181600000000","properties":{"id":"1978193787581806181600000000","pnu":"1221011900106540001"},"geometry":{"type":"MultiPolygon","coordinates":[[[[126.932573,35.124669],[126.93268,35.124687],[126.932726,35.124667],[126.932741,35.124625],[126.932594,35.124598],[126.932573,35.124669]]]]}},{"type":"Feature","id":"1978193797461809034800000000","properties":{"id":"1978193797461809034800000000","pnu":"1221011900105700015"},"geometry":{"type":"MultiPolygon","coordinates":[[[[126.932794,35.127253],[126.932815,35.127209],[126.932727,35.127176],[126.932706,35.127227],[126.932794,35.127253]]]]}},{"type":"Feature","id":"1978193820191808998100000000","properties":{"id":"1978193820191808998100000000","pnu":"1221011900105710006"},"geometry":{"type":"MultiPolygon","coordinates":[[[[126.933051,35.127233],[126.933078,35.127152],[126.933041,35.127144],[126.93304,35.127149],[126.93296,35.127139],[126.932939,35.127209],[126.933051,35.127233]]]]}},{"type":"Feature","id":"1978193822971809568900000000","properties":{"id":"1978193822971809568900000000","pnu":"1221011900105400026"},"geometry":{"type":"MultiPolygon","coordinates":[[[[126.933103,35.127681],[126.93303,35.127658],[126.933026,35.127666],[126.932995,35.127658],[126.932974,35.127713],[126.933076,35.127742],[126.933103,35.127681]]]]}},{"type":"Feature","id":"1978193850821803670800000000","properties":{"id":"1978193850821803670800000000","pnu":"1221011900106720001"},"geometry":{"type":"MultiPolygon","coordinates":[[[[126.933282,35.122426],[126.933437,35.122407],[126.933426,35.122357],[126.933412,35.122357],[126.933408,35.122346],[126.933376,35.122348],[126.933375,35.122341],[126.933342,35.122346],[126.933341,35.122338],[126.933272,35.122349],[126.933282,35.122426]]]]}},{"type":"Feature","id":"1978193851621804977400000000","properties":{"id":"1978193851621804977400000000","pnu":"1221011900106460018"},"geometry":{"type":"MultiPolygon","coordinates":[[[[126.933303,35.123609],[126.933437,35.123561],[126.933409,35.123509],[126.933276,35.123559],[126.933303,35.123609]]]]}},{"type":"Feature","id":"1978193859611808882400000000","properties":{"id":"1978193859611808882400000000","pnu":"1221011900105660008"},"geometry":{"type":"MultiPolygon","coordinates":[[[[126.933487,35.12713],[126.933492,35.127109],[126.933478,35.127047],[126.933413,35.127027],[126.933382,35.127098],[126.933487,35.12713]]]]}},{"type":"Feature","id":"1978193864031802416800000000","properties":{"id":"1978193864031802416800000000","pnu":"1221011900106870005"},"geometry":{"type":"MultiPolygon","coordinates":[[[[126.933447,35.121211],[126.933424,35.121271],[126.933513,35.12129],[126.933517,35.121277],[126.933541,35.121282],[126.933548,35.121259],[126.933569,35.121263],[126.933577,35.121239],[126.933447,35.121211]]]]}},{"type":"Feature","id":"1978193870361808480800000000","properties":{"id":"1978193870361808480800000000","pnu":"1221011900105660003"},"geometry":{"type":"MultiPolygon","coordinates":[[[[126.933492,35.126747],[126.933634,35.126751],[126.933636,35.126697],[126.93355,35.126689],[126.93355,35.126677],[126.933495,35.126675],[126.933492,35.126747]]]]}},{"type":"Feature","id":"1978193873961808921600000000","properties":{"id":"1978193873961808921600000000","pnu":"1221011900105650001"},"geometry":{"type":"MultiPolygon","coordinates":[[[[126.933623,35.127166],[126.933646,35.127078],[126.933592,35.127066],[126.933588,35.127082],[126.933566,35.127078],[126.933554,35.127115],[126.933557,35.127148],[126.933623,35.127166]]]]}},{"type":"Feature","id":"1978193898811809541800000000","properties":{"id":"1978193898811809541800000000","pnu":"1221011900105520011"},"geometry":{"type":"MultiPolygon","coordinates":[[[[126.933839,35.127718],[126.933918,35.12771],[126.93391,35.127656],[126.933902,35.127656],[126.933902,35.127646],[126.933884,35.127646],[126.933883,35.127628],[126.933831,35.127625],[126.933839,35.127718]]]]}},{"type":"Feature","id":"1978193900671809671900000000","properties":{"id":"1978193900671809671900000000","pnu":"1221011900105520010"},"geometry":{"type":"MultiPolygon","coordinates":[[[[126.933855,35.127846],[126.933943,35.127836],[126.933932,35.127756],[126.933923,35.127756],[126.933921,35.127738],[126.933842,35.127742],[126.933855,35.127846]]]]}},{"type":"Feature","id":"1978193903311809786600000000","properties":{"id":"1978193903311809786600000000","pnu":"1221011900105520002"},"geometry":{"type":"MultiPolygon","coordinates":[[[[126.933869,35.127931],[126.933979,35.127923],[126.933974,35.127864],[126.933942,35.127865],[126.933941,35.127857],[126.933863,35.127865],[126.933869,35.127931]]]]}},{"type":"Feature","id":"1978193904321802575300000000","properties":{"id":"1978193904321802575300000000","pnu":"1221011900106810002"},"geometry":{"type":"MultiPolygon","coordinates":[[[[126.933977,35.121455],[126.934025,35.121399],[126.933894,35.121332],[126.933852,35.121394],[126.933977,35.121455]]]]}},{"type":"Feature","id":"1978193925111803821900000000","properties":{"id":"1978193925111803821900000000","pnu":"1221011900106780003"},"geometry":{"type":"MultiPolygon","coordinates":[[[[126.934127,35.122561],[126.934226,35.122536],[126.934201,35.122475],[126.934101,35.1225],[126.934127,35.122561]]]]}},{"type":"Feature","id":"1978193925131809370900000000","properties":{"id":"1978193925131809370900000000","pnu":"1221011900105530017"},"geometry":{"type":"MultiPolygon","coordinates":[[[[126.93416,35.127524],[126.934161,35.127524],[126.934162,35.127524],[126.934163,35.127524],[126.934163,35.127523],[126.934164,35.127523],[126.934165,35.127522],[126.934165,35.127521],[126.934165,35.127521],[126.934165,35.12752],[126.934165,35.127519],[126.934165,35.127518],[126.934165,35.127518],[126.934164,35.127517],[126.934163,35.127516],[126.934163,35.127516],[126.934162,35.127516],[126.934161,35.127515],[126.93416,35.127515],[126.934159,35.127515],[126.934158,35.127516],[126.934157,35.127516],[126.934156,35.127516],[126.934156,35.127517],[126.934155,35.127518],[126.934155,35.127518],[126.934154,35.127519],[126.934154,35.12752],[126.934154,35.127521],[126.934155,35.127521],[126.934155,35.127522],[126.934156,35.127523],[126.934156,35.127523],[126.934157,35.127524],[126.934158,35.127524],[126.934159,35.127524],[126.93416,35.127524]]]]}},{"type":"Feature","id":"1978193926901802975700000000","properties":{"id":"1978193926901802975700000000","pnu":"1221011900106780039"},"geometry":{"type":"MultiPolygon","coordinates":[[[[126.934128,35.121796],[126.934257,35.121777],[126.934244,35.121716],[126.93411,35.121733],[126.934128,35.121796]]]]}},{"type":"Feature","id":"1978193928431809450700000000","properties":{"id":"1978193928431809450700000000","pnu":"1221011900105530017"},"geometry":{"type":"MultiPolygon","coordinates":[[[[126.93424,35.127635],[126.934257,35.127574],[126.934152,35.12755],[126.934133,35.127607],[126.93424,35.127635]]]]}},{"type":"Feature","id":"1978193929341803087900000000","properties":{"id":"1978193929341803087900000000","pnu":"1221011900106780038"},"geometry":{"type":"MultiPolygon","coordinates":[[[[126.934153,35.1219],[126.934278,35.121877],[126.934263,35.12181],[126.9342,35.121821],[126.934203,35.121831],[126.934139,35.121843],[126.934153,35.1219]]]]}},{"type":"Feature","id":"1978193934171803305600000000","properties":{"id":"1978193934171803305600000000","pnu":"1221011900106780021"},"geometry":{"type":"MultiPolygon","coordinates":[[[[126.934211,35.122101],[126.934338,35.122069],[126.934311,35.122002],[126.934263,35.122013],[126.934266,35.122019],[126.934188,35.122041],[126.934211,35.122101]]]]}},{"type":"Feature","id":"1978193938341802974900000000","properties":{"id":"1978193938341802974900000000","pnu":"1221011900106780040"},"geometry":{"type":"MultiPolygon","coordinates":[[[[126.93427,35.121822],[126.934361,35.121812],[126.934352,35.121753],[126.934369,35.121751],[126.934361,35.121703],[126.934344,35.121705],[126.934342,35.121692],[126.934251,35.121702],[126.93427,35.121822]]]]}},{"type":"Feature","id":"1978193941401804171300000000","properties":{"id":"1978193941401804171300000000","pnu":"1221011900106380011"},"geometry":{"type":"MultiPolygon","coordinates":[[[[126.934342,35.122838],[126.934343,35.122838],[126.934344,35.122837],[126.934345,35.122837],[126.934346,35.122837],[126.934346,35.122836],[126.934347,35.122836],[126.934347,35.122835],[126.934348,35.122834],[126.934348,35.122833],[126.934348,35.122832],[126.934347,35.122832],[126.934347,35.122831],[126.934346,35.12283],[126.934346,35.12283],[126.934345,35.122829],[126.934344,35.122829],[126.934343,35.122829],[126.934342,35.122829],[126.934341,35.122829],[126.93434,35.122829],[126.934339,35.122829],[126.934339,35.12283],[126.934338,35.12283],[126.934337,35.122831],[126.934337,35.122832],[126.934337,35.122832],[126.934337,35.122833],[126.934337,35.122834],[126.934337,35.122835],[126.934337,35.122836],[126.934338,35.122836],[126.934339,35.122837],[126.934339,35.122837],[126.93434,35.122837],[126.934341,35.122838],[126.934342,35.122838]]]]}},{"type":"Feature","id":"1978193942251804343600000000","properties":{"id":"1978193942251804343600000000","pnu":"1221011900106380010"},"geometry":{"type":"MultiPolygon","coordinates":[[[[126.934279,35.123015],[126.934427,35.12302],[126.934428,35.122965],[126.934342,35.122963],[126.934342,35.122955],[126.934281,35.122952],[126.934279,35.123015]]]]}},{"type":"Feature","id":"1978193945751804226900000000","properties":{"id":"1978193945751804226900000000","pnu":"1221011900106380011"},"geometry":{"type":"MultiPolygon","coordinates":[[[[126.934432,35.122918],[126.934444,35.122836],[126.934402,35.122833],[126.9344,35.12286],[126.934382,35.122861],[126.934382,35.122869],[126.934338,35.122869],[126.934338,35.122878],[126.934322,35.122878],[126.934321,35.122912],[126.934432,35.122918]]]]}},{"type":"Feature","id":"1978193946821804844700000000","properties":{"id":"1978193946821804844700000000","pnu":"1221011900106370005"},"geometry":{"type":"MultiPolygon","coordinates":[[[[126.934458,35.123486],[126.934465,35.123404],[126.934343,35.123396],[126.934337,35.123475],[126.934458,35.123486]]]]}},{"type":"Feature","id":"1978193949271804465900000000","properties":{"id":"1978193949271804465900000000","pnu":"1221011900106380015"},"geometry":{"type":"MultiPolygon","coordinates":[[[[126.934475,35.123134],[126.934477,35.123063],[126.934413,35.123061],[126.934412,35.123072],[126.934378,35.123071],[126.934376,35.123132],[126.934475,35.123134]]]]}},{"type":"Feature","id":"1978193957131804351000000000","properties":{"id":"1978193957131804351000000000","pnu":"1221011900106380014"},"geometry":{"type":"MultiPolygon","coordinates":[[[[126.934573,35.123027],[126.934575,35.122966],[126.934457,35.122962],[126.934455,35.123026],[126.934573,35.123027]]]]}},{"type":"Feature","id":"1978193959011804222900000000","properties":{"id":"1978193959011804222900000000","pnu":"1221011900106380013"},"geometry":{"type":"MultiPolygon","coordinates":[[[[126.934576,35.122925],[126.934579,35.122835],[126.934499,35.122833],[126.934497,35.122882],[126.934489,35.122883],[126.934489,35.122923],[126.934576,35.122925]]]]}},{"type":"Feature","id":"1978193959841804468300000000","properties":{"id":"1978193959841804468300000000","pnu":"1221011900106380016"},"geometry":{"type":"MultiPolygon","coordinates":[[[[126.934491,35.123133],[126.9346,35.123135],[126.934602,35.123074],[126.934546,35.123073],[126.934547,35.123064],[126.934493,35.123063],[126.934491,35.123133]]]]}},{"type":"Feature","id":"1978193960261804628600000000","properties":{"id":"1978193960261804628600000000","pnu":"1221011900106370010"},"geometry":{"type":"MultiPolygon","coordinates":[[[[126.934519,35.123192],[126.934513,35.123292],[126.934582,35.123295],[126.934586,35.123209],[126.934563,35.123208],[126.934564,35.123194],[126.934519,35.123192]]]]}},{"type":"Feature","id":"1978193960321804874200000000","properties":{"id":"1978193960321804874200000000","pnu":"1221011900106370006"},"geometry":{"type":"MultiPolygon","coordinates":[[[[126.934589,35.123514],[126.934593,35.123425],[126.934505,35.123423],[126.934503,35.123469],[126.934512,35.123469],[126.934511,35.123512],[126.934589,35.123514]]]]}},{"type":"Feature","id":"1978193960641808916900000000","properties":{"id":"1978193960641808916900000000","pnu":"1221011900105590003"},"geometry":{"type":"MultiPolygon","coordinates":[[[[126.934593,35.12715],[126.934606,35.127116],[126.934587,35.127111],[126.934595,35.127091],[126.934513,35.127071],[126.934493,35.127126],[126.934593,35.12715]]]]}},{"type":"Feature","id":"1978193965491808817200000000","properties":{"id":"1978193965491808817200000000","pnu":"1221011900105590004"},"geometry":{"type":"MultiPolygon","coordinates":[[[[126.934655,35.127063],[126.934671,35.127012],[126.934618,35.126997],[126.93462,35.126992],[126.934558,35.126976],[126.934537,35.127037],[126.934655,35.127063]]]]}},{"type":"Feature","id":"1978193967501804630400000000","properties":{"id":"1978193967501804630400000000","pnu":"1221011900106370010"},"geometry":{"type":"MultiPolygon","coordinates":[[[[126.934668,35.123202],[126.934613,35.123198],[126.934603,35.123218],[126.934592,35.123217],[126.934586,35.123289],[126.934661,35.123293],[126.934668,35.123202]]]]}},{"type":"Feature","id":"1978193969821804781000000000","properties":{"id":"1978193969821804781000000000","pnu":"1221011900106370011"},"geometry":{"type":"MultiPolygon","coordinates":[[[[126.934687,35.123423],[126.934691,35.123347],[126.934622,35.123342],[126.934613,35.123417],[126.934687,35.123423]]]]}},{"type":"Feature","id":"1978193973061808615200000000","properties":{"id":"1978193973061808615200000000","pnu":"1221011900105590007"},"geometry":{"type":"MultiPolygon","coordinates":[[[[126.934723,35.126887],[126.934745,35.126844],[126.934738,35.126818],[126.934653,35.126787],[126.934623,35.126859],[126.934723,35.126887]]]]}},{"type":"Feature","id":"1978193983861806891400000000","properties":{"id":"1978193983861806891400000000","pnu":"1221011900106220007"},"geometry":{"type":"MultiPolygon","coordinates":[[[[126.934858,35.125269],[126.934786,35.125238],[126.934753,35.125305],[126.934828,35.125331],[126.934858,35.125269]]]]}},{"type":"Feature","id":"1978193994721806969700000000","properties":{"id":"1978193994721806969700000000","pnu":"1221011900106220004"},"geometry":{"type":"MultiPolygon","coordinates":[[[[126.934981,35.125396],[126.934992,35.125373],[126.934875,35.125316],[126.93486,35.125343],[126.934981,35.125396]]]]}},{"type":"Feature","id":"1978194002131806628700000000","properties":{"id":"1978194002131806628700000000","pnu":"1221011900104850008"},"geometry":{"type":"MultiPolygon","coordinates":[[[[126.935007,35.125001],[126.934931,35.125048],[126.934987,35.125108],[126.935082,35.12505],[126.935037,35.125001],[126.935026,35.124989],[126.935007,35.125001]]]]}},{"type":"Feature","id":"1978194004301807100400000000","properties":{"id":"1978194004301807100400000000","pnu":"1221011900106220003"},"geometry":{"type":"MultiPolygon","coordinates":[[[[126.93505,35.125516],[126.935075,35.125473],[126.935066,35.125452],[126.935013,35.125427],[126.934981,35.125492],[126.93505,35.125516]]]]}},{"type":"Feature","id":"1978194009821807147100000000","properties":{"id":"1978194009821807147100000000","pnu":"1221011900106220003"},"geometry":{"type":"MultiPolygon","coordinates":[[[[126.935109,35.125543],[126.935118,35.125526],[126.935108,35.125502],[126.93508,35.125487],[126.93506,35.125522],[126.935109,35.125543]]]]}},{"type":"Feature","id":"1978194011651806549900000000","properties":{"id":"1978194011651806549900000000","pnu":"1221011900104850010"},"geometry":{"type":"MultiPolygon","coordinates":[[[[126.935063,35.125001],[126.935097,35.125038],[126.935154,35.125001],[126.935185,35.124981],[126.935127,35.124919],[126.935037,35.124972],[126.935063,35.125001]]]]}},{"type":"Feature","id":"1978194014911806008800000000","properties":{"id":"1978194014911806008800000000","pnu":"1221011900104460001"},"geometry":{"type":"MultiPolygon","coordinates":[[[[126.935226,35.124471],[126.935084,35.124441],[126.935069,35.124498],[126.935112,35.12451],[126.93511,35.124523],[126.935202,35.12454],[126.935226,35.124471]]]]}},{"type":"Feature","id":"1978194023221805371200000000","properties":{"id":"1978194023221805371200000000","pnu":"1221011900104450010"},"geometry":{"type":"MultiPolygon","coordinates":[[[[126.935188,35.123948],[126.935297,35.123941],[126.935289,35.123883],[126.935183,35.123888],[126.935188,35.123948]]]]}},{"type":"Feature","id":"1978194026711806193700000000","properties":{"id":"1978194026711806193700000000","pnu":"1221011900104850021"},"geometry":{"type":"MultiPolygon","coordinates":[[[[126.935222,35.124702],[126.935359,35.124654],[126.935338,35.124618],[126.935305,35.124626],[126.935297,35.12462],[126.9352,35.124655],[126.935222,35.124702]]]]}},{"type":"Feature","id":"1978194027801802585900000000","properties":{"id":"1978194027801802585900000000","pnu":"1221011900102110002"},"geometry":{"type":"MultiPolygon","coordinates":[[[[126.935229,35.121414],[126.935266,35.12144],[126.935273,35.121435],[126.935303,35.12145],[126.935354,35.121397],[126.935285,35.121356],[126.935229,35.121414]]]]}},{"type":"Feature","id":"1978194030481806401500000000","properties":{"id":"1978194030481806401500000000","pnu":"1221011900104850014"},"geometry":{"type":"MultiPolygon","coordinates":[[[[126.935313,35.124902],[126.935379,35.124857],[126.935344,35.124815],[126.935349,35.124807],[126.935329,35.124787],[126.935255,35.124832],[126.935313,35.124902]]]]}},{"type":"Feature","id":"1978194035521801770400000000","properties":{"id":"1978194035521801770400000000","pnu":"1221011900102390000"},"geometry":{"type":"MultiPolygon","coordinates":[[[[126.935331,35.12071],[126.9354,35.12072],[126.935422,35.120629],[126.935353,35.120621],[126.935331,35.12071]]]]}},{"type":"Feature","id":"1978194043361801778700000000","properties":{"id":"1978194043361801778700000000","pnu":"1221011900102390001"},"geometry":{"type":"MultiPolygon","coordinates":[[[[126.935441,35.120629],[126.93541,35.120718],[126.93548,35.12073],[126.935516,35.120632],[126.935441,35.120629]]]]}},{"type":"Feature","id":"1978194048221806293800000000","properties":{"id":"1978194048221806293800000000","pnu":"1221011900104850017"},"geometry":{"type":"MultiPolygon","coordinates":[[[[126.935472,35.124808],[126.935593,35.124735],[126.935546,35.124688],[126.935468,35.124731],[126.935468,35.124738],[126.935454,35.124746],[126.935446,35.124784],[126.935472,35.124808]]]]}},{"type":"Feature","id":"1978194051271805046200000000","properties":{"id":"1978194051271805046200000000","pnu":"1221011900104440001"},"geometry":{"type":"MultiPolygon","coordinates":[[[[126.935604,35.123646],[126.9356,35.123584],[126.935484,35.123605],[126.935496,35.123658],[126.935604,35.123646]]]]}},{"type":"Feature","id":"1978194057671806325500000000","properties":{"id":"1978194057671806325500000000","pnu":"1221011900104850025"},"geometry":{"type":"MultiPolygon","coordinates":[[[[126.935616,35.12478],[126.935617,35.12478],[126.935618,35.12478],[126.935619,35.12478],[126.93562,35.124779],[126.93562,35.124779],[126.935621,35.124778],[126.935621,35.124777],[126.935622,35.124776],[126.935622,35.124776],[126.935622,35.124775],[126.935621,35.124774],[126.935621,35.124773],[126.93562,35.124773],[126.93562,35.124772],[126.935619,35.124772],[126.935618,35.124771],[126.935617,35.124771],[126.935616,35.124771],[126.935615,35.124771],[126.935614,35.124771],[126.935613,35.124772],[126.935613,35.124772],[126.935612,35.124773],[126.935611,35.124773],[126.935611,35.124774],[126.935611,35.124775],[126.935611,35.124776],[126.935611,35.124776],[126.935611,35.124777],[126.935611,35.124778],[126.935612,35.124779],[126.935613,35.124779],[126.935613,35.12478],[126.935614,35.12478],[126.935615,35.12478],[126.935616,35.12478]]]]}},{"type":"Feature","id":"1978194065191801726900000000","properties":{"id":"1978194065191801726900000000","pnu":"1221011900102460000"},"geometry":{"type":"MultiPolygon","coordinates":[[[[126.935638,35.120649],[126.93576,35.120669],[126.935769,35.120618],[126.935704,35.120607],[126.935706,35.120597],[126.93565,35.120589],[126.935638,35.120649]]]]}},{"type":"Feature","id":"1978194066411801636000000000","properties":{"id":"1978194066411801636000000000","pnu":"1221011900102460001"},"geometry":{"type":"MultiPolygon","coordinates":[[[[126.935656,35.120577],[126.935764,35.120588],[126.935773,35.120529],[126.935756,35.120525],[126.935755,35.120516],[126.935671,35.120509],[126.935656,35.120577]]]]}},{"type":"Feature","id":"1978194068001801810200000000","properties":{"id":"1978194068001801810200000000","pnu":"1221011900102500000"},"geometry":{"type":"MultiPolygon","coordinates":[[[[126.935667,35.120721],[126.935787,35.120739],[126.935798,35.120689],[126.935677,35.120674],[126.935667,35.120721]]]]}},{"type":"Feature","id":"1978194098581802326700000000","properties":{"id":"1978194098581802326700000000","pnu":"1221011900102820001"},"geometry":{"type":"MultiPolygon","coordinates":[[[[126.936011,35.1212],[126.936124,35.121203],[126.936128,35.121155],[126.936099,35.121154],[126.936099,35.121143],[126.936056,35.121142],[126.936056,35.12113],[126.936023,35.121131],[126.936011,35.1212]]]]}},{"type":"Feature","id":"1978194101501802814200000000","properties":{"id":"1978194101501802814200000000","pnu":"1221011900102890000"},"geometry":{"type":"MultiPolygon","coordinates":[[[[126.936028,35.121619],[126.936039,35.121653],[126.936172,35.121605],[126.936154,35.121569],[126.936028,35.121619]]]]}},{"type":"Feature","id":"1978194108491802916700000000","properties":{"id":"1978194108491802916700000000","pnu":"1221011900102890000"},"geometry":{"type":"MultiPolygon","coordinates":[[[[126.936121,35.121665],[126.936131,35.121718],[126.936141,35.121718],[126.936157,35.121759],[126.93623,35.121745],[126.936204,35.121649],[126.936121,35.121665]]]]}},{"type":"Feature","id":"1978194123191802444700000000","properties":{"id":"1978194123191802444700000000","pnu":"1221011900103060000"},"geometry":{"type":"MultiPolygon","coordinates":[[[[126.936303,35.121328],[126.936382,35.121321],[126.936373,35.121228],[126.936293,35.121235],[126.936303,35.121328]]]]}},{"type":"Feature","id":"1978194133251803416800000000","properties":{"id":"1978194133251803416800000000","pnu":"1221011900102960000"},"geometry":{"type":"MultiPolygon","coordinates":[[[[126.936394,35.122184],[126.9365,35.122181],[126.936498,35.122124],[126.936397,35.122127],[126.936394,35.122184]]]]}},{"type":"Feature","id":"1978194145981803428700000000","properties":{"id":"1978194145981803428700000000","pnu":"1221011900102960000"},"geometry":{"type":"MultiPolygon","coordinates":[[[[126.936538,35.122191],[126.93664,35.122188],[126.936635,35.122139],[126.936536,35.122141],[126.936538,35.122191]]]]}},{"type":"Feature","id":"1978194166381804747800000000","properties":{"id":"1978194166381804747800000000","pnu":"1221011900104550001"},"geometry":{"type":"MultiPolygon","coordinates":[[[[126.936742,35.12329],[126.936745,35.123354],[126.936773,35.123354],[126.936778,35.123407],[126.936794,35.123408],[126.936798,35.123439],[126.936868,35.123432],[126.936848,35.123282],[126.936742,35.12329]]]]}},{"type":"Feature","id":"1978194189251802732800000000","properties":{"id":"1978194189251802732800000000","pnu":"1221011900103540001"},"geometry":{"type":"MultiPolygon","coordinates":[[[[126.937005,35.121572],[126.937118,35.121579],[126.937113,35.121495],[126.937005,35.121505],[126.937005,35.121572]]]]}},{"type":"Feature","id":"1978194198281802961300000000","properties":{"id":"1978194198281802961300000000","pnu":"1221011900104260000"},"geometry":{"type":"MultiPolygon","coordinates":[[[[126.937098,35.121729],[126.937119,35.121786],[126.937223,35.121762],[126.937203,35.121701],[126.937098,35.121729]]]]}},{"type":"Feature","id":"1978194201231802719600000000","properties":{"id":"1978194201231802719600000000","pnu":"1221011900103550000"},"geometry":{"type":"MultiPolygon","coordinates":[[[[126.937134,35.121502],[126.93716,35.121558],[126.937175,35.121556],[126.937184,35.121574],[126.937252,35.121553],[126.937242,35.121514],[126.937226,35.121516],[126.937207,35.121475],[126.937134,35.121502]]]]}},{"type":"Feature","id":"1978194226191802827700000000","properties":{"id":"1978194226191802827700000000","pnu":"1221011900104200000"},"geometry":{"type":"MultiPolygon","coordinates":[[[[126.937435,35.121578],[126.937448,35.121681],[126.937491,35.121681],[126.937487,35.121634],[126.937502,35.121631],[126.937492,35.12157],[126.937435,35.121578]]]]}},{"type":"Feature","id":"1978194233441802874300000000","properties":{"id":"1978194233441802874300000000","pnu":"1221011900104200000"},"geometry":{"type":"MultiPolygon","coordinates":[[[[126.937501,35.121697],[126.937605,35.121687],[126.937604,35.121652],[126.937572,35.121651],[126.937569,35.121635],[126.937499,35.121637],[126.937501,35.121697]]]]}},{"type":"Feature","id":"1978194252381802458800000000","properties":{"id":"1978194252381802458800000000","pnu":"1221011900103650003"},"geometry":{"type":"MultiPolygon","coordinates":[[[[126.937728,35.121351],[126.937779,35.121351],[126.937783,35.121231],[126.93773,35.121234],[126.937728,35.121351]]]]}},{"type":"Feature","id":"1978194254481803253600000000","properties":{"id":"1978194254481803253600000000","pnu":"1221011900104130000"},"geometry":{"type":"MultiPolygon","coordinates":[[[[126.937725,35.122036],[126.937827,35.122036],[126.937829,35.121981],[126.937731,35.121978],[126.937725,35.122036]]]]}},{"type":"Feature","id":"1978194256891803127800000000","properties":{"id":"1978194256891803127800000000","pnu":"1221011900104130000"},"geometry":{"type":"MultiPolygon","coordinates":[[[[126.937864,35.121874],[126.937746,35.121873],[126.937742,35.121908],[126.937766,35.121908],[126.937766,35.121918],[126.937842,35.121919],[126.937842,35.121911],[126.937863,35.121911],[126.937864,35.121874]]]]}},{"type":"Feature","id":"1978194263041802464700000000","properties":{"id":"1978194263041802464700000000","pnu":"1221011900103650003"},"geometry":{"type":"MultiPolygon","coordinates":[[[[126.937815,35.121335],[126.937931,35.12133],[126.937929,35.121257],[126.937812,35.121265],[126.937815,35.121335]]]]}},{"type":"Feature","id":"1978194270271802451500000000","properties":{"id":"1978194270271802451500000000","pnu":"1221011900103650003"},"geometry":{"type":"MultiPolygon","coordinates":[[[[126.937951,35.12129],[126.937952,35.121289],[126.937953,35.121289],[126.937954,35.121289],[126.937955,35.121288],[126.937956,35.121288],[126.937956,35.121287],[126.937957,35.121287],[126.937957,35.121286],[126.937957,35.121285],[126.937957,35.121284],[126.937957,35.121283],[126.937956,35.121283],[126.937956,35.121282],[126.937955,35.121282],[126.937954,35.121281],[126.937953,35.121281],[126.937952,35.121281],[126.937951,35.12128],[126.93795,35.121281],[126.937949,35.121281],[126.937949,35.121281],[126.937948,35.121282],[126.937947,35.121282],[126.937947,35.121283],[126.937946,35.121283],[126.937946,35.121284],[126.937946,35.121285],[126.937946,35.121286],[126.937946,35.121287],[126.937947,35.121287],[126.937947,35.121288],[126.937948,35.121288],[126.937949,35.121289],[126.937949,35.121289],[126.93795,35.121289],[126.937951,35.12129]]]]}},{"type":"Feature","id":"1978194289821802857000000000","properties":{"id":"1978194289821802857000000000","pnu":"1221011900104070000"},"geometry":{"type":"MultiPolygon","coordinates":[[[[126.938145,35.121694],[126.938204,35.12168],[126.938185,35.121608],[126.938128,35.12162],[126.938145,35.121694]]]]}},{"type":"Feature","id":"1978194292031802940100000000","properties":{"id":"1978194292031802940100000000","pnu":"1221011900104070000"},"geometry":{"type":"MultiPolygon","coordinates":[[[[126.938173,35.121755],[126.938222,35.121743],[126.938203,35.121695],[126.938158,35.121709],[126.938173,35.121755]]]]}},{"type":"Feature","id":"1978194328111802525500000000","properties":{"id":"1978194328111802525500000000","pnu":"1221011900103940002"},"geometry":{"type":"MultiPolygon","coordinates":[[[[126.938553,35.121321],[126.938568,35.121391],[126.938619,35.121383],[126.938604,35.121314],[126.938553,35.121321]]]]}},{"type":"Feature","id":"1979193528941799872000000000","properties":{"id":"1979193528941799872000000000","pnu":"1221012600102120001"},"geometry":{"type":"MultiPolygon","coordinates":[[[[126.929885,35.11898],[126.929889,35.118943],[126.929835,35.118942],[126.929835,35.118927],[126.929763,35.118927],[126.929763,35.118977],[126.929838,35.118979],[126.929885,35.11898]]]]}},{"type":"Feature","id":"1979193575901809214900000000","properties":{"id":"1979193575901809214900000000","pnu":"1221011900105850003"},"geometry":{"type":"MultiPolygon","coordinates":[[[[126.930381,35.12735],[126.930311,35.127332],[126.93028,35.127415],[126.930316,35.127425],[126.930328,35.127406],[126.930338,35.127409],[126.930344,35.127396],[126.93036,35.1274],[126.930381,35.12735]]]]}},{"type":"Feature","id":"1979193578891809095100000000","properties":{"id":"1979193578891809095100000000","pnu":"1221011900105850008"},"geometry":{"type":"MultiPolygon","coordinates":[[[[126.930308,35.127311],[126.930374,35.127328],[126.930413,35.127225],[126.930351,35.12721],[126.930308,35.127311]]]]}},{"type":"Feature","id":"1979193583281800467900000000","properties":{"id":"1979193583281800467900000000","pnu":"1221012600102320000"},"geometry":{"type":"MultiPolygon","coordinates":[[[[126.930482,35.119471],[126.930422,35.119444],[126.930398,35.119446],[126.930347,35.119512],[126.930433,35.119548],[126.930482,35.119471]]]]}},{"type":"Feature","id":"1979193585161808919400000000","properties":{"id":"1979193585161808919400000000","pnu":"1221011900105850009"},"geometry":{"type":"MultiPolygon","coordinates":[[[[126.930486,35.127085],[126.930416,35.127066],[126.930382,35.127148],[126.930425,35.127162],[126.930439,35.127128],[126.930451,35.127132],[126.930462,35.127112],[126.930475,35.127113],[126.930486,35.127085]]]]}},{"type":"Feature","id":"1979193587271807176000000000","properties":{"id":"1979193587271807176000000000","pnu":"1221012600102980025"},"geometry":{"type":"MultiPolygon","coordinates":[[[[126.93045,35.125595],[126.930515,35.125562],[126.930504,35.125546],[126.93048,35.125516],[126.930488,35.125507],[126.930468,35.125483],[126.930392,35.125521],[126.93045,35.125595]]]]}},{"type":"Feature","id":"1979193588031809124900000000","properties":{"id":"1979193588031809124900000000","pnu":"1221011900105850007"},"geometry":{"type":"MultiPolygon","coordinates":[[[[126.930469,35.127357],[126.930519,35.127258],[126.93045,35.127235],[126.930407,35.127338],[126.930469,35.127357]]]]}},{"type":"Feature","id":"1979193588451806359800000000","properties":{"id":"1979193588451806359800000000","pnu":"1221012600102900011"},"geometry":{"type":"MultiPolygon","coordinates":[[[[126.930462,35.124807],[126.930475,35.124808],[126.930477,35.124801],[126.93046,35.124799],[126.930462,35.124807]]]]}},{"type":"Feature","id":"1979193591451806415200000000","properties":{"id":"1979193591451806415200000000","pnu":"1221012600102900011"},"geometry":{"type":"MultiPolygon","coordinates":[[[[126.930543,35.124895],[126.930551,35.12486],[126.930537,35.124856],[126.930538,35.124838],[126.930513,35.124833],[126.930517,35.124819],[126.930467,35.124809],[126.930458,35.124839],[126.930467,35.124879],[126.930543,35.124895]]]]}},{"type":"Feature","id":"1979193592061800512900000000","properties":{"id":"1979193592061800512900000000","pnu":"1221012600102320001"},"geometry":{"type":"MultiPolygon","coordinates":[[[[126.930571,35.119502],[126.930498,35.119477],[126.930455,35.119563],[126.930524,35.119592],[126.930571,35.119502]]]]}},{"type":"Feature","id":"1979193596161806543600000000","properties":{"id":"1979193596161806543600000000","pnu":"1221012600102910021"},"geometry":{"type":"MultiPolygon","coordinates":[[[[126.930496,35.125],[126.930496,35.125001],[126.930562,35.125016],[126.930565,35.125006],[126.930575,35.125009],[126.930578,35.125],[126.930588,35.124978],[126.930607,35.124982],[126.930619,35.124945],[126.930519,35.124925],[126.930496,35.125]]]]}},{"type":"Feature","id":"1979193596341807121200000000","properties":{"id":"1979193596341807121200000000","pnu":"1221012600102910000"},"geometry":{"type":"MultiPolygon","coordinates":[[[[126.93053,35.125544],[126.930615,35.125509],[126.930605,35.12549],[126.930609,35.125483],[126.930598,35.125469],[126.930602,35.12546],[126.930582,35.125437],[126.930487,35.125477],[126.93053,35.125544]]]]}},{"type":"Feature","id":"1979193599571806409200000000","properties":{"id":"1979193599571806409200000000","pnu":"1221012600102900011"},"geometry":{"type":"MultiPolygon","coordinates":[[[[126.930583,35.124851],[126.930593,35.124854],[126.930597,35.124846],[126.930587,35.124843],[126.930583,35.124851]]]]}},{"type":"Feature","id":"1979193600481806807900000000","properties":{"id":"1979193600481806807900000000","pnu":"1221012600102910003"},"geometry":{"type":"MultiPolygon","coordinates":[[[[126.930536,35.125245],[126.930623,35.125266],[126.930638,35.125223],[126.930653,35.125225],[126.93067,35.125175],[126.930565,35.125152],[126.930536,35.125245]]]]}},{"type":"Feature","id":"1979193600981807045600000000","properties":{"id":"1979193600981807045600000000","pnu":"1221012600102910000"},"geometry":{"type":"MultiPolygon","coordinates":[[[[126.930597,35.125419],[126.930606,35.125429],[126.930613,35.125424],[126.930605,35.125415],[126.930597,35.125419]]]]}},{"type":"Feature","id":"1979193601001800533000000000","properties":{"id":"1979193601001800533000000000","pnu":"1221012600102340000"},"geometry":{"type":"MultiPolygon","coordinates":[[[[126.930568,35.119595],[126.930627,35.119605],[126.930654,35.11951],[126.930595,35.119497],[126.930568,35.119595]]]]}},{"type":"Feature","id":"1979193602141806452400000000","properties":{"id":"1979193602141806452400000000","pnu":"1221012600102910024"},"geometry":{"type":"MultiPolygon","coordinates":[[[[126.930657,35.12492],[126.93067,35.124867],[126.930627,35.124857],[126.930626,35.12486],[126.930609,35.124857],[126.930606,35.124866],[126.930575,35.12486],[126.930563,35.124905],[126.930657,35.12492]]]]}},{"type":"Feature","id":"1979193604881806701100000000","properties":{"id":"1979193604881806701100000000","pnu":"1221012600102910005"},"geometry":{"type":"MultiPolygon","coordinates":[[[[126.930687,35.125151],[126.930709,35.125085],[126.930666,35.125076],[126.930663,35.125085],[126.93062,35.125077],[126.930615,35.125092],[126.930594,35.125089],[126.930583,35.12513],[126.930687,35.125151]]]]}},{"type":"Feature","id":"1979193605651800431600000000","properties":{"id":"1979193605651800431600000000","pnu":"1221012600102340000"},"geometry":{"type":"MultiPolygon","coordinates":[[[[126.930679,35.119496],[126.930708,35.119448],[126.930642,35.119426],[126.930616,35.119471],[126.930679,35.119496]]]]}},{"type":"Feature","id":"1979193606051807118600000000","properties":{"id":"1979193606051807118600000000","pnu":"1221012600102910000"},"geometry":{"type":"MultiPolygon","coordinates":[[[[126.930651,35.125484],[126.930662,35.125496],[126.93067,35.125492],[126.93066,35.125479],[126.930651,35.125484]]]]}},{"type":"Feature","id":"1979193606061807055100000000","properties":{"id":"1979193606061807055100000000","pnu":"1221012600102910033"},"geometry":{"type":"MultiPolygon","coordinates":[[[[126.930669,35.125479],[126.930715,35.125456],[126.930652,35.125381],[126.930608,35.125405],[126.930669,35.125479]]]]}},{"type":"Feature","id":"1979193607011808394800000000","properties":{"id":"1979193607011808394800000000","pnu":"1221011900105850017"},"geometry":{"type":"MultiPolygon","coordinates":[[[[126.930619,35.126668],[126.930678,35.126688],[126.930722,35.126611],[126.930662,35.126587],[126.930619,35.126668]]]]}},{"type":"Feature","id":"1979193609051806586800000000","properties":{"id":"1979193609051806586800000000","pnu":"1221012600102910018"},"geometry":{"type":"MultiPolygon","coordinates":[[[[126.930643,35.125],[126.930633,35.125032],[126.93073,35.125053],[126.930748,35.125],[126.930755,35.12498],[126.930717,35.124972],[126.930715,35.12498],[126.930652,35.124968],[126.930643,35.125]]]]}},{"type":"Feature","id":"1979193612701806466400000000","properties":{"id":"1979193612701806466400000000","pnu":"1221012600102910025"},"geometry":{"type":"MultiPolygon","coordinates":[[[[126.930781,35.124941],[126.930795,35.12489],[126.930739,35.124878],[126.930741,35.124865],[126.930694,35.124855],[126.930678,35.124917],[126.930781,35.124941]]]]}},{"type":"Feature","id":"1979193615931806735900000000","properties":{"id":"1979193615931806735900000000","pnu":"1221012600102910006"},"geometry":{"type":"MultiPolygon","coordinates":[[[[126.930822,35.125183],[126.930839,35.12514],[126.930783,35.125125],[126.930785,35.125114],[126.930722,35.1251],[126.930706,35.125154],[126.930822,35.125183]]]]}},{"type":"Feature","id":"1979193616521806261200000000","properties":{"id":"1979193616521806261200000000","pnu":"1221012600102880030"},"geometry":{"type":"MultiPolygon","coordinates":[[[[126.930768,35.124717],[126.930781,35.12472],[126.930783,35.124712],[126.930773,35.124711],[126.930768,35.124717]]]]}},{"type":"Feature","id":"1979193617541808409100000000","properties":{"id":"1979193617541808409100000000","pnu":"1221011900105850019"},"geometry":{"type":"MultiPolygon","coordinates":[[[[126.93073,35.12668],[126.930817,35.126703],[126.930831,35.126671],[126.930822,35.126667],[126.930837,35.126618],[126.93076,35.126597],[126.93073,35.12668]]]]}},{"type":"Feature","id":"1979193617811806325700000000","properties":{"id":"1979193617811806325700000000","pnu":"1221012600102880030"},"geometry":{"type":"MultiPolygon","coordinates":[[[[126.930854,35.124741],[126.930802,35.124732],[126.930798,35.124739],[126.93078,35.124734],[126.930776,35.124744],[126.930743,35.124739],[126.930726,35.124797],[126.930823,35.12482],[126.930854,35.124741]]]]}},{"type":"Feature","id":"1979193619321808288300000000","properties":{"id":"1979193619321808288300000000","pnu":"1221011900105850018"},"geometry":{"type":"MultiPolygon","coordinates":[[[[126.930828,35.126589],[126.930853,35.126544],[126.930828,35.126529],[126.930852,35.126494],[126.930827,35.126478],[126.93074,35.126561],[126.930794,35.126587],[126.930828,35.126589]]]]}},{"type":"Feature","id":"1979193620791806434500000000","properties":{"id":"1979193620791806434500000000","pnu":"1221012600102910025"},"geometry":{"type":"MultiPolygon","coordinates":[[[[126.930808,35.124876],[126.930832,35.124882],[126.930838,35.124866],[126.930814,35.124861],[126.930808,35.124876]]]]}},{"type":"Feature","id":"1979193622161806211200000000","properties":{"id":"1979193622161806211200000000","pnu":"1221012600102880000"},"geometry":{"type":"MultiPolygon","coordinates":[[[[126.930881,35.124716],[126.9309,35.124641],[126.930848,35.124629],[126.930846,35.124636],[126.930794,35.124627],[126.930774,35.124696],[126.930881,35.124716]]]]}},{"type":"Feature","id":"1979193624341806500700000000","properties":{"id":"1979193624341806500700000000","pnu":"1221012600102910026"},"geometry":{"type":"MultiPolygon","coordinates":[[[[126.930899,35.124976],[126.930918,35.124917],[126.930899,35.124912],[126.9309,35.124902],[126.930827,35.124885],[126.930806,35.124953],[126.930899,35.124976]]]]}},{"type":"Feature","id":"1979193625811806283300000000","properties":{"id":"1979193625811806283300000000","pnu":"1221012600102880030"},"geometry":{"type":"MultiPolygon","coordinates":[[[[126.930871,35.124738],[126.930883,35.124741],[126.930886,35.124732],[126.930874,35.124729],[126.930871,35.124738]]]]}},{"type":"Feature","id":"1979193628721806351800000000","properties":{"id":"1979193628721806351800000000","pnu":"1221012600102930001"},"geometry":{"type":"MultiPolygon","coordinates":[[[[126.930951,35.124838],[126.930967,35.124778],[126.930871,35.124756],[126.930851,35.124814],[126.930951,35.124838]]]]}},{"type":"Feature","id":"1979193629311806449400000000","properties":{"id":"1979193629311806449400000000","pnu":"1221012600102910026"},"geometry":{"type":"MultiPolygon","coordinates":[[[[126.930917,35.124889],[126.930917,35.124889],[126.930918,35.124889],[126.930919,35.124889],[126.93092,35.124888],[126.930921,35.124888],[126.930921,35.124887],[126.930922,35.124886],[126.930922,35.124885],[126.930922,35.124885],[126.930922,35.124884],[126.930922,35.124883],[126.930921,35.124882],[126.930921,35.124882],[126.93092,35.124881],[126.930919,35.124881],[126.930918,35.12488],[126.930917,35.12488],[126.930917,35.12488],[126.930916,35.12488],[126.930915,35.12488],[126.930914,35.124881],[126.930913,35.124881],[126.930912,35.124882],[126.930912,35.124882],[126.930911,35.124883],[126.930911,35.124884],[126.930911,35.124885],[126.930911,35.124885],[126.930911,35.124886],[126.930912,35.124887],[126.930912,35.124888],[126.930913,35.124888],[126.930914,35.124889],[126.930915,35.124889],[126.930916,35.124889],[126.930917,35.124889]]]]}},{"type":"Feature","id":"1979193641671801955100000000","properties":{"id":"1979193641671801955100000000","pnu":"1221012600102430041"},"geometry":{"type":"MultiPolygon","coordinates":[[[[126.931075,35.120877],[126.931105,35.120809],[126.931032,35.120792],[126.931009,35.120858],[126.931075,35.120877]]]]}},{"type":"Feature","id":"1979193651241806667500000000","properties":{"id":"1979193651241806667500000000","pnu":"1221012600102930007"},"geometry":{"type":"MultiPolygon","coordinates":[[[[126.931208,35.12504],[126.931146,35.125025],[126.931104,35.125119],[126.93117,35.125139],[126.931208,35.12504]]]]}},{"type":"Feature","id":"1979193651591806274000000000","properties":{"id":"1979193651591806274000000000","pnu":"1221012600102930017"},"geometry":{"type":"MultiPolygon","coordinates":[[[[126.931203,35.124774],[126.931222,35.124703],[126.931122,35.124679],[126.931098,35.124749],[126.931203,35.124774]]]]}},{"type":"Feature","id":"1979193653441804437300000000","properties":{"id":"1979193653441804437300000000","pnu":"1221012600102840014"},"geometry":{"type":"MultiPolygon","coordinates":[[[[126.931217,35.123127],[126.931245,35.123036],[126.931153,35.123011],[126.93112,35.123111],[126.931217,35.123127]]]]}},{"type":"Feature","id":"1979193656431806566100000000","properties":{"id":"1979193656431806566100000000","pnu":"1221012600102930009"},"geometry":{"type":"MultiPolygon","coordinates":[[[[126.93116,35.125],[126.931159,35.125005],[126.931259,35.125031],[126.93127,35.125],[126.931272,35.124996],[126.93126,35.124993],[126.931261,35.124977],[126.931226,35.124965],[126.931227,35.12496],[126.931175,35.124946],[126.93116,35.125]]]]}},{"type":"Feature","id":"1979193659571804593000000000","properties":{"id":"1979193659571804593000000000","pnu":"1221012600102840012"},"geometry":{"type":"MultiPolygon","coordinates":[[[[126.931308,35.123179],[126.931224,35.123161],[126.931197,35.123249],[126.931255,35.123264],[126.93126,35.123252],[126.931272,35.123257],[126.931287,35.123217],[126.931297,35.123218],[126.931308,35.123179]]]]}},{"type":"Feature","id":"1979193660731804855800000000","properties":{"id":"1979193660731804855800000000","pnu":"1221012600102840007"},"geometry":{"type":"MultiPolygon","coordinates":[[[[126.931208,35.12347],[126.931298,35.123493],[126.931318,35.123431],[126.931269,35.123416],[126.931269,35.123409],[126.931229,35.123403],[126.931208,35.12347]]]]}},{"type":"Feature","id":"1979193661891804662600000000","properties":{"id":"1979193661891804662600000000","pnu":"1221012600102840012"},"geometry":{"type":"MultiPolygon","coordinates":[[[[126.931269,35.123281],[126.931278,35.123283],[126.931283,35.123269],[126.931272,35.123266],[126.931269,35.123281]]]]}},{"type":"Feature","id":"1979193664991801010500000000","properties":{"id":"1979193664991801010500000000","pnu":"1221012600102600001"},"geometry":{"type":"MultiPolygon","coordinates":[[[[126.931396,35.119975],[126.9313,35.119915],[126.931288,35.119926],[126.931274,35.119918],[126.931232,35.119963],[126.931273,35.12],[126.931263,35.120018],[126.931325,35.120061],[126.931396,35.119975]]]]}},{"type":"Feature","id":"1979193665501804554900000000","properties":{"id":"1979193665501804554900000000","pnu":"1221012600102840012"},"geometry":{"type":"MultiPolygon","coordinates":[[[[126.931308,35.123182],[126.931318,35.123184],[126.931322,35.123173],[126.931313,35.123171],[126.931308,35.123182]]]]}},{"type":"Feature","id":"1979193674671805676700000000","properties":{"id":"1979193674671805676700000000","pnu":"1221012600102850012"},"geometry":{"type":"MultiPolygon","coordinates":[[[[126.931501,35.124231],[126.931514,35.12416],[126.931464,35.124152],[126.931461,35.12416],[126.931383,35.124151],[126.931383,35.124156],[126.931326,35.124152],[126.931315,35.124163],[126.931312,35.124212],[126.931501,35.124231]]]]}},{"type":"Feature","id":"1979193676921805535900000000","properties":{"id":"1979193676921805535900000000","pnu":"1221012600102850005"},"geometry":{"type":"MultiPolygon","coordinates":[[[[126.931507,35.124099],[126.931505,35.12402],[126.931395,35.124023],[126.931394,35.124033],[126.931369,35.124035],[126.93137,35.124101],[126.931507,35.124099]]]]}},{"type":"Feature","id":"1979193678441805384200000000","properties":{"id":"1979193678441805384200000000","pnu":"1221012600102850006"},"geometry":{"type":"MultiPolygon","coordinates":[[[[126.931504,35.12397],[126.931502,35.123872],[126.931442,35.123872],[126.931442,35.123884],[126.931418,35.123885],[126.931417,35.123916],[126.931403,35.123916],[126.931401,35.123971],[126.931504,35.12397]]]]}},{"type":"Feature","id":"1979193679101804658500000000","properties":{"id":"1979193679101804658500000000","pnu":"1221012600102840010"},"geometry":{"type":"MultiPolygon","coordinates":[[[[126.93152,35.12323],[126.931443,35.123211],[126.93141,35.123317],[126.931447,35.123327],[126.931452,35.123318],[126.931487,35.123326],[126.93152,35.12323]]]]}},{"type":"Feature","id":"1979193683901804546100000000","properties":{"id":"1979193683901804546100000000","pnu":"1221012600102840017"},"geometry":{"type":"MultiPolygon","coordinates":[[[[126.931555,35.123219],[126.931574,35.12317],[126.931557,35.123167],[126.93156,35.123141],[126.931484,35.123119],[126.931458,35.123189],[126.931555,35.123219]]]]}},{"type":"Feature","id":"1979193685481805232400000000","properties":{"id":"1979193685481805232400000000","pnu":"1221012600102840000"},"geometry":{"type":"MultiPolygon","coordinates":[[[[126.931573,35.12383],[126.931574,35.123743],[126.9315,35.123741],[126.931498,35.123796],[126.931488,35.123796],[126.931486,35.123832],[126.931573,35.12383]]]]}},{"type":"Feature","id":"1979193689321805290500000000","properties":{"id":"1979193689321805290500000000","pnu":"1221012600102840001"},"geometry":{"type":"MultiPolygon","coordinates":[[[[126.931566,35.123846],[126.931586,35.123844],[126.931585,35.123835],[126.931567,35.123837],[126.931566,35.123846]]]]}},{"type":"Feature","id":"1979193693001805168800000000","properties":{"id":"1979193693001805168800000000","pnu":"1221012600102840001"},"geometry":{"type":"MultiPolygon","coordinates":[[[[126.931611,35.123735],[126.931621,35.123735],[126.931622,35.123727],[126.931612,35.123727],[126.931611,35.123735]]]]}},{"type":"Feature","id":"1979193693071805231900000000","properties":{"id":"1979193693071805231900000000","pnu":"1221012600102840001"},"geometry":{"type":"MultiPolygon","coordinates":[[[[126.931651,35.12383],[126.931651,35.123746],[126.931584,35.123745],[126.931582,35.123828],[126.931651,35.12383]]]]}},{"type":"Feature","id":"1979193694341808698700000000","properties":{"id":"1979193694341808698700000000","pnu":"1221011900105760000"},"geometry":{"type":"MultiPolygon","coordinates":[[[[126.931675,35.126956],[126.931693,35.1269],[126.931583,35.126868],[126.931563,35.126926],[126.931675,35.126956]]]]}},{"type":"Feature","id":"1979193696981804056300000000","properties":{"id":"1979193696981804056300000000","pnu":"1221012600102820017"},"geometry":{"type":"MultiPolygon","coordinates":[[[[126.931707,35.122778],[126.931726,35.122733],[126.931697,35.122724],[126.931698,35.122704],[126.931671,35.122694],[126.931671,35.122682],[126.93163,35.12267],[126.9316,35.12275],[126.931707,35.122778]]]]}},{"type":"Feature","id":"1979193703391804617800000000","properties":{"id":"1979193703391804617800000000","pnu":"1221012600102820008"},"geometry":{"type":"MultiPolygon","coordinates":[[[[126.931786,35.123187],[126.931742,35.123178],[126.931737,35.123193],[126.931724,35.12319],[126.93171,35.12322],[126.931691,35.123219],[126.931671,35.123268],[126.931745,35.123287],[126.931786,35.123187]]]]}},{"type":"Feature","id":"1979193706131804502200000000","properties":{"id":"1979193706131804502200000000","pnu":"1221012600102820009"},"geometry":{"type":"MultiPolygon","coordinates":[[[[126.931799,35.123167],[126.931819,35.123113],[126.931781,35.1231],[126.931778,35.123108],[126.931736,35.123098],[126.931733,35.123105],[126.931712,35.1231],[126.9317,35.123143],[126.931799,35.123167]]]]}},{"type":"Feature","id":"1979193709021804374700000000","properties":{"id":"1979193709021804374700000000","pnu":"1221012600102820012"},"geometry":{"type":"MultiPolygon","coordinates":[[[[126.931839,35.122979],[126.931773,35.122963],[126.931752,35.123016],[126.931757,35.123021],[126.93175,35.123053],[126.931812,35.123069],[126.931839,35.122979]]]]}},{"type":"Feature","id":"1979193710351803112400000000","properties":{"id":"1979193710351803112400000000","pnu":"1221012600106360029"},"geometry":{"type":"MultiPolygon","coordinates":[[[[126.931863,35.121904],[126.931862,35.121853],[126.931755,35.121849],[126.931754,35.121903],[126.931863,35.121904]]]]}},{"type":"Feature","id":"1979193711001804765800000000","properties":{"id":"1979193711001804765800000000","pnu":"1221012600102820004"},"geometry":{"type":"MultiPolygon","coordinates":[[[[126.931838,35.123418],[126.931865,35.123337],[126.931787,35.123318],[126.931773,35.123356],[126.931779,35.123358],[126.931766,35.123401],[126.931838,35.123418]]]]}},{"type":"Feature","id":"1979193711481804649300000000","properties":{"id":"1979193711481804649300000000","pnu":"1221012600102820007"},"geometry":{"type":"MultiPolygon","coordinates":[[[[126.931855,35.123312],[126.93186,35.123292],[126.931852,35.123288],[126.931869,35.123234],[126.931794,35.123211],[126.931767,35.123291],[126.931855,35.123312]]]]}},{"type":"Feature","id":"1979193713321804281100000000","properties":{"id":"1979193713321804281100000000","pnu":"1221012600102820013"},"geometry":{"type":"MultiPolygon","coordinates":[[[[126.931886,35.122978],[126.931903,35.122903],[126.931853,35.122892],[126.93185,35.122902],[126.931789,35.122889],[126.931772,35.12295],[126.931886,35.122978]]]]}},{"type":"Feature","id":"1979193713971808798300000000","properties":{"id":"1979193713971808798300000000","pnu":"1221011900105730000"},"geometry":{"type":"MultiPolygon","coordinates":[[[[126.931872,35.12703],[126.931887,35.126997],[126.931815,35.126975],[126.931801,35.127008],[126.931872,35.12703]]]]}},{"type":"Feature","id":"1979193714061804157000000000","properties":{"id":"1979193714061804157000000000","pnu":"1221012600102820014"},"geometry":{"type":"MultiPolygon","coordinates":[[[[126.931884,35.122863],[126.931865,35.122772],[126.93183,35.122771],[126.931812,35.12285],[126.931884,35.122863]]]]}},{"type":"Feature","id":"1979193716581808706100000000","properties":{"id":"1979193716581808706100000000","pnu":"1221011900105730000"},"geometry":{"type":"MultiPolygon","coordinates":[[[[126.931899,35.126979],[126.931916,35.126943],[126.931901,35.126938],[126.93192,35.126881],[126.931839,35.126859],[126.93183,35.12688],[126.931841,35.126885],[126.931836,35.126899],[126.931842,35.126904],[126.931835,35.12692],[126.931841,35.126923],[126.931825,35.12696],[126.931899,35.126979]]]]}},{"type":"Feature","id":"1979193717311804542500000000","properties":{"id":"1979193717311804542500000000","pnu":"1221012600102820010"},"geometry":{"type":"MultiPolygon","coordinates":[[[[126.93193,35.123211],[126.931947,35.123149],[126.931871,35.12313],[126.931872,35.123125],[126.931842,35.123121],[126.931819,35.123184],[126.93193,35.123211]]]]}},{"type":"Feature","id":"1979193719451802879300000000","properties":{"id":"1979193719451802879300000000","pnu":"1221012600106360129"},"geometry":{"type":"MultiPolygon","coordinates":[[[[126.931932,35.121721],[126.931956,35.121629],[126.931885,35.121614],[126.931861,35.121706],[126.931932,35.121721]]]]}},{"type":"Feature","id":"1979193730301802919500000000","properties":{"id":"1979193730301802919500000000","pnu":"1221012600106360130"},"geometry":{"type":"MultiPolygon","coordinates":[[[[126.932037,35.12176],[126.932086,35.121676],[126.932023,35.121646],[126.931966,35.121731],[126.932037,35.12176]]]]}},{"type":"Feature","id":"1979193732021808846600000000","properties":{"id":"1979193732021808846600000000","pnu":"1221011900105730020"},"geometry":{"type":"MultiPolygon","coordinates":[[[[126.932073,35.127083],[126.932091,35.127029],[126.932063,35.12702],[126.932059,35.127026],[126.932009,35.127011],[126.93199,35.127059],[126.932073,35.127083]]]]}},{"type":"Feature","id":"1979193736671808686000000000","properties":{"id":"1979193736671808686000000000","pnu":"1221011900105730028"},"geometry":{"type":"MultiPolygon","coordinates":[[[[126.932025,35.126945],[126.932095,35.126965],[126.93211,35.126969],[126.932158,35.126856],[126.93208,35.126833],[126.932025,35.126945]]]]}},{"type":"Feature","id":"1979193738461802914600000000","properties":{"id":"1979193738461802914600000000","pnu":"1221012600106360130"},"geometry":{"type":"MultiPolygon","coordinates":[[[[126.932114,35.121731],[126.932151,35.121683],[126.932116,35.121669],[126.932085,35.121716],[126.932114,35.121731]]]]}},{"type":"Feature","id":"1979193742921808882100000000","properties":{"id":"1979193742921808882100000000","pnu":"1221011900105730022"},"geometry":{"type":"MultiPolygon","coordinates":[[[[126.932203,35.127119],[126.932222,35.127067],[126.932124,35.127036],[126.932099,35.12709],[126.932203,35.127119]]]]}},{"type":"Feature","id":"1979193749001807568000000000","properties":{"id":"1979193749001807568000000000","pnu":"1221011900106010011"},"geometry":{"type":"MultiPolygon","coordinates":[[[[126.932285,35.125872],[126.932232,35.12586],[126.932228,35.125869],[126.932185,35.125861],[126.932169,35.125908],[126.932264,35.125934],[126.932285,35.125872]]]]}},{"type":"Feature","id":"1979193763731808936800000000","properties":{"id":"1979193763731808936800000000","pnu":"1221011900105730024"},"geometry":{"type":"MultiPolygon","coordinates":[[[[126.932403,35.127187],[126.932445,35.127088],[126.932375,35.127068],[126.932333,35.127167],[126.932403,35.127187]]]]}},{"type":"Feature","id":"1979193772901806741700000000","properties":{"id":"1979193772901806741700000000","pnu":"1221011900106040010"},"geometry":{"type":"MultiPolygon","coordinates":[[[[126.932436,35.125188],[126.932509,35.125208],[126.932548,35.125111],[126.932475,35.12509],[126.932436,35.125188]]]]}},{"type":"Feature","id":"1979193782791806466000000000","properties":{"id":"1979193782791806466000000000","pnu":"1221011900106040018"},"geometry":{"type":"MultiPolygon","coordinates":[[[[126.932634,35.124945],[126.932658,35.12488],[126.932565,35.124856],[126.932544,35.124923],[126.932634,35.124945]]]]}},{"type":"Feature","id":"1979193798931801043300000000","properties":{"id":"1979193798931801043300000000","pnu":"1221012600102680001"},"geometry":{"type":"MultiPolygon","coordinates":[[[[126.932703,35.12002],[126.932827,35.120051],[126.93286,35.119998],[126.932721,35.119981],[126.932703,35.12002]]]]}},{"type":"Feature","id":"1979193800521800994200000000","properties":{"id":"1979193800521800994200000000","pnu":"1221012600102680001"},"geometry":{"type":"MultiPolygon","coordinates":[[[[126.93286,35.11996],[126.932741,35.119951],[126.932738,35.119977],[126.932857,35.119987],[126.93286,35.11996]]]]}},{"type":"Feature","id":"1979193802501800912900000000","properties":{"id":"1979193802501800912900000000","pnu":"1221012600102680001"},"geometry":{"type":"MultiPolygon","coordinates":[[[[126.932755,35.119951],[126.932862,35.119959],[126.932879,35.11984],[126.932772,35.119832],[126.932765,35.119879],[126.932813,35.119882],[126.932812,35.119912],[126.93276,35.11991],[126.932755,35.119951]]]]}},{"type":"Feature","id":"1979193803161805255900000000","properties":{"id":"1979193803161805255900000000","pnu":"1221011900106520013"},"geometry":{"type":"MultiPolygon","coordinates":[[[[126.932871,35.12387],[126.932901,35.123781],[126.932777,35.12375],[126.932749,35.123838],[126.932871,35.12387]]]]}},{"type":"Feature","id":"1979193850191809670100000000","properties":{"id":"1979193850191809670100000000","pnu":"1221011900105400036"},"geometry":{"type":"MultiPolygon","coordinates":[[[[126.933377,35.127829],[126.933399,35.127781],[126.933296,35.127748],[126.933278,35.127799],[126.933377,35.127829]]]]}},{"type":"Feature","id":"1979193883251804182000000000","properties":{"id":"1979193883251804182000000000","pnu":"1221011900106730005"},"geometry":{"type":"MultiPolygon","coordinates":[[[[126.933766,35.12281],[126.933652,35.1228],[126.933643,35.122874],[126.933755,35.122886],[126.933766,35.12281]]]]}},{"type":"Feature","id":"1979193898761803039600000000","properties":{"id":"1979193898761803039600000000","pnu":"1221011900106780044"},"geometry":{"type":"MultiPolygon","coordinates":[[[[126.933819,35.121859],[126.933934,35.121834],[126.933914,35.121763],[126.93387,35.121771],[126.93387,35.121779],[126.933833,35.121786],[126.933836,35.121815],[126.93382,35.121819],[126.933823,35.121835],[126.933811,35.121839],[126.933819,35.121859]]]]}},{"type":"Feature","id":"1979193900491803141100000000","properties":{"id":"1979193900491803141100000000","pnu":"1221011900106780037"},"geometry":{"type":"MultiPolygon","coordinates":[[[[126.933853,35.121942],[126.933949,35.121925],[126.933932,35.121865],[126.933858,35.121877],[126.933862,35.121892],[126.933836,35.121897],[126.933853,35.121942]]]]}},{"type":"Feature","id":"1979193903011803262100000000","properties":{"id":"1979193903011803262100000000","pnu":"1221011900106780034"},"geometry":{"type":"MultiPolygon","coordinates":[[[[126.933977,35.12205],[126.933969,35.121965],[126.933864,35.121978],[126.933877,35.122062],[126.933977,35.12205]]]]}},{"type":"Feature","id":"1979193909261803009800000000","properties":{"id":"1979193909261803009800000000","pnu":"1221011900106780043"},"geometry":{"type":"MultiPolygon","coordinates":[[[[126.934064,35.121802],[126.934046,35.121753],[126.933974,35.121762],[126.933968,35.121753],[126.933924,35.121761],[126.933941,35.121825],[126.934064,35.121802]]]]}},{"type":"Feature","id":"1979193910221809108500000000","properties":{"id":"1979193910221809108500000000","pnu":"1221011900105600006"},"geometry":{"type":"MultiPolygon","coordinates":[[[[126.933996,35.127288],[126.933997,35.127288],[126.933998,35.127287],[126.933999,35.127287],[126.934,35.127287],[126.934001,35.127286],[126.934001,35.127285],[126.934002,35.127285],[126.934002,35.127284],[126.934002,35.127283],[126.934002,35.127282],[126.934002,35.127282],[126.934001,35.127281],[126.934001,35.12728],[126.934,35.12728],[126.933999,35.127279],[126.933998,35.127279],[126.933997,35.127279],[126.933996,35.127279],[126.933995,35.127279],[126.933995,35.127279],[126.933994,35.127279],[126.933993,35.12728],[126.933992,35.12728],[126.933992,35.127281],[126.933991,35.127282],[126.933991,35.127282],[126.933991,35.127283],[126.933991,35.127284],[126.933991,35.127285],[126.933992,35.127285],[126.933992,35.127286],[126.933993,35.127287],[126.933994,35.127287],[126.933995,35.127287],[126.933995,35.127288],[126.933996,35.127288]]]]}},{"type":"Feature","id":"1979193911481803126300000000","properties":{"id":"1979193911481803126300000000","pnu":"1221011900106780042"},"geometry":{"type":"MultiPolygon","coordinates":[[[[126.93407,35.12192],[126.934056,35.121853],[126.934007,35.121862],[126.934002,35.121851],[126.933961,35.121858],[126.933978,35.121932],[126.93407,35.12192]]]]}},{"type":"Feature","id":"1979193913901809305900000000","properties":{"id":"1979193913901809305900000000","pnu":"1221011900105600000"},"geometry":{"type":"MultiPolygon","coordinates":[[[[126.934092,35.127429],[126.934055,35.127429],[126.934054,35.127427],[126.933983,35.127426],[126.933981,35.127493],[126.934089,35.127498],[126.934092,35.127429]]]]}},{"type":"Feature","id":"1979193915241809180000000000","properties":{"id":"1979193915241809180000000000","pnu":"1221011900105600006"},"geometry":{"type":"MultiPolygon","coordinates":[[[[126.934093,35.127381],[126.9341,35.127313],[126.934052,35.127312],[126.934052,35.127322],[126.934003,35.127322],[126.934001,35.127378],[126.934093,35.127381]]]]}},{"type":"Feature","id":"1979193925031809255800000000","properties":{"id":"1979193925031809255800000000","pnu":"1221011900105600007"},"geometry":{"type":"MultiPolygon","coordinates":[[[[126.934117,35.127479],[126.934145,35.12748],[126.934189,35.127463],[126.934193,35.127344],[126.934145,35.127343],[126.934142,35.12742],[126.934113,35.127421],[126.934117,35.127479]]]]}},{"type":"Feature","id":"1979193930611809689900000000","properties":{"id":"1979193930611809689900000000","pnu":"1221011900105530019"},"geometry":{"type":"MultiPolygon","coordinates":[[[[126.934172,35.12785],[126.934277,35.127835],[126.934285,35.127822],[126.934271,35.127772],[126.93426,35.127769],[126.934219,35.127776],[126.934215,35.127768],[126.934156,35.127779],[126.934172,35.12785]]]]}},{"type":"Feature","id":"1979193931801805185200000000","properties":{"id":"1979193931801805185200000000","pnu":"1221011900106370017"},"geometry":{"type":"MultiPolygon","coordinates":[[[[126.934236,35.123752],[126.934237,35.123752],[126.934238,35.123751],[126.934239,35.123751],[126.93424,35.123751],[126.93424,35.12375],[126.934241,35.123749],[126.934241,35.123749],[126.934241,35.123748],[126.934242,35.123747],[126.934241,35.123746],[126.934241,35.123746],[126.934241,35.123745],[126.93424,35.123744],[126.93424,35.123744],[126.934239,35.123743],[126.934238,35.123743],[126.934237,35.123743],[126.934236,35.123743],[126.934235,35.123743],[126.934234,35.123743],[126.934233,35.123743],[126.934233,35.123744],[126.934232,35.123744],[126.934231,35.123745],[126.934231,35.123746],[126.934231,35.123746],[126.934231,35.123747],[126.934231,35.123748],[126.934231,35.123749],[126.934231,35.123749],[126.934232,35.12375],[126.934233,35.123751],[126.934233,35.123751],[126.934234,35.123751],[126.934235,35.123752],[126.934236,35.123752]]]]}},{"type":"Feature","id":"1979193936981805122600000000","properties":{"id":"1979193936981805122600000000","pnu":"1221011900106370018"},"geometry":{"type":"MultiPolygon","coordinates":[[[[126.93423,35.123722],[126.934354,35.123722],[126.934356,35.123659],[126.934232,35.123659],[126.93423,35.123722]]]]}},{"type":"Feature","id":"1979193937021805030500000000","properties":{"id":"1979193937021805030500000000","pnu":"1221011900106370019"},"geometry":{"type":"MultiPolygon","coordinates":[[[[126.934358,35.12364],[126.934359,35.123577],[126.93423,35.123574],[126.934228,35.123639],[126.934358,35.12364]]]]}},{"type":"Feature","id":"1979193938411805227200000000","properties":{"id":"1979193938411805227200000000","pnu":"1221011900106370017"},"geometry":{"type":"MultiPolygon","coordinates":[[[[126.934367,35.123816],[126.934361,35.123743],[126.934246,35.123756],[126.93426,35.123827],[126.934367,35.123816]]]]}},{"type":"Feature","id":"1979193942051803125100000000","properties":{"id":"1979193942051803125100000000","pnu":"1221011900106780023"},"geometry":{"type":"MultiPolygon","coordinates":[[[[126.934421,35.12191],[126.93441,35.121879],[126.934395,35.121886],[126.934385,35.121866],[126.934373,35.121867],[126.934365,35.121851],[126.934328,35.121858],[126.934324,35.121849],[126.934291,35.121857],[126.934317,35.121933],[126.934421,35.12191]]]]}},{"type":"Feature","id":"1979193953661805090200000000","properties":{"id":"1979193953661805090200000000","pnu":"1221011900106370001"},"geometry":{"type":"MultiPolygon","coordinates":[[[[126.934542,35.123686],[126.934535,35.123628],[126.934427,35.123633],[126.934427,35.123644],[126.934413,35.123643],[126.934413,35.123695],[126.934542,35.123686]]]]}},{"type":"Feature","id":"1979193985191807595300000000","properties":{"id":"1979193985191807595300000000","pnu":"1221011900104890015"},"geometry":{"type":"MultiPolygon","coordinates":[[[[126.934845,35.125978],[126.934881,35.125925],[126.934865,35.125918],[126.934868,35.125908],[126.934845,35.125898],[126.934849,35.125883],[126.934808,35.12586],[126.934753,35.125926],[126.934845,35.125978]]]]}},{"type":"Feature","id":"1979193985631807396100000000","properties":{"id":"1979193985631807396100000000","pnu":"1221011900104890018"},"geometry":{"type":"MultiPolygon","coordinates":[[[[126.934822,35.125799],[126.934896,35.125745],[126.934881,35.125732],[126.934888,35.125727],[126.934828,35.125683],[126.93475,35.125738],[126.934822,35.125799]]]]}},{"type":"Feature","id":"1979193992401807469100000000","properties":{"id":"1979193992401807469100000000","pnu":"1221011900104890016"},"geometry":{"type":"MultiPolygon","coordinates":[[[[126.934903,35.125867],[126.93497,35.125811],[126.934935,35.125785],[126.934941,35.125777],[126.9349,35.125746],[126.934827,35.125801],[126.934903,35.125867]]]]}},{"type":"Feature","id":"1979193995381807680400000000","properties":{"id":"1979193995381807680400000000","pnu":"1221011900104890014"},"geometry":{"type":"MultiPolygon","coordinates":[[[[126.935003,35.12599],[126.934929,35.125936],[126.93486,35.126001],[126.934937,35.126057],[126.935003,35.12599]]]]}},{"type":"Feature","id":"1979194007081806160400000000","properties":{"id":"1979194007081806160400000000","pnu":"1221011900106230008"},"geometry":{"type":"MultiPolygon","coordinates":[[[[126.935119,35.12462],[126.935065,35.124565],[126.935035,35.124585],[126.935046,35.124607],[126.935029,35.12462],[126.935033,35.124629],[126.935023,35.124638],[126.935029,35.124647],[126.93502,35.124656],[126.935025,35.124663],[126.935012,35.124677],[126.935027,35.124693],[126.935119,35.12462]]]]}},{"type":"Feature","id":"1979194011891806251000000000","properties":{"id":"1979194011891806251000000000","pnu":"1221011900106230007"},"geometry":{"type":"MultiPolygon","coordinates":[[[[126.9351,35.124756],[126.935176,35.124701],[126.935126,35.12466],[126.935052,35.124717],[126.9351,35.124756]]]]}},{"type":"Feature","id":"1979194020751806478900000000","properties":{"id":"1979194020751806478900000000","pnu":"1221011900104850012"},"geometry":{"type":"MultiPolygon","coordinates":[[[[126.935209,35.124968],[126.935272,35.12493],[126.935212,35.12486],[126.935151,35.124896],[126.935209,35.124968]]]]}},{"type":"Feature","id":"1979194020841802676700000000","properties":{"id":"1979194020841802676700000000","pnu":"1221011900102110001"},"geometry":{"type":"MultiPolygon","coordinates":[[[[126.935145,35.121496],[126.935214,35.121544],[126.935283,35.121473],[126.935218,35.121431],[126.935145,35.121496]]]]}},{"type":"Feature","id":"1979194026301805468700000000","properties":{"id":"1979194026301805468700000000","pnu":"1221011900104450011"},"geometry":{"type":"MultiPolygon","coordinates":[[[[126.935342,35.124025],[126.935341,35.123969],[126.935278,35.123972],[126.935277,35.123979],[126.935216,35.123982],[126.935216,35.123993],[126.935195,35.123993],[126.935199,35.124034],[126.935342,35.124025]]]]}},{"type":"Feature","id":"1979194028341802457900000000","properties":{"id":"1979194028341802457900000000","pnu":"1221011900102260000"},"geometry":{"type":"MultiPolygon","coordinates":[[[[126.935228,35.121311],[126.935303,35.121352],[126.935365,35.121244],[126.935345,35.121238],[126.93528,35.121248],[126.935228,35.121311]]]]}},{"type":"Feature","id":"1979194030431809633200000000","properties":{"id":"1979194030431809633200000000","pnu":"1221011900105060004"},"geometry":{"type":"MultiPolygon","coordinates":[[[[126.935256,35.127808],[126.935285,35.127817],[126.935396,35.127729],[126.935295,35.127707],[126.935256,35.127808]]]]}},{"type":"Feature","id":"1979194035571802655200000000","properties":{"id":"1979194035571802655200000000","pnu":"1221011900102110003"},"geometry":{"type":"MultiPolygon","coordinates":[[[[126.935315,35.121475],[126.935384,35.12152],[126.935438,35.121458],[126.935368,35.121415],[126.935315,35.121475]]]]}},{"type":"Feature","id":"1979194039441809439400000000","properties":{"id":"1979194039441809439400000000","pnu":"1221011900105060006"},"geometry":{"type":"MultiPolygon","coordinates":[[[[126.935344,35.127602],[126.935451,35.12763],[126.935482,35.127559],[126.935435,35.127543],[126.935429,35.127553],[126.935371,35.127538],[126.935344,35.127602]]]]}},{"type":"Feature","id":"1979194042651809345200000000","properties":{"id":"1979194042651809345200000000","pnu":"1221011900105060007"},"geometry":{"type":"MultiPolygon","coordinates":[[[[126.935382,35.127519],[126.935486,35.127545],[126.935514,35.127474],[126.935414,35.12745],[126.935382,35.127519]]]]}},{"type":"Feature","id":"1979194047291809479400000000","properties":{"id":"1979194047291809479400000000","pnu":"1221011900105060006"},"geometry":{"type":"MultiPolygon","coordinates":[[[[126.935462,35.127641],[126.935503,35.127652],[126.935542,35.127599],[126.93549,35.127586],[126.935462,35.127641]]]]}},{"type":"Feature","id":"1979194047391809230700000000","properties":{"id":"1979194047391809230700000000","pnu":"1221011900105060011"},"geometry":{"type":"MultiPolygon","coordinates":[[[[126.935427,35.127413],[126.93554,35.127444],[126.935572,35.127373],[126.935503,35.12735],[126.935493,35.12736],[126.935456,35.127352],[126.935427,35.127413]]]]}},{"type":"Feature","id":"1979194054881809379200000000","properties":{"id":"1979194054881809379200000000","pnu":"1221011900105060008"},"geometry":{"type":"MultiPolygon","coordinates":[[[[126.935516,35.127563],[126.935564,35.127572],[126.935638,35.127555],[126.93566,35.127509],[126.935546,35.127476],[126.935516,35.127563]]]]}},{"type":"Feature","id":"1979194065061803083000000000","properties":{"id":"1979194065061803083000000000","pnu":"1221011900102140000"},"geometry":{"type":"MultiPolygon","coordinates":[[[[126.935632,35.121878],[126.935738,35.1219],[126.935767,35.12183],[126.935664,35.121804],[126.935632,35.121878]]]]}},{"type":"Feature","id":"1979194087491801759100000000","properties":{"id":"1979194087491801759100000000","pnu":"1221011900102790000"},"geometry":{"type":"MultiPolygon","coordinates":[[[[126.935887,35.120675],[126.935964,35.120702],[126.935996,35.120635],[126.935941,35.120617],[126.935921,35.120654],[126.935908,35.120649],[126.935887,35.120675]]]]}},{"type":"Feature","id":"1979194087781802303000000000","properties":{"id":"1979194087781802303000000000","pnu":"1221011900102820000"},"geometry":{"type":"MultiPolygon","coordinates":[[[[126.935896,35.12119],[126.936001,35.121194],[126.936008,35.121122],[126.935958,35.121121],[126.935958,35.121103],[126.935897,35.121101],[126.935894,35.121133],[126.935909,35.121133],[126.935896,35.12119]]]]}},{"type":"Feature","id":"1979194092971801951600000000","properties":{"id":"1979194092971801951600000000","pnu":"1221011900102800000"},"geometry":{"type":"MultiPolygon","coordinates":[[[[126.936047,35.120883],[126.936065,35.120864],[126.935997,35.120817],[126.936009,35.120797],[126.935978,35.120785],[126.935958,35.120818],[126.936047,35.120883]]]]}},{"type":"Feature","id":"1979194096061801783300000000","properties":{"id":"1979194096061801783300000000","pnu":"1221011900102790001"},"geometry":{"type":"MultiPolygon","coordinates":[[[[126.935977,35.120689],[126.936083,35.120721],[126.936107,35.120679],[126.936,35.12064],[126.935977,35.120689]]]]}},{"type":"Feature","id":"1979194097951801900900000000","properties":{"id":"1979194097951801900900000000","pnu":"1221011900102800000"},"geometry":{"type":"MultiPolygon","coordinates":[[[[126.936018,35.120831],[126.936095,35.120838],[126.936108,35.120746],[126.936024,35.120739],[126.936018,35.120782],[126.936023,35.120782],[126.936018,35.120831]]]]}},{"type":"Feature","id":"1979194105471802203300000000","properties":{"id":"1979194105471802203300000000","pnu":"1221011900103140000"},"geometry":{"type":"MultiPolygon","coordinates":[[[[126.936093,35.121106],[126.936206,35.121096],[126.936205,35.121042],[126.936194,35.121043],[126.936193,35.121021],[126.936132,35.121027],[126.936128,35.121007],[126.936088,35.121014],[126.936093,35.121106]]]]}},{"type":"Feature","id":"1979194106451801829400000000","properties":{"id":"1979194106451801829400000000","pnu":"1221011900102790002"},"geometry":{"type":"MultiPolygon","coordinates":[[[[126.936101,35.120731],[126.936177,35.120763],[126.936209,35.120709],[126.936171,35.120692],[126.93616,35.120706],[126.936117,35.120689],[126.936101,35.120731]]]]}},{"type":"Feature","id":"1979194108831802083200000000","properties":{"id":"1979194108831802083200000000","pnu":"1221011900103140000"},"geometry":{"type":"MultiPolygon","coordinates":[[[[126.93618,35.120957],[126.936181,35.120957],[126.936182,35.120956],[126.936183,35.120956],[126.936184,35.120956],[126.936185,35.120955],[126.936185,35.120954],[126.936186,35.120954],[126.936186,35.120953],[126.936186,35.120952],[126.936186,35.120951],[126.936186,35.120951],[126.936185,35.12095],[126.936185,35.120949],[126.936184,35.120949],[126.936183,35.120948],[126.936182,35.120948],[126.936181,35.120948],[126.93618,35.120948],[126.93618,35.120948],[126.936179,35.120948],[126.936178,35.120948],[126.936177,35.120949],[126.936176,35.120949],[126.936176,35.12095],[126.936175,35.120951],[126.936175,35.120951],[126.936175,35.120952],[126.936175,35.120953],[126.936175,35.120954],[126.936176,35.120954],[126.936176,35.120955],[126.936177,35.120956],[126.936178,35.120956],[126.936179,35.120956],[126.93618,35.120957],[126.93618,35.120957]]]]}},{"type":"Feature","id":"1979194119791801888500000000","properties":{"id":"1979194119791801888500000000","pnu":"1221011900103160001"},"geometry":{"type":"MultiPolygon","coordinates":[[[[126.936209,35.120773],[126.936344,35.120828],[126.936383,35.120766],[126.93633,35.120746],[126.936321,35.120752],[126.936282,35.120734],[126.936275,35.120749],[126.93624,35.120737],[126.936209,35.120773]]]]}},{"type":"Feature","id":"1979194165371802940900000000","properties":{"id":"1979194165371802940900000000","pnu":"1221011900103010000"},"geometry":{"type":"MultiPolygon","coordinates":[[[[126.936758,35.121769],[126.936845,35.121762],[126.936844,35.121681],[126.936756,35.121689],[126.936761,35.121723],[126.936751,35.121726],[126.936758,35.121769]]]]}},{"type":"Feature","id":"1979194170961803406000000000","properties":{"id":"1979194170961803406000000000","pnu":"1221011900104320000"},"geometry":{"type":"MultiPolygon","coordinates":[[[[126.93686,35.122189],[126.936915,35.122136],[126.936859,35.122101],[126.936809,35.122152],[126.93686,35.122189]]]]}},{"type":"Feature","id":"1979194197781802875400000000","properties":{"id":"1979194197781802875400000000","pnu":"1221011900104260001"},"geometry":{"type":"MultiPolygon","coordinates":[[[[126.93711,35.121707],[126.937216,35.12169],[126.937194,35.121623],[126.937119,35.121639],[126.93712,35.121651],[126.937094,35.121654],[126.93711,35.121707]]]]}},{"type":"Feature","id":"1979194207001802872500000000","properties":{"id":"1979194207001802872500000000","pnu":"1221011900104250000"},"geometry":{"type":"MultiPolygon","coordinates":[[[[126.937277,35.121601],[126.937199,35.121614],[126.93723,35.121726],[126.93732,35.12171],[126.937277,35.121601]]]]}},{"type":"Feature","id":"1979194210061802693300000000","properties":{"id":"1979194210061802693300000000","pnu":"1221011900103560001"},"geometry":{"type":"MultiPolygon","coordinates":[[[[126.937231,35.121468],[126.937244,35.121506],[126.93726,35.121504],[126.937273,35.121541],[126.937289,35.121536],[126.937292,35.121554],[126.937341,35.121548],[126.937314,35.121457],[126.937231,35.121468]]]]}},{"type":"Feature","id":"1979194216021802839300000000","properties":{"id":"1979194216021802839300000000","pnu":"1221011900104250001"},"geometry":{"type":"MultiPolygon","coordinates":[[[[126.937329,35.121694],[126.937371,35.121687],[126.937369,35.121675],[126.937415,35.12166],[126.937403,35.121614],[126.937391,35.121616],[126.937384,35.121577],[126.937299,35.121597],[126.937329,35.121694]]]]}},{"type":"Feature","id":"1979194298231802834500000000","properties":{"id":"1979194298231802834500000000","pnu":"1221011900104080000"},"geometry":{"type":"MultiPolygon","coordinates":[[[[126.938214,35.121624],[126.938227,35.121658],[126.938301,35.121638],[126.938287,35.121602],[126.938214,35.121624]]]]}},{"type":"Feature","id":"1979194302931802993500000000","properties":{"id":"1979194302931802993500000000","pnu":"1221011900104080000"},"geometry":{"type":"MultiPolygon","coordinates":[[[[126.938244,35.121766],[126.938251,35.121779],[126.93824,35.121788],[126.938281,35.121836],[126.938381,35.121782],[126.938331,35.121705],[126.938296,35.12172],[126.938306,35.121737],[126.938244,35.121766]]]]}},{"type":"Feature","id":"1979194308771802554400000000","properties":{"id":"1979194308771802554400000000","pnu":"1221011900104020001"},"geometry":{"type":"MultiPolygon","coordinates":[[[[126.938313,35.121347],[126.938339,35.121404],[126.938369,35.121402],[126.938392,35.121437],[126.938429,35.121426],[126.938389,35.121324],[126.938313,35.121347]]]]}},{"type":"Feature","id":"1980193456321809350200000000","properties":{"id":"1980193456321809350200000000","pnu":"1221011900110750000"},"geometry":{"type":"MultiPolygon","coordinates":[[[[126.929062,35.127474],[126.929041,35.127458],[126.928971,35.127519],[126.928993,35.127539],[126.929062,35.127474]]]]}},{"type":"Feature","id":"1980193460681809414100000000","properties":{"id":"1980193460681809414100000000","pnu":"1221011900110750000"},"geometry":{"type":"MultiPolygon","coordinates":[[[[126.929134,35.127566],[126.929057,35.127497],[126.928994,35.127545],[126.929072,35.127615],[126.929134,35.127566]]]]}},{"type":"Feature","id":"1980193546461800252500000000","properties":{"id":"1980193546461800252500000000","pnu":"1221012600102180000"},"geometry":{"type":"MultiPolygon","coordinates":[[[[126.930012,35.119303],[126.930013,35.119303],[126.930014,35.119303],[126.930015,35.119302],[126.930016,35.119302],[126.930017,35.119301],[126.930017,35.119301],[126.930018,35.1193],[126.930018,35.119299],[126.930018,35.119298],[126.930018,35.119298],[126.930018,35.119297],[126.930017,35.119296],[126.930017,35.119296],[126.930016,35.119295],[126.930015,35.119295],[126.930014,35.119294],[126.930013,35.119294],[126.930012,35.119294],[126.930012,35.119294],[126.930011,35.119294],[126.93001,35.119295],[126.930009,35.119295],[126.930008,35.119296],[126.930008,35.119296],[126.930007,35.119297],[126.930007,35.119298],[126.930007,35.119298],[126.930007,35.119299],[126.930007,35.1193],[126.930008,35.119301],[126.930008,35.119301],[126.930009,35.119302],[126.93001,35.119302],[126.930011,35.119303],[126.930011,35.119303],[126.930012,35.119303]]]]}},{"type":"Feature","id":"1980193552001800317300000000","properties":{"id":"1980193552001800317300000000","pnu":"1221012600102180000"},"geometry":{"type":"MultiPolygon","coordinates":[[[[126.930128,35.119402],[126.930145,35.119336],[126.930018,35.119312],[126.930001,35.119377],[126.930128,35.119402]]]]}},{"type":"Feature","id":"1980193553971800209800000000","properties":{"id":"1980193553971800209800000000","pnu":"1221012600102180005"},"geometry":{"type":"MultiPolygon","coordinates":[[[[126.930143,35.119308],[126.930168,35.119248],[126.930089,35.119224],[126.930089,35.119221],[126.930052,35.119211],[126.930022,35.119274],[126.930143,35.119308]]]]}},{"type":"Feature","id":"1980193570891806595700000000","properties":{"id":"1980193570891806595700000000","pnu":"1221012600102980015"},"geometry":{"type":"MultiPolygon","coordinates":[[[[126.930247,35.125],[126.930243,35.125061],[126.930302,35.125064],[126.930306,35.125],[126.930308,35.124971],[126.930249,35.124969],[126.930247,35.125]]]]}},{"type":"Feature","id":"1980193590001807036400000000","properties":{"id":"1980193590001807036400000000","pnu":"1221012600102980027"},"geometry":{"type":"MultiPolygon","coordinates":[[[[126.930466,35.125462],[126.930549,35.125416],[126.930507,35.125368],[126.930422,35.125406],[126.930466,35.125462]]]]}},{"type":"Feature","id":"1980193591601806193800000000","properties":{"id":"1980193591601806193800000000","pnu":"1221012600102900003"},"geometry":{"type":"MultiPolygon","coordinates":[[[[126.930553,35.124689],[126.930559,35.124631],[126.930457,35.124616],[126.930447,35.12468],[126.930553,35.124689]]]]}},{"type":"Feature","id":"1980193594391800393000000000","properties":{"id":"1980193594391800393000000000","pnu":"1221012600102320002"},"geometry":{"type":"MultiPolygon","coordinates":[[[[126.930581,35.119479],[126.930615,35.119425],[126.930522,35.119379],[126.930514,35.119392],[126.930497,35.119386],[126.930485,35.119402],[126.930459,35.119395],[126.930447,35.119413],[126.930581,35.119479]]]]}},{"type":"Feature","id":"1980193595621808961600000000","properties":{"id":"1980193595621808961600000000","pnu":"1221011900105850010"},"geometry":{"type":"MultiPolygon","coordinates":[[[[126.930486,35.127179],[126.93053,35.127191],[126.930531,35.127186],[126.930574,35.127195],[126.930602,35.127117],[126.93054,35.127099],[126.93053,35.127119],[126.93051,35.127114],[126.930486,35.127179]]]]}},{"type":"Feature","id":"1980193601471799730600000000","properties":{"id":"1980193601471799730600000000","pnu":"1221012600102020000"},"geometry":{"type":"MultiPolygon","coordinates":[[[[126.930616,35.118833],[126.930617,35.118833],[126.930618,35.118833],[126.930619,35.118832],[126.93062,35.118832],[126.930621,35.118831],[126.930621,35.118831],[126.930622,35.11883],[126.930622,35.118829],[126.930622,35.118828],[126.930622,35.118828],[126.930622,35.118827],[126.930621,35.118826],[126.930621,35.118826],[126.93062,35.118825],[126.930619,35.118825],[126.930618,35.118824],[126.930617,35.118824],[126.930616,35.118824],[126.930615,35.118824],[126.930615,35.118824],[126.930614,35.118825],[126.930613,35.118825],[126.930612,35.118826],[126.930612,35.118826],[126.930611,35.118827],[126.930611,35.118828],[126.930611,35.118828],[126.930611,35.118829],[126.930611,35.11883],[126.930612,35.118831],[126.930612,35.118831],[126.930613,35.118832],[126.930614,35.118832],[126.930615,35.118833],[126.930615,35.118833],[126.930616,35.118833]]]]}},{"type":"Feature","id":"1980193603921806216700000000","properties":{"id":"1980193603921806216700000000","pnu":"1221012600102900014"},"geometry":{"type":"MultiPolygon","coordinates":[[[[126.930697,35.124704],[126.930697,35.124677],[126.930674,35.124675],[126.930674,35.12466],[126.930655,35.124659],[126.930655,35.124645],[126.930597,35.124638],[126.930591,35.124698],[126.930697,35.124704]]]]}},{"type":"Feature","id":"1980193605101800995900000000","properties":{"id":"1980193605101800995900000000","pnu":"1221012600102530001"},"geometry":{"type":"MultiPolygon","coordinates":[[[[126.930648,35.119996],[126.930689,35.119962],[126.930662,35.119941],[126.930622,35.119977],[126.930648,35.119996]]]]}},{"type":"Feature","id":"1980193607541800923000000000","properties":{"id":"1980193607541800923000000000","pnu":"1221012600102530001"},"geometry":{"type":"MultiPolygon","coordinates":[[[[126.930706,35.119948],[126.93074,35.119918],[126.930652,35.119859],[126.930625,35.119886],[126.930706,35.119948]]]]}},{"type":"Feature","id":"1980193610641806190200000000","properties":{"id":"1980193610641806190200000000","pnu":"1221012600102900014"},"geometry":{"type":"MultiPolygon","coordinates":[[[[126.9307,35.124653],[126.930724,35.124657],[126.930724,35.124649],[126.9307,35.124645],[126.9307,35.124653]]]]}},{"type":"Feature","id":"1980193622741802216200000000","properties":{"id":"1980193622741802216200000000","pnu":"1221012600102430049"},"geometry":{"type":"MultiPolygon","coordinates":[[[[126.930905,35.121031],[126.930828,35.121011],[126.930793,35.121111],[126.930865,35.121126],[126.930905,35.121031]]]]}},{"type":"Feature","id":"1980193632951802254000000000","properties":{"id":"1980193632951802254000000000","pnu":"1221012600102430035"},"geometry":{"type":"MultiPolygon","coordinates":[[[[126.930991,35.12116],[126.931013,35.121065],[126.930932,35.121046],[126.930904,35.121139],[126.930991,35.12116]]]]}},{"type":"Feature","id":"1980193650571804820800000000","properties":{"id":"1980193650571804820800000000","pnu":"1221012600102840006"},"geometry":{"type":"MultiPolygon","coordinates":[[[[126.93119,35.123461],[126.931205,35.123415],[126.931195,35.123413],[126.931201,35.123393],[126.931118,35.123369],[126.931094,35.123439],[126.93119,35.123461]]]]}},{"type":"Feature","id":"1980193652871809744100000000","properties":{"id":"1980193652871809744100000000","pnu":"1221011900105320030"},"geometry":{"type":"MultiPolygon","coordinates":[[[[126.931327,35.127849],[126.931052,35.127769],[126.931021,35.127832],[126.931076,35.127849],[126.931063,35.127882],[126.93123,35.127934],[126.931243,35.127906],[126.931301,35.127922],[126.931327,35.127849]]]]}},{"type":"Feature","id":"1980193661951805219500000000","properties":{"id":"1980193661951805219500000000","pnu":"1221012600102850009"},"geometry":{"type":"MultiPolygon","coordinates":[[[[126.931229,35.123842],[126.931318,35.123835],[126.931318,35.123818],[126.931327,35.123818],[126.931324,35.123763],[126.93134,35.123763],[126.931334,35.123717],[126.931216,35.123723],[126.931229,35.123842]]]]}},{"type":"Feature","id":"1980193664251804219900000000","properties":{"id":"1980193664251804219900000000","pnu":"1221012600102840023"},"geometry":{"type":"MultiPolygon","coordinates":[[[[126.931386,35.122858],[126.931263,35.122829],[126.931233,35.122839],[126.931212,35.122887],[126.931362,35.122928],[126.931386,35.122858]]]]}},{"type":"Feature","id":"1980193665481805033200000000","properties":{"id":"1980193665481805033200000000","pnu":"1221012600102840004"},"geometry":{"type":"MultiPolygon","coordinates":[[[[126.931296,35.123678],[126.931369,35.123658],[126.931357,35.123603],[126.931357,35.123584],[126.931358,35.123568],[126.931348,35.123551],[126.931319,35.123547],[126.931263,35.123556],[126.931266,35.123581],[126.931259,35.123581],[126.931269,35.123625],[126.931296,35.123678]]]]}},{"type":"Feature","id":"1980193667621804347700000000","properties":{"id":"1980193667621804347700000000","pnu":"1221012600102840020"},"geometry":{"type":"MultiPolygon","coordinates":[[[[126.931289,35.123021],[126.931347,35.123039],[126.931365,35.123039],[126.93139,35.12296],[126.93131,35.12294],[126.931289,35.123021]]]]}},{"type":"Feature","id":"1980193672241804895400000000","properties":{"id":"1980193672241804895400000000","pnu":"1221012600102840008"},"geometry":{"type":"MultiPolygon","coordinates":[[[[126.931325,35.123503],[126.931428,35.123532],[126.931452,35.123469],[126.931429,35.123463],[126.93143,35.123459],[126.931394,35.123452],[126.931394,35.123444],[126.931354,35.123435],[126.931325,35.123503]]]]}},{"type":"Feature","id":"1980193679941804386600000000","properties":{"id":"1980193679941804386600000000","pnu":"1221012600102840019"},"geometry":{"type":"MultiPolygon","coordinates":[[[[126.931547,35.123],[126.931428,35.122971],[126.931404,35.123053],[126.931516,35.12308],[126.931547,35.123]]]]}},{"type":"Feature","id":"1980193687461805788500000000","properties":{"id":"1980193687461805788500000000","pnu":"1221012600102850004"},"geometry":{"type":"MultiPolygon","coordinates":[[[[126.931613,35.124281],[126.931572,35.124266],[126.931573,35.124259],[126.93152,35.124246],[126.931497,35.124303],[126.931594,35.124332],[126.931613,35.124281]]]]}},{"type":"Feature","id":"1980193691071805117400000000","properties":{"id":"1980193691071805117400000000","pnu":"1221012600102840002"},"geometry":{"type":"MultiPolygon","coordinates":[[[[126.931513,35.123718],[126.931669,35.123713],[126.931664,35.123645],[126.931569,35.12365],[126.931569,35.123662],[126.931524,35.123663],[126.931524,35.123688],[126.931512,35.12369],[126.931513,35.123718]]]]}},{"type":"Feature","id":"1980193699341803949500000000","properties":{"id":"1980193699341803949500000000","pnu":"1221012600102820018"},"geometry":{"type":"MultiPolygon","coordinates":[[[[126.931647,35.122586],[126.931636,35.122618],[126.93161,35.122611],[126.931598,35.122641],[126.931742,35.122678],[126.931765,35.122616],[126.931647,35.122586]]]]}},{"type":"Feature","id":"1980193701391807660100000000","properties":{"id":"1980193701391807660100000000","pnu":"1221011900105990004"},"geometry":{"type":"MultiPolygon","coordinates":[[[[126.93177,35.12593],[126.931687,35.125907],[126.931644,35.126025],[126.931724,35.126046],[126.93177,35.12593]]]]}},{"type":"Feature","id":"1980193713691807871200000000","properties":{"id":"1980193713691807871200000000","pnu":"1221011900105990007"},"geometry":{"type":"MultiPolygon","coordinates":[[[[126.931924,35.126155],[126.931848,35.126138],[126.931848,35.126128],[126.931799,35.126117],[126.93178,35.126193],[126.931863,35.126212],[126.931924,35.126155]]]]}},{"type":"Feature","id":"1980193715501804394000000000","properties":{"id":"1980193715501804394000000000","pnu":"1221012600102820011"},"geometry":{"type":"MultiPolygon","coordinates":[[[[126.931876,35.123077],[126.931904,35.123002],[126.931853,35.122987],[126.931824,35.123065],[126.931876,35.123077]]]]}},{"type":"Feature","id":"1980193720331807188600000000","properties":{"id":"1980193720331807188600000000","pnu":"1221011900105960006"},"geometry":{"type":"MultiPolygon","coordinates":[[[[126.931996,35.125592],[126.932007,35.125543],[126.93193,35.125525],[126.931928,35.125533],[126.931826,35.125515],[126.931814,35.125556],[126.931996,35.125592]]]]}},{"type":"Feature","id":"1980193721171804688800000000","properties":{"id":"1980193721171804688800000000","pnu":"1221012600102820006"},"geometry":{"type":"MultiPolygon","coordinates":[[[[126.931958,35.123352],[126.931963,35.123337],[126.931963,35.123254],[126.931908,35.123243],[126.931872,35.123328],[126.931958,35.123352]]]]}},{"type":"Feature","id":"1980193738311807864300000000","properties":{"id":"1980193738311807864300000000","pnu":"1221011900106020008"},"geometry":{"type":"MultiPolygon","coordinates":[[[[126.932154,35.126229],[126.932185,35.126192],[126.932161,35.126175],[126.932167,35.126166],[126.932125,35.126141],[126.932129,35.126132],[126.932078,35.126096],[126.932035,35.126136],[126.932154,35.126229]]]]}},{"type":"Feature","id":"1980193745671807664100000000","properties":{"id":"1980193745671807664100000000","pnu":"1221011900106010010"},"geometry":{"type":"MultiPolygon","coordinates":[[[[126.932242,35.126025],[126.932261,35.12596],[126.932144,35.125935],[126.932122,35.126001],[126.932242,35.126025]]]]}},{"type":"Feature","id":"1980193747391807235300000000","properties":{"id":"1980193747391807235300000000","pnu":"1221011900105960009"},"geometry":{"type":"MultiPolygon","coordinates":[[[[126.932316,35.125669],[126.932339,35.125663],[126.932383,35.125642],[126.932392,35.125599],[126.932344,35.125588],[126.932348,35.12557],[126.932068,35.125513],[126.932036,35.125606],[126.932316,35.125669]]]]}},{"type":"Feature","id":"1980193749571802658000000000","properties":{"id":"1980193749571802658000000000","pnu":"1221012600106360016"},"geometry":{"type":"MultiPolygon","coordinates":[[[[126.932034,35.121401],[126.93202,35.121484],[126.932443,35.121537],[126.932453,35.12145],[126.932034,35.121401]]]]}},{"type":"Feature","id":"1980193750361802372500000000","properties":{"id":"1980193750361802372500000000","pnu":"1221012600106360016"},"geometry":{"type":"MultiPolygon","coordinates":[[[[126.932094,35.121146],[126.932079,35.121232],[126.932405,35.121275],[126.932414,35.121189],[126.932094,35.121146]]]]}},{"type":"Feature","id":"1980193750441807471400000000","properties":{"id":"1980193750441807471400000000","pnu":"1221011900106020012"},"geometry":{"type":"MultiPolygon","coordinates":[[[[126.932298,35.125846],[126.93231,35.125799],[126.93226,35.125787],[126.932261,35.125781],[126.932198,35.125766],[126.932179,35.125818],[126.932298,35.125846]]]]}},{"type":"Feature","id":"1980193750791802525900000000","properties":{"id":"1980193750791802525900000000","pnu":"1221012600106360016"},"geometry":{"type":"MultiPolygon","coordinates":[[[[126.932077,35.121283],[126.932066,35.121376],[126.932429,35.121412],[126.932445,35.121327],[126.932077,35.121283]]]]}},{"type":"Feature","id":"1980193766291806606600000000","properties":{"id":"1980193766291806606600000000","pnu":"1221011900106040015"},"geometry":{"type":"MultiPolygon","coordinates":[[[[126.932386,35.125001],[126.932364,35.125058],[126.932439,35.12508],[126.932474,35.125],[126.932476,35.124995],[126.932395,35.124977],[126.932386,35.125001]]]]}},{"type":"Feature","id":"1980193770021805398600000000","properties":{"id":"1980193770021805398600000000","pnu":"1221011900106530004"},"geometry":{"type":"MultiPolygon","coordinates":[[[[126.932388,35.124031],[126.932469,35.12405],[126.932532,35.123845],[126.932457,35.123824],[126.932388,35.124031]]]]}},{"type":"Feature","id":"1980193777371802666000000000","properties":{"id":"1980193777371802666000000000","pnu":"1221012600106360016"},"geometry":{"type":"MultiPolygon","coordinates":[[[[126.932625,35.121448],[126.932485,35.121425],[126.932468,35.121505],[126.932577,35.121525],[126.932581,35.121512],[126.932605,35.121516],[126.932625,35.121448]]]]}},{"type":"Feature","id":"1980193785341805368400000000","properties":{"id":"1980193785341805368400000000","pnu":"1221011900106530017"},"geometry":{"type":"MultiPolygon","coordinates":[[[[126.932696,35.12388],[126.93259,35.123858],[126.932564,35.123942],[126.932665,35.123967],[126.932696,35.12388]]]]}},{"type":"Feature","id":"1980193800241805410600000000","properties":{"id":"1980193800241805410600000000","pnu":"1221011900106530020"},"geometry":{"type":"MultiPolygon","coordinates":[[[[126.932831,35.12401],[126.932861,35.123903],[126.932786,35.123888],[126.932781,35.1239],[126.932756,35.123896],[126.93274,35.12394],[126.932734,35.12394],[126.932719,35.123991],[126.932831,35.12401]]]]}},{"type":"Feature","id":"1980193804591801335300000000","properties":{"id":"1980193804591801335300000000","pnu":"1221012600102690006"},"geometry":{"type":"MultiPolygon","coordinates":[[[[126.932971,35.120256],[126.932771,35.1202],[126.932732,35.120293],[126.932769,35.120306],[126.932768,35.120321],[126.932903,35.120351],[126.932931,35.120285],[126.932962,35.120289],[126.932971,35.120256]]]]}},{"type":"Feature","id":"1980193809131805036600000000","properties":{"id":"1980193809131805036600000000","pnu":"1221011900106500000"},"geometry":{"type":"MultiPolygon","coordinates":[[[[126.932921,35.123549],[126.932809,35.123519],[126.932772,35.123637],[126.932986,35.123689],[126.933013,35.123683],[126.93302,35.123672],[126.933034,35.123631],[126.932917,35.123597],[126.932921,35.123549]]]]}},{"type":"Feature","id":"1980193819651804960600000000","properties":{"id":"1980193819651804960600000000","pnu":"1221011900106500026"},"geometry":{"type":"MultiPolygon","coordinates":[[[[126.93293,35.123554],[126.933049,35.123583],[126.933072,35.123521],[126.933025,35.123509],[126.933019,35.123525],[126.932981,35.123515],[126.932977,35.123525],[126.932943,35.123517],[126.93293,35.123554]]]]}},{"type":"Feature","id":"1980193838721803450700000000","properties":{"id":"1980193838721803450700000000","pnu":"1221011900106690000"},"geometry":{"type":"MultiPolygon","coordinates":[[[[126.933371,35.122266],[126.933395,35.122209],[126.933359,35.122197],[126.93334,35.122151],[126.933152,35.122106],[126.933153,35.122094],[126.933097,35.122084],[126.93305,35.122208],[126.933328,35.122266],[126.933334,35.122255],[126.933371,35.122266]]]]}},{"type":"Feature","id":"1980193845091803348600000000","properties":{"id":"1980193845091803348600000000","pnu":"1221011900106690000"},"geometry":{"type":"MultiPolygon","coordinates":[[[[126.933302,35.122038],[126.933258,35.122052],[126.933206,35.122045],[126.93324,35.122115],[126.933271,35.122105],[126.93328,35.122124],[126.933347,35.122154],[126.933362,35.122149],[126.933302,35.122038]]]]}},{"type":"Feature","id":"1980193878911803715800000000","properties":{"id":"1980193878911803715800000000","pnu":"1221011900106730014"},"geometry":{"type":"MultiPolygon","coordinates":[[[[126.933681,35.122481],[126.933705,35.122385],[126.933616,35.12237],[126.933611,35.122399],[126.933625,35.122404],[126.933617,35.12245],[126.933629,35.122455],[126.933627,35.122468],[126.933648,35.122473],[126.933648,35.122476],[126.933681,35.122481]]]]}},{"type":"Feature","id":"1980193885011802791600000000","properties":{"id":"1980193885011802791600000000","pnu":"1221011900106780031"},"geometry":{"type":"MultiPolygon","coordinates":[[[[126.933733,35.12164],[126.933793,35.121562],[126.933754,35.121541],[126.933745,35.121548],[126.933721,35.121535],[126.933656,35.121612],[126.933706,35.12164],[126.933733,35.12164]]]]}},{"type":"Feature","id":"1980193885591804291100000000","properties":{"id":"1980193885591804291100000000","pnu":"1221011900106730004"},"geometry":{"type":"MultiPolygon","coordinates":[[[[126.933772,35.122972],[126.933777,35.122917],[126.933684,35.122909],[126.933681,35.122932],[126.933695,35.122969],[126.933772,35.122972]]]]}},{"type":"Feature","id":"1980193887001803886600000000","properties":{"id":"1980193887001803886600000000","pnu":"1221011900106730012"},"geometry":{"type":"MultiPolygon","coordinates":[[[[126.9338,35.122615],[126.933808,35.122542],[126.933758,35.122536],[126.933758,35.122544],[126.933717,35.122543],[126.933717,35.122547],[126.933685,35.122546],[126.933677,35.122605],[126.9338,35.122615]]]]}},{"type":"Feature","id":"1980193887481808683500000000","properties":{"id":"1980193887481808683500000000","pnu":"1221011900105640002"},"geometry":{"type":"MultiPolygon","coordinates":[[[[126.933805,35.126927],[126.933811,35.126874],[126.933767,35.126873],[126.933767,35.126876],[126.933718,35.126875],[126.933718,35.126881],[126.933675,35.12688],[126.933686,35.126922],[126.933805,35.126927]]]]}},{"type":"Feature","id":"1980193889721808585300000000","properties":{"id":"1980193889721808585300000000","pnu":"1221011900105640003"},"geometry":{"type":"MultiPolygon","coordinates":[[[[126.933825,35.126836],[126.933831,35.126786],[126.933793,35.126786],[126.933792,35.12679],[126.933714,35.126789],[126.933713,35.126834],[126.933825,35.126836]]]]}},{"type":"Feature","id":"1980193890261808485100000000","properties":{"id":"1980193890261808485100000000","pnu":"1221011900105640004"},"geometry":{"type":"MultiPolygon","coordinates":[[[[126.93382,35.12675],[126.933828,35.12669],[126.933784,35.126689],[126.933784,35.126699],[126.933729,35.126697],[126.933727,35.126748],[126.93382,35.12675]]]]}},{"type":"Feature","id":"1980193893061802687700000000","properties":{"id":"1980193893061802687700000000","pnu":"1221011900106780049"},"geometry":{"type":"MultiPolygon","coordinates":[[[[126.933812,35.121547],[126.933874,35.121479],[126.933832,35.121454],[126.933822,35.12146],[126.933806,35.121452],[126.933752,35.121506],[126.933812,35.121547]]]]}},{"type":"Feature","id":"1980193895721804304000000000","properties":{"id":"1980193895721804304000000000","pnu":"1221011900106730003"},"geometry":{"type":"MultiPolygon","coordinates":[[[[126.933797,35.122912],[126.933786,35.122979],[126.933894,35.122989],[126.933897,35.122941],[126.933878,35.122938],[126.933879,35.122928],[126.933858,35.122924],[126.933858,35.122917],[126.933797,35.122912]]]]}},{"type":"Feature","id":"1980193904271809118000000000","properties":{"id":"1980193904271809118000000000","pnu":"1221011900105640000"},"geometry":{"type":"MultiPolygon","coordinates":[[[[126.933967,35.127322],[126.933979,35.127272],[126.933903,35.12726],[126.933899,35.127275],[126.933891,35.127274],[126.933882,35.127312],[126.933967,35.127322]]]]}},{"type":"Feature","id":"1980193911601802787200000000","properties":{"id":"1980193911601802787200000000","pnu":"1221011900106780046"},"geometry":{"type":"MultiPolygon","coordinates":[[[[126.933912,35.121652],[126.934021,35.121646],[126.934108,35.121542],[126.934033,35.121504],[126.933912,35.121652]]]]}},{"type":"Feature","id":"1980193922761802809900000000","properties":{"id":"1980193922761802809900000000","pnu":"1221011900106780047"},"geometry":{"type":"MultiPolygon","coordinates":[[[[126.9342,35.121631],[126.934196,35.121582],[126.93418,35.121582],[126.934178,35.121575],[126.934103,35.121577],[126.934069,35.121621],[126.934068,35.121632],[126.9342,35.121631]]]]}},{"type":"Feature","id":"1980193945101802539600000000","properties":{"id":"1980193945101802539600000000","pnu":"1221011900106810003"},"geometry":{"type":"MultiPolygon","coordinates":[[[[126.934359,35.121283],[126.934296,35.121377],[126.934429,35.121437],[126.934464,35.121387],[126.93446,35.121375],[126.934428,35.12136],[126.934443,35.121337],[126.934418,35.121325],[126.934425,35.121315],[126.934359,35.121283]]]]}},{"type":"Feature","id":"1980193952581802604100000000","properties":{"id":"1980193952581802604100000000","pnu":"1221011900106810003"},"geometry":{"type":"MultiPolygon","coordinates":[[[[126.934422,35.121449],[126.934451,35.121461],[126.934514,35.121402],[126.934469,35.121381],[126.934422,35.121449]]]]}},{"type":"Feature","id":"1980193958441805502200000000","properties":{"id":"1980193958441805502200000000","pnu":"1221011900106330003"},"geometry":{"type":"MultiPolygon","coordinates":[[[[126.934646,35.124105],[126.934604,35.123973],[126.934483,35.123982],[126.934413,35.124005],[126.934402,35.124026],[126.934363,35.124041],[126.934646,35.124105]]]]}},{"type":"Feature","id":"1980193963461802510700000000","properties":{"id":"1980193963461802510700000000","pnu":"1221011900106810003"},"geometry":{"type":"MultiPolygon","coordinates":[[[[126.934576,35.121372],[126.934616,35.121355],[126.934598,35.121304],[126.934553,35.121315],[126.934576,35.121372]]]]}},{"type":"Feature","id":"1980193969531801989900000000","properties":{"id":"1980193969531801989900000000","pnu":"1221011900106820007"},"geometry":{"type":"MultiPolygon","coordinates":[[[[126.934652,35.120872],[126.934653,35.120872],[126.934654,35.120871],[126.934655,35.120871],[126.934656,35.120871],[126.934657,35.12087],[126.934657,35.120869],[126.934658,35.120869],[126.934658,35.120868],[126.934658,35.120867],[126.934658,35.120866],[126.934658,35.120866],[126.934657,35.120865],[126.934657,35.120864],[126.934656,35.120864],[126.934655,35.120863],[126.934654,35.120863],[126.934653,35.120863],[126.934652,35.120863],[126.934651,35.120863],[126.934651,35.120863],[126.93465,35.120863],[126.934649,35.120864],[126.934648,35.120864],[126.934648,35.120865],[126.934647,35.120866],[126.934647,35.120866],[126.934647,35.120867],[126.934647,35.120868],[126.934647,35.120869],[126.934648,35.120869],[126.934648,35.12087],[126.934649,35.120871],[126.93465,35.120871],[126.934651,35.120871],[126.934651,35.120872],[126.934652,35.120872]]]]}},{"type":"Feature","id":"1980193973901802057300000000","properties":{"id":"1980193973901802057300000000","pnu":"1221011900106820007"},"geometry":{"type":"MultiPolygon","coordinates":[[[[126.934745,35.120972],[126.934751,35.120903],[126.934735,35.120902],[126.934736,35.120889],[126.934658,35.120883],[126.93465,35.120964],[126.934745,35.120972]]]]}},{"type":"Feature","id":"1980193973931801941400000000","properties":{"id":"1980193973931801941400000000","pnu":"1221011900106820008"},"geometry":{"type":"MultiPolygon","coordinates":[[[[126.934733,35.120868],[126.934742,35.120786],[126.934667,35.120778],[126.934662,35.120864],[126.934733,35.120868]]]]}},{"type":"Feature","id":"1980193974021807169700000000","properties":{"id":"1980193974021807169700000000","pnu":"1221011900106210010"},"geometry":{"type":"MultiPolygon","coordinates":[[[[126.934758,35.12551],[126.934674,35.125484],[126.934637,35.125559],[126.934721,35.12559],[126.934758,35.12551]]]]}},{"type":"Feature","id":"1980193974291802427100000000","properties":{"id":"1980193974291802427100000000","pnu":"1221011900106820003"},"geometry":{"type":"MultiPolygon","coordinates":[[[[126.934738,35.12133],[126.934735,35.121193],[126.934671,35.121192],[126.934673,35.121329],[126.934738,35.12133]]]]}},{"type":"Feature","id":"1980193974951802302100000000","properties":{"id":"1980193974951802302100000000","pnu":"1221011900106820004"},"geometry":{"type":"MultiPolygon","coordinates":[[[[126.934746,35.121183],[126.934748,35.121114],[126.934682,35.121113],[126.934682,35.121125],[126.934676,35.121125],[126.934675,35.121183],[126.934746,35.121183]]]]}},{"type":"Feature","id":"1980193975761801810200000000","properties":{"id":"1980193975761801810200000000","pnu":"1221011900106820009"},"geometry":{"type":"MultiPolygon","coordinates":[[[[126.934756,35.120738],[126.934762,35.120678],[126.934701,35.120671],[126.934686,35.120682],[126.934678,35.120734],[126.934756,35.120738]]]]}},{"type":"Feature","id":"1980193984131807225200000000","properties":{"id":"1980193984131807225200000000","pnu":"1221011900106210001"},"geometry":{"type":"MultiPolygon","coordinates":[[[[126.934836,35.125635],[126.934868,35.125575],[126.934839,35.125562],[126.93484,35.125557],[126.934786,35.125534],[126.934748,35.125604],[126.934836,35.125635]]]]}},{"type":"Feature","id":"1980193984241802308200000000","properties":{"id":"1980193984241802308200000000","pnu":"1221011900106820001"},"geometry":{"type":"MultiPolygon","coordinates":[[[[126.934838,35.121197],[126.934854,35.121116],[126.934806,35.12111],[126.934801,35.121131],[126.934784,35.121129],[126.93478,35.121151],[126.93477,35.12115],[126.934764,35.121179],[126.934796,35.121183],[126.934794,35.121191],[126.934838,35.121197]]]]}},{"type":"Feature","id":"1980193986391802052500000000","properties":{"id":"1980193986391802052500000000","pnu":"1221011900106820013"},"geometry":{"type":"MultiPolygon","coordinates":[[[[126.93488,35.120876],[126.934814,35.120871],[126.934812,35.120895],[126.934805,35.120895],[126.934805,35.120905],[126.93479,35.120904],[126.934787,35.120964],[126.934878,35.120972],[126.93488,35.120876]]]]}},{"type":"Feature","id":"1980193994061806556300000000","properties":{"id":"1980193994061806556300000000","pnu":"1221011900106230002"},"geometry":{"type":"MultiPolygon","coordinates":[[[[126.934875,35.125001],[126.934873,35.125003],[126.934902,35.125033],[126.934944,35.125001],[126.934972,35.124979],[126.934913,35.124931],[126.934899,35.124945],[126.934904,35.124955],[126.934883,35.124974],[126.934891,35.124986],[126.934875,35.125001]]]]}},{"type":"Feature","id":"1980193995301807312100000000","properties":{"id":"1980193995301807312100000000","pnu":"1221011900104890017"},"geometry":{"type":"MultiPolygon","coordinates":[[[[126.935023,35.125657],[126.934977,35.125632],[126.93497,35.125639],[126.93493,35.125619],[126.934919,35.125629],[126.934883,35.125609],[126.934837,35.125659],[126.934961,35.125727],[126.935023,35.125657]]]]}},{"type":"Feature","id":"1980194001061806333600000000","properties":{"id":"1980194001061806333600000000","pnu":"1221011900106230004"},"geometry":{"type":"MultiPolygon","coordinates":[[[[126.935007,35.124717],[126.934955,35.124749],[126.934967,35.124761],[126.934945,35.124776],[126.934955,35.124787],[126.934944,35.124795],[126.934957,35.124808],[126.934933,35.124825],[126.93496,35.124852],[126.935068,35.124777],[126.935007,35.124717]]]]}},{"type":"Feature","id":"1980194001281806478900000000","properties":{"id":"1980194001281806478900000000","pnu":"1221011900106230003"},"geometry":{"type":"MultiPolygon","coordinates":[[[[126.935043,35.124921],[126.935,35.124873],[126.934951,35.124906],[126.934995,35.124954],[126.935043,35.124921]]]]}},{"type":"Feature","id":"1980194006111807386200000000","properties":{"id":"1980194006111807386200000000","pnu":"1221011900104890012"},"geometry":{"type":"MultiPolygon","coordinates":[[[[126.935133,35.12573],[126.935029,35.125669],[126.934966,35.125733],[126.935071,35.125794],[126.935133,35.12573]]]]}},{"type":"Feature","id":"1980194010301806408000000000","properties":{"id":"1980194010301806408000000000","pnu":"1221011900106230005"},"geometry":{"type":"MultiPolygon","coordinates":[[[[126.935076,35.124899],[126.935162,35.124846],[126.93512,35.124802],[126.935075,35.12483],[126.935067,35.124825],[126.935033,35.124849],[126.935076,35.124899]]]]}},{"type":"Feature","id":"1980194011771807314800000000","properties":{"id":"1980194011771807314800000000","pnu":"1221011900106220001"},"geometry":{"type":"MultiPolygon","coordinates":[[[[126.935021,35.125637],[126.935118,35.125705],[126.935159,35.125713],[126.935202,35.125677],[126.935044,35.125618],[126.935021,35.125637]]]]}},{"type":"Feature","id":"1980194015991807468400000000","properties":{"id":"1980194015991807468400000000","pnu":"1221011900104890011"},"geometry":{"type":"MultiPolygon","coordinates":[[[[126.935186,35.125873],[126.935225,35.125794],[126.935148,35.125743],[126.93508,35.125806],[126.935186,35.125873]]]]}},{"type":"Feature","id":"1980194023441808587700000000","properties":{"id":"1980194023441808587700000000","pnu":"1221011900105110005"},"geometry":{"type":"MultiPolygon","coordinates":[[[[126.935289,35.126777],[126.935221,35.126759],[126.935199,35.126818],[126.935206,35.12682],[126.935192,35.126856],[126.935254,35.126872],[126.935289,35.126777]]]]}},{"type":"Feature","id":"1980194026591808647200000000","properties":{"id":"1980194026591808647200000000","pnu":"1221011900105110004"},"geometry":{"type":"MultiPolygon","coordinates":[[[[126.935265,35.126875],[126.935275,35.126878],[126.935282,35.126861],[126.935273,35.126858],[126.935265,35.126875]]]]}},{"type":"Feature","id":"1980194029461806280100000000","properties":{"id":"1980194029461806280100000000","pnu":"1221011900104850003"},"geometry":{"type":"MultiPolygon","coordinates":[[[[126.935265,35.124777],[126.935376,35.124735],[126.935359,35.124697],[126.935328,35.124707],[126.935321,35.124701],[126.935239,35.124731],[126.935265,35.124777]]]]}},{"type":"Feature","id":"1980194032911808621000000000","properties":{"id":"1980194032911808621000000000","pnu":"1221011900105110004"},"geometry":{"type":"MultiPolygon","coordinates":[[[[126.935364,35.126907],[126.935407,35.126811],[126.935314,35.126784],[126.935294,35.126832],[126.935303,35.126837],[126.935285,35.126884],[126.935364,35.126907]]]]}},{"type":"Feature","id":"1980194033051802105300000000","properties":{"id":"1980194033051802105300000000","pnu":"1221011900102340000"},"geometry":{"type":"MultiPolygon","coordinates":[[[[126.935273,35.120998],[126.93542,35.121013],[126.935429,35.120971],[126.935414,35.120968],[126.935418,35.120943],[126.935282,35.120929],[126.935273,35.120998]]]]}},{"type":"Feature","id":"1980194047521802701600000000","properties":{"id":"1980194047521802701600000000","pnu":"1221011900102230001"},"geometry":{"type":"MultiPolygon","coordinates":[[[[126.935438,35.121531],[126.935558,35.121559],[126.935568,35.121529],[126.935553,35.121528],[126.935569,35.121485],[126.935524,35.121475],[126.935528,35.121465],[126.935478,35.121459],[126.935465,35.121486],[126.935456,35.121483],[126.935438,35.121531]]]]}},{"type":"Feature","id":"1980194055741806126400000000","properties":{"id":"1980194055741806126400000000","pnu":"1221011900104830007"},"geometry":{"type":"MultiPolygon","coordinates":[[[[126.935564,35.124647],[126.935663,35.124598],[126.935626,35.124547],[126.935528,35.124593],[126.935564,35.124647]]]]}},{"type":"Feature","id":"1980194059791805838300000000","properties":{"id":"1980194059791805838300000000","pnu":"1221011900104480006"},"geometry":{"type":"MultiPolygon","coordinates":[[[[126.935556,35.124339],[126.935706,35.124367],[126.935697,35.124316],[126.935554,35.124321],[126.935556,35.124339]]]]}},{"type":"Feature","id":"1980194119931803336700000000","properties":{"id":"1980194119931803336700000000","pnu":"1221011900102950000"},"geometry":{"type":"MultiPolygon","coordinates":[[[[126.93621,35.122011],[126.936223,35.122128],[126.936307,35.122124],[126.936306,35.122139],[126.936389,35.122147],[126.936404,35.122075],[126.936384,35.122073],[126.936381,35.122046],[126.936318,35.122048],[126.936315,35.122034],[126.936274,35.122036],[126.93627,35.122009],[126.93621,35.122011]]]]}},{"type":"Feature","id":"1980194127401803256100000000","properties":{"id":"1980194127401803256100000000","pnu":"1221011900102950000"},"geometry":{"type":"MultiPolygon","coordinates":[[[[126.936361,35.12204],[126.936409,35.122039],[126.936406,35.121979],[126.936358,35.12198],[126.936361,35.12204]]]]}},{"type":"Feature","id":"1980194146521802260900000000","properties":{"id":"1980194146521802260900000000","pnu":"1221011900103100000"},"geometry":{"type":"MultiPolygon","coordinates":[[[[126.93653,35.121139],[126.936645,35.121154],[126.936656,35.1211],[126.936642,35.121096],[126.936645,35.121084],[126.936548,35.121069],[126.93653,35.121139]]]]}},{"type":"Feature","id":"1980194147901802187500000000","properties":{"id":"1980194147901802187500000000","pnu":"1221011900103100000"},"geometry":{"type":"MultiPolygon","coordinates":[[[[126.936554,35.121057],[126.936655,35.121069],[126.936661,35.121035],[126.936565,35.121024],[126.936554,35.121057]]]]}},{"type":"Feature","id":"1980194157461802673900000000","properties":{"id":"1980194157461802673900000000","pnu":"1221011900103030000"},"geometry":{"type":"MultiPolygon","coordinates":[[[[126.936682,35.121549],[126.936757,35.121541],[126.936739,35.121418],[126.936677,35.121423],[126.936682,35.121549]]]]}},{"type":"Feature","id":"1980194162371802846100000000","properties":{"id":"1980194162371802846100000000","pnu":"1221011900103010001"},"geometry":{"type":"MultiPolygon","coordinates":[[[[126.936692,35.121677],[126.936795,35.121677],[126.936795,35.121671],[126.936833,35.121671],[126.936833,35.121596],[126.936783,35.121596],[126.936784,35.121604],[126.936702,35.121613],[126.936702,35.121651],[126.93669,35.121651],[126.936692,35.121677]]]]}},{"type":"Feature","id":"1980194204471802613100000000","properties":{"id":"1980194204471802613100000000","pnu":"1221011900103560004"},"geometry":{"type":"MultiPolygon","coordinates":[[[[126.937148,35.121473],[126.937312,35.121444],[126.937298,35.121381],[126.937238,35.121393],[126.937239,35.121405],[126.93714,35.121425],[126.937148,35.121473]]]]}},{"type":"Feature","id":"1980194219901802548500000000","properties":{"id":"1980194219901802548500000000","pnu":"1221011900103560000"},"geometry":{"type":"MultiPolygon","coordinates":[[[[126.937357,35.121406],[126.937458,35.121382],[126.937451,35.121341],[126.937336,35.12136],[126.937357,35.121406]]]]}},{"type":"Feature","id":"1980194223691802686200000000","properties":{"id":"1980194223691802686200000000","pnu":"1221011900103560002"},"geometry":{"type":"MultiPolygon","coordinates":[[[[126.937383,35.121478],[126.937378,35.121533],[126.937424,35.121537],[126.937504,35.121514],[126.937503,35.121462],[126.9374,35.12146],[126.937399,35.121471],[126.937383,35.121478]]]]}},{"type":"Feature","id":"1980194223781802599600000000","properties":{"id":"1980194223781802599600000000","pnu":"1221011900103560000"},"geometry":{"type":"MultiPolygon","coordinates":[[[[126.937388,35.121403],[126.93739,35.121438],[126.937494,35.121434],[126.937492,35.121398],[126.937388,35.121403]]]]}},{"type":"Feature","id":"1980194225431803176900000000","properties":{"id":"1980194225431803176900000000","pnu":"1221011900104220001"},"geometry":{"type":"MultiPolygon","coordinates":[[[[126.937414,35.121991],[126.937508,35.121972],[126.937496,35.121882],[126.937419,35.121899],[126.937425,35.121939],[126.937406,35.121944],[126.937414,35.121991]]]]}},{"type":"Feature","id":"1980194225821803069400000000","properties":{"id":"1980194225821803069400000000","pnu":"1221011900104220001"},"geometry":{"type":"MultiPolygon","coordinates":[[[[126.937449,35.121874],[126.937493,35.121866],[126.937472,35.121807],[126.937438,35.121816],[126.937449,35.121874]]]]}},{"type":"Feature","id":"1980194226811803251900000000","properties":{"id":"1980194226811803251900000000","pnu":"1221011900104220001"},"geometry":{"type":"MultiPolygon","coordinates":[[[[126.937494,35.122025],[126.93749,35.121985],[126.937454,35.121987],[126.937458,35.122027],[126.937494,35.122025]]]]}},{"type":"Feature","id":"1980194237461802465000000000","properties":{"id":"1980194237461802465000000000","pnu":"1221011900103590000"},"geometry":{"type":"MultiPolygon","coordinates":[[[[126.937671,35.121332],[126.937671,35.121246],[126.937602,35.121246],[126.937602,35.121262],[126.937543,35.121262],[126.937543,35.121274],[126.937503,35.121274],[126.937503,35.121343],[126.937671,35.121332]]]]}},{"type":"Feature","id":"1980194249711803088900000000","properties":{"id":"1980194249711803088900000000","pnu":"1221011900104150000"},"geometry":{"type":"MultiPolygon","coordinates":[[[[126.937698,35.121868],[126.937735,35.121884],[126.937758,35.121859],[126.937711,35.121831],[126.937698,35.121868]]]]}},{"type":"Feature","id":"1980194253701802294700000000","properties":{"id":"1980194253701802294700000000","pnu":"1221011900103610000"},"geometry":{"type":"MultiPolygon","coordinates":[[[[126.937756,35.121212],[126.937816,35.121196],[126.937795,35.121112],[126.937778,35.121073],[126.937742,35.121077],[126.937729,35.121132],[126.937756,35.121212]]]]}},{"type":"Feature","id":"1980194261721802726900000000","properties":{"id":"1980194261721802726900000000","pnu":"1221011900104180000"},"geometry":{"type":"MultiPolygon","coordinates":[[[[126.93779,35.12157],[126.937918,35.121561],[126.937914,35.121489],[126.937868,35.121494],[126.937868,35.121503],[126.937797,35.121509],[126.937797,35.121534],[126.937791,35.121534],[126.93779,35.12157]]]]}},{"type":"Feature","id":"1980194264751803335600000000","properties":{"id":"1980194264751803335600000000","pnu":"1221011900104120000"},"geometry":{"type":"MultiPolygon","coordinates":[[[[126.93782,35.122114],[126.937949,35.122115],[126.937953,35.122043],[126.937914,35.122039],[126.937915,35.122053],[126.937828,35.122054],[126.93782,35.122114]]]]}},{"type":"Feature","id":"1980194310791802800100000000","properties":{"id":"1980194310791802800100000000","pnu":"1221011900104010001"},"geometry":{"type":"MultiPolygon","coordinates":[[[[126.938317,35.121586],[126.938342,35.121656],[126.938481,35.121602],[126.938466,35.121557],[126.938433,35.121565],[126.938424,35.121554],[126.938317,35.121586]]]]}},{"type":"Feature","id":"1980194323301802637100000000","properties":{"id":"1980194323301802637100000000","pnu":"1221011900103960000"},"geometry":{"type":"MultiPolygon","coordinates":[[[[126.938479,35.121412],[126.938495,35.121459],[126.938487,35.121459],[126.938503,35.121513],[126.938592,35.121491],[126.938553,35.121389],[126.938479,35.121412]]]]}},{"type":"Feature","id":"1981193485801808773500000000","properties":{"id":"1981193485801808773500000000","pnu":"1221011900110810000"},"geometry":{"type":"MultiPolygon","coordinates":[[[[126.929348,35.12703],[126.929393,35.126951],[126.929333,35.126927],[126.929287,35.127006],[126.929348,35.12703]]]]}},{"type":"Feature","id":"1981193492821808814900000000","properties":{"id":"1981193492821808814900000000","pnu":"1221011900110810000"},"geometry":{"type":"MultiPolygon","coordinates":[[[[126.929444,35.126994],[126.929413,35.126984],[126.929389,35.127036],[126.929426,35.127047],[126.929444,35.126994]]]]}},{"type":"Feature","id":"1981193532641800582600000000","properties":{"id":"1981193532641800582600000000","pnu":"1221012600102190000"},"geometry":{"type":"MultiPolygon","coordinates":[[[[126.929839,35.11966],[126.929937,35.119621],[126.929882,35.119533],[126.929785,35.119568],[126.929839,35.11966]]]]}},{"type":"Feature","id":"1981193542391800677900000000","properties":{"id":"1981193542391800677900000000","pnu":"1221012600102200000"},"geometry":{"type":"MultiPolygon","coordinates":[[[[126.929968,35.119736],[126.930025,35.119714],[126.929988,35.119664],[126.929992,35.119662],[126.929962,35.119628],[126.929912,35.11965],[126.929968,35.119736]]]]}},{"type":"Feature","id":"1981193575791807009100000000","properties":{"id":"1981193575791807009100000000","pnu":"1221012600102980029"},"geometry":{"type":"MultiPolygon","coordinates":[[[[126.930287,35.125454],[126.930397,35.125397],[126.930343,35.125327],[126.930296,35.125351],[126.930281,35.125384],[126.930287,35.125454]]]]}},{"type":"Feature","id":"1981193576301799152000000000","properties":{"id":"1981193576301799152000000000","pnu":"1221012600101840001"},"geometry":{"type":"MultiPolygon","coordinates":[[[[126.930275,35.118313],[126.930339,35.118347],[126.930402,35.118282],[126.930375,35.118262],[126.930334,35.118305],[126.930291,35.11829],[126.930275,35.118313]]]]}},{"type":"Feature","id":"1981193578881807248900000000","properties":{"id":"1981193578881807248900000000","pnu":"1221012600102980024"},"geometry":{"type":"MultiPolygon","coordinates":[[[[126.930308,35.125677],[126.930441,35.125608],[126.930393,35.125541],[126.930307,35.12558],[126.930308,35.125677]]]]}},{"type":"Feature","id":"1981193579631807104500000000","properties":{"id":"1981193579631807104500000000","pnu":"1221012600102980028"},"geometry":{"type":"MultiPolygon","coordinates":[[[[126.930314,35.125533],[126.930447,35.125467],[126.930409,35.125419],[126.930351,35.125445],[126.930356,35.125455],[126.930304,35.125487],[126.930313,35.125501],[126.930299,35.125511],[126.930314,35.125533]]]]}},{"type":"Feature","id":"1981193584131806950100000000","properties":{"id":"1981193584131806950100000000","pnu":"1221012600102980004"},"geometry":{"type":"MultiPolygon","coordinates":[[[[126.930414,35.125388],[126.930479,35.12536],[126.930488,35.125325],[126.930352,35.125285],[126.930352,35.125302],[126.930414,35.125388]]]]}},{"type":"Feature","id":"1981193584231806760700000000","properties":{"id":"1981193584231806760700000000","pnu":"1221012600102910036"},"geometry":{"type":"MultiPolygon","coordinates":[[[[126.930471,35.125221],[126.930497,35.125135],[126.930359,35.125114],[126.930353,35.125156],[126.930361,35.125195],[126.930471,35.125221]]]]}},{"type":"Feature","id":"1981193588061800624600000000","properties":{"id":"1981193588061800624600000000","pnu":"1221012600102380000"},"geometry":{"type":"MultiPolygon","coordinates":[[[[126.930519,35.119666],[126.930524,35.119614],[126.930494,35.119614],[126.930495,35.119608],[126.93047,35.119607],[126.93047,35.119599],[126.930423,35.119596],[126.930421,35.119664],[126.930519,35.119666]]]]}},{"type":"Feature","id":"1981193637381802097800000000","properties":{"id":"1981193637381802097800000000","pnu":"1221012600102430038"},"geometry":{"type":"MultiPolygon","coordinates":[[[[126.931058,35.120925],[126.930988,35.120905],[126.930956,35.121],[126.931033,35.121017],[126.931058,35.120925]]]]}},{"type":"Feature","id":"1981193641831802174300000000","properties":{"id":"1981193641831802174300000000","pnu":"1221012600102430038"},"geometry":{"type":"MultiPolygon","coordinates":[[[[126.931047,35.121042],[126.931057,35.121045],[126.931067,35.121019],[126.931059,35.121017],[126.931047,35.121042]]]]}},{"type":"Feature","id":"1981193658511804326700000000","properties":{"id":"1981193658511804326700000000","pnu":"1221012600102840021"},"geometry":{"type":"MultiPolygon","coordinates":[[[[126.931275,35.123017],[126.931299,35.122947],[126.931257,35.122933],[126.931253,35.122944],[126.931227,35.122936],[126.931225,35.122943],[126.931193,35.122935],[126.931173,35.122986],[126.931275,35.123017]]]]}},{"type":"Feature","id":"1981193672601806057500000000","properties":{"id":"1981193672601806057500000000","pnu":"1221012600102930020"},"geometry":{"type":"MultiPolygon","coordinates":[[[[126.931452,35.124578],[126.931469,35.124521],[126.931332,35.124485],[126.931313,35.124542],[126.931452,35.124578]]]]}},{"type":"Feature","id":"1981193699181804732800000000","properties":{"id":"1981193699181804732800000000","pnu":"1221012600102820019"},"geometry":{"type":"MultiPolygon","coordinates":[[[[126.931744,35.123309],[126.931649,35.123285],[126.931632,35.123341],[126.931642,35.123346],[126.931636,35.123374],[126.931713,35.123392],[126.931744,35.123309]]]]}},{"type":"Feature","id":"1981193709241805012400000000","properties":{"id":"1981193709241805012400000000","pnu":"1221012600102830008"},"geometry":{"type":"MultiPolygon","coordinates":[[[[126.931865,35.123621],[126.931867,35.123581],[126.931835,35.123579],[126.931835,35.123571],[126.931811,35.123571],[126.931811,35.123565],[126.931779,35.123564],[126.93178,35.123546],[126.93174,35.123545],[126.931738,35.123618],[126.931865,35.123621]]]]}},{"type":"Feature","id":"1981193741801802062200000000","properties":{"id":"1981193741801802062200000000","pnu":"1221012600106360137"},"geometry":{"type":"MultiPolygon","coordinates":[[[[126.932393,35.120938],[126.931948,35.120835],[126.931923,35.120929],[126.932361,35.121024],[126.932393,35.120938]]]]}},{"type":"Feature","id":"1981193744351801832000000000","properties":{"id":"1981193744351801832000000000","pnu":"1221012600106360137"},"geometry":{"type":"MultiPolygon","coordinates":[[[[126.932367,35.120715],[126.932032,35.120637],[126.931999,35.120735],[126.932337,35.120808],[126.932367,35.120715]]]]}},{"type":"Feature","id":"1981193750461801589800000000","properties":{"id":"1981193750461801589800000000","pnu":"1221012600106360138"},"geometry":{"type":"MultiPolygon","coordinates":[[[[126.932414,35.120493],[126.932143,35.12043],[126.932138,35.120441],[126.932108,35.120433],[126.932081,35.120517],[126.932387,35.120586],[126.932414,35.120493]]]]}},{"type":"Feature","id":"1981193792181804615100000000","properties":{"id":"1981193792181804615100000000","pnu":"1221011900106500029"},"geometry":{"type":"MultiPolygon","coordinates":[[[[126.93276,35.123215],[126.932671,35.123189],[126.93265,35.123252],[126.932738,35.123275],[126.93276,35.123215]]]]}},{"type":"Feature","id":"1981193851811803906100000000","properties":{"id":"1981193851811803906100000000","pnu":"1221011900106720000"},"geometry":{"type":"MultiPolygon","coordinates":[[[[126.933411,35.122624],[126.933426,35.122579],[126.933392,35.122575],[126.933392,35.122566],[126.933305,35.122562],[126.933302,35.122618],[126.933411,35.122624]]]]}},{"type":"Feature","id":"1981193889071808783900000000","properties":{"id":"1981193889071808783900000000","pnu":"1221011900105640008"},"geometry":{"type":"MultiPolygon","coordinates":[[[[126.933814,35.126971],[126.933735,35.126951],[126.933727,35.126971],[126.933724,35.127016],[126.933788,35.127031],[126.933814,35.126971]]]]}},{"type":"Feature","id":"1981193895641802817600000000","properties":{"id":"1981193895641802817600000000","pnu":"1221011900106780045"},"geometry":{"type":"MultiPolygon","coordinates":[[[[126.933756,35.121644],[126.93389,35.121649],[126.933921,35.121607],[126.933825,35.121557],[126.933756,35.121644]]]]}},{"type":"Feature","id":"1981193904081802719300000000","properties":{"id":"1981193904081802719300000000","pnu":"1221011900106780048"},"geometry":{"type":"MultiPolygon","coordinates":[[[[126.933948,35.121576],[126.933998,35.121509],[126.933956,35.121488],[126.933953,35.121492],[126.933914,35.121477],[126.933869,35.121534],[126.933948,35.121576]]]]}},{"type":"Feature","id":"1981193966881807372100000000","properties":{"id":"1981193966881807372100000000","pnu":"1221011900106190002"},"geometry":{"type":"MultiPolygon","coordinates":[[[[126.934672,35.125695],[126.934609,35.125664],[126.934565,35.125742],[126.934631,35.125772],[126.934672,35.125695]]]]}},{"type":"Feature","id":"1981193967561807616500000000","properties":{"id":"1981193967561807616500000000","pnu":"1221011900106190005"},"geometry":{"type":"MultiPolygon","coordinates":[[[[126.934617,35.125943],[126.934626,35.125948],[126.934636,35.125934],[126.934628,35.125929],[126.934617,35.125943]]]]}},{"type":"Feature","id":"1981193968881807686900000000","properties":{"id":"1981193968881807686900000000","pnu":"1221011900106190005"},"geometry":{"type":"MultiPolygon","coordinates":[[[[126.934702,35.125972],[126.934669,35.125953],[126.93465,35.125971],[126.934637,35.125962],[126.93458,35.126022],[126.934634,35.126055],[126.934702,35.125972]]]]}},{"type":"Feature","id":"1981193971661807553700000000","properties":{"id":"1981193971661807553700000000","pnu":"1221011900106190008"},"geometry":{"type":"MultiPolygon","coordinates":[[[[126.934718,35.125944],[126.934737,35.125923],[126.934703,35.125898],[126.934699,35.125868],[126.934675,35.125854],[126.934693,35.125834],[126.934665,35.125817],[126.934608,35.12588],[126.934718,35.125944]]]]}},{"type":"Feature","id":"1981193975771807660000000000","properties":{"id":"1981193975771807660000000000","pnu":"1221011900106190006"},"geometry":{"type":"MultiPolygon","coordinates":[[[[126.934708,35.125982],[126.934716,35.125987],[126.934726,35.125974],[126.934718,35.125969],[126.934708,35.125982]]]]}},{"type":"Feature","id":"1981193976441807726400000000","properties":{"id":"1981193976441807726400000000","pnu":"1221011900106190006"},"geometry":{"type":"MultiPolygon","coordinates":[[[[126.934783,35.126015],[126.934729,35.125985],[126.934665,35.126058],[126.934717,35.126092],[126.934783,35.126015]]]]}},{"type":"Feature","id":"1981193978201807787300000000","properties":{"id":"1981193978201807787300000000","pnu":"1221011900106190007"},"geometry":{"type":"MultiPolygon","coordinates":[[[[126.934737,35.126095],[126.934744,35.126098],[126.934749,35.12609],[126.934743,35.126087],[126.934737,35.126095]]]]}},{"type":"Feature","id":"1981193979351805541300000000","properties":{"id":"1981193979351805541300000000","pnu":"1221011900104450003"},"geometry":{"type":"MultiPolygon","coordinates":[[[[126.934862,35.124152],[126.93486,35.124068],[126.934805,35.124065],[126.934812,35.123987],[126.934741,35.123982],[126.934737,35.124018],[126.934645,35.124012],[126.934665,35.124105],[126.934862,35.124152]]]]}},{"type":"Feature","id":"1981193985971807770300000000","properties":{"id":"1981193985971807770300000000","pnu":"1221011900106190007"},"geometry":{"type":"MultiPolygon","coordinates":[[[[126.934885,35.126056],[126.934838,35.12603],[126.934773,35.126096],[126.934819,35.126126],[126.934885,35.126056]]]]}},{"type":"Feature","id":"1981193986561807685200000000","properties":{"id":"1981193986561807685200000000","pnu":"1221011900106190007"},"geometry":{"type":"MultiPolygon","coordinates":[[[[126.934829,35.126002],[126.934837,35.126006],[126.934841,35.126],[126.934834,35.125995],[126.934829,35.126002]]]]}},{"type":"Feature","id":"1981193987621801915800000000","properties":{"id":"1981193987621801915800000000","pnu":"1221011900106820012"},"geometry":{"type":"MultiPolygon","coordinates":[[[[126.934886,35.120853],[126.934891,35.120755],[126.934818,35.120748],[126.934809,35.120843],[126.934886,35.120853]]]]}},{"type":"Feature","id":"1981194035811809537300000000","properties":{"id":"1981194035811809537300000000","pnu":"1221011900105060005"},"geometry":{"type":"MultiPolygon","coordinates":[[[[126.935301,35.127692],[126.935416,35.127717],[126.935445,35.127648],[126.935396,35.127633],[126.935392,35.12764],[126.935331,35.127625],[126.935301,35.127692]]]]}},{"type":"Feature","id":"1981194043641809534700000000","properties":{"id":"1981194043641809534700000000","pnu":"1221011900105060005"},"geometry":{"type":"MultiPolygon","coordinates":[[[[126.93546,35.127673],[126.935461,35.127673],[126.935462,35.127672],[126.935463,35.127672],[126.935463,35.127672],[126.935464,35.127671],[126.935465,35.12767],[126.935465,35.12767],[126.935465,35.127669],[126.935465,35.127668],[126.935465,35.127667],[126.935465,35.127667],[126.935465,35.127666],[126.935464,35.127665],[126.935463,35.127665],[126.935463,35.127664],[126.935462,35.127664],[126.935461,35.127664],[126.93546,35.127664],[126.935459,35.127664],[126.935458,35.127664],[126.935457,35.127664],[126.935456,35.127665],[126.935456,35.127665],[126.935455,35.127666],[126.935455,35.127667],[126.935455,35.127667],[126.935454,35.127668],[126.935455,35.127669],[126.935455,35.12767],[126.935455,35.12767],[126.935456,35.127671],[126.935456,35.127672],[126.935457,35.127672],[126.935458,35.127672],[126.935459,35.127673],[126.93546,35.127673]]]]}},{"type":"Feature","id":"1981194046951802527400000000","properties":{"id":"1981194046951802527400000000","pnu":"1221011900102230006"},"geometry":{"type":"MultiPolygon","coordinates":[[[[126.935434,35.12139],[126.935504,35.121415],[126.935511,35.121401],[126.935529,35.121408],[126.935559,35.121343],[126.935537,35.121333],[126.935553,35.121301],[126.935494,35.121281],[126.935434,35.12139]]]]}},{"type":"Feature","id":"1981194049071802605500000000","properties":{"id":"1981194049071802605500000000","pnu":"1221011900102230006"},"geometry":{"type":"MultiPolygon","coordinates":[[[[126.935515,35.121428],[126.935525,35.121431],[126.935534,35.121418],[126.935524,35.121413],[126.935515,35.121428]]]]}},{"type":"Feature","id":"1981194051741802044900000000","properties":{"id":"1981194051741802044900000000","pnu":"1221011900102530000"},"geometry":{"type":"MultiPolygon","coordinates":[[[[126.935479,35.120935],[126.935513,35.120941],[126.935509,35.120948],[126.935619,35.120961],[126.935627,35.120906],[126.935606,35.120901],[126.93561,35.120889],[126.935544,35.120882],[126.935545,35.120874],[126.935498,35.12087],[126.935479,35.120935]]]]}},{"type":"Feature","id":"1981194053921801929100000000","properties":{"id":"1981194053921801929100000000","pnu":"1221011900102530002"},"geometry":{"type":"MultiPolygon","coordinates":[[[[126.935502,35.120833],[126.935629,35.120856],[126.935645,35.120785],[126.935608,35.120775],[126.935606,35.120785],[126.935539,35.120773],[126.935536,35.120782],[126.93553,35.12078],[126.935522,35.120798],[126.935514,35.120799],[126.935502,35.120833]]]]}},{"type":"Feature","id":"1981194077361802076300000000","properties":{"id":"1981194077361802076300000000","pnu":"1221011900102810000"},"geometry":{"type":"MultiPolygon","coordinates":[[[[126.935777,35.120974],[126.93587,35.120972],[126.93587,35.120963],[126.935891,35.120963],[126.935885,35.120914],[126.935837,35.120913],[126.935835,35.120924],[126.935794,35.120924],[126.935794,35.120933],[126.935779,35.120933],[126.935777,35.120974]]]]}},{"type":"Feature","id":"1981194086091802423600000000","properties":{"id":"1981194086091802423600000000","pnu":"1221011900102860000"},"geometry":{"type":"MultiPolygon","coordinates":[[[[126.935871,35.121282],[126.935985,35.121303],[126.935994,35.121261],[126.93598,35.12126],[126.935987,35.121244],[126.935972,35.121243],[126.935975,35.121232],[126.935935,35.121229],[126.935937,35.121217],[126.935885,35.121213],[126.935871,35.121282]]]]}},{"type":"Feature","id":"1981194093151803099300000000","properties":{"id":"1981194093151803099300000000","pnu":"1221011900102160000"},"geometry":{"type":"MultiPolygon","coordinates":[[[[126.935965,35.121823],[126.935955,35.121847],[126.935977,35.121925],[126.936037,35.121916],[126.936036,35.121902],[126.936065,35.121894],[126.936042,35.121816],[126.935965,35.121823]]]]}},{"type":"Feature","id":"1981194097611802482000000000","properties":{"id":"1981194097611802482000000000","pnu":"1221011900102860002"},"geometry":{"type":"MultiPolygon","coordinates":[[[[126.93601,35.121376],[126.936099,35.121371],[126.936099,35.121348],[126.936118,35.121343],[126.936094,35.121298],[126.936094,35.121248],[126.936025,35.12124],[126.936007,35.121311],[126.93602,35.121314],[126.93601,35.121376]]]]}},{"type":"Feature","id":"1981194137771802217200000000","properties":{"id":"1981194137771802217200000000","pnu":"1221011900103100002"},"geometry":{"type":"MultiPolygon","coordinates":[[[[126.936443,35.121129],[126.936508,35.121139],[126.93655,35.121014],[126.936513,35.121001],[126.936507,35.121019],[126.936487,35.121011],[126.936443,35.121129]]]]}},{"type":"Feature","id":"1981194145231802859800000000","properties":{"id":"1981194145231802859800000000","pnu":"1221011900103000000"},"geometry":{"type":"MultiPolygon","coordinates":[[[[126.936536,35.121678],[126.93656,35.121678],[126.936562,35.121686],[126.93663,35.121681],[126.936627,35.121629],[126.93659,35.121628],[126.936586,35.121618],[126.936527,35.121622],[126.936536,35.121678]]]]}},{"type":"Feature","id":"1981194145731802799100000000","properties":{"id":"1981194145731802799100000000","pnu":"1221011900103000000"},"geometry":{"type":"MultiPolygon","coordinates":[[[[126.936543,35.121605],[126.936627,35.121616],[126.936626,35.121589],[126.936543,35.12158],[126.936543,35.121605]]]]}},{"type":"Feature","id":"1981194154641802394700000000","properties":{"id":"1981194154641802394700000000","pnu":"1221011900103080000"},"geometry":{"type":"MultiPolygon","coordinates":[[[[126.936608,35.121262],[126.936684,35.121286],[126.936689,35.121272],[126.936701,35.12128],[126.936724,35.121248],[126.93674,35.121252],[126.936761,35.121214],[126.936664,35.121177],[126.936608,35.121262]]]]}},{"type":"Feature","id":"1981194154751802513700000000","properties":{"id":"1981194154751802513700000000","pnu":"1221011900103080001"},"geometry":{"type":"MultiPolygon","coordinates":[[[[126.936637,35.121381],[126.936723,35.121383],[126.936731,35.1213],[126.936645,35.121298],[126.936637,35.121381]]]]}},{"type":"Feature","id":"1981194254621802587800000000","properties":{"id":"1981194254621802587800000000","pnu":"1221011900103650000"},"geometry":{"type":"MultiPolygon","coordinates":[[[[126.93773,35.121438],[126.937759,35.121454],[126.937827,35.121435],[126.93782,35.121359],[126.937772,35.121362],[126.937769,35.121387],[126.937727,35.121385],[126.93773,35.121438]]]]}},{"type":"Feature","id":"1981194265061802359900000000","properties":{"id":"1981194265061802359900000000","pnu":"1221011900103650001"},"geometry":{"type":"MultiPolygon","coordinates":[[[[126.937839,35.121245],[126.937952,35.121236],[126.93795,35.121161],[126.937838,35.121166],[126.937839,35.121245]]]]}},{"type":"Feature","id":"1981194306891802683500000000","properties":{"id":"1981194306891802683500000000","pnu":"1221011900104020000"},"geometry":{"type":"MultiPolygon","coordinates":[[[[126.938307,35.121551],[126.938431,35.12151],[126.938399,35.121449],[126.938387,35.121451],[126.938378,35.121434],[126.938347,35.121445],[126.93835,35.121457],[126.938278,35.121478],[126.938307,35.121551]]]]}},{"type":"Feature","id":"1982193492651808969900000000","properties":{"id":"1982193492651808969900000000","pnu":"1221011900110800000"},"geometry":{"type":"MultiPolygon","coordinates":[[[[126.929415,35.12716],[126.929416,35.12716],[126.929417,35.12716],[126.929418,35.12716],[126.929419,35.127159],[126.929419,35.127159],[126.92942,35.127158],[126.92942,35.127157],[126.929421,35.127156],[126.929421,35.127156],[126.929421,35.127155],[126.92942,35.127154],[126.92942,35.127153],[126.929419,35.127153],[126.929419,35.127152],[126.929418,35.127152],[126.929417,35.127151],[126.929416,35.127151],[126.929415,35.127151],[126.929414,35.127151],[126.929413,35.127151],[126.929412,35.127152],[126.929412,35.127152],[126.929411,35.127153],[126.92941,35.127153],[126.92941,35.127154],[126.92941,35.127155],[126.92941,35.127156],[126.92941,35.127156],[126.92941,35.127157],[126.92941,35.127158],[126.929411,35.127159],[126.929412,35.127159],[126.929412,35.12716],[126.929413,35.12716],[126.929414,35.12716],[126.929415,35.12716]]]]}},{"type":"Feature","id":"1982193589411799385700000000","properties":{"id":"1982193589411799385700000000","pnu":"1221012600101960000"},"geometry":{"type":"MultiPolygon","coordinates":[[[[126.930399,35.118559],[126.930572,35.118563],[126.930568,35.11848],[126.930506,35.118479],[126.930506,35.11847],[126.930406,35.118468],[126.930399,35.118559]]]]}},{"type":"Feature","id":"1982193630421801428400000000","properties":{"id":"1982193630421801428400000000","pnu":"1221012600102430004"},"geometry":{"type":"MultiPolygon","coordinates":[[[[126.930984,35.12034],[126.930899,35.120251],[126.930819,35.120304],[126.930902,35.120391],[126.930974,35.120475],[126.931015,35.120446],[126.93102,35.12042],[126.931017,35.12038],[126.930984,35.12034]]]]}},{"type":"Feature","id":"1982193646371805768000000000","properties":{"id":"1982193646371805768000000000","pnu":"1221012600102860004"},"geometry":{"type":"MultiPolygon","coordinates":[[[[126.931077,35.12432],[126.931125,35.124315],[126.931125,35.124306],[126.931144,35.1243],[126.931151,35.124265],[126.93114,35.124225],[126.931052,35.124238],[126.931077,35.12432]]]]}},{"type":"Feature","id":"1982193664961805774400000000","properties":{"id":"1982193664961805774400000000","pnu":"1221012600102850000"},"geometry":{"type":"MultiPolygon","coordinates":[[[[126.931358,35.124239],[126.931294,35.124221],[126.931257,35.124316],[126.931301,35.124329],[126.931306,35.124319],[126.931329,35.124325],[126.931358,35.124239]]]]}},{"type":"Feature","id":"1982193674311805817900000000","properties":{"id":"1982193674311805817900000000","pnu":"1221012600102850014"},"geometry":{"type":"MultiPolygon","coordinates":[[[[126.931484,35.124257],[126.931403,35.124233],[126.931337,35.124382],[126.931405,35.124401],[126.931435,35.12434],[126.931452,35.124345],[126.931484,35.124257]]]]}},{"type":"Feature","id":"1982193676271805904100000000","properties":{"id":"1982193676271805904100000000","pnu":"1221012600102850014"},"geometry":{"type":"MultiPolygon","coordinates":[[[[126.931423,35.124403],[126.931434,35.124405],[126.931441,35.124384],[126.931431,35.124382],[126.931423,35.124403]]]]}},{"type":"Feature","id":"1982193691691804986700000000","properties":{"id":"1982193691691804986700000000","pnu":"1221012600102840003"},"geometry":{"type":"MultiPolygon","coordinates":[[[[126.931654,35.123602],[126.931654,35.123521],[126.9316,35.12352],[126.931599,35.123535],[126.931555,35.123537],[126.931555,35.12356],[126.931548,35.123562],[126.931547,35.123585],[126.931532,35.123588],[126.931531,35.123605],[126.931654,35.123602]]]]}},{"type":"Feature","id":"1982193714651802647500000000","properties":{"id":"1982193714651802647500000000","pnu":"1221012600106360053"},"geometry":{"type":"MultiPolygon","coordinates":[[[[126.931927,35.121563],[126.93198,35.121403],[126.931786,35.121353],[126.93173,35.121513],[126.931927,35.121563]]]]}},{"type":"Feature","id":"1982193715671807726200000000","properties":{"id":"1982193715671807726200000000","pnu":"1221011900105990005"},"geometry":{"type":"MultiPolygon","coordinates":[[[[126.931932,35.126],[126.931817,35.125978],[126.931805,35.126014],[126.931814,35.12602],[126.931804,35.126063],[126.93182,35.126068],[126.931816,35.12608],[126.931895,35.126099],[126.931932,35.126]]]]}},{"type":"Feature","id":"1982193737391807567500000000","properties":{"id":"1982193737391807567500000000","pnu":"1221011900106010005"},"geometry":{"type":"MultiPolygon","coordinates":[[[[126.932156,35.12585],[126.932086,35.125836],[126.932065,35.12589],[126.932054,35.125887],[126.932039,35.125928],[126.932126,35.125949],[126.932156,35.12585]]]]}},{"type":"Feature","id":"1982193743571807759300000000","properties":{"id":"1982193743571807759300000000","pnu":"1221011900106010006"},"geometry":{"type":"MultiPolygon","coordinates":[[[[126.932218,35.126109],[126.932234,35.126066],[126.932207,35.126061],[126.932207,35.126051],[126.932171,35.126041],[126.932172,35.126032],[126.932123,35.126022],[126.932107,35.126067],[126.932143,35.12608],[126.932142,35.126091],[126.932218,35.126109]]]]}},{"type":"Feature","id":"1982193753561805973500000000","properties":{"id":"1982193753561805973500000000","pnu":"1221011900106560006"},"geometry":{"type":"MultiPolygon","coordinates":[[[[126.932241,35.124406],[126.932217,35.124482],[126.932321,35.124506],[126.932342,35.124431],[126.932241,35.124406]]]]}},{"type":"Feature","id":"1982193854551805079100000000","properties":{"id":"1982193854551805079100000000","pnu":"1221011900106460003"},"geometry":{"type":"MultiPolygon","coordinates":[[[[126.933353,35.123693],[126.93345,35.123654],[126.933426,35.123612],[126.933329,35.123643],[126.933353,35.123693]]]]}},{"type":"Feature","id":"1982193858721809267400000000","properties":{"id":"1982193858721809267400000000","pnu":"1221011900105500009"},"geometry":{"type":"MultiPolygon","coordinates":[[[[126.933455,35.127481],[126.9335,35.127391],[126.933475,35.127383],[126.93347,35.127394],[126.93343,35.12738],[126.933421,35.127398],[126.933385,35.127386],[126.933363,35.127429],[126.933387,35.127438],[126.933378,35.127455],[126.933455,35.127481]]]]}},{"type":"Feature","id":"1982193860061805182100000000","properties":{"id":"1982193860061805182100000000","pnu":"1221011900106460006"},"geometry":{"type":"MultiPolygon","coordinates":[[[[126.933488,35.12382],[126.933488,35.123687],[126.933475,35.123679],[126.933383,35.123706],[126.933395,35.123737],[126.933405,35.123735],[126.933436,35.123808],[126.933488,35.12382]]]]}},{"type":"Feature","id":"1982193890791808191800000000","properties":{"id":"1982193890791808191800000000","pnu":"1221011900105640010"},"geometry":{"type":"MultiPolygon","coordinates":[[[[126.933778,35.126459],[126.933787,35.126462],[126.93379,35.126454],[126.933781,35.126452],[126.933778,35.126459]]]]}},{"type":"Feature","id":"1982193892151808367000000000","properties":{"id":"1982193892151808367000000000","pnu":"1221011900105640005"},"geometry":{"type":"MultiPolygon","coordinates":[[[[126.933753,35.126644],[126.93384,35.126648],[126.933842,35.126582],[126.933802,35.12658],[126.933801,35.126587],[126.933757,35.126585],[126.933753,35.126644]]]]}},{"type":"Feature","id":"1982193893571808076000000000","properties":{"id":"1982193893571808076000000000","pnu":"1221011900105620013"},"geometry":{"type":"MultiPolygon","coordinates":[[[[126.933803,35.126353],[126.933822,35.126359],[126.933825,35.126351],[126.933809,35.126346],[126.933803,35.126353]]]]}},{"type":"Feature","id":"1982193894201808265000000000","properties":{"id":"1982193894201808265000000000","pnu":"1221011900105640010"},"geometry":{"type":"MultiPolygon","coordinates":[[[[126.93386,35.126567],[126.933884,35.126504],[126.933816,35.126484],[126.933811,35.12649],[126.933777,35.126482],[126.933761,35.126543],[126.93386,35.126567]]]]}},{"type":"Feature","id":"1982193896931808161900000000","properties":{"id":"1982193896931808161900000000","pnu":"1221011900105620013"},"geometry":{"type":"MultiPolygon","coordinates":[[[[126.933884,35.126476],[126.933912,35.126402],[126.933866,35.126389],[126.933862,35.126397],[126.933834,35.126391],[126.933827,35.126402],[126.933807,35.126397],[126.933786,35.126449],[126.933884,35.126476]]]]}},{"type":"Feature","id":"1982193897361808648100000000","properties":{"id":"1982193897361808648100000000","pnu":"1221011900105620003"},"geometry":{"type":"MultiPolygon","coordinates":[[[[126.933853,35.126939],[126.9339,35.126832],[126.933887,35.126828],[126.933893,35.126813],[126.93385,35.1268],[126.933824,35.126881],[126.933832,35.126884],[126.933811,35.126927],[126.933853,35.126939]]]]}},{"type":"Feature","id":"1982193898831807983800000000","properties":{"id":"1982193898831807983800000000","pnu":"1221011900106160004"},"geometry":{"type":"MultiPolygon","coordinates":[[[[126.933855,35.126268],[126.933886,35.126279],[126.933889,35.126271],[126.933859,35.12626],[126.933855,35.126268]]]]}},{"type":"Feature","id":"1982193900251808508400000000","properties":{"id":"1982193900251808508400000000","pnu":"1221011900105620004"},"geometry":{"type":"MultiPolygon","coordinates":[[[[126.933936,35.126713],[126.933857,35.126694],[126.933853,35.126712],[126.933855,35.126782],[126.933903,35.126795],[126.933936,35.126713]]]]}},{"type":"Feature","id":"1982193900971807885500000000","properties":{"id":"1982193900971807885500000000","pnu":"1221011900106160000"},"geometry":{"type":"MultiPolygon","coordinates":[[[[126.933884,35.126182],[126.933905,35.126187],[126.933908,35.126179],[126.933887,35.126174],[126.933884,35.126182]]]]}},{"type":"Feature","id":"1982193902221808410500000000","properties":{"id":"1982193902221808410500000000","pnu":"1221011900105620005"},"geometry":{"type":"MultiPolygon","coordinates":[[[[126.933975,35.126652],[126.933948,35.126645],[126.933949,35.126637],[126.933926,35.12663],[126.933927,35.126617],[126.933872,35.126601],[126.933846,35.12667],[126.933958,35.126704],[126.933975,35.126652]]]]}},{"type":"Feature","id":"1982193902771808060800000000","properties":{"id":"1982193902771808060800000000","pnu":"1221011900106160004"},"geometry":{"type":"MultiPolygon","coordinates":[[[[126.933985,35.126318],[126.933932,35.126301],[126.933927,35.126312],[126.933887,35.126302],[126.933881,35.126311],[126.93386,35.126306],[126.933842,35.126352],[126.933953,35.126385],[126.933985,35.126318]]]]}},{"type":"Feature","id":"1982193902991807789700000000","properties":{"id":"1982193902991807789700000000","pnu":"1221011900106160005"},"geometry":{"type":"MultiPolygon","coordinates":[[[[126.933905,35.126097],[126.93393,35.126101],[126.933932,35.126092],[126.933907,35.126088],[126.933905,35.126097]]]]}},{"type":"Feature","id":"1982193904831807686400000000","properties":{"id":"1982193904831807686400000000","pnu":"1221011900106160006"},"geometry":{"type":"MultiPolygon","coordinates":[[[[126.933942,35.126006],[126.933953,35.126008],[126.933955,35.125999],[126.933923,35.125995],[126.933922,35.126004],[126.933942,35.126006]]]]}},{"type":"Feature","id":"1982193905091808304100000000","properties":{"id":"1982193905091808304100000000","pnu":"1221011900105620006"},"geometry":{"type":"MultiPolygon","coordinates":[[[[126.933997,35.126611],[126.934013,35.126562],[126.933963,35.126546],[126.933971,35.126521],[126.933905,35.126499],[126.933871,35.126575],[126.933997,35.126611]]]]}},{"type":"Feature","id":"1982193905981807968200000000","properties":{"id":"1982193905981807968200000000","pnu":"1221011900106160000"},"geometry":{"type":"MultiPolygon","coordinates":[[[[126.934021,35.126231],[126.933975,35.126219],[126.93397,35.126229],[126.933925,35.126219],[126.933921,35.126228],[126.933892,35.126221],[126.933875,35.126265],[126.93399,35.126304],[126.934021,35.126231]]]]}},{"type":"Feature","id":"1982193906071807589600000000","properties":{"id":"1982193906071807589600000000","pnu":"1221011900106160007"},"geometry":{"type":"MultiPolygon","coordinates":[[[[126.933961,35.125909],[126.933946,35.125906],[126.933944,35.12592],[126.933957,35.125922],[126.933961,35.125909]]]]}},{"type":"Feature","id":"1982193906341803396100000000","properties":{"id":"1982193906341803396100000000","pnu":"1221011900106780026"},"geometry":{"type":"MultiPolygon","coordinates":[[[[126.934016,35.122185],[126.933968,35.122069],[126.933893,35.122086],[126.933962,35.122206],[126.934016,35.122185]]]]}},{"type":"Feature","id":"1982193908821807862800000000","properties":{"id":"1982193908821807862800000000","pnu":"1221011900106160005"},"geometry":{"type":"MultiPolygon","coordinates":[[[[126.93402,35.126208],[126.934051,35.126131],[126.933997,35.12612],[126.933992,35.126134],[126.933966,35.126128],[126.933961,35.126137],[126.933922,35.126128],[126.933907,35.126174],[126.93402,35.126208]]]]}},{"type":"Feature","id":"1982193910401807763700000000","properties":{"id":"1982193910401807763700000000","pnu":"1221011900106160006"},"geometry":{"type":"MultiPolygon","coordinates":[[[[126.934042,35.126112],[126.934059,35.12604],[126.934008,35.12603],[126.934006,35.126041],[126.933988,35.126038],[126.933985,35.126054],[126.933938,35.126047],[126.933929,35.126089],[126.934042,35.126112]]]]}},{"type":"Feature","id":"1982193911231808017900000000","properties":{"id":"1982193911231808017900000000","pnu":"1221011900106160000"},"geometry":{"type":"MultiPolygon","coordinates":[[[[126.934002,35.126306],[126.934012,35.126308],[126.934015,35.126294],[126.934005,35.126293],[126.934002,35.126306]]]]}},{"type":"Feature","id":"1982193911551807653200000000","properties":{"id":"1982193911551807653200000000","pnu":"1221011900106160007"},"geometry":{"type":"MultiPolygon","coordinates":[[[[126.933943,35.125993],[126.934062,35.126009],[126.934077,35.125945],[126.934023,35.125935],[126.934021,35.125945],[126.933976,35.125939],[126.933973,35.125948],[126.933953,35.125945],[126.933943,35.125993]]]]}},{"type":"Feature","id":"1982193912621808269100000000","properties":{"id":"1982193912621808269100000000","pnu":"1221011900105620006"},"geometry":{"type":"MultiPolygon","coordinates":[[[[126.934017,35.126529],[126.934026,35.126532],[126.93403,35.126524],[126.934021,35.126521],[126.934017,35.126529]]]]}},{"type":"Feature","id":"1982193913291807907300000000","properties":{"id":"1982193913291807907300000000","pnu":"1221011900106160005"},"geometry":{"type":"MultiPolygon","coordinates":[[[[126.934023,35.126206],[126.934035,35.126209],[126.934039,35.126195],[126.934027,35.126192],[126.934023,35.126206]]]]}},{"type":"Feature","id":"1982193923461808590100000000","properties":{"id":"1982193923461808590100000000","pnu":"1221011900105620000"},"geometry":{"type":"MultiPolygon","coordinates":[[[[126.9342,35.126786],[126.934109,35.126765],[126.934094,35.126804],[126.93411,35.126811],[126.934094,35.126856],[126.934126,35.126865],[126.93417,35.126861],[126.9342,35.126786]]]]}},{"type":"Feature","id":"1982193925701808380400000000","properties":{"id":"1982193925701808380400000000","pnu":"1221011900105620011"},"geometry":{"type":"MultiPolygon","coordinates":[[[[126.934161,35.12663],[126.934169,35.126632],[126.934173,35.126625],[126.934165,35.126622],[126.934161,35.12663]]]]}},{"type":"Feature","id":"1982193929261808473300000000","properties":{"id":"1982193929261808473300000000","pnu":"1221011900105620011"},"geometry":{"type":"MultiPolygon","coordinates":[[[[126.934241,35.126757],[126.934274,35.126677],[126.934225,35.126666],[126.934221,35.126678],[126.934201,35.126678],[126.934197,35.126688],[126.934152,35.126678],[126.934133,35.126732],[126.934241,35.126757]]]]}},{"type":"Feature","id":"1982193933281808588300000000","properties":{"id":"1982193933281808588300000000","pnu":"1221011900105620010"},"geometry":{"type":"MultiPolygon","coordinates":[[[[126.934179,35.126846],[126.934208,35.126855],[126.934314,35.126833],[126.934339,35.126802],[126.934209,35.126769],[126.934179,35.126846]]]]}},{"type":"Feature","id":"1982193935511808418300000000","properties":{"id":"1982193935511808418300000000","pnu":"1221011900105620011"},"geometry":{"type":"MultiPolygon","coordinates":[[[[126.934264,35.126662],[126.934281,35.126668],[126.934285,35.12666],[126.934268,35.126655],[126.934264,35.126662]]]]}},{"type":"Feature","id":"1982193938261808501900000000","properties":{"id":"1982193938261808501900000000","pnu":"1221011900105620012"},"geometry":{"type":"MultiPolygon","coordinates":[[[[126.934338,35.126779],[126.934341,35.126765],[126.934325,35.126694],[126.934293,35.126686],[126.93426,35.126763],[126.934338,35.126779]]]]}},{"type":"Feature","id":"1982194029481801948000000000","properties":{"id":"1982194029481801948000000000","pnu":"1221011900102340001"},"geometry":{"type":"MultiPolygon","coordinates":[[[[126.93531,35.120834],[126.935311,35.120834],[126.935312,35.120834],[126.935313,35.120834],[126.935314,35.120833],[126.935314,35.120833],[126.935315,35.120832],[126.935315,35.120831],[126.935316,35.120831],[126.935316,35.12083],[126.935316,35.120829],[126.935315,35.120828],[126.935315,35.120828],[126.935314,35.120827],[126.935314,35.120826],[126.935313,35.120826],[126.935312,35.120826],[126.935311,35.120825],[126.93531,35.120825],[126.935309,35.120825],[126.935308,35.120826],[126.935307,35.120826],[126.935307,35.120826],[126.935306,35.120827],[126.935305,35.120828],[126.935305,35.120828],[126.935305,35.120829],[126.935305,35.12083],[126.935305,35.120831],[126.935305,35.120831],[126.935305,35.120832],[126.935306,35.120833],[126.935307,35.120833],[126.935307,35.120834],[126.935308,35.120834],[126.935309,35.120834],[126.93531,35.120834]]]]}},{"type":"Feature","id":"1982194034591802008100000000","properties":{"id":"1982194034591802008100000000","pnu":"1221011900102340001"},"geometry":{"type":"MultiPolygon","coordinates":[[[[126.935282,35.12091],[126.935438,35.120926],[126.935447,35.120866],[126.935423,35.120863],[126.935423,35.120851],[126.935302,35.120842],[126.935282,35.12091]]]]}},{"type":"Feature","id":"1982194035551801899000000000","properties":{"id":"1982194035551801899000000000","pnu":"1221011900102340002"},"geometry":{"type":"MultiPolygon","coordinates":[[[[126.935313,35.120811],[126.935433,35.120825],[126.935444,35.120769],[126.935412,35.120765],[126.935413,35.120757],[126.935366,35.120756],[126.935366,35.120742],[126.935329,35.120741],[126.935313,35.120811]]]]}},{"type":"Feature","id":"1982194042671801963900000000","properties":{"id":"1982194042671801963900000000","pnu":"1221011900102340001"},"geometry":{"type":"MultiPolygon","coordinates":[[[[126.935455,35.120849],[126.935456,35.120849],[126.935457,35.120848],[126.935458,35.120848],[126.935458,35.120848],[126.935459,35.120847],[126.93546,35.120846],[126.93546,35.120846],[126.93546,35.120845],[126.93546,35.120844],[126.93546,35.120843],[126.93546,35.120843],[126.93546,35.120842],[126.935459,35.120841],[126.935458,35.120841],[126.935458,35.12084],[126.935457,35.12084],[126.935456,35.12084],[126.935455,35.12084],[126.935454,35.12084],[126.935453,35.12084],[126.935452,35.12084],[126.935451,35.120841],[126.935451,35.120841],[126.93545,35.120842],[126.93545,35.120843],[126.935449,35.120843],[126.935449,35.120844],[126.935449,35.120845],[126.93545,35.120846],[126.93545,35.120846],[126.935451,35.120847],[126.935451,35.120848],[126.935452,35.120848],[126.935453,35.120848],[126.935454,35.120849],[126.935455,35.120849]]]]}},{"type":"Feature","id":"1982194157271802285900000000","properties":{"id":"1982194157271802285900000000","pnu":"1221011900103260000"},"geometry":{"type":"MultiPolygon","coordinates":[[[[126.936671,35.121158],[126.936745,35.121162],[126.936749,35.12111],[126.936681,35.121108],[126.936671,35.121158]]]]}},{"type":"Feature","id":"1982194200201802509500000000","properties":{"id":"1982194200201802509500000000","pnu":"1221011900103470000"},"geometry":{"type":"MultiPolygon","coordinates":[[[[126.937134,35.121399],[126.937217,35.121388],[126.937216,35.121374],[126.937238,35.12137],[126.93723,35.121329],[126.937242,35.121326],[126.937232,35.12128],[126.937131,35.121288],[126.937134,35.121399]]]]}},{"type":"Feature","id":"1982194221581802288400000000","properties":{"id":"1982194221581802288400000000","pnu":"1221011900103440000"},"geometry":{"type":"MultiPolygon","coordinates":[[[[126.937353,35.121128],[126.937385,35.121181],[126.937484,35.121141],[126.937462,35.121102],[126.937428,35.121112],[126.937422,35.121104],[126.937353,35.121128]]]]}},{"type":"Feature","id":"1983193570511799647800000000","properties":{"id":"1983193570511799647800000000","pnu":"1221012600101990003"},"geometry":{"type":"MultiPolygon","coordinates":[[[[126.930341,35.118721],[126.930264,35.118691],[126.930214,35.118788],[126.930288,35.118816],[126.930341,35.118721]]]]}},{"type":"Feature","id":"1983193571971809038200000000","properties":{"id":"1983193571971809038200000000","pnu":"1221011900105870002"},"geometry":{"type":"MultiPolygon","coordinates":[[[[126.930337,35.127186],[126.930268,35.127164],[126.930233,35.12725],[126.930305,35.12727],[126.930337,35.127186]]]]}},{"type":"Feature","id":"1983193573301808753200000000","properties":{"id":"1983193573301808753200000000","pnu":"1221011900105870004"},"geometry":{"type":"MultiPolygon","coordinates":[[[[126.93029,35.126962],[126.930309,35.126966],[126.930311,35.12696],[126.930293,35.126955],[126.93029,35.126962]]]]}},{"type":"Feature","id":"1983193576781808547600000000","properties":{"id":"1983193576781808547600000000","pnu":"1221011900105870006"},"geometry":{"type":"MultiPolygon","coordinates":[[[[126.930327,35.126777],[126.930348,35.126782],[126.930351,35.126774],[126.930329,35.126769],[126.930327,35.126777]]]]}},{"type":"Feature","id":"1983193576811798857700000000","properties":{"id":"1983193576811798857700000000","pnu":"1221012600101860000"},"geometry":{"type":"MultiPolygon","coordinates":[[[[126.930316,35.118084],[126.930404,35.118036],[126.930381,35.117998],[126.930287,35.118048],[126.930316,35.118084]]]]}},{"type":"Feature","id":"1983193577691808821200000000","properties":{"id":"1983193577691808821200000000","pnu":"1221011900105870004"},"geometry":{"type":"MultiPolygon","coordinates":[[[[126.930394,35.127064],[126.930413,35.126998],[126.930368,35.126988],[126.930366,35.126995],[126.930326,35.126987],[126.930324,35.126995],[126.930292,35.12699],[126.930279,35.127039],[126.930394,35.127064]]]]}},{"type":"Feature","id":"1983193581471808497200000000","properties":{"id":"1983193581471808497200000000","pnu":"1221011900105870007"},"geometry":{"type":"MultiPolygon","coordinates":[[[[126.930439,35.126689],[126.930368,35.126674],[126.930341,35.126771],[126.930413,35.126787],[126.930439,35.126689]]]]}},{"type":"Feature","id":"1983193583521808630400000000","properties":{"id":"1983193583521808630400000000","pnu":"1221011900105870006"},"geometry":{"type":"MultiPolygon","coordinates":[[[[126.93047,35.126894],[126.930495,35.126831],[126.930438,35.12682],[126.930435,35.126827],[126.930377,35.126818],[126.930373,35.126825],[126.930333,35.126818],[126.930322,35.126857],[126.93047,35.126894]]]]}},{"type":"Feature","id":"1983193586581799246000000000","properties":{"id":"1983193586581799246000000000","pnu":"1221012600101950000"},"geometry":{"type":"MultiPolygon","coordinates":[[[[126.930494,35.118465],[126.930529,35.118435],[126.930508,35.118419],[126.930532,35.118392],[126.930429,35.118321],[126.930361,35.11838],[126.930494,35.118465]]]]}},{"type":"Feature","id":"1983193599951809168300000000","properties":{"id":"1983193599951809168300000000","pnu":"1221011900105850006"},"geometry":{"type":"MultiPolygon","coordinates":[[[[126.930576,35.127264],[126.930524,35.127381],[126.930608,35.127407],[126.930661,35.127289],[126.930576,35.127264]]]]}},{"type":"Feature","id":"1983193629421806154600000000","properties":{"id":"1983193629421806154600000000","pnu":"1221012600102880014"},"geometry":{"type":"MultiPolygon","coordinates":[[[[126.930907,35.124625],[126.930927,35.124624],[126.930931,35.124616],[126.930911,35.124612],[126.930907,35.124625]]]]}},{"type":"Feature","id":"1983193635121806105200000000","properties":{"id":"1983193635121806105200000000","pnu":"1221012600102880014"},"geometry":{"type":"MultiPolygon","coordinates":[[[[126.931048,35.1246],[126.931054,35.124573],[126.931025,35.124565],[126.931028,35.124556],[126.930987,35.124547],[126.930987,35.124543],[126.930937,35.124531],[126.930918,35.124598],[126.930958,35.124607],[126.931,35.124597],[126.931046,35.124607],[126.931048,35.1246]]]]}},{"type":"Feature","id":"1983193638761801088100000000","properties":{"id":"1983193638761801088100000000","pnu":"1221012600102490000"},"geometry":{"type":"MultiPolygon","coordinates":[[[[126.931011,35.120096],[126.931083,35.120048],[126.931036,35.120007],[126.930966,35.12006],[126.931011,35.120096]]]]}},{"type":"Feature","id":"1983193643071806094800000000","properties":{"id":"1983193643071806094800000000","pnu":"1221012600102880014"},"geometry":{"type":"MultiPolygon","coordinates":[[[[126.931061,35.124567],[126.931072,35.12457],[126.931074,35.124563],[126.931064,35.124561],[126.931061,35.124567]]]]}},{"type":"Feature","id":"1983193646431805675800000000","properties":{"id":"1983193646431805675800000000","pnu":"1221012600102860013"},"geometry":{"type":"MultiPolygon","coordinates":[[[[126.931046,35.124223],[126.931181,35.124205],[126.931172,35.124164],[126.931158,35.124164],[126.931157,35.124156],[126.931102,35.124162],[126.931101,35.124157],[126.931036,35.124164],[126.931046,35.124223]]]]}},{"type":"Feature","id":"1983193656261805611500000000","properties":{"id":"1983193656261805611500000000","pnu":"1221012600102860013"},"geometry":{"type":"MultiPolygon","coordinates":[[[[126.931208,35.124134],[126.931217,35.124133],[126.93122,35.124125],[126.931206,35.124127],[126.931208,35.124134]]]]}},{"type":"Feature","id":"1983193669921804628800000000","properties":{"id":"1983193669921804628800000000","pnu":"1221012600102840011"},"geometry":{"type":"MultiPolygon","coordinates":[[[[126.931422,35.123208],[126.931337,35.123187],[126.931304,35.12328],[126.931391,35.1233],[126.931422,35.123208]]]]}},{"type":"Feature","id":"1983193672961804510700000000","properties":{"id":"1983193672961804510700000000","pnu":"1221012600102840016"},"geometry":{"type":"MultiPolygon","coordinates":[[[[126.931431,35.123193],[126.931451,35.123138],[126.931436,35.123133],[126.931449,35.1231],[126.93137,35.123079],[126.931337,35.123171],[126.931431,35.123193]]]]}},{"type":"Feature","id":"1983193673311804177800000000","properties":{"id":"1983193673311804177800000000","pnu":"1221012600102840026"},"geometry":{"type":"MultiPolygon","coordinates":[[[[126.931388,35.122838],[126.931412,35.122844],[126.931415,35.122837],[126.931391,35.122831],[126.931388,35.122838]]]]}},{"type":"Feature","id":"1983193676321804131300000000","properties":{"id":"1983193676321804131300000000","pnu":"1221012600102840027"},"geometry":{"type":"MultiPolygon","coordinates":[[[[126.931498,35.122843],[126.931519,35.122796],[126.931478,35.122786],[126.931478,35.122777],[126.931449,35.122768],[126.931449,35.122761],[126.9314,35.122749],[126.931336,35.122797],[126.931498,35.122843]]]]}},{"type":"Feature","id":"1983193677231804248200000000","properties":{"id":"1983193677231804248200000000","pnu":"1221012600102840026"},"geometry":{"type":"MultiPolygon","coordinates":[[[[126.931497,35.122949],[126.93151,35.1229],[126.93149,35.122894],[126.931492,35.122883],[126.931466,35.122878],[126.931467,35.122865],[126.931404,35.122849],[126.931379,35.12292],[126.931497,35.122949]]]]}},{"type":"Feature","id":"1983193679661804037400000000","properties":{"id":"1983193679661804037400000000","pnu":"1221012600102820025"},"geometry":{"type":"MultiPolygon","coordinates":[[[[126.93146,35.122723],[126.931471,35.122727],[126.931481,35.122698],[126.931471,35.122696],[126.93146,35.122723]]]]}},{"type":"Feature","id":"1983193683011804210600000000","properties":{"id":"1983193683011804210600000000","pnu":"1221012600102840026"},"geometry":{"type":"MultiPolygon","coordinates":[[[[126.9315,35.122874],[126.931509,35.122877],[126.931516,35.12286],[126.931505,35.122858],[126.9315,35.122874]]]]}},{"type":"Feature","id":"1983193687831804023700000000","properties":{"id":"1983193687831804023700000000","pnu":"1221012600102820025"},"geometry":{"type":"MultiPolygon","coordinates":[[[[126.931613,35.122672],[126.931537,35.122647],[126.93151,35.122728],[126.931583,35.12275],[126.931613,35.122672]]]]}},{"type":"Feature","id":"1983193689731804289900000000","properties":{"id":"1983193689731804289900000000","pnu":"1221012600102820022"},"geometry":{"type":"MultiPolygon","coordinates":[[[[126.931506,35.122951],[126.931648,35.122993],[126.931664,35.122945],[126.931625,35.122934],[126.931625,35.122921],[126.931587,35.122909],[126.931588,35.122896],[126.931529,35.12288],[126.931506,35.122951]]]]}},{"type":"Feature","id":"1983193692941804187700000000","properties":{"id":"1983193692941804187700000000","pnu":"1221012600102820023"},"geometry":{"type":"MultiPolygon","coordinates":[[[[126.93154,35.122863],[126.931677,35.122897],[126.931694,35.122835],[126.931622,35.12282],[126.931623,35.122805],[126.931567,35.122792],[126.93154,35.122863]]]]}},{"type":"Feature","id":"1983193696261804256600000000","properties":{"id":"1983193696261804256600000000","pnu":"1221012600102820022"},"geometry":{"type":"MultiPolygon","coordinates":[[[[126.931643,35.12291],[126.93166,35.122914],[126.931663,35.122907],[126.931645,35.122903],[126.931643,35.12291]]]]}},{"type":"Feature","id":"1983193752521809181000000000","properties":{"id":"1983193752521809181000000000","pnu":"1221011900105400010"},"geometry":{"type":"MultiPolygon","coordinates":[[[[126.932317,35.127397],[126.932338,35.127339],[126.932282,35.127323],[126.932284,35.127315],[126.932222,35.127298],[126.932192,35.127357],[126.932317,35.127397]]]]}},{"type":"Feature","id":"1983193757191805839800000000","properties":{"id":"1983193757191805839800000000","pnu":"1221011900106550004"},"geometry":{"type":"MultiPolygon","coordinates":[[[[126.932259,35.124379],[126.932347,35.124402],[126.932357,35.124376],[126.932351,35.124374],[126.932368,35.12434],[126.932364,35.124336],[126.932373,35.124317],[126.932359,35.124311],[126.932369,35.124285],[126.932302,35.124266],[126.932259,35.124379]]]]}},{"type":"Feature","id":"1983193766871806304000000000","properties":{"id":"1983193766871806304000000000","pnu":"1221011900106550005"},"geometry":{"type":"MultiPolygon","coordinates":[[[[126.932387,35.124794],[126.932479,35.12476],[126.932479,35.124735],[126.932409,35.124729],[126.932409,35.124726],[126.932388,35.124725],[126.932387,35.124794]]]]}},{"type":"Feature","id":"1983193771241806023100000000","properties":{"id":"1983193771241806023100000000","pnu":"1221011900106550000"},"geometry":{"type":"MultiPolygon","coordinates":[[[[126.93241,35.124648],[126.932535,35.124657],[126.932538,35.124368],[126.93244,35.124335],[126.932418,35.124334],[126.93241,35.124648]]]]}},{"type":"Feature","id":"1983193786331805946300000000","properties":{"id":"1983193786331805946300000000","pnu":"1221011900106540003"},"geometry":{"type":"MultiPolygon","coordinates":[[[[126.932667,35.124478],[126.932689,35.124401],[126.932608,35.124385],[126.932595,35.124468],[126.932667,35.124478]]]]}},{"type":"Feature","id":"1983193827231803786100000000","properties":{"id":"1983193827231803786100000000","pnu":"1221011900106710001"},"geometry":{"type":"MultiPolygon","coordinates":[[[[126.93323,35.122556],[126.93326,35.122471],[126.93297,35.12241],[126.932939,35.122523],[126.933038,35.122546],[126.933051,35.122508],[126.933174,35.122534],[126.933172,35.122546],[126.93323,35.122556]]]]}},{"type":"Feature","id":"1983193828181803606400000000","properties":{"id":"1983193828181803606400000000","pnu":"1221011900106710001"},"geometry":{"type":"MultiPolygon","coordinates":[[[[126.933193,35.122381],[126.933212,35.12231],[126.933011,35.122265],[126.932989,35.122338],[126.933193,35.122381]]]]}},{"type":"Feature","id":"1983193849311805191900000000","properties":{"id":"1983193849311805191900000000","pnu":"1221011900106470003"},"geometry":{"type":"MultiPolygon","coordinates":[[[[126.933396,35.123788],[126.933355,35.12371],[126.933249,35.123748],[126.933253,35.123756],[126.933384,35.123793],[126.933396,35.123788]]]]}},{"type":"Feature","id":"1983193852891808571200000000","properties":{"id":"1983193852891808571200000000","pnu":"1221011900105660016"},"geometry":{"type":"MultiPolygon","coordinates":[[[[126.933426,35.126844],[126.933439,35.126805],[126.933424,35.126801],[126.933424,35.126796],[126.933409,35.126792],[126.933409,35.12678],[126.933375,35.12677],[126.933376,35.126762],[126.933325,35.126749],[126.9333,35.126812],[126.933426,35.126844]]]]}},{"type":"Feature","id":"1983193855851808467900000000","properties":{"id":"1983193855851808467900000000","pnu":"1221011900105660017"},"geometry":{"type":"MultiPolygon","coordinates":[[[[126.933355,35.126659],[126.933353,35.126697],[126.933339,35.126696],[126.933337,35.126739],[126.933458,35.126747],[126.933461,35.126677],[126.933411,35.126672],[126.933411,35.126659],[126.933355,35.126659]]]]}},{"type":"Feature","id":"1983193856811809057500000000","properties":{"id":"1983193856811809057500000000","pnu":"1221011900105500010"},"geometry":{"type":"MultiPolygon","coordinates":[[[[126.933457,35.127261],[126.933465,35.127241],[126.933365,35.127212],[126.933357,35.127234],[126.933457,35.127261]]]]}},{"type":"Feature","id":"1983193857921808522500000000","properties":{"id":"1983193857921808522500000000","pnu":"1221011900105660016"},"geometry":{"type":"MultiPolygon","coordinates":[[[[126.933419,35.126761],[126.933428,35.126761],[126.933427,35.126748],[126.933419,35.126747],[126.933419,35.126761]]]]}},{"type":"Feature","id":"1983193859391809143500000000","properties":{"id":"1983193859391809143500000000","pnu":"1221011900105500010"},"geometry":{"type":"MultiPolygon","coordinates":[[[[126.933492,35.127355],[126.933505,35.127311],[126.93347,35.127304],[126.933471,35.127296],[126.933452,35.127291],[126.933452,35.127285],[126.933392,35.127272],[126.933377,35.127327],[126.933492,35.127355]]]]}},{"type":"Feature","id":"1983193868651809309800000000","properties":{"id":"1983193868651809309800000000","pnu":"1221011900105500011"},"geometry":{"type":"MultiPolygon","coordinates":[[[[126.93346,35.127488],[126.933585,35.127532],[126.933612,35.127462],[126.933563,35.127411],[126.933512,35.127392],[126.93346,35.127488]]]]}},{"type":"Feature","id":"1983193868931809199100000000","properties":{"id":"1983193868931809199100000000","pnu":"1221011900105500011"},"geometry":{"type":"MultiPolygon","coordinates":[[[[126.933529,35.127373],[126.933551,35.127379],[126.933557,35.127365],[126.933541,35.127345],[126.933529,35.127373]]]]}},{"type":"Feature","id":"1983193908891808188500000000","properties":{"id":"1983193908891808188500000000","pnu":"1221011900105620015"},"geometry":{"type":"MultiPolygon","coordinates":[[[[126.933901,35.126471],[126.93398,35.126497],[126.933983,35.12649],[126.934039,35.126506],[126.934072,35.126429],[126.934032,35.126417],[126.934029,35.126426],[126.934042,35.126429],[126.934033,35.126451],[126.934015,35.126446],[126.934019,35.126436],[126.933969,35.126422],[126.933973,35.126405],[126.933934,35.126393],[126.933901,35.126471]]]]}},{"type":"Feature","id":"1983193934941808260900000000","properties":{"id":"1983193934941808260900000000","pnu":"1221011900105620014"},"geometry":{"type":"MultiPolygon","coordinates":[[[[126.934307,35.126578],[126.93432,35.12653],[126.934296,35.126523],[126.93431,35.126474],[126.934247,35.126457],[126.934212,35.12655],[126.934307,35.126578]]]]}},{"type":"Feature","id":"1983193959971808053900000000","properties":{"id":"1983193959971808053900000000","pnu":"1221011900106180000"},"geometry":{"type":"MultiPolygon","coordinates":[[[[126.934703,35.126123],[126.93458,35.126089],[126.934386,35.126553],[126.934497,35.126583],[126.934703,35.126123]]]]}},{"type":"Feature","id":"1983193964381807482700000000","properties":{"id":"1983193964381807482700000000","pnu":"1221011900106190001"},"geometry":{"type":"MultiPolygon","coordinates":[[[[126.934669,35.125812],[126.934571,35.125752],[126.934537,35.125789],[126.93455,35.125797],[126.934527,35.125821],[126.934536,35.125827],[126.934527,35.125837],[126.934603,35.125884],[126.934669,35.125812]]]]}},{"type":"Feature","id":"1983193982571802409700000000","properties":{"id":"1983193982571802409700000000","pnu":"1221011900106820002"},"geometry":{"type":"MultiPolygon","coordinates":[[[[126.934822,35.121289],[126.934841,35.121217],[126.934763,35.121204],[126.934753,35.121241],[126.934764,35.121243],[126.934755,35.121278],[126.934822,35.121289]]]]}},{"type":"Feature","id":"1983193985261808147300000000","properties":{"id":"1983193985261808147300000000","pnu":"1221011900106180000"},"geometry":{"type":"MultiPolygon","coordinates":[[[[126.934953,35.126257],[126.934841,35.126226],[126.93469,35.126583],[126.934794,35.126612],[126.934953,35.126257]]]]}},{"type":"Feature","id":"1983193989441801790400000000","properties":{"id":"1983193989441801790400000000","pnu":"1221011900106820011"},"geometry":{"type":"MultiPolygon","coordinates":[[[[126.934915,35.120713],[126.934917,35.120669],[126.934827,35.120662],[126.934826,35.120706],[126.934915,35.120713]]]]}},{"type":"Feature","id":"1983193991281801722700000000","properties":{"id":"1983193991281801722700000000","pnu":"1221011900106820011"},"geometry":{"type":"MultiPolygon","coordinates":[[[[126.934926,35.120595],[126.934846,35.120623],[126.934846,35.120645],[126.934925,35.120646],[126.934926,35.120595]]]]}},{"type":"Feature","id":"1983194001551809493500000000","properties":{"id":"1983194001551809493500000000","pnu":"1221011900105560000"},"geometry":{"type":"MultiPolygon","coordinates":[[[[126.934797,35.127697],[126.934879,35.127723],[126.9349,35.127674],[126.935138,35.127745],[126.935201,35.1276],[126.934887,35.127508],[126.934797,35.127697]]]]}},{"type":"Feature","id":"1983194056911801653500000000","properties":{"id":"1983194056911801653500000000","pnu":"1221011900102450000"},"geometry":{"type":"MultiPolygon","coordinates":[[[[126.935575,35.12063],[126.935618,35.120632],[126.935649,35.120501],[126.935602,35.120499],[126.935575,35.12063]]]]}},{"type":"Feature","id":"1983194059591809270700000000","properties":{"id":"1983194059591809270700000000","pnu":"1221011900105060010"},"geometry":{"type":"MultiPolygon","coordinates":[[[[126.935562,35.12745],[126.935673,35.12749],[126.93571,35.127412],[126.935595,35.12737],[126.935562,35.12745]]]]}},{"type":"Feature","id":"1983194079931801975700000000","properties":{"id":"1983194079931801975700000000","pnu":"1221011900102810001"},"geometry":{"type":"MultiPolygon","coordinates":[[[[126.935821,35.120886],[126.935895,35.12089],[126.935897,35.120815],[126.935854,35.120814],[126.935848,35.120837],[126.935834,35.120837],[126.935834,35.12085],[126.935823,35.120851],[126.935821,35.120886]]]]}},{"type":"Feature","id":"1983194095061802162400000000","properties":{"id":"1983194095061802162400000000","pnu":"1221011900103150000"},"geometry":{"type":"MultiPolygon","coordinates":[[[[126.935974,35.121049],[126.936045,35.121076],[126.936061,35.121052],[126.936043,35.121041],[126.93608,35.12099],[126.936033,35.120969],[126.935974,35.121049]]]]}},{"type":"Feature","id":"1983194096611802078000000000","properties":{"id":"1983194096611802078000000000","pnu":"1221011900103150000"},"geometry":{"type":"MultiPolygon","coordinates":[[[[126.936046,35.120952],[126.936047,35.120952],[126.936048,35.120952],[126.936049,35.120951],[126.93605,35.120951],[126.936051,35.12095],[126.936051,35.12095],[126.936052,35.120949],[126.936052,35.120948],[126.936052,35.120947],[126.936052,35.120947],[126.936052,35.120946],[126.936051,35.120945],[126.936051,35.120944],[126.93605,35.120944],[126.936049,35.120943],[126.936048,35.120943],[126.936047,35.120943],[126.936046,35.120943],[126.936045,35.120943],[126.936045,35.120943],[126.936044,35.120943],[126.936043,35.120944],[126.936042,35.120944],[126.936042,35.120945],[126.936041,35.120946],[126.936041,35.120947],[126.936041,35.120947],[126.936041,35.120948],[126.936041,35.120949],[126.936042,35.12095],[126.936042,35.12095],[126.936043,35.120951],[126.936044,35.120951],[126.936045,35.120952],[126.936045,35.120952],[126.936046,35.120952]]]]}},{"type":"Feature","id":"1983194129681802771800000000","properties":{"id":"1983194129681802771800000000","pnu":"1221011900102990000"},"geometry":{"type":"MultiPolygon","coordinates":[[[[126.936346,35.121543],[126.93637,35.121607],[126.936473,35.121596],[126.936461,35.121554],[126.93645,35.121557],[126.936444,35.121544],[126.936346,35.121543]]]]}},{"type":"Feature","id":"1983194134041802841000000000","properties":{"id":"1983194134041802841000000000","pnu":"1221011900102990000"},"geometry":{"type":"MultiPolygon","coordinates":[[[[126.936406,35.121672],[126.936513,35.121663],[126.936506,35.121596],[126.936399,35.12161],[126.936406,35.121672]]]]}},{"type":"Feature","id":"1983194206731803174200000000","properties":{"id":"1983194206731803174200000000","pnu":"1221011900104220000"},"geometry":{"type":"MultiPolygon","coordinates":[[[[126.937283,35.122],[126.937261,35.121868],[126.937224,35.121874],[126.937248,35.122004],[126.937283,35.122]]]]}},{"type":"Feature","id":"1983194214541803253500000000","properties":{"id":"1983194214541803253500000000","pnu":"1221011900104220000"},"geometry":{"type":"MultiPolygon","coordinates":[[[[126.937305,35.12203],[126.937377,35.12202],[126.937376,35.121987],[126.937303,35.121994],[126.937305,35.12203]]]]}},{"type":"Feature","id":"1983194295951802464800000000","properties":{"id":"1983194295951802464800000000","pnu":"1221011900103690000"},"geometry":{"type":"MultiPolygon","coordinates":[[[[126.938162,35.121287],[126.938185,35.121338],[126.938301,35.12131],[126.938282,35.121255],[126.938162,35.121287]]]]}},{"type":"Feature","id":"1984193455321809201900000000","properties":{"id":"1984193455321809201900000000","pnu":"1221011900110090000"},"geometry":{"type":"MultiPolygon","coordinates":[[[[126.929032,35.127431],[126.929072,35.127392],[126.929052,35.127376],[126.92906,35.12736],[126.929021,35.127334],[126.929028,35.127322],[126.928994,35.127298],[126.928933,35.127355],[126.929032,35.127431]]]]}},{"type":"Feature","id":"1984193474901808739900000000","properties":{"id":"1984193474901808739900000000","pnu":"1221011900110030000"},"geometry":{"type":"MultiPolygon","coordinates":[[[[126.929298,35.126951],[126.929273,35.126934],[126.929261,35.126943],[126.929199,35.126894],[126.929148,35.126937],[126.929237,35.127001],[126.929298,35.126951]]]]}},{"type":"Feature","id":"1984193477161808668200000000","properties":{"id":"1984193477161808668200000000","pnu":"1221011900110030000"},"geometry":{"type":"MultiPolygon","coordinates":[[[[126.929246,35.126888],[126.929247,35.126888],[126.929247,35.126888],[126.929248,35.126888],[126.929249,35.126887],[126.92925,35.126887],[126.92925,35.126886],[126.929251,35.126885],[126.929251,35.126884],[126.929251,35.126884],[126.929251,35.126883],[126.929251,35.126882],[126.92925,35.126881],[126.92925,35.126881],[126.929249,35.12688],[126.929248,35.12688],[126.929247,35.126879],[126.929247,35.126879],[126.929246,35.126879],[126.929245,35.126879],[126.929244,35.126879],[126.929243,35.12688],[126.929242,35.12688],[126.929241,35.126881],[126.929241,35.126881],[126.92924,35.126882],[126.92924,35.126883],[126.92924,35.126884],[126.92924,35.126884],[126.92924,35.126885],[126.929241,35.126886],[126.929241,35.126887],[126.929242,35.126887],[126.929243,35.126888],[126.929244,35.126888],[126.929245,35.126888],[126.929246,35.126888]]]]}},{"type":"Feature","id":"1984193575181808650200000000","properties":{"id":"1984193575181808650200000000","pnu":"1221011900105870005"},"geometry":{"type":"MultiPolygon","coordinates":[[[[126.930315,35.126871],[126.930325,35.126873],[126.930328,35.126865],[126.930317,35.126863],[126.930315,35.126871]]]]}},{"type":"Feature","id":"1984193577541800607700000000","properties":{"id":"1984193577541800607700000000","pnu":"1221012600102380001"},"geometry":{"type":"MultiPolygon","coordinates":[[[[126.930311,35.119672],[126.930382,35.11968],[126.930399,35.119568],[126.930321,35.11956],[126.930311,35.119672]]]]}},{"type":"Feature","id":"1984193580591808728800000000","properties":{"id":"1984193580591808728800000000","pnu":"1221011900105870005"},"geometry":{"type":"MultiPolygon","coordinates":[[[[126.930447,35.126912],[126.9304,35.126902],[126.930398,35.126911],[126.930365,35.126905],[126.930362,35.126915],[126.930321,35.126907],[126.930307,35.126957],[126.930427,35.126981],[126.930447,35.126912]]]]}},{"type":"Feature","id":"1984193580701806619000000000","properties":{"id":"1984193580701806619000000000","pnu":"1221012600102910037"},"geometry":{"type":"MultiPolygon","coordinates":[[[[126.930341,35.125],[126.930339,35.12501],[126.930348,35.125023],[126.930339,35.125077],[126.93041,35.125089],[126.930436,35.125005],[126.930413,35.125],[126.930342,35.124987],[126.930341,35.125]]]]}},{"type":"Feature","id":"1984193580971809281100000000","properties":{"id":"1984193580971809281100000000","pnu":"1221011900105850005"},"geometry":{"type":"MultiPolygon","coordinates":[[[[126.930393,35.127472],[126.93042,35.127416],[126.930374,35.127401],[126.930347,35.127457],[126.930393,35.127472]]]]}},{"type":"Feature","id":"1984193584411806526600000000","properties":{"id":"1984193584411806526600000000","pnu":"1221012600102910038"},"geometry":{"type":"MultiPolygon","coordinates":[[[[126.930478,35.124994],[126.930494,35.124936],[126.930366,35.124915],[126.930355,35.124972],[126.930478,35.124994]]]]}},{"type":"Feature","id":"1984193590541806650700000000","properties":{"id":"1984193590541806650700000000","pnu":"1221012600102910020"},"geometry":{"type":"MultiPolygon","coordinates":[[[[126.930427,35.125092],[126.93053,35.125119],[126.930556,35.125039],[126.930449,35.125015],[126.930427,35.125092]]]]}},{"type":"Feature","id":"1984193590931808428300000000","properties":{"id":"1984193590931808428300000000","pnu":"1221011900105870008"},"geometry":{"type":"MultiPolygon","coordinates":[[[[126.930488,35.126671],[126.930497,35.126673],[126.9305,35.126666],[126.930491,35.126663],[126.930488,35.126671]]]]}},{"type":"Feature","id":"1984193591531808518000000000","properties":{"id":"1984193591531808518000000000","pnu":"1221011900105870008"},"geometry":{"type":"MultiPolygon","coordinates":[[[[126.930506,35.126806],[126.930517,35.12678],[126.930558,35.126735],[126.930563,35.126704],[126.930512,35.126694],[126.930507,35.126711],[126.930476,35.126708],[126.930465,35.126744],[126.930451,35.126744],[126.930439,35.12679],[126.930506,35.126806]]]]}},{"type":"Feature","id":"1984193592911809293700000000","properties":{"id":"1984193592911809293700000000","pnu":"1221011900105850005"},"geometry":{"type":"MultiPolygon","coordinates":[[[[126.930446,35.127499],[126.930523,35.127525],[126.930531,35.127508],[126.930552,35.127515],[126.930601,35.127415],[126.930477,35.127373],[126.930436,35.127457],[126.93051,35.127482],[126.930506,35.12749],[126.930458,35.127474],[126.930446,35.127499]]]]}},{"type":"Feature","id":"1984193598721808381400000000","properties":{"id":"1984193598721808381400000000","pnu":"1221011900105870009"},"geometry":{"type":"MultiPolygon","coordinates":[[[[126.930513,35.126652],[126.93058,35.126679],[126.930645,35.126584],[126.93061,35.126571],[126.930597,35.126587],[126.930586,35.126583],[126.930557,35.126616],[126.930541,35.126608],[126.930513,35.126652]]]]}},{"type":"Feature","id":"1984193652431805084800000000","properties":{"id":"1984193652431805084800000000","pnu":"1221012600102870007"},"geometry":{"type":"MultiPolygon","coordinates":[[[[126.931106,35.123702],[126.931241,35.123694],[126.931233,35.123605],[126.931125,35.123612],[126.931126,35.123626],[126.931099,35.123628],[126.931106,35.123702]]]]}},{"type":"Feature","id":"1984193781201805488300000000","properties":{"id":"1984193781201805488300000000","pnu":"1221011900106530012"},"geometry":{"type":"MultiPolygon","coordinates":[[[[126.932654,35.123979],[126.932553,35.123953],[126.932516,35.124063],[126.932595,35.124084],[126.932601,35.124069],[126.932619,35.124074],[126.932654,35.123979]]]]}},{"type":"Feature","id":"1984193842661808810700000000","properties":{"id":"1984193842661808810700000000","pnu":"1221011900105660019"},"geometry":{"type":"MultiPolygon","coordinates":[[[[126.933282,35.127069],[126.933316,35.126985],[126.933226,35.126961],[126.933196,35.127043],[126.933282,35.127069]]]]}},{"type":"Feature","id":"1984193847771808673500000000","properties":{"id":"1984193847771808673500000000","pnu":"1221011900105660010"},"geometry":{"type":"MultiPolygon","coordinates":[[[[126.933348,35.12694],[126.933371,35.126867],[126.933278,35.126841],[126.93325,35.126914],[126.933348,35.12694]]]]}},{"type":"Feature","id":"1984193850731808844100000000","properties":{"id":"1984193850731808844100000000","pnu":"1221011900105660007"},"geometry":{"type":"MultiPolygon","coordinates":[[[[126.933367,35.127093],[126.933396,35.127019],[126.933323,35.126995],[126.933291,35.12707],[126.933367,35.127093]]]]}},{"type":"Feature","id":"1984193939691808105800000000","properties":{"id":"1984193939691808105800000000","pnu":"1221011900105610002"},"geometry":{"type":"MultiPolygon","coordinates":[[[[126.934333,35.126434],[126.934368,35.126341],[126.93431,35.126325],[126.934272,35.126417],[126.934333,35.126434]]]]}},{"type":"Feature","id":"1984193994401807833900000000","properties":{"id":"1984193994401807833900000000","pnu":"1221011900105100005"},"geometry":{"type":"MultiPolygon","coordinates":[[[[126.934947,35.126185],[126.93499,35.126128],[126.934951,35.126108],[126.934944,35.126113],[126.934896,35.126086],[126.934849,35.126136],[126.934947,35.126185]]]]}},{"type":"Feature","id":"1984194020531806119700000000","properties":{"id":"1984194020531806119700000000","pnu":"1221011900104480001"},"geometry":{"type":"MultiPolygon","coordinates":[[[[126.935146,35.124626],[126.935281,35.1246],[126.935273,35.124554],[126.935137,35.124579],[126.935146,35.124626]]]]}},{"type":"Feature","id":"1984194057121802882500000000","properties":{"id":"1984194057121802882500000000","pnu":"1221011900102210000"},"geometry":{"type":"MultiPolygon","coordinates":[[[[126.935577,35.121701],[126.935634,35.121711],[126.935647,35.121642],[126.935593,35.121634],[126.935577,35.121701]]]]}},{"type":"Feature","id":"1984194057981802805000000000","properties":{"id":"1984194057981802805000000000","pnu":"1221011900102210000"},"geometry":{"type":"MultiPolygon","coordinates":[[[[126.935583,35.121622],[126.935655,35.121628],[126.935662,35.121582],[126.935588,35.121577],[126.935583,35.121622]]]]}},{"type":"Feature","id":"1984194184331805006500000000","properties":{"id":"1984194184331805006500000000","pnu":"1221011900104560000"},"geometry":{"type":"MultiPolygon","coordinates":[[[[126.93696,35.123586],[126.936991,35.123627],[126.937056,35.123585],[126.93702,35.12355],[126.93696,35.123586]]]]}},{"type":"Feature","id":"1984194194651802356800000000","properties":{"id":"1984194194651802356800000000","pnu":"1221011900103500000"},"geometry":{"type":"MultiPolygon","coordinates":[[[[126.937049,35.121223],[126.937133,35.121234],[126.937132,35.121253],[126.937181,35.121256],[126.93719,35.121177],[126.937158,35.121175],[126.937159,35.121161],[126.937109,35.121158],[126.93711,35.121149],[126.937063,35.121148],[126.937049,35.121223]]]]}},{"type":"Feature","id":"1984194200981805148100000000","properties":{"id":"1984194200981805148100000000","pnu":"1221011900104560000"},"geometry":{"type":"MultiPolygon","coordinates":[[[[126.937063,35.123744],[126.937131,35.123809],[126.937316,35.123683],[126.937249,35.123623],[126.937063,35.123744]]]]}},{"type":"Feature","id":"1985193479581806517500000000","properties":{"id":"1985193479581806517500000000","pnu":"1221012600102990000"},"geometry":{"type":"MultiPolygon","coordinates":[[[[126.929211,35.125],[126.929213,35.125003],[126.929223,35.125],[126.929361,35.124959],[126.929344,35.124888],[126.929182,35.124932],[126.929211,35.125]]]]}},{"type":"Feature","id":"1985193490581806517000000000","properties":{"id":"1985193490581806517000000000","pnu":"1221012600102990002"},"geometry":{"type":"MultiPolygon","coordinates":[[[[126.929373,35.124996],[126.929434,35.124983],[126.929424,35.124897],[126.929349,35.124908],[126.929373,35.124996]]]]}},{"type":"Feature","id":"1985193505521806506500000000","properties":{"id":"1985193505521806506500000000","pnu":"1221012600102990004"},"geometry":{"type":"MultiPolygon","coordinates":[[[[126.929503,35.124989],[126.929584,35.124999],[126.929591,35.124959],[126.929601,35.12496],[126.929608,35.124923],[126.929615,35.124924],[126.929621,35.124887],[126.929523,35.124876],[126.929503,35.124989]]]]}},{"type":"Feature","id":"1985193508971806397100000000","properties":{"id":"1985193508971806397100000000","pnu":"1221012600102990004"},"geometry":{"type":"MultiPolygon","coordinates":[[[[126.92958,35.124875],[126.929643,35.124831],[126.929619,35.124801],[126.929549,35.124838],[126.92958,35.124875]]]]}},{"type":"Feature","id":"1985193563361799395000000000","properties":{"id":"1985193563361799395000000000","pnu":"1221012600101930000"},"geometry":{"type":"MultiPolygon","coordinates":[[[[126.930158,35.118521],[126.930191,35.118556],[126.930242,35.118523],[126.930223,35.118503],[126.930204,35.118516],[126.930189,35.1185],[126.930158,35.118521]]]]}},{"type":"Feature","id":"1985193568781806914500000000","properties":{"id":"1985193568781806914500000000","pnu":"1221012600102980012"},"geometry":{"type":"MultiPolygon","coordinates":[[[[126.930223,35.125326],[126.930298,35.125331],[126.930299,35.125308],[126.930257,35.125307],[126.930258,35.125268],[126.930225,35.125265],[126.930223,35.125326]]]]}},{"type":"Feature","id":"1985193569011809166700000000","properties":{"id":"1985193569011809166700000000","pnu":"1221011900105870000"},"geometry":{"type":"MultiPolygon","coordinates":[[[[126.930298,35.127288],[126.930225,35.127277],[126.930211,35.127346],[126.930224,35.127352],[126.930223,35.127369],[126.930233,35.127372],[126.930232,35.127393],[126.930269,35.127403],[126.930298,35.127288]]]]}},{"type":"Feature","id":"1985193569811806797400000000","properties":{"id":"1985193569811806797400000000","pnu":"1221012600102980014"},"geometry":{"type":"MultiPolygon","coordinates":[[[[126.930307,35.125207],[126.930302,35.125178],[126.930222,35.125188],[126.930223,35.125217],[126.930307,35.125207]]]]}},{"type":"Feature","id":"1985193571631806863500000000","properties":{"id":"1985193571631806863500000000","pnu":"1221012600102980012"},"geometry":{"type":"MultiPolygon","coordinates":[[[[126.930262,35.125301],[126.93031,35.125299],[126.930305,35.125214],[126.930257,35.125216],[126.930262,35.125301]]]]}},{"type":"Feature","id":"1985193575711806906800000000","properties":{"id":"1985193575711806906800000000","pnu":"1221012600102980012"},"geometry":{"type":"MultiPolygon","coordinates":[[[[126.930319,35.125273],[126.930318,35.125319],[126.930337,35.12532],[126.930338,35.125276],[126.930319,35.125273]]]]}},{"type":"Feature","id":"1985193576741806286200000000","properties":{"id":"1985193576741806286200000000","pnu":"1221012600102980010"},"geometry":{"type":"MultiPolygon","coordinates":[[[[126.930371,35.124746],[126.93037,35.124732],[126.930308,35.12473],[126.930308,35.124741],[126.930371,35.124746]]]]}},{"type":"Feature","id":"1985193576991806336000000000","properties":{"id":"1985193576991806336000000000","pnu":"1221012600102980010"},"geometry":{"type":"MultiPolygon","coordinates":[[[[126.93037,35.124815],[126.930375,35.124753],[126.930317,35.124748],[126.930311,35.124813],[126.93037,35.124815]]]]}},{"type":"Feature","id":"1985193577921806413400000000","properties":{"id":"1985193577921806413400000000","pnu":"1221012600102980008"},"geometry":{"type":"MultiPolygon","coordinates":[[[[126.930421,35.124863],[126.930417,35.12483],[126.930285,35.12484],[126.930288,35.124874],[126.930421,35.124863]]]]}},{"type":"Feature","id":"1985193579611806079800000000","properties":{"id":"1985193579611806079800000000","pnu":"1221012600102980005"},"geometry":{"type":"MultiPolygon","coordinates":[[[[126.930388,35.124581],[126.930395,35.124526],[126.930358,35.12452],[126.930346,35.124577],[126.930388,35.124581]]]]}},{"type":"Feature","id":"1985193582271806136200000000","properties":{"id":"1985193582271806136200000000","pnu":"1221012600102980005"},"geometry":{"type":"MultiPolygon","coordinates":[[[[126.930418,35.124525],[126.930406,35.124609],[126.930321,35.124611],[126.930323,35.124647],[126.930436,35.124643],[126.930454,35.124527],[126.930418,35.124525]]]]}},{"type":"Feature","id":"1985193582571806330200000000","properties":{"id":"1985193582571806330200000000","pnu":"1221012600102980010"},"geometry":{"type":"MultiPolygon","coordinates":[[[[126.930374,35.124725],[126.930381,35.124831],[126.930434,35.124829],[126.930427,35.124723],[126.930374,35.124725]]]]}},{"type":"Feature","id":"1985193586411808377700000000","properties":{"id":"1985193586411808377700000000","pnu":"1221011900105870013"},"geometry":{"type":"MultiPolygon","coordinates":[[[[126.930497,35.126659],[126.930507,35.126597],[126.930443,35.126588],[126.930441,35.126599],[126.930386,35.126592],[126.930376,35.126643],[126.930497,35.126659]]]]}},{"type":"Feature","id":"1985193613181801053600000000","properties":{"id":"1985193613181801053600000000","pnu":"1221012600102520000"},"geometry":{"type":"MultiPolygon","coordinates":[[[[126.930761,35.120091],[126.930833,35.120033],[126.930728,35.119951],[126.930654,35.120009],[126.930761,35.120091]]]]}},{"type":"Feature","id":"1985193620081801132300000000","properties":{"id":"1985193620081801132300000000","pnu":"1221012600102520000"},"geometry":{"type":"MultiPolygon","coordinates":[[[[126.930807,35.120131],[126.930867,35.120084],[126.930833,35.120053],[126.930772,35.120099],[126.930807,35.120131]]]]}},{"type":"Feature","id":"1985193662651804115600000000","properties":{"id":"1985193662651804115600000000","pnu":"1221012600106360001"},"geometry":{"type":"MultiPolygon","coordinates":[[[[126.931258,35.122815],[126.931333,35.122778],[126.93131,35.122747],[126.931235,35.122785],[126.931258,35.122815]]]]}},{"type":"Feature","id":"1985193665161804025500000000","properties":{"id":"1985193665161804025500000000","pnu":"1221012600106360001"},"geometry":{"type":"MultiPolygon","coordinates":[[[[126.93135,35.122723],[126.931351,35.122682],[126.93128,35.122676],[126.931269,35.122719],[126.93135,35.122723]]]]}},{"type":"Feature","id":"1985193734621809769200000000","properties":{"id":"1985193734621809769200000000","pnu":"1221011900105320094"},"geometry":{"type":"MultiPolygon","coordinates":[[[[126.932112,35.12792],[126.932129,35.127886],[126.932102,35.127853],[126.932027,35.127837],[126.932008,35.127888],[126.932112,35.12792]]]]}},{"type":"Feature","id":"1985193736291809831000000000","properties":{"id":"1985193736291809831000000000","pnu":"1221011900105320094"},"geometry":{"type":"MultiPolygon","coordinates":[[[[126.93208,35.127935],[126.932092,35.127939],[126.932095,35.127931],[126.932084,35.127928],[126.93208,35.127935]]]]}},{"type":"Feature","id":"1985193777731801438100000000","properties":{"id":"1985193777731801438100000000","pnu":"1221012600106360066"},"geometry":{"type":"MultiPolygon","coordinates":[[[[126.932603,35.120323],[126.932533,35.120306],[126.932495,35.120414],[126.932564,35.120431],[126.932603,35.120323]]]]}},{"type":"Feature","id":"1985193784161801419100000000","properties":{"id":"1985193784161801419100000000","pnu":"1221012600106360066"},"geometry":{"type":"MultiPolygon","coordinates":[[[[126.932626,35.120383],[126.932643,35.120334],[126.932607,35.120323],[126.932596,35.12035],[126.93261,35.120354],[126.932602,35.120377],[126.932626,35.120383]]]]}},{"type":"Feature","id":"1985193792181800717000000000","properties":{"id":"1985193792181800717000000000","pnu":"1221012600106360074"},"geometry":{"type":"MultiPolygon","coordinates":[[[[126.932714,35.119793],[126.93277,35.119664],[126.932705,35.119641],[126.932644,35.119774],[126.932714,35.119793]]]]}},{"type":"Feature","id":"1985193942151808571200000000","properties":{"id":"1985193942151808571200000000","pnu":"1221011900105610003"},"geometry":{"type":"MultiPolygon","coordinates":[[[[126.934339,35.126808],[126.934348,35.12681],[126.934355,35.12679],[126.934346,35.126788],[126.934339,35.126808]]]]}},{"type":"Feature","id":"1985193947301808512600000000","properties":{"id":"1985193947301808512600000000","pnu":"1221011900105610003"},"geometry":{"type":"MultiPolygon","coordinates":[[[[126.934448,35.126714],[126.93434,35.126683],[126.934345,35.126773],[126.934372,35.126809],[126.934408,35.126801],[126.934481,35.126761],[126.934495,35.12673],[126.934446,35.126716],[126.934448,35.126714]]]]}},{"type":"Feature","id":"1985193965371803737900000000","properties":{"id":"1985193965371803737900000000","pnu":"1221011900106380022"},"geometry":{"type":"MultiPolygon","coordinates":[[[[126.93465,35.122474],[126.934657,35.122427],[126.934586,35.12241],[126.934576,35.122412],[126.934559,35.122427],[126.934552,35.122462],[126.93465,35.122474]]]]}},{"type":"Feature","id":"1985193970551804903100000000","properties":{"id":"1985193970551804903100000000","pnu":"1221011900106370012"},"geometry":{"type":"MultiPolygon","coordinates":[[[[126.93461,35.123535],[126.934698,35.123547],[126.934707,35.123493],[126.934714,35.123494],[126.934716,35.123451],[126.934617,35.123443],[126.93461,35.123535]]]]}},{"type":"Feature","id":"1985193972571803690800000000","properties":{"id":"1985193972571803690800000000","pnu":"1221011900106380022"},"geometry":{"type":"MultiPolygon","coordinates":[[[[126.934722,35.122366],[126.934652,35.122357],[126.934643,35.122405],[126.934672,35.122408],[126.934665,35.122448],[126.934705,35.122453],[126.934722,35.122366]]]]}},{"type":"Feature","id":"1985194161761803767500000000","properties":{"id":"1985194161761803767500000000","pnu":"1221011900200200014"},"geometry":{"type":"MultiPolygon","coordinates":[[[[126.936712,35.122469],[126.936783,35.122505],[126.936808,35.122473],[126.936737,35.122436],[126.936712,35.122469]]]]}},{"type":"Feature","id":"1985194175261802179500000000","properties":{"id":"1985194175261802179500000000","pnu":"1221011900103320000"},"geometry":{"type":"MultiPolygon","coordinates":[[[[126.936869,35.121085],[126.936929,35.121092],[126.936948,35.120992],[126.93689,35.120987],[126.936869,35.121085]]]]}},{"type":"Feature","id":"1985194206971804832600000000","properties":{"id":"1985194206971804832600000000","pnu":"1221011900102960005"},"geometry":{"type":"MultiPolygon","coordinates":[[[[126.9372,35.123433],[126.937226,35.123461],[126.937242,35.123456],[126.937249,35.123468],[126.93731,35.123434],[126.937267,35.12339],[126.9372,35.123433]]]]}},{"type":"Feature","id":"1985194207461804701200000000","properties":{"id":"1985194207461804701200000000","pnu":"1221011900102960009"},"geometry":{"type":"MultiPolygon","coordinates":[[[[126.93727,35.12334],[126.937292,35.123325],[126.937251,35.123285],[126.93723,35.123299],[126.93727,35.12334]]]]}},{"type":"Feature","id":"1985194214191804907000000000","properties":{"id":"1985194214191804907000000000","pnu":"1221011900102960004"},"geometry":{"type":"MultiPolygon","coordinates":[[[[126.937283,35.123485],[126.937337,35.12354],[126.937387,35.123512],[126.937331,35.123455],[126.937283,35.123485]]]]}},{"type":"Feature","id":"1985194218181804757600000000","properties":{"id":"1985194218181804757600000000","pnu":"1221011900102960009"},"geometry":{"type":"MultiPolygon","coordinates":[[[[126.937376,35.123419],[126.93744,35.123387],[126.937381,35.123308],[126.937316,35.123339],[126.937376,35.123419]]]]}},{"type":"Feature","id":"1985194219721804981500000000","properties":{"id":"1985194219721804981500000000","pnu":"1221011900102960002"},"geometry":{"type":"MultiPolygon","coordinates":[[[[126.93735,35.123548],[126.937397,35.123605],[126.937441,35.123586],[126.937391,35.123522],[126.93735,35.123548]]]]}},{"type":"Feature","id":"1985194273921803085800000000","properties":{"id":"1985194273921803085800000000","pnu":"1221011900104100000"},"geometry":{"type":"MultiPolygon","coordinates":[[[[126.937939,35.121881],[126.938052,35.121871],[126.938027,35.121829],[126.937937,35.121844],[126.937939,35.121881]]]]}},{"type":"Feature","id":"1985194283141803037600000000","properties":{"id":"1985194283141803037600000000","pnu":"1221011900104100000"},"geometry":{"type":"MultiPolygon","coordinates":[[[[126.93803,35.121827],[126.938072,35.121865],[126.938157,35.121797],[126.938109,35.121764],[126.93803,35.121827]]]]}},{"type":"Feature","id":"1985194312051802402600000000","properties":{"id":"1985194312051802402600000000","pnu":"1221011900103710000"},"geometry":{"type":"MultiPolygon","coordinates":[[[[126.938356,35.121292],[126.938491,35.121263],[126.93848,35.121205],[126.938424,35.121214],[126.938419,35.121193],[126.938336,35.121209],[126.938356,35.121292]]]]}},{"type":"Feature","id":"1986193571191808848200000000","properties":{"id":"1986193571191808848200000000","pnu":"1221011900105870003"},"geometry":{"type":"MultiPolygon","coordinates":[[[[126.930269,35.12705],[126.930283,35.127052],[126.930285,35.127043],[126.930271,35.127041],[126.930269,35.12705]]]]}},{"type":"Feature","id":"1986193571761800822600000000","properties":{"id":"1986193571761800822600000000","pnu":"1221012600102400000"},"geometry":{"type":"MultiPolygon","coordinates":[[[[126.930248,35.119864],[126.930368,35.119811],[126.930332,35.119763],[126.930268,35.119788],[126.930264,35.119786],[126.930225,35.119804],[126.930229,35.119844],[126.930248,35.119864]]]]}},{"type":"Feature","id":"1986193575491808920400000000","properties":{"id":"1986193575491808920400000000","pnu":"1221011900105870003"},"geometry":{"type":"MultiPolygon","coordinates":[[[[126.930358,35.127155],[126.930381,35.127086],[126.930334,35.127072],[126.930326,35.127082],[126.930286,35.127071],[126.930266,35.127135],[126.930358,35.127155]]]]}},{"type":"Feature","id":"1986193673641804008700000000","properties":{"id":"1986193673641804008700000000","pnu":"1221012600106360002"},"geometry":{"type":"MultiPolygon","coordinates":[[[[126.931377,35.122726],[126.931456,35.122705],[126.931434,35.122645],[126.931354,35.122664],[126.931377,35.122726]]]]}},{"type":"Feature","id":"1986193786461802781600000000","properties":{"id":"1986193786461802781600000000","pnu":"1221012600106360100"},"geometry":{"type":"MultiPolygon","coordinates":[[[[126.932576,35.12163],[126.932735,35.121594],[126.932716,35.121529],[126.932548,35.121566],[126.932576,35.12163]]]]}},{"type":"Feature","id":"1986193863671803565900000000","properties":{"id":"1986193863671803565900000000","pnu":"1221011900106730017"},"geometry":{"type":"MultiPolygon","coordinates":[[[[126.933548,35.122253],[126.933499,35.122245],[126.933497,35.122253],[126.933456,35.122247],[126.933454,35.122258],[126.933437,35.122257],[126.933433,35.122277],[126.933454,35.122323],[126.933517,35.122339],[126.933548,35.122253]]]]}},{"type":"Feature","id":"1986193873051803960800000000","properties":{"id":"1986193873051803960800000000","pnu":"1221011900106730010"},"geometry":{"type":"MultiPolygon","coordinates":[[[[126.933645,35.122614],[126.933597,35.122606],[126.933594,35.122616],[126.933547,35.122611],[126.93354,35.122647],[126.933538,35.122668],[126.933632,35.122681],[126.933645,35.122614]]]]}},{"type":"Feature","id":"1986193874001803862500000000","properties":{"id":"1986193874001803862500000000","pnu":"1221011900106730011"},"geometry":{"type":"MultiPolygon","coordinates":[[[[126.933664,35.122521],[126.933626,35.122515],[126.933623,35.122523],[126.93355,35.122517],[126.933541,35.122582],[126.933648,35.122598],[126.933664,35.122521]]]]}},{"type":"Feature","id":"1986193898341804204900000000","properties":{"id":"1986193898341804204900000000","pnu":"1221011900106730006"},"geometry":{"type":"MultiPolygon","coordinates":[[[[126.933934,35.122908],[126.933945,35.122856],[126.933912,35.122851],[126.933912,35.122835],[126.933877,35.122829],[126.933877,35.122818],[126.933816,35.122812],[126.933805,35.122893],[126.933934,35.122908]]]]}},{"type":"Feature","id":"1986193932561808904200000000","properties":{"id":"1986193932561808904200000000","pnu":"1221011900105600011"},"geometry":{"type":"MultiPolygon","coordinates":[[[[126.934417,35.127067],[126.934071,35.127044],[126.934068,35.127133],[126.934414,35.127154],[126.934417,35.127067]]]]}},{"type":"Feature","id":"1986193952351807678100000000","properties":{"id":"1986193952351807678100000000","pnu":"1221011900106190000"},"geometry":{"type":"MultiPolygon","coordinates":[[[[126.934448,35.125995],[126.934467,35.126002],[126.934472,35.125994],[126.934452,35.125986],[126.934448,35.125995]]]]}},{"type":"Feature","id":"1986193954281804026000000000","properties":{"id":"1986193954281804026000000000","pnu":"1221011900106380020"},"geometry":{"type":"MultiPolygon","coordinates":[[[[126.934412,35.122663],[126.934415,35.1227],[126.934396,35.122701],[126.9344,35.122743],[126.934578,35.122733],[126.934573,35.122682],[126.934532,35.122684],[126.93453,35.122656],[126.934412,35.122663]]]]}},{"type":"Feature","id":"1986193959111803910300000000","properties":{"id":"1986193959111803910300000000","pnu":"1221011900106380026"},"geometry":{"type":"MultiPolygon","coordinates":[[[[126.93458,35.122631],[126.93458,35.122558],[126.934527,35.122556],[126.934467,35.122629],[126.93458,35.122631]]]]}},{"type":"Feature","id":"1986193959221807551600000000","properties":{"id":"1986193959221807551600000000","pnu":"1221011900106190000"},"geometry":{"type":"MultiPolygon","coordinates":[[[[126.934527,35.125881],[126.934537,35.125887],[126.934543,35.125879],[126.934533,35.125874],[126.934527,35.125881]]]]}},{"type":"Feature","id":"1986193959791807643400000000","properties":{"id":"1986193959791807643400000000","pnu":"1221011900106190000"},"geometry":{"type":"MultiPolygon","coordinates":[[[[126.934614,35.125922],[126.934562,35.125899],[126.934534,35.125931],[126.934523,35.125925],[126.934471,35.125997],[126.934531,35.126029],[126.934614,35.125922]]]]}},{"type":"Feature","id":"1986194004421807760700000000","properties":{"id":"1986194004421807760700000000","pnu":"1221011900104890009"},"geometry":{"type":"MultiPolygon","coordinates":[[[[126.935065,35.126149],[126.935107,35.126044],[126.935014,35.125995],[126.934942,35.126076],[126.935065,35.126149]]]]}},{"type":"Feature","id":"1986194009041806785200000000","properties":{"id":"1986194009041806785200000000","pnu":"1221011900104850005"},"geometry":{"type":"MultiPolygon","coordinates":[[[[126.935065,35.125253],[126.93516,35.125194],[126.9351,35.125127],[126.935005,35.125185],[126.935065,35.125253]]]]}},{"type":"Feature","id":"1986194015861802855300000000","properties":{"id":"1986194015861802855300000000","pnu":"1221011900102120003"},"geometry":{"type":"MultiPolygon","coordinates":[[[[126.935096,35.121683],[126.935232,35.121691],[126.935236,35.121643],[126.935216,35.121642],[126.935217,35.121622],[126.935163,35.121619],[126.935166,35.121598],[126.9351,35.121594],[126.935096,35.121636],[126.935104,35.121637],[126.935096,35.121683]]]]}},{"type":"Feature","id":"1986194024121802863400000000","properties":{"id":"1986194024121802863400000000","pnu":"1221011900102120003"},"geometry":{"type":"MultiPolygon","coordinates":[[[[126.935243,35.121656],[126.935252,35.121661],[126.935258,35.121655],[126.93525,35.121648],[126.935243,35.121656]]]]}},{"type":"Feature","id":"1986194076181802985400000000","properties":{"id":"1986194076181802985400000000","pnu":"1221011900102150001"},"geometry":{"type":"MultiPolygon","coordinates":[[[[126.935809,35.121764],[126.935828,35.121774],[126.935834,35.121766],[126.935816,35.121756],[126.935809,35.121764]]]]}},{"type":"Feature","id":"1986194080571803054800000000","properties":{"id":"1986194080571803054800000000","pnu":"1221011900102150001"},"geometry":{"type":"MultiPolygon","coordinates":[[[[126.935788,35.121843],[126.935923,35.12188],[126.93595,35.121811],[126.935819,35.121776],[126.935788,35.121843]]]]}},{"type":"Feature","id":"1986194149991802092300000000","properties":{"id":"1986194149991802092300000000","pnu":"1221011900103230004"},"geometry":{"type":"MultiPolygon","coordinates":[[[[126.936595,35.121004],[126.936659,35.121007],[126.93667,35.120915],[126.93662,35.120912],[126.936619,35.120928],[126.936599,35.120927],[126.936595,35.121004]]]]}},{"type":"Feature","id":"1986194151941801969800000000","properties":{"id":"1986194151941801969800000000","pnu":"1221011900103230005"},"geometry":{"type":"MultiPolygon","coordinates":[[[[126.936613,35.120889],[126.936682,35.120887],[126.936687,35.1208],[126.936659,35.120799],[126.936658,35.120818],[126.936635,35.120817],[126.936635,35.120834],[126.936619,35.120833],[126.936613,35.120889]]]]}},{"type":"Feature","id":"1987193576041799319400000000","properties":{"id":"1987193576041799319400000000","pnu":"1221012600101940000"},"geometry":{"type":"MultiPolygon","coordinates":[[[[126.930406,35.118431],[126.930358,35.118382],[126.930313,35.118373],[126.930271,35.11852],[126.930344,35.118535],[126.930354,35.118512],[126.930374,35.118518],[126.930406,35.118431]]]]}},{"type":"Feature","id":"1987193578881801540200000000","properties":{"id":"1987193578881801540200000000","pnu":"1221012600200390009"},"geometry":{"type":"MultiPolygon","coordinates":[[[[126.930545,35.120651],[126.930615,35.120576],[126.930234,35.120291],[126.930229,35.120305],[126.930184,35.120279],[126.930117,35.120346],[126.930545,35.120651]]]]}},{"type":"Feature","id":"1987193586401800753500000000","properties":{"id":"1987193586401800753500000000","pnu":"1221012600102390000"},"geometry":{"type":"MultiPolygon","coordinates":[[[[126.930478,35.119823],[126.930551,35.119752],[126.930494,35.119708],[126.930486,35.119713],[126.930462,35.119697],[126.930445,35.11971],[126.930426,35.119698],[126.930406,35.119712],[126.930374,35.119698],[126.930339,35.119733],[126.930478,35.119823]]]]}},{"type":"Feature","id":"1987193595981800836600000000","properties":{"id":"1987193595981800836600000000","pnu":"1221012600102530002"},"geometry":{"type":"MultiPolygon","coordinates":[[[[126.930486,35.119833],[126.930544,35.119881],[126.930567,35.11986],[126.930572,35.119863],[126.930593,35.119845],[126.930598,35.119846],[126.930622,35.119827],[126.9306,35.119802],[126.930603,35.119797],[126.930562,35.11977],[126.930486,35.119833]]]]}},{"type":"Feature","id":"1987193700011800731000000000","properties":{"id":"1987193700011800731000000000","pnu":"1221012600102590003"},"geometry":{"type":"MultiPolygon","coordinates":[[[[126.931689,35.119705],[126.931639,35.119743],[126.93168,35.119765],[126.931724,35.119748],[126.931747,35.1197],[126.931719,35.119692],[126.931709,35.119712],[126.931689,35.119705]]]]}},{"type":"Feature","id":"1987193796731805548300000000","properties":{"id":"1987193796731805548300000000","pnu":"1221011900106530014"},"geometry":{"type":"MultiPolygon","coordinates":[[[[126.93282,35.12404],[126.932769,35.124032],[126.932765,35.124044],[126.932727,35.124035],[126.932723,35.124046],[126.9327,35.124042],[126.932682,35.124097],[126.932796,35.124119],[126.93282,35.12404]]]]}},{"type":"Feature","id":"1987193886321803766600000000","properties":{"id":"1987193886321803766600000000","pnu":"1221011900106730013"},"geometry":{"type":"MultiPolygon","coordinates":[[[[126.933794,35.122507],[126.93376,35.12245],[126.933744,35.122431],[126.933708,35.122427],[126.933696,35.122488],[126.933794,35.122507]]]]}},{"type":"Feature","id":"1987193889431804425300000000","properties":{"id":"1987193889431804425300000000","pnu":"1221011900106730001"},"geometry":{"type":"MultiPolygon","coordinates":[[[[126.933726,35.123012],[126.933711,35.123083],[126.933828,35.123106],[126.93384,35.123066],[126.933829,35.123064],[126.93383,35.123052],[126.933789,35.123043],[126.933794,35.123027],[126.933726,35.123012]]]]}},{"type":"Feature","id":"1987193918271807640900000000","properties":{"id":"1987193918271807640900000000","pnu":"1221011900106170007"},"geometry":{"type":"MultiPolygon","coordinates":[[[[126.934079,35.125965],[126.934088,35.125968],[126.934092,35.125955],[126.934084,35.125953],[126.934079,35.125965]]]]}},{"type":"Feature","id":"1987193923881807726100000000","properties":{"id":"1987193923881807726100000000","pnu":"1221011900106170007"},"geometry":{"type":"MultiPolygon","coordinates":[[[[126.934197,35.126086],[126.934211,35.126043],[126.934184,35.126034],[126.934186,35.126024],[126.934161,35.126015],[126.934163,35.126001],[126.934111,35.125987],[126.934085,35.126047],[126.934197,35.126086]]]]}},{"type":"Feature","id":"1987193929191807627100000000","properties":{"id":"1987193929191807627100000000","pnu":"1221011900106170008"},"geometry":{"type":"MultiPolygon","coordinates":[[[[126.934127,35.125959],[126.934253,35.125999],[126.934276,35.12595],[126.934256,35.125944],[126.934262,35.125929],[126.934229,35.125919],[126.934233,35.125912],[126.934178,35.125894],[126.934161,35.125931],[126.934143,35.125925],[126.934127,35.125959]]]]}},{"type":"Feature","id":"1987193935451807577300000000","properties":{"id":"1987193935451807577300000000","pnu":"1221011900106170008"},"geometry":{"type":"MultiPolygon","coordinates":[[[[126.934267,35.125906],[126.934278,35.125909],[126.934281,35.1259],[126.934271,35.125897],[126.934267,35.125906]]]]}},{"type":"Feature","id":"1987194279121802929900000000","properties":{"id":"1987194279121802929900000000","pnu":"1221011900104060000"},"geometry":{"type":"MultiPolygon","coordinates":[[[[126.937969,35.121682],[126.937979,35.121739],[126.938013,35.121737],[126.938028,35.12177],[126.938127,35.121737],[126.938109,35.121673],[126.938041,35.121694],[126.938034,35.121675],[126.937969,35.121682]]]]}},{"type":"Feature","id":"1988193631221807684000000000","properties":{"id":"1988193631221807684000000000","pnu":"1221012600102970004"},"geometry":{"type":"MultiPolygon","coordinates":[[[[126.930963,35.126043],[126.93098,35.125961],[126.93091,35.125951],[126.930895,35.126035],[126.930963,35.126043]]]]}},{"type":"Feature","id":"1988193641621806598000000000","properties":{"id":"1988193641621806598000000000","pnu":"1221012600102920003"},"geometry":{"type":"MultiPolygon","coordinates":[[[[126.930995,35.125],[126.930984,35.125039],[126.931091,35.125064],[126.931108,35.125],[126.931112,35.124986],[126.931066,35.124974],[126.931055,35.124997],[126.930999,35.124985],[126.930995,35.125]]]]}},{"type":"Feature","id":"1988193649491805382000000000","properties":{"id":"1988193649491805382000000000","pnu":"1221012600102870009"},"geometry":{"type":"MultiPolygon","coordinates":[[[[126.931257,35.123969],[126.931257,35.123872],[126.931021,35.123875],[126.931023,35.123976],[126.931257,35.123969]]]]}},{"type":"Feature","id":"1988193658631806016600000000","properties":{"id":"1988193658631806016600000000","pnu":"1221012600102860007"},"geometry":{"type":"MultiPolygon","coordinates":[[[[126.931308,35.124452],[126.931262,35.124446],[126.931197,35.124472],[126.931178,35.12454],[126.931228,35.124552],[126.931233,35.124537],[126.931248,35.12454],[126.931262,35.124502],[126.931286,35.124507],[126.931308,35.124452]]]]}},{"type":"Feature","id":"1988193659691806148800000000","properties":{"id":"1988193659691806148800000000","pnu":"1221012600102860007"},"geometry":{"type":"MultiPolygon","coordinates":[[[[126.931242,35.124613],[126.931254,35.12462],[126.931258,35.124615],[126.931246,35.124607],[126.931242,35.124613]]]]}},{"type":"Feature","id":"1988193662731806324000000000","properties":{"id":"1988193662731806324000000000","pnu":"1221012600102930016"},"geometry":{"type":"MultiPolygon","coordinates":[[[[126.931323,35.12482],[126.931345,35.124755],[126.93129,35.124737],[126.931291,35.124728],[126.931251,35.124717],[126.931223,35.124798],[126.931323,35.12482]]]]}},{"type":"Feature","id":"1988193663951805336100000000","properties":{"id":"1988193663951805336100000000","pnu":"1221012600102870009"},"geometry":{"type":"MultiPolygon","coordinates":[[[[126.931325,35.123848],[126.931286,35.123847],[126.931277,35.123922],[126.931296,35.123925],[126.931325,35.123848]]]]}},{"type":"Feature","id":"1988193753781806301300000000","properties":{"id":"1988193753781806301300000000","pnu":"1221011900106560000"},"geometry":{"type":"MultiPolygon","coordinates":[[[[126.932229,35.124806],[126.9323,35.124822],[126.932318,35.124822],[126.932359,35.124793],[126.932361,35.124711],[126.932208,35.12468],[126.9322,35.124719],[126.932229,35.124806]]]]}},{"type":"Feature","id":"1988193769021808792900000000","properties":{"id":"1988193769021808792900000000","pnu":"1221011900105730004"},"geometry":{"type":"MultiPolygon","coordinates":[[[[126.93249,35.127058],[126.932509,35.127016],[126.932486,35.126955],[126.932479,35.126949],[126.932418,35.126931],[126.932379,35.127029],[126.93249,35.127058]]]]}},{"type":"Feature","id":"1988193770491806489200000000","properties":{"id":"1988193770491806489200000000","pnu":"1221011900106040016"},"geometry":{"type":"MultiPolygon","coordinates":[[[[126.932408,35.124951],[126.932476,35.124963],[126.932513,35.124938],[126.932522,35.124894],[126.932477,35.124884],[126.932474,35.124889],[126.932433,35.12488],[126.932408,35.124951]]]]}},{"type":"Feature","id":"1988193837001805004800000000","properties":{"id":"1988193837001805004800000000","pnu":"1221011900106480003"},"geometry":{"type":"MultiPolygon","coordinates":[[[[126.933138,35.123637],[126.933163,35.123639],[126.933195,35.123632],[126.933202,35.123617],[126.933223,35.123619],[126.933249,35.123608],[126.933262,35.123564],[126.933217,35.123553],[126.93322,35.123531],[126.933173,35.123522],[126.933138,35.123637]]]]}},{"type":"Feature","id":"1988193885191803976300000000","properties":{"id":"1988193885191803976300000000","pnu":"1221011900106730009"},"geometry":{"type":"MultiPolygon","coordinates":[[[[126.93379,35.122628],[126.933672,35.122616],[126.933664,35.122686],[126.933762,35.122702],[126.933764,35.12268],[126.933785,35.122683],[126.93379,35.122628]]]]}},{"type":"Feature","id":"1988193896311803992800000000","properties":{"id":"1988193896311803992800000000","pnu":"1221011900106730008"},"geometry":{"type":"MultiPolygon","coordinates":[[[[126.933822,35.122627],[126.933811,35.122703],[126.933885,35.122711],[126.933889,35.122676],[126.933876,35.122673],[126.933861,35.122628],[126.933822,35.122627]]]]}},{"type":"Feature","id":"1988193920301804741600000000","properties":{"id":"1988193920301804741600000000","pnu":"1221011900106420013"},"geometry":{"type":"MultiPolygon","coordinates":[[[[126.934147,35.123392],[126.934144,35.123302],[126.934072,35.123302],[126.934078,35.123394],[126.934147,35.123392]]]]}},{"type":"Feature","id":"1988194019291806333100000000","properties":{"id":"1988194019291806333100000000","pnu":"1221011900106230006"},"geometry":{"type":"MultiPolygon","coordinates":[[[[126.935183,35.124837],[126.935256,35.124783],[126.935196,35.124726],[126.935165,35.124748],[126.935171,35.124757],[126.935151,35.124774],[126.935158,35.124781],[126.935141,35.124796],[126.935183,35.124837]]]]}},{"type":"Feature","id":"1988194062031806197900000000","properties":{"id":"1988194062031806197900000000","pnu":"1221011900104830001"},"geometry":{"type":"MultiPolygon","coordinates":[[[[126.935618,35.124723],[126.935726,35.124668],[126.935742,35.124611],[126.935716,35.1246],[126.935575,35.124669],[126.935618,35.124723]]]]}},{"type":"Feature","id":"1988194069991805812100000000","properties":{"id":"1988194069991805812100000000","pnu":"1221011900104480007"},"geometry":{"type":"MultiPolygon","coordinates":[[[[126.935721,35.124368],[126.935774,35.12436],[126.935772,35.124349],[126.935802,35.124344],[126.935785,35.124262],[126.935703,35.124273],[126.935721,35.124368]]]]}},{"type":"Feature","id":"1988194113671801096800000000","properties":{"id":"1988194113671801096800000000","pnu":"1221011900102210002"},"geometry":{"type":"MultiPolygon","coordinates":[[[[126.936081,35.119956],[126.936056,35.119977],[126.936028,35.120064],[126.936039,35.120093],[126.936076,35.120107],[126.936068,35.120144],[126.936119,35.120151],[126.936121,35.120139],[126.936169,35.120145],[126.936178,35.12012],[126.936402,35.120161],[126.936431,35.120145],[126.936454,35.120057],[126.936424,35.120018],[126.936081,35.119956]]]]}},{"type":"Feature","id":"1988194116621800944400000000","properties":{"id":"1988194116621800944400000000","pnu":"1221011900102210002"},"geometry":{"type":"MultiPolygon","coordinates":[[[[126.936163,35.119937],[126.936345,35.119972],[126.936364,35.119904],[126.936176,35.119887],[126.936163,35.119937]]]]}},{"type":"Feature","id":"1988194129051800987100000000","properties":{"id":"1988194129051800987100000000","pnu":"1221011900102210002"},"geometry":{"type":"MultiPolygon","coordinates":[[[[126.936347,35.119969],[126.936436,35.120007],[126.936461,35.11996],[126.936368,35.119921],[126.936347,35.119969]]]]}},{"type":"Feature","id":"1988194167251802683400000000","properties":{"id":"1988194167251802683400000000","pnu":"1221011900103020000"},"geometry":{"type":"MultiPolygon","coordinates":[[[[126.936778,35.121452],[126.936784,35.121541],[126.936867,35.121532],[126.936856,35.121446],[126.936778,35.121452]]]]}},{"type":"Feature","id":"1988194227451804884400000000","properties":{"id":"1988194227451804884400000000","pnu":"1221011900102960008"},"geometry":{"type":"MultiPolygon","coordinates":[[[[126.937376,35.123455],[126.937493,35.123578],[126.937521,35.123546],[126.937517,35.12354],[126.937569,35.123502],[126.93755,35.123475],[126.937563,35.123463],[126.937485,35.12339],[126.937376,35.123455]]]]}},{"type":"Feature","id":"1989193580051800130300000000","properties":{"id":"1989193580051800130300000000","pnu":"1221012600102150000"},"geometry":{"type":"MultiPolygon","coordinates":[[[[126.930381,35.11924],[126.930432,35.119158],[126.930384,35.119139],[126.930329,35.119214],[126.930381,35.11924]]]]}},{"type":"Feature","id":"1989193612681808867300000000","properties":{"id":"1989193612681808867300000000","pnu":"1221011900105850012"},"geometry":{"type":"MultiPolygon","coordinates":[[[[126.930795,35.127016],[126.930717,35.126992],[126.93067,35.127114],[126.930748,35.127135],[126.930795,35.127016]]]]}},{"type":"Feature","id":"1989193715601802460200000000","properties":{"id":"1989193715601802460200000000","pnu":"1221012600106360152"},"geometry":{"type":"MultiPolygon","coordinates":[[[[126.931939,35.121249],[126.931893,35.12124],[126.931889,35.121247],[126.931871,35.121242],[126.931869,35.121251],[126.931815,35.121239],[126.93179,35.121321],[126.931913,35.121346],[126.931939,35.121249]]]]}},{"type":"Feature","id":"1989193717971802283600000000","properties":{"id":"1989193717971802283600000000","pnu":"1221012600106360154"},"geometry":{"type":"MultiPolygon","coordinates":[[[[126.931939,35.121087],[126.931911,35.121085],[126.931864,35.121098],[126.93184,35.121159],[126.931917,35.121179],[126.931939,35.121087]]]]}},{"type":"Feature","id":"1989193726901802489100000000","properties":{"id":"1989193726901802489100000000","pnu":"1221012600106360153"},"geometry":{"type":"MultiPolygon","coordinates":[[[[126.932049,35.121263],[126.931999,35.121251],[126.931994,35.121263],[126.931977,35.121259],[126.931972,35.121266],[126.931955,35.121262],[126.93193,35.12136],[126.932018,35.121383],[126.932049,35.121263]]]]}},{"type":"Feature","id":"1989193728021802310300000000","properties":{"id":"1989193728021802310300000000","pnu":"1221012600106360155"},"geometry":{"type":"MultiPolygon","coordinates":[[[[126.931943,35.121198],[126.932047,35.121216],[126.932055,35.121186],[126.932042,35.121183],[126.932054,35.121137],[126.932041,35.121133],[126.932048,35.121101],[126.931973,35.121088],[126.931943,35.121198]]]]}},{"type":"Feature","id":"1989193917551809873100000000","properties":{"id":"1989193917551809873100000000","pnu":"1221011900105530004"},"geometry":{"type":"MultiPolygon","coordinates":[[[[126.934149,35.127986],[126.934138,35.127949],[126.934107,35.127954],[126.934102,35.127944],[126.934071,35.127948],[126.934066,35.127943],[126.934013,35.127951],[126.934026,35.128007],[126.934149,35.127986]]]]}},{"type":"Feature","id":"1989193924541809803500000000","properties":{"id":"1989193924541809803500000000","pnu":"1221011900105530004"},"geometry":{"type":"MultiPolygon","coordinates":[[[[126.934147,35.127918],[126.93416,35.127917],[126.934159,35.127901],[126.934147,35.127902],[126.934147,35.127918]]]]}},{"type":"Feature","id":"1989193942521808635900000000","properties":{"id":"1989193942521808635900000000","pnu":"1221011900105600014"},"geometry":{"type":"MultiPolygon","coordinates":[[[[126.934377,35.126894],[126.934403,35.126826],[126.93438,35.126821],[126.934303,35.126846],[126.934295,35.126876],[126.934377,35.126894]]]]}},{"type":"Feature","id":"1989193956911808668400000000","properties":{"id":"1989193956911808668400000000","pnu":"1221011900105600014"},"geometry":{"type":"MultiPolygon","coordinates":[[[[126.934559,35.126927],[126.934575,35.126877],[126.934459,35.126848],[126.934441,35.126894],[126.934559,35.126927]]]]}},{"type":"Feature","id":"1989193976531807477600000000","properties":{"id":"1989193976531807477600000000","pnu":"1221011900104890019"},"geometry":{"type":"MultiPolygon","coordinates":[[[[126.934729,35.125887],[126.93479,35.125834],[126.934764,35.125814],[126.934769,35.125805],[126.934736,35.125778],[126.934743,35.125768],[126.934712,35.125745],[126.934665,35.125782],[126.934729,35.125887]]]]}},{"type":"Feature","id":"1989193983631807506900000000","properties":{"id":"1989193983631807506900000000","pnu":"1221011900104890019"},"geometry":{"type":"MultiPolygon","coordinates":[[[[126.934795,35.125841],[126.934804,35.125846],[126.934811,35.12584],[126.934802,35.125834],[126.934795,35.125841]]]]}},{"type":"Feature","id":"1989193995561801780800000000","properties":{"id":"1989193995561801780800000000","pnu":"1221011900102080003"},"geometry":{"type":"MultiPolygon","coordinates":[[[[126.934927,35.120682],[126.934948,35.120684],[126.934949,35.120675],[126.934929,35.120674],[126.934927,35.120682]]]]}},{"type":"Feature","id":"1989193998031802087100000000","properties":{"id":"1989193998031802087100000000","pnu":"1221011900102080001"},"geometry":{"type":"MultiPolygon","coordinates":[[[[126.934899,35.120904],[126.934889,35.12099],[126.93505,35.120999],[126.935051,35.120966],[126.93504,35.120964],[126.935041,35.120939],[126.935027,35.120939],[126.935028,35.120927],[126.934967,35.12092],[126.934967,35.120903],[126.934899,35.120904]]]]}},{"type":"Feature","id":"1989193999331801963800000000","properties":{"id":"1989193999331801963800000000","pnu":"1221011900102080002"},"geometry":{"type":"MultiPolygon","coordinates":[[[[126.934921,35.120803],[126.934915,35.120873],[126.935052,35.120882],[126.935053,35.120848],[126.935041,35.120848],[126.935042,35.120831],[126.935024,35.120827],[126.935024,35.120816],[126.934983,35.120812],[126.934983,35.1208],[126.934921,35.120803]]]]}},{"type":"Feature","id":"1989194000581801855600000000","properties":{"id":"1989194000581801855600000000","pnu":"1221011900102080003"},"geometry":{"type":"MultiPolygon","coordinates":[[[[126.934937,35.120686],[126.934928,35.120788],[126.935063,35.120794],[126.935066,35.120729],[126.935052,35.120729],[126.935052,35.120718],[126.935003,35.120715],[126.935001,35.120691],[126.934937,35.120686]]]]}},{"type":"Feature","id":"1989194002631801716900000000","properties":{"id":"1989194002631801716900000000","pnu":"1221011900102070000"},"geometry":{"type":"MultiPolygon","coordinates":[[[[126.934989,35.120576],[126.934935,35.120606],[126.934931,35.120665],[126.934974,35.120667],[126.934975,35.120656],[126.935091,35.120661],[126.935097,35.120581],[126.934989,35.120576]]]]}},{"type":"Feature","id":"1989194008781801805200000000","properties":{"id":"1989194008781801805200000000","pnu":"1221011900102080003"},"geometry":{"type":"MultiPolygon","coordinates":[[[[126.935077,35.120705],[126.935088,35.120706],[126.935089,35.120697],[126.935078,35.120696],[126.935077,35.120705]]]]}},{"type":"Feature","id":"1989194009991802224500000000","properties":{"id":"1989194009991802224500000000","pnu":"1221011900102080009"},"geometry":{"type":"MultiPolygon","coordinates":[[[[126.93509,35.121083],[126.935101,35.121083],[126.935102,35.121075],[126.935091,35.121074],[126.93509,35.121083]]]]}},{"type":"Feature","id":"1989194010931802116400000000","properties":{"id":"1989194010931802116400000000","pnu":"1221011900102080008"},"geometry":{"type":"MultiPolygon","coordinates":[[[[126.935101,35.120985],[126.935112,35.120986],[126.935112,35.120978],[126.935101,35.120977],[126.935101,35.120985]]]]}},{"type":"Feature","id":"1989194012821801938400000000","properties":{"id":"1989194012821801938400000000","pnu":"1221011900102080006"},"geometry":{"type":"MultiPolygon","coordinates":[[[[126.935122,35.120825],[126.935132,35.120825],[126.935132,35.120817],[126.935123,35.120817],[126.935122,35.120825]]]]}},{"type":"Feature","id":"1989194012951802003800000000","properties":{"id":"1989194012951802003800000000","pnu":"1221011900102080007"},"geometry":{"type":"MultiPolygon","coordinates":[[[[126.935123,35.120884],[126.935134,35.120885],[126.935135,35.120876],[126.935123,35.120875],[126.935123,35.120884]]]]}},{"type":"Feature","id":"1989194014351801772900000000","properties":{"id":"1989194014351801772900000000","pnu":"1221011900102080005"},"geometry":{"type":"MultiPolygon","coordinates":[[[[126.935139,35.120676],[126.935149,35.120676],[126.93515,35.120668],[126.935139,35.120667],[126.935139,35.120676]]]]}},{"type":"Feature","id":"1989194015531801758700000000","properties":{"id":"1989194015531801758700000000","pnu":"1221011900102080004"},"geometry":{"type":"MultiPolygon","coordinates":[[[[126.935141,35.120654],[126.935141,35.120663],[126.935173,35.120664],[126.935174,35.120655],[126.935141,35.120654]]]]}},{"type":"Feature","id":"1989194018561802299300000000","properties":{"id":"1989194018561802299300000000","pnu":"1221011900102080009"},"geometry":{"type":"MultiPolygon","coordinates":[[[[126.935245,35.121093],[126.935189,35.12109],[126.935188,35.121108],[126.935152,35.121107],[126.935152,35.121124],[126.935118,35.121122],[126.935117,35.121168],[126.935142,35.121188],[126.935251,35.121194],[126.935245,35.121093]]]]}},{"type":"Feature","id":"1989194018601802168100000000","properties":{"id":"1989194018601802168100000000","pnu":"1221011900102080008"},"geometry":{"type":"MultiPolygon","coordinates":[[[[126.935253,35.120988],[126.935192,35.120983],[126.935192,35.120998],[126.935161,35.120997],[126.935161,35.121004],[126.935121,35.121003],[126.93512,35.12106],[126.935248,35.121067],[126.935253,35.120988]]]]}},{"type":"Feature","id":"1989194019171802050600000000","properties":{"id":"1989194019171802050600000000","pnu":"1221011900102080007"},"geometry":{"type":"MultiPolygon","coordinates":[[[[126.935262,35.120883],[126.935203,35.120879],[126.935203,35.120889],[126.935171,35.120888],[126.935171,35.120893],[126.93513,35.120891],[126.935128,35.120956],[126.935255,35.120962],[126.935262,35.120883]]]]}},{"type":"Feature","id":"1989194020831801952000000000","properties":{"id":"1989194020831801952000000000","pnu":"1221011900102080006"},"geometry":{"type":"MultiPolygon","coordinates":[[[[126.935289,35.120793],[126.935231,35.120786],[126.935231,35.120795],[126.935184,35.120791],[126.935184,35.120801],[126.935135,35.120798],[126.935133,35.120869],[126.935289,35.120877],[126.935289,35.120793]]]]}},{"type":"Feature","id":"1989194021661801688000000000","properties":{"id":"1989194021661801688000000000","pnu":"1221011900102080004"},"geometry":{"type":"MultiPolygon","coordinates":[[[[126.935287,35.120636],[126.935289,35.120558],[126.935182,35.120559],[126.935158,35.120565],[126.935156,35.120626],[126.935287,35.120636]]]]}},{"type":"Feature","id":"1989194022071801833600000000","properties":{"id":"1989194022071801833600000000","pnu":"1221011900102080005"},"geometry":{"type":"MultiPolygon","coordinates":[[[[126.9353,35.120679],[126.935253,35.120675],[126.935252,35.12069],[126.935222,35.120688],[126.935222,35.120699],[126.93519,35.120697],[126.93519,35.120702],[126.935152,35.120698],[126.93515,35.12076],[126.935287,35.12077],[126.9353,35.120679]]]]}},{"type":"Feature","id":"1989194034201801144700000000","properties":{"id":"1989194034201801144700000000","pnu":"1221011900202230000"},"geometry":{"type":"MultiPolygon","coordinates":[[[[126.934986,35.12014],[126.935755,35.12016],[126.935758,35.120079],[126.934989,35.120045],[126.934986,35.12014]]]]}},{"type":"Feature","id":"1989194038471800902500000000","properties":{"id":"1989194038471800902500000000","pnu":"1221011900202230000"},"geometry":{"type":"MultiPolygon","coordinates":[[[[126.934973,35.11992],[126.935849,35.119946],[126.935851,35.119858],[126.934981,35.119827],[126.934973,35.11992]]]]}},{"type":"Feature","id":"1989194046911807213000000000","properties":{"id":"1989194046911807213000000000","pnu":"1221011900104880003"},"geometry":{"type":"MultiPolygon","coordinates":[[[[126.935513,35.125514],[126.935472,35.125544],[126.935481,35.125554],[126.935456,35.125572],[126.935461,35.12558],[126.935434,35.125602],[126.935463,35.125633],[126.935562,35.125574],[126.935513,35.125514]]]]}},{"type":"Feature","id":"1989194054271807284500000000","properties":{"id":"1989194054271807284500000000","pnu":"1221011900104880004"},"geometry":{"type":"MultiPolygon","coordinates":[[[[126.935569,35.125579],[126.935496,35.125632],[126.935527,35.125661],[126.935542,35.125655],[126.935554,35.12567],[126.93557,35.125663],[126.935581,35.125675],[126.935599,35.125669],[126.935628,35.125699],[126.935662,35.125677],[126.935569,35.125579]]]]}},{"type":"Feature","id":"1989194070891803140700000000","properties":{"id":"1989194070891803140700000000","pnu":"1221011900102150000"},"geometry":{"type":"MultiPolygon","coordinates":[[[[126.935759,35.121908],[126.935768,35.121909],[126.935768,35.121902],[126.93576,35.121902],[126.935759,35.121908]]]]}},{"type":"Feature","id":"1989194075171803181900000000","properties":{"id":"1989194075171803181900000000","pnu":"1221011900102150000"},"geometry":{"type":"MultiPolygon","coordinates":[[[[126.935726,35.121947],[126.935836,35.121994],[126.93589,35.121921],[126.93584,35.121902],[126.935828,35.121917],[126.935791,35.121903],[126.935777,35.121917],[126.935757,35.121908],[126.935726,35.121947]]]]}},{"type":"Feature","id":"1989194085451803237700000000","properties":{"id":"1989194085451803237700000000","pnu":"1221011900102150003"},"geometry":{"type":"MultiPolygon","coordinates":[[[[126.935848,35.122005],[126.935964,35.122054],[126.935992,35.122004],[126.935971,35.121995],[126.93598,35.121979],[126.935938,35.121964],[126.93595,35.121941],[126.935906,35.121927],[126.935848,35.122005]]]]}},{"type":"Feature","id":"1989194087181803153300000000","properties":{"id":"1989194087181803153300000000","pnu":"1221011900102150003"},"geometry":{"type":"MultiPolygon","coordinates":[[[[126.935934,35.121919],[126.935944,35.121923],[126.93595,35.121914],[126.935941,35.12191],[126.935934,35.121919]]]]}},{"type":"Feature","id":"1989194092951800725800000000","properties":{"id":"1989194092951800725800000000","pnu":"1221011900202230000"},"geometry":{"type":"MultiPolygon","coordinates":[[[[126.93557,35.11976],[126.936441,35.119791],[126.936445,35.119697],[126.935569,35.119667],[126.93557,35.11976]]]]}},{"type":"Feature","id":"1989194102331800475700000000","properties":{"id":"1989194102331800475700000000","pnu":"1221011900202230000"},"geometry":{"type":"MultiPolygon","coordinates":[[[[126.936528,35.119555],[126.93653,35.119468],[126.935686,35.119453],[126.935679,35.119535],[126.936528,35.119555]]]]}},{"type":"Feature","id":"1989194104941800234100000000","properties":{"id":"1989194104941800234100000000","pnu":"1221011900202230000"},"geometry":{"type":"MultiPolygon","coordinates":[[[[126.935815,35.119313],[126.936446,35.11934],[126.936453,35.119253],[126.93582,35.119235],[126.935815,35.119313]]]]}},{"type":"Feature","id":"1989194121611805776500000000","properties":{"id":"1989194121611805776500000000","pnu":"1221011900104500006"},"geometry":{"type":"MultiPolygon","coordinates":[[[[126.936249,35.124233],[126.936269,35.124342],[126.936389,35.124325],[126.936375,35.124237],[126.936348,35.12424],[126.936343,35.124221],[126.936249,35.124233]]]]}},{"type":"Feature","id":"1989194129881802145200000000","properties":{"id":"1989194129881802145200000000","pnu":"1221011900103110000"},"geometry":{"type":"MultiPolygon","coordinates":[[[[126.936329,35.121028],[126.936446,35.121052],[126.93646,35.121018],[126.936472,35.121019],[126.936485,35.120977],[126.936438,35.120966],[126.936426,35.120985],[126.936389,35.120973],[126.936381,35.120984],[126.93636,35.120976],[126.936329,35.121028]]]]}},{"type":"Feature","id":"1989194130621802012600000000","properties":{"id":"1989194130621802012600000000","pnu":"1221011900103180000"},"geometry":{"type":"MultiPolygon","coordinates":[[[[126.936345,35.120899],[126.936383,35.12092],[126.936389,35.120914],[126.936446,35.120946],[126.936465,35.120925],[126.936473,35.12093],[126.936495,35.120896],[126.936435,35.12086],[126.936446,35.120845],[126.936399,35.120826],[126.936345,35.120899]]]]}},{"type":"Feature","id":"1989194140571802066500000000","properties":{"id":"1989194140571802066500000000","pnu":"1221011900103230000"},"geometry":{"type":"MultiPolygon","coordinates":[[[[126.936489,35.120971],[126.936568,35.120985],[126.936574,35.120953],[126.93656,35.120952],[126.936563,35.120919],[126.936549,35.120919],[126.936552,35.120889],[126.936499,35.120887],[126.936489,35.120971]]]]}},{"type":"Feature","id":"1989194170121803053500000000","properties":{"id":"1989194170121803053500000000","pnu":"1221011900104280000"},"geometry":{"type":"MultiPolygon","coordinates":[[[[126.936761,35.121799],[126.936771,35.121857],[126.936828,35.12185],[126.936881,35.121872],[126.93693,35.121865],[126.936927,35.121795],[126.936885,35.121797],[126.936886,35.121786],[126.936825,35.121788],[126.936827,35.121796],[126.936761,35.121799]]]]}},{"type":"Feature","id":"1989194171421802328300000000","properties":{"id":"1989194171421802328300000000","pnu":"1221011900103350000"},"geometry":{"type":"MultiPolygon","coordinates":[[[[126.936824,35.121218],[126.936849,35.12122],[126.936848,35.121233],[126.936901,35.121235],[126.936904,35.1212],[126.936897,35.1212],[126.936903,35.121149],[126.936895,35.121149],[126.936898,35.12111],[126.936843,35.121108],[126.936824,35.121218]]]]}},{"type":"Feature","id":"1989194180831802895200000000","properties":{"id":"1989194180831802895200000000","pnu":"1221011900104270001"},"geometry":{"type":"MultiPolygon","coordinates":[[[[126.936897,35.121714],[126.937048,35.121717],[126.937049,35.12166],[126.936959,35.121659],[126.936958,35.121645],[126.936902,35.121644],[126.936897,35.121714]]]]}},{"type":"Feature","id":"1989194181591802349300000000","properties":{"id":"1989194181591802349300000000","pnu":"1221011900103360000"},"geometry":{"type":"MultiPolygon","coordinates":[[[[126.936924,35.121232],[126.937032,35.121236],[126.937036,35.121164],[126.936981,35.121162],[126.936983,35.121141],[126.936936,35.121138],[126.936924,35.121232]]]]}},{"type":"Feature","id":"1989194243681803236900000000","properties":{"id":"1989194243681803236900000000","pnu":"1221011900104140000"},"geometry":{"type":"MultiPolygon","coordinates":[[[[126.93759,35.122041],[126.937681,35.122063],[126.937718,35.121931],[126.937651,35.121917],[126.937622,35.122],[126.937602,35.121997],[126.93759,35.122041]]]]}},{"type":"Feature","id":"1989194276991802368400000000","properties":{"id":"1989194276991802368400000000","pnu":"1221011900103640000"},"geometry":{"type":"MultiPolygon","coordinates":[[[[126.938014,35.121156],[126.937974,35.121256],[126.937995,35.121263],[126.93801,35.121234],[126.938063,35.121241],[126.938076,35.1212],[126.938045,35.121192],[126.938051,35.12117],[126.938014,35.121156]]]]}},{"type":"Feature","id":"1989194277951802272600000000","properties":{"id":"1989194277951802272600000000","pnu":"1221011900103640000"},"geometry":{"type":"MultiPolygon","coordinates":[[[[126.937989,35.121132],[126.938073,35.121149],[126.938085,35.121117],[126.937996,35.121098],[126.937989,35.121132]]]]}},{"type":"Feature","id":"1990193559311798912200000000","properties":{"id":"1990193559311798912200000000","pnu":"1221012600101850000"},"geometry":{"type":"MultiPolygon","coordinates":[[[[126.930192,35.118167],[126.930224,35.11803],[126.930114,35.118013],[126.930089,35.118155],[126.930192,35.118167]]]]}},{"type":"Feature","id":"1990193567951800246700000000","properties":{"id":"1990193567951800246700000000","pnu":"1221012600102230000"},"geometry":{"type":"MultiPolygon","coordinates":[[[[126.930318,35.119267],[126.930227,35.119231],[126.930178,35.119317],[126.930268,35.119357],[126.930318,35.119267]]]]}},{"type":"Feature","id":"1990193606791809011800000000","properties":{"id":"1990193606791809011800000000","pnu":"1221011900105850011"},"geometry":{"type":"MultiPolygon","coordinates":[[[[126.93073,35.127151],[126.930647,35.127125],[126.930605,35.127239],[126.930688,35.127262],[126.93073,35.127151]]]]}},{"type":"Feature","id":"1990193626801805108800000000","properties":{"id":"1990193626801805108800000000","pnu":"1221012600102870013"},"geometry":{"type":"MultiPolygon","coordinates":[[[[126.930942,35.123709],[126.930936,35.123636],[126.930886,35.123636],[126.930885,35.123645],[126.930849,35.123644],[126.930829,35.123712],[126.930942,35.123709]]]]}},{"type":"Feature","id":"1990193638191801251900000000","properties":{"id":"1990193638191801251900000000","pnu":"1221012600102450000"},"geometry":{"type":"MultiPolygon","coordinates":[[[[126.931029,35.120249],[126.93107,35.120192],[126.931062,35.120179],[126.931009,35.120153],[126.930974,35.120188],[126.930982,35.120195],[126.930965,35.120216],[126.931029,35.120249]]]]}},{"type":"Feature","id":"1990193695061807882400000000","properties":{"id":"1990193695061807882400000000","pnu":"1221011900105990000"},"geometry":{"type":"MultiPolygon","coordinates":[[[[126.931686,35.126179],[126.931715,35.126097],[126.931621,35.126078],[126.931594,35.126157],[126.931559,35.126252],[126.931642,35.126277],[126.931652,35.126274],[126.931686,35.126179]]]]}},{"type":"Feature","id":"1990193699481809178600000000","properties":{"id":"1990193699481809178600000000","pnu":"1221011900105400008"},"geometry":{"type":"MultiPolygon","coordinates":[[[[126.931743,35.127303],[126.931674,35.127281],[126.931628,35.127387],[126.931692,35.127411],[126.931743,35.127303]]]]}},{"type":"Feature","id":"1990193726561808298800000000","properties":{"id":"1990193726561808298800000000","pnu":"1221011900105660027"},"geometry":{"type":"MultiPolygon","coordinates":[[[[126.932094,35.126462],[126.931991,35.126436],[126.931976,35.126475],[126.931951,35.126469],[126.931926,35.126535],[126.931897,35.126528],[126.931862,35.12662],[126.931892,35.126628],[126.931889,35.126635],[126.931974,35.126657],[126.93203,35.126633],[126.932094,35.126462]]]]}},{"type":"Feature","id":"1990193728291809879600000000","properties":{"id":"1990193728291809879600000000","pnu":"1221011900105320089"},"geometry":{"type":"MultiPolygon","coordinates":[[[[126.932064,35.128031],[126.932088,35.127969],[126.931938,35.127923],[126.931911,35.127985],[126.932064,35.128031]]]]}},{"type":"Feature","id":"1990193765401809851700000000","properties":{"id":"1990193765401809851700000000","pnu":"1221011900105320112"},"geometry":{"type":"MultiPolygon","coordinates":[[[[126.932399,35.127956],[126.93241,35.12796],[126.932415,35.127948],[126.932404,35.127945],[126.932399,35.127956]]]]}},{"type":"Feature","id":"1990193778471806618500000000","properties":{"id":"1990193778471806618500000000","pnu":"1221011900106040023"},"geometry":{"type":"MultiPolygon","coordinates":[[[[126.932537,35.125],[126.932533,35.125008],[126.93251,35.125002],[126.93249,35.125069],[126.93258,35.125089],[126.932613,35.125],[126.932615,35.124995],[126.932576,35.124986],[126.932572,35.125001],[126.932571,35.125005],[126.932544,35.125001],[126.932538,35.124997],[126.932537,35.125]]]]}},{"type":"Feature","id":"1990193790671805221700000000","properties":{"id":"1990193790671805221700000000","pnu":"1221011900106520012"},"geometry":{"type":"MultiPolygon","coordinates":[[[[126.932731,35.12384],[126.932761,35.123752],[126.932685,35.123732],[126.932685,35.123726],[126.932644,35.123718],[126.932616,35.123808],[126.932731,35.12384]]]]}},{"type":"Feature","id":"1990193830231804565500000000","properties":{"id":"1990193830231804565500000000","pnu":"1221011900106450008"},"geometry":{"type":"MultiPolygon","coordinates":[[[[126.933176,35.123242],[126.933188,35.123203],[126.933168,35.123196],[126.933171,35.123174],[126.933141,35.123166],[126.933148,35.123136],[126.933093,35.123122],[126.933059,35.123217],[126.933176,35.123242]]]]}},{"type":"Feature","id":"1990193860881804358400000000","properties":{"id":"1990193860881804358400000000","pnu":"1221011900106440013"},"geometry":{"type":"MultiPolygon","coordinates":[[[[126.933508,35.123051],[126.93354,35.122976],[126.93349,35.122963],[126.933483,35.122974],[126.933423,35.122961],[126.933416,35.122977],[126.933397,35.122973],[126.933393,35.122982],[126.933376,35.122978],[126.933365,35.12301],[126.933508,35.123051]]]]}},{"type":"Feature","id":"1990193908381803815500000000","properties":{"id":"1990193908381803815500000000","pnu":"1221011900106770000"},"geometry":{"type":"MultiPolygon","coordinates":[[[[126.934167,35.122707],[126.933905,35.122276],[126.933795,35.12232],[126.934054,35.122746],[126.934167,35.122707]]]]}},{"type":"Feature","id":"1990193929841805397500000000","properties":{"id":"1990193929841805397500000000","pnu":"1221011900106420003"},"geometry":{"type":"MultiPolygon","coordinates":[[[[126.934249,35.124015],[126.934236,35.123867],[126.934179,35.12387],[126.934192,35.124003],[126.934249,35.124015]]]]}},{"type":"Feature","id":"1990193949451803884700000000","properties":{"id":"1990193949451803884700000000","pnu":"1221011900106400002"},"geometry":{"type":"MultiPolygon","coordinates":[[[[126.934505,35.122553],[126.934472,35.122537],[126.934454,35.122549],[126.93442,35.122536],[126.934412,35.122542],[126.9344,35.122537],[126.934359,35.122583],[126.934437,35.122626],[126.934505,35.122553]]]]}},{"type":"Feature","id":"1990194055561801822300000000","properties":{"id":"1990194055561801822300000000","pnu":"1221011900102520000"},"geometry":{"type":"MultiPolygon","coordinates":[[[[126.935524,35.120739],[126.935639,35.12076],[126.935661,35.120684],[126.935627,35.120673],[126.935618,35.120688],[126.935579,35.120678],[126.935573,35.120691],[126.935543,35.120686],[126.935524,35.120739]]]]}},{"type":"Feature","id":"1990194109541801982000000000","properties":{"id":"1990194109541801982000000000","pnu":"1221011900103160000"},"geometry":{"type":"MultiPolygon","coordinates":[[[[126.936106,35.120874],[126.936257,35.120921],[126.936281,35.120873],[126.936233,35.120861],[126.936239,35.120848],[126.936202,35.120838],[126.936209,35.120812],[126.93614,35.120797],[126.936106,35.120874]]]]}},{"type":"Feature","id":"1990194110751805792000000000","properties":{"id":"1990194110751805792000000000","pnu":"1221011900104500001"},"geometry":{"type":"MultiPolygon","coordinates":[[[[126.936249,35.124233],[126.936129,35.124247],[126.936149,35.124359],[126.936269,35.124342],[126.936249,35.124233]]]]}},{"type":"Feature","id":"1990194120671802114900000000","properties":{"id":"1990194120671802114900000000","pnu":"1221011900103120000"},"geometry":{"type":"MultiPolygon","coordinates":[[[[126.936254,35.121012],[126.936336,35.121011],[126.936349,35.120946],[126.936313,35.120939],[126.936254,35.121012]]]]}},{"type":"Feature","id":"1990194209641802348100000000","properties":{"id":"1990194209641802348100000000","pnu":"1221011900103450000"},"geometry":{"type":"MultiPolygon","coordinates":[[[[126.937242,35.121241],[126.937371,35.12119],[126.937345,35.121155],[126.937318,35.121166],[126.937306,35.121154],[126.937269,35.121165],[126.93726,35.121154],[126.93722,35.121174],[126.937234,35.121202],[126.937222,35.121212],[126.937242,35.121241]]]]}},{"type":"Feature","id":"1990194211661802456800000000","properties":{"id":"1990194211661802456800000000","pnu":"1221011900103460000"},"geometry":{"type":"MultiPolygon","coordinates":[[[[126.937252,35.121258],[126.937265,35.121291],[126.937276,35.121289],[126.937299,35.121337],[126.937314,35.121332],[126.937321,35.121344],[126.937361,35.121332],[126.937318,35.121234],[126.937252,35.121258]]]]}},{"type":"Feature","id":"1990194214361803009500000000","properties":{"id":"1990194214361803009500000000","pnu":"1221011900104240000"},"geometry":{"type":"MultiPolygon","coordinates":[[[[126.93729,35.121842],[126.937427,35.121796],[126.937399,35.121737],[126.937322,35.121767],[126.93731,35.121747],[126.937252,35.121769],[126.93729,35.121842]]]]}},{"type":"Feature","id":"1990194294741802759500000000","properties":{"id":"1990194294741802759500000000","pnu":"1221011900104040000"},"geometry":{"type":"MultiPolygon","coordinates":[[[[126.938166,35.121607],[126.938291,35.121583],[126.938274,35.121514],[126.938236,35.121519],[126.938236,35.121528],[126.938186,35.121534],[126.938185,35.121544],[126.938138,35.121553],[126.938166,35.121607]]]]}},{"type":"Feature","id":"1991193611171798923700000000","properties":{"id":"1991193611171798923700000000","pnu":"1221012600101470001"},"geometry":{"type":"MultiPolygon","coordinates":[[[[126.930761,35.118253],[126.93083,35.118222],[126.930693,35.117957],[126.930614,35.117976],[126.930761,35.118253]]]]}},{"type":"Feature","id":"1991193710551807404100000000","properties":{"id":"1991193710551807404100000000","pnu":"1221011900106010002"},"geometry":{"type":"MultiPolygon","coordinates":[[[[126.93186,35.125798],[126.931875,35.125753],[126.931834,35.125742],[126.931845,35.125708],[126.931772,35.12569],[126.931741,35.125766],[126.93186,35.125798]]]]}},{"type":"Feature","id":"1991193715991808096400000000","properties":{"id":"1991193715991808096400000000","pnu":"1221011900106020005"},"geometry":{"type":"MultiPolygon","coordinates":[[[[126.931923,35.126438],[126.931956,35.126399],[126.931914,35.126377],[126.931923,35.126363],[126.931882,35.12634],[126.931884,35.126335],[126.931828,35.126303],[126.931775,35.126356],[126.931923,35.126438]]]]}},{"type":"Feature","id":"1991193725491809536600000000","properties":{"id":"1991193725491809536600000000","pnu":"1221011900105320095"},"geometry":{"type":"MultiPolygon","coordinates":[[[[126.93202,35.127716],[126.932045,35.127658],[126.93192,35.127618],[126.931895,35.12768],[126.93202,35.127716]]]]}},{"type":"Feature","id":"1991193750241799421000000000","properties":{"id":"1991193750241799421000000000","pnu":"1221012600101770000"},"geometry":{"type":"MultiPolygon","coordinates":[[[[126.932371,35.11846],[126.932266,35.118413],[126.932146,35.118592],[126.932197,35.118709],[126.932209,35.118714],[126.932371,35.11846]]]]}},{"type":"Feature","id":"1991193751861806086400000000","properties":{"id":"1991193751861806086400000000","pnu":"1221011900106560005"},"geometry":{"type":"MultiPolygon","coordinates":[[[[126.932307,35.124617],[126.932331,35.124526],[126.932223,35.124496],[126.932189,35.124592],[126.932307,35.124617]]]]}},{"type":"Feature","id":"1991193761561809607400000000","properties":{"id":"1991193761561809607400000000","pnu":"1221011900105320088"},"geometry":{"type":"MultiPolygon","coordinates":[[[[126.932426,35.127677],[126.932349,35.127659],[126.932309,35.127754],[126.932322,35.127767],[126.932337,35.127805],[126.932376,35.127814],[126.932426,35.127677]]]]}},{"type":"Feature","id":"1991193777031798837000000000","properties":{"id":"1991193777031798837000000000","pnu":"1221012600101770000"},"geometry":{"type":"MultiPolygon","coordinates":[[[[126.932244,35.118324],[126.932355,35.118385],[126.932841,35.117736],[126.932716,35.117673],[126.932244,35.118324]]]]}},{"type":"Feature","id":"1991193813191804375600000000","properties":{"id":"1991193813191804375600000000","pnu":"1221011900106500007"},"geometry":{"type":"MultiPolygon","coordinates":[[[[126.932991,35.123061],[126.932989,35.122967],[126.932912,35.122966],[126.932912,35.122982],[126.932875,35.122981],[126.93288,35.123064],[126.932991,35.123061]]]]}},{"type":"Feature","id":"1991193814971805338500000000","properties":{"id":"1991193814971805338500000000","pnu":"1221011900106520014"},"geometry":{"type":"MultiPolygon","coordinates":[[[[126.933027,35.12381],[126.93293,35.123791],[126.932874,35.123921],[126.932881,35.123953],[126.932981,35.123981],[126.933027,35.12386],[126.933027,35.12381]]]]}},{"type":"Feature","id":"1991193833471800876000000000","properties":{"id":"1991193833471800876000000000","pnu":"1221012600102670002"},"geometry":{"type":"MultiPolygon","coordinates":[[[[126.933187,35.119931],[126.933202,35.119802],[126.933133,35.119794],[126.933121,35.119927],[126.933187,35.119931]]]]}},{"type":"Feature","id":"1991193852601803801100000000","properties":{"id":"1991193852601803801100000000","pnu":"1221011900106720004"},"geometry":{"type":"MultiPolygon","coordinates":[[[[126.933458,35.122493],[126.933389,35.122489],[126.93339,35.122469],[126.933355,35.122464],[126.933356,35.122455],[126.933304,35.12245],[126.933302,35.122522],[126.933438,35.12254],[126.933458,35.122493]]]]}},{"type":"Feature","id":"1991193868001802326300000000","properties":{"id":"1991193868001802326300000000","pnu":"1221011900106870007"},"geometry":{"type":"MultiPolygon","coordinates":[[[[126.933586,35.121227],[126.933615,35.121141],[126.933489,35.121113],[126.933463,35.121199],[126.933586,35.121227]]]]}},{"type":"Feature","id":"1991193908741804939700000000","properties":{"id":"1991193908741804939700000000","pnu":"1221011900106420015"},"geometry":{"type":"MultiPolygon","coordinates":[[[[126.934043,35.123564],[126.934042,35.123505],[126.934029,35.123497],[126.933988,35.123496],[126.933987,35.12348],[126.933931,35.123477],[126.933934,35.123566],[126.934043,35.123564]]]]}},{"type":"Feature","id":"1991193915011804616500000000","properties":{"id":"1991193915011804616500000000","pnu":"1221011900106420019"},"geometry":{"type":"MultiPolygon","coordinates":[[[[126.934129,35.123277],[126.934147,35.123213],[126.934091,35.123202],[126.93409,35.123207],[126.934054,35.123201],[126.934051,35.123209],[126.934009,35.123203],[126.934007,35.123208],[126.933958,35.123202],[126.933945,35.123246],[126.934129,35.123277]]]]}},{"type":"Feature","id":"1991193939421803772100000000","properties":{"id":"1991193939421803772100000000","pnu":"1221011900106780006"},"geometry":{"type":"MultiPolygon","coordinates":[[[[126.934296,35.122529],[126.934366,35.122505],[126.934362,35.122491],[126.934378,35.122481],[126.934347,35.122415],[126.934295,35.122435],[126.9343,35.122443],[126.934258,35.122459],[126.934296,35.122529]]]]}},{"type":"Feature","id":"1991193965761801881800000000","properties":{"id":"1991193965761801881800000000","pnu":"1221011900106830010"},"geometry":{"type":"MultiPolygon","coordinates":[[[[126.934647,35.120809],[126.934666,35.120719],[126.93465,35.120717],[126.934547,35.120771],[126.934546,35.1208],[126.934647,35.120809]]]]}},{"type":"Feature","id":"1991194001951807900000000000","properties":{"id":"1991194001951807900000000000","pnu":"1221011900105100007"},"geometry":{"type":"MultiPolygon","coordinates":[[[[126.935016,35.126231],[126.935052,35.126192],[126.934992,35.126157],[126.934956,35.126198],[126.935016,35.126231]]]]}},{"type":"Feature","id":"1991194001971807943400000000","properties":{"id":"1991194001971807943400000000","pnu":"1221011900105100007"},"geometry":{"type":"MultiPolygon","coordinates":[[[[126.934993,35.126233],[126.93501,35.126242],[126.935015,35.126235],[126.934999,35.126225],[126.934993,35.126233]]]]}},{"type":"Feature","id":"1991194018711801422200000000","properties":{"id":"1991194018711801422200000000","pnu":"1221011900102060000"},"geometry":{"type":"MultiPolygon","coordinates":[[[[126.934985,35.120444],[126.935109,35.120433],[126.93511,35.120409],[126.935414,35.120384],[126.935404,35.120279],[126.935091,35.120303],[126.935092,35.120327],[126.934973,35.120339],[126.934985,35.120444]]]]}},{"type":"Feature","id":"1991194064711801927000000000","properties":{"id":"1991194064711801927000000000","pnu":"1221011900102510000"},"geometry":{"type":"MultiPolygon","coordinates":[[[[126.935649,35.12085],[126.93573,35.120863],[126.935736,35.120834],[126.935724,35.120831],[126.935735,35.120783],[126.93572,35.120781],[126.935722,35.120756],[126.935682,35.120751],[126.935649,35.12085]]]]}},{"type":"Feature","id":"1991194077861802586100000000","properties":{"id":"1991194077861802586100000000","pnu":"1221011900102870001"},"geometry":{"type":"MultiPolygon","coordinates":[[[[126.935783,35.121432],[126.93587,35.121452],[126.93589,35.121396],[126.93588,35.121394],[126.935885,35.12138],[126.935875,35.121379],[126.93588,35.121367],[126.935819,35.121357],[126.935783,35.121432]]]]}},{"type":"Feature","id":"1991194079471801862000000000","properties":{"id":"1991194079471801862000000000","pnu":"1221011900102780000"},"geometry":{"type":"MultiPolygon","coordinates":[[[[126.935816,35.120778],[126.935872,35.120794],[126.9359,35.120726],[126.935846,35.120711],[126.935816,35.120778]]]]}},{"type":"Feature","id":"1991194087121801862100000000","properties":{"id":"1991194087121801862100000000","pnu":"1221011900102780000"},"geometry":{"type":"MultiPolygon","coordinates":[[[[126.935892,35.120788],[126.935959,35.120806],[126.935996,35.120727],[126.935914,35.120698],[126.9359,35.120727],[126.935922,35.120735],[126.935892,35.120788]]]]}},{"type":"Feature","id":"1991194087181802649600000000","properties":{"id":"1991194087181802649600000000","pnu":"1221011900102870000"},"geometry":{"type":"MultiPolygon","coordinates":[[[[126.935877,35.121495],[126.935997,35.121512],[126.936007,35.121453],[126.935991,35.121449],[126.935995,35.121434],[126.935953,35.121429],[126.935957,35.121412],[126.935906,35.121403],[126.935877,35.121495]]]]}},{"type":"Feature","id":"1991194188981802639100000000","properties":{"id":"1991194188981802639100000000","pnu":"1221011900103540000"},"geometry":{"type":"MultiPolygon","coordinates":[[[[126.936987,35.121485],[126.937097,35.121482],[126.937097,35.121473],[126.937139,35.12147],[126.937136,35.121423],[126.936985,35.12143],[126.936987,35.121485]]]]}},{"type":"Feature","id":"1991194205291802234200000000","properties":{"id":"1991194205291802234200000000","pnu":"1221011900103410000"},"geometry":{"type":"MultiPolygon","coordinates":[[[[126.937185,35.121116],[126.937272,35.121135],[126.937287,35.121077],[126.937276,35.121074],[126.93728,35.121064],[126.937257,35.12106],[126.937262,35.121045],[126.937217,35.121039],[126.937185,35.121116]]]]}},{"type":"Feature","id":"1991194238221802969800000000","properties":{"id":"1991194238221802969800000000","pnu":"1221011900104210000"},"geometry":{"type":"MultiPolygon","coordinates":[[[[126.937533,35.121801],[126.93768,35.121773],[126.937656,35.1217],[126.937596,35.12171],[126.937599,35.121719],[126.93752,35.121734],[126.937533,35.121801]]]]}},{"type":"Feature","id":"1992193507141807314000000000","properties":{"id":"1992193507141807314000000000","pnu":"1221012600102970017"},"geometry":{"type":"MultiPolygon","coordinates":[[[[126.929641,35.125762],[126.929642,35.125557],[126.929555,35.125555],[126.929556,35.125562],[126.929511,35.125562],[126.929507,35.125759],[126.929548,35.12576],[126.929548,35.125777],[126.929598,35.125779],[126.929601,35.125762],[126.929641,35.125762]]]]}},{"type":"Feature","id":"1992193592241807529500000000","properties":{"id":"1992193592241807529500000000","pnu":"1221012600102970000"},"geometry":{"type":"MultiPolygon","coordinates":[[[[126.930537,35.126036],[126.930648,35.12568],[126.930428,35.125747],[126.930404,35.12576],[126.930399,35.125788],[126.930445,35.125803],[126.930384,35.126],[126.930537,35.126036]]]]}},{"type":"Feature","id":"1992193624681807688300000000","properties":{"id":"1992193624681807688300000000","pnu":"1221012600102970000"},"geometry":{"type":"MultiPolygon","coordinates":[[[[126.93088,35.126034],[126.930891,35.125972],[126.930849,35.125968],[126.93084,35.126033],[126.93088,35.126034]]]]}},{"type":"Feature","id":"1992193655561807018100000000","properties":{"id":"1992193655561807018100000000","pnu":"1221012600102970006"},"geometry":{"type":"MultiPolygon","coordinates":[[[[126.93104,35.125456],[126.931257,35.125527],[126.931334,35.125372],[126.931374,35.12527],[126.931325,35.125258],[126.931288,35.125343],[126.931121,35.125287],[126.93104,35.125456]]]]}},{"type":"Feature","id":"1992193679971800527900000000","properties":{"id":"1992193679971800527900000000","pnu":"1221012600102620007"},"geometry":{"type":"MultiPolygon","coordinates":[[[[126.931494,35.11964],[126.931532,35.119607],[126.931541,35.119534],[126.931492,35.11947],[126.931384,35.119513],[126.931494,35.11964]]]]}},{"type":"Feature","id":"1992193681751805895800000000","properties":{"id":"1992193681751805895800000000","pnu":"1221012600102850015"},"geometry":{"type":"MultiPolygon","coordinates":[[[[126.931557,35.124357],[126.93147,35.124333],[126.931433,35.124419],[126.931507,35.124439],[126.931557,35.124357]]]]}},{"type":"Feature","id":"1992193745181804240600000000","properties":{"id":"1992193745181804240600000000","pnu":"1221012600102800001"},"geometry":{"type":"MultiPolygon","coordinates":[[[[126.932271,35.123063],[126.932349,35.122829],[126.932164,35.122781],[126.93219,35.122694],[126.932117,35.122681],[126.932067,35.122808],[126.932114,35.122821],[126.932048,35.123011],[126.932271,35.123063]]]]}},{"type":"Feature","id":"1992193790661808847600000000","properties":{"id":"1992193790661808847600000000","pnu":"1221011900105700017"},"geometry":{"type":"MultiPolygon","coordinates":[[[[126.932744,35.127031],[126.932695,35.127014],[126.932628,35.127034],[126.932618,35.127057],[126.932717,35.127084],[126.932744,35.127031]]]]}},{"type":"Feature","id":"1992193791671801715700000000","properties":{"id":"1992193791671801715700000000","pnu":"1221012600106360087"},"geometry":{"type":"MultiPolygon","coordinates":[[[[126.932782,35.120584],[126.932647,35.120552],[126.932623,35.120659],[126.932758,35.120682],[126.932782,35.120584]]]]}},{"type":"Feature","id":"1992193839931803149900000000","properties":{"id":"1992193839931803149900000000","pnu":"1221011900106750001"},"geometry":{"type":"MultiPolygon","coordinates":[[[[126.933302,35.121875],[126.933263,35.121844],[126.933218,35.121823],[126.933157,35.121994],[126.933178,35.121996],[126.933267,35.121955],[126.933302,35.121875]]]]}},{"type":"Feature","id":"1992193879101804795200000000","properties":{"id":"1992193879101804795200000000","pnu":"1221011900106440002"},"geometry":{"type":"MultiPolygon","coordinates":[[[[126.933719,35.123446],[126.93373,35.123397],[126.933713,35.123396],[126.933715,35.123385],[126.933657,35.123363],[126.93366,35.123348],[126.933615,35.123336],[126.93359,35.123412],[126.933719,35.123446]]]]}},{"type":"Feature","id":"1992193906341809010400000000","properties":{"id":"1992193906341809010400000000","pnu":"1221011900105640009"},"geometry":{"type":"MultiPolygon","coordinates":[[[[126.933982,35.127221],[126.933994,35.127183],[126.93393,35.127167],[126.933912,35.127208],[126.933982,35.127221]]]]}},{"type":"Feature","id":"1992193910911804717800000000","properties":{"id":"1992193910911804717800000000","pnu":"1221011900106420014"},"geometry":{"type":"MultiPolygon","coordinates":[[[[126.934057,35.12328],[126.933997,35.123274],[126.933997,35.123283],[126.933946,35.123276],[126.93394,35.123311],[126.933966,35.123316],[126.933965,35.123352],[126.933981,35.123358],[126.933981,35.123377],[126.934039,35.12339],[126.934051,35.123382],[126.934057,35.12328]]]]}},{"type":"Feature","id":"1992193917441809746700000000","properties":{"id":"1992193917441809746700000000","pnu":"1221011900105530002"},"geometry":{"type":"MultiPolygon","coordinates":[[[[126.934021,35.127913],[126.934166,35.127875],[126.93414,35.127812],[126.934081,35.127827],[126.934074,35.127817],[126.934047,35.127824],[126.934041,35.127818],[126.933992,35.127833],[126.934021,35.127913]]]]}},{"type":"Feature","id":"1992194035151805985000000000","properties":{"id":"1992194035151805985000000000","pnu":"1221011900104470004"},"geometry":{"type":"MultiPolygon","coordinates":[[[[126.93534,35.124544],[126.935437,35.124518],[126.935427,35.124425],[126.935308,35.124395],[126.935302,35.124401],[126.935312,35.124463],[126.93534,35.124544]]]]}},{"type":"Feature","id":"1992194199991803291300000000","properties":{"id":"1992194199991803291300000000","pnu":"1221011900104230000"},"geometry":{"type":"MultiPolygon","coordinates":[[[[126.937098,35.122037],[126.937132,35.122104],[126.93725,35.122054],[126.937238,35.122025],[126.937251,35.12202],[126.937227,35.121976],[126.937171,35.121998],[126.937176,35.122013],[126.937098,35.122037]]]]}},{"type":"Feature","id":"1993193619631807401500000000","properties":{"id":"1993193619631807401500000000","pnu":"1221012600102970009"},"geometry":{"type":"MultiPolygon","coordinates":[[[[126.930904,35.125671],[126.930775,35.125642],[126.930715,35.125816],[126.930846,35.125843],[126.930904,35.125671]]]]}},{"type":"Feature","id":"1993193637271806020700000000","properties":{"id":"1993193637271806020700000000","pnu":"1221012600102880016"},"geometry":{"type":"MultiPolygon","coordinates":[[[[126.931063,35.124539],[126.931076,35.124499],[126.931061,35.124493],[126.931062,35.124483],[126.930949,35.124458],[126.930931,35.124508],[126.931063,35.124539]]]]}},{"type":"Feature","id":"1993193638911807450700000000","properties":{"id":"1993193638911807450700000000","pnu":"1221012600102970009"},"geometry":{"type":"MultiPolygon","coordinates":[[[[126.931083,35.125841],[126.931112,35.125773],[126.930955,35.125733],[126.930935,35.125804],[126.931083,35.125841]]]]}},{"type":"Feature","id":"1993193669911800375300000000","properties":{"id":"1993193669911800375300000000","pnu":"1221012600102620001"},"geometry":{"type":"MultiPolygon","coordinates":[[[[126.931375,35.119508],[126.931448,35.119475],[126.931389,35.119356],[126.931376,35.119359],[126.931346,35.119316],[126.931282,35.119335],[126.931375,35.119508]]]]}},{"type":"Feature","id":"1993193708331805848400000000","properties":{"id":"1993193708331805848400000000","pnu":"1221011900106590005"},"geometry":{"type":"MultiPolygon","coordinates":[[[[126.93188,35.124178],[126.93186,35.124176],[126.93178,35.124237],[126.931692,35.124475],[126.93177,35.124497],[126.93188,35.124178]]]]}},{"type":"Feature","id":"1993193714431800265200000000","properties":{"id":"1993193714431800265200000000","pnu":"1221012600102630000"},"geometry":{"type":"MultiPolygon","coordinates":[[[[126.931927,35.119299],[126.931791,35.119254],[126.931787,35.11927],[126.931808,35.119321],[126.931845,35.119353],[126.931886,35.119373],[126.931927,35.119299]]]]}},{"type":"Feature","id":"1993193715881800171700000000","properties":{"id":"1993193715881800171700000000","pnu":"1221012600102630007"},"geometry":{"type":"MultiPolygon","coordinates":[[[[126.93193,35.119283],[126.931961,35.119226],[126.93179,35.119168],[126.931777,35.119198],[126.931819,35.119215],[126.931808,35.119243],[126.93193,35.119283]]]]}},{"type":"Feature","id":"1993193721141805340700000000","properties":{"id":"1993193721141805340700000000","pnu":"1221012600102830003"},"geometry":{"type":"MultiPolygon","coordinates":[[[[126.931965,35.123959],[126.932003,35.123838],[126.931885,35.123813],[126.931847,35.123934],[126.931965,35.123959]]]]}},{"type":"Feature","id":"1993193721881805139200000000","properties":{"id":"1993193721881805139200000000","pnu":"1221012600102830007"},"geometry":{"type":"MultiPolygon","coordinates":[[[[126.93203,35.123681],[126.931858,35.123649],[126.931842,35.123731],[126.932004,35.123759],[126.93203,35.123681]]]]}},{"type":"Feature","id":"1993193726191805032900000000","properties":{"id":"1993193726191805032900000000","pnu":"1221012600102820002"},"geometry":{"type":"MultiPolygon","coordinates":[[[[126.93203,35.123663],[126.932032,35.123573],[126.931944,35.123553],[126.931918,35.123638],[126.93203,35.123663]]]]}},{"type":"Feature","id":"1993193776631805203300000000","properties":{"id":"1993193776631805203300000000","pnu":"1221011900106520000"},"geometry":{"type":"MultiPolygon","coordinates":[[[[126.932603,35.123713],[126.932501,35.123689],[126.932464,35.123813],[126.932568,35.123834],[126.932603,35.123713]]]]}},{"type":"Feature","id":"1993193844481809046600000000","properties":{"id":"1993193844481809046600000000","pnu":"1221011900105690005"},"geometry":{"type":"MultiPolygon","coordinates":[[[[126.933222,35.127255],[126.933333,35.127246],[126.933327,35.1272],[126.93322,35.127207],[126.933222,35.127255]]]]}},{"type":"Feature","id":"1993193857491809450200000000","properties":{"id":"1993193857491809450200000000","pnu":"1221011900105400034"},"geometry":{"type":"MultiPolygon","coordinates":[[[[126.93349,35.127586],[126.933367,35.127546],[126.933347,35.127599],[126.933469,35.127634],[126.93349,35.127586]]]]}},{"type":"Feature","id":"1993193926861803481000000000","properties":{"id":"1993193926861803481000000000","pnu":"1221011900106780019"},"geometry":{"type":"MultiPolygon","coordinates":[[[[126.934143,35.122253],[126.934239,35.122223],[126.93421,35.122166],[126.934165,35.122178],[126.93417,35.122193],[126.934135,35.122204],[126.93414,35.12222],[126.934129,35.122225],[126.934143,35.122253]]]]}},{"type":"Feature","id":"1993193936841802771900000000","properties":{"id":"1993193936841802771900000000","pnu":"1221011900106810001"},"geometry":{"type":"MultiPolygon","coordinates":[[[[126.934347,35.121618],[126.934379,35.12157],[126.93438,35.12154],[126.934289,35.121539],[126.934288,35.121526],[126.934203,35.121528],[126.934202,35.121567],[126.934242,35.121568],[126.934244,35.121623],[126.934347,35.121618]]]]}},{"type":"Feature","id":"1993193969601805153000000000","properties":{"id":"1993193969601805153000000000","pnu":"1221011900106350002"},"geometry":{"type":"MultiPolygon","coordinates":[[[[126.934586,35.123763],[126.934726,35.123747],[126.934711,35.123674],[126.934588,35.123686],[126.934588,35.123698],[126.934579,35.123698],[126.934586,35.123763]]]]}},{"type":"Feature","id":"1993193980241806992500000000","properties":{"id":"1993193980241806992500000000","pnu":"1221011900106220006"},"geometry":{"type":"MultiPolygon","coordinates":[[[[126.934804,35.125424],[126.934826,35.125363],[126.934803,35.125356],[126.934804,35.125352],[126.934782,35.125346],[126.934782,35.125342],[126.934735,35.125329],[126.934702,35.12539],[126.934804,35.125424]]]]}},{"type":"Feature","id":"1993193988001806972500000000","properties":{"id":"1993193988001806972500000000","pnu":"1221011900106220006"},"geometry":{"type":"MultiPolygon","coordinates":[[[[126.934841,35.125359],[126.934857,35.125365],[126.934862,35.125358],[126.934846,35.125351],[126.934841,35.125359]]]]}},{"type":"Feature","id":"1993193992331807044200000000","properties":{"id":"1993193992331807044200000000","pnu":"1221011900106220005"},"geometry":{"type":"MultiPolygon","coordinates":[[[[126.934925,35.125473],[126.934958,35.125413],[126.934923,35.125396],[126.934925,35.12539],[126.934873,35.125371],[126.934841,35.125441],[126.934925,35.125473]]]]}},{"type":"Feature","id":"1993193999201807026500000000","properties":{"id":"1993193999201807026500000000","pnu":"1221011900106220005"},"geometry":{"type":"MultiPolygon","coordinates":[[[[126.934967,35.125409],[126.934977,35.125413],[126.934981,35.125405],[126.934972,35.125401],[126.934967,35.125409]]]]}},{"type":"Feature","id":"1993194067961806042800000000","properties":{"id":"1993194067961806042800000000","pnu":"1221011900104830005"},"geometry":{"type":"MultiPolygon","coordinates":[[[[126.935758,35.124558],[126.935783,35.124514],[126.935777,35.124502],[126.935694,35.124484],[126.935676,35.124537],[126.935758,35.124558]]]]}},{"type":"Feature","id":"1993194090061806079600000000","properties":{"id":"1993194090061806079600000000","pnu":"1221011900104800002"},"geometry":{"type":"MultiPolygon","coordinates":[[[[126.935844,35.124654],[126.935932,35.12467],[126.935976,35.12456],[126.93612,35.124533],[126.936113,35.124471],[126.93597,35.12448],[126.935895,35.124535],[126.935844,35.124654]]]]}},{"type":"Feature","id":"1993194090331805781000000000","properties":{"id":"1993194090331805781000000000","pnu":"1221011900104490000"},"geometry":{"type":"MultiPolygon","coordinates":[[[[126.935878,35.12425],[126.935889,35.124342],[126.936075,35.124317],[126.93606,35.124229],[126.935878,35.12425]]]]}},{"type":"Feature","id":"1993194102171806542700000000","properties":{"id":"1993194102171806542700000000","pnu":"1221011900104800002"},"geometry":{"type":"MultiPolygon","coordinates":[[[[126.936011,35.125001],[126.93598,35.125078],[126.936026,35.125091],[126.935888,35.125427],[126.936002,35.125459],[126.936136,35.125131],[126.936087,35.125118],[126.936135,35.125001],[126.936334,35.124514],[126.936224,35.124484],[126.936011,35.125001]]]]}},{"type":"Feature","id":"1993194112801805299900000000","properties":{"id":"1993194112801805299900000000","pnu":"1221011900104400000"},"geometry":{"type":"MultiPolygon","coordinates":[[[[126.935899,35.123959],[126.935926,35.124062],[126.936421,35.12398],[126.93632,35.123535],[126.936187,35.123557],[126.936266,35.123893],[126.935899,35.123959]]]]}},{"type":"Feature","id":"1993194115141802746400000000","properties":{"id":"1993194115141802746400000000","pnu":"1221011900102900000"},"geometry":{"type":"MultiPolygon","coordinates":[[[[126.936221,35.121605],[126.936286,35.121576],[126.936278,35.121559],[126.936304,35.121544],[126.936279,35.121495],[126.936206,35.121526],[126.93622,35.121552],[126.936194,35.121565],[126.936221,35.121605]]]]}},{"type":"Feature","id":"1993194189601807466600000000","properties":{"id":"1993194189601807466600000000","pnu":"1221011900105010031"},"geometry":{"type":"MultiPolygon","coordinates":[[[[126.937002,35.125796],[126.936966,35.125816],[126.937016,35.125877],[126.937163,35.125795],[126.937112,35.125734],[126.93702,35.125786],[126.937009,35.125772],[126.93699,35.125783],[126.937002,35.125796]]]]}},{"type":"Feature","id":"1994193561781799307500000000","properties":{"id":"1994193561781799307500000000","pnu":"1221012600101930000"},"geometry":{"type":"MultiPolygon","coordinates":[[[[126.930151,35.118512],[126.930274,35.118463],[126.930237,35.118403],[126.930218,35.118407],[126.930211,35.118395],[126.93017,35.118407],[126.930156,35.118392],[126.930093,35.118421],[126.930151,35.118512]]]]}},{"type":"Feature","id":"1994193621741800704200000000","properties":{"id":"1994193621741800704200000000","pnu":"1221012600102550000"},"geometry":{"type":"MultiPolygon","coordinates":[[[[126.930897,35.11973],[126.930881,35.119703],[126.930896,35.119697],[126.930864,35.119646],[126.930772,35.119685],[126.930797,35.119721],[126.930787,35.119727],[126.93082,35.119768],[126.930897,35.11973]]]]}},{"type":"Feature","id":"1994193630411800735800000000","properties":{"id":"1994193630411800735800000000","pnu":"1221012600102550000"},"geometry":{"type":"MultiPolygon","coordinates":[[[[126.930929,35.119741],[126.930942,35.119736],[126.930937,35.119728],[126.930924,35.119733],[126.930929,35.119741]]]]}},{"type":"Feature","id":"1994193663541804484200000000","properties":{"id":"1994193663541804484200000000","pnu":"1221012600102840015"},"geometry":{"type":"MultiPolygon","coordinates":[[[[126.931324,35.123169],[126.931351,35.123093],[126.931312,35.123083],[126.931315,35.123065],[126.931272,35.123052],[126.931235,35.123142],[126.931324,35.123169]]]]}},{"type":"Feature","id":"1994193664761800897800000000","properties":{"id":"1994193664761800897800000000","pnu":"1221012600102600005"},"geometry":{"type":"MultiPolygon","coordinates":[[[[126.93129,35.119884],[126.931307,35.119898],[126.93133,35.119877],[126.931313,35.119864],[126.93129,35.119884]]]]}},{"type":"Feature","id":"1994193673971800873500000000","properties":{"id":"1994193673971800873500000000","pnu":"1221012600102600005"},"geometry":{"type":"MultiPolygon","coordinates":[[[[126.93142,35.119927],[126.931489,35.119845],[126.9314,35.119791],[126.931333,35.119874],[126.93142,35.119927]]]]}},{"type":"Feature","id":"1994193695951806204300000000","properties":{"id":"1994193695951806204300000000","pnu":"1221011900106590000"},"geometry":{"type":"MultiPolygon","coordinates":[[[[126.931743,35.124565],[126.931631,35.124539],[126.931553,35.124763],[126.931664,35.124789],[126.931743,35.124565]]]]}},{"type":"Feature","id":"1994193705921805592000000000","properties":{"id":"1994193705921805592000000000","pnu":"1221012600102830000"},"geometry":{"type":"MultiPolygon","coordinates":[[[[126.931813,35.124055],[126.931742,35.124044],[126.931707,35.124196],[126.931721,35.124198],[126.931785,35.124141],[126.931813,35.124055]]]]}},{"type":"Feature","id":"1994193714921805471100000000","properties":{"id":"1994193714921805471100000000","pnu":"1221012600102830001"},"geometry":{"type":"MultiPolygon","coordinates":[[[[126.931763,35.12404],[126.931929,35.124057],[126.931958,35.123967],[126.931773,35.123953],[126.931763,35.12404]]]]}},{"type":"Feature","id":"1994193723321800063400000000","properties":{"id":"1994193723321800063400000000","pnu":"1221012600102630006"},"geometry":{"type":"MultiPolygon","coordinates":[[[[126.932033,35.119075],[126.931983,35.119058],[126.931958,35.11909],[126.931913,35.119076],[126.931872,35.119168],[126.931973,35.119201],[126.932033,35.119075]]]]}},{"type":"Feature","id":"1994193786641804951700000000","properties":{"id":"1994193786641804951700000000","pnu":"1221011900106510003"},"geometry":{"type":"MultiPolygon","coordinates":[[[[126.932739,35.123485],[126.932591,35.123448],[126.932547,35.123585],[126.932697,35.123623],[126.932739,35.123485]]]]}},{"type":"Feature","id":"1994193831331801444200000000","properties":{"id":"1994193831331801444200000000","pnu":"1221012600102700008"},"geometry":{"type":"MultiPolygon","coordinates":[[[[126.933222,35.120342],[126.933088,35.120309],[126.933056,35.120413],[126.933183,35.120437],[126.933222,35.120342]]]]}},{"type":"Feature","id":"1994193850571799327200000000","properties":{"id":"1994193850571799327200000000","pnu":"1221012600101680001"},"geometry":{"type":"MultiPolygon","coordinates":[[[[126.933491,35.118276],[126.93339,35.118251],[126.93338,35.11827],[126.933356,35.118265],[126.933139,35.11856],[126.933322,35.118614],[126.933361,35.118576],[126.933414,35.118622],[126.933427,35.118614],[126.933464,35.118644],[126.933536,35.118592],[126.933412,35.118464],[126.933412,35.118437],[126.933491,35.118276]]]]}},{"type":"Feature","id":"1994193878401802447400000000","properties":{"id":"1994193878401802447400000000","pnu":"1221011900106870002"},"geometry":{"type":"MultiPolygon","coordinates":[[[[126.933665,35.121325],[126.933662,35.121337],[126.933685,35.121343],[126.933756,35.12126],[126.93359,35.121222],[126.933563,35.121302],[126.933665,35.121325]]]]}},{"type":"Feature","id":"1994193950531807203400000000","properties":{"id":"1994193950531807203400000000","pnu":"1221011900106210004"},"geometry":{"type":"MultiPolygon","coordinates":[[[[126.934429,35.125559],[126.934437,35.125578],[126.934451,35.125573],[126.934444,35.125555],[126.934429,35.125559]]]]}},{"type":"Feature","id":"1994193951791807061100000000","properties":{"id":"1994193951791807061100000000","pnu":"1221011900106210004"},"geometry":{"type":"MultiPolygon","coordinates":[[[[126.934524,35.125388],[126.934428,35.125365],[126.934395,35.12546],[126.934399,35.125494],[126.934473,35.125515],[126.934524,35.125388]]]]}},{"type":"Feature","id":"1994193984051805821000000000","properties":{"id":"1994193984051805821000000000","pnu":"1221011900104450001"},"geometry":{"type":"MultiPolygon","coordinates":[[[[126.934865,35.124368],[126.934873,35.124282],[126.934753,35.124273],[126.934744,35.124359],[126.934865,35.124368]]]]}},{"type":"Feature","id":"1994194051671806445700000000","properties":{"id":"1994194051671806445700000000","pnu":"1221011900104850015"},"geometry":{"type":"MultiPolygon","coordinates":[[[[126.935528,35.12496],[126.935633,35.124888],[126.935601,35.124835],[126.935602,35.124822],[126.93558,35.124806],[126.935459,35.124889],[126.935528,35.12496]]]]}},{"type":"Feature","id":"1994194063511801382700000000","properties":{"id":"1994194063511801382700000000","pnu":"1221011900102210005"},"geometry":{"type":"MultiPolygon","coordinates":[[[[126.93575,35.12036],[126.935751,35.120284],[126.935618,35.120281],[126.935616,35.120357],[126.93575,35.12036]]]]}},{"type":"Feature","id":"1994194074151801364900000000","properties":{"id":"1994194074151801364900000000","pnu":"1221011900102210005"},"geometry":{"type":"MultiPolygon","coordinates":[[[[126.935794,35.120313],[126.935805,35.120314],[126.935807,35.120296],[126.935796,35.120295],[126.935794,35.120313]]]]}},{"type":"Feature","id":"1994194179901802994500000000","properties":{"id":"1994194179901802994500000000","pnu":"1221011900104270000"},"geometry":{"type":"MultiPolygon","coordinates":[[[[126.936867,35.121736],[126.936869,35.121771],[126.936901,35.121769],[126.936902,35.12178],[126.936938,35.121781],[126.936947,35.121821],[126.937033,35.121817],[126.937031,35.12176],[126.937012,35.12176],[126.93701,35.121746],[126.936955,35.121747],[126.936952,35.121732],[126.936867,35.121736]]]]}},{"type":"Feature","id":"1995193620001806071600000000","properties":{"id":"1995193620001806071600000000","pnu":"1221012600102880013"},"geometry":{"type":"MultiPolygon","coordinates":[[[[126.93086,35.12459],[126.930874,35.124542],[126.930841,35.124533],[126.930841,35.124524],[126.930832,35.124523],[126.930832,35.124507],[126.930775,35.124492],[126.930771,35.124506],[126.930769,35.12457],[126.93086,35.12459]]]]}},{"type":"Feature","id":"1995193627171802068800000000","properties":{"id":"1995193627171802068800000000","pnu":"1221012600102430037"},"geometry":{"type":"MultiPolygon","coordinates":[[[[126.93096,35.120895],[126.930868,35.120879],[126.930839,35.12098],[126.930918,35.120997],[126.930936,35.120937],[126.930946,35.120938],[126.93096,35.120895]]]]}},{"type":"Feature","id":"1995193627951806049700000000","properties":{"id":"1995193627951806049700000000","pnu":"1221012600102880013"},"geometry":{"type":"MultiPolygon","coordinates":[[[[126.930894,35.124527],[126.930907,35.12453],[126.930909,35.124522],[126.930898,35.124519],[126.930894,35.124527]]]]}},{"type":"Feature","id":"1995193695821799671700000000","properties":{"id":"1995193695821799671700000000","pnu":"1221012600101800000"},"geometry":{"type":"MultiPolygon","coordinates":[[[[126.931277,35.119023],[126.931367,35.11899],[126.931349,35.118956],[126.931622,35.118865],[126.931634,35.118882],[126.931724,35.118845],[126.931696,35.118794],[126.932005,35.118689],[126.932013,35.118702],[126.9321,35.118668],[126.932034,35.11855],[126.93163,35.11869],[126.93165,35.118729],[126.931209,35.118892],[126.931277,35.119023]]]]}},{"type":"Feature","id":"1995193717921799784500000000","properties":{"id":"1995193717921799784500000000","pnu":"1221012600101800000"},"geometry":{"type":"MultiPolygon","coordinates":[[[[126.931762,35.11898],[126.932073,35.118856],[126.932029,35.118774],[126.931711,35.118902],[126.931762,35.11898]]]]}},{"type":"Feature","id":"1995193721231804806300000000","properties":{"id":"1995193721231804806300000000","pnu":"1221012600102820005"},"geometry":{"type":"MultiPolygon","coordinates":[[[[126.931881,35.123354],[126.931859,35.123425],[126.93199,35.123455],[126.931991,35.123436],[126.931981,35.123433],[126.931984,35.12342],[126.931975,35.123419],[126.931982,35.123377],[126.931881,35.123354]]]]}},{"type":"Feature","id":"1995193739491799696600000000","properties":{"id":"1995193739491799696600000000","pnu":"1221012600101800000"},"geometry":{"type":"MultiPolygon","coordinates":[[[[126.932143,35.118851],[126.932182,35.118766],[126.932118,35.118746],[126.932079,35.118831],[126.932143,35.118851]]]]}},{"type":"Feature","id":"1995193763571808283600000000","properties":{"id":"1995193763571808283600000000","pnu":"1221011900105660002"},"geometry":{"type":"MultiPolygon","coordinates":[[[[126.932619,35.126427],[126.932348,35.126322],[126.932328,35.126323],[126.932156,35.126639],[126.932164,35.126653],[126.932441,35.126755],[126.932457,35.126754],[126.932619,35.126427]]]]}},{"type":"Feature","id":"1995193804201808488800000000","properties":{"id":"1995193804201808488800000000","pnu":"1221011900105660002"},"geometry":{"type":"MultiPolygon","coordinates":[[[[126.933013,35.126841],[126.933061,35.126757],[126.932651,35.126607],[126.932606,35.126689],[126.933013,35.126841]]]]}},{"type":"Feature","id":"1995193825911807192300000000","properties":{"id":"1995193825911807192300000000","pnu":"1221011900105660002"},"geometry":{"type":"MultiPolygon","coordinates":[[[[126.93339,35.125716],[126.933433,35.12563],[126.932753,35.125394],[126.932716,35.125483],[126.93339,35.125716]]]]}},{"type":"Feature","id":"1995193832091808704300000000","properties":{"id":"1995193832091808704300000000","pnu":"1221011900105660002"},"geometry":{"type":"MultiPolygon","coordinates":[[[[126.93323,35.126843],[126.933189,35.126831],[126.933183,35.126842],[126.933134,35.126829],[126.933116,35.126859],[126.933101,35.126857],[126.933049,35.126976],[126.933131,35.127009],[126.933163,35.127005],[126.93323,35.126843]]]]}},{"type":"Feature","id":"1995193844811808491800000000","properties":{"id":"1995193844811808491800000000","pnu":"1221011900105660002"},"geometry":{"type":"MultiPolygon","coordinates":[[[[126.933326,35.126686],[126.933282,35.126671],[126.933232,35.126765],[126.933278,35.126784],[126.933326,35.126686]]]]}},{"type":"Feature","id":"1995193846391807960100000000","properties":{"id":"1995193846391807960100000000","pnu":"1221011900105660002"},"geometry":{"type":"MultiPolygon","coordinates":[[[[126.932981,35.126708],[126.933076,35.126739],[126.933138,35.12663],[126.933193,35.126646],[126.933241,35.126558],[126.933202,35.126541],[126.933352,35.126253],[126.933391,35.126263],[126.933434,35.126172],[126.933401,35.126158],[126.933469,35.126042],[126.933502,35.126051],[126.933542,35.125969],[126.933503,35.125955],[126.933592,35.125765],[126.933502,35.125732],[126.932981,35.126708]]]]}},{"type":"Feature","id":"1995193858221802673400000000","properties":{"id":"1995193858221802673400000000","pnu":"1221011900106860000"},"geometry":{"type":"MultiPolygon","coordinates":[[[[126.933328,35.121583],[126.933337,35.121598],[126.933353,35.121601],[126.933369,35.121598],[126.933484,35.121527],[126.933545,35.121464],[126.933491,35.121384],[126.933397,35.121384],[126.933328,35.121583]]]]}},{"type":"Feature","id":"1995193862861808234000000000","properties":{"id":"1995193862861808234000000000","pnu":"1221011900105660002"},"geometry":{"type":"MultiPolygon","coordinates":[[[[126.933532,35.126451],[126.933483,35.12643],[126.933424,35.126544],[126.933469,35.126559],[126.933532,35.126451]]]]}},{"type":"Feature","id":"1995193863831806993500000000","properties":{"id":"1995193863831806993500000000","pnu":"1221011900106250000"},"geometry":{"type":"MultiPolygon","coordinates":[[[[126.933855,35.125525],[126.933889,35.125444],[126.933847,35.125432],[126.93385,35.125411],[126.933099,35.125231],[126.933074,35.125318],[126.933855,35.125525]]]]}},{"type":"Feature","id":"1995193864971807291900000000","properties":{"id":"1995193864971807291900000000","pnu":"1221011900105660002"},"geometry":{"type":"MultiPolygon","coordinates":[[[[126.93353,35.125687],[126.933554,35.125636],[126.933473,35.125604],[126.933449,35.125656],[126.93353,35.125687]]]]}},{"type":"Feature","id":"1995193879251807210700000000","properties":{"id":"1995193879251807210700000000","pnu":"1221011900106250000"},"geometry":{"type":"MultiPolygon","coordinates":[[[[126.933719,35.125627],[126.933739,35.125542],[126.933602,35.125517],[126.933573,35.125602],[126.933719,35.125627]]]]}},{"type":"Feature","id":"1995193887261801860000000000","properties":{"id":"1995193887261801860000000000","pnu":"1221011900106880000"},"geometry":{"type":"MultiPolygon","coordinates":[[[[126.933734,35.120724],[126.933722,35.120766],[126.933766,35.120775],[126.933778,35.120733],[126.933734,35.120724]]]]}},{"type":"Feature","id":"1995193897001801889100000000","properties":{"id":"1995193897001801889100000000","pnu":"1221011900106880000"},"geometry":{"type":"MultiPolygon","coordinates":[[[[126.933927,35.120828],[126.933937,35.120741],[126.933784,35.120727],[126.933776,35.120807],[126.933927,35.120828]]]]}},{"type":"Feature","id":"1995193922711805400200000000","properties":{"id":"1995193922711805400200000000","pnu":"1221011900106420004"},"geometry":{"type":"MultiPolygon","coordinates":[[[[126.934164,35.123993],[126.934167,35.123897],[126.934105,35.123896],[126.934105,35.123978],[126.934164,35.123993]]]]}},{"type":"Feature","id":"1995193948291806331900000000","properties":{"id":"1995193948291806331900000000","pnu":"1221011900106250000"},"geometry":{"type":"MultiPolygon","coordinates":[[[[126.93429,35.125001],[126.93425,35.125158],[126.934367,35.125176],[126.934416,35.125001],[126.934422,35.124978],[126.934453,35.124983],[126.934474,35.124904],[126.934444,35.124898],[126.93447,35.124811],[126.934512,35.124819],[126.934525,35.124769],[126.934487,35.124761],[126.934504,35.124706],[126.934531,35.124708],[126.934548,35.124628],[126.934517,35.124619],[126.934564,35.124404],[126.934448,35.124384],[126.93429,35.125001]]]]}},{"type":"Feature","id":"1995193949741806842000000000","properties":{"id":"1995193949741806842000000000","pnu":"1221011900106250000"},"geometry":{"type":"MultiPolygon","coordinates":[[[[126.93436,35.125322],[126.934413,35.12534],[126.934485,35.125199],[126.934475,35.125196],[126.934499,35.12515],[126.934456,35.125135],[126.93436,35.125322]]]]}},{"type":"Feature","id":"1995193953791805193800000000","properties":{"id":"1995193953791805193800000000","pnu":"1221011900106340008"},"geometry":{"type":"MultiPolygon","coordinates":[[[[126.934564,35.123785],[126.934545,35.123699],[126.934402,35.123721],[126.934406,35.123765],[126.934392,35.123771],[126.934402,35.12381],[126.934564,35.123785]]]]}},{"type":"Feature","id":"1995193956421806643800000000","properties":{"id":"1995193956421806643800000000","pnu":"1221011900106250000"},"geometry":{"type":"MultiPolygon","coordinates":[[[[126.934549,35.125039],[126.934502,35.125019],[126.934461,35.125085],[126.934508,35.125105],[126.934549,35.125039]]]]}},{"type":"Feature","id":"1995193971111807274800000000","properties":{"id":"1995193971111807274800000000","pnu":"1221011900106210002"},"geometry":{"type":"MultiPolygon","coordinates":[[[[126.934727,35.125622],[126.934626,35.125584],[126.934606,35.125626],[126.934689,35.125685],[126.934727,35.125622]]]]}},{"type":"Feature","id":"1995193971131806388500000000","properties":{"id":"1995193971131806388500000000","pnu":"1221011900106250000"},"geometry":{"type":"MultiPolygon","coordinates":[[[[126.934621,35.124891],[126.934686,35.1249],[126.934713,35.124773],[126.934647,35.124764],[126.934621,35.124891]]]]}},{"type":"Feature","id":"1995193974311806035200000000","properties":{"id":"1995193974311806035200000000","pnu":"1221011900106250000"},"geometry":{"type":"MultiPolygon","coordinates":[[[[126.934687,35.124551],[126.934734,35.124543],[126.934717,35.124476],[126.93467,35.124484],[126.934687,35.124551]]]]}},{"type":"Feature","id":"1995193974831806282000000000","properties":{"id":"1995193974831806282000000000","pnu":"1221011900106250000"},"geometry":{"type":"MultiPolygon","coordinates":[[[[126.934735,35.124713],[126.934689,35.1247],[126.93468,35.124763],[126.934728,35.124768],[126.934735,35.124713]]]]}},{"type":"Feature","id":"1995194003911808463100000000","properties":{"id":"1995194003911808463100000000","pnu":"1221011900105100000"},"geometry":{"type":"MultiPolygon","coordinates":[[[[126.934935,35.126711],[126.934945,35.126767],[126.935016,35.126794],[126.935022,35.126787],[126.935048,35.126793],[126.935078,35.126726],[126.935103,35.126732],[126.935136,35.126656],[126.934984,35.126612],[126.934935,35.126711]]]]}},{"type":"Feature","id":"1995194005931807576700000000","properties":{"id":"1995194005931807576700000000","pnu":"1221011900104890010"},"geometry":{"type":"MultiPolygon","coordinates":[[[[126.93493,35.125872],[126.935121,35.125996],[126.935146,35.125968],[126.935134,35.12596],[126.935159,35.125929],[126.934981,35.125813],[126.93493,35.125872]]]]}},{"type":"Feature","id":"1995194017141802524300000000","properties":{"id":"1995194017141802524300000000","pnu":"1221011900102100005"},"geometry":{"type":"MultiPolygon","coordinates":[[[[126.935105,35.121355],[126.935211,35.121397],[126.935243,35.121342],[126.935185,35.121315],[126.935179,35.121323],[126.935129,35.121304],[126.935105,35.121355]]]]}},{"type":"Feature","id":"1996193568331800093900000000","properties":{"id":"1996193568331800093900000000","pnu":"1221012600102150000"},"geometry":{"type":"MultiPolygon","coordinates":[[[[126.930291,35.119208],[126.930331,35.11915],[126.930211,35.119103],[126.930175,35.119161],[126.930291,35.119208]]]]}},{"type":"Feature","id":"1996193649991807743500000000","properties":{"id":"1996193649991807743500000000","pnu":"1221011900105910000"},"geometry":{"type":"MultiPolygon","coordinates":[[[[126.931057,35.12611],[126.931174,35.126139],[126.931228,35.125992],[126.93111,35.125963],[126.931057,35.12611]]]]}},{"type":"Feature","id":"1996193681241801007500000000","properties":{"id":"1996193681241801007500000000","pnu":"1221012600102590009"},"geometry":{"type":"MultiPolygon","coordinates":[[[[126.931523,35.120033],[126.931558,35.119964],[126.931456,35.119927],[126.931424,35.119995],[126.931523,35.120033]]]]}},{"type":"Feature","id":"1996193683741800915600000000","properties":{"id":"1996193683741800915600000000","pnu":"1221012600102590008"},"geometry":{"type":"MultiPolygon","coordinates":[[[[126.93156,35.119942],[126.931567,35.119919],[126.931532,35.11987],[126.9315,35.119847],[126.931467,35.119904],[126.93156,35.119942]]]]}},{"type":"Feature","id":"1996193779021809252300000000","properties":{"id":"1996193779021809252300000000","pnu":"1221011900105400053"},"geometry":{"type":"MultiPolygon","coordinates":[[[[126.932602,35.127457],[126.932626,35.127396],[126.932577,35.12738],[126.932573,35.127386],[126.932551,35.127378],[126.932548,35.127385],[126.932503,35.127373],[126.932483,35.127422],[126.932602,35.127457]]]]}},{"type":"Feature","id":"1996193834271809190600000000","properties":{"id":"1996193834271809190600000000","pnu":"1221011900105710000"},"geometry":{"type":"MultiPolygon","coordinates":[[[[126.933102,35.127411],[126.933179,35.12743],[126.933213,35.127343],[126.933214,35.127298],[126.933147,35.127282],[126.933102,35.127411]]]]}},{"type":"Feature","id":"1996193877541801954000000000","properties":{"id":"1996193877541801954000000000","pnu":"1221011900106880006"},"geometry":{"type":"MultiPolygon","coordinates":[[[[126.9337,35.120869],[126.933708,35.120813],[126.933592,35.120795],[126.933579,35.12086],[126.9337,35.120869]]]]}},{"type":"Feature","id":"1996193878991801853900000000","properties":{"id":"1996193878991801853900000000","pnu":"1221011900106880006"},"geometry":{"type":"MultiPolygon","coordinates":[[[[126.933696,35.1208],[126.933719,35.120707],[126.933625,35.120688],[126.933598,35.120781],[126.933696,35.1208]]]]}},{"type":"Feature","id":"1996193880921801768900000000","properties":{"id":"1996193880921801768900000000","pnu":"1221011900106880006"},"geometry":{"type":"MultiPolygon","coordinates":[[[[126.933715,35.120697],[126.933723,35.120659],[126.933648,35.120638],[126.933635,35.120675],[126.933715,35.120697]]]]}},{"type":"Feature","id":"1996193883791801638200000000","properties":{"id":"1996193883791801638200000000","pnu":"1221011900106880007"},"geometry":{"type":"MultiPolygon","coordinates":[[[[126.933745,35.12063],[126.933769,35.120478],[126.933681,35.120467],[126.933655,35.120623],[126.933745,35.12063]]]]}},{"type":"Feature","id":"1996193971881802166000000000","properties":{"id":"1996193971881802166000000000","pnu":"1221011900106820006"},"geometry":{"type":"MultiPolygon","coordinates":[[[[126.934739,35.120986],[126.934622,35.120975],[126.934619,35.121069],[126.934734,35.121075],[126.934739,35.120986]]]]}},{"type":"Feature","id":"1996194048121805568600000000","properties":{"id":"1996194048121805568600000000","pnu":"1221011900104460003"},"geometry":{"type":"MultiPolygon","coordinates":[[[[126.935375,35.124137],[126.935493,35.124141],[126.935496,35.124163],[126.935617,35.124164],[126.935622,35.124021],[126.935516,35.124013],[126.935515,35.124054],[126.935371,35.124051],[126.935375,35.124137]]]]}},{"type":"Feature","id":"1996194123611802237300000000","properties":{"id":"1996194123611802237300000000","pnu":"1221011900103130001"},"geometry":{"type":"MultiPolygon","coordinates":[[[[126.936268,35.121121],[126.936432,35.121124],[126.936434,35.121086],[126.936406,35.121085],[126.936406,35.121071],[126.936374,35.121066],[126.936375,35.121058],[126.936322,35.121058],[126.936324,35.121052],[126.936268,35.121052],[126.936268,35.121121]]]]}},{"type":"Feature","id":"1996194125661802331700000000","properties":{"id":"1996194125661802331700000000","pnu":"1221011900103130000"},"geometry":{"type":"MultiPolygon","coordinates":[[[[126.936285,35.121212],[126.936437,35.12121],[126.936435,35.121136],[126.936332,35.121138],[126.936332,35.121152],[126.936289,35.121154],[126.936285,35.121212]]]]}},{"type":"Feature","id":"1996194214921807750400000000","properties":{"id":"1996194214921807750400000000","pnu":"1221011900105010015"},"geometry":{"type":"MultiPolygon","coordinates":[[[[126.937085,35.125932],[126.937456,35.126294],[126.937526,35.126235],[126.937504,35.126212],[126.937557,35.126177],[126.937464,35.126075],[126.937498,35.126045],[126.937401,35.125944],[126.93736,35.125975],[126.937257,35.125868],[126.937205,35.1259],[126.937174,35.125871],[126.937085,35.125932]]]]}},{"type":"Feature","id":"1996194237161802627400000000","properties":{"id":"1996194237161802627400000000","pnu":"1221011900103580000"},"geometry":{"type":"MultiPolygon","coordinates":[[[[126.937507,35.121415],[126.937536,35.1215],[126.937681,35.121458],[126.937667,35.121413],[126.93764,35.12142],[126.937629,35.121396],[126.93757,35.121412],[126.937563,35.121395],[126.937507,35.121415]]]]}},{"type":"Feature","id":"1997193501671808943700000000","properties":{"id":"1997193501671808943700000000","pnu":"1221012200107190001"},"geometry":{"type":"MultiPolygon","coordinates":[[[[126.929468,35.127085],[126.929467,35.127181],[126.929558,35.127185],[126.929561,35.127079],[126.929468,35.127085]]]]}},{"type":"Feature","id":"1997193518091806399400000000","properties":{"id":"1997193518091806399400000000","pnu":"1221012600102990007"},"geometry":{"type":"MultiPolygon","coordinates":[[[[126.92974,35.124795],[126.929672,35.124786],[126.929653,35.124882],[126.929719,35.124893],[126.92974,35.124795]]]]}},{"type":"Feature","id":"1997193584471809521300000000","properties":{"id":"1997193584471809521300000000","pnu":"1221011900105850023"},"geometry":{"type":"MultiPolygon","coordinates":[[[[126.930466,35.127732],[126.930514,35.127616],[126.930377,35.127574],[126.930332,35.127692],[126.930466,35.127732]]]]}},{"type":"Feature","id":"1997193637791800973400000000","properties":{"id":"1997193637791800973400000000","pnu":"1221012600102570001"},"geometry":{"type":"MultiPolygon","coordinates":[[[[126.930931,35.119936],[126.930987,35.119998],[126.931036,35.119969],[126.931049,35.119988],[126.931097,35.119966],[126.931035,35.1199],[126.930931,35.119936]]]]}},{"type":"Feature","id":"1997193733741807362900000000","properties":{"id":"1997193733741807362900000000","pnu":"1221011900105960000"},"geometry":{"type":"MultiPolygon","coordinates":[[[[126.932124,35.125741],[126.932131,35.125705],[126.932002,35.125675],[126.931992,35.125714],[126.932124,35.125741]]]]}},{"type":"Feature","id":"1997193750711801192000000000","properties":{"id":"1997193750711801192000000000","pnu":"1221012600106360060"},"geometry":{"type":"MultiPolygon","coordinates":[[[[126.932191,35.120212],[126.932265,35.120222],[126.932311,35.120074],[126.932287,35.12007],[126.932239,35.12008],[126.932191,35.120212]]]]}},{"type":"Feature","id":"1997193801791800306200000000","properties":{"id":"1997193801791800306200000000","pnu":"1221012600106360031"},"geometry":{"type":"MultiPolygon","coordinates":[[[[126.932894,35.119124],[126.932786,35.11909],[126.932592,35.119531],[126.932697,35.119563],[126.93279,35.119386],[126.933076,35.119477],[126.933116,35.119389],[126.932818,35.119304],[126.932894,35.119124]]]]}},{"type":"Feature","id":"1997193822581804826500000000","properties":{"id":"1997193822581804826500000000","pnu":"1221011900106500015"},"geometry":{"type":"MultiPolygon","coordinates":[[[[126.933005,35.123365],[126.93298,35.123446],[126.933086,35.123473],[126.933099,35.123423],[126.933085,35.12342],[126.933086,35.123408],[126.933044,35.123395],[126.93305,35.123376],[126.933005,35.123365]]]]}},{"type":"Feature","id":"1997193865831804631500000000","properties":{"id":"1997193865831804631500000000","pnu":"1221011900106440008"},"geometry":{"type":"MultiPolygon","coordinates":[[[[126.933566,35.123308],[126.933591,35.123245],[126.93355,35.123233],[126.933551,35.12322],[126.933519,35.123207],[126.933521,35.123196],[126.933471,35.123181],[126.933439,35.123267],[126.933566,35.123308]]]]}},{"type":"Feature","id":"1997193954881805330500000000","properties":{"id":"1997193954881805330500000000","pnu":"1221011900106340007"},"geometry":{"type":"MultiPolygon","coordinates":[[[[126.934421,35.123937],[126.934579,35.12391],[126.934563,35.123824],[126.9344,35.123842],[126.934421,35.123937]]]]}},{"type":"Feature","id":"1997194028831802756100000000","properties":{"id":"1997194028831802756100000000","pnu":"1221011900102110004"},"geometry":{"type":"MultiPolygon","coordinates":[[[[126.935238,35.121575],[126.935309,35.12161],[126.935328,35.121579],[126.935337,35.121582],[126.935366,35.121541],[126.935295,35.121508],[126.935238,35.121575]]]]}},{"type":"Feature","id":"1997194046611806661900000000","properties":{"id":"1997194046611806661900000000","pnu":"1221011900104860005"},"geometry":{"type":"MultiPolygon","coordinates":[[[[126.935566,35.125034],[126.935487,35.125016],[126.935458,35.125028],[126.935421,35.125105],[126.935442,35.125111],[126.935442,35.125119],[126.93547,35.125128],[126.93547,35.125141],[126.935519,35.12515],[126.935566,35.125034]]]]}},{"type":"Feature","id":"1998193651201805217900000000","properties":{"id":"1998193651201805217900000000","pnu":"1221012600102870011"},"geometry":{"type":"MultiPolygon","coordinates":[[[[126.931123,35.123833],[126.931203,35.123827],[126.931192,35.123717],[126.931112,35.123723],[126.931123,35.123833]]]]}},{"type":"Feature","id":"1998193803881802201800000000","properties":{"id":"1998193803881802201800000000","pnu":"1221012600102700001"},"geometry":{"type":"MultiPolygon","coordinates":[[[[126.932767,35.121003],[126.932742,35.121073],[126.932903,35.121111],[126.932928,35.121041],[126.932767,35.121003]]]]}},{"type":"Feature","id":"1998193870761809108700000000","properties":{"id":"1998193870761809108700000000","pnu":"1221011900105510003"},"geometry":{"type":"MultiPolygon","coordinates":[[[[126.933552,35.127313],[126.933616,35.127281],[126.933523,35.127256],[126.933552,35.127313]]]]}},{"type":"Feature","id":"1998193878081809178900000000","properties":{"id":"1998193878081809178900000000","pnu":"1221011900105510002"},"geometry":{"type":"MultiPolygon","coordinates":[[[[126.933691,35.127302],[126.933632,35.127288],[126.933608,35.127361],[126.93362,35.127365],[126.933612,35.127392],[126.933624,35.1274],[126.933619,35.127418],[126.933637,35.127423],[126.933691,35.127302]]]]}},{"type":"Feature","id":"1998193898621800122100000000","properties":{"id":"1998193898621800122100000000","pnu":"1221011900106920012"},"geometry":{"type":"MultiPolygon","coordinates":[[[[126.933838,35.119253],[126.933897,35.119259],[126.933912,35.119113],[126.933856,35.119106],[126.933838,35.119253]]]]}},{"type":"Feature","id":"1998193901041799951800000000","properties":{"id":"1998193901041799951800000000","pnu":"1221011900106920009"},"geometry":{"type":"MultiPolygon","coordinates":[[[[126.933861,35.119098],[126.93393,35.119105],[126.933942,35.118959],[126.933877,35.118954],[126.933861,35.119098]]]]}},{"type":"Feature","id":"1998193928781807270500000000","properties":{"id":"1998193928781807270500000000","pnu":"1221011900106150001"},"geometry":{"type":"MultiPolygon","coordinates":[[[[126.934219,35.12577],[126.934276,35.125619],[126.9343,35.125624],[126.934312,35.125595],[126.93432,35.125595],[126.934336,35.125549],[126.934152,35.125498],[126.934107,35.125613],[126.934138,35.125621],[126.934098,35.125739],[126.934219,35.12577]]]]}},{"type":"Feature","id":"1998193936101804455400000000","properties":{"id":"1998193936101804455400000000","pnu":"1221011900106380009"},"geometry":{"type":"MultiPolygon","coordinates":[[[[126.934337,35.123128],[126.934339,35.12306],[126.934246,35.12305],[126.934233,35.123058],[126.934227,35.123119],[126.934337,35.123128]]]]}},{"type":"Feature","id":"1998193939541805355800000000","properties":{"id":"1998193939541805355800000000","pnu":"1221011900106340001"},"geometry":{"type":"MultiPolygon","coordinates":[[[[126.934391,35.123947],[126.934382,35.123847],[126.934346,35.123849],[126.934345,35.123843],[126.934251,35.123852],[126.934265,35.123962],[126.934391,35.123947]]]]}},{"type":"Feature","id":"1998193983341805994500000000","properties":{"id":"1998193983341805994500000000","pnu":"1221011900106230000"},"geometry":{"type":"MultiPolygon","coordinates":[[[[126.934763,35.124529],[126.934844,35.124532],[126.934857,35.124432],[126.934741,35.124426],[126.934763,35.124529]]]]}},{"type":"Feature","id":"1998194001901808862700000000","properties":{"id":"1998194001901808862700000000","pnu":"1221011900105120017"},"geometry":{"type":"MultiPolygon","coordinates":[[[[126.93505,35.127117],[126.935067,35.127083],[126.935055,35.127077],[126.935065,35.127046],[126.935019,35.127031],[126.935022,35.12702],[126.934968,35.127003],[126.934933,35.127082],[126.93505,35.127117]]]]}},{"type":"Feature","id":"1998194318991803038900000000","properties":{"id":"1998194318991803038900000000","pnu":"1221011900104000000"},"geometry":{"type":"MultiPolygon","coordinates":[[[[126.938423,35.121883],[126.938579,35.121847],[126.938545,35.121747],[126.938395,35.121781],[126.938423,35.121883]]]]}},{"type":"Feature","id":"1999193624451807251900000000","properties":{"id":"1999193624451807251900000000","pnu":"1221012600102970005"},"geometry":{"type":"MultiPolygon","coordinates":[[[[126.930931,35.125659],[126.930957,35.1256],[126.930792,35.125555],[126.930773,35.125618],[126.930931,35.125659]]]]}},{"type":"Feature","id":"1999193751461801369800000000","properties":{"id":"1999193751461801369800000000","pnu":"1221012600106360025"},"geometry":{"type":"MultiPolygon","coordinates":[[[[126.932172,35.120236],[126.932146,35.120354],[126.932358,35.120374],[126.932371,35.120263],[126.932172,35.120236]]]]}},{"type":"Feature","id":"1999193756431809045000000000","properties":{"id":"1999193756431809045000000000","pnu":"1221011900105400012"},"geometry":{"type":"MultiPolygon","coordinates":[[[[126.93222,35.127238],[126.932369,35.127293],[126.93239,35.127249],[126.932367,35.127241],[126.932379,35.127219],[126.932402,35.127226],[126.932414,35.127201],[126.932375,35.127188],[126.932372,35.127192],[126.932368,35.12719],[126.932359,35.127208],[126.932364,35.12721],[126.932361,35.127214],[126.932365,35.127215],[126.932354,35.127235],[126.932334,35.127228],[126.932336,35.127226],[126.932292,35.127209],[126.932298,35.127197],[126.932303,35.127199],[126.932314,35.127176],[126.932309,35.127174],[126.932312,35.127167],[126.932262,35.127151],[126.93222,35.127238]]]]}},{"type":"Feature","id":"1999193803921805715800000000","properties":{"id":"1999193803921805715800000000","pnu":"1221011900106530010"},"geometry":{"type":"MultiPolygon","coordinates":[[[[126.932905,35.124187],[126.932797,35.124161],[126.93276,35.124265],[126.932871,35.124286],[126.932905,35.124187]]]]}},{"type":"Feature","id":"1999193899031804964300000000","properties":{"id":"1999193899031804964300000000","pnu":"1221011900106430007"},"geometry":{"type":"MultiPolygon","coordinates":[[[[126.933918,35.123613],[126.933919,35.123597],[126.933904,35.12347],[126.933861,35.123475],[126.933821,35.123597],[126.933918,35.123613]]]]}},{"type":"Feature","id":"1999194177081802676200000000","properties":{"id":"1999194177081802676200000000","pnu":"1221011900103020001"},"geometry":{"type":"MultiPolygon","coordinates":[[[[126.93689,35.121555],[126.936976,35.121547],[126.93697,35.121422],[126.93688,35.121426],[126.93689,35.121555]]]]}},{"type":"Feature","id":"1999194265191802986300000000","properties":{"id":"1999194265191802986300000000","pnu":"1221011900104160000"},"geometry":{"type":"MultiPolygon","coordinates":[[[[126.937813,35.121782],[126.937858,35.12178],[126.937867,35.121819],[126.937931,35.121813],[126.937931,35.121786],[126.937945,35.121784],[126.937943,35.121767],[126.937959,35.121766],[126.937954,35.121718],[126.937901,35.121722],[126.9379,35.121735],[126.937844,35.121739],[126.937844,35.121754],[126.937816,35.121755],[126.937813,35.121782]]]]}},{"type":"Feature","id":"2000193497471806505600000000","properties":{"id":"2000193497471806505600000000","pnu":"1221012600102990003"},"geometry":{"type":"MultiPolygon","coordinates":[[[[126.929436,35.124996],[126.929485,35.124995],[126.929489,35.124961],[126.929505,35.124962],[126.929515,35.124883],[126.929499,35.124871],[126.929427,35.124904],[126.929436,35.124996]]]]}},{"type":"Feature","id":"2000193590631799535800000000","properties":{"id":"2000193590631799535800000000","pnu":"1221012600101970000"},"geometry":{"type":"MultiPolygon","coordinates":[[[[126.930583,35.118686],[126.930577,35.118634],[126.93052,35.118621],[126.930444,35.118621],[126.930408,35.11862],[126.930398,35.118661],[126.930576,35.118698],[126.930583,35.118686]]]]}},{"type":"Feature","id":"2000193750421806971400000000","properties":{"id":"2000193750421806971400000000","pnu":"1221011900105660028"},"geometry":{"type":"MultiPolygon","coordinates":[[[[126.932413,35.12552],[126.932473,35.125332],[126.932431,35.125327],[126.932438,35.125294],[126.932426,35.125291],[126.932437,35.125255],[126.932182,35.125196],[126.932167,35.125238],[126.93207,35.125214],[126.932002,35.125432],[126.932413,35.12552]]]]}},{"type":"Feature","id":"2000193863051802946400000000","properties":{"id":"2000193863051802946400000000","pnu":"1221011900106750004"},"geometry":{"type":"MultiPolygon","coordinates":[[[[126.933513,35.121698],[126.933492,35.121698],[126.933466,35.121715],[126.933464,35.121712],[126.933435,35.12173],[126.933469,35.121766],[126.933498,35.121748],[126.933516,35.121733],[126.933528,35.121714],[126.933513,35.121698]]]]}},{"type":"Feature","id":"2000194010981805653100000000","properties":{"id":"2000194010981805653100000000","pnu":"1221011900104450005"},"geometry":{"type":"MultiPolygon","coordinates":[[[[126.935145,35.12422],[126.935157,35.124131],[126.935056,35.124131],[126.935048,35.124194],[126.935145,35.12422]]]]}},{"type":"Feature","id":"2000194067101802870100000000","properties":{"id":"2000194067101802870100000000","pnu":"1221011900102200000"},"geometry":{"type":"MultiPolygon","coordinates":[[[[126.935652,35.121699],[126.935681,35.121716],[126.935733,35.121722],[126.935811,35.121673],[126.935731,35.121595],[126.935716,35.121601],[126.935688,35.121588],[126.93566,35.121646],[126.935672,35.121658],[126.935652,35.121699]]]]}},{"type":"Feature","id":"2000194282291807131500000000","properties":{"id":"2000194282291807131500000000","pnu":"1221011900104700001"},"geometry":{"type":"MultiPolygon","coordinates":[[[[126.937976,35.125537],[126.938146,35.125578],[126.938181,35.125464],[126.938014,35.125432],[126.937976,35.125537]]]]}},{"type":"Feature","id":"2000194334661808421500000000","properties":{"id":"2000194334661808421500000000","pnu":"1221011900200080038"},"geometry":{"type":"MultiPolygon","coordinates":[[[[126.938605,35.126712],[126.938708,35.126703],[126.938702,35.126621],[126.9386,35.126629],[126.938605,35.126712]]]]}},{"type":"Feature","id":"2000194335631808315600000000","properties":{"id":"2000194335631808315600000000","pnu":"1221011900200080038"},"geometry":{"type":"MultiPolygon","coordinates":[[[[126.938603,35.126552],[126.938608,35.126619],[126.938721,35.126612],[126.938713,35.126519],[126.938633,35.126522],[126.938634,35.126548],[126.938603,35.126552]]]]}},{"type":"Feature","id":"2000194338731807806200000000","properties":{"id":"2000194338731807806200000000","pnu":"1221011900200080038"},"geometry":{"type":"MultiPolygon","coordinates":[[[[126.938631,35.126279],[126.938801,35.126265],[126.938768,35.125942],[126.938607,35.125954],[126.938615,35.126084],[126.938594,35.126085],[126.9386,35.126154],[126.938619,35.126155],[126.938631,35.126279]]]]}},{"type":"Feature","id":"2000194344131808103800000000","properties":{"id":"2000194344131808103800000000","pnu":"1221011900200080038"},"geometry":{"type":"MultiPolygon","coordinates":[[[[126.938785,35.126324],[126.938728,35.126325],[126.938731,35.126437],[126.938788,35.126436],[126.938785,35.126324]]]]}},{"type":"Feature","id":"2001193674321806955700000000","properties":{"id":"2001193674321806955700000000","pnu":"1221011900105930000"},"geometry":{"type":"MultiPolygon","coordinates":[[[[126.931491,35.125236],[126.931411,35.125216],[126.931329,35.125446],[126.931409,35.125466],[126.931491,35.125236]]]]}},{"type":"Feature","id":"2001194008271808260100000000","properties":{"id":"2001194008271808260100000000","pnu":"1221011900104910000"},"geometry":{"type":"MultiPolygon","coordinates":[[[[126.935006,35.12658],[126.935077,35.126601],[126.935138,35.126457],[126.935071,35.126437],[126.935006,35.12658]]]]}},{"type":"Feature","id":"2001194079861808207000000000","properties":{"id":"2001194079861808207000000000","pnu":"1221011900104910000"},"geometry":{"type":"MultiPolygon","coordinates":[[[[126.935158,35.126599],[126.935579,35.126712],[126.935564,35.126747],[126.935674,35.126774],[126.935687,35.126759],[126.935728,35.12675],[126.93575,35.126759],[126.935829,35.126705],[126.935805,35.126672],[126.936219,35.126388],[126.936382,35.126043],[126.936265,35.126011],[126.936091,35.126329],[126.936098,35.126335],[126.935696,35.126628],[126.93566,35.126632],[126.935197,35.126514],[126.935158,35.126599]]]]}},{"type":"Feature","id":"2002193633971805704800000000","properties":{"id":"2002193633971805704800000000","pnu":"1221012600102880019"},"geometry":{"type":"MultiPolygon","coordinates":[[[[126.931016,35.124295],[126.931027,35.124241],[126.931014,35.124236],[126.931021,35.124196],[126.930987,35.124125],[126.930938,35.124123],[126.930906,35.124272],[126.931016,35.124295]]]]}},{"type":"Feature","id":"2002193666771800147900000000","properties":{"id":"2002193666771800147900000000","pnu":"1221012600102620015"},"geometry":{"type":"MultiPolygon","coordinates":[[[[126.931312,35.119266],[126.931415,35.119182],[126.931402,35.119143],[126.931296,35.119179],[126.931255,35.119215],[126.931278,35.119264],[126.931312,35.119266]]]]}},{"type":"Feature","id":"2002193782451809102100000000","properties":{"id":"2002193782451809102100000000","pnu":"1221011900105400057"},"geometry":{"type":"MultiPolygon","coordinates":[[[[126.932641,35.127334],[126.932671,35.127254],[126.93255,35.127219],[126.932517,35.127298],[126.932641,35.127334]]]]}},{"type":"Feature","id":"2002193791041806079300000000","properties":{"id":"2002193791041806079300000000","pnu":"1221011900106540002"},"geometry":{"type":"MultiPolygon","coordinates":[[[[126.932749,35.124604],[126.932773,35.124526],[126.932631,35.124501],[126.932611,35.124578],[126.932749,35.124604]]]]}},{"type":"Feature","id":"2002193839901804287100000000","properties":{"id":"2002193839901804287100000000","pnu":"1221011900106450012"},"geometry":{"type":"MultiPolygon","coordinates":[[[[126.93327,35.122994],[126.9333,35.12291],[126.933185,35.122882],[126.933156,35.122956],[126.933189,35.122967],[126.933189,35.122974],[126.93327,35.122994]]]]}},{"type":"Feature","id":"2002193898511809325800000000","properties":{"id":"2002193898511809325800000000","pnu":"1221011900105520008"},"geometry":{"type":"MultiPolygon","coordinates":[[[[126.933944,35.12746],[126.933829,35.127423],[126.933792,35.127502],[126.933909,35.127532],[126.933944,35.12746]]]]}},{"type":"Feature","id":"2002193963901806735800000000","properties":{"id":"2002193963901806735800000000","pnu":"1221011900106220008"},"geometry":{"type":"MultiPolygon","coordinates":[[[[126.93466,35.12508],[126.934584,35.125056],[126.934528,35.125168],[126.934543,35.125174],[126.934523,35.125217],[126.934586,35.12524],[126.93466,35.12508]]]]}},{"type":"Feature","id":"2002193968771808717400000000","properties":{"id":"2002193968771808717400000000","pnu":"1221011900105590006"},"geometry":{"type":"MultiPolygon","coordinates":[[[[126.934684,35.126978],[126.934709,35.126918],[126.934665,35.126907],[126.934666,35.1269],[126.9346,35.12688],[126.934572,35.126951],[126.934684,35.126978]]]]}},{"type":"Feature","id":"2002194118921803044700000000","properties":{"id":"2002194118921803044700000000","pnu":"1221011900102920000"},"geometry":{"type":"MultiPolygon","coordinates":[[[[126.936243,35.12186],[126.93629,35.121855],[126.936289,35.121844],[126.93635,35.121834],[126.936345,35.121784],[126.936237,35.121795],[126.936243,35.12186]]]]}},{"type":"Feature","id":"2002194122491803136900000000","properties":{"id":"2002194122491803136900000000","pnu":"1221011900102920000"},"geometry":{"type":"MultiPolygon","coordinates":[[[[126.936247,35.121879],[126.936262,35.121946],[126.93641,35.121925],[126.9364,35.121858],[126.936247,35.121879]]]]}},{"type":"Feature","id":"2002194131991807579100000000","properties":{"id":"2002194131991807579100000000","pnu":"1221011900104960001"},"geometry":{"type":"MultiPolygon","coordinates":[[[[126.936341,35.125891],[126.936348,35.125915],[126.936467,35.125952],[126.936505,35.125897],[126.936485,35.125867],[126.936341,35.125891]]]]}},{"type":"Feature","id":"2003193651891800605800000000","properties":{"id":"2003193651891800605800000000","pnu":"1221012600106490032"},"geometry":{"type":"MultiPolygon","coordinates":[[[[126.931122,35.119694],[126.931228,35.119654],[126.931233,35.119661],[126.931262,35.119648],[126.931169,35.119526],[126.931142,35.119537],[126.931127,35.119567],[126.931126,35.119597],[126.931111,35.119597],[126.931103,35.11967],[126.931122,35.119694]]]]}},{"type":"Feature","id":"2003193739581809577500000000","properties":{"id":"2003193739581809577500000000","pnu":"1221011900105320079"},"geometry":{"type":"MultiPolygon","coordinates":[[[[126.932129,35.127752],[126.932197,35.127728],[126.932213,35.127688],[126.93211,35.127659],[126.932107,35.127668],[126.932068,35.127658],[126.93204,35.127724],[126.932129,35.127752]]]]}},{"type":"Feature","id":"2003193759461803743900000000","properties":{"id":"2003193759461803743900000000","pnu":"1221012600102770000"},"geometry":{"type":"MultiPolygon","coordinates":[[[[126.932254,35.122257],[126.932191,35.122268],[126.932173,35.122322],[126.93222,35.122333],[126.932205,35.122377],[126.932266,35.122392],[126.932191,35.122608],[126.932414,35.12266],[126.932531,35.122322],[126.932254,35.122257]]]]}},{"type":"Feature","id":"2003193762531803459100000000","properties":{"id":"2003193762531803459100000000","pnu":"1221012600102770002"},"geometry":{"type":"MultiPolygon","coordinates":[[[[126.932154,35.122223],[126.932546,35.122313],[126.932599,35.122158],[126.932555,35.122154],[126.932524,35.122143],[126.932479,35.122124],[126.932364,35.1221],[126.932371,35.122071],[126.932322,35.122062],[126.932178,35.12214],[126.932154,35.122223]]]]}},{"type":"Feature","id":"2003193837481809898600000000","properties":{"id":"2003193837481809898600000000","pnu":"1221011900105320081"},"geometry":{"type":"MultiPolygon","coordinates":[[[[126.933293,35.12796],[126.933149,35.127922],[126.933103,35.128028],[126.933245,35.128069],[126.933293,35.12796]]]]}},{"type":"Feature","id":"2003193845551800012300000000","properties":{"id":"2003193845551800012300000000","pnu":"1221012600102640003"},"geometry":{"type":"MultiPolygon","coordinates":[[[[126.933293,35.119133],[126.933253,35.119334],[126.933244,35.119333],[126.933234,35.119382],[126.933384,35.119402],[126.93342,35.119223],[126.933431,35.119225],[126.933451,35.119126],[126.933405,35.119083],[126.933401,35.118938],[126.933371,35.11888],[126.933187,35.118825],[126.933148,35.118914],[126.933109,35.118896],[126.93306,35.119008],[126.93327,35.11907],[126.933293,35.119133]]]]}},{"type":"Feature","id":"2003193857641799835900000000","properties":{"id":"2003193857641799835900000000","pnu":"1221012600102650002"},"geometry":{"type":"MultiPolygon","coordinates":[[[[126.933377,35.11889],[126.933429,35.118979],[126.933451,35.118971],[126.93344,35.118952],[126.933468,35.118941],[126.933458,35.118925],[126.933469,35.11892],[126.933458,35.118901],[126.933447,35.118906],[126.933438,35.118889],[126.93341,35.1189],[126.933399,35.118881],[126.933377,35.11889]]]]}},{"type":"Feature","id":"2003193895081805209500000000","properties":{"id":"2003193895081805209500000000","pnu":"1221011900106430005"},"geometry":{"type":"MultiPolygon","coordinates":[[[[126.933907,35.123746],[126.933779,35.123721],[126.93376,35.12379],[126.933872,35.123817],[126.933879,35.123803],[126.933892,35.123807],[126.933907,35.123746]]]]}},{"type":"Feature","id":"2003193913941809595400000000","properties":{"id":"2003193913941809595400000000","pnu":"1221011900105530018"},"geometry":{"type":"MultiPolygon","coordinates":[[[[126.934116,35.127764],[126.934102,35.127697],[126.933986,35.127659],[126.933966,35.127662],[126.933975,35.127706],[126.933987,35.127774],[126.934035,35.127768],[126.934036,35.127775],[126.934116,35.127764]]]]}},{"type":"Feature","id":"2003193989271808848600000000","properties":{"id":"2003193989271808848600000000","pnu":"1221011900105120018"},"geometry":{"type":"MultiPolygon","coordinates":[[[[126.934889,35.127077],[126.934904,35.127041],[126.934839,35.127022],[126.934823,35.127058],[126.934889,35.127077]]]]}},{"type":"Feature","id":"2003193990911808745900000000","properties":{"id":"2003193990911808745900000000","pnu":"1221011900105120018"},"geometry":{"type":"MultiPolygon","coordinates":[[[[126.934851,35.126875],[126.934791,35.127003],[126.934915,35.127039],[126.934971,35.12691],[126.934851,35.126875]]]]}},{"type":"Feature","id":"2003193991091806705200000000","properties":{"id":"2003193991091806705200000000","pnu":"1221011900104850007"},"geometry":{"type":"MultiPolygon","coordinates":[[[[126.934895,35.125043],[126.934824,35.125103],[126.93482,35.125113],[126.934816,35.125133],[126.934836,35.125175],[126.934872,35.12519],[126.934972,35.125106],[126.934895,35.125043]]]]}},{"type":"Feature","id":"2003193998201804018400000000","properties":{"id":"2003193998201804018400000000","pnu":"1221011900106380036"},"geometry":{"type":"MultiPolygon","coordinates":[[[[126.934861,35.122636],[126.93486,35.122624],[126.934827,35.122627],[126.934804,35.122641],[126.934792,35.122675],[126.9348,35.122701],[126.934819,35.122718],[126.934844,35.12273],[126.934862,35.122729],[126.934864,35.122766],[126.935134,35.122754],[126.935128,35.122659],[126.935068,35.122662],[126.935066,35.122635],[126.935027,35.122637],[126.935027,35.122629],[126.934861,35.122636]]]]}},{"type":"Feature","id":"2003194006851804505400000000","properties":{"id":"2003194006851804505400000000","pnu":"1221011900104430000"},"geometry":{"type":"MultiPolygon","coordinates":[[[[126.93506,35.12338],[126.935188,35.123357],[126.935088,35.122977],[126.935083,35.122978],[126.935062,35.122885],[126.93495,35.122907],[126.934956,35.12293],[126.934944,35.122933],[126.934958,35.122987],[126.934926,35.122993],[126.934933,35.123018],[126.934961,35.123013],[126.93501,35.123202],[126.934983,35.123207],[126.93499,35.123232],[126.935017,35.123227],[126.93506,35.12338]]]]}},{"type":"Feature","id":"2003194009871804935400000000","properties":{"id":"2003194009871804935400000000","pnu":"1221011900104430000"},"geometry":{"type":"MultiPolygon","coordinates":[[[[126.935304,35.123527],[126.935296,35.123496],[126.93525,35.123505],[126.935241,35.123472],[126.935009,35.123516],[126.934998,35.123475],[126.934921,35.123489],[126.934946,35.123576],[126.935304,35.123527]]]]}},{"type":"Feature","id":"2003194071021804627800000000","properties":{"id":"2003194071021804627800000000","pnu":"1221011900104430000"},"geometry":{"type":"MultiPolygon","coordinates":[[[[126.935234,35.123279],[126.935261,35.123387],[126.935374,35.123367],[126.935378,35.123384],[126.935423,35.123376],[126.935418,35.123359],[126.93563,35.123322],[126.935635,35.123343],[126.935679,35.123335],[126.935675,35.123317],[126.935889,35.12328],[126.935893,35.123295],[126.935934,35.123288],[126.93593,35.123272],[126.936147,35.123234],[126.936151,35.12325],[126.936191,35.123243],[126.936186,35.123225],[126.936294,35.123206],[126.936267,35.123101],[126.935234,35.123279]]]]}},{"type":"Feature","id":"2003194084561802500600000000","properties":{"id":"2003194084561802500600000000","pnu":"1221011900102870002"},"geometry":{"type":"MultiPolygon","coordinates":[[[[126.935841,35.121339],[126.935892,35.121352],[126.935898,35.121343],[126.935971,35.121361],[126.935985,35.121321],[126.935871,35.121294],[126.935841,35.121339]]]]}},{"type":"Feature","id":"2003194091701808745500000000","properties":{"id":"2003194091701808745500000000","pnu":"1221011900105010000"},"geometry":{"type":"MultiPolygon","coordinates":[[[[126.935898,35.126865],[126.935904,35.127057],[126.936075,35.127053],[126.93607,35.126899],[126.93608,35.126899],[126.936079,35.126859],[126.935945,35.126861],[126.935945,35.126865],[126.935898,35.126865]]]]}},{"type":"Feature","id":"2003194110111808773900000000","properties":{"id":"2003194110111808773900000000","pnu":"1221011900105010000"},"geometry":{"type":"MultiPolygon","coordinates":[[[[126.936258,35.126911],[126.93612,35.126911],[126.936121,35.127055],[126.936259,35.127054],[126.936258,35.126911]]]]}},{"type":"Feature","id":"2003194114471809190400000000","properties":{"id":"2003194114471809190400000000","pnu":"1221011900105010000"},"geometry":{"type":"MultiPolygon","coordinates":[[[[126.936422,35.127265],[126.936036,35.127306],[126.936043,35.127352],[126.935819,35.127375],[126.935836,35.127484],[126.935876,35.12748],[126.935877,35.127488],[126.935908,35.127484],[126.935909,35.127491],[126.935926,35.127489],[126.93593,35.127513],[126.93599,35.127507],[126.935987,35.127484],[126.936003,35.127482],[126.936002,35.127474],[126.936032,35.127471],[126.936031,35.127464],[126.936064,35.12746],[126.936057,35.127414],[126.936106,35.127409],[126.936107,35.127416],[126.936142,35.127413],[126.936143,35.12742],[126.936157,35.127418],[126.936161,35.127442],[126.93622,35.127436],[126.936216,35.127414],[126.936235,35.127412],[126.936234,35.127403],[126.936266,35.1274],[126.936265,35.127393],[126.93636,35.127383],[126.936361,35.127388],[126.936454,35.127379],[126.936506,35.127412],[126.936511,35.127406],[126.936556,35.127434],[126.936641,35.127343],[126.936541,35.12728],[126.93657,35.127249],[126.936468,35.127185],[126.936412,35.127244],[126.936429,35.127255],[126.936422,35.127265]]]]}},{"type":"Feature","id":"2003194119991808792600000000","properties":{"id":"2003194119991808792600000000","pnu":"1221011900105010000"},"geometry":{"type":"MultiPolygon","coordinates":[[[[126.936321,35.126945],[126.936274,35.126945],[126.936275,35.127054],[126.936322,35.127054],[126.936321,35.126945]]]]}},{"type":"Feature","id":"2003194130331808579900000000","properties":{"id":"2003194130331808579900000000","pnu":"1221011900105010000"},"geometry":{"type":"MultiPolygon","coordinates":[[[[126.936534,35.126817],[126.936252,35.126596],[126.936157,35.126678],[126.93619,35.126704],[126.936185,35.126709],[126.936209,35.126728],[126.936202,35.126734],[126.936216,35.126745],[126.936198,35.126761],[126.936237,35.126791],[126.936252,35.126778],[126.936263,35.126786],[126.936273,35.126778],[126.936297,35.126797],[126.936301,35.126794],[126.936372,35.126849],[126.936364,35.126855],[126.93644,35.126915],[126.936438,35.126966],[126.936446,35.126966],[126.936444,35.127007],[126.936568,35.12701],[126.936573,35.126903],[126.936634,35.126904],[126.936632,35.126797],[126.936537,35.126798],[126.936537,35.126814],[126.936534,35.126817]]]]}},{"type":"Feature","id":"2003194166421808154200000000","properties":{"id":"2003194166421808154200000000","pnu":"1221011900105010000"},"geometry":{"type":"MultiPolygon","coordinates":[[[[126.936754,35.12641],[126.936751,35.126417],[126.936759,35.126431],[126.936777,35.126442],[126.936858,35.12644],[126.936857,35.126409],[126.936754,35.12641]]]]}},{"type":"Feature","id":"2003194185781808463700000000","properties":{"id":"2003194185781808463700000000","pnu":"1221011900105010000"},"geometry":{"type":"MultiPolygon","coordinates":[[[[126.936982,35.126651],[126.936719,35.126651],[126.93672,35.126762],[126.936772,35.126762],[126.936772,35.126767],[126.93681,35.126767],[126.93681,35.126781],[126.936823,35.126781],[126.936823,35.126801],[126.936881,35.126801],[126.936881,35.126778],[126.936901,35.126778],[126.936901,35.126766],[126.936932,35.126766],[126.936932,35.126759],[126.936985,35.126759],[126.936985,35.126747],[126.937034,35.126747],[126.937034,35.126754],[126.937125,35.126754],[126.937174,35.126793],[126.93718,35.126788],[126.937218,35.12682],[126.937314,35.12674],[126.937223,35.126665],[126.937254,35.126639],[126.937162,35.126565],[126.937099,35.126617],[126.937116,35.126631],[126.937104,35.126641],[126.936983,35.126637],[126.936982,35.126651]]]]}},{"type":"Feature","id":"2003194210111809145200000000","properties":{"id":"2003194210111809145200000000","pnu":"1221011900105010000"},"geometry":{"type":"MultiPolygon","coordinates":[[[[126.937621,35.127253],[126.936718,35.127263],[126.936719,35.127369],[126.936769,35.127369],[126.936769,35.127376],[126.936803,35.127376],[126.936803,35.127384],[126.93682,35.127384],[126.93682,35.127407],[126.936877,35.127406],[126.936877,35.127386],[126.936896,35.127385],[126.936895,35.127375],[126.936925,35.127375],[126.936925,35.127367],[126.937021,35.127366],[126.937021,35.127375],[126.937062,35.127375],[126.937062,35.127382],[126.937078,35.127382],[126.937078,35.127407],[126.937138,35.127407],[126.937138,35.127383],[126.937154,35.127383],[126.937154,35.127373],[126.937189,35.127373],[126.937189,35.127368],[126.937284,35.127367],[126.937284,35.127374],[126.937315,35.127374],[126.937316,35.127382],[126.937336,35.127382],[126.937336,35.127406],[126.937391,35.127406],[126.937391,35.127383],[126.937412,35.127383],[126.937412,35.127375],[126.937442,35.127374],[126.937442,35.127368],[126.937535,35.127367],[126.937535,35.127374],[126.937642,35.127373],[126.937682,35.12741],[126.937692,35.127403],[126.937731,35.127439],[126.937807,35.127376],[126.937802,35.127372],[126.937822,35.127355],[126.937732,35.127282],[126.937765,35.127254],[126.937672,35.127179],[126.937609,35.127232],[126.937624,35.127244],[126.937621,35.127253]]]]}},{"type":"Feature","id":"2003194242671808606100000000","properties":{"id":"2003194242671808606100000000","pnu":"1221011900105010000"},"geometry":{"type":"MultiPolygon","coordinates":[[[[126.937633,35.126629],[126.937497,35.126629],[126.937497,35.12667],[126.93737,35.12667],[126.93737,35.126783],[126.937421,35.126783],[126.937421,35.12679],[126.937495,35.12679],[126.937557,35.12684],[126.937562,35.126836],[126.937633,35.126899],[126.937626,35.126904],[126.937694,35.126965],[126.937697,35.12701],[126.937704,35.12701],[126.937705,35.127055],[126.937853,35.127054],[126.937848,35.126949],[126.937886,35.126948],[126.937881,35.126842],[126.937794,35.126844],[126.937795,35.126866],[126.937599,35.12672],[126.937599,35.126702],[126.937634,35.126702],[126.937633,35.126629]]]]}},{"type":"Feature","id":"2004193578601809663500000000","properties":{"id":"2004193578601809663500000000","pnu":"1221011900105850025"},"geometry":{"type":"MultiPolygon","coordinates":[[[[126.930273,35.127813],[126.930393,35.127852],[126.930442,35.12775],[126.930322,35.127711],[126.930273,35.127813]]]]}},{"type":"Feature","id":"2004193731491809328800000000","properties":{"id":"2004193731491809328800000000","pnu":"1221011900105400016"},"geometry":{"type":"MultiPolygon","coordinates":[[[[126.932125,35.127451],[126.932057,35.127431],[126.93205,35.127447],[126.931978,35.127424],[126.931943,35.127501],[126.932083,35.127543],[126.932125,35.127451]]]]}},{"type":"Feature","id":"2004193969791806599800000000","properties":{"id":"2004193969791806599800000000","pnu":"1221011900106230009"},"geometry":{"type":"MultiPolygon","coordinates":[[[[126.934639,35.125001],[126.934607,35.125023],[126.934649,35.125062],[126.934661,35.125064],[126.934687,35.125001],[126.93469,35.124993],[126.93466,35.124985],[126.934639,35.125001]]]]}},{"type":"Feature","id":"2004194005641808729600000000","properties":{"id":"2004194005641808729600000000","pnu":"1221011900105120020"},"geometry":{"type":"MultiPolygon","coordinates":[[[[126.935123,35.126929],[126.934999,35.126887],[126.934965,35.126955],[126.935088,35.126997],[126.935123,35.126929]]]]}},{"type":"Feature","id":"2004194031361808838200000000","properties":{"id":"2004194031361808838200000000","pnu":"1221011900105120021"},"geometry":{"type":"MultiPolygon","coordinates":[[[[126.935184,35.127031],[126.935439,35.127121],[126.935459,35.127083],[126.935443,35.127039],[126.935219,35.126961],[126.935184,35.127031]]]]}},{"type":"Feature","id":"2004194041051808674500000000","properties":{"id":"2004194041051808674500000000","pnu":"1221011900105110002"},"geometry":{"type":"MultiPolygon","coordinates":[[[[126.935368,35.126905],[126.935473,35.126935],[126.935506,35.126915],[126.935476,35.126901],[126.935482,35.126885],[126.935439,35.126867],[126.935445,35.126854],[126.935401,35.126844],[126.935368,35.126905]]]]}},{"type":"Feature","id":"2004194139841801965300000000","properties":{"id":"2004194139841801965300000000","pnu":"1221011900103230002"},"geometry":{"type":"MultiPolygon","coordinates":[[[[126.936481,35.120872],[126.936563,35.120875],[126.936565,35.120826],[126.936479,35.120812],[126.936481,35.120872]]]]}},{"type":"Feature","id":"2004194155061807999000000000","properties":{"id":"2004194155061807999000000000","pnu":"1221011900105080007"},"geometry":{"type":"MultiPolygon","coordinates":[[[[126.93661,35.126345],[126.936685,35.126368],[126.936723,35.126291],[126.93673,35.126294],[126.936752,35.12625],[126.936724,35.126199],[126.936654,35.126231],[126.936659,35.126237],[126.93661,35.126345]]]]}},{"type":"Feature","id":"2004194313671802897800000000","properties":{"id":"2004194313671802897800000000","pnu":"1221011900104010000"},"geometry":{"type":"MultiPolygon","coordinates":[[[[126.93834,35.121668],[126.938381,35.121749],[126.938486,35.121713],[126.938479,35.1217],[126.938518,35.121687],[126.938493,35.121636],[126.93846,35.121648],[126.938455,35.121637],[126.938392,35.121659],[126.938388,35.121652],[126.93834,35.121668]]]]}},{"type":"Feature","id":"2004194327491802454500000000","properties":{"id":"2004194327491802454500000000","pnu":"1221011900103940001"},"geometry":{"type":"MultiPolygon","coordinates":[[[[126.938553,35.121309],[126.938602,35.121307],[126.938604,35.121268],[126.938558,35.121267],[126.938553,35.121309]]]]}},{"type":"Feature","id":"2005193502301808810800000000","properties":{"id":"2005193502301808810800000000","pnu":"1221011900109990000"},"geometry":{"type":"MultiPolygon","coordinates":[[[[126.929484,35.126958],[126.929475,35.127063],[126.929559,35.127067],[126.929567,35.126961],[126.929484,35.126958]]]]}},{"type":"Feature","id":"2005193647841805516200000000","properties":{"id":"2005193647841805516200000000","pnu":"1221012600102860005"},"geometry":{"type":"MultiPolygon","coordinates":[[[[126.931003,35.124],[126.931004,35.124086],[126.931228,35.124088],[126.931228,35.124048],[126.931245,35.124049],[126.931246,35.124003],[126.931003,35.124]]]]}},{"type":"Feature","id":"2005193737161808099000000000","properties":{"id":"2005193737161808099000000000","pnu":"1221011900105660034"},"geometry":{"type":"MultiPolygon","coordinates":[[[[126.932033,35.126388],[126.932118,35.126412],[126.932149,35.126337],[126.932123,35.12633],[126.932046,35.126374],[126.932033,35.126388]]]]}},{"type":"Feature","id":"2005193797671809593700000000","properties":{"id":"2005193797671809593700000000","pnu":"1221011900105400004"},"geometry":{"type":"MultiPolygon","coordinates":[[[[126.932814,35.127768],[126.932836,35.127712],[126.932713,35.127673],[126.932684,35.127726],[126.932814,35.127768]]]]}},{"type":"Feature","id":"2005193827161801580000000000","properties":{"id":"2005193827161801580000000000","pnu":"1221012600102700007"},"geometry":{"type":"MultiPolygon","coordinates":[[[[126.933041,35.120418],[126.933001,35.120543],[126.933138,35.120576],[126.933183,35.120452],[126.933041,35.120418]]]]}},{"type":"Feature","id":"2006193773521801250700000000","properties":{"id":"2006193773521801250700000000","pnu":"1221012600106360020"},"geometry":{"type":"MultiPolygon","coordinates":[[[[126.932419,35.120272],[126.932509,35.120296],[126.932535,35.120232],[126.932558,35.120238],[126.932596,35.120142],[126.932473,35.12011],[126.932433,35.120211],[126.932442,35.120213],[126.932419,35.120272]]]]}},{"type":"Feature","id":"2006193856471808725200000000","properties":{"id":"2006193856471808725200000000","pnu":"1221011900105660009"},"geometry":{"type":"MultiPolygon","coordinates":[[[[126.933455,35.126902],[126.933368,35.126881],[126.933344,35.126967],[126.933446,35.126993],[126.933467,35.126935],[126.933455,35.126902]]]]}},{"type":"Feature","id":"2006193880321809676000000000","properties":{"id":"2006193880321809676000000000","pnu":"1221011900105500000"},"geometry":{"type":"MultiPolygon","coordinates":[[[[126.933632,35.127827],[126.933669,35.127833],[126.933699,35.127785],[126.933695,35.127761],[126.933666,35.127752],[126.933632,35.127827]]]]}},{"type":"Feature","id":"2006193881031809769700000000","properties":{"id":"2006193881031809769700000000","pnu":"1221011900105500000"},"geometry":{"type":"MultiPolygon","coordinates":[[[[126.933651,35.127928],[126.933715,35.127921],[126.9337,35.12783],[126.933636,35.127838],[126.933651,35.127928]]]]}},{"type":"Feature","id":"2006193912591801399700000000","properties":{"id":"2006193912591801399700000000","pnu":"1221011900106910000"},"geometry":{"type":"MultiPolygon","coordinates":[[[[126.934038,35.120373],[126.934069,35.120315],[126.934019,35.120297],[126.933988,35.120355],[126.934038,35.120373]]]]}},{"type":"Feature","id":"2006193928611801203900000000","properties":{"id":"2006193928611801203900000000","pnu":"1221011900106910000"},"geometry":{"type":"MultiPolygon","coordinates":[[[[126.933736,35.120149],[126.933826,35.12025],[126.9339,35.120205],[126.933893,35.120197],[126.933908,35.120188],[126.933927,35.120208],[126.93396,35.120188],[126.933944,35.12017],[126.933957,35.120162],[126.933963,35.120169],[126.934035,35.120125],[126.934131,35.120161],[126.934123,35.120175],[126.934162,35.12019],[126.934171,35.120175],[126.934266,35.12021],[126.934226,35.120281],[126.93433,35.12032],[126.934321,35.120337],[126.934359,35.120351],[126.934366,35.120338],[126.93456,35.120411],[126.934553,35.120425],[126.934594,35.120439],[126.9346,35.120427],[126.934663,35.120449],[126.934667,35.120443],[126.93471,35.120447],[126.934764,35.120351],[126.934662,35.120313],[126.93466,35.120318],[126.934291,35.120178],[126.934331,35.120106],[126.934092,35.120016],[126.934066,35.119802],[126.933923,35.119814],[126.933949,35.120027],[126.933736,35.120149]]]]}},{"type":"Feature","id":"2006193941471800829500000000","properties":{"id":"2006193941471800829500000000","pnu":"1221011900106910000"},"geometry":{"type":"MultiPolygon","coordinates":[[[[126.934202,35.119648],[126.934233,35.11989],[126.93429,35.119885],[126.9344,35.119925],[126.934391,35.119942],[126.934508,35.119985],[126.934536,35.119935],[126.934318,35.11968],[126.934202,35.119648]]]]}},{"type":"Feature","id":"2006194172781805561900000000","properties":{"id":"2006194172781805561900000000","pnu":"1221011900104570003"},"geometry":{"type":"MultiPolygon","coordinates":[[[[126.936954,35.124045],[126.936796,35.12406],[126.936806,35.124132],[126.936963,35.124116],[126.936954,35.124045]]]]}},{"type":"Feature","id":"2007193958331809013500000000","properties":{"id":"2007193958331809013500000000","pnu":"1221011900105590002"},"geometry":{"type":"MultiPolygon","coordinates":[[[[126.93448,35.127138],[126.934444,35.127213],[126.934471,35.127221],[126.934465,35.127235],[126.934517,35.12725],[126.934521,35.12724],[126.934569,35.127254],[126.93461,35.127176],[126.93448,35.127138]]]]}},{"type":"Feature","id":"2007194144491807136500000000","properties":{"id":"2007194144491807136500000000","pnu":"1221011900104970004"},"geometry":{"type":"MultiPolygon","coordinates":[[[[126.936495,35.125491],[126.936531,35.125568],[126.936644,35.125517],[126.936616,35.125459],[126.936601,35.125467],[126.936587,35.125453],[126.936495,35.125491]]]]}},{"type":"Feature","id":"2008193623071802895500000000","properties":{"id":"2008193623071802895500000000","pnu":"1221012600102430063"},"geometry":{"type":"MultiPolygon","coordinates":[[[[126.930713,35.121953],[126.930814,35.121977],[126.930943,35.121615],[126.930908,35.121607],[126.930979,35.121409],[126.930877,35.121384],[126.930806,35.121584],[126.930841,35.121593],[126.930713,35.121953]]]]}},{"type":"Feature","id":"2008193695171803276100000000","properties":{"id":"2008193695171803276100000000","pnu":"1221012600106360007"},"geometry":{"type":"MultiPolygon","coordinates":[[[[126.931709,35.121937],[126.931635,35.121941],[126.931635,35.121953],[126.931567,35.121955],[126.931569,35.122011],[126.931563,35.122012],[126.931567,35.1221],[126.931626,35.122099],[126.931627,35.122105],[126.931716,35.122103],[126.931709,35.121937]]]]}},{"type":"Feature","id":"2008193807651805563800000000","properties":{"id":"2008193807651805563800000000","pnu":"1221011900106530015"},"geometry":{"type":"MultiPolygon","coordinates":[[[[126.932917,35.124154],[126.932951,35.124048],[126.932831,35.124022],[126.932797,35.124127],[126.932917,35.124154]]]]}},{"type":"Feature","id":"2008193874961808795200000000","properties":{"id":"2008193874961808795200000000","pnu":"1221011900105650002"},"geometry":{"type":"MultiPolygon","coordinates":[[[[126.933547,35.127022],[126.933662,35.127047],[126.933681,35.126982],[126.933554,35.126955],[126.933541,35.126999],[126.933553,35.127002],[126.933547,35.127022]]]]}},{"type":"Feature","id":"2009193596571803926400000000","properties":{"id":"2009193596571803926400000000","pnu":"1221012600102880011"},"geometry":{"type":"MultiPolygon","coordinates":[[[[126.930499,35.122629],[126.930581,35.122681],[126.930621,35.122576],[126.930528,35.122552],[126.930499,35.122629]]]]}},{"type":"Feature","id":"2009193783711801319400000000","properties":{"id":"2009193783711801319400000000","pnu":"1221012600106360067"},"geometry":{"type":"MultiPolygon","coordinates":[[[[126.932614,35.120203],[126.932555,35.120294],[126.932615,35.12032],[126.932674,35.12023],[126.932614,35.120203]]]]}},{"type":"Feature","id":"2009193796271805964300000000","properties":{"id":"2009193796271805964300000000","pnu":"1221011900106540004"},"geometry":{"type":"MultiPolygon","coordinates":[[[[126.932781,35.124494],[126.932799,35.12442],[126.932719,35.124402],[126.932696,35.124476],[126.932781,35.124494]]]]}},{"type":"Feature","id":"2009193863641803418100000000","properties":{"id":"2009193863641803418100000000","pnu":"1221011900106740000"},"geometry":{"type":"MultiPolygon","coordinates":[[[[126.933459,35.122196],[126.933532,35.122177],[126.933544,35.122157],[126.933521,35.122114],[126.933433,35.122134],[126.933459,35.122196]]]]}},{"type":"Feature","id":"2009194019711805125700000000","properties":{"id":"2009194019711805125700000000","pnu":"1221011900106350006"},"geometry":{"type":"MultiPolygon","coordinates":[[[[126.935179,35.123748],[126.935273,35.123683],[126.93522,35.123642],[126.935164,35.123685],[126.935151,35.12368],[126.93513,35.123697],[126.935179,35.123748]]]]}},{"type":"Feature","id":"2009194323281802097400000000","properties":{"id":"2009194323281802097400000000","pnu":"1221011900103720000"},"geometry":{"type":"MultiPolygon","coordinates":[[[[126.938476,35.121013],[126.938607,35.120991],[126.93859,35.120919],[126.938459,35.120941],[126.938476,35.121013]]]]}},{"type":"Feature","id":"2011193798501804520900000000","properties":{"id":"2011193798501804520900000000","pnu":"1221011900106500005"},"geometry":{"type":"MultiPolygon","coordinates":[[[[126.932708,35.123171],[126.932816,35.123196],[126.932841,35.123124],[126.932732,35.123099],[126.932708,35.123171]]]]}},{"type":"Feature","id":"2011194074481807362400000000","properties":{"id":"2011194074481807362400000000","pnu":"1221011900104940002"},"geometry":{"type":"MultiPolygon","coordinates":[[[[126.935737,35.12566],[126.935713,35.125718],[126.935862,35.125761],[126.935887,35.125702],[126.935737,35.12566]]]]}},{"type":"Feature","id":"2011194242011802265800000000","properties":{"id":"2011194242011802265800000000","pnu":"1221011900103600000"},"geometry":{"type":"MultiPolygon","coordinates":[[[[126.9376,35.121191],[126.937663,35.121196],[126.937683,35.121044],[126.93762,35.121038],[126.9376,35.121191]]]]}},{"type":"Feature","id":"2012193467441808796200000000","properties":{"id":"2012193467441808796200000000","pnu":"1221011900110040000"},"geometry":{"type":"MultiPolygon","coordinates":[[[[126.929125,35.127049],[126.92915,35.127028],[126.929164,35.127039],[126.929212,35.126998],[126.929141,35.126943],[126.929065,35.127009],[126.92909,35.127028],[126.929094,35.127025],[126.929125,35.127049]]]]}},{"type":"Feature","id":"2012193697681808516600000000","properties":{"id":"2012193697681808516600000000","pnu":"1221011900105760009"},"geometry":{"type":"MultiPolygon","coordinates":[[[[126.931644,35.126676],[126.931624,35.126729],[126.931618,35.126728],[126.931611,35.126748],[126.931612,35.126748],[126.931594,35.126795],[126.931689,35.12682],[126.931735,35.1267],[126.931644,35.126676]]]]}},{"type":"Feature","id":"2012193800591808880100000000","properties":{"id":"2012193800591808880100000000","pnu":"1221011900105700016"},"geometry":{"type":"MultiPolygon","coordinates":[[[[126.932739,35.127086],[126.932765,35.127094],[126.932749,35.127128],[126.932804,35.127146],[126.932854,35.127039],[126.932773,35.127014],[126.932739,35.127086]]]]}},{"type":"Feature","id":"2012193881631802205300000000","properties":{"id":"2012193881631802205300000000","pnu":"1221011900108500010"},"geometry":{"type":"MultiPolygon","coordinates":[[[[126.933611,35.12119],[126.933768,35.121223],[126.933804,35.121105],[126.933856,35.121115],[126.933894,35.120994],[126.933545,35.120921],[126.933491,35.121098],[126.933628,35.121127],[126.933611,35.12119]]]]}},{"type":"Feature","id":"2012193919111801827700000000","properties":{"id":"2012193919111801827700000000","pnu":"1221011900106900000"},"geometry":{"type":"MultiPolygon","coordinates":[[[[126.934089,35.120582],[126.933988,35.120673],[126.93402,35.120697],[126.933991,35.120723],[126.934043,35.120762],[126.933986,35.120814],[126.93406,35.120869],[126.934116,35.120817],[126.934119,35.120819],[126.934249,35.120702],[126.934089,35.120582]]]]}},{"type":"Feature","id":"2012193939761802216200000000","properties":{"id":"2012193939761802216200000000","pnu":"1221011900106840000"},"geometry":{"type":"MultiPolygon","coordinates":[[[[126.934436,35.121089],[126.934444,35.121081],[126.934424,35.120999],[126.934386,35.121006],[126.934392,35.120916],[126.934323,35.120912],[126.934323,35.120922],[126.934319,35.120922],[126.934304,35.120924],[126.93429,35.12093],[126.934281,35.12094],[126.934277,35.120953],[126.934277,35.120955],[126.934271,35.120955],[126.934264,35.121045],[126.934271,35.121045],[126.934269,35.121074],[126.934282,35.121075],[126.934277,35.121145],[126.934241,35.121143],[126.934237,35.121204],[126.934235,35.121204],[126.934233,35.121243],[126.934261,35.121244],[126.934261,35.121242],[126.934336,35.121245],[126.934348,35.121078],[126.934381,35.12108],[126.93438,35.121082],[126.934403,35.121086],[126.934404,35.121083],[126.934436,35.121089]]]]}},{"type":"Feature","id":"2012194265471802264200000000","properties":{"id":"2012194265471802264200000000","pnu":"1221011900103650002"},"geometry":{"type":"MultiPolygon","coordinates":[[[[126.937841,35.121153],[126.937953,35.121146],[126.937961,35.121122],[126.937964,35.121086],[126.937923,35.121082],[126.937835,35.121087],[126.937841,35.121153]]]]}},{"type":"Feature","id":"2012194327341802738800000000","properties":{"id":"2012194327341802738800000000","pnu":"1221011900103980001"},"geometry":{"type":"MultiPolygon","coordinates":[[[[126.938641,35.121572],[126.93861,35.121492],[126.938513,35.121517],[126.938544,35.121597],[126.938641,35.121572]]]]}},{"type":"Feature","id":"2013193593721801028100000000","properties":{"id":"2013193593721801028100000000","pnu":"1221012600102430010"},"geometry":{"type":"MultiPolygon","coordinates":[[[[126.930514,35.119944],[126.930466,35.119983],[126.930547,35.120051],[126.930595,35.120013],[126.930514,35.119944]]]]}},{"type":"Feature","id":"2013193785641802207900000000","properties":{"id":"2013193785641802207900000000","pnu":"1221012600106360084"},"geometry":{"type":"MultiPolygon","coordinates":[[[[126.932521,35.12105],[126.932546,35.121084],[126.932567,35.121091],[126.932564,35.121102],[126.932718,35.121137],[126.932752,35.121041],[126.932544,35.120988],[126.932521,35.12105]]]]}},{"type":"Feature","id":"2013193792901805718200000000","properties":{"id":"2013193792901805718200000000","pnu":"1221011900106530009"},"geometry":{"type":"MultiPolygon","coordinates":[[[[126.932643,35.12426],[126.932738,35.124288],[126.93278,35.124193],[126.932684,35.124165],[126.932659,35.124223],[126.932673,35.124227],[126.932669,35.124236],[126.932655,35.124231],[126.932643,35.12426]]]]}},{"type":"Feature","id":"2013193872791805178900000000","properties":{"id":"2013193872791805178900000000","pnu":"1221011900106460007"},"geometry":{"type":"MultiPolygon","coordinates":[[[[126.933537,35.123829],[126.933618,35.123827],[126.933618,35.123815],[126.93364,35.123815],[126.933641,35.123783],[126.933655,35.123784],[126.933646,35.123654],[126.933577,35.123654],[126.933577,35.123665],[126.933525,35.123671],[126.933532,35.123829],[126.933537,35.123829]]]]}},{"type":"Feature","id":"2013193931111809808400000000","properties":{"id":"2013193931111809808400000000","pnu":"1221011900105530014"},"geometry":{"type":"MultiPolygon","coordinates":[[[[126.934285,35.127904],[126.934278,35.127858],[126.934235,35.127864],[126.934179,35.127883],[126.93418,35.127886],[126.934188,35.127977],[126.93425,35.127971],[126.934241,35.127908],[126.934285,35.127904]]]]}},{"type":"Feature","id":"2013193972331805302800000000","properties":{"id":"2013193972331805302800000000","pnu":"1221011900106350004"},"geometry":{"type":"MultiPolygon","coordinates":[[[[126.934622,35.123906],[126.934649,35.123903],[126.93465,35.123912],[126.934726,35.1239],[126.934725,35.123888],[126.934759,35.123884],[126.934741,35.123796],[126.934601,35.123815],[126.934622,35.123906],[126.934622,35.123906]]]]}},{"type":"Feature","id":"2013193972441805300200000000","properties":{"id":"2013193972441805300200000000","pnu":"1221011900106350004"},"geometry":{"type":"MultiPolygon","coordinates":[[[[126.934621,35.123905],[126.93465,35.123902],[126.93465,35.123898],[126.934682,35.123894],[126.934686,35.123905],[126.934726,35.1239],[126.934725,35.123888],[126.934759,35.123883],[126.934745,35.123795],[126.934601,35.123815],[126.934621,35.123905],[126.934621,35.123905]]]]}},{"type":"Feature","id":"2013194049431802818400000000","properties":{"id":"2013194049431802818400000000","pnu":"1221011900102220000"},"geometry":{"type":"MultiPolygon","coordinates":[[[[126.935573,35.121586],[126.935509,35.121571],[126.935484,35.12164],[126.935516,35.121648],[126.935513,35.121656],[126.935529,35.12166],[126.935532,35.121652],[126.935548,35.121655],[126.935573,35.121586]]]]}}]}
