{"type":"FeatureCollection","features":[{"type":"Feature","id":"0000193456531810690400000000","properties":{"id":"0000193456531810690400000000","pnu":"1221012100101890001","purpose":"단독주택"},"geometry":{"type":"MultiPolygon","coordinates":[[[[126.929045,35.128744],[126.929071,35.128697],[126.928991,35.128668],[126.928964,35.128716],[126.929045,35.128744]]]]}},{"type":"Feature","id":"0000193456641810009700000000","properties":{"id":"0000193456641810009700000000","pnu":"1221011900110610000","purpose":"단독주택"},"geometry":{"type":"MultiPolygon","coordinates":[[[[126.929062,35.12815],[126.929072,35.128135],[126.929065,35.128127],[126.92908,35.128102],[126.929068,35.128097],[126.929076,35.128076],[126.929028,35.128057],[126.929031,35.128052],[126.928987,35.128037],[126.92895,35.128101],[126.929062,35.12815]]]]}},{"type":"Feature","id":"0000193459141810332200000000","properties":{"id":"0000193459141810332200000000","pnu":"1221011900110480000","purpose":"단독주택"},"geometry":{"type":"MultiPolygon","coordinates":[[[[126.929096,35.128346],[126.929036,35.12833],[126.928997,35.128419],[126.929056,35.128438],[126.929096,35.128346]]]]}},{"type":"Feature","id":"0000193465081810707500000000","properties":{"id":"0000193465081810707500000000","pnu":"1221012100101890001","purpose":"단독주택"},"geometry":{"type":"MultiPolygon","coordinates":[[[[126.92915,35.12871],[126.929138,35.1287],[126.929076,35.128729],[126.929089,35.128744],[126.92915,35.12871]]]]}},{"type":"Feature","id":"0000193467521810486500000000","properties":{"id":"0000193467521810486500000000","pnu":"1221011000105150051","year":1977,"purpose":"단독주택","floors":2,"structure":"벽돌구조"},"geometry":{"type":"MultiPolygon","coordinates":[[[[126.929092,35.128553],[126.929142,35.128569],[126.929188,35.128496],[126.929129,35.128476],[126.929092,35.128553]]]]}},{"type":"Feature","id":"0000193468581810400400000000","properties":{"id":"0000193468581810400400000000","pnu":"1221011800104720003","year":1989,"purpose":"단독주택","far":85.35,"floors":2,"structure":"벽돌구조"},"geometry":{"type":"MultiPolygon","coordinates":[[[[126.929174,35.128417],[126.929148,35.128413],[126.929125,35.128471],[126.929154,35.128477],[126.929174,35.128417]]]]}},{"type":"Feature","id":"0000193468931816018800000000","properties":{"id":"0000193468931816018800000000","pnu":"1221012200106670002","purpose":"기타"},"geometry":{"type":"MultiPolygon","coordinates":[[[[126.929096,35.133486],[126.929095,35.133528],[126.929206,35.133529],[126.929207,35.133494],[126.929096,35.133486]]]]}},{"type":"Feature","id":"0000193469841812383500000000","properties":{"id":"0000193469841812383500000000","pnu":"1221012200108570008","purpose":"기타"},"geometry":{"type":"MultiPolygon","coordinates":[[[[126.92911,35.130287],[126.929159,35.130302],[126.929214,35.130177],[126.929167,35.130163],[126.92911,35.130287]]]]}},{"type":"Feature","id":"0000193470291811910200000000","properties":{"id":"0000193470291811910200000000","pnu":"1221012200108980129","purpose":"기타"},"geometry":{"type":"MultiPolygon","coordinates":[[[[126.929135,35.129835],[126.929213,35.129807],[126.929197,35.129775],[126.929122,35.129807],[126.929135,35.129835]]]]}},{"type":"Feature","id":"0000193471191810315200000000","properties":{"id":"0000193471191810315200000000","pnu":"1221010300100800002","purpose":"제1종 근린생활시설","floors":1,"structure":"블록구조"},"geometry":{"type":"MultiPolygon","coordinates":[[[[126.929179,35.128373],[126.92918,35.128373],[126.929181,35.128372],[126.929182,35.128372],[126.929182,35.128372],[126.929183,35.128371],[126.929184,35.12837],[126.929184,35.12837],[126.929184,35.128369],[126.929184,35.128368],[126.929184,35.128367],[126.929184,35.128367],[126.929184,35.128366],[126.929183,35.128365],[126.929182,35.128365],[126.929182,35.128364],[126.929181,35.128364],[126.92918,35.128364],[126.929179,35.128364],[126.929178,35.128364],[126.929177,35.128364],[126.929176,35.128364],[126.929175,35.128365],[126.929175,35.128365],[126.929174,35.128366],[126.929174,35.128367],[126.929173,35.128367],[126.929173,35.128368],[126.929173,35.128369],[126.929174,35.12837],[126.929174,35.12837],[126.929175,35.128371],[126.929175,35.128372],[126.929176,35.128372],[126.929177,35.128372],[126.929178,35.128373],[126.929179,35.128373]]]]}},{"type":"Feature","id":"0000193473371810562100000000","properties":{"id":"0000193473371810562100000000","pnu":"1221011900109840000","purpose":"단독주택"},"geometry":{"type":"MultiPolygon","coordinates":[[[[126.929223,35.128629],[126.929253,35.128578],[126.929181,35.128553],[126.929153,35.128603],[126.929223,35.128629]]]]}},{"type":"Feature","id":"0000193474311809931500000000","properties":{"id":"0000193474311809931500000000","pnu":"1221011200100880004","year":1978,"purpose":"제1종 근린생활시설","far":58.249359,"floors":1,"structure":"경량철골구조"},"geometry":{"type":"MultiPolygon","coordinates":[[[[126.929286,35.128003],[126.929244,35.127986],[126.929238,35.127994],[126.929202,35.127981],[126.929197,35.12799],[126.929174,35.127985],[126.929166,35.127995],[126.929153,35.127992],[126.929135,35.128032],[126.929252,35.128072],[126.929286,35.128003]]]]}},{"type":"Feature","id":"0000193474811810408100000000","properties":{"id":"0000193474811810408100000000","pnu":"1221011800104720003","purpose":"기타","structure":"벽돌구조"},"geometry":{"type":"MultiPolygon","coordinates":[[[[126.929175,35.128473],[126.929256,35.128481],[126.929264,35.128434],[126.929181,35.128422],[126.929175,35.128473]]]]}},{"type":"Feature","id":"0000193476551812130800000000","properties":{"id":"0000193476551812130800000000","pnu":"1221012200107570002","purpose":"기타"},"geometry":{"type":"MultiPolygon","coordinates":[[[[126.92925,35.130049],[126.929296,35.130001],[126.929223,35.129958],[126.929176,35.130013],[126.92925,35.130049]]]]}},{"type":"Feature","id":"0000193476961812419100000000","properties":{"id":"0000193476961812419100000000","pnu":"1221012200108570008","purpose":"기타"},"geometry":{"type":"MultiPolygon","coordinates":[[[[126.929263,35.13035],[126.929327,35.13021],[126.929216,35.13018],[126.929155,35.130318],[126.929263,35.13035]]]]}},{"type":"Feature","id":"0000193478601810586000000000","properties":{"id":"0000193478601810586000000000","pnu":"1221011900109840000","purpose":"단독주택"},"geometry":{"type":"MultiPolygon","coordinates":[[[[126.929291,35.128594],[126.929261,35.128588],[126.929232,35.128633],[126.92925,35.12864],[126.929291,35.128594]]]]}},{"type":"Feature","id":"0000193479111816021400000000","properties":{"id":"0000193479111816021400000000","pnu":"1221012200106670003","purpose":"기타"},"geometry":{"type":"MultiPolygon","coordinates":[[[[126.929228,35.133489],[126.929223,35.133528],[126.929297,35.133532],[126.929298,35.133495],[126.929228,35.133489]]]]}},{"type":"Feature","id":"0000193480631810139900000000","properties":{"id":"0000193480631810139900000000","pnu":"1221011900110970000","purpose":"기타"},"geometry":{"type":"MultiPolygon","coordinates":[[[[126.929292,35.128255],[126.929328,35.128183],[126.929275,35.128165],[126.929236,35.128236],[126.929292,35.128255]]]]}},{"type":"Feature","id":"0000193483661810508400000000","properties":{"id":"0000193483661810508400000000","pnu":"1221012200101130002","year":1977,"purpose":"기타","far":128,"floors":2,"structure":"철근콘크리트구조"},"geometry":{"type":"MultiPolygon","coordinates":[[[[126.92931,35.12852],[126.929288,35.128544],[126.929283,35.128566],[126.929312,35.12857],[126.929356,35.128522],[126.929329,35.128514],[126.929325,35.128525],[126.92931,35.12852]]]]}},{"type":"Feature","id":"0000193484861811927700000000","properties":{"id":"0000193484861811927700000000","pnu":"1221012200110040001","purpose":"기타"},"geometry":{"type":"MultiPolygon","coordinates":[[[[126.929361,35.129806],[126.929292,35.129811],[126.929294,35.129837],[126.929363,35.129833],[126.929361,35.129806]]]]}},{"type":"Feature","id":"0000193484941810425900000000","properties":{"id":"0000193484941810425900000000","pnu":"1221011900109870000","purpose":"기타"},"geometry":{"type":"MultiPolygon","coordinates":[[[[126.929279,35.128441],[126.929261,35.128494],[126.929359,35.128517],[126.92937,35.128495],[126.929383,35.128416],[126.929341,35.128412],[126.92933,35.128453],[126.929279,35.128441]]]]}},{"type":"Feature","id":"0000193486841815033600000000","properties":{"id":"0000193486841815033600000000","pnu":"1221012200108720009","purpose":"기타"},"geometry":{"type":"MultiPolygon","coordinates":[[[[126.929382,35.132618],[126.929382,35.132615],[126.929322,35.13262],[126.929324,35.132629],[126.929382,35.132618]]]]}},{"type":"Feature","id":"0000193492251815950600000000","properties":{"id":"0000193492251815950600000000","pnu":"1221012200108730062","purpose":"단독주택","floors":1,"structure":"블록구조"},"geometry":{"type":"MultiPolygon","coordinates":[[[[126.929459,35.133487],[126.929472,35.133484],[126.929491,35.133428],[126.929343,35.133406],[126.929321,35.133469],[126.929459,35.133487]]]]}},{"type":"Feature","id":"0000193492351811931400000000","properties":{"id":"0000193492351811931400000000","pnu":"1221012200110040001","purpose":"기타"},"geometry":{"type":"MultiPolygon","coordinates":[[[[126.929368,35.129833],[126.929387,35.129835],[126.929388,35.129845],[126.929452,35.129842],[126.929453,35.129829],[126.929434,35.129807],[126.929368,35.129807],[126.929368,35.129833]]]]}},{"type":"Feature","id":"0000193492511816043300000000","properties":{"id":"0000193492511816043300000000","pnu":"1221012200106670004","purpose":"기타"},"geometry":{"type":"MultiPolygon","coordinates":[[[[126.929441,35.133558],[126.92945,35.133514],[126.929375,35.133505],[126.929367,35.133548],[126.929441,35.133558]]]]}},{"type":"Feature","id":"0000193496361814889300000000","properties":{"id":"0000193496361814889300000000","pnu":"1221012200108720008","purpose":"기타"},"geometry":{"type":"MultiPolygon","coordinates":[[[[126.929384,35.132535],[126.929483,35.132525],[126.929518,35.132508],[126.92953,35.132462],[126.929397,35.13245],[126.929384,35.132535]]]]}},{"type":"Feature","id":"0000193508561815739600000000","properties":{"id":"0000193508561815739600000000","pnu":"1221012200108730038","purpose":"기타"},"geometry":{"type":"MultiPolygon","coordinates":[[[[126.929609,35.133216],[126.929585,35.133212],[126.92956,35.133299],[126.929584,35.133304],[126.929609,35.133216]]]]}},{"type":"Feature","id":"0000193509411814853600000000","properties":{"id":"0000193509411814853600000000","pnu":"1221012200107500000","purpose":"기타"},"geometry":{"type":"MultiPolygon","coordinates":[[[[126.929637,35.132468],[126.929611,35.132426],[126.929552,35.13245],[126.929577,35.132492],[126.929637,35.132468]]]]}},{"type":"Feature","id":"0000193549181817395500000000","properties":{"id":"0000193549181817395500000000","pnu":"1221012200106730005","purpose":"기타"},"geometry":{"type":"MultiPolygon","coordinates":[[[[126.929915,35.134784],[126.93015,35.134743],[126.930143,35.134717],[126.929908,35.134758],[126.929915,35.134784]]]]}},{"type":"Feature","id":"0000193557481810411200000000","properties":{"id":"0000193557481810411200000000","pnu":"1221011900108550016","purpose":"기타"},"geometry":{"type":"MultiPolygon","coordinates":[[[[126.930137,35.128409],[126.930089,35.128492],[126.930114,35.128501],[126.930162,35.128419],[126.930137,35.128409]]]]}},{"type":"Feature","id":"0000193559711814607500000000","properties":{"id":"0000193559711814607500000000","pnu":"1221012200107500001","purpose":"기타"},"geometry":{"type":"MultiPolygon","coordinates":[[[[126.930094,35.132172],[126.930082,35.13219],[126.93005,35.132201],[126.930023,35.132261],[126.930151,35.132301],[126.930165,35.132277],[126.930181,35.132283],[126.930319,35.13224],[126.930094,35.132172]]]]}},{"type":"Feature","id":"0000193569811816021800000000","properties":{"id":"0000193569811816021800000000","pnu":"1221012200107370003","purpose":"기타"},"geometry":{"type":"MultiPolygon","coordinates":[[[[126.930275,35.133483],[126.930228,35.133489],[126.930238,35.133542],[126.930284,35.133536],[126.930275,35.133483]]]]}},{"type":"Feature","id":"0000193572821814651900000000","properties":{"id":"0000193572821814651900000000","pnu":"1221012200107500001","purpose":"기타"},"geometry":{"type":"MultiPolygon","coordinates":[[[[126.930368,35.132247],[126.930327,35.132241],[126.93019,35.132283],[126.930188,35.132301],[126.930315,35.132306],[126.930316,35.132295],[126.930364,35.132297],[126.930368,35.132247]]]]}},{"type":"Feature","id":"0000193572901816686600000000","properties":{"id":"0000193572901816686600000000","pnu":"1221012200106760001","purpose":"기타"},"geometry":{"type":"MultiPolygon","coordinates":[[[[126.930331,35.134143],[126.930287,35.134064],[126.930249,35.134078],[126.930291,35.13416],[126.930331,35.134143]]]]}},{"type":"Feature","id":"0000193573601813597400000000","properties":{"id":"0000193573601813597400000000","pnu":"1221012200107500001","purpose":"기타"},"geometry":{"type":"MultiPolygon","coordinates":[[[[126.930296,35.131299],[126.930276,35.131348],[126.930303,35.131355],[126.930323,35.131307],[126.930296,35.131299]]]]}},{"type":"Feature","id":"0000193634371818120900000000","properties":{"id":"0000193634371818120900000000","pnu":"1221012200106810007","purpose":"기타"},"geometry":{"type":"MultiPolygon","coordinates":[[[[126.930964,35.135475],[126.930994,35.13547],[126.93096,35.135333],[126.930933,35.135337],[126.930964,35.135475]]]]}},{"type":"Feature","id":"0000193638011810199200000000","properties":{"id":"0000193638011810199200000000","pnu":"1221011900105360010","purpose":"기타"},"geometry":{"type":"MultiPolygon","coordinates":[[[[126.931049,35.128297],[126.931066,35.128263],[126.93097,35.128231],[126.930953,35.128268],[126.931049,35.128297]]]]}},{"type":"Feature","id":"0000193642881818008200000000","properties":{"id":"0000193642881818008200000000","pnu":"1221012200106720000","purpose":"단독주택","floors":1,"structure":"일반목구조"},"geometry":{"type":"MultiPolygon","coordinates":[[[[126.931103,35.135309],[126.931097,35.135283],[126.93101,35.135298],[126.931015,35.135324],[126.931103,35.135309]]]]}},{"type":"Feature","id":"0000193647061810025900000000","properties":{"id":"0000193647061810025900000000","pnu":"1221011900105360015","purpose":"기타"},"geometry":{"type":"MultiPolygon","coordinates":[[[[126.931171,35.128142],[126.931181,35.128111],[126.931047,35.128075],[126.931035,35.128105],[126.931171,35.128142]]]]}},{"type":"Feature","id":"0000193653711814274200000000","properties":{"id":"0000193653711814274200000000","pnu":"1221012200107680000","purpose":"기타"},"geometry":{"type":"MultiPolygon","coordinates":[[[[126.931269,35.131843],[126.931097,35.131834],[126.931089,35.132033],[126.931257,35.132043],[126.931269,35.131843]]]]}},{"type":"Feature","id":"0000193659851810292000000000","properties":{"id":"0000193659851810292000000000","pnu":"1221011900105320199","purpose":"기타"},"geometry":{"type":"MultiPolygon","coordinates":[[[[126.931281,35.128375],[126.931292,35.128338],[126.931216,35.128322],[126.931205,35.128359],[126.931281,35.128375]]]]}},{"type":"Feature","id":"0000193661511817719700000000","properties":{"id":"0000193661511817719700000000","pnu":"1221012200106810002","purpose":"기타"},"geometry":{"type":"MultiPolygon","coordinates":[[[[126.931363,35.135043],[126.931355,35.135011],[126.93116,35.135044],[126.931168,35.135076],[126.931363,35.135043]]]]}},{"type":"Feature","id":"0000193664191816445500000000","properties":{"id":"0000193664191816445500000000","pnu":"1221012200106760061","purpose":"기타"},"geometry":{"type":"MultiPolygon","coordinates":[[[[126.931313,35.133965],[126.931344,35.133956],[126.931266,35.133822],[126.931238,35.133828],[126.931313,35.133965]]]]}},{"type":"Feature","id":"0000193680081818050500000000","properties":{"id":"0000193680081818050500000000","pnu":"1221012200106720000","purpose":"단독주택","floors":1,"structure":"블록구조"},"geometry":{"type":"MultiPolygon","coordinates":[[[[126.931492,35.135392],[126.931467,35.135286],[126.931437,35.135291],[126.931462,35.135397],[126.931492,35.135392]]]]}},{"type":"Feature","id":"0000193682611817670000000000","properties":{"id":"0000193682611817670000000000","pnu":"1221012200106720000","purpose":"단독주택"},"geometry":{"type":"MultiPolygon","coordinates":[[[[126.931555,35.134962],[126.931417,35.134985],[126.93143,35.135036],[126.931568,35.135012],[126.931555,35.134962]]]]}},{"type":"Feature","id":"0000193687571820154000000000","properties":{"id":"0000193687571820154000000000","pnu":"1221011800102760000","purpose":"기타"},"geometry":{"type":"MultiPolygon","coordinates":[[[[126.931521,35.137262],[126.931573,35.137259],[126.931569,35.137214],[126.931518,35.137216],[126.931521,35.137262]]]]}},{"type":"Feature","id":"0000193698441817637100000000","properties":{"id":"0000193698441817637100000000","pnu":"1221012200106800014","purpose":"기타"},"geometry":{"type":"MultiPolygon","coordinates":[[[[126.931741,35.13494],[126.931585,35.134962],[126.931592,35.134998],[126.931748,35.134977],[126.931741,35.13494]]]]}},{"type":"Feature","id":"0000193701611815761700000000","properties":{"id":"0000193701611815761700000000","pnu":"1221012200107190023","purpose":"기타"},"geometry":{"type":"MultiPolygon","coordinates":[[[[126.931648,35.133316],[126.93177,35.133294],[126.931756,35.133241],[126.931635,35.133264],[126.931648,35.133316]]]]}},{"type":"Feature","id":"0000193710661819026100000000","properties":{"id":"0000193710661819026100000000","pnu":"1221012200106840002","purpose":"기타"},"geometry":{"type":"MultiPolygon","coordinates":[[[[126.931789,35.136274],[126.931825,35.136273],[126.931818,35.136177],[126.931766,35.136178],[126.931768,35.13621],[126.931781,35.13621],[126.931789,35.136274]]]]}},{"type":"Feature","id":"0000193715091819027700000000","properties":{"id":"0000193715091819027700000000","pnu":"1221012200106840000","purpose":"기타"},"geometry":{"type":"MultiPolygon","coordinates":[[[[126.931832,35.136268],[126.931869,35.136265],[126.931864,35.136179],[126.931827,35.136179],[126.931832,35.136268]]]]}},{"type":"Feature","id":"0000193716081812439100000000","properties":{"id":"0000193716081812439100000000","pnu":"1221011900105180002","purpose":"단독주택","floors":1,"structure":"블록구조"},"geometry":{"type":"MultiPolygon","coordinates":[[[[126.931902,35.130306],[126.9319,35.13026],[126.931826,35.130262],[126.931827,35.130308],[126.931902,35.130306]]]]}},{"type":"Feature","id":"0000193724961819066800000000","properties":{"id":"0000193724961819066800000000","pnu":"1221012200201340001","purpose":"기타"},"geometry":{"type":"MultiPolygon","coordinates":[[[[126.93201,35.136221],[126.93189,35.136237],[126.931902,35.136295],[126.932022,35.136279],[126.93201,35.136221]]]]}},{"type":"Feature","id":"0000193728311816975400000000","properties":{"id":"0000193728311816975400000000","pnu":"1221012200106920000","purpose":"기타"},"geometry":{"type":"MultiPolygon","coordinates":[[[[126.931968,35.134414],[126.93205,35.134353],[126.932024,35.134332],[126.93194,35.134391],[126.931968,35.134414]]]]}},{"type":"Feature","id":"0000193731371817472300000000","properties":{"id":"0000193731371817472300000000","pnu":"1221012200110050000","purpose":"기타"},"geometry":{"type":"MultiPolygon","coordinates":[[[[126.932009,35.134844],[126.932054,35.134836],[126.932046,35.1348],[126.932003,35.134804],[126.932009,35.134844]]]]}},{"type":"Feature","id":"0000193732991817551500000000","properties":{"id":"0000193732991817551500000000","pnu":"1221012200106810004","purpose":"기타"},"geometry":{"type":"MultiPolygon","coordinates":[[[[126.932076,35.134929],[126.932067,35.134853],[126.932011,35.13486],[126.932029,35.134932],[126.932076,35.134929]]]]}},{"type":"Feature","id":"0000193733711819086400000000","properties":{"id":"0000193733711819086400000000","pnu":"1221012200106840000","purpose":"기타"},"geometry":{"type":"MultiPolygon","coordinates":[[[[126.932031,35.136235],[126.932021,35.136312],[126.932073,35.136317],[126.932084,35.13624],[126.932031,35.136235]]]]}},{"type":"Feature","id":"0000193734141817701600000000","properties":{"id":"0000193734141817701600000000","pnu":"1221012200106810004","purpose":"기타"},"geometry":{"type":"MultiPolygon","coordinates":[[[[126.932042,35.135057],[126.932085,35.135051],[126.932074,35.134999],[126.932032,35.135004],[126.932042,35.135057]]]]}},{"type":"Feature","id":"0000193734501817634900000000","properties":{"id":"0000193734501817634900000000","pnu":"1221012200106810004","purpose":"기타"},"geometry":{"type":"MultiPolygon","coordinates":[[[[126.932057,35.134936],[126.932032,35.134988],[126.932068,35.134999],[126.932092,35.134947],[126.932057,35.134936]]]]}},{"type":"Feature","id":"0000193734851817762500000000","properties":{"id":"0000193734851817762500000000","pnu":"1221012200110050000","purpose":"기타"},"geometry":{"type":"MultiPolygon","coordinates":[[[[126.932056,35.135105],[126.932083,35.135102],[126.932076,35.13506],[126.932049,35.135063],[126.932056,35.135105]]]]}},{"type":"Feature","id":"0000193737471816443500000000","properties":{"id":"0000193737471816443500000000","pnu":"1221012200106770005","purpose":"기타"},"geometry":{"type":"MultiPolygon","coordinates":[[[[126.932101,35.133929],[126.932133,35.133891],[126.932093,35.13386],[126.932056,35.133893],[126.932101,35.133929]]]]}},{"type":"Feature","id":"0000193739291817504800000000","properties":{"id":"0000193739291817504800000000","pnu":"1221012200106880002","purpose":"기타"},"geometry":{"type":"MultiPolygon","coordinates":[[[[126.932123,35.13489],[126.932166,35.134851],[126.932102,35.134812],[126.932065,35.134848],[126.932123,35.13489]]]]}},{"type":"Feature","id":"0000193739481816785000000000","properties":{"id":"0000193739481816785000000000","pnu":"1221012200106950000","purpose":"기타"},"geometry":{"type":"MultiPolygon","coordinates":[[[[126.932116,35.134221],[126.932141,35.134219],[126.932149,35.134228],[126.932156,35.134223],[126.932108,35.134174],[126.932084,35.134189],[126.932116,35.134221]]]]}},{"type":"Feature","id":"0000193740471816677300000000","properties":{"id":"0000193740471816677300000000","pnu":"1221012200106990002","purpose":"기타"},"geometry":{"type":"MultiPolygon","coordinates":[[[[126.932116,35.134144],[126.932175,35.134129],[126.932155,35.134081],[126.932124,35.134065],[126.93208,35.134083],[126.932116,35.134144]]]]}},{"type":"Feature","id":"0000193740811816900300000000","properties":{"id":"0000193740811816900300000000","pnu":"1221012200106950000","purpose":"단독주택"},"geometry":{"type":"MultiPolygon","coordinates":[[[[126.932094,35.134358],[126.932204,35.134299],[126.932169,35.134255],[126.932062,35.134309],[126.932094,35.134358]]]]}},{"type":"Feature","id":"0000193741171812306900000000","properties":{"id":"0000193741171812306900000000","pnu":"1221011900105150034","purpose":"기타"},"geometry":{"type":"MultiPolygon","coordinates":[[[[126.93217,35.130132],[126.932132,35.130123],[126.932111,35.130199],[126.932143,35.130208],[126.93217,35.130132]]]]}},{"type":"Feature","id":"0000193741951817430900000000","properties":{"id":"0000193741951817430900000000","pnu":"1221012200106880002","purpose":"기타"},"geometry":{"type":"MultiPolygon","coordinates":[[[[126.932233,35.134765],[126.93206,35.134745],[126.932055,35.134773],[126.932175,35.134839],[126.932233,35.134765]]]]}},{"type":"Feature","id":"0000193744081812216000000000","properties":{"id":"0000193744081812216000000000","pnu":"1221011900105150003","purpose":"제2종 근린생활시설"},"geometry":{"type":"MultiPolygon","coordinates":[[[[126.932215,35.130049],[126.932185,35.130039],[126.932143,35.130068],[126.932132,35.130117],[126.932178,35.130127],[126.932215,35.130049]]]]}},{"type":"Feature","id":"0000193746851816782900000000","properties":{"id":"0000193746851816782900000000","pnu":"1221012200106990002","purpose":"기타"},"geometry":{"type":"MultiPolygon","coordinates":[[[[126.932218,35.134231],[126.932239,35.134214],[126.932175,35.134168],[126.932158,35.134185],[126.932218,35.134231]]]]}},{"type":"Feature","id":"0000193747291816570000000000","properties":{"id":"0000193747291816570000000000","pnu":"1221012200106990002","purpose":"기타"},"geometry":{"type":"MultiPolygon","coordinates":[[[[126.932152,35.134075],[126.932293,35.133974],[126.932264,35.133938],[126.932111,35.13404],[126.932152,35.134075]]]]}},{"type":"Feature","id":"0000193748631814427200000000","properties":{"id":"0000193748631814427200000000","pnu":"1221012200107310027","purpose":"기타"},"geometry":{"type":"MultiPolygon","coordinates":[[[[126.932197,35.132058],[126.932196,35.132093],[126.932242,35.132094],[126.932243,35.132059],[126.932197,35.132058]]]]}},{"type":"Feature","id":"0000193756011812916700000000","properties":{"id":"0000193756011812916700000000","pnu":"1221012200107660005","purpose":"기타"},"geometry":{"type":"MultiPolygon","coordinates":[[[[126.932343,35.130731],[126.932347,35.130706],[126.93226,35.130699],[126.932257,35.130724],[126.932343,35.130731]]]]}},{"type":"Feature","id":"0000193756371813136700000000","properties":{"id":"0000193756371813136700000000","pnu":"1221012200107660014","purpose":"기타"},"geometry":{"type":"MultiPolygon","coordinates":[[[[126.932366,35.130931],[126.932367,35.130895],[126.932249,35.130892],[126.932246,35.130934],[126.932366,35.130931]]]]}},{"type":"Feature","id":"0000193757461814802900000000","properties":{"id":"0000193757461814802900000000","pnu":"1221012200107320001","purpose":"기타"},"geometry":{"type":"MultiPolygon","coordinates":[[[[126.932272,35.13246],[126.932413,35.132439],[126.932402,35.132368],[126.932201,35.132399],[126.932203,35.132418],[126.932272,35.13246]]]]}},{"type":"Feature","id":"0000193758491815941600000000","properties":{"id":"0000193758491815941600000000","pnu":"1221012200107180001","purpose":"기타"},"geometry":{"type":"MultiPolygon","coordinates":[[[[126.932284,35.133485],[126.932391,35.133426],[126.932375,35.133405],[126.932342,35.133409],[126.932266,35.133455],[126.932284,35.133485]]]]}},{"type":"Feature","id":"0000193763481816683500000000","properties":{"id":"0000193763481816683500000000","pnu":"1221012200106990001","purpose":"기타"},"geometry":{"type":"MultiPolygon","coordinates":[[[[126.932356,35.134172],[126.932457,35.134098],[126.932409,35.134049],[126.932304,35.13412],[126.932356,35.134172]]]]}},{"type":"Feature","id":"0000193767731816533700000000","properties":{"id":"0000193767731816533700000000","pnu":"1221012200106990001","purpose":"기타"},"geometry":{"type":"MultiPolygon","coordinates":[[[[126.932392,35.133893],[126.93234,35.133925],[126.932464,35.134058],[126.932515,35.134025],[126.932497,35.134005],[126.932392,35.133893]]]]}},{"type":"Feature","id":"0000193768081813479500000000","properties":{"id":"0000193768081813479500000000","pnu":"1221012200107820003","purpose":"기타"},"geometry":{"type":"MultiPolygon","coordinates":[[[[126.932428,35.131226],[126.932439,35.131227],[126.93244,35.131218],[126.932428,35.131218],[126.932428,35.131226]]]]}},{"type":"Feature","id":"0000193768371813373000000000","properties":{"id":"0000193768371813373000000000","pnu":"1221012200107820003","purpose":"기타"},"geometry":{"type":"MultiPolygon","coordinates":[[[[126.932434,35.131136],[126.932445,35.131133],[126.932439,35.131116],[126.932429,35.131119],[126.932434,35.131136]]]]}},{"type":"Feature","id":"0000193769861812986400000000","properties":{"id":"0000193769861812986400000000","pnu":"1221012200107660005","purpose":"기타"},"geometry":{"type":"MultiPolygon","coordinates":[[[[126.932491,35.130757],[126.932454,35.13074],[126.932418,35.130801],[126.93245,35.130816],[126.932491,35.130757]]]]}},{"type":"Feature","id":"0000193771731812909500000000","properties":{"id":"0000193771731812909500000000","pnu":"1221012200107660006","purpose":"기타"},"geometry":{"type":"MultiPolygon","coordinates":[[[[126.932508,35.130727],[126.932511,35.130702],[126.932441,35.13069],[126.932437,35.130715],[126.932508,35.130727]]]]}},{"type":"Feature","id":"0000193779801816787100000000","properties":{"id":"0000193779801816787100000000","pnu":"1221012200106970010","purpose":"단독주택"},"geometry":{"type":"MultiPolygon","coordinates":[[[[126.93252,35.134247],[126.932614,35.134219],[126.932586,35.134156],[126.93254,35.134167],[126.932545,35.134189],[126.932504,35.134203],[126.93252,35.134247]]]]}},{"type":"Feature","id":"0000193790751813029800000000","properties":{"id":"0000193790751813029800000000","pnu":"1221012200108040000","purpose":"기타"},"geometry":{"type":"MultiPolygon","coordinates":[[[[126.932708,35.130773],[126.93268,35.130764],[126.932657,35.130861],[126.932688,35.130866],[126.932708,35.130773]]]]}},{"type":"Feature","id":"0000193793751816334000000000","properties":{"id":"0000193793751816334000000000","pnu":"1221012200107060000","purpose":"단독주택"},"geometry":{"type":"MultiPolygon","coordinates":[[[[126.93269,35.133863],[126.932795,35.13377],[126.93273,35.133728],[126.932634,35.133824],[126.93269,35.133863]]]]}},{"type":"Feature","id":"0000193795561812257500000000","properties":{"id":"0000193795561812257500000000","pnu":"1221011900105130002","purpose":"기타"},"geometry":{"type":"MultiPolygon","coordinates":[[[[126.932783,35.13007],[126.932744,35.130077],[126.93275,35.130102],[126.932662,35.130116],[126.932673,35.130159],[126.932799,35.130138],[126.932783,35.13007]]]]}},{"type":"Feature","id":"0000193796381817000600000000","properties":{"id":"0000193796381817000600000000","pnu":"1221012200107120001","purpose":"기타"},"geometry":{"type":"MultiPolygon","coordinates":[[[[126.932741,35.134413],[126.932763,35.134402],[126.932744,35.13438],[126.932719,35.134389],[126.932741,35.134413]]]]}},{"type":"Feature","id":"0000193797651813115200000000","properties":{"id":"0000193797651813115200000000","pnu":"1221012200108040000","purpose":"기타"},"geometry":{"type":"MultiPolygon","coordinates":[[[[126.932714,35.130928],[126.932815,35.130909],[126.932807,35.13086],[126.932699,35.130879],[126.932714,35.130928]]]]}},{"type":"Feature","id":"0000193799591813509400000000","properties":{"id":"0000193799591813509400000000","pnu":"1221012200107820001","purpose":"기타"},"geometry":{"type":"MultiPolygon","coordinates":[[[[126.932809,35.131288],[126.932837,35.13124],[126.93275,35.131207],[126.932724,35.131263],[126.932809,35.131288]]]]}},{"type":"Feature","id":"0000193800931816959800000000","properties":{"id":"0000193800931816959800000000","pnu":"1221012200107120001","purpose":"기타"},"geometry":{"type":"MultiPolygon","coordinates":[[[[126.932792,35.134391],[126.932824,35.134379],[126.932792,35.134329],[126.932759,35.134338],[126.932792,35.134391]]]]}},{"type":"Feature","id":"0000193801181814508500000000","properties":{"id":"0000193801181814508500000000","pnu":"1221012200107290012","purpose":"기타"},"geometry":{"type":"MultiPolygon","coordinates":[[[[126.932775,35.132168],[126.932823,35.132161],[126.932818,35.132132],[126.932769,35.132139],[126.932775,35.132168]]]]}},{"type":"Feature","id":"0000193804031812235600000000","properties":{"id":"0000193804031812235600000000","pnu":"1221011900105130002","purpose":"기타"},"geometry":{"type":"MultiPolygon","coordinates":[[[[126.932849,35.130071],[126.932809,35.13007],[126.932809,35.130132],[126.932849,35.130132],[126.932849,35.130071]]]]}},{"type":"Feature","id":"0000193804091813194000000000","properties":{"id":"0000193804091813194000000000","pnu":"1221012200108040001","purpose":"기타"},"geometry":{"type":"MultiPolygon","coordinates":[[[[126.932795,35.13098],[126.932864,35.130977],[126.932864,35.130951],[126.932795,35.130952],[126.932795,35.13098]]]]}},{"type":"Feature","id":"0000193805601816134100000000","properties":{"id":"0000193805601816134100000000","pnu":"1221012200107040002","purpose":"단독주택"},"geometry":{"type":"MultiPolygon","coordinates":[[[[126.932824,35.133668],[126.932905,35.133594],[126.932858,35.133565],[126.932784,35.133634],[126.932824,35.133668]]]]}},{"type":"Feature","id":"0000193809711811477200000000","properties":{"id":"0000193809711811477200000000","pnu":"1221011900105350004","purpose":"기타"},"geometry":{"type":"MultiPolygon","coordinates":[[[[126.932901,35.129457],[126.932936,35.129399],[126.932883,35.129378],[126.932848,35.129437],[126.932901,35.129457]]]]}},{"type":"Feature","id":"0000193811671812203200000000","properties":{"id":"0000193811671812203200000000","pnu":"1221011900105130009","purpose":"기타"},"geometry":{"type":"MultiPolygon","coordinates":[[[[126.932864,35.130108],[126.932959,35.1301],[126.932968,35.130051],[126.932883,35.130029],[126.932865,35.130076],[126.932864,35.130108]]]]}},{"type":"Feature","id":"0000193813271811373900000000","properties":{"id":"0000193813271811373900000000","pnu":"1221011900105350004","purpose":"기타"},"geometry":{"type":"MultiPolygon","coordinates":[[[[126.932939,35.129375],[126.932972,35.129284],[126.932931,35.129272],[126.932886,35.12936],[126.932939,35.129375]]]]}},{"type":"Feature","id":"0000193813621812119300000000","properties":{"id":"0000193813621812119300000000","pnu":"1221011900105130009","purpose":"기타"},"geometry":{"type":"MultiPolygon","coordinates":[[[[126.932973,35.130025],[126.932987,35.129987],[126.932898,35.129965],[126.932884,35.13001],[126.932973,35.130025]]]]}},{"type":"Feature","id":"0000193816041815797600000000","properties":{"id":"0000193816041815797600000000","pnu":"1221012200107160004","purpose":"기타"},"geometry":{"type":"MultiPolygon","coordinates":[[[[126.932984,35.13333],[126.932965,35.133284],[126.932932,35.133294],[126.932952,35.133339],[126.932984,35.13333]]]]}},{"type":"Feature","id":"0000193816771813306300000000","properties":{"id":"0000193816771813306300000000","pnu":"1221012200107950002","purpose":"기타"},"geometry":{"type":"MultiPolygon","coordinates":[[[[126.93296,35.131095],[126.933002,35.131058],[126.932977,35.131039],[126.932935,35.131072],[126.93296,35.131095]]]]}},{"type":"Feature","id":"0000193817701812631200000000","properties":{"id":"0000193817701812631200000000","pnu":"1221012200108070001","purpose":"기타"},"geometry":{"type":"MultiPolygon","coordinates":[[[[126.932949,35.130485],[126.932985,35.13048],[126.932983,35.130469],[126.933021,35.13046],[126.933018,35.130437],[126.932944,35.130444],[126.932949,35.130485]]]]}},{"type":"Feature","id":"0000193818271813181000000000","properties":{"id":"0000193818271813181000000000","pnu":"1221012200108050003","purpose":"기타"},"geometry":{"type":"MultiPolygon","coordinates":[[[[126.933024,35.130981],[126.933035,35.130939],[126.932942,35.130926],[126.932938,35.130969],[126.933024,35.130981]]]]}},{"type":"Feature","id":"0000193821281813443300000000","properties":{"id":"0000193821281813443300000000","pnu":"1221012200107940002","purpose":"기타"},"geometry":{"type":"MultiPolygon","coordinates":[[[[126.93296,35.131193],[126.933066,35.131215],[126.933073,35.131185],[126.932966,35.131166],[126.93296,35.131193]]]]}},{"type":"Feature","id":"0000193823411810584400000000","properties":{"id":"0000193823411810584400000000","pnu":"1221011900105460008","purpose":"기타"},"geometry":{"type":"MultiPolygon","coordinates":[[[[126.933064,35.128642],[126.933082,35.128603],[126.933021,35.128584],[126.933005,35.128623],[126.933064,35.128642]]]]}},{"type":"Feature","id":"0000193824721816911200000000","properties":{"id":"0000193824721816911200000000","pnu":"1221012200107120001","purpose":"기타"},"geometry":{"type":"MultiPolygon","coordinates":[[[[126.932992,35.134379],[126.933139,35.134291],[126.933106,35.134256],[126.932983,35.134329],[126.93299,35.13434],[126.932971,35.134353],[126.932992,35.134379]]]]}},{"type":"Feature","id":"0000193825901812436900000000","properties":{"id":"0000193825901812436900000000","pnu":"1221012200110030001","purpose":"기타"},"geometry":{"type":"MultiPolygon","coordinates":[[[[126.933018,35.130308],[126.933128,35.130292],[126.933119,35.130257],[126.93301,35.130274],[126.933018,35.130308]]]]}},{"type":"Feature","id":"0000193829461812625800000000","properties":{"id":"0000193829461812625800000000","pnu":"1221012200108070001","purpose":"기타"},"geometry":{"type":"MultiPolygon","coordinates":[[[[126.93312,35.130478],[126.933138,35.130447],[126.933108,35.130433],[126.933093,35.130433],[126.933076,35.130458],[126.93312,35.130478]]]]}},{"type":"Feature","id":"0000193830541813071100000000","properties":{"id":"0000193830541813071100000000","pnu":"1221012200108120000","purpose":"단독주택","floors":1,"structure":"목구조"},"geometry":{"type":"MultiPolygon","coordinates":[[[[126.933183,35.1309],[126.933201,35.130844],[126.933058,35.130807],[126.933039,35.130868],[126.933183,35.1309]]]]}},{"type":"Feature","id":"0000193841271812596800000000","properties":{"id":"0000193841271812596800000000","pnu":"1221012200108090001","purpose":"단독주택","floors":1,"structure":"일반목구조"},"geometry":{"type":"MultiPolygon","coordinates":[[[[126.933271,35.130466],[126.933291,35.130423],[126.933292,35.130396],[126.933169,35.13041],[126.933168,35.130432],[126.933271,35.130466]]]]}},{"type":"Feature","id":"0000193841401815689300000000","properties":{"id":"0000193841401815689300000000","pnu":"1221012200107230002","purpose":"기타"},"geometry":{"type":"MultiPolygon","coordinates":[[[[126.933222,35.133236],[126.933266,35.133214],[126.933254,35.133193],[126.933205,35.133215],[126.933222,35.133236]]]]}},{"type":"Feature","id":"0000193842131812726200000000","properties":{"id":"0000193842131812726200000000","pnu":"1221012200108100001","purpose":"기타"},"geometry":{"type":"MultiPolygon","coordinates":[[[[126.933252,35.130595],[126.93328,35.13054],[126.933244,35.130488],[126.933219,35.130506],[126.933237,35.130539],[126.933216,35.13058],[126.933252,35.130595]]]]}},{"type":"Feature","id":"0000193842721812146300000000","properties":{"id":"0000193842721812146300000000","pnu":"1221011900105140001","purpose":"기타"},"geometry":{"type":"MultiPolygon","coordinates":[[[[126.93328,35.130055],[126.933287,35.130003],[126.933217,35.12999],[126.933214,35.130019],[126.933244,35.130027],[126.93324,35.130052],[126.93328,35.130055]]]]}},{"type":"Feature","id":"0000193843841811139000000000","properties":{"id":"0000193843841811139000000000","pnu":"1221011900105350021","purpose":"기타"},"geometry":{"type":"MultiPolygon","coordinates":[[[[126.933347,35.129127],[126.933198,35.129082],[126.93319,35.129102],[126.933339,35.129144],[126.933347,35.129127]]]]}},{"type":"Feature","id":"0000193847901815667000000000","properties":{"id":"0000193847901815667000000000","pnu":"1221012200107230002","purpose":"기타"},"geometry":{"type":"MultiPolygon","coordinates":[[[[126.933298,35.133217],[126.933337,35.133199],[126.933321,35.133172],[126.933277,35.133189],[126.933298,35.133217]]]]}},{"type":"Feature","id":"0000193849431813020600000000","properties":{"id":"0000193849431813020600000000","pnu":"1221012200108130002","purpose":"기타"},"geometry":{"type":"MultiPolygon","coordinates":[[[[126.933327,35.130879],[126.933382,35.130886],[126.933387,35.130782],[126.933258,35.130747],[126.933233,35.130794],[126.933328,35.130824],[126.933327,35.130879]]]]}},{"type":"Feature","id":"0000193850941814314400000000","properties":{"id":"0000193850941814314400000000","pnu":"1221012200107300009","purpose":"기타"},"geometry":{"type":"MultiPolygon","coordinates":[[[[126.933325,35.132024],[126.933386,35.132011],[126.93336,35.131926],[126.933298,35.131939],[126.933325,35.132024]]]]}},{"type":"Feature","id":"0000193851951815065500000000","properties":{"id":"0000193851951815065500000000","pnu":"1221012200107210005","purpose":"기타"},"geometry":{"type":"MultiPolygon","coordinates":[[[[126.933329,35.132615],[126.93335,35.132696],[126.933375,35.132691],[126.933357,35.13261],[126.933329,35.132615]]]]}},{"type":"Feature","id":"0000193852511815787600000000","properties":{"id":"0000193852511815787600000000","pnu":"1221012200107230002","purpose":"기타"},"geometry":{"type":"MultiPolygon","coordinates":[[[[126.933389,35.133331],[126.933406,35.133299],[126.933327,35.133275],[126.933312,35.133308],[126.933389,35.133331]]]]}},{"type":"Feature","id":"0000193854051812130200000000","properties":{"id":"0000193854051812130200000000","pnu":"1221011900107150021","purpose":"단독주택","far":33.26,"floors":1,"structure":"벽돌구조"},"geometry":{"type":"MultiPolygon","coordinates":[[[[126.933403,35.130051],[126.933415,35.129969],[126.933355,35.12996],[126.93334,35.130046],[126.933403,35.130051]]]]}},{"type":"Feature","id":"0000193859931815716800000000","properties":{"id":"0000193859931815716800000000","pnu":"1221012200107230010","purpose":"기타"},"geometry":{"type":"MultiPolygon","coordinates":[[[[126.933472,35.133188],[126.933369,35.133241],[126.933408,35.133291],[126.93351,35.133238],[126.933472,35.133188]]]]}},{"type":"Feature","id":"0000193861691813602500000000","properties":{"id":"0000193861691813602500000000","pnu":"1221012200107920001","purpose":"기타"},"geometry":{"type":"MultiPolygon","coordinates":[[[[126.933483,35.131317],[126.93344,35.131316],[126.933438,35.13135],[126.933481,35.131352],[126.933483,35.131317]]]]}},{"type":"Feature","id":"0000193861831816127300000000","properties":{"id":"0000193861831816127300000000","pnu":"1221012200107130039","purpose":"기타"},"geometry":{"type":"MultiPolygon","coordinates":[[[[126.93348,35.13364],[126.933485,35.133606],[126.933436,35.133587],[126.933426,35.133595],[126.93348,35.13364]]]]}},{"type":"Feature","id":"0000193868351811882200000000","properties":{"id":"0000193868351811882200000000","pnu":"1221011900107060003","purpose":"기타"},"geometry":{"type":"MultiPolygon","coordinates":[[[[126.933539,35.129846],[126.933574,35.129728],[126.933534,35.129719],[126.933494,35.129835],[126.933539,35.129846]]]]}},{"type":"Feature","id":"0000193877011815615000000000","properties":{"id":"0000193877011815615000000000","pnu":"1221012200107230012","purpose":"기타"},"geometry":{"type":"MultiPolygon","coordinates":[[[[126.933598,35.133193],[126.933684,35.133153],[126.933693,35.133149],[126.933667,35.133112],[126.933651,35.13312],[126.933639,35.133105],[126.933564,35.133147],[126.933598,35.133193]]]]}},{"type":"Feature","id":"0000193880001811093000000000","properties":{"id":"0000193880001811093000000000","pnu":"1221011900107060020","purpose":"기타"},"geometry":{"type":"MultiPolygon","coordinates":[[[[126.93367,35.129095],[126.933689,35.12906],[126.933657,35.129049],[126.933637,35.129084],[126.93367,35.129095]]]]}},{"type":"Feature","id":"0000193883031814977700000000","properties":{"id":"0000193883031814977700000000","pnu":"1221012200107200003","purpose":"기타"},"geometry":{"type":"MultiPolygon","coordinates":[[[[126.933679,35.132596],[126.933724,35.132579],[126.933712,35.132552],[126.933663,35.132566],[126.933679,35.132596]]]]}},{"type":"Feature","id":"0000193883081814477200000000","properties":{"id":"0000193883081814477200000000","pnu":"1221012200107300012","purpose":"단독주택"},"geometry":{"type":"MultiPolygon","coordinates":[[[[126.933744,35.132156],[126.933746,35.132097],[126.933644,35.13209],[126.933642,35.132146],[126.933744,35.132156]]]]}},{"type":"Feature","id":"0000193883601811129400000000","properties":{"id":"0000193883601811129400000000","pnu":"1221011900107060020","purpose":"기타"},"geometry":{"type":"MultiPolygon","coordinates":[[[[126.93372,35.129122],[126.93373,35.129103],[126.933685,35.129087],[126.933676,35.129107],[126.93372,35.129122]]]]}},{"type":"Feature","id":"0000193885041810039600000000","properties":{"id":"0000193885041810039600000000","pnu":"1221011900105500019","purpose":"기타"},"geometry":{"type":"MultiPolygon","coordinates":[[[[126.93366,35.128014],[126.93368,35.128236],[126.933779,35.128231],[126.933759,35.128008],[126.93366,35.128014]]]]}},{"type":"Feature","id":"0000193885861814244400000000","properties":{"id":"0000193885861814244400000000","pnu":"1221012200107300017","purpose":"기타"},"geometry":{"type":"MultiPolygon","coordinates":[[[[126.933763,35.131935],[126.933765,35.131885],[126.933739,35.131885],[126.933738,35.131894],[126.933684,35.131891],[126.933683,35.131935],[126.933763,35.131935]]]]}},{"type":"Feature","id":"0000193886031815529200000000","properties":{"id":"0000193886031815529200000000","pnu":"1221012200107230015","purpose":"기타"},"geometry":{"type":"MultiPolygon","coordinates":[[[[126.933736,35.133112],[126.933775,35.13309],[126.933712,35.133029],[126.933679,35.133048],[126.933736,35.133112]]]]}},{"type":"Feature","id":"0000193886171811110000000000","properties":{"id":"0000193886171811110000000000","pnu":"1221011900107060020","purpose":"기타"},"geometry":{"type":"MultiPolygon","coordinates":[[[[126.933756,35.129113],[126.933771,35.12909],[126.933706,35.129062],[126.933692,35.129085],[126.933756,35.129113]]]]}},{"type":"Feature","id":"0000193889491815791100000000","properties":{"id":"0000193889491815791100000000","pnu":"1221012200107230013","purpose":"기타"},"geometry":{"type":"MultiPolygon","coordinates":[[[[126.933771,35.133335],[126.933787,35.133303],[126.933766,35.133282],[126.933736,35.133302],[126.933771,35.133335]]]]}},{"type":"Feature","id":"0000193890501815721000000000","properties":{"id":"0000193890501815721000000000","pnu":"1221012200107240008","purpose":"기타"},"geometry":{"type":"MultiPolygon","coordinates":[[[[126.933784,35.133275],[126.933809,35.13326],[126.933767,35.133212],[126.933741,35.133227],[126.933784,35.133275]]]]}},{"type":"Feature","id":"0000193891841815127800000000","properties":{"id":"0000193891841815127800000000","pnu":"1221012200107210007","purpose":"기타"},"geometry":{"type":"MultiPolygon","coordinates":[[[[126.933727,35.132744],[126.933867,35.132711],[126.933856,35.132674],[126.933713,35.132705],[126.933727,35.132744]]]]}},{"type":"Feature","id":"0000193893681815475700000000","properties":{"id":"0000193893681815475700000000","pnu":"1221012200107230015","purpose":"기타"},"geometry":{"type":"MultiPolygon","coordinates":[[[[126.933797,35.133074],[126.933874,35.133018],[126.933826,35.132971],[126.933746,35.133025],[126.933797,35.133074]]]]}},{"type":"Feature","id":"0000193894731811801700000000","properties":{"id":"0000193894731811801700000000","pnu":"1221011900107060023","purpose":"단독주택","floors":1,"structure":"일반목구조"},"geometry":{"type":"MultiPolygon","coordinates":[[[[126.933866,35.12975],[126.933881,35.129698],[126.933783,35.129672],[126.933766,35.129722],[126.933866,35.12975]]]]}},{"type":"Feature","id":"0000193895041815592900000000","properties":{"id":"0000193895041815592900000000","pnu":"1221012200107230014","purpose":"기타"},"geometry":{"type":"MultiPolygon","coordinates":[[[[126.933844,35.133161],[126.933865,35.13314],[126.933805,35.133095],[126.933785,35.133112],[126.933844,35.133161]]]]}},{"type":"Feature","id":"0000193896741816889100000000","properties":{"id":"0000193896741816889100000000","pnu":"1221012200107130001","purpose":"기타"},"geometry":{"type":"MultiPolygon","coordinates":[[[[126.933828,35.134262],[126.933803,35.134283],[126.933803,35.13431],[126.933823,35.134329],[126.933855,35.134331],[126.933881,35.134311],[126.933885,35.134287],[126.933866,35.134265],[126.933828,35.134262]]]]}},{"type":"Feature","id":"0000193898121815729500000000","properties":{"id":"0000193898121815729500000000","pnu":"1221012200107230013","purpose":"기타"},"geometry":{"type":"MultiPolygon","coordinates":[[[[126.933831,35.13329],[126.933915,35.13325],[126.933886,35.133213],[126.933804,35.133251],[126.933831,35.13329]]]]}},{"type":"Feature","id":"0000193898981811194500000000","properties":{"id":"0000193898981811194500000000","pnu":"1221011900108550032","purpose":"기타"},"geometry":{"type":"MultiPolygon","coordinates":[[[[126.933837,35.129167],[126.93391,35.129191],[126.933915,35.129181],[126.933851,35.12913],[126.933837,35.129167]]]]}},{"type":"Feature","id":"0000193900771815552000000000","properties":{"id":"0000193900771815552000000000","pnu":"1221012200107230014","purpose":"기타"},"geometry":{"type":"MultiPolygon","coordinates":[[[[126.933952,35.133084],[126.93391,35.133041],[126.933824,35.133098],[126.933866,35.133141],[126.933952,35.133084]]]]}},{"type":"Feature","id":"0000193902911815827300000000","properties":{"id":"0000193902911815827300000000","pnu":"1221012200107230013","purpose":"기타"},"geometry":{"type":"MultiPolygon","coordinates":[[[[126.933952,35.133364],[126.933953,35.133317],[126.933871,35.133316],[126.933869,35.13336],[126.933952,35.133364]]]]}},{"type":"Feature","id":"0000193903401810556700000000","properties":{"id":"0000193903401810556700000000","pnu":"1221011900107040017","purpose":"단독주택","floors":2,"structure":"벽돌구조"},"geometry":{"type":"MultiPolygon","coordinates":[[[[126.933982,35.128593],[126.933895,35.128543],[126.933858,35.128583],[126.933949,35.128634],[126.933982,35.128593]]]]}},{"type":"Feature","id":"0000193904351815375200000000","properties":{"id":"0000193904351815375200000000","pnu":"1221012200107230017","purpose":"기타"},"geometry":{"type":"MultiPolygon","coordinates":[[[[126.933919,35.132983],[126.933992,35.132936],[126.933939,35.132879],[126.933861,35.13293],[126.933919,35.132983]]]]}},{"type":"Feature","id":"0000193906031811300300000000","properties":{"id":"0000193906031811300300000000","pnu":"1221011900108550032","purpose":"기타"},"geometry":{"type":"MultiPolygon","coordinates":[[[[126.933988,35.129293],[126.934003,35.129255],[126.933915,35.129221],[126.933895,35.129267],[126.933988,35.129293]]]]}},{"type":"Feature","id":"0000193906301815924900000000","properties":{"id":"0000193906301815924900000000","pnu":"1221012200107240004","purpose":"기타"},"geometry":{"type":"MultiPolygon","coordinates":[[[[126.934047,35.133446],[126.93404,35.133401],[126.933919,35.133414],[126.933915,35.133383],[126.933866,35.133388],[126.933878,35.133464],[126.934047,35.133446]]]]}},{"type":"Feature","id":"0000193907421815660600000000","properties":{"id":"0000193907421815660600000000","pnu":"1221012200107230013","purpose":"기타"},"geometry":{"type":"MultiPolygon","coordinates":[[[[126.933935,35.133239],[126.934027,35.133188],[126.93399,35.13314],[126.933894,35.133188],[126.933935,35.133239]]]]}},{"type":"Feature","id":"0000193909981815444700000000","properties":{"id":"0000193909981815444700000000","pnu":"1221012200107230018","purpose":"기타"},"geometry":{"type":"MultiPolygon","coordinates":[[[[126.933989,35.133047],[126.934052,35.132999],[126.933988,35.132942],[126.933927,35.132989],[126.933989,35.133047]]]]}},{"type":"Feature","id":"0000193910121810893800000000","properties":{"id":"0000193910121810893800000000","pnu":"1221011900107040007","purpose":"기타"},"geometry":{"type":"MultiPolygon","coordinates":[[[[126.934028,35.128915],[126.933978,35.128859],[126.933961,35.128872],[126.934008,35.128925],[126.934028,35.128915]]]]}},{"type":"Feature","id":"0000193913511815730600000000","properties":{"id":"0000193913511815730600000000","pnu":"1221012200107230013","purpose":"기타"},"geometry":{"type":"MultiPolygon","coordinates":[[[[126.933971,35.133258],[126.934008,35.133296],[126.934084,35.133246],[126.934047,35.133208],[126.933971,35.133258]]]]}},{"type":"Feature","id":"0000193915921815509800000000","properties":{"id":"0000193915921815509800000000","pnu":"1221012200107230019","purpose":"기타"},"geometry":{"type":"MultiPolygon","coordinates":[[[[126.934119,35.13306],[126.934055,35.133],[126.933989,35.133047],[126.934055,35.133106],[126.934119,35.13306]]]]}},{"type":"Feature","id":"0000193917751815671600000000","properties":{"id":"0000193917751815671600000000","pnu":"1221012200107230013","purpose":"기타"},"geometry":{"type":"MultiPolygon","coordinates":[[[[126.934117,35.133209],[126.93406,35.133164],[126.934031,35.133189],[126.934088,35.133234],[126.934117,35.133209]]]]}},{"type":"Feature","id":"0000193918881815839600000000","properties":{"id":"0000193918881815839600000000","pnu":"1221012200107230013","purpose":"기타"},"geometry":{"type":"MultiPolygon","coordinates":[[[[126.934139,35.133369],[126.934142,35.133334],[126.934033,35.133332],[126.934032,35.133368],[126.934139,35.133369]]]]}},{"type":"Feature","id":"0000193925901815732700000000","properties":{"id":"0000193925901815732700000000","pnu":"1221012200107230013","purpose":"기타"},"geometry":{"type":"MultiPolygon","coordinates":[[[[126.93417,35.133302],[126.934203,35.133218],[126.934159,35.133206],[126.934124,35.133288],[126.93417,35.133302]]]]}},{"type":"Feature","id":"0000193926671815561900000000","properties":{"id":"0000193926671815561900000000","pnu":"1221012200107230013","purpose":"기타"},"geometry":{"type":"MultiPolygon","coordinates":[[[[126.934162,35.133166],[126.93425,35.133075],[126.93419,35.133036],[126.934092,35.133118],[126.934162,35.133166]]]]}},{"type":"Feature","id":"0000193931181813092000000000","properties":{"id":"0000193931181813092000000000","pnu":"1221012200107890001","purpose":"기타"},"geometry":{"type":"MultiPolygon","coordinates":[[[[126.934259,35.130867],[126.934197,35.130854],[126.934188,35.130881],[126.93425,35.130894],[126.934259,35.130867]]]]}},{"type":"Feature","id":"0000193934081815613300000000","properties":{"id":"0000193934081815613300000000","pnu":"1221012200107230013","purpose":"기타"},"geometry":{"type":"MultiPolygon","coordinates":[[[[126.934326,35.133102],[126.934271,35.13308],[126.934183,35.133184],[126.934235,35.133217],[126.934326,35.133102]]]]}},{"type":"Feature","id":"0000193940061815627800000000","properties":{"id":"0000193940061815627800000000","pnu":"1221012200107230013","purpose":"기타"},"geometry":{"type":"MultiPolygon","coordinates":[[[[126.934305,35.133195],[126.934355,35.133138],[126.934336,35.133124],[126.934283,35.133177],[126.934305,35.133195]]]]}},{"type":"Feature","id":"0000193946261810057100000000","properties":{"id":"0000193946261810057100000000","pnu":"1221011900108560000","purpose":"기타"},"geometry":{"type":"MultiPolygon","coordinates":[[[[126.934403,35.12812],[126.934366,35.128141],[126.934379,35.128157],[126.934417,35.128136],[126.934403,35.12812]]]]}},{"type":"Feature","id":"0000193948661812379900000000","properties":{"id":"0000193948661812379900000000","pnu":"1221011900107150004","purpose":"단독주택","floors":1,"structure":"벽돌구조"},"geometry":{"type":"MultiPolygon","coordinates":[[[[126.93442,35.13027],[126.934453,35.130217],[126.934413,35.130195],[126.934378,35.130246],[126.93442,35.13027]]]]}},{"type":"Feature","id":"0000193948841811020000000000","properties":{"id":"0000193948841811020000000000","pnu":"1221011900107030001","purpose":"기타"},"geometry":{"type":"MultiPolygon","coordinates":[[[[126.934397,35.129057],[126.934495,35.128998],[126.934461,35.12896],[126.934401,35.128993],[126.934386,35.128976],[126.934343,35.128999],[126.934397,35.129057]]]]}},{"type":"Feature","id":"0000193955751810844200000000","properties":{"id":"0000193955751810844200000000","pnu":"1221011900107000000","purpose":"기타"},"geometry":{"type":"MultiPolygon","coordinates":[[[[126.934529,35.128829],[126.934518,35.128825],[126.93446,35.128854],[126.934488,35.128872],[126.934529,35.128829]]]]}},{"type":"Feature","id":"0000193973951815149200000000","properties":{"id":"0000193973951815149200000000","pnu":"1221012200107260000","purpose":"단독주택","far":59.470588,"floors":2,"structure":"일반목구조"},"geometry":{"type":"MultiPolygon","coordinates":[[[[126.934652,35.132788],[126.934772,35.132718],[126.934738,35.132671],[126.934609,35.132735],[126.934652,35.132788]]]]}},{"type":"Feature","id":"0000193976361813018900000000","properties":{"id":"0000193976361813018900000000","pnu":"1221012200108240003","purpose":"기타"},"geometry":{"type":"MultiPolygon","coordinates":[[[[126.93476,35.130841],[126.934766,35.130787],[126.934678,35.130775],[126.934673,35.130831],[126.93476,35.130841]]]]}},{"type":"Feature","id":"0000193983351811935400000000","properties":{"id":"0000193983351811935400000000","pnu":"1221011900107110011","purpose":"기타"},"geometry":{"type":"MultiPolygon","coordinates":[[[[126.934829,35.129864],[126.934843,35.129849],[126.934769,35.1298],[126.934751,35.129817],[126.934829,35.129864]]]]}},{"type":"Feature","id":"0000193986571813031600000000","properties":{"id":"0000193986571813031600000000","pnu":"1221012200108240003","purpose":"기타"},"geometry":{"type":"MultiPolygon","coordinates":[[[[126.934841,35.130852],[126.934869,35.13083],[126.934821,35.130788],[126.934793,35.130809],[126.934841,35.130852]]]]}},{"type":"Feature","id":"0000193988111815017100000000","properties":{"id":"0000193988111815017100000000","pnu":"1221012200102760004","purpose":"단독주택","far":13.2778,"floors":1,"structure":"일반목구조"},"geometry":{"type":"MultiPolygon","coordinates":[[[[126.934822,35.132645],[126.934899,35.132611],[126.934879,35.132575],[126.934792,35.132607],[126.934822,35.132645]]]]}},{"type":"Feature","id":"0000193994931810612400000000","properties":{"id":"0000193994931810612400000000","pnu":"1221011900106980009","purpose":"기타"},"geometry":{"type":"MultiPolygon","coordinates":[[[[126.93501,35.128638],[126.934967,35.128584],[126.934839,35.128641],[126.934882,35.128695],[126.93501,35.128638]]]]}},{"type":"Feature","id":"0000194001091814947000000000","properties":{"id":"0000194001091814947000000000","pnu":"1221012200102760007","purpose":"기타"},"geometry":{"type":"MultiPolygon","coordinates":[[[[126.934944,35.132593],[126.935061,35.132552],[126.935035,35.1325],[126.934917,35.132541],[126.934944,35.132593]]]]}},{"type":"Feature","id":"0000194002091811629800000000","properties":{"id":"0000194002091811629800000000","pnu":"1221011900107230021","purpose":"기타"},"geometry":{"type":"MultiPolygon","coordinates":[[[[126.934979,35.129605],[126.935056,35.129556],[126.935065,35.129563],[126.93508,35.129551],[126.935044,35.129516],[126.934945,35.129544],[126.93493,35.129554],[126.934979,35.129605]]]]}},{"type":"Feature","id":"0000194005861810311100000000","properties":{"id":"0000194005861810311100000000","pnu":"1221011900106980038","purpose":"기타"},"geometry":{"type":"MultiPolygon","coordinates":[[[[126.935024,35.128391],[126.935075,35.128359],[126.935068,35.128344],[126.935013,35.128378],[126.935024,35.128391]]]]}},{"type":"Feature","id":"0000194006491810232000000000","properties":{"id":"0000194006491810232000000000","pnu":"1221011900105540008","purpose":"기타"},"geometry":{"type":"MultiPolygon","coordinates":[[[[126.935047,35.128318],[126.935073,35.128307],[126.935053,35.128275],[126.935033,35.128283],[126.935047,35.128318]]]]}},{"type":"Feature","id":"0000194006851812724400000000","properties":{"id":"0000194006851812724400000000","pnu":"1221011900108550048","purpose":"기타"},"geometry":{"type":"MultiPolygon","coordinates":[[[[126.934971,35.130526],[126.935098,35.130607],[126.935136,35.130558],[126.935009,35.13048],[126.934971,35.130526]]]]}},{"type":"Feature","id":"0000194009531809904700000000","properties":{"id":"0000194009531809904700000000","pnu":"1221011900105540006","purpose":"기타"},"geometry":{"type":"MultiPolygon","coordinates":[[[[126.93509,35.128023],[126.935109,35.128006],[126.935084,35.127982],[126.93506,35.127995],[126.93509,35.128023]]]]}},{"type":"Feature","id":"0000194016511809941300000000","properties":{"id":"0000194016511809941300000000","pnu":"1221011900108560012","purpose":"기타"},"geometry":{"type":"MultiPolygon","coordinates":[[[[126.935165,35.128081],[126.935207,35.128016],[126.935169,35.12799],[126.935113,35.128045],[126.935165,35.128081]]]]}},{"type":"Feature","id":"0000194018671814935700000000","properties":{"id":"0000194018671814935700000000","pnu":"1221012200102750006","purpose":"기타"},"geometry":{"type":"MultiPolygon","coordinates":[[[[126.935117,35.132524],[126.935136,35.132549],[126.935116,35.132561],[126.93516,35.1326],[126.935252,35.132544],[126.935226,35.132512],[126.935238,35.132505],[126.935209,35.132471],[126.935117,35.132524]]]]}},{"type":"Feature","id":"0000194020561812837300000000","properties":{"id":"0000194020561812837300000000","pnu":"1221011900108550048","purpose":"기타"},"geometry":{"type":"MultiPolygon","coordinates":[[[[126.935158,35.130647],[126.93522,35.130681],[126.935249,35.130641],[126.935191,35.130609],[126.935158,35.130647]]]]}},{"type":"Feature","id":"0000194020811810033500000000","properties":{"id":"0000194020811810033500000000","pnu":"1221011900105540002","purpose":"기타"},"geometry":{"type":"MultiPolygon","coordinates":[[[[126.935179,35.128125],[126.935227,35.128138],[126.935238,35.12811],[126.935193,35.128097],[126.935179,35.128125]]]]}},{"type":"Feature","id":"0000194022701810633400000000","properties":{"id":"0000194022701810633400000000","pnu":"1221011900106980024","purpose":"기타"},"geometry":{"type":"MultiPolygon","coordinates":[[[[126.935236,35.128707],[126.935283,35.12868],[126.935223,35.12861],[126.935176,35.128635],[126.935236,35.128707]]]]}},{"type":"Feature","id":"0000194024981810804000000000","properties":{"id":"0000194024981810804000000000","pnu":"1221011900202590002","purpose":"기타"},"geometry":{"type":"MultiPolygon","coordinates":[[[[126.935259,35.128876],[126.935301,35.128858],[126.935249,35.12875],[126.935207,35.128764],[126.935259,35.128876]]]]}},{"type":"Feature","id":"0000194026831812883400000000","properties":{"id":"0000194026831812883400000000","pnu":"1221011900108550048","purpose":"기타"},"geometry":{"type":"MultiPolygon","coordinates":[[[[126.935222,35.13069],[126.935287,35.130729],[126.935324,35.130685],[126.935258,35.130644],[126.935222,35.13069]]]]}},{"type":"Feature","id":"0000194027781809967900000000","properties":{"id":"0000194027781809967900000000","pnu":"1221011900200080000","purpose":"기타"},"geometry":{"type":"MultiPolygon","coordinates":[[[[126.935269,35.128004],[126.935227,35.128092],[126.935305,35.128112],[126.935343,35.128026],[126.935269,35.128004]]]]}},{"type":"Feature","id":"0000194028871811415700000000","properties":{"id":"0000194028871811415700000000","pnu":"1221011900106980037","purpose":"기타"},"geometry":{"type":"MultiPolygon","coordinates":[[[[126.935218,35.129334],[126.935317,35.129435],[126.935374,35.129395],[126.935277,35.129292],[126.935218,35.129334]]]]}},{"type":"Feature","id":"0000194038031811372500000000","properties":{"id":"0000194038031811372500000000","pnu":"1221011900106980023","purpose":"기타"},"geometry":{"type":"MultiPolygon","coordinates":[[[[126.935331,35.129321],[126.935393,35.129378],[126.935462,35.129325],[126.935403,35.129273],[126.935331,35.129321]]]]}},{"type":"Feature","id":"0000194038961811517400000000","properties":{"id":"0000194038961811517400000000","pnu":"1221011900106980034","purpose":"기타"},"geometry":{"type":"MultiPolygon","coordinates":[[[[126.935338,35.129446],[126.935425,35.129505],[126.935474,35.129463],[126.935392,35.129406],[126.935338,35.129446]]]]}},{"type":"Feature","id":"0000194044901813798600000000","properties":{"id":"0000194044901813798600000000","pnu":"1221012200102810007","purpose":"기타"},"geometry":{"type":"MultiPolygon","coordinates":[[[[126.935401,35.131517],[126.93545,35.131564],[126.935538,35.131507],[126.935495,35.131459],[126.935401,35.131517]]]]}},{"type":"Feature","id":"0000194045541811456800000000","properties":{"id":"0000194045541811456800000000","pnu":"1221011900106980023","purpose":"기타"},"geometry":{"type":"MultiPolygon","coordinates":[[[[126.935427,35.129398],[126.935481,35.129443],[126.935532,35.129404],[126.935477,35.129358],[126.935427,35.129398]]]]}},{"type":"Feature","id":"0000194065231812404700000000","properties":{"id":"0000194065231812404700000000","pnu":"1221011900107230001","purpose":"기타"},"geometry":{"type":"MultiPolygon","coordinates":[[[[126.935651,35.130275],[126.93567,35.130289],[126.935738,35.130236],[126.935718,35.130221],[126.935651,35.130275]]]]}},{"type":"Feature","id":"0000194068291814570900000000","properties":{"id":"0000194068291814570900000000","pnu":"1221012200102760002","purpose":"기타"},"geometry":{"type":"MultiPolygon","coordinates":[[[[126.935691,35.132287],[126.935714,35.132195],[126.935888,35.132234],[126.935902,35.132192],[126.935706,35.132159],[126.935624,35.132164],[126.935618,35.13221],[126.935646,35.132284],[126.935691,35.132287]]]]}},{"type":"Feature","id":"0000194075481817433200000000","properties":{"id":"0000194075481817433200000000","pnu":"1221012200102700000","purpose":"기타"},"geometry":{"type":"MultiPolygon","coordinates":[[[[126.935814,35.134816],[126.935824,35.134764],[126.935792,35.134761],[126.935784,35.13481],[126.935814,35.134816]]]]}},{"type":"Feature","id":"0000194078941811664300000000","properties":{"id":"0000194078941811664300000000","pnu":"1221011900202590019","purpose":"기타"},"geometry":{"type":"MultiPolygon","coordinates":[[[[126.935788,35.129617],[126.935839,35.129647],[126.935908,35.129568],[126.935855,35.129529],[126.935795,35.129586],[126.935805,35.129592],[126.935788,35.129617]]]]}},{"type":"Feature","id":"0000194090231814700900000000","properties":{"id":"0000194090231814700900000000","pnu":"1221012200200970006","purpose":"기타"},"geometry":{"type":"MultiPolygon","coordinates":[[[[126.935869,35.132266],[126.935849,35.132304],[126.936066,35.132384],[126.936086,35.132347],[126.935869,35.132266]]]]}},{"type":"Feature","id":"0000194095971817447800000000","properties":{"id":"0000194095971817447800000000","pnu":"1221012200102700007","purpose":"기타"},"geometry":{"type":"MultiPolygon","coordinates":[[[[126.936001,35.13483],[126.936046,35.134833],[126.936056,35.134772],[126.936011,35.134769],[126.936001,35.13483]]]]}},{"type":"Feature","id":"0000194108821811941900000000","properties":{"id":"0000194108821811941900000000","pnu":"1221011900202590001","purpose":"기타"},"geometry":{"type":"MultiPolygon","coordinates":[[[[126.936092,35.12984],[126.936186,35.129889],[126.936193,35.12988],[126.936222,35.12989],[126.936252,35.129834],[126.936138,35.129781],[126.936092,35.12984]]]]}},{"type":"Feature","id":"0000194115121812109900000000","properties":{"id":"0000194115121812109900000000","pnu":"1221011900107240006","purpose":"기타"},"geometry":{"type":"MultiPolygon","coordinates":[[[[126.936179,35.129981],[126.936274,35.130036],[126.936303,35.129994],[126.93621,35.129945],[126.936179,35.129981]]]]}},{"type":"Feature","id":"0000194119321812016000000000","properties":{"id":"0000194119321812016000000000","pnu":"1221011900202590001","purpose":"기타"},"geometry":{"type":"MultiPolygon","coordinates":[[[[126.936232,35.129904],[126.936312,35.129949],[126.936344,35.129906],[126.936267,35.129861],[126.936232,35.129904]]]]}},{"type":"Feature","id":"0000194122081811968600000000","properties":{"id":"0000194122081811968600000000","pnu":"1221011900202590001","purpose":"기타"},"geometry":{"type":"MultiPolygon","coordinates":[[[[126.936271,35.129852],[126.936343,35.129896],[126.936367,35.129873],[126.936293,35.129829],[126.936271,35.129852]]]]}},{"type":"Feature","id":"0000194129371812075800000000","properties":{"id":"0000194129371812075800000000","pnu":"1221011900202590001","purpose":"기타"},"geometry":{"type":"MultiPolygon","coordinates":[[[[126.936334,35.129964],[126.936409,35.130014],[126.936465,35.129956],[126.936386,35.129904],[126.936334,35.129964]]]]}},{"type":"Feature","id":"0000194138781812353900000000","properties":{"id":"0000194138781812353900000000","pnu":"1221011900107260000","purpose":"기타"},"geometry":{"type":"MultiPolygon","coordinates":[[[[126.936432,35.13023],[126.936507,35.130268],[126.936569,35.130189],[126.936501,35.130151],[126.936432,35.13023]]]]}},{"type":"Feature","id":"0000194146131812401300000000","properties":{"id":"0000194146131812401300000000","pnu":"1221011900107260000","purpose":"기타"},"geometry":{"type":"MultiPolygon","coordinates":[[[[126.936528,35.130281],[126.936571,35.130303],[126.936638,35.130229],[126.93659,35.130201],[126.936528,35.130281]]]]}},{"type":"Feature","id":"0000194153501812467700000000","properties":{"id":"0000194153501812467700000000","pnu":"1221011900107260000","purpose":"기타"},"geometry":{"type":"MultiPolygon","coordinates":[[[[126.936625,35.130256],[126.936581,35.130301],[126.936704,35.13037],[126.936743,35.130323],[126.936625,35.130256]]]]}},{"type":"Feature","id":"0000194163301814587700000000","properties":{"id":"0000194163301814587700000000","pnu":"1221012100109500000","purpose":"단독주택"},"geometry":{"type":"MultiPolygon","coordinates":[[[[126.936823,35.132205],[126.936718,35.132203],[126.936715,35.132241],[126.93682,35.132245],[126.936823,35.132205]]]]}},{"type":"Feature","id":"0000194170701812584200000000","properties":{"id":"0000194170701812584200000000","pnu":"1221011900107260000","purpose":"기타"},"geometry":{"type":"MultiPolygon","coordinates":[[[[126.936819,35.130415],[126.936865,35.130443],[126.936885,35.13042],[126.936839,35.130393],[126.936819,35.130415]]]]}},{"type":"Feature","id":"0000194175221817472500000000","properties":{"id":"0000194175221817472500000000","pnu":"1221012200200800017","purpose":"기타"},"geometry":{"type":"MultiPolygon","coordinates":[[[[126.936912,35.134861],[126.936932,35.134797],[126.936882,35.134788],[126.936864,35.134848],[126.936912,35.134861]]]]}},{"type":"Feature","id":"0000194180941817548600000000","properties":{"id":"0000194180941817548600000000","pnu":"1221012200200800017","purpose":"기타"},"geometry":{"type":"MultiPolygon","coordinates":[[[[126.936906,35.134903],[126.937001,35.134929],[126.937018,35.134881],[126.936914,35.134857],[126.936906,35.134903]]]]}},{"type":"Feature","id":"0000194181991815091400000000","properties":{"id":"0000194181991815091400000000","pnu":"1221012100108670000","purpose":"기타"},"geometry":{"type":"MultiPolygon","coordinates":[[[[126.936833,35.132573],[126.936798,35.132613],[126.937107,35.13279],[126.937149,35.132741],[126.936848,35.132569],[126.936833,35.132573]]]]}},{"type":"Feature","id":"0000194182761812880100000000","properties":{"id":"0000194182761812880100000000","pnu":"1221011900107250003","purpose":"기타"},"geometry":{"type":"MultiPolygon","coordinates":[[[[126.936905,35.130722],[126.936963,35.130754],[126.937062,35.130654],[126.937003,35.130612],[126.936905,35.130722]]]]}},{"type":"Feature","id":"0000194185241812930600000000","properties":{"id":"0000194185241812930600000000","pnu":"1221011900107250003","purpose":"기타"},"geometry":{"type":"MultiPolygon","coordinates":[[[[126.937071,35.130695],[126.937044,35.130676],[126.936951,35.130768],[126.936974,35.130785],[126.937071,35.130695]]]]}},{"type":"Feature","id":"0000194194191813047200000000","properties":{"id":"0000194194191813047200000000","pnu":"1221011900107250001","purpose":"기타"},"geometry":{"type":"MultiPolygon","coordinates":[[[[126.937142,35.130828],[126.937124,35.130809],[126.937076,35.130843],[126.937092,35.130861],[126.937142,35.130828]]]]}},{"type":"Feature","id":"0000194197151813077600000000","properties":{"id":"0000194197151813077600000000","pnu":"1221011900108560013","purpose":"기타"},"geometry":{"type":"MultiPolygon","coordinates":[[[[126.937169,35.130881],[126.937189,35.130859],[126.937127,35.130841],[126.937093,35.130863],[126.937114,35.130875],[126.937169,35.130881]]]]}},{"type":"Feature","id":"0000194199231813041700000000","properties":{"id":"0000194199231813041700000000","pnu":"1221011900107250001","purpose":"기타"},"geometry":{"type":"MultiPolygon","coordinates":[[[[126.937185,35.130856],[126.937202,35.130826],[126.937141,35.130803],[126.937132,35.130817],[126.937143,35.130828],[126.937128,35.130838],[126.937185,35.130856]]]]}},{"type":"Feature","id":"0000194215551815622700000000","properties":{"id":"0000194215551815622700000000","pnu":"1221012100109470001","purpose":"기타"},"geometry":{"type":"MultiPolygon","coordinates":[[[[126.937405,35.13319],[126.937403,35.133121],[126.937288,35.133114],[126.93728,35.1332],[126.937405,35.13319]]]]}},{"type":"Feature","id":"0000194219541813290500000000","properties":{"id":"0000194219541813290500000000","pnu":"1221011900107270007","purpose":"기타"},"geometry":{"type":"MultiPolygon","coordinates":[[[[126.937348,35.131078],[126.937436,35.131057],[126.93743,35.131032],[126.937338,35.131051],[126.937348,35.131078]]]]}},{"type":"Feature","id":"0000194224821813257500000000","properties":{"id":"0000194224821813257500000000","pnu":"1221011900107270007","purpose":"기타"},"geometry":{"type":"MultiPolygon","coordinates":[[[[126.937448,35.130975],[126.937417,35.130981],[126.937442,35.131075],[126.937473,35.131069],[126.937448,35.130975]]]]}},{"type":"Feature","id":"0000194226701815605600000000","properties":{"id":"0000194226701815605600000000","pnu":"1221012100109470000","purpose":"기타"},"geometry":{"type":"MultiPolygon","coordinates":[[[[126.937528,35.133172],[126.93753,35.133109],[126.937475,35.133127],[126.937474,35.133082],[126.93744,35.133083],[126.937441,35.133109],[126.937408,35.133109],[126.93741,35.133188],[126.937528,35.133172]]]]}},{"type":"Feature","id":"0000194238301815581200000000","properties":{"id":"0000194238301815581200000000","pnu":"1221012100109470000","purpose":"기타"},"geometry":{"type":"MultiPolygon","coordinates":[[[[126.937639,35.133068],[126.93754,35.133086],[126.937537,35.133168],[126.937648,35.133152],[126.937639,35.133068]]]]}},{"type":"Feature","id":"0000194239021817032700000000","properties":{"id":"0000194239021817032700000000","pnu":"1221012200102700007","purpose":"기타"},"geometry":{"type":"MultiPolygon","coordinates":[[[[126.937592,35.134403],[126.937574,35.134444],[126.937605,35.134452],[126.937622,35.134412],[126.937592,35.134403]]]]}},{"type":"Feature","id":"0000194248541814186200000000","properties":{"id":"0000194248541814186200000000","pnu":"1221011900107300000","purpose":"기타"},"geometry":{"type":"MultiPolygon","coordinates":[[[[126.937702,35.131824],[126.937673,35.131834],[126.937707,35.1319],[126.937736,35.13189],[126.937702,35.131824]]]]}},{"type":"Feature","id":"0000194248621813877400000000","properties":{"id":"0000194248621813877400000000","pnu":"1221011900107300004","purpose":"기타"},"geometry":{"type":"MultiPolygon","coordinates":[[[[126.937705,35.131623],[126.937745,35.131602],[126.937698,35.131539],[126.937671,35.13157],[126.937705,35.131623]]]]}},{"type":"Feature","id":"0000194262141813819100000000","properties":{"id":"0000194262141813819100000000","pnu":"1221011900107300005","purpose":"기타"},"geometry":{"type":"MultiPolygon","coordinates":[[[[126.937802,35.131531],[126.937837,35.131572],[126.937905,35.131532],[126.937872,35.13149],[126.937802,35.131531]]]]}},{"type":"Feature","id":"0000194263841813045500000000","properties":{"id":"0000194263841813045500000000","pnu":"1221011900107260002","purpose":"기타"},"geometry":{"type":"MultiPolygon","coordinates":[[[[126.937796,35.130837],[126.937925,35.130882],[126.937951,35.13083],[126.937821,35.130786],[126.937796,35.130837]]]]}},{"type":"Feature","id":"0000194315411813094000000000","properties":{"id":"0000194315411813094000000000","pnu":"1221011900107690001","purpose":"기타"},"geometry":{"type":"MultiPolygon","coordinates":[[[[126.938418,35.130909],[126.938492,35.130891],[126.938486,35.130863],[126.938435,35.130865],[126.938425,35.130845],[126.93839,35.130854],[126.938418,35.130909]]]]}},{"type":"Feature","id":"0000194326181813475400000000","properties":{"id":"0000194326181813475400000000","pnu":"1221011900107690001","purpose":"기타"},"geometry":{"type":"MultiPolygon","coordinates":[[[[126.93859,35.131228],[126.938555,35.131194],[126.938524,35.131216],[126.938559,35.13125],[126.93859,35.131228]]]]}},{"type":"Feature","id":"0000194326501812968900000000","properties":{"id":"0000194326501812968900000000","pnu":"1221011900108560013","purpose":"기타"},"geometry":{"type":"MultiPolygon","coordinates":[[[[126.938583,35.130718],[126.938501,35.130777],[126.938539,35.130813],[126.938621,35.130754],[126.938583,35.130718]]]]}},{"type":"Feature","id":"0000194333801813019300000000","properties":{"id":"0000194333801813019300000000","pnu":"1221011900107690002","purpose":"기타"},"geometry":{"type":"MultiPolygon","coordinates":[[[[126.938654,35.130791],[126.938614,35.130813],[126.938628,35.13083],[126.938668,35.130808],[126.938654,35.130791]]]]}},{"type":"Feature","id":"0000194334651814051400000000","properties":{"id":"0000194334651814051400000000","pnu":"1221011900107630002","purpose":"기타"},"geometry":{"type":"MultiPolygon","coordinates":[[[[126.938729,35.131742],[126.938597,35.131692],[126.93857,35.13174],[126.938702,35.13179],[126.938729,35.131742]]]]}},{"type":"Feature","id":"0000194336761813766100000000","properties":{"id":"0000194336761813766100000000","pnu":"1221011900108550041","purpose":"기타"},"geometry":{"type":"MultiPolygon","coordinates":[[[[126.9387,35.131455],[126.938627,35.131485],[126.938647,35.131514],[126.938719,35.131481],[126.9387,35.131455]]]]}},{"type":"Feature","id":"0000194338481812943800000000","properties":{"id":"0000194338481812943800000000","pnu":"1221011900107690002","purpose":"기타"},"geometry":{"type":"MultiPolygon","coordinates":[[[[126.93861,35.130742],[126.938676,35.130804],[126.938774,35.130742],[126.938711,35.130682],[126.93861,35.130742]]]]}},{"type":"Feature","id":"0000194339741813084500000000","properties":{"id":"0000194339741813084500000000","pnu":"1221011900107690002","purpose":"기타"},"geometry":{"type":"MultiPolygon","coordinates":[[[[126.938624,35.130845],[126.93872,35.13094],[126.938788,35.130894],[126.938693,35.1308],[126.938624,35.130845]]]]}},{"type":"Feature","id":"0000194341981813843400000000","properties":{"id":"0000194341981813843400000000","pnu":"1221011900107680002","purpose":"기타"},"geometry":{"type":"MultiPolygon","coordinates":[[[[126.938723,35.131597],[126.938729,35.131603],[126.93877,35.131537],[126.938779,35.131541],[126.938788,35.131527],[126.938697,35.131525],[126.938694,35.131568],[126.938723,35.131597]]]]}},{"type":"Feature","id":"0000194343931813971100000000","properties":{"id":"0000194343931813971100000000","pnu":"1221011900107630002","purpose":"기타"},"geometry":{"type":"MultiPolygon","coordinates":[[[[126.938706,35.131688],[126.938756,35.13171],[126.938797,35.131649],[126.938747,35.131627],[126.938706,35.131688]]]]}},{"type":"Feature","id":"0000194345431813042100000000","properties":{"id":"0000194345431813042100000000","pnu":"1221011900107690002","purpose":"기타"},"geometry":{"type":"MultiPolygon","coordinates":[[[[126.938703,35.130803],[126.93879,35.130892],[126.938832,35.13086],[126.938752,35.130773],[126.938703,35.130803]]]]}},{"type":"Feature","id":"0000194346841819457900000000","properties":{"id":"0000194346841819457900000000","pnu":"1221012200102250002","purpose":"기타"},"geometry":{"type":"MultiPolygon","coordinates":[[[[126.938808,35.136661],[126.938813,35.136569],[126.938752,35.136566],[126.938746,35.136662],[126.938808,35.136661]]]]}},{"type":"Feature","id":"0000194347191819862800000000","properties":{"id":"0000194347191819862800000000","pnu":"1221012200102250001","purpose":"기타"},"geometry":{"type":"MultiPolygon","coordinates":[[[[126.938777,35.13703],[126.938825,35.137009],[126.93879,35.136929],[126.938741,35.13695],[126.938777,35.13703]]]]}},{"type":"Feature","id":"0000194347621814721400000000","properties":{"id":"0000194347621814721400000000","pnu":"1221012100108740000","purpose":"기타"},"geometry":{"type":"MultiPolygon","coordinates":[[[[126.938746,35.132388],[126.938824,35.132392],[126.938836,35.132301],[126.938759,35.132299],[126.938746,35.132388]]]]}},{"type":"Feature","id":"0000194348551819580100000000","properties":{"id":"0000194348551819580100000000","pnu":"1221012200102250002","purpose":"기타"},"geometry":{"type":"MultiPolygon","coordinates":[[[[126.938838,35.136796],[126.938832,35.13666],[126.938756,35.136664],[126.938755,35.136763],[126.93879,35.136765],[126.938793,35.136799],[126.938838,35.136796]]]]}},{"type":"Feature","id":"0000194351371813164500000000","properties":{"id":"0000194351371813164500000000","pnu":"1221011900107690002","purpose":"기타"},"geometry":{"type":"MultiPolygon","coordinates":[[[[126.938827,35.130993],[126.938883,35.130939],[126.938824,35.130892],[126.938792,35.130919],[126.938823,35.130948],[126.938793,35.130973],[126.938827,35.130993]]]]}},{"type":"Feature","id":"0000194352851819888400000000","properties":{"id":"0000194352851819888400000000","pnu":"1221012200102250001","purpose":"기타"},"geometry":{"type":"MultiPolygon","coordinates":[[[[126.938874,35.13703],[126.938843,35.136966],[126.938816,35.136975],[126.938847,35.137039],[126.938874,35.13703]]]]}},{"type":"Feature","id":"0000194354341812849000000000","properties":{"id":"0000194354341812849000000000","pnu":"1221011900107690002","purpose":"기타"},"geometry":{"type":"MultiPolygon","coordinates":[[[[126.938912,35.130587],[126.938789,35.130642],[126.938795,35.130708],[126.938812,35.130731],[126.938963,35.130658],[126.938912,35.130587]]]]}},{"type":"Feature","id":"0000194354661813037700000000","properties":{"id":"0000194354661813037700000000","pnu":"1221011900107690002","purpose":"기타"},"geometry":{"type":"MultiPolygon","coordinates":[[[[126.938844,35.130861],[126.938856,35.130855],[126.938884,35.130878],[126.938941,35.130853],[126.938865,35.130774],[126.938803,35.130804],[126.938844,35.130861]]]]}},{"type":"Feature","id":"0000194356071819876500000000","properties":{"id":"0000194356071819876500000000","pnu":"1221012200109990000","purpose":"기타"},"geometry":{"type":"MultiPolygon","coordinates":[[[[126.938841,35.136961],[126.938885,35.137037],[126.93892,35.137025],[126.938876,35.136945],[126.938841,35.136961]]]]}},{"type":"Feature","id":"0000194356741819643500000000","properties":{"id":"0000194356741819643500000000","pnu":"1221012200102250000","purpose":"기타"},"geometry":{"type":"MultiPolygon","coordinates":[[[[126.938854,35.136841],[126.938929,35.136834],[126.938919,35.136721],[126.938851,35.136727],[126.938854,35.136841]]]]}},{"type":"Feature","id":"1944193894481815817300000000","properties":{"id":"1944193894481815817300000000","pnu":"1221012200107230013","purpose":"단독주택"},"geometry":{"type":"MultiPolygon","coordinates":[[[[126.933847,35.133361],[126.933866,35.133326],[126.933791,35.133299],[126.933772,35.133335],[126.933847,35.133361]]]]}},{"type":"Feature","id":"1947193841821811940700000000","properties":{"id":"1947193841821811940700000000","pnu":"1221011900105340022","purpose":"단독주택","floors":1,"structure":"일반목구조"},"geometry":{"type":"MultiPolygon","coordinates":[[[[126.933289,35.129854],[126.933293,35.129831],[126.933196,35.129818],[126.933196,35.12984],[126.933289,35.129854]]]]}},{"type":"Feature","id":"1951193748731816439000000000","properties":{"id":"1951193748731816439000000000","pnu":"1221012200107000002","purpose":"단독주택"},"geometry":{"type":"MultiPolygon","coordinates":[[[[126.93218,35.133916],[126.932238,35.133922],[126.932258,35.133866],[126.932202,35.133855],[126.93218,35.133916]]]]}},{"type":"Feature","id":"1951193771491816258200000000","properties":{"id":"1951193771491816258200000000","pnu":"1221012200107020000","purpose":"단독주택"},"geometry":{"type":"MultiPolygon","coordinates":[[[[126.932538,35.133711],[126.932485,35.133662],[126.932398,35.133744],[126.932458,35.133791],[126.932538,35.133711]]]]}},{"type":"Feature","id":"1951193774051816151600000000","properties":{"id":"1951193774051816151600000000","pnu":"1221012200107020000","purpose":"단독주택"},"geometry":{"type":"MultiPolygon","coordinates":[[[[126.932525,35.133679],[126.932557,35.13365],[126.932468,35.133583],[126.932437,35.13361],[126.932525,35.133679]]]]}},{"type":"Feature","id":"1951193778641816107200000000","properties":{"id":"1951193778641816107200000000","pnu":"1221012200107030002","year":1951,"purpose":"단독주택"},"geometry":{"type":"MultiPolygon","coordinates":[[[[126.93257,35.133626],[126.932595,35.133599],[126.932521,35.133556],[126.9325,35.133579],[126.93257,35.133626]]]]}},{"type":"Feature","id":"1951193781271816028700000000","properties":{"id":"1951193781271816028700000000","pnu":"1221012200107030002","year":1951,"purpose":"단독주택"},"geometry":{"type":"MultiPolygon","coordinates":[[[[126.932562,35.133561],[126.932623,35.133504],[126.932595,35.133477],[126.932528,35.133538],[126.932562,35.133561]]]]}},{"type":"Feature","id":"1951193793881816178300000000","properties":{"id":"1951193793881816178300000000","pnu":"1221012200107050000","purpose":"단독주택"},"geometry":{"type":"MultiPolygon","coordinates":[[[[126.932736,35.133712],[126.932783,35.133679],[126.932694,35.133599],[126.932646,35.133628],[126.932736,35.133712]]]]}},{"type":"Feature","id":"1951193794511816863900000000","properties":{"id":"1951193794511816863900000000","pnu":"1221012200106970005","purpose":"단독주택"},"geometry":{"type":"MultiPolygon","coordinates":[[[[126.932676,35.134304],[126.932781,35.134281],[126.932766,35.134242],[126.932661,35.134265],[126.932676,35.134304]]]]}},{"type":"Feature","id":"1951193805591813415700000000","properties":{"id":"1951193805591813415700000000","pnu":"1221012200107960000","year":1951,"purpose":"단독주택"},"geometry":{"type":"MultiPolygon","coordinates":[[[[126.932891,35.131192],[126.932896,35.131148],[126.932802,35.131136],[126.932794,35.131183],[126.932891,35.131192]]]]}},{"type":"Feature","id":"1951193808611813115900000000","properties":{"id":"1951193808611813115900000000","pnu":"1221012200108040000","purpose":"단독주택"},"geometry":{"type":"MultiPolygon","coordinates":[[[[126.932865,35.130971],[126.932912,35.130972],[126.932915,35.130872],[126.932837,35.130813],[126.932812,35.130826],[126.932868,35.130885],[126.932865,35.130971]]]]}},{"type":"Feature","id":"1951193809201816220800000000","properties":{"id":"1951193809201816220800000000","pnu":"1221012200107040003","purpose":"단독주택"},"geometry":{"type":"MultiPolygon","coordinates":[[[[126.932882,35.133737],[126.932934,35.133708],[126.932881,35.133649],[126.932833,35.133679],[126.932882,35.133737]]]]}},{"type":"Feature","id":"1951193810511813348000000000","properties":{"id":"1951193810511813348000000000","pnu":"1221012200107960000","year":1951,"purpose":"단독주택"},"geometry":{"type":"MultiPolygon","coordinates":[[[[126.932944,35.131122],[126.932945,35.131092],[126.932855,35.131086],[126.932853,35.131116],[126.932944,35.131122]]]]}},{"type":"Feature","id":"1951193826731812968700000000","properties":{"id":"1951193826731812968700000000","pnu":"1221012200108120000","year":1951,"purpose":"단독주택"},"geometry":{"type":"MultiPolygon","coordinates":[[[[126.933108,35.130719],[126.933081,35.130713],[126.933045,35.130801],[126.933079,35.130809],[126.933108,35.130719]]]]}},{"type":"Feature","id":"1951193829641813147900000000","properties":{"id":"1951193829641813147900000000","pnu":"1221012200108120000","year":1951,"purpose":"단독주택"},"geometry":{"type":"MultiPolygon","coordinates":[[[[126.933157,35.130956],[126.933168,35.130919],[126.933062,35.130891],[126.933051,35.130929],[126.933157,35.130956]]]]}},{"type":"Feature","id":"1951193834071812994400000000","properties":{"id":"1951193834071812994400000000","pnu":"1221012200108120000","year":1951,"purpose":"단독주택"},"geometry":{"type":"MultiPolygon","coordinates":[[[[126.933195,35.130824],[126.933212,35.130765],[126.933122,35.130746],[126.933105,35.130807],[126.933195,35.130824]]]]}},{"type":"Feature","id":"1951193852611812580000000000","properties":{"id":"1951193852611812580000000000","pnu":"1221012200108090001","purpose":"기타","structure":"일반목구조"},"geometry":{"type":"MultiPolygon","coordinates":[[[[126.933312,35.130432],[126.933411,35.130429],[126.933409,35.130389],[126.93331,35.130398],[126.933312,35.130432]]]]}},{"type":"Feature","id":"1951193862851812942900000000","properties":{"id":"1951193862851812942900000000","pnu":"1221012200108180001","year":1951,"purpose":"단독주택"},"geometry":{"type":"MultiPolygon","coordinates":[[[[126.933521,35.130775],[126.933526,35.130711],[126.93343,35.130698],[126.933424,35.130773],[126.933521,35.130775]]]]}},{"type":"Feature","id":"1951193865201812852300000000","properties":{"id":"1951193865201812852300000000","pnu":"1221012200108180001","year":1951,"purpose":"단독주택"},"geometry":{"type":"MultiPolygon","coordinates":[[[[126.933568,35.130659],[126.933442,35.130624],[126.933434,35.130659],[126.933559,35.13069],[126.933568,35.130659]]]]}},{"type":"Feature","id":"1951193866071812746600000000","properties":{"id":"1951193866071812746600000000","pnu":"1221012200108170000","year":1951,"purpose":"단독주택"},"geometry":{"type":"MultiPolygon","coordinates":[[[[126.933544,35.130597],[126.933564,35.130551],[126.933472,35.130528],[126.933456,35.130573],[126.933544,35.130597]]]]}},{"type":"Feature","id":"1951193867801812584500000000","properties":{"id":"1951193867801812584500000000","pnu":"1221012200108170000","year":1951,"purpose":"단독주택"},"geometry":{"type":"MultiPolygon","coordinates":[[[[126.933491,35.130437],[126.933573,35.130426],[126.933566,35.130396],[126.933485,35.130405],[126.933491,35.130437]]]]}},{"type":"Feature","id":"1951193871671812656900000000","properties":{"id":"1951193871671812656900000000","pnu":"1221012200108170000","year":1951,"purpose":"단독주택"},"geometry":{"type":"MultiPolygon","coordinates":[[[[126.933558,35.130518],[126.933606,35.130509],[126.933584,35.130444],[126.933535,35.130454],[126.933558,35.130518]]]]}},{"type":"Feature","id":"1951193891861812593900000000","properties":{"id":"1951193891861812593900000000","pnu":"1221012200108210001","year":1951,"purpose":"단독주택"},"geometry":{"type":"MultiPolygon","coordinates":[[[[126.933828,35.130481],[126.933839,35.130378],[126.933756,35.130366],[126.933752,35.1304],[126.93375,35.130476],[126.933828,35.130481]]]]}},{"type":"Feature","id":"1951193913851812848200000000","properties":{"id":"1951193913851812848200000000","pnu":"1221012200108220001","purpose":"단독주택","floors":1,"structure":"일반목구조"},"geometry":{"type":"MultiPolygon","coordinates":[[[[126.934096,35.130686],[126.934099,35.130632],[126.933969,35.130623],[126.933968,35.130675],[126.934096,35.130686]]]]}},{"type":"Feature","id":"1951193982461815083900000000","properties":{"id":"1951193982461815083900000000","pnu":"1221012200107260000","purpose":"단독주택","structure":"블록구조"},"geometry":{"type":"MultiPolygon","coordinates":[[[[126.934783,35.132706],[126.934826,35.132687],[126.934784,35.132634],[126.934744,35.132651],[126.934783,35.132706]]]]}},{"type":"Feature","id":"1955193485691816027500000000","properties":{"id":"1955193485691816027500000000","pnu":"1221012200106670003","purpose":"단독주택","floors":1,"structure":"일반목구조"},"geometry":{"type":"MultiPolygon","coordinates":[[[[126.929368,35.133537],[126.92937,35.133504],[126.929299,35.133495],[126.929298,35.133531],[126.929368,35.133537]]]]}},{"type":"Feature","id":"1955193773561814155100000000","properties":{"id":"1955193773561814155100000000","pnu":"1221012200107310012","year":1955,"purpose":"단독주택"},"geometry":{"type":"MultiPolygon","coordinates":[[[[126.932447,35.131846],[126.932537,35.131848],[126.932539,35.131816],[126.932449,35.131815],[126.932447,35.131846]]]]}},{"type":"Feature","id":"1955193774191814222900000000","properties":{"id":"1955193774191814222900000000","pnu":"1221012200107310012","year":1955,"purpose":"단독주택"},"geometry":{"type":"MultiPolygon","coordinates":[[[[126.932546,35.131917],[126.932551,35.131874],[126.932456,35.131864],[126.932451,35.131914],[126.932546,35.131917]]]]}},{"type":"Feature","id":"1955193781241814204000000000","properties":{"id":"1955193781241814204000000000","pnu":"1221012200107310012","year":1955,"purpose":"단독주택"},"geometry":{"type":"MultiPolygon","coordinates":[[[[126.932577,35.131952],[126.932598,35.13188],[126.932615,35.131822],[126.932568,35.131813],[126.932545,35.131864],[126.932571,35.131871],[126.932545,35.131948],[126.932577,35.131952]]]]}},{"type":"Feature","id":"1955193992551813131400000000","properties":{"id":"1955193992551813131400000000","pnu":"1221012200110030011","purpose":"단독주택","structure":"일반목구조"},"geometry":{"type":"MultiPolygon","coordinates":[[[[126.934907,35.130954],[126.934952,35.130919],[126.934885,35.130865],[126.934842,35.130901],[126.934907,35.130954]]]]}},{"type":"Feature","id":"1955193996561813079900000000","properties":{"id":"1955193996561813079900000000","pnu":"1221012200110030011","purpose":"단독주택"},"geometry":{"type":"MultiPolygon","coordinates":[[[[126.934888,35.130798],[126.934864,35.130819],[126.934917,35.130885],[126.934978,35.130926],[126.93502,35.130884],[126.934888,35.130798]]]]}},{"type":"Feature","id":"1956193767011814381300000000","properties":{"id":"1956193767011814381300000000","pnu":"1221012200107310011","year":1956,"purpose":"단독주택"},"geometry":{"type":"MultiPolygon","coordinates":[[[[126.932421,35.132039],[126.932422,35.132039],[126.932423,35.132039],[126.932424,35.132039],[126.932425,35.132038],[126.932425,35.132038],[126.932426,35.132037],[126.932426,35.132037],[126.932427,35.132036],[126.932427,35.132035],[126.932427,35.132034],[126.932426,35.132033],[126.932426,35.132033],[126.932425,35.132032],[126.932425,35.132032],[126.932424,35.132031],[126.932423,35.132031],[126.932422,35.132031],[126.932421,35.13203],[126.93242,35.132031],[126.932419,35.132031],[126.932419,35.132031],[126.932418,35.132032],[126.932417,35.132032],[126.932417,35.132033],[126.932416,35.132033],[126.932416,35.132034],[126.932416,35.132035],[126.932416,35.132036],[126.932416,35.132037],[126.932416,35.132037],[126.932417,35.132038],[126.932418,35.132038],[126.932419,35.132039],[126.932419,35.132039],[126.93242,35.132039],[126.932421,35.132039]]]]}},{"type":"Feature","id":"1956193770971814309300000000","properties":{"id":"1956193770971814309300000000","pnu":"1221012200107310011","year":1956,"purpose":"단독주택"},"geometry":{"type":"MultiPolygon","coordinates":[[[[126.932409,35.131983],[126.932525,35.131977],[126.932526,35.13196],[126.93241,35.131961],[126.932409,35.131983]]]]}},{"type":"Feature","id":"1956193771091814459100000000","properties":{"id":"1956193771091814459100000000","pnu":"1221012200107310011","year":1956,"purpose":"단독주택"},"geometry":{"type":"MultiPolygon","coordinates":[[[[126.932415,35.132129],[126.932517,35.132126],[126.932519,35.132084],[126.932417,35.132082],[126.932415,35.132129]]]]}},{"type":"Feature","id":"1956193775761814361000000000","properties":{"id":"1956193775761814361000000000","pnu":"1221012200107310011","year":1956,"purpose":"단독주택"},"geometry":{"type":"MultiPolygon","coordinates":[[[[126.932536,35.131977],[126.932498,35.131979],[126.932496,35.132054],[126.932539,35.132054],[126.932536,35.131977]]]]}},{"type":"Feature","id":"1957193919221813146400000000","properties":{"id":"1957193919221813146400000000","pnu":"1221012200107890002","purpose":"단독주택"},"geometry":{"type":"MultiPolygon","coordinates":[[[[126.93415,35.130961],[126.93416,35.130906],[126.934036,35.130884],[126.934023,35.13094],[126.93415,35.130961]]]]}},{"type":"Feature","id":"1958194149851813365800000000","properties":{"id":"1958194149851813365800000000","pnu":"1221011900107220021","purpose":"제2종 근린생활시설","floors":2,"structure":"벽돌구조"},"geometry":{"type":"MultiPolygon","coordinates":[[[[126.936544,35.131107],[126.936589,35.131188],[126.936636,35.131167],[126.936628,35.131158],[126.936703,35.131126],[126.936669,35.131064],[126.936544,35.131107]]]]}},{"type":"Feature","id":"1959193840671813319000000000","properties":{"id":"1959193840671813319000000000","pnu":"1221012200108130001","year":1959,"purpose":"단독주택"},"geometry":{"type":"MultiPolygon","coordinates":[[[[126.933299,35.131107],[126.933301,35.131068],[126.933164,35.131049],[126.933158,35.131087],[126.933299,35.131107]]]]}},{"type":"Feature","id":"1959193845711813216800000000","properties":{"id":"1959193845711813216800000000","pnu":"1221012200108130001","year":1959,"purpose":"단독주택"},"geometry":{"type":"MultiPolygon","coordinates":[[[[126.933301,35.131025],[126.93332,35.130959],[126.933269,35.130948],[126.933252,35.131012],[126.933301,35.131025]]]]}},{"type":"Feature","id":"1959193850971813246200000000","properties":{"id":"1959193850971813246200000000","pnu":"1221012200108130001","purpose":"기타"},"geometry":{"type":"MultiPolygon","coordinates":[[[[126.933352,35.131054],[126.93337,35.130973],[126.933337,35.130969],[126.933315,35.13105],[126.933352,35.131054]]]]}},{"type":"Feature","id":"1959193906401813491500000000","properties":{"id":"1959193906401813491500000000","pnu":"1221012200107900002","purpose":"단독주택","floors":1,"structure":"벽돌구조"},"geometry":{"type":"MultiPolygon","coordinates":[[[[126.934005,35.131271],[126.934014,35.131218],[126.933899,35.131196],[126.933889,35.131251],[126.934005,35.131271]]]]}},{"type":"Feature","id":"1961193883971812088000000000","properties":{"id":"1961193883971812088000000000","pnu":"1221011900107150015","purpose":"단독주택","floors":1,"structure":"벽돌구조"},"geometry":{"type":"MultiPolygon","coordinates":[[[[126.933744,35.129996],[126.933752,35.129955],[126.93367,35.129942],[126.933659,35.129982],[126.933744,35.129996]]]]}},{"type":"Feature","id":"1961194025371814322800000000","properties":{"id":"1961194025371814322800000000","pnu":"1221012200102780001","purpose":"제1종 근린생활시설","far":57.33,"floors":1,"structure":"블록구조"},"geometry":{"type":"MultiPolygon","coordinates":[[[[126.935198,35.131981],[126.935201,35.131999],[126.935313,35.131987],[126.93531,35.131968],[126.935198,35.131981]]]]}},{"type":"Feature","id":"1961194139071812175700000000","properties":{"id":"1961194139071812175700000000","pnu":"1221011900107260009","purpose":"단독주택","floors":1,"structure":"블록구조"},"geometry":{"type":"MultiPolygon","coordinates":[[[[126.936416,35.130049],[126.936526,35.130122],[126.936594,35.130045],[126.936484,35.129979],[126.936416,35.130049]]]]}},{"type":"Feature","id":"1961194215591814622500000000","properties":{"id":"1961194215591814622500000000","pnu":"1221012100108730000","purpose":"기타","floors":1,"structure":"경량철골구조"},"geometry":{"type":"MultiPolygon","coordinates":[[[[126.937272,35.13229],[126.93734,35.132289],[126.937421,35.132272],[126.937423,35.132227],[126.937273,35.132224],[126.937272,35.13229]]]]}},{"type":"Feature","id":"1961194243001815216700000000","properties":{"id":"1961194243001815216700000000","pnu":"1221012100108730000","purpose":"기타"},"geometry":{"type":"MultiPolygon","coordinates":[[[[126.937847,35.132854],[126.937852,35.132739],[126.937439,35.132728],[126.937435,35.132843],[126.937847,35.132854]]]]}},{"type":"Feature","id":"1961194249121815390300000000","properties":{"id":"1961194249121815390300000000","pnu":"1221012100108730000","purpose":"기타","floors":1,"structure":"일반목구조"},"geometry":{"type":"MultiPolygon","coordinates":[[[[126.937635,35.132914],[126.937633,35.132964],[126.937676,35.132965],[126.937677,35.132992],[126.937734,35.132993],[126.937735,35.132972],[126.937788,35.132967],[126.937786,35.132917],[126.937635,35.132914]]]]}},{"type":"Feature","id":"1961194292991814653600000000","properties":{"id":"1961194292991814653600000000","pnu":"1221012100108730000","purpose":"기타","floors":1,"structure":"경량철골구조"},"geometry":{"type":"MultiPolygon","coordinates":[[[[126.938136,35.132312],[126.938242,35.132312],[126.938248,35.132256],[126.938142,35.132254],[126.938136,35.132312]]]]}},{"type":"Feature","id":"1961194324151814831100000000","properties":{"id":"1961194324151814831100000000","pnu":"1221012100108730000","purpose":"기타","floors":1,"structure":"벽돌구조"},"geometry":{"type":"MultiPolygon","coordinates":[[[[126.938415,35.13242],[126.93841,35.13246],[126.93842,35.132461],[126.938418,35.132476],[126.938618,35.13249],[126.938619,35.132477],[126.938629,35.132477],[126.938634,35.132432],[126.938622,35.132431],[126.938626,35.132397],[126.938518,35.132389],[126.938514,35.132427],[126.938415,35.13242]]]]}},{"type":"Feature","id":"1961194354291814985800000000","properties":{"id":"1961194354291814985800000000","pnu":"1221012100108730000","purpose":"기타","floors":1,"structure":"벽돌구조"},"geometry":{"type":"MultiPolygon","coordinates":[[[[126.938835,35.13257],[126.938839,35.132608],[126.938905,35.13258],[126.938905,35.13257],[126.938835,35.13257]]]]}},{"type":"Feature","id":"1961194358931815052000000000","properties":{"id":"1961194358931815052000000000","pnu":"1221012100108730000","purpose":"기타","floors":1,"structure":"일반목구조"},"geometry":{"type":"MultiPolygon","coordinates":[[[[126.938905,35.13258],[126.938832,35.132611],[126.938931,35.132708],[126.938996,35.132675],[126.938905,35.13258]]]]}},{"type":"Feature","id":"1962193806611813289000000000","properties":{"id":"1962193806611813289000000000","pnu":"1221012200107960001","year":1962,"purpose":"단독주택"},"geometry":{"type":"MultiPolygon","coordinates":[[[[126.932909,35.131079],[126.93291,35.131028],[126.932805,35.131023],[126.932803,35.131074],[126.932909,35.131079]]]]}},{"type":"Feature","id":"1962193866521813363500000000","properties":{"id":"1962193866521813363500000000","pnu":"1221012200107930003","year":1962,"purpose":"단독주택"},"geometry":{"type":"MultiPolygon","coordinates":[[[[126.933587,35.131179],[126.933606,35.131092],[126.933441,35.131059],[126.933419,35.131143],[126.933587,35.131179]]]]}},{"type":"Feature","id":"1962193873261813265900000000","properties":{"id":"1962193873261813265900000000","pnu":"1221012200107930003","year":1962,"purpose":"단독주택"},"geometry":{"type":"MultiPolygon","coordinates":[[[[126.933617,35.131075],[126.933634,35.130998],[126.933562,35.130984],[126.93354,35.131063],[126.933617,35.131075]]]]}},{"type":"Feature","id":"1963193668991814725400000000","properties":{"id":"1963193668991814725400000000","pnu":"1221012200107310015","purpose":"단독주택","floors":1,"structure":"일반목구조"},"geometry":{"type":"MultiPolygon","coordinates":[[[[126.931294,35.132386],[126.931417,35.132354],[126.931399,35.132305],[126.931275,35.132333],[126.931294,35.132386]]]]}},{"type":"Feature","id":"1963193855681812025000000000","properties":{"id":"1963193855681812025000000000","pnu":"1221011900107150003","year":1963,"purpose":"단독주택"},"geometry":{"type":"MultiPolygon","coordinates":[[[[126.933441,35.129942],[126.933452,35.129903],[126.933352,35.129881],[126.93334,35.129922],[126.933441,35.129942]]]]}},{"type":"Feature","id":"1964193455941812248200000000","properties":{"id":"1964193455941812248200000000","pnu":"1221012200108550002","year":1964,"purpose":"단독주택"},"geometry":{"type":"MultiPolygon","coordinates":[[[[126.929087,35.130091],[126.929026,35.130063],[126.929016,35.130074],[126.928976,35.130059],[126.928936,35.130129],[126.929004,35.130164],[126.929021,35.130147],[126.929043,35.130158],[126.929087,35.130091]]]]}},{"type":"Feature","id":"1964193456381815646300000000","properties":{"id":"1964193456381815646300000000","pnu":"1221012200108730022","purpose":"단독주택"},"geometry":{"type":"MultiPolygon","coordinates":[[[[126.929045,35.133214],[126.929067,35.133153],[126.928975,35.133136],[126.928957,35.133189],[126.929045,35.133214]]]]}},{"type":"Feature","id":"1964193463041812145900000000","properties":{"id":"1964193463041812145900000000","pnu":"1221012200108550002","year":1964,"purpose":"제2종 근린생활시설"},"geometry":{"type":"MultiPolygon","coordinates":[[[[126.929114,35.130049],[126.929133,35.130019],[126.929062,35.129987],[126.929043,35.130018],[126.929114,35.130049]]]]}},{"type":"Feature","id":"1964193499211815739400000000","properties":{"id":"1964193499211815739400000000","pnu":"1221012200108730038","year":1964,"purpose":"단독주택"},"geometry":{"type":"MultiPolygon","coordinates":[[[[126.929553,35.133303],[126.929572,35.133243],[126.92941,35.133212],[126.929393,35.133273],[126.929553,35.133303]]]]}},{"type":"Feature","id":"1964193579211812067200000000","properties":{"id":"1964193579211812067200000000","pnu":"1221011900105180030","year":1964,"purpose":"기타"},"geometry":{"type":"MultiPolygon","coordinates":[[[[126.930424,35.130004],[126.930443,35.129968],[126.930304,35.129893],[126.930279,35.129925],[126.930424,35.130004]]]]}},{"type":"Feature","id":"1964193605221812217100000000","properties":{"id":"1964193605221812217100000000","pnu":"1221011900105180020","year":1964,"purpose":"단독주택"},"geometry":{"type":"MultiPolygon","coordinates":[[[[126.930681,35.130118],[126.930701,35.130086],[126.930615,35.130049],[126.930593,35.130079],[126.930681,35.130118]]]]}},{"type":"Feature","id":"1964193615531812281400000000","properties":{"id":"1964193615531812281400000000","pnu":"1221011900105180016","year":1964,"purpose":"단독주택"},"geometry":{"type":"MultiPolygon","coordinates":[[[[126.930813,35.130187],[126.930836,35.130139],[126.930715,35.130095],[126.930683,35.130145],[126.930813,35.130187]]]]}},{"type":"Feature","id":"1964193630881812323200000000","properties":{"id":"1964193630881812323200000000","pnu":"1221011900105180014","year":1964,"purpose":"단독주택"},"geometry":{"type":"MultiPolygon","coordinates":[[[[126.930978,35.130223],[126.930999,35.130164],[126.930886,35.130134],[126.930857,35.130196],[126.930978,35.130223]]]]}},{"type":"Feature","id":"1964193669981812411200000000","properties":{"id":"1964193669981812411200000000","pnu":"1221011900105180010","year":1964,"purpose":"단독주택"},"geometry":{"type":"MultiPolygon","coordinates":[[[[126.931406,35.130296],[126.931418,35.130236],[126.931312,35.130221],[126.931298,35.130283],[126.931406,35.130296]]]]}},{"type":"Feature","id":"1964193684861812450200000000","properties":{"id":"1964193684861812450200000000","pnu":"1221011900105180007","purpose":"단독주택"},"geometry":{"type":"MultiPolygon","coordinates":[[[[126.931445,35.1303],[126.931597,35.130315],[126.931597,35.130288],[126.931448,35.130273],[126.931445,35.1303]]]]}},{"type":"Feature","id":"1964193721081812402000000000","properties":{"id":"1964193721081812402000000000","pnu":"1221011900105180001","purpose":"단독주택"},"geometry":{"type":"MultiPolygon","coordinates":[[[[126.931927,35.130303],[126.931976,35.130301],[126.931964,35.130232],[126.931862,35.1302],[126.931847,35.130241],[126.931903,35.13026],[126.931927,35.130303]]]]}},{"type":"Feature","id":"1964193725501812360600000000","properties":{"id":"1964193725501812360600000000","pnu":"1221011900105180001","purpose":"단독주택"},"geometry":{"type":"MultiPolygon","coordinates":[[[[126.932017,35.130241],[126.932023,35.130221],[126.931916,35.130186],[126.931911,35.130205],[126.932017,35.130241]]]]}},{"type":"Feature","id":"1964193779161816335800000000","properties":{"id":"1964193779161816335800000000","pnu":"1221012200107060000","year":1964,"purpose":"단독주택"},"geometry":{"type":"MultiPolygon","coordinates":[[[[126.932541,35.133838],[126.932598,35.133777],[126.932564,35.133755],[126.932509,35.133819],[126.932541,35.133838]]]]}},{"type":"Feature","id":"1964193786781816214600000000","properties":{"id":"1964193786781816214600000000","pnu":"1221012200107060000","year":1964,"purpose":"단독주택"},"geometry":{"type":"MultiPolygon","coordinates":[[[[126.932676,35.133735],[126.932709,35.13371],[126.93263,35.133638],[126.932573,35.133679],[126.932573,35.133702],[126.932594,35.133716],[126.932623,35.133693],[126.932676,35.133735]]]]}},{"type":"Feature","id":"1964193788301816429500000000","properties":{"id":"1964193788301816429500000000","pnu":"1221012200107060000","year":1964,"purpose":"단독주택"},"geometry":{"type":"MultiPolygon","coordinates":[[[[126.932703,35.133943],[126.932733,35.13391],[126.932605,35.13382],[126.932573,35.133853],[126.932703,35.133943]]]]}},{"type":"Feature","id":"1964193824291811982200000000","properties":{"id":"1964193824291811982200000000","pnu":"1221011900105340026","purpose":"단독주택","floors":1,"structure":"블록구조"},"geometry":{"type":"MultiPolygon","coordinates":[[[[126.933074,35.129919],[126.93309,35.129899],[126.933073,35.129888],[126.933096,35.129851],[126.93304,35.129829],[126.933002,35.129885],[126.933074,35.129919]]]]}},{"type":"Feature","id":"1964193825681812152800000000","properties":{"id":"1964193825681812152800000000","pnu":"1221011900105140002","purpose":"단독주택","floors":1,"structure":"블록구조"},"geometry":{"type":"MultiPolygon","coordinates":[[[[126.933115,35.130045],[126.933109,35.130003],[126.933019,35.130008],[126.933024,35.13005],[126.933115,35.130045]]]]}},{"type":"Feature","id":"1964193876461816857500000000","properties":{"id":"1964193876461816857500000000","pnu":"1221012200107130017","year":1964,"purpose":"단독주택"},"geometry":{"type":"MultiPolygon","coordinates":[[[[126.93362,35.134272],[126.933621,35.134272],[126.933622,35.134272],[126.933623,35.134272],[126.933624,35.134271],[126.933624,35.134271],[126.933625,35.13427],[126.933625,35.134269],[126.933626,35.134268],[126.933626,35.134268],[126.933626,35.134267],[126.933625,35.134266],[126.933625,35.134265],[126.933624,35.134265],[126.933624,35.134264],[126.933623,35.134264],[126.933622,35.134263],[126.933621,35.134263],[126.93362,35.134263],[126.933619,35.134263],[126.933618,35.134263],[126.933617,35.134264],[126.933617,35.134264],[126.933616,35.134265],[126.933615,35.134265],[126.933615,35.134266],[126.933615,35.134267],[126.933615,35.134268],[126.933615,35.134268],[126.933615,35.134269],[126.933615,35.13427],[126.933616,35.134271],[126.933617,35.134271],[126.933617,35.134272],[126.933618,35.134272],[126.933619,35.134272],[126.93362,35.134272]]]]}},{"type":"Feature","id":"1964193967401814927700000000","properties":{"id":"1964193967401814927700000000","pnu":"1221012200102760005","purpose":"단독주택","floors":1,"structure":"일반목구조"},"geometry":{"type":"MultiPolygon","coordinates":[[[[126.934581,35.132571],[126.934687,35.132528],[126.934664,35.132487],[126.93455,35.132529],[126.934581,35.132571]]]]}},{"type":"Feature","id":"1964194115901812277900000000","properties":{"id":"1964194115901812277900000000","pnu":"1221011900107240000","year":1964,"purpose":"단독주택"},"geometry":{"type":"MultiPolygon","coordinates":[[[[126.936262,35.130177],[126.936295,35.130134],[126.936239,35.130106],[126.936207,35.130148],[126.936262,35.130177]]]]}},{"type":"Feature","id":"1964194165761812515900000000","properties":{"id":"1964194165761812515900000000","pnu":"1221011900107260006","purpose":"단독주택","floors":1,"structure":"블록구조"},"geometry":{"type":"MultiPolygon","coordinates":[[[[126.936725,35.130381],[126.936788,35.130414],[126.936798,35.130397],[126.93681,35.130402],[126.936868,35.130319],[126.936821,35.130296],[126.936782,35.13034],[126.936761,35.13033],[126.936725,35.130381]]]]}},{"type":"Feature","id":"1964194240501814197500000000","properties":{"id":"1964194240501814197500000000","pnu":"1221011900107300000","purpose":"단독주택"},"geometry":{"type":"MultiPolygon","coordinates":[[[[126.937539,35.131864],[126.93757,35.131918],[126.937693,35.13188],[126.937664,35.131826],[126.937539,35.131864]]]]}},{"type":"Feature","id":"1964194246081814315000000000","properties":{"id":"1964194246081814315000000000","pnu":"1221011900107670001","year":1964,"purpose":"단독주택"},"geometry":{"type":"MultiPolygon","coordinates":[[[[126.937753,35.131995],[126.937755,35.131965],[126.937602,35.131961],[126.937601,35.131992],[126.937753,35.131995]]]]}},{"type":"Feature","id":"1964194260971814283600000000","properties":{"id":"1964194260971814283600000000","pnu":"1221011900107670001","year":1964,"purpose":"단독주택"},"geometry":{"type":"MultiPolygon","coordinates":[[[[126.93777,35.131987],[126.937876,35.131988],[126.937877,35.131979],[126.93792,35.131979],[126.937922,35.13195],[126.937904,35.131948],[126.937906,35.131913],[126.937793,35.13191],[126.937774,35.131921],[126.93777,35.131987]]]]}},{"type":"Feature","id":"1965193847771815723300000000","properties":{"id":"1965193847771815723300000000","pnu":"1221012200107230002","purpose":"단독주택","floors":1,"structure":"일반목구조"},"geometry":{"type":"MultiPolygon","coordinates":[[[[126.933341,35.133199],[126.933241,35.13325],[126.93328,35.133293],[126.93337,35.133236],[126.933341,35.133199]]]]}},{"type":"Feature","id":"1965193856671811926700000000","properties":{"id":"1965193856671811926700000000","pnu":"1221011900107060003","purpose":"단독주택"},"geometry":{"type":"MultiPolygon","coordinates":[[[[126.933344,35.129855],[126.933467,35.129861],[126.933469,35.129791],[126.933347,35.129785],[126.933344,35.129855]]]]}},{"type":"Feature","id":"1965193879401812180400000000","properties":{"id":"1965193879401812180400000000","pnu":"1221011900107150016","purpose":"단독주택","floors":1,"structure":"벽돌구조"},"geometry":{"type":"MultiPolygon","coordinates":[[[[126.933693,35.130079],[126.933703,35.130036],[126.93362,35.130024],[126.93361,35.130068],[126.933693,35.130079]]]]}},{"type":"Feature","id":"1965193940551815762500000000","properties":{"id":"1965193940551815762500000000","pnu":"1221012200107240006","purpose":"단독주택","floors":1,"structure":"일반목구조"},"geometry":{"type":"MultiPolygon","coordinates":[[[[126.934311,35.13336],[126.934424,35.133304],[126.934339,35.1332],[126.934226,35.133262],[126.93424,35.133279],[126.93424,35.133282],[126.934311,35.13336]]]]}},{"type":"Feature","id":"1966193744491817196800000000","properties":{"id":"1966193744491817196800000000","pnu":"1221012200106900000","purpose":"단독주택"},"geometry":{"type":"MultiPolygon","coordinates":[[[[126.932138,35.134642],[126.932259,35.134545],[126.93221,35.134502],[126.932084,35.134599],[126.932138,35.134642]]]]}},{"type":"Feature","id":"1966193834011812150200000000","properties":{"id":"1966193834011812150200000000","pnu":"1221011900105140001","purpose":"단독주택","floors":1,"structure":"블록구조"},"geometry":{"type":"MultiPolygon","coordinates":[[[[126.933194,35.130061],[126.933186,35.129986],[126.933125,35.129983],[126.93313,35.130067],[126.933194,35.130061]]]]}},{"type":"Feature","id":"1966193884421811052800000000","properties":{"id":"1966193884421811052800000000","pnu":"1221011900107050000","purpose":"단독주택","floors":1,"structure":"일반목구조"},"geometry":{"type":"MultiPolygon","coordinates":[[[[126.933756,35.129079],[126.933777,35.129043],[126.933666,35.128992],[126.933647,35.129028],[126.933756,35.129079]]]]}},{"type":"Feature","id":"1966193986581810143900000000","properties":{"id":"1966193986581810143900000000","pnu":"1221011900106980021","purpose":"단독주택","floors":1,"structure":"블록구조"},"geometry":{"type":"MultiPolygon","coordinates":[[[[126.934857,35.128265],[126.934881,35.128247],[126.93481,35.128171],[126.934784,35.128184],[126.934857,35.128265]]]]}},{"type":"Feature","id":"1966194145911812253900000000","properties":{"id":"1966194145911812253900000000","pnu":"1221011900107260008","purpose":"기타","structure":"블록구조"},"geometry":{"type":"MultiPolygon","coordinates":[[[[126.93658,35.130124],[126.936581,35.130124],[126.936582,35.130124],[126.936583,35.130124],[126.936583,35.130123],[126.936584,35.130123],[126.936585,35.130122],[126.936585,35.130121],[126.936585,35.130121],[126.936585,35.13012],[126.936585,35.130119],[126.936585,35.130118],[126.936585,35.130118],[126.936584,35.130117],[126.936584,35.130116],[126.936583,35.130116],[126.936582,35.130116],[126.936581,35.130115],[126.93658,35.130115],[126.936579,35.130115],[126.936578,35.130116],[126.936577,35.130116],[126.936576,35.130116],[126.936576,35.130117],[126.936575,35.130118],[126.936575,35.130118],[126.936575,35.130119],[126.936574,35.13012],[126.936575,35.130121],[126.936575,35.130121],[126.936575,35.130122],[126.936576,35.130123],[126.936576,35.130123],[126.936577,35.130124],[126.936578,35.130124],[126.936579,35.130124],[126.93658,35.130124]]]]}},{"type":"Feature","id":"1966194151511812294700000000","properties":{"id":"1966194151511812294700000000","pnu":"1221011900107260008","purpose":"단독주택","floors":1,"structure":"블록구조"},"geometry":{"type":"MultiPolygon","coordinates":[[[[126.936717,35.13016],[126.936618,35.130098],[126.936566,35.130153],[126.936665,35.130216],[126.936717,35.13016]]]]}},{"type":"Feature","id":"1966194175681812551200000000","properties":{"id":"1966194175681812551200000000","pnu":"1221011900107260005","purpose":"단독주택","floors":1,"structure":"블록구조"},"geometry":{"type":"MultiPolygon","coordinates":[[[[126.93688,35.130335],[126.936836,35.130385],[126.936931,35.13044],[126.936978,35.130392],[126.93688,35.130335]]]]}},{"type":"Feature","id":"1967193777441816945200000000","properties":{"id":"1967193777441816945200000000","pnu":"1221012200106970013","purpose":"단독주택"},"geometry":{"type":"MultiPolygon","coordinates":[[[[126.932504,35.134391],[126.932591,35.134355],[126.932562,35.134302],[126.93252,35.134314],[126.932525,35.134321],[126.932476,35.13434],[126.932504,35.134391]]]]}},{"type":"Feature","id":"1967193814161813037600000000","properties":{"id":"1967193814161813037600000000","pnu":"1221012200108050002","year":1967,"purpose":"단독주택"},"geometry":{"type":"MultiPolygon","coordinates":[[[[126.932992,35.130856],[126.933007,35.13082],[126.932881,35.130794],[126.932873,35.130826],[126.932992,35.130856]]]]}},{"type":"Feature","id":"1967193815551812974000000000","properties":{"id":"1967193815551812974000000000","pnu":"1221012200108050002","year":1967,"purpose":"단독주택"},"geometry":{"type":"MultiPolygon","coordinates":[[[[126.933008,35.130804],[126.933021,35.130758],[126.932905,35.130728],[126.932889,35.130778],[126.933008,35.130804]]]]}},{"type":"Feature","id":"1967193817341813115800000000","properties":{"id":"1967193817341813115800000000","pnu":"1221012200108050002","year":1967,"purpose":"단독주택"},"geometry":{"type":"MultiPolygon","coordinates":[[[[126.933034,35.130908],[126.933034,35.130884],[126.932917,35.13088],[126.932916,35.130907],[126.933034,35.130908]]]]}},{"type":"Feature","id":"1967193817531812896000000000","properties":{"id":"1967193817531812896000000000","pnu":"1221012200108050002","year":1967,"purpose":"기타"},"geometry":{"type":"MultiPolygon","coordinates":[[[[126.933043,35.13073],[126.933053,35.130698],[126.932913,35.130662],[126.932901,35.130696],[126.933043,35.13073]]]]}},{"type":"Feature","id":"1967193826421811819300000000","properties":{"id":"1967193826421811819300000000","pnu":"1221011900105340016","purpose":"단독주택","structure":"블록구조"},"geometry":{"type":"MultiPolygon","coordinates":[[[[126.933075,35.129731],[126.933076,35.129731],[126.933077,35.12973],[126.933078,35.12973],[126.933079,35.12973],[126.933079,35.129729],[126.93308,35.129728],[126.93308,35.129728],[126.93308,35.129727],[126.93308,35.129726],[126.93308,35.129725],[126.93308,35.129725],[126.93308,35.129724],[126.933079,35.129723],[126.933079,35.129723],[126.933078,35.129722],[126.933077,35.129722],[126.933076,35.129722],[126.933075,35.129722],[126.933074,35.129722],[126.933073,35.129722],[126.933072,35.129722],[126.933071,35.129723],[126.933071,35.129723],[126.93307,35.129724],[126.93307,35.129725],[126.93307,35.129725],[126.93307,35.129726],[126.93307,35.129727],[126.93307,35.129728],[126.93307,35.129728],[126.933071,35.129729],[126.933071,35.12973],[126.933072,35.12973],[126.933073,35.12973],[126.933074,35.129731],[126.933075,35.129731]]]]}},{"type":"Feature","id":"1967193830301811887700000000","properties":{"id":"1967193830301811887700000000","pnu":"1221011900105340016","purpose":"단독주택","floors":1,"structure":"벽돌구조"},"geometry":{"type":"MultiPolygon","coordinates":[[[[126.933158,35.129828],[126.933179,35.129777],[126.933114,35.129761],[126.933115,35.129752],[126.933079,35.129745],[126.93306,35.129803],[126.933158,35.129828]]]]}},{"type":"Feature","id":"1967193835841812685500000000","properties":{"id":"1967193835841812685500000000","pnu":"1221012200108100000","year":1967,"purpose":"단독주택"},"geometry":{"type":"MultiPolygon","coordinates":[[[[126.933195,35.13055],[126.93322,35.130482],[126.93316,35.130464],[126.933135,35.130532],[126.933195,35.13055]]]]}},{"type":"Feature","id":"1967193862201812140000000000","properties":{"id":"1967193862201812140000000000","pnu":"1221011900107150020","purpose":"단독주택","floors":1,"structure":"벽돌구조"},"geometry":{"type":"MultiPolygon","coordinates":[[[[126.933509,35.129986],[126.933442,35.129972],[126.93343,35.13005],[126.93349,35.130057],[126.933509,35.129986]]]]}},{"type":"Feature","id":"1967193872271813458800000000","properties":{"id":"1967193872271813458800000000","pnu":"1221012200107920002","purpose":"기타","structure":"블록구조"},"geometry":{"type":"MultiPolygon","coordinates":[[[[126.933577,35.131209],[126.933578,35.131209],[126.933579,35.131208],[126.93358,35.131208],[126.93358,35.131208],[126.933581,35.131207],[126.933582,35.131206],[126.933582,35.131206],[126.933582,35.131205],[126.933582,35.131204],[126.933582,35.131203],[126.933582,35.131203],[126.933582,35.131202],[126.933581,35.131201],[126.93358,35.131201],[126.93358,35.1312],[126.933579,35.1312],[126.933578,35.1312],[126.933577,35.1312],[126.933576,35.1312],[126.933575,35.1312],[126.933574,35.1312],[126.933573,35.131201],[126.933573,35.131201],[126.933572,35.131202],[126.933572,35.131203],[126.933571,35.131203],[126.933571,35.131204],[126.933571,35.131205],[126.933572,35.131206],[126.933572,35.131206],[126.933573,35.131207],[126.933573,35.131208],[126.933574,35.131208],[126.933575,35.131208],[126.933576,35.131209],[126.933577,35.131209]]]]}},{"type":"Feature","id":"1967193873531812943800000000","properties":{"id":"1967193873531812943800000000","pnu":"1221012200108180002","year":1967,"purpose":"단독주택"},"geometry":{"type":"MultiPolygon","coordinates":[[[[126.933635,35.130701],[126.93359,35.130695],[126.933587,35.130719],[126.933551,35.130717],[126.933541,35.130769],[126.93362,35.130781],[126.933635,35.130701]]]]}},{"type":"Feature","id":"1967193873881812064500000000","properties":{"id":"1967193873881812064500000000","pnu":"1221011900107150017","purpose":"단독주택","floors":1,"structure":"벽돌구조"},"geometry":{"type":"MultiPolygon","coordinates":[[[[126.933637,35.129979],[126.933645,35.129932],[126.933556,35.129916],[126.933545,35.129963],[126.933637,35.129979]]]]}},{"type":"Feature","id":"1967193875021811974900000000","properties":{"id":"1967193875021811974900000000","pnu":"1221011900107060002","purpose":"단독주택","floors":1,"structure":"블록구조"},"geometry":{"type":"MultiPolygon","coordinates":[[[[126.933651,35.1299],[126.933666,35.12986],[126.933565,35.129834],[126.93355,35.129873],[126.933651,35.1299]]]]}},{"type":"Feature","id":"1967193875181813540700000000","properties":{"id":"1967193875181813540700000000","pnu":"1221012200107920002","purpose":"단독주택","floors":1,"structure":"벽돌구조"},"geometry":{"type":"MultiPolygon","coordinates":[[[[126.933655,35.131318],[126.933667,35.131257],[126.933565,35.131237],[126.933549,35.1313],[126.933655,35.131318]]]]}},{"type":"Feature","id":"1967193876561812863800000000","properties":{"id":"1967193876561812863800000000","pnu":"1221012200108180002","year":1967,"purpose":"단독주택"},"geometry":{"type":"MultiPolygon","coordinates":[[[[126.933647,35.130691],[126.933653,35.130654],[126.933603,35.130646],[126.933594,35.13068],[126.933647,35.130691]]]]}},{"type":"Feature","id":"1967193886241812001300000000","properties":{"id":"1967193886241812001300000000","pnu":"1221011900107060001","purpose":"단독주택","floors":1,"structure":"벽돌구조"},"geometry":{"type":"MultiPolygon","coordinates":[[[[126.933767,35.129921],[126.933779,35.129875],[126.933695,35.129861],[126.933682,35.129905],[126.933767,35.129921]]]]}},{"type":"Feature","id":"1967193894261812109600000000","properties":{"id":"1967193894261812109600000000","pnu":"1221011900107150013","purpose":"단독주택","floors":1,"structure":"벽돌구조"},"geometry":{"type":"MultiPolygon","coordinates":[[[[126.933858,35.130017],[126.933868,35.129975],[126.933781,35.12996],[126.93377,35.130001],[126.933858,35.130017]]]]}},{"type":"Feature","id":"1967193897641811549700000000","properties":{"id":"1967193897641811549700000000","pnu":"1221011900107060010","year":1967,"purpose":"단독주택"},"geometry":{"type":"MultiPolygon","coordinates":[[[[126.933894,35.129526],[126.933919,35.129475],[126.933817,35.129443],[126.933795,35.12949],[126.933894,35.129526]]]]}},{"type":"Feature","id":"1967193899591811486900000000","properties":{"id":"1967193899591811486900000000","pnu":"1221011900107060010","year":1967,"purpose":"제1종 근린생활시설"},"geometry":{"type":"MultiPolygon","coordinates":[[[[126.93393,35.129454],[126.933939,35.129436],[126.933831,35.129398],[126.933821,35.129423],[126.93393,35.129454]]]]}},{"type":"Feature","id":"1967193907021812238900000000","properties":{"id":"1967193907021812238900000000","pnu":"1221011900107150010","purpose":"단독주택","floors":1,"structure":"벽돌구조"},"geometry":{"type":"MultiPolygon","coordinates":[[[[126.933994,35.130137],[126.934014,35.130081],[126.933977,35.130074],[126.933971,35.130088],[126.933914,35.130077],[126.933902,35.130122],[126.933994,35.130137]]]]}},{"type":"Feature","id":"1967193914151812158600000000","properties":{"id":"1967193914151812158600000000","pnu":"1221011900107150009","purpose":"단독주택","floors":1,"structure":"벽돌구조"},"geometry":{"type":"MultiPolygon","coordinates":[[[[126.933981,35.13005],[126.934077,35.13007],[126.934093,35.130015],[126.933998,35.129995],[126.933981,35.13005]]]]}},{"type":"Feature","id":"1967193989591811827000000000","properties":{"id":"1967193989591811827000000000","pnu":"1221011900107110004","purpose":"단독주택"},"geometry":{"type":"MultiPolygon","coordinates":[[[[126.934851,35.129769],[126.934914,35.129726],[126.934881,35.129698],[126.934815,35.129744],[126.934851,35.129769]]]]}},{"type":"Feature","id":"1967194072151811734500000000","properties":{"id":"1967194072151811734500000000","pnu":"1221011900107240012","purpose":"단독주택","floors":1,"structure":"블록구조"},"geometry":{"type":"MultiPolygon","coordinates":[[[[126.93571,35.129644],[126.935781,35.129703],[126.935832,35.129653],[126.935761,35.129601],[126.93571,35.129644]]]]}},{"type":"Feature","id":"1967194075461814503800000000","properties":{"id":"1967194075461814503800000000","pnu":"1221012200102750002","purpose":"제1종 근린생활시설","floors":1,"structure":"일반목구조"},"geometry":{"type":"MultiPolygon","coordinates":[[[[126.935741,35.132164],[126.935865,35.132166],[126.935866,35.132128],[126.935744,35.132131],[126.935741,35.132164]]]]}},{"type":"Feature","id":"1967194089331811773300000000","properties":{"id":"1967194089331811773300000000","pnu":"1221011900107240004","purpose":"단독주택"},"geometry":{"type":"MultiPolygon","coordinates":[[[[126.935898,35.129675],[126.935987,35.129735],[126.93602,35.129696],[126.935934,35.129639],[126.935898,35.129675]]]]}},{"type":"Feature","id":"1967194089631811896600000000","properties":{"id":"1967194089631811896600000000","pnu":"1221011900107240009","purpose":"단독주택","floors":1,"structure":"블록구조"},"geometry":{"type":"MultiPolygon","coordinates":[[[[126.9359,35.129797],[126.935949,35.129839],[126.935962,35.129827],[126.935981,35.129838],[126.936024,35.129796],[126.935964,35.129751],[126.9359,35.129797]]]]}},{"type":"Feature","id":"1967194172341814598800000000","properties":{"id":"1967194172341814598800000000","pnu":"1221012100109510000","purpose":"제1종 근린생활시설"},"geometry":{"type":"MultiPolygon","coordinates":[[[[126.936831,35.132262],[126.9369,35.132258],[126.936913,35.13221],[126.936831,35.132208],[126.936831,35.132262]]]]}},{"type":"Feature","id":"1967194193741812984000000000","properties":{"id":"1967194193741812984000000000","pnu":"1221011900107250001","purpose":"단독주택"},"geometry":{"type":"MultiPolygon","coordinates":[[[[126.937031,35.130803],[126.93708,35.13084],[126.937181,35.130766],[126.937132,35.130716],[126.937087,35.13075],[126.937078,35.130745],[126.937047,35.130767],[126.937059,35.130782],[126.937031,35.130803]]]]}},{"type":"Feature","id":"1967194217571813238700000000","properties":{"id":"1967194217571813238700000000","pnu":"1221011900107270007","purpose":"단독주택"},"geometry":{"type":"MultiPolygon","coordinates":[[[[126.937324,35.13105],[126.937428,35.131026],[126.937408,35.130967],[126.937305,35.130987],[126.937324,35.13105]]]]}},{"type":"Feature","id":"1968193576551815416900000000","properties":{"id":"1968193576551815416900000000","pnu":"1221012200107360007","purpose":"기타","structure":"블록구조"},"geometry":{"type":"MultiPolygon","coordinates":[[[[126.930341,35.132922],[126.930304,35.132928],[126.93032,35.133012],[126.930358,35.133007],[126.930341,35.132922]]]]}},{"type":"Feature","id":"1968193581171815397000000000","properties":{"id":"1968193581171815397000000000","pnu":"1221012200107360007","purpose":"단독주택","floors":1,"structure":"일반목구조"},"geometry":{"type":"MultiPolygon","coordinates":[[[[126.930405,35.13291],[126.930345,35.132921],[126.930358,35.132987],[126.930418,35.132979],[126.930405,35.13291]]]]}},{"type":"Feature","id":"1968193662891810051500000000","properties":{"id":"1968193662891810051500000000","pnu":"1221011900105320173","year":1968,"purpose":"단독주택"},"geometry":{"type":"MultiPolygon","coordinates":[[[[126.931235,35.128217],[126.931373,35.128148],[126.931357,35.128087],[126.931238,35.128049],[126.931216,35.128096],[126.931271,35.128113],[126.93119,35.12816],[126.931235,35.128217]]]]}},{"type":"Feature","id":"1968193673701816951100000000","properties":{"id":"1968193673701816951100000000","pnu":"1221012200106770010","purpose":"기타"},"geometry":{"type":"MultiPolygon","coordinates":[[[[126.931391,35.134404],[126.931431,35.134388],[126.931405,35.134302],[126.931362,35.134305],[126.931377,35.134378],[126.931391,35.134404]]]]}},{"type":"Feature","id":"1968193680331816919800000000","properties":{"id":"1968193680331816919800000000","pnu":"1221012200106770010","purpose":"단독주택"},"geometry":{"type":"MultiPolygon","coordinates":[[[[126.931524,35.134345],[126.93151,35.134286],[126.931416,35.134298],[126.931425,35.13436],[126.931524,35.134345]]]]}},{"type":"Feature","id":"1968193707511816131900000000","properties":{"id":"1968193707511816131900000000","pnu":"1221012200106760027","purpose":"단독주택"},"geometry":{"type":"MultiPolygon","coordinates":[[[[126.931767,35.133617],[126.931768,35.133617],[126.931769,35.133617],[126.93177,35.133617],[126.931771,35.133616],[126.931771,35.133616],[126.931772,35.133615],[126.931772,35.133614],[126.931772,35.133613],[126.931773,35.133613],[126.931772,35.133612],[126.931772,35.133611],[126.931772,35.13361],[126.931771,35.13361],[126.931771,35.133609],[126.93177,35.133609],[126.931769,35.133608],[126.931768,35.133608],[126.931767,35.133608],[126.931766,35.133608],[126.931765,35.133608],[126.931764,35.133609],[126.931764,35.133609],[126.931763,35.13361],[126.931762,35.13361],[126.931762,35.133611],[126.931762,35.133612],[126.931762,35.133613],[126.931762,35.133613],[126.931762,35.133614],[126.931762,35.133615],[126.931763,35.133615],[126.931764,35.133616],[126.931764,35.133617],[126.931765,35.133617],[126.931766,35.133617],[126.931767,35.133617]]]]}},{"type":"Feature","id":"1968193709221816215000000000","properties":{"id":"1968193709221816215000000000","pnu":"1221012200106760025","year":1968,"purpose":"단독주택"},"geometry":{"type":"MultiPolygon","coordinates":[[[[126.931786,35.133692],[126.931787,35.133692],[126.931788,35.133692],[126.931789,35.133691],[126.931789,35.133691],[126.93179,35.13369],[126.931791,35.13369],[126.931791,35.133689],[126.931791,35.133688],[126.931791,35.133688],[126.931791,35.133687],[126.931791,35.133686],[126.931791,35.133685],[126.93179,35.133685],[126.931789,35.133684],[126.931789,35.133684],[126.931788,35.133683],[126.931787,35.133683],[126.931786,35.133683],[126.931785,35.133683],[126.931784,35.133683],[126.931783,35.133684],[126.931782,35.133684],[126.931782,35.133685],[126.931781,35.133685],[126.931781,35.133686],[126.93178,35.133687],[126.93178,35.133687],[126.93178,35.133688],[126.931781,35.133689],[126.931781,35.13369],[126.931782,35.13369],[126.931782,35.133691],[126.931783,35.133691],[126.931784,35.133692],[126.931785,35.133692],[126.931786,35.133692]]]]}},{"type":"Feature","id":"1968193718161816096900000000","properties":{"id":"1968193718161816096900000000","pnu":"1221012200106760028","year":1968,"purpose":"단독주택","floors":1,"structure":"벽돌구조"},"geometry":{"type":"MultiPolygon","coordinates":[[[[126.931838,35.133608],[126.931935,35.1336],[126.931931,35.133555],[126.931833,35.133561],[126.931838,35.133608]]]]}},{"type":"Feature","id":"1968193719151816174500000000","properties":{"id":"1968193719151816174500000000","pnu":"1221012200106760026","purpose":"단독주택","floors":1,"structure":"벽돌구조"},"geometry":{"type":"MultiPolygon","coordinates":[[[[126.931849,35.13368],[126.931945,35.133673],[126.93194,35.133623],[126.931856,35.133626],[126.931856,35.133636],[126.931844,35.133637],[126.931849,35.13368]]]]}},{"type":"Feature","id":"1968193719221816253600000000","properties":{"id":"1968193719221816253600000000","pnu":"1221012200106760024","purpose":"단독주택","floors":1,"structure":"벽돌구조"},"geometry":{"type":"MultiPolygon","coordinates":[[[[126.931878,35.133759],[126.931938,35.133706],[126.931911,35.133686],[126.931854,35.13374],[126.931878,35.133759]]]]}},{"type":"Feature","id":"1968193722581816349300000000","properties":{"id":"1968193722581816349300000000","pnu":"1221012200106760020","year":1968,"purpose":"단독주택","floors":1,"structure":"벽돌구조"},"geometry":{"type":"MultiPolygon","coordinates":[[[[126.93186,35.133822],[126.931908,35.133869],[126.932006,35.133796],[126.931945,35.133748],[126.931911,35.133776],[126.93192,35.133783],[126.93186,35.133822]]]]}},{"type":"Feature","id":"1968193724911816456800000000","properties":{"id":"1968193724911816456800000000","pnu":"1221012200106760019","purpose":"기타"},"geometry":{"type":"MultiPolygon","coordinates":[[[[126.931919,35.133905],[126.931958,35.133934],[126.931997,35.133905],[126.931958,35.133878],[126.931919,35.133905]]]]}},{"type":"Feature","id":"1968193730981816396400000000","properties":{"id":"1968193730981816396400000000","pnu":"1221012200106760019","year":1968,"purpose":"단독주택"},"geometry":{"type":"MultiPolygon","coordinates":[[[[126.931969,35.133862],[126.932017,35.133896],[126.93208,35.133841],[126.93203,35.133807],[126.931969,35.133862]]]]}},{"type":"Feature","id":"1968193752661816283900000000","properties":{"id":"1968193752661816283900000000","pnu":"1221012200107010001","year":1968,"purpose":"단독주택"},"geometry":{"type":"MultiPolygon","coordinates":[[[[126.932219,35.133614],[126.932187,35.133745],[126.932183,35.133777],[126.932205,35.133815],[126.932363,35.133852],[126.932384,35.13379],[126.932248,35.133758],[126.932292,35.133631],[126.932219,35.133614]]]]}},{"type":"Feature","id":"1968193760241816221500000000","properties":{"id":"1968193760241816221500000000","pnu":"1221012200107010001","year":1968,"purpose":"단독주택"},"geometry":{"type":"MultiPolygon","coordinates":[[[[126.932381,35.133726],[126.932395,35.133682],[126.93231,35.133661],[126.932297,35.133706],[126.932381,35.133726]]]]}},{"type":"Feature","id":"1968193783671812302300000000","properties":{"id":"1968193783671812302300000000","pnu":"1221011900105130003","purpose":"단독주택","floors":1,"structure":"블록구조"},"geometry":{"type":"MultiPolygon","coordinates":[[[[126.932564,35.130198],[126.93263,35.13021],[126.932643,35.130171],[126.932623,35.130165],[126.932637,35.130113],[126.932595,35.130103],[126.932564,35.130198]]]]}},{"type":"Feature","id":"1968193784761816601000000000","properties":{"id":"1968193784761816601000000000","pnu":"1221012200107110002","year":1968,"purpose":"단독주택"},"geometry":{"type":"MultiPolygon","coordinates":[[[[126.932595,35.134091],[126.932678,35.134012],[126.932638,35.133981],[126.93255,35.134056],[126.932595,35.134091]]]]}},{"type":"Feature","id":"1968193834001811019700000000","properties":{"id":"1968193834001811019700000000","pnu":"1221011900105360021","year":1968,"purpose":"제1종 근린생활시설","floors":1,"structure":"벽돌구조"},"geometry":{"type":"MultiPolygon","coordinates":[[[[126.933224,35.128993],[126.933146,35.128949],[126.933093,35.129017],[126.933171,35.129063],[126.933224,35.128993]]]]}},{"type":"Feature","id":"1968193863141813516800000000","properties":{"id":"1968193863141813516800000000","pnu":"1221012200107920003","purpose":"단독주택","floors":1,"structure":"일반목구조"},"geometry":{"type":"MultiPolygon","coordinates":[[[[126.933531,35.131295],[126.933545,35.131243],[126.933466,35.131225],[126.933466,35.131214],[126.93343,35.131209],[126.933416,35.131281],[126.933531,35.131295]]]]}},{"type":"Feature","id":"1968193867401813444600000000","properties":{"id":"1968193867401813444600000000","pnu":"1221012200107920003","purpose":"기타","structure":"블록구조"},"geometry":{"type":"MultiPolygon","coordinates":[[[[126.933523,35.131196],[126.933524,35.131196],[126.933525,35.131196],[126.933526,35.131195],[126.933527,35.131195],[126.933528,35.131194],[126.933528,35.131194],[126.933529,35.131193],[126.933529,35.131192],[126.933529,35.131191],[126.933529,35.131191],[126.933529,35.13119],[126.933528,35.131189],[126.933528,35.131188],[126.933527,35.131188],[126.933526,35.131187],[126.933525,35.131187],[126.933524,35.131187],[126.933523,35.131187],[126.933522,35.131187],[126.933522,35.131187],[126.933521,35.131187],[126.93352,35.131188],[126.933519,35.131188],[126.933519,35.131189],[126.933518,35.13119],[126.933518,35.131191],[126.933518,35.131191],[126.933518,35.131192],[126.933518,35.131193],[126.933519,35.131194],[126.933519,35.131194],[126.93352,35.131195],[126.933521,35.131195],[126.933521,35.131196],[126.933522,35.131196],[126.933523,35.131196]]]]}},{"type":"Feature","id":"1968193870371812160100000000","properties":{"id":"1968193870371812160100000000","pnu":"1221011900107150018","purpose":"단독주택","floors":1,"structure":"벽돌구조"},"geometry":{"type":"MultiPolygon","coordinates":[[[[126.933587,35.130067],[126.933602,35.130004],[126.933565,35.130001],[126.933562,35.130012],[126.93352,35.130006],[126.93351,35.130057],[126.933587,35.130067]]]]}},{"type":"Feature","id":"1968193880011814283000000000","properties":{"id":"1968193880011814283000000000","pnu":"1221012200107300016","purpose":"기타"},"geometry":{"type":"MultiPolygon","coordinates":[[[[126.933679,35.13189],[126.933655,35.131889],[126.933644,35.132005],[126.933667,35.132005],[126.933679,35.13189]]]]}},{"type":"Feature","id":"1968193884441811757400000000","properties":{"id":"1968193884441811757400000000","pnu":"1221011900107060007","purpose":"단독주택","floors":1,"structure":"블록구조"},"geometry":{"type":"MultiPolygon","coordinates":[[[[126.933759,35.129634],[126.933713,35.129616],[126.933666,35.12971],[126.933708,35.129726],[126.933759,35.129634]]]]}},{"type":"Feature","id":"1968193885331814322800000000","properties":{"id":"1968193885331814322800000000","pnu":"1221012200107300016","year":1968,"purpose":"단독주택"},"geometry":{"type":"MultiPolygon","coordinates":[[[[126.933759,35.132008],[126.93376,35.131963],[126.933679,35.131959],[126.933678,35.132002],[126.933759,35.132008]]]]}},{"type":"Feature","id":"1968193890671811885100000000","properties":{"id":"1968193890671811885100000000","pnu":"1221011900107060006","year":1968,"purpose":"단독주택","floors":1,"structure":"일반목구조"},"geometry":{"type":"MultiPolygon","coordinates":[[[[126.933831,35.129831],[126.933853,35.129772],[126.933725,35.129742],[126.933709,35.129799],[126.933831,35.129831]]]]}},{"type":"Feature","id":"1968193893541811646800000000","properties":{"id":"1968193893541811646800000000","pnu":"1221011900107060009","purpose":"단독주택","floors":1,"structure":"일반목구조"},"geometry":{"type":"MultiPolygon","coordinates":[[[[126.933839,35.129597],[126.933868,35.12955],[126.933807,35.129528],[126.933755,35.129598],[126.933795,35.129616],[126.933816,35.129587],[126.933839,35.129597]]]]}},{"type":"Feature","id":"1968193893701814517700000000","properties":{"id":"1968193893701814517700000000","pnu":"1221012200107300008","year":1968,"purpose":"단독주택","floors":1,"structure":"블록구조"},"geometry":{"type":"MultiPolygon","coordinates":[[[[126.933857,35.132182],[126.933859,35.132139],[126.933766,35.132133],[126.933765,35.13218],[126.933857,35.132182]]]]}},{"type":"Feature","id":"1968193894441814346700000000","properties":{"id":"1968193894441814346700000000","pnu":"1221012200107300015","purpose":"단독주택","floors":1,"structure":"블록구조"},"geometry":{"type":"MultiPolygon","coordinates":[[[[126.933867,35.132031],[126.933868,35.131986],[126.933773,35.131976],[126.933772,35.132026],[126.933867,35.132031]]]]}},{"type":"Feature","id":"1968193905141812132900000000","properties":{"id":"1968193905141812132900000000","pnu":"1221011900107150011","purpose":"단독주택","floors":1,"structure":"벽돌구조"},"geometry":{"type":"MultiPolygon","coordinates":[[[[126.933978,35.130038],[126.93399,35.129998],[126.9339,35.12998],[126.933887,35.130021],[126.933978,35.130038]]]]}},{"type":"Feature","id":"1968193910731811811900000000","properties":{"id":"1968193910731811811900000000","pnu":"1221011900107060016","year":1968,"purpose":"단독주택"},"geometry":{"type":"MultiPolygon","coordinates":[[[[126.934056,35.129763],[126.93407,35.129703],[126.933942,35.129679],[126.93393,35.129735],[126.934056,35.129763]]]]}},{"type":"Feature","id":"1968193912021811742600000000","properties":{"id":"1968193912021811742600000000","pnu":"1221011900107060016","year":1968,"purpose":"단독주택"},"geometry":{"type":"MultiPolygon","coordinates":[[[[126.934059,35.129678],[126.934064,35.129657],[126.933976,35.129634],[126.933968,35.129663],[126.934059,35.129678]]]]}},{"type":"Feature","id":"1968193930741810415500000000","properties":{"id":"1968193930741810415500000000","pnu":"1221011900107020011","year":1968,"purpose":"단독주택","floors":1,"structure":"벽돌구조"},"geometry":{"type":"MultiPolygon","coordinates":[[[[126.9342,35.128494],[126.934265,35.128462],[126.934241,35.128429],[126.934176,35.12846],[126.9342,35.128494]]]]}},{"type":"Feature","id":"1968193934961810232700000000","properties":{"id":"1968193934961810232700000000","pnu":"1221011900107020015","year":1968,"purpose":"단독주택","floors":1,"structure":"벽돌구조"},"geometry":{"type":"MultiPolygon","coordinates":[[[[126.934239,35.128335],[126.934317,35.1283],[126.934288,35.128256],[126.934257,35.12827],[126.934263,35.128276],[126.934217,35.128297],[126.934239,35.128335]]]]}},{"type":"Feature","id":"1968193939261810304300000000","properties":{"id":"1968193939261810304300000000","pnu":"1221011900107020014","year":1968,"purpose":"단독주택","floors":1,"structure":"벽돌구조"},"geometry":{"type":"MultiPolygon","coordinates":[[[[126.934295,35.1284],[126.934363,35.128368],[126.934327,35.12832],[126.934301,35.128331],[126.934307,35.12834],[126.934265,35.128358],[126.934295,35.1284]]]]}},{"type":"Feature","id":"1968193939291810567600000000","properties":{"id":"1968193939291810567600000000","pnu":"1221011900107020007","year":1968,"purpose":"단독주택","floors":1,"structure":"벽돌구조"},"geometry":{"type":"MultiPolygon","coordinates":[[[[126.934293,35.12863],[126.934359,35.128601],[126.934334,35.128567],[126.934271,35.128597],[126.934293,35.12863]]]]}},{"type":"Feature","id":"1968193939361810443600000000","properties":{"id":"1968193939361810443600000000","pnu":"1221011900107020010","purpose":"기타","structure":"블록구조"},"geometry":{"type":"MultiPolygon","coordinates":[[[[126.934307,35.128486],[126.934313,35.128494],[126.934324,35.128488],[126.934317,35.12848],[126.934307,35.128486]]]]}},{"type":"Feature","id":"1968193943111810644600000000","properties":{"id":"1968193943111810644600000000","pnu":"1221011900107020005","year":1968,"purpose":"단독주택","floors":1,"structure":"벽돌구조"},"geometry":{"type":"MultiPolygon","coordinates":[[[[126.934339,35.128703],[126.934406,35.128669],[126.934381,35.128636],[126.934339,35.128654],[126.934333,35.128647],[126.934307,35.128661],[126.934339,35.128703]]]]}},{"type":"Feature","id":"1968193943381810377900000000","properties":{"id":"1968193943381810377900000000","pnu":"1221011900107020012","year":1968,"purpose":"단독주택","floors":1,"structure":"벽돌구조"},"geometry":{"type":"MultiPolygon","coordinates":[[[[126.934337,35.128466],[126.934407,35.128435],[126.934375,35.128387],[126.934345,35.128399],[126.93435,35.128408],[126.934313,35.128424],[126.934337,35.128466]]]]}},{"type":"Feature","id":"1968193947001810452100000000","properties":{"id":"1968193947001810452100000000","pnu":"1221011900107020010","year":1968,"purpose":"단독주택","far":41.5,"floors":1,"structure":"벽돌구조"},"geometry":{"type":"MultiPolygon","coordinates":[[[[126.934377,35.128532],[126.934448,35.128499],[126.93442,35.128458],[126.934352,35.128487],[126.934377,35.128532]]]]}},{"type":"Feature","id":"1968193948681810728400000000","properties":{"id":"1968193948681810728400000000","pnu":"1221011900107020003","year":1968,"purpose":"단독주택","floors":1,"structure":"벽돌구조"},"geometry":{"type":"MultiPolygon","coordinates":[[[[126.9344,35.128781],[126.934469,35.128747],[126.934442,35.128708],[126.934398,35.128729],[126.934388,35.128723],[126.934364,35.128734],[126.9344,35.128781]]]]}},{"type":"Feature","id":"1968193950511810521900000000","properties":{"id":"1968193950511810521900000000","pnu":"1221011900107020008","year":1968,"purpose":"단독주택","floors":1,"structure":"벽돌구조"},"geometry":{"type":"MultiPolygon","coordinates":[[[[126.934413,35.128594],[126.934482,35.128563],[126.934455,35.128519],[126.934422,35.128533],[126.934428,35.128544],[126.934391,35.12856],[126.934413,35.128594]]]]}},{"type":"Feature","id":"1968193953511810795600000000","properties":{"id":"1968193953511810795600000000","pnu":"1221011900107020001","year":1968,"purpose":"단독주택","floors":1,"structure":"벽돌구조"},"geometry":{"type":"MultiPolygon","coordinates":[[[[126.934449,35.12884],[126.934519,35.128806],[126.934491,35.128768],[126.934421,35.128804],[126.934449,35.12884]]]]}},{"type":"Feature","id":"1968193954901810594900000000","properties":{"id":"1968193954901810594900000000","pnu":"1221011900107020006","year":1968,"purpose":"단독주택","floors":1,"structure":"벽돌구조"},"geometry":{"type":"MultiPolygon","coordinates":[[[[126.934466,35.128661],[126.934533,35.128634],[126.934498,35.128584],[126.934473,35.128593],[126.934476,35.128599],[126.93444,35.128616],[126.934466,35.128661]]]]}},{"type":"Feature","id":"1968193955481812420500000000","properties":{"id":"1968193955481812420500000000","pnu":"1221011900107150002","year":1968,"purpose":"제2종 근린생활시설","far":41.798076,"floors":1,"structure":"벽돌구조"},"geometry":{"type":"MultiPolygon","coordinates":[[[[126.934493,35.130308],[126.934531,35.130253],[126.934483,35.13023],[126.934453,35.130285],[126.934493,35.130308]]]]}},{"type":"Feature","id":"1968193959071810672100000000","properties":{"id":"1968193959071810672100000000","pnu":"1221011900107020004","year":1968,"purpose":"단독주택","floors":1,"structure":"벽돌구조"},"geometry":{"type":"MultiPolygon","coordinates":[[[[126.934507,35.128731],[126.934576,35.128697],[126.934546,35.128653],[126.934516,35.128668],[126.934521,35.128679],[126.934487,35.128695],[126.934507,35.128731]]]]}},{"type":"Feature","id":"1968193963441810757200000000","properties":{"id":"1968193963441810757200000000","pnu":"1221011900107020002","year":1968,"purpose":"단독주택","floors":1,"structure":"벽돌구조"},"geometry":{"type":"MultiPolygon","coordinates":[[[[126.934559,35.128798],[126.934617,35.12877],[126.9346,35.128742],[126.934542,35.128769],[126.934559,35.128798]]]]}},{"type":"Feature","id":"1968193981051812542800000000","properties":{"id":"1968193981051812542800000000","pnu":"1221011900107150025","purpose":"단독주택","floors":1,"structure":"블록구조"},"geometry":{"type":"MultiPolygon","coordinates":[[[[126.934713,35.130404],[126.934761,35.130432],[126.934829,35.130355],[126.934781,35.130326],[126.934713,35.130404]]]]}},{"type":"Feature","id":"1968194008181811688700000000","properties":{"id":"1968194008181811688700000000","pnu":"1221011900107230017","purpose":"단독주택"},"geometry":{"type":"MultiPolygon","coordinates":[[[[126.935048,35.129653],[126.935127,35.129603],[126.935086,35.129567],[126.935015,35.129615],[126.935048,35.129653]]]]}},{"type":"Feature","id":"1968194018661811873400000000","properties":{"id":"1968194018661811873400000000","pnu":"1221011900107230015","purpose":"기타","structure":"블록구조"},"geometry":{"type":"MultiPolygon","coordinates":[[[[126.935198,35.129806],[126.93522,35.129789],[126.935171,35.129746],[126.935148,35.129763],[126.935198,35.129806]]]]}},{"type":"Feature","id":"1968194026461811913900000000","properties":{"id":"1968194026461811913900000000","pnu":"1221011900107230015","year":1968,"purpose":"단독주택","floors":1,"structure":"벽돌구조"},"geometry":{"type":"MultiPolygon","coordinates":[[[[126.935258,35.129855],[126.935326,35.129804],[126.935284,35.129771],[126.935213,35.129818],[126.935258,35.129855]]]]}},{"type":"Feature","id":"1969193551321811660400000000","properties":{"id":"1969193551321811660400000000","pnu":"1221011900105180031","year":1969,"purpose":"기타"},"geometry":{"type":"MultiPolygon","coordinates":[[[[126.930026,35.129583],[126.930075,35.129602],[126.930088,35.129579],[126.930039,35.12956],[126.930026,35.129583]]]]}},{"type":"Feature","id":"1969193664041814564400000000","properties":{"id":"1969193664041814564400000000","pnu":"1221012200107310017","purpose":"단독주택","floors":1,"structure":"벽돌구조"},"geometry":{"type":"MultiPolygon","coordinates":[[[[126.931248,35.13223],[126.931347,35.132207],[126.931337,35.132171],[126.931236,35.132189],[126.931248,35.13223]]]]}},{"type":"Feature","id":"1969193676481816801300000000","properties":{"id":"1969193676481816801300000000","pnu":"1221012200106770012","year":1969,"purpose":"단독주택","floors":1,"structure":"벽돌구조"},"geometry":{"type":"MultiPolygon","coordinates":[[[[126.931375,35.134253],[126.931488,35.134239],[126.931481,35.134181],[126.931364,35.13419],[126.931375,35.134253]]]]}},{"type":"Feature","id":"1969193676911814881000000000","properties":{"id":"1969193676911814881000000000","pnu":"1221012200107340005","year":1969,"purpose":"제2종 근린생활시설","far":53.35,"floors":1,"structure":"벽돌구조"},"geometry":{"type":"MultiPolygon","coordinates":[[[[126.931394,35.132511],[126.931478,35.132498],[126.931473,35.132459],[126.931385,35.132471],[126.931394,35.132511]]]]}},{"type":"Feature","id":"1969193679551814957500000000","properties":{"id":"1969193679551814957500000000","pnu":"1221012200107340004","year":1969,"purpose":"제1종 근린생활시설"},"geometry":{"type":"MultiPolygon","coordinates":[[[[126.931419,35.132594],[126.931523,35.132574],[126.931506,35.132515],[126.931399,35.132532],[126.931419,35.132594]]]]}},{"type":"Feature","id":"1969193681591816550400000000","properties":{"id":"1969193681591816550400000000","pnu":"1221012200106770008","purpose":"단독주택","structure":"블록구조"},"geometry":{"type":"MultiPolygon","coordinates":[[[[126.931464,35.134009],[126.931505,35.134006],[126.9315,35.133971],[126.931461,35.133972],[126.931464,35.134009]]]]}},{"type":"Feature","id":"1969193686061816615700000000","properties":{"id":"1969193686061816615700000000","pnu":"1221012200106770008","year":1969,"purpose":"단독주택","floors":1,"structure":"벽돌구조"},"geometry":{"type":"MultiPolygon","coordinates":[[[[126.931482,35.134087],[126.931594,35.134063],[126.931582,35.134012],[126.931471,35.13403],[126.931482,35.134087]]]]}},{"type":"Feature","id":"1969193688741816906500000000","properties":{"id":"1969193688741816906500000000","pnu":"1221012200106770010","year":1969,"purpose":"단독주택"},"geometry":{"type":"MultiPolygon","coordinates":[[[[126.931524,35.134299],[126.931535,35.134344],[126.931604,35.134305],[126.931599,35.134287],[126.931524,35.134299]]]]}},{"type":"Feature","id":"1969193688801816715200000000","properties":{"id":"1969193688801816715200000000","pnu":"1221012200106770009","year":1969,"purpose":"단독주택","floors":1,"structure":"벽돌구조"},"geometry":{"type":"MultiPolygon","coordinates":[[[[126.931612,35.13409],[126.931566,35.134097],[126.931568,35.134102],[126.931493,35.134115],[126.931507,35.134182],[126.931626,35.134167],[126.931612,35.13409]]]]}},{"type":"Feature","id":"1969193690611816845500000000","properties":{"id":"1969193690611816845500000000","pnu":"1221012200106770010","year":1969,"purpose":"단독주택"},"geometry":{"type":"MultiPolygon","coordinates":[[[[126.931537,35.134288],[126.931632,35.134273],[126.931628,35.134225],[126.93153,35.134237],[126.931537,35.134288]]]]}},{"type":"Feature","id":"1969193696841816482200000000","properties":{"id":"1969193696841816482200000000","pnu":"1221012200106770007","purpose":"기타","structure":"블록구조"},"geometry":{"type":"MultiPolygon","coordinates":[[[[126.931594,35.133927],[126.931601,35.133946],[126.931635,35.133938],[126.93164,35.133952],[126.931694,35.13394],[126.931682,35.1339],[126.931594,35.133927]]]]}},{"type":"Feature","id":"1969193697051816562800000000","properties":{"id":"1969193697051816562800000000","pnu":"1221012200106770007","year":1969,"purpose":"단독주택","floors":1,"structure":"벽돌구조"},"geometry":{"type":"MultiPolygon","coordinates":[[[[126.931603,35.134036],[126.93171,35.13402],[126.931698,35.133966],[126.931597,35.133981],[126.931603,35.134036]]]]}},{"type":"Feature","id":"1969193698691816660200000000","properties":{"id":"1969193698691816660200000000","pnu":"1221012200106770006","year":1969,"purpose":"단독주택","floors":1,"structure":"벽돌구조"},"geometry":{"type":"MultiPolygon","coordinates":[[[[126.931621,35.134134],[126.931731,35.134115],[126.931721,35.134047],[126.93161,35.134059],[126.931621,35.134134]]]]}},{"type":"Feature","id":"1969193728791816534700000000","properties":{"id":"1969193728791816534700000000","pnu":"1221012200106770004","year":1969,"purpose":"단독주택"},"geometry":{"type":"MultiPolygon","coordinates":[[[[126.931989,35.134045],[126.93207,35.133961],[126.932021,35.133913],[126.931928,35.133976],[126.931989,35.134045]]]]}},{"type":"Feature","id":"1969193811241810963100000000","properties":{"id":"1969193811241810963100000000","pnu":"1221011900105360018","year":1969,"purpose":"단독주택","far":36.7,"floors":2,"structure":"벽돌구조"},"geometry":{"type":"MultiPolygon","coordinates":[[[[126.932948,35.128915],[126.932914,35.128905],[126.93287,35.128993],[126.932905,35.129003],[126.932948,35.128915]]]]}},{"type":"Feature","id":"1969193815371813532500000000","properties":{"id":"1969193815371813532500000000","pnu":"1221012200107940004","year":1969,"purpose":"단독주택","floors":1,"structure":"벽돌구조"},"geometry":{"type":"MultiPolygon","coordinates":[[[[126.932989,35.131309],[126.933005,35.131243],[126.932968,35.131235],[126.932961,35.131245],[126.932913,35.131236],[126.932897,35.131291],[126.932989,35.131309]]]]}},{"type":"Feature","id":"1969193818481811848000000000","properties":{"id":"1969193818481811848000000000","pnu":"1221011900105340046","purpose":"단독주택","floors":1,"structure":"벽돌구조"},"geometry":{"type":"MultiPolygon","coordinates":[[[[126.933029,35.129789],[126.933053,35.129735],[126.933022,35.129727],[126.933019,35.129737],[126.93294,35.129717],[126.932922,35.129761],[126.933029,35.129789]]]]}},{"type":"Feature","id":"1969193842741810925200000000","properties":{"id":"1969193842741810925200000000","pnu":"1221011900105480003","year":1969,"purpose":"단독주택","floors":2,"structure":"벽돌구조"},"geometry":{"type":"MultiPolygon","coordinates":[[[[126.933311,35.12891],[126.933253,35.128877],[126.933198,35.128924],[126.933258,35.128967],[126.933311,35.12891]]]]}},{"type":"Feature","id":"1969193843821811088700000000","properties":{"id":"1969193843821811088700000000","pnu":"1221011900105360017","purpose":"단독주택","floors":1,"structure":"벽돌구조"},"geometry":{"type":"MultiPolygon","coordinates":[[[[126.933309,35.129109],[126.933327,35.129069],[126.933283,35.129052],[126.933286,35.129046],[126.933234,35.129025],[126.933205,35.129072],[126.933309,35.129109]]]]}},{"type":"Feature","id":"1969193851591811001500000000","properties":{"id":"1969193851591811001500000000","pnu":"1221011900105480002","year":1969,"purpose":"단독주택","floors":1,"structure":"일반목구조"},"geometry":{"type":"MultiPolygon","coordinates":[[[[126.933369,35.129039],[126.933394,35.128953],[126.933337,35.128938],[126.933309,35.129025],[126.933369,35.129039]]]]}},{"type":"Feature","id":"1969193861391811058400000000","properties":{"id":"1969193861391811058400000000","pnu":"1221011900105480001","purpose":"단독주택","floors":1,"structure":"벽돌구조"},"geometry":{"type":"MultiPolygon","coordinates":[[[[126.933491,35.12907],[126.933506,35.129027],[126.933427,35.129011],[126.933413,35.129055],[126.933491,35.12907]]]]}},{"type":"Feature","id":"1969193866641812040000000000","properties":{"id":"1969193866641812040000000000","pnu":"1221011900107150019","year":1969,"purpose":"단독주택","floors":1,"structure":"벽돌구조"},"geometry":{"type":"MultiPolygon","coordinates":[[[[126.933542,35.129897],[126.933505,35.129892],[126.93349,35.129953],[126.933526,35.12996],[126.933542,35.129897]]]]}},{"type":"Feature","id":"1969193868391811063500000000","properties":{"id":"1969193868391811063500000000","pnu":"1221011900105480001","purpose":"단독주택","floors":1,"structure":"벽돌구조"},"geometry":{"type":"MultiPolygon","coordinates":[[[[126.933549,35.129085],[126.933573,35.129018],[126.933523,35.129004],[126.933499,35.129073],[126.933549,35.129085]]]]}},{"type":"Feature","id":"1969193897961812215300000000","properties":{"id":"1969193897961812215300000000","pnu":"1221011900107150012","year":1969,"purpose":"단독주택","floors":1,"structure":"벽돌구조"},"geometry":{"type":"MultiPolygon","coordinates":[[[[126.933891,35.130116],[126.933909,35.130059],[126.933876,35.130051],[126.933869,35.130066],[126.933821,35.130057],[126.933805,35.130099],[126.933891,35.130116]]]]}},{"type":"Feature","id":"1969193933461812275500000000","properties":{"id":"1969193933461812275500000000","pnu":"1221011900107150006","purpose":"단독주택","floors":1,"structure":"벽돌구조"},"geometry":{"type":"MultiPolygon","coordinates":[[[[126.934291,35.130122],[126.934244,35.130094],[126.934206,35.130158],[126.934257,35.130179],[126.934291,35.130122]]]]}},{"type":"Feature","id":"1969194355251814003000000000","properties":{"id":"1969194355251814003000000000","pnu":"1221011900107630004","year":1969,"purpose":"제2종 근린생활시설"},"geometry":{"type":"MultiPolygon","coordinates":[[[[126.938838,35.131699],[126.938893,35.131724],[126.938915,35.131696],[126.938855,35.131672],[126.938838,35.131699]]]]}},{"type":"Feature","id":"1969194360981813948100000000","properties":{"id":"1969194360981813948100000000","pnu":"1221011900107630004","year":1969,"purpose":"제2종 근린생활시설"},"geometry":{"type":"MultiPolygon","coordinates":[[[[126.938916,35.131582],[126.938858,35.131668],[126.938961,35.131714],[126.939019,35.131629],[126.938916,35.131582]]]]}},{"type":"Feature","id":"1969194361421814171400000000","properties":{"id":"1969194361421814171400000000","pnu":"1221011900107630004","year":1969,"purpose":"제2종 근린생활시설"},"geometry":{"type":"MultiPolygon","coordinates":[[[[126.938705,35.131803],[126.939111,35.132003],[126.93917,35.131903],[126.939121,35.131874],[126.939127,35.131865],[126.938789,35.1317],[126.938705,35.131803]]]]}},{"type":"Feature","id":"1969194365651813861400000000","properties":{"id":"1969194365651813861400000000","pnu":"1221011900107630004","year":1969,"purpose":"제2종 근린생활시설"},"geometry":{"type":"MultiPolygon","coordinates":[[[[126.938919,35.131577],[126.939021,35.131625],[126.939058,35.131571],[126.938969,35.13151],[126.938919,35.131577]]]]}},{"type":"Feature","id":"1970193633531814996300000000","properties":{"id":"1970193633531814996300000000","pnu":"1221012200107340007","year":1970,"purpose":"단독주택","far":46.192771,"floors":1,"structure":"벽돌구조"},"geometry":{"type":"MultiPolygon","coordinates":[[[[126.930913,35.13261],[126.931005,35.132595],[126.930998,35.132567],[126.930908,35.132582],[126.930913,35.13261]]]]}},{"type":"Feature","id":"1970193635131815053000000000","properties":{"id":"1970193635131815053000000000","pnu":"1221012200107340006","year":1970,"purpose":"제1종 근린생활시설","floors":1,"structure":"벽돌구조"},"geometry":{"type":"MultiPolygon","coordinates":[[[[126.930923,35.13267],[126.931031,35.132656],[126.931022,35.132608],[126.930916,35.132625],[126.930923,35.13267]]]]}},{"type":"Feature","id":"1970193686811809953000000000","properties":{"id":"1970193686811809953000000000","pnu":"1221011900105320103","purpose":"단독주택","structure":"블록구조"},"geometry":{"type":"MultiPolygon","coordinates":[[[[126.931573,35.128017],[126.931541,35.128006],[126.931516,35.128071],[126.931548,35.128079],[126.931573,35.128017]]]]}},{"type":"Feature","id":"1970193695391809978200000000","properties":{"id":"1970193695391809978200000000","pnu":"1221011900105320103","year":1970,"purpose":"단독주택","floors":1,"structure":"벽돌구조"},"geometry":{"type":"MultiPolygon","coordinates":[[[[126.931691,35.128117],[126.931714,35.128051],[126.931641,35.128027],[126.931639,35.128033],[126.931585,35.128017],[126.93156,35.128078],[126.931691,35.128117]]]]}},{"type":"Feature","id":"1970193713811815948200000000","properties":{"id":"1970193713811815948200000000","pnu":"1221012200106760031","purpose":"기타","structure":"블록구조"},"geometry":{"type":"MultiPolygon","coordinates":[[[[126.93187,35.133454],[126.931861,35.133433],[126.931806,35.133439],[126.931809,35.13346],[126.93187,35.133454]]]]}},{"type":"Feature","id":"1970193716661816011900000000","properties":{"id":"1970193716661816011900000000","pnu":"1221012200106760031","year":1970,"purpose":"단독주택","floors":1,"structure":"벽돌구조"},"geometry":{"type":"MultiPolygon","coordinates":[[[[126.931822,35.13353],[126.931915,35.13352],[126.931914,35.13348],[126.931821,35.133488],[126.931822,35.13353]]]]}},{"type":"Feature","id":"1970193759581816865100000000","properties":{"id":"1970193759581816865100000000","pnu":"1221012200106970012","year":1970,"purpose":"단독주택"},"geometry":{"type":"MultiPolygon","coordinates":[[[[126.932383,35.134297],[126.932384,35.134251],[126.932292,35.134251],[126.932291,35.134296],[126.932383,35.134297]]]]}},{"type":"Feature","id":"1970193768191816985400000000","properties":{"id":"1970193768191816985400000000","pnu":"1221012200106970003","year":1970,"purpose":"단독주택"},"geometry":{"type":"MultiPolygon","coordinates":[[[[126.932438,35.134432],[126.932487,35.134406],[126.932426,35.134333],[126.932378,35.134357],[126.932438,35.134432]]]]}},{"type":"Feature","id":"1970193769901816854700000000","properties":{"id":"1970193769901816854700000000","pnu":"1221012200106970011","purpose":"단독주택"},"geometry":{"type":"MultiPolygon","coordinates":[[[[126.932405,35.134291],[126.932502,35.134283],[126.9325,35.134241],[126.932401,35.134243],[126.932405,35.134291]]]]}},{"type":"Feature","id":"1970193838531811465200000000","properties":{"id":"1970193838531811465200000000","pnu":"1221011900105340052","purpose":"단독주택","floors":1,"structure":"벽돌구조"},"geometry":{"type":"MultiPolygon","coordinates":[[[[126.933253,35.129447],[126.933268,35.129388],[126.933163,35.129369],[126.933146,35.129423],[126.933253,35.129447]]]]}},{"type":"Feature","id":"1970193843701811411900000000","properties":{"id":"1970193843701811411900000000","pnu":"1221011900105340052","purpose":"단독주택","structure":"블록구조"},"geometry":{"type":"MultiPolygon","coordinates":[[[[126.933265,35.129364],[126.933266,35.129363],[126.933267,35.129363],[126.933268,35.129363],[126.933268,35.129362],[126.933269,35.129362],[126.93327,35.129361],[126.93327,35.129361],[126.93327,35.12936],[126.93327,35.129359],[126.93327,35.129358],[126.93327,35.129357],[126.93327,35.129357],[126.933269,35.129356],[126.933268,35.129356],[126.933268,35.129355],[126.933267,35.129355],[126.933266,35.129355],[126.933265,35.129355],[126.933264,35.129355],[126.933263,35.129355],[126.933262,35.129355],[126.933261,35.129356],[126.933261,35.129356],[126.93326,35.129357],[126.93326,35.129357],[126.93326,35.129358],[126.933259,35.129359],[126.93326,35.12936],[126.93326,35.129361],[126.93326,35.129361],[126.933261,35.129362],[126.933261,35.129362],[126.933262,35.129363],[126.933263,35.129363],[126.933264,35.129363],[126.933265,35.129364]]]]}},{"type":"Feature","id":"1970193869571811731800000000","properties":{"id":"1970193869571811731800000000","pnu":"1221011900107070002","year":1970,"purpose":"단독주택","floors":1,"structure":"벽돌구조"},"geometry":{"type":"MultiPolygon","coordinates":[[[[126.933547,35.129692],[126.933567,35.129641],[126.933603,35.129651],[126.933614,35.129634],[126.933532,35.129609],[126.933503,35.129678],[126.933547,35.129692]]]]}},{"type":"Feature","id":"1970193877561811596400000000","properties":{"id":"1970193877561811596400000000","pnu":"1221011900107070004","year":1970,"purpose":"단독주택","floors":1,"structure":"벽돌구조"},"geometry":{"type":"MultiPolygon","coordinates":[[[[126.933679,35.129558],[126.933692,35.129517],[126.933596,35.129492],[126.93358,35.129534],[126.933679,35.129558]]]]}},{"type":"Feature","id":"1970193879741811539600000000","properties":{"id":"1970193879741811539600000000","pnu":"1221011900107070010","year":1970,"purpose":"단독주택"},"geometry":{"type":"MultiPolygon","coordinates":[[[[126.933699,35.1295],[126.933706,35.129467],[126.933623,35.129447],[126.933615,35.129483],[126.933699,35.1295]]]]}},{"type":"Feature","id":"1970193919341810081900000000","properties":{"id":"1970193919341810081900000000","pnu":"1221011900105530009","year":1970,"purpose":"단독주택"},"geometry":{"type":"MultiPolygon","coordinates":[[[[126.93409,35.1282],[126.934131,35.128183],[126.934103,35.128123],[126.93406,35.128136],[126.93409,35.1282]]]]}},{"type":"Feature","id":"1970193965141810364600000000","properties":{"id":"1970193965141810364600000000","pnu":"1221011900107010005","year":1970,"purpose":"단독주택","floors":1,"structure":"벽돌구조"},"geometry":{"type":"MultiPolygon","coordinates":[[[[126.934597,35.128453],[126.934635,35.12844],[126.934597,35.128378],[126.934563,35.128391],[126.934597,35.128453]]]]}},{"type":"Feature","id":"1970193967111810234600000000","properties":{"id":"1970193967111810234600000000","pnu":"1221011900106980015","purpose":"기타"},"geometry":{"type":"MultiPolygon","coordinates":[[[[126.934625,35.128336],[126.934653,35.128326],[126.934612,35.128261],[126.934587,35.128267],[126.934625,35.128336]]]]}},{"type":"Feature","id":"1970193974851810208100000000","properties":{"id":"1970193974851810208100000000","pnu":"1221011900106980015","year":1970,"purpose":"단독주택"},"geometry":{"type":"MultiPolygon","coordinates":[[[[126.934661,35.128318],[126.934773,35.128277],[126.934747,35.128233],[126.93464,35.128269],[126.934661,35.128318]]]]}},{"type":"Feature","id":"1970193977571810292200000000","properties":{"id":"1970193977571810292200000000","pnu":"1221011900106980013","purpose":"단독주택"},"geometry":{"type":"MultiPolygon","coordinates":[[[[126.934696,35.128396],[126.9348,35.128361],[126.934774,35.128306],[126.93467,35.128338],[126.934696,35.128396]]]]}},{"type":"Feature","id":"1970194000601811796200000000","properties":{"id":"1970194000601811796200000000","pnu":"1221011900107230016","purpose":"기타","structure":"벽돌구조"},"geometry":{"type":"MultiPolygon","coordinates":[[[[126.934986,35.129711],[126.934987,35.129711],[126.934988,35.129711],[126.934989,35.12971],[126.93499,35.12971],[126.93499,35.129709],[126.934991,35.129709],[126.934991,35.129708],[126.934991,35.129707],[126.934992,35.129706],[126.934991,35.129706],[126.934991,35.129705],[126.934991,35.129704],[126.93499,35.129703],[126.93499,35.129703],[126.934989,35.129702],[126.934988,35.129702],[126.934987,35.129702],[126.934986,35.129702],[126.934985,35.129702],[126.934984,35.129702],[126.934983,35.129702],[126.934983,35.129703],[126.934982,35.129703],[126.934981,35.129704],[126.934981,35.129705],[126.934981,35.129706],[126.934981,35.129706],[126.934981,35.129707],[126.934981,35.129708],[126.934981,35.129709],[126.934982,35.129709],[126.934983,35.12971],[126.934983,35.12971],[126.934984,35.129711],[126.934985,35.129711],[126.934986,35.129711]]]]}},{"type":"Feature","id":"1970194006371811853700000000","properties":{"id":"1970194006371811853700000000","pnu":"1221011900107230016","purpose":"단독주택","floors":1,"structure":"벽돌구조"},"geometry":{"type":"MultiPolygon","coordinates":[[[[126.935071,35.129817],[126.93513,35.129771],[126.935105,35.12975],[126.935095,35.129755],[126.935026,35.129698],[126.934971,35.129741],[126.935071,35.129817]]]]}},{"type":"Feature","id":"1970194020591811645100000000","properties":{"id":"1970194020591811645100000000","pnu":"1221011900106980004","year":1970,"purpose":"단독주택"},"geometry":{"type":"MultiPolygon","coordinates":[[[[126.935162,35.129585],[126.935192,35.129616],[126.935208,35.129604],[126.935192,35.129585],[126.935255,35.129545],[126.935237,35.129528],[126.935162,35.129585]]]]}},{"type":"Feature","id":"1970194025101811681300000000","properties":{"id":"1970194025101811681300000000","pnu":"1221011900106980004","year":1970,"purpose":"단독주택"},"geometry":{"type":"MultiPolygon","coordinates":[[[[126.935203,35.129628],[126.935233,35.129657],[126.935312,35.129593],[126.935258,35.12955],[126.935225,35.129576],[126.935242,35.129593],[126.935203,35.129628]]]]}},{"type":"Feature","id":"1970194059831813786100000000","properties":{"id":"1970194059831813786100000000","pnu":"1221012200102810015","year":1970,"purpose":"단독주택","floors":1,"structure":"벽돌구조"},"geometry":{"type":"MultiPolygon","coordinates":[[[[126.935576,35.131487],[126.935622,35.131543],[126.935694,35.131507],[126.935662,35.131467],[126.93564,35.131477],[126.935628,35.131463],[126.935576,35.131487]]]]}},{"type":"Feature","id":"1970194065511813873400000000","properties":{"id":"1970194065511813873400000000","pnu":"1221012200102810014","year":1970,"purpose":"단독주택","floors":1,"structure":"일반목구조"},"geometry":{"type":"MultiPolygon","coordinates":[[[[126.935634,35.131561],[126.935689,35.131628],[126.935759,35.131592],[126.935717,35.131538],[126.935693,35.13155],[126.935682,35.131536],[126.935634,35.131561]]]]}},{"type":"Feature","id":"1970194066221814082000000000","properties":{"id":"1970194066221814082000000000","pnu":"1221012200102810004","year":1970,"purpose":"단독주택","floors":1,"structure":"일반목구조"},"geometry":{"type":"MultiPolygon","coordinates":[[[[126.935637,35.131745],[126.935707,35.131823],[126.935771,35.131786],[126.935704,35.131713],[126.935637,35.131745]]]]}},{"type":"Feature","id":"1970194082681814137000000000","properties":{"id":"1970194082681814137000000000","pnu":"1221012200102810011","year":1970,"purpose":"제2종 근린생활시설","floors":1,"structure":"벽돌구조"},"geometry":{"type":"MultiPolygon","coordinates":[[[[126.935827,35.131792],[126.93589,35.13187],[126.935942,35.131842],[126.935882,35.131763],[126.935827,35.131792]]]]}},{"type":"Feature","id":"1971193455631810192200000000","properties":{"id":"1971193455631810192200000000","pnu":"1221010900103240000","year":1977,"purpose":"단독주택","floors":3,"structure":"벽돌구조"},"geometry":{"type":"MultiPolygon","coordinates":[[[[126.929008,35.128262],[126.929009,35.128262],[126.92901,35.128261],[126.929011,35.128261],[126.929012,35.128261],[126.929012,35.12826],[126.929013,35.128259],[126.929013,35.128259],[126.929014,35.128258],[126.929014,35.128257],[126.929014,35.128256],[126.929013,35.128256],[126.929013,35.128255],[126.929012,35.128254],[126.929012,35.128254],[126.929011,35.128253],[126.92901,35.128253],[126.929009,35.128253],[126.929008,35.128253],[126.929007,35.128253],[126.929006,35.128253],[126.929005,35.128253],[126.929005,35.128254],[126.929004,35.128254],[126.929003,35.128255],[126.929003,35.128256],[126.929003,35.128256],[126.929003,35.128257],[126.929003,35.128258],[126.929003,35.128259],[126.929003,35.128259],[126.929004,35.12826],[126.929005,35.128261],[126.929005,35.128261],[126.929006,35.128261],[126.929007,35.128262],[126.929008,35.128262]]]]}},{"type":"Feature","id":"1971193468951810052100000000","properties":{"id":"1971193468951810052100000000","pnu":"1221010300100530003","year":1974,"purpose":"제1종 근린생활시설","far":162.35,"floors":2,"structure":"철근콘크리트구조"},"geometry":{"type":"MultiPolygon","coordinates":[[[[126.929146,35.128175],[126.92916,35.128153],[126.929201,35.128167],[126.929225,35.128126],[126.929217,35.128111],[126.929121,35.128086],[126.929085,35.128152],[126.929146,35.128175]]]]}},{"type":"Feature","id":"1971193662091814484600000000","properties":{"id":"1971193662091814484600000000","pnu":"1221012200107310018","year":1971,"purpose":"단독주택","floors":1,"structure":"벽돌구조"},"geometry":{"type":"MultiPolygon","coordinates":[[[[126.931291,35.132089],[126.931202,35.132103],[126.931233,35.13217],[126.931339,35.132145],[126.931322,35.132097],[126.931294,35.132103],[126.931291,35.132089]]]]}},{"type":"Feature","id":"1971193705281815968400000000","properties":{"id":"1971193705281815968400000000","pnu":"1221012200106760032","purpose":"기타"},"geometry":{"type":"MultiPolygon","coordinates":[[[[126.931715,35.133449],[126.931718,35.133485],[126.931771,35.133481],[126.931767,35.133446],[126.931715,35.133449]]]]}},{"type":"Feature","id":"1971193705571816046500000000","properties":{"id":"1971193705571816046500000000","pnu":"1221012200106760032","year":1971,"purpose":"단독주택"},"geometry":{"type":"MultiPolygon","coordinates":[[[[126.931746,35.13354],[126.931747,35.13354],[126.931748,35.13354],[126.931749,35.13354],[126.931749,35.133539],[126.93175,35.133539],[126.931751,35.133538],[126.931751,35.133537],[126.931751,35.133536],[126.931751,35.133536],[126.931751,35.133535],[126.931751,35.133534],[126.931751,35.133533],[126.93175,35.133533],[126.931749,35.133532],[126.931749,35.133532],[126.931748,35.133531],[126.931747,35.133531],[126.931746,35.133531],[126.931745,35.133531],[126.931744,35.133531],[126.931743,35.133532],[126.931742,35.133532],[126.931742,35.133533],[126.931741,35.133533],[126.931741,35.133534],[126.93174,35.133535],[126.93174,35.133536],[126.93174,35.133536],[126.931741,35.133537],[126.931741,35.133538],[126.931742,35.133538],[126.931742,35.133539],[126.931743,35.13354],[126.931744,35.13354],[126.931745,35.13354],[126.931746,35.13354]]]]}},{"type":"Feature","id":"1971193720331815862500000000","properties":{"id":"1971193720331815862500000000","pnu":"1221012200106760034","year":1971,"purpose":"단독주택","far":81.41,"floors":1,"structure":"벽돌구조"},"geometry":{"type":"MultiPolygon","coordinates":[[[[126.931864,35.133402],[126.931964,35.133396],[126.931958,35.133355],[126.931923,35.133335],[126.931855,35.133343],[126.931864,35.133402]]]]}},{"type":"Feature","id":"1971193832311812022100000000","properties":{"id":"1971193832311812022100000000","pnu":"1221011900105340021","year":1971,"purpose":"단독주택"},"geometry":{"type":"MultiPolygon","coordinates":[[[[126.933168,35.129954],[126.933185,35.129879],[126.933113,35.129862],[126.933093,35.12994],[126.933168,35.129954]]]]}},{"type":"Feature","id":"1971193850311811491300000000","properties":{"id":"1971193850311811491300000000","pnu":"1221011900105340051","year":1971,"purpose":"단독주택","floors":2,"structure":"벽돌구조"},"geometry":{"type":"MultiPolygon","coordinates":[[[[126.933372,35.129489],[126.933403,35.129406],[126.933295,35.129376],[126.93327,35.129443],[126.933318,35.129461],[126.933316,35.129474],[126.933372,35.129489]]]]}},{"type":"Feature","id":"1971193884571813431900000000","properties":{"id":"1971193884571813431900000000","pnu":"1221012200107900005","year":1971,"purpose":"단독주택"},"geometry":{"type":"MultiPolygon","coordinates":[[[[126.933761,35.131227],[126.93378,35.131168],[126.933669,35.131131],[126.933642,35.131195],[126.933761,35.131227]]]]}},{"type":"Feature","id":"1971193893301813432600000000","properties":{"id":"1971193893301813432600000000","pnu":"1221012200107900005","year":1971,"purpose":"단독주택"},"geometry":{"type":"MultiPolygon","coordinates":[[[[126.933799,35.13124],[126.933841,35.131125],[126.93382,35.13112],[126.933774,35.13123],[126.933799,35.13124]]]]}},{"type":"Feature","id":"1971193944581812254800000000","properties":{"id":"1971193944581812254800000000","pnu":"1221011900107120006","purpose":"기타","structure":"벽돌구조"},"geometry":{"type":"MultiPolygon","coordinates":[[[[126.934337,35.13012],[126.934379,35.130142],[126.934407,35.130107],[126.934345,35.130106],[126.934337,35.13012]]]]}},{"type":"Feature","id":"1971193948521812184500000000","properties":{"id":"1971193948521812184500000000","pnu":"1221011900107120008","year":1971,"purpose":"단독주택","floors":1,"structure":"벽돌구조"},"geometry":{"type":"MultiPolygon","coordinates":[[[[126.934448,35.130011],[126.93438,35.130012],[126.93438,35.130101],[126.934449,35.1301],[126.934448,35.130011]]]]}},{"type":"Feature","id":"1971193949521811901200000000","properties":{"id":"1971193949521811901200000000","pnu":"1221011900107120003","year":1971,"purpose":"단독주택","floors":1,"structure":"벽돌구조"},"geometry":{"type":"MultiPolygon","coordinates":[[[[126.934368,35.129838],[126.934481,35.12983],[126.934475,35.129759],[126.934409,35.129762],[126.934409,35.129782],[126.934364,35.129783],[126.934368,35.129838]]]]}},{"type":"Feature","id":"1971193949911811963000000000","properties":{"id":"1971193949911811963000000000","pnu":"1221011900107120003","purpose":"기타","structure":"블록구조"},"geometry":{"type":"MultiPolygon","coordinates":[[[[126.934366,35.129884],[126.934502,35.129859],[126.934494,35.129828],[126.934357,35.129854],[126.934366,35.129884]]]]}},{"type":"Feature","id":"1971193951801812282200000000","properties":{"id":"1971193951801812282200000000","pnu":"1221011900107120006","year":1971,"purpose":"단독주택","floors":1,"structure":"벽돌구조"},"geometry":{"type":"MultiPolygon","coordinates":[[[[126.934464,35.130186],[126.934509,35.130135],[126.934472,35.130114],[126.934462,35.130126],[126.934426,35.130108],[126.93439,35.130144],[126.934464,35.130186]]]]}},{"type":"Feature","id":"1971193952341810021600000000","properties":{"id":"1971193952341810021600000000","pnu":"1221011900107010004","year":1971,"purpose":"단독주택"},"geometry":{"type":"MultiPolygon","coordinates":[[[[126.934491,35.128075],[126.934409,35.128114],[126.934432,35.128139],[126.934507,35.128094],[126.934491,35.128075]]]]}},{"type":"Feature","id":"1971193955351812184100000000","properties":{"id":"1971193955351812184100000000","pnu":"1221011900107120007","year":1971,"purpose":"단독주택","floors":1,"structure":"벽돌구조"},"geometry":{"type":"MultiPolygon","coordinates":[[[[126.934522,35.130094],[126.934521,35.130017],[126.934457,35.130018],[126.934456,35.130093],[126.934522,35.130094]]]]}},{"type":"Feature","id":"1971193956411810101100000000","properties":{"id":"1971193956411810101100000000","pnu":"1221011900107010004","year":1971,"purpose":"단독주택"},"geometry":{"type":"MultiPolygon","coordinates":[[[[126.934482,35.128222],[126.93453,35.128219],[126.934519,35.128133],[126.934478,35.128135],[126.934482,35.128222]]]]}},{"type":"Feature","id":"1971193959301812335300000000","properties":{"id":"1971193959301812335300000000","pnu":"1221011900107120001","year":1971,"purpose":"단독주택"},"geometry":{"type":"MultiPolygon","coordinates":[[[[126.934558,35.130232],[126.934583,35.130193],[126.934541,35.130173],[126.934544,35.130161],[126.934518,35.13015],[126.934481,35.130195],[126.934558,35.130232]]]]}},{"type":"Feature","id":"1971193970641811909300000000","properties":{"id":"1971193970641811909300000000","pnu":"1221011900107110007","year":1971,"purpose":"단독주택"},"geometry":{"type":"MultiPolygon","coordinates":[[[[126.934636,35.12985],[126.93471,35.129805],[126.934681,35.129768],[126.934605,35.129808],[126.934636,35.12985]]]]}},{"type":"Feature","id":"1971193982651812191400000000","properties":{"id":"1971193982651812191400000000","pnu":"1221011900107160005","purpose":"기타","structure":"블록구조"},"geometry":{"type":"MultiPolygon","coordinates":[[[[126.934789,35.130067],[126.93479,35.130067],[126.934791,35.130067],[126.934792,35.130066],[126.934792,35.130066],[126.934793,35.130065],[126.934794,35.130065],[126.934794,35.130064],[126.934794,35.130063],[126.934794,35.130063],[126.934794,35.130062],[126.934794,35.130061],[126.934794,35.13006],[126.934793,35.13006],[126.934792,35.130059],[126.934792,35.130059],[126.934791,35.130058],[126.93479,35.130058],[126.934789,35.130058],[126.934788,35.130058],[126.934787,35.130058],[126.934786,35.130059],[126.934785,35.130059],[126.934785,35.13006],[126.934784,35.13006],[126.934784,35.130061],[126.934783,35.130062],[126.934783,35.130063],[126.934783,35.130063],[126.934784,35.130064],[126.934784,35.130065],[126.934785,35.130065],[126.934785,35.130066],[126.934786,35.130066],[126.934787,35.130067],[126.934788,35.130067],[126.934789,35.130067]]]]}},{"type":"Feature","id":"1971193983951812235100000000","properties":{"id":"1971193983951812235100000000","pnu":"1221011900107160005","year":1971,"purpose":"단독주택","floors":1,"structure":"벽돌구조"},"geometry":{"type":"MultiPolygon","coordinates":[[[[126.934783,35.130157],[126.934867,35.130081],[126.934825,35.130051],[126.934741,35.130113],[126.934783,35.130157]]]]}},{"type":"Feature","id":"1971193986371810458100000000","properties":{"id":"1971193986371810458100000000","pnu":"1221011900106980011","year":1971,"purpose":"단독주택","floors":1,"structure":"벽돌구조"},"geometry":{"type":"MultiPolygon","coordinates":[[[[126.934788,35.128551],[126.934907,35.128504],[126.934873,35.12845],[126.934755,35.128496],[126.934788,35.128551]]]]}},{"type":"Feature","id":"1971193990761812337400000000","properties":{"id":"1971193990761812337400000000","pnu":"1221011900107160004","purpose":"단독주택","floors":1,"structure":"벽돌구조"},"geometry":{"type":"MultiPolygon","coordinates":[[[[126.934896,35.130254],[126.934951,35.13021],[126.934862,35.130134],[126.934803,35.13018],[126.934896,35.130254]]]]}},{"type":"Feature","id":"1971193993411811703700000000","properties":{"id":"1971193993411811703700000000","pnu":"1221011900107230020","year":1971,"purpose":"단독주택"},"geometry":{"type":"MultiPolygon","coordinates":[[[[126.934969,35.129611],[126.934913,35.129569],[126.934892,35.129585],[126.934899,35.129593],[126.934846,35.129636],[126.934893,35.129677],[126.934969,35.129611]]]]}},{"type":"Feature","id":"1971193995361812476100000000","properties":{"id":"1971193995361812476100000000","pnu":"1221011900107160002","year":1971,"purpose":"단독주택"},"geometry":{"type":"MultiPolygon","coordinates":[[[[126.934913,35.130362],[126.934982,35.130318],[126.934941,35.130277],[126.934875,35.13032],[126.934913,35.130362]]]]}},{"type":"Feature","id":"1971193998871811761100000000","properties":{"id":"1971193998871811761100000000","pnu":"1221011900107230019","year":1971,"purpose":"단독주택"},"geometry":{"type":"MultiPolygon","coordinates":[[[[126.935032,35.12965],[126.934994,35.129627],[126.934943,35.129668],[126.934934,35.129658],[126.934903,35.129687],[126.934951,35.129724],[126.935032,35.12965]]]]}},{"type":"Feature","id":"1971194001581812416700000000","properties":{"id":"1971194001581812416700000000","pnu":"1221011900107160002","year":1971,"purpose":"단독주택"},"geometry":{"type":"MultiPolygon","coordinates":[[[[126.935007,35.130307],[126.935045,35.130274],[126.934986,35.130227],[126.934946,35.130253],[126.935007,35.130307]]]]}},{"type":"Feature","id":"1971194014511811793100000000","properties":{"id":"1971194014511811793100000000","pnu":"1221011900107230009","year":1971,"purpose":"단독주택","floors":1,"structure":"벽돌구조"},"geometry":{"type":"MultiPolygon","coordinates":[[[[126.935136,35.129756],[126.935205,35.129695],[126.93516,35.129656],[126.935123,35.129681],[126.935109,35.129673],[126.935069,35.129701],[126.935136,35.129756]]]]}},{"type":"Feature","id":"1971194014801811934100000000","properties":{"id":"1971194014801811934100000000","pnu":"1221011900107230014","year":1971,"purpose":"단독주택","floors":1,"structure":"일반목구조"},"geometry":{"type":"MultiPolygon","coordinates":[[[[126.935155,35.129886],[126.935203,35.129847],[126.93515,35.129802],[126.935161,35.129792],[126.935138,35.129776],[126.935079,35.129815],[126.935155,35.129886]]]]}},{"type":"Feature","id":"1971194020711811994800000000","properties":{"id":"1971194020711811994800000000","pnu":"1221011900107230014","purpose":"기타","structure":"블록구조"},"geometry":{"type":"MultiPolygon","coordinates":[[[[126.935254,35.129867],[126.93523,35.129847],[126.93516,35.129898],[126.935187,35.129926],[126.935254,35.129867]]]]}},{"type":"Feature","id":"1971194048761813625100000000","properties":{"id":"1971194048761813625100000000","pnu":"1221012200102810017","year":1971,"purpose":"단독주택","floors":1,"structure":"일반목구조"},"geometry":{"type":"MultiPolygon","coordinates":[[[[126.935457,35.131348],[126.935498,35.1314],[126.935571,35.131363],[126.935525,35.13131],[126.935457,35.131348]]]]}},{"type":"Feature","id":"1971194049791813880400000000","properties":{"id":"1971194049791813880400000000","pnu":"1221012200102810006","year":1971,"purpose":"단독주택","floors":1,"structure":"일반목구조"},"geometry":{"type":"MultiPolygon","coordinates":[[[[126.935459,35.131569],[126.935531,35.131641],[126.93559,35.1316],[126.935517,35.13153],[126.935459,35.131569]]]]}},{"type":"Feature","id":"1971194054421813708000000000","properties":{"id":"1971194054421813708000000000","pnu":"1221012200102810016","year":1971,"purpose":"단독주택","floors":1,"structure":"일반목구조"},"geometry":{"type":"MultiPolygon","coordinates":[[[[126.935512,35.13142],[126.935564,35.131477],[126.935637,35.131436],[126.935599,35.131388],[126.935565,35.131402],[126.935557,35.131394],[126.935512,35.13142]]]]}},{"type":"Feature","id":"1971194058431813982600000000","properties":{"id":"1971194058431813982600000000","pnu":"1221012200102810005","year":1971,"purpose":"단독주택","floors":1,"structure":"일반목구조"},"geometry":{"type":"MultiPolygon","coordinates":[[[[126.935549,35.131661],[126.935627,35.131737],[126.935689,35.131694],[126.935611,35.131618],[126.935549,35.131661]]]]}},{"type":"Feature","id":"1971194094441811975700000000","properties":{"id":"1971194094441811975700000000","pnu":"1221011900107240008","year":1971,"purpose":"단독주택","floors":1,"structure":"벽돌구조"},"geometry":{"type":"MultiPolygon","coordinates":[[[[126.935996,35.129904],[126.936061,35.129859],[126.936037,35.129833],[126.93597,35.129878],[126.935996,35.129904]]]]}},{"type":"Feature","id":"1972193465821812084100000000","properties":{"id":"1972193465821812084100000000","pnu":"1221012200108550005","year":1972,"purpose":"기타"},"geometry":{"type":"MultiPolygon","coordinates":[[[[126.929148,35.130015],[126.929188,35.129962],[126.929084,35.129911],[126.92905,35.129961],[126.929148,35.130015]]]]}},{"type":"Feature","id":"1972193671811815421300000000","properties":{"id":"1972193671811815421300000000","pnu":"1221012200107190020","purpose":"단독주택","floors":2,"structure":"벽돌구조"},"geometry":{"type":"MultiPolygon","coordinates":[[[[126.931316,35.133003],[126.931439,35.132992],[126.931436,35.13294],[126.931311,35.132953],[126.931316,35.133003]]]]}},{"type":"Feature","id":"1972193790911814475000000000","properties":{"id":"1972193790911814475000000000","pnu":"1221012200107300005","year":1972,"purpose":"단독주택"},"geometry":{"type":"MultiPolygon","coordinates":[[[[126.93273,35.132134],[126.93272,35.132098],[126.93264,35.132103],[126.932646,35.132143],[126.93273,35.132134]]]]}},{"type":"Feature","id":"1972193799921814395700000000","properties":{"id":"1972193799921814395700000000","pnu":"1221012200107300005","year":1972,"purpose":"단독주택"},"geometry":{"type":"MultiPolygon","coordinates":[[[[126.932889,35.13206],[126.932888,35.132015],[126.932836,35.132015],[126.932836,35.132002],[126.932711,35.132003],[126.932711,35.132013],[126.9327,35.132013],[126.9327,35.132031],[126.932682,35.132031],[126.932682,35.132062],[126.932709,35.132062],[126.932709,35.132091],[126.932728,35.132102],[126.932809,35.132101],[126.932809,35.132082],[126.93286,35.132081],[126.93286,35.132062],[126.932889,35.13206]]]]}},{"type":"Feature","id":"1972193859171811590500000000","properties":{"id":"1972193859171811590500000000","pnu":"1221011900107070008","year":1972,"purpose":"제1종 근린생활시설"},"geometry":{"type":"MultiPolygon","coordinates":[[[[126.933461,35.129498],[126.933431,35.12949],[126.933408,35.129542],[126.933438,35.12955],[126.933461,35.129498]]]]}},{"type":"Feature","id":"1972193861401811671400000000","properties":{"id":"1972193861401811671400000000","pnu":"1221011900107070007","year":1972,"purpose":"단독주택","floors":1,"structure":"벽돌구조"},"geometry":{"type":"MultiPolygon","coordinates":[[[[126.933507,35.12963],[126.933521,35.129582],[126.933413,35.129555],[126.933397,35.129605],[126.933507,35.12963]]]]}},{"type":"Feature","id":"1972193862661811167500000000","properties":{"id":"1972193862661811167500000000","pnu":"1221011900105360009","year":1972,"purpose":"제1종 근린생활시설"},"geometry":{"type":"MultiPolygon","coordinates":[[[[126.933539,35.129112],[126.93344,35.129091],[126.933429,35.129117],[126.933418,35.129114],[126.933405,35.129159],[126.9335,35.129187],[126.933513,35.129185],[126.933539,35.129112]]]]}},{"type":"Feature","id":"1972193866131811597000000000","properties":{"id":"1972193866131811597000000000","pnu":"1221011900107070008","year":1972,"purpose":"단독주택"},"geometry":{"type":"MultiPolygon","coordinates":[[[[126.933545,35.129549],[126.933553,35.129514],[126.933477,35.129502],[126.93347,35.12954],[126.933545,35.129549]]]]}},{"type":"Feature","id":"1972193908851810013100000000","properties":{"id":"1972193908851810013100000000","pnu":"1221011900105520004","year":1972,"purpose":"단독주택","floors":1,"structure":"벽돌구조"},"geometry":{"type":"MultiPolygon","coordinates":[[[[126.933953,35.128141],[126.934017,35.128133],[126.934008,35.128058],[126.933945,35.128062],[126.933953,35.128141]]]]}},{"type":"Feature","id":"1972193935841812182900000000","properties":{"id":"1972193935841812182900000000","pnu":"1221011900107120009","year":1972,"purpose":"단독주택"},"geometry":{"type":"MultiPolygon","coordinates":[[[[126.934289,35.130086],[126.934317,35.130055],[126.934259,35.130025],[126.934234,35.130052],[126.934289,35.130086]]]]}},{"type":"Feature","id":"1972193939621812113000000000","properties":{"id":"1972193939621812113000000000","pnu":"1221011900107120002","year":1972,"purpose":"단독주택","floors":1,"structure":"벽돌구조"},"geometry":{"type":"MultiPolygon","coordinates":[[[[126.934349,35.13003],[126.934369,35.129981],[126.934285,35.129954],[126.934263,35.13],[126.934349,35.13003]]]]}},{"type":"Feature","id":"1972193940521812017000000000","properties":{"id":"1972193940521812017000000000","pnu":"1221011900107120002","purpose":"기타","structure":"블록구조"},"geometry":{"type":"MultiPolygon","coordinates":[[[[126.934358,35.129932],[126.934361,35.129885],[126.934296,35.12988],[126.93429,35.129923],[126.934358,35.129932]]]]}},{"type":"Feature","id":"1972193940811812210500000000","properties":{"id":"1972193940811812210500000000","pnu":"1221011900107120009","year":1972,"purpose":"단독주택"},"geometry":{"type":"MultiPolygon","coordinates":[[[[126.93433,35.13011],[126.934358,35.130064],[126.934331,35.130051],[126.934302,35.130092],[126.93433,35.13011]]]]}},{"type":"Feature","id":"1972193943371810270500000000","properties":{"id":"1972193943371810270500000000","pnu":"1221011900107010007","purpose":"기타","structure":"블록구조"},"geometry":{"type":"MultiPolygon","coordinates":[[[[126.934359,35.128335],[126.93436,35.128335],[126.934361,35.128335],[126.934362,35.128335],[126.934363,35.128334],[126.934363,35.128334],[126.934364,35.128333],[126.934364,35.128332],[126.934365,35.128332],[126.934365,35.128331],[126.934365,35.12833],[126.934364,35.128329],[126.934364,35.128329],[126.934363,35.128328],[126.934363,35.128327],[126.934362,35.128327],[126.934361,35.128327],[126.93436,35.128326],[126.934359,35.128326],[126.934358,35.128326],[126.934357,35.128327],[126.934357,35.128327],[126.934356,35.128327],[126.934355,35.128328],[126.934355,35.128329],[126.934354,35.128329],[126.934354,35.12833],[126.934354,35.128331],[126.934354,35.128332],[126.934354,35.128332],[126.934355,35.128333],[126.934355,35.128334],[126.934356,35.128334],[126.934357,35.128335],[126.934357,35.128335],[126.934358,35.128335],[126.934359,35.128335]]]]}},{"type":"Feature","id":"1972193949651810317100000000","properties":{"id":"1972193949651810317100000000","pnu":"1221011900107010007","year":1972,"purpose":"단독주택","floors":1,"structure":"벽돌구조"},"geometry":{"type":"MultiPolygon","coordinates":[[[[126.934416,35.128431],[126.93449,35.128397],[126.93444,35.128316],[126.934367,35.128346],[126.934416,35.128431]]]]}},{"type":"Feature","id":"1972193951601812072700000000","properties":{"id":"1972193951601812072700000000","pnu":"1221011900107120004","year":1972,"purpose":"단독주택","far":58.327,"floors":1,"structure":"벽돌구조"},"geometry":{"type":"MultiPolygon","coordinates":[[[[126.934381,35.130002],[126.934526,35.130001],[126.934518,35.129918],[126.934487,35.129918],[126.934487,35.129903],[126.934373,35.129911],[126.934381,35.130002]]]]}},{"type":"Feature","id":"1972193959401810243600000000","properties":{"id":"1972193959401810243600000000","pnu":"1221011900107010008","year":1972,"purpose":"단독주택","floors":1,"structure":"벽돌구조"},"geometry":{"type":"MultiPolygon","coordinates":[[[[126.934529,35.128353],[126.934576,35.128337],[126.934538,35.128261],[126.934496,35.128272],[126.934529,35.128353]]]]}},{"type":"Feature","id":"1972194045281812284000000000","properties":{"id":"1972194045281812284000000000","pnu":"1221011900107230024","year":1972,"purpose":"단독주택","floors":1,"structure":"벽돌구조"},"geometry":{"type":"MultiPolygon","coordinates":[[[[126.935419,35.130153],[126.935472,35.130194],[126.935532,35.13014],[126.935481,35.130098],[126.935419,35.130153]]]]}},{"type":"Feature","id":"1973193462211810626300000000","properties":{"id":"1973193462211810626300000000","pnu":"1221011900109830000","year":1973,"purpose":"단독주택"},"geometry":{"type":"MultiPolygon","coordinates":[[[[126.929118,35.128685],[126.929137,35.128637],[126.929057,35.128611],[126.929014,35.128658],[126.929118,35.128685]]]]}},{"type":"Feature","id":"1973193470431810652300000000","properties":{"id":"1973193470431810652300000000","pnu":"1221011900109830000","year":1973,"purpose":"단독주택"},"geometry":{"type":"MultiPolygon","coordinates":[[[[126.92922,35.12866],[126.929161,35.128642],[126.929128,35.128691],[126.929166,35.128702],[126.92922,35.12866]]]]}},{"type":"Feature","id":"1973193477231810342600000000","properties":{"id":"1973193477231810342600000000","pnu":"1221011900110990000","year":1973,"purpose":"단독주택"},"geometry":{"type":"MultiPolygon","coordinates":[[[[126.929291,35.12842],[126.929293,35.128375],[126.929199,35.128366],[126.929197,35.12841],[126.929291,35.12842]]]]}},{"type":"Feature","id":"1973193788351811855400000000","properties":{"id":"1973193788351811855400000000","pnu":"1221011900105140021","year":1973,"purpose":"단독주택","floors":1,"structure":"벽돌구조"},"geometry":{"type":"MultiPolygon","coordinates":[[[[126.932703,35.129721],[126.932647,35.129708],[126.932613,35.129794],[126.932665,35.129811],[126.932703,35.129721]]]]}},{"type":"Feature","id":"1973193816191811940200000000","properties":{"id":"1973193816191811940200000000","pnu":"1221011900105340056","year":1973,"purpose":"단독주택","floors":1,"structure":"벽돌구조"},"geometry":{"type":"MultiPolygon","coordinates":[[[[126.93297,35.129887],[126.932995,35.129838],[126.933007,35.12984],[126.933018,35.12981],[126.932949,35.129784],[126.93291,35.129865],[126.93297,35.129887]]]]}},{"type":"Feature","id":"1973193822151816318600000000","properties":{"id":"1973193822151816318600000000","pnu":"1221012200107150003","year":1973,"purpose":"단독주택"},"geometry":{"type":"MultiPolygon","coordinates":[[[[126.932963,35.133834],[126.933015,35.133827],[126.93301,35.133804],[126.933122,35.133777],[126.933113,35.133736],[126.932938,35.133772],[126.932963,35.133834]]]]}},{"type":"Feature","id":"1973193823301813524300000000","properties":{"id":"1973193823301813524300000000","pnu":"1221012200107940002","year":1973,"purpose":"단독주택","floors":1,"structure":"벽돌구조"},"geometry":{"type":"MultiPolygon","coordinates":[[[[126.933023,35.13121],[126.932994,35.131301],[126.933056,35.131315],[126.933085,35.131227],[126.933023,35.13121]]]]}},{"type":"Feature","id":"1973193828871816393300000000","properties":{"id":"1973193828871816393300000000","pnu":"1221012200107150003","year":1973,"purpose":"단독주택"},"geometry":{"type":"MultiPolygon","coordinates":[[[[126.933027,35.133903],[126.933181,35.133866],[126.933153,35.133786],[126.933101,35.133797],[126.933104,35.133821],[126.933008,35.133844],[126.933027,35.133903]]]]}},{"type":"Feature","id":"1973193841451812027500000000","properties":{"id":"1973193841451812027500000000","pnu":"1221011900105340002","year":1973,"purpose":"단독주택","floors":1,"structure":"벽돌구조"},"geometry":{"type":"MultiPolygon","coordinates":[[[[126.93325,35.129965],[126.933263,35.12992],[126.93328,35.129925],[126.93329,35.12988],[126.933219,35.129865],[126.933194,35.129956],[126.93325,35.129965]]]]}},{"type":"Feature","id":"1973193846481812088300000000","properties":{"id":"1973193846481812088300000000","pnu":"1221011900105340002","purpose":"단독주택","structure":"벽돌구조"},"geometry":{"type":"MultiPolygon","coordinates":[[[[126.933295,35.129973],[126.933296,35.129973],[126.933297,35.129973],[126.933298,35.129973],[126.933298,35.129972],[126.933299,35.129972],[126.9333,35.129971],[126.9333,35.12997],[126.9333,35.12997],[126.9333,35.129969],[126.9333,35.129968],[126.9333,35.129967],[126.9333,35.129966],[126.933299,35.129966],[126.933298,35.129965],[126.933298,35.129965],[126.933297,35.129965],[126.933296,35.129964],[126.933295,35.129964],[126.933294,35.129964],[126.933293,35.129965],[126.933292,35.129965],[126.933291,35.129965],[126.933291,35.129966],[126.93329,35.129966],[126.93329,35.129967],[126.933289,35.129968],[126.933289,35.129969],[126.933289,35.12997],[126.93329,35.12997],[126.93329,35.129971],[126.933291,35.129972],[126.933291,35.129972],[126.933292,35.129973],[126.933293,35.129973],[126.933294,35.129973],[126.933295,35.129973]]]]}},{"type":"Feature","id":"1973193848921813410000000000","properties":{"id":"1973193848921813410000000000","pnu":"1221012200107940006","year":1973,"purpose":"단독주택"},"geometry":{"type":"MultiPolygon","coordinates":[[[[126.933367,35.131185],[126.933371,35.131147],[126.933277,35.131134],[126.933271,35.131175],[126.933367,35.131185]]]]}},{"type":"Feature","id":"1973193866891811472400000000","properties":{"id":"1973193866891811472400000000","pnu":"1221011900107060034","year":1973,"purpose":"제1종 근린생활시설","floors":1,"structure":"벽돌구조"},"geometry":{"type":"MultiPolygon","coordinates":[[[[126.933554,35.129436],[126.933561,35.129413],[126.93349,35.129389],[126.933478,35.129418],[126.933554,35.129436]]]]}},{"type":"Feature","id":"1973193867321811395700000000","properties":{"id":"1973193867321811395700000000","pnu":"1221011900107060026","year":1973,"purpose":"제1종 근린생활시설"},"geometry":{"type":"MultiPolygon","coordinates":[[[[126.933549,35.12939],[126.933559,35.12936],[126.933549,35.129354],[126.933563,35.129315],[126.933509,35.129298],[126.933479,35.129368],[126.933549,35.12939]]]]}},{"type":"Feature","id":"1973193875771811432400000000","properties":{"id":"1973193875771811432400000000","pnu":"1221011900107060005","year":1973,"purpose":"단독주택","floors":1,"structure":"벽돌구조"},"geometry":{"type":"MultiPolygon","coordinates":[[[[126.933635,35.129417],[126.933668,35.129354],[126.933616,35.129338],[126.933603,35.129365],[126.93358,35.129357],[126.933561,35.129393],[126.933635,35.129417]]]]}},{"type":"Feature","id":"1973193884431815247600000000","properties":{"id":"1973193884431815247600000000","pnu":"1221012200107220011","year":1973,"purpose":"단독주택","floors":1,"structure":"벽돌구조"},"geometry":{"type":"MultiPolygon","coordinates":[[[[126.933661,35.132862],[126.933777,35.132838],[126.93376,35.132771],[126.933638,35.132797],[126.933661,35.132862]]]]}},{"type":"Feature","id":"1973193923781810648100000000","properties":{"id":"1973193923781810648100000000","pnu":"1221011900107030008","year":1973,"purpose":"단독주택"},"geometry":{"type":"MultiPolygon","coordinates":[[[[126.934116,35.128721],[126.934221,35.128662],[126.93419,35.128624],[126.934119,35.128662],[126.934104,35.128643],[126.934069,35.128667],[126.934116,35.128721]]]]}},{"type":"Feature","id":"1973193929251810720500000000","properties":{"id":"1973193929251810720500000000","pnu":"1221011900107030010","year":1973,"purpose":"단독주택","floors":1,"structure":"벽돌구조"},"geometry":{"type":"MultiPolygon","coordinates":[[[[126.934177,35.128791],[126.934278,35.128729],[126.934242,35.128685],[126.934176,35.128719],[126.934169,35.128713],[126.934129,35.128734],[126.934177,35.128791]]]]}},{"type":"Feature","id":"1973193931051810594600000000","properties":{"id":"1973193931051810594600000000","pnu":"1221011900107030008","year":1973,"purpose":"단독주택"},"geometry":{"type":"MultiPolygon","coordinates":[[[[126.934236,35.12866],[126.934256,35.128648],[126.934214,35.128587],[126.934191,35.128598],[126.934236,35.12866]]]]}},{"type":"Feature","id":"1973193934751810638800000000","properties":{"id":"1973193934751810638800000000","pnu":"1221011900107030010","purpose":"기타","structure":"벽돌구조"},"geometry":{"type":"MultiPolygon","coordinates":[[[[126.934264,35.128667],[126.934265,35.128667],[126.934266,35.128667],[126.934267,35.128667],[126.934268,35.128666],[126.934269,35.128666],[126.934269,35.128665],[126.93427,35.128664],[126.93427,35.128663],[126.93427,35.128663],[126.93427,35.128662],[126.93427,35.128661],[126.934269,35.12866],[126.934269,35.12866],[126.934268,35.128659],[126.934267,35.128659],[126.934266,35.128658],[126.934265,35.128658],[126.934264,35.128658],[126.934263,35.128658],[126.934263,35.128658],[126.934262,35.128659],[126.934261,35.128659],[126.93426,35.12866],[126.93426,35.12866],[126.934259,35.128661],[126.934259,35.128662],[126.934259,35.128663],[126.934259,35.128663],[126.934259,35.128664],[126.93426,35.128665],[126.93426,35.128666],[126.934261,35.128666],[126.934262,35.128667],[126.934263,35.128667],[126.934263,35.128667],[126.934264,35.128667]]]]}},{"type":"Feature","id":"1973193942951810193200000000","properties":{"id":"1973193942951810193200000000","pnu":"1221011900107010003","year":1973,"purpose":"단독주택","floors":1,"structure":"벽돌구조"},"geometry":{"type":"MultiPolygon","coordinates":[[[[126.934351,35.128317],[126.934414,35.128289],[126.934359,35.128205],[126.934296,35.128233],[126.934351,35.128317]]]]}},{"type":"Feature","id":"1973193961751810555500000000","properties":{"id":"1973193961751810555500000000","pnu":"1221011900107010012","year":1973,"purpose":"단독주택","floors":1,"structure":"벽돌구조"},"geometry":{"type":"MultiPolygon","coordinates":[[[[126.934561,35.128648],[126.934624,35.128619],[126.934557,35.128528],[126.934499,35.128555],[126.934561,35.128648]]]]}},{"type":"Feature","id":"1973193972591812293800000000","properties":{"id":"1973193972591812293800000000","pnu":"1221011900107160013","year":1973,"purpose":"단독주택","floors":1,"structure":"벽돌구조"},"geometry":{"type":"MultiPolygon","coordinates":[[[[126.934671,35.130205],[126.934732,35.13014],[126.934678,35.130105],[126.934656,35.13013],[126.934661,35.130136],[126.934627,35.130172],[126.934671,35.130205]]]]}},{"type":"Feature","id":"1973193978361812361600000000","properties":{"id":"1973193978361812361600000000","pnu":"1221011900107160014","year":1973,"purpose":"단독주택","floors":1,"structure":"벽돌구조"},"geometry":{"type":"MultiPolygon","coordinates":[[[[126.934715,35.130274],[126.934808,35.130204],[126.93475,35.130157],[126.934716,35.13018],[126.934732,35.130198],[126.934675,35.130241],[126.934715,35.130274]]]]}},{"type":"Feature","id":"1973193981541811743500000000","properties":{"id":"1973193981541811743500000000","pnu":"1221011900107110003","year":1973,"purpose":"단독주택"},"geometry":{"type":"MultiPolygon","coordinates":[[[[126.934831,35.129674],[126.934779,35.129612],[126.934723,35.129645],[126.934773,35.129704],[126.934831,35.129674]]]]}},{"type":"Feature","id":"1973193984951810032500000000","properties":{"id":"1973193984951810032500000000","pnu":"1221011900105540001","purpose":"기타","structure":"블록구조"},"geometry":{"type":"MultiPolygon","coordinates":[[[[126.934791,35.128136],[126.934825,35.128143],[126.93484,35.128098],[126.934806,35.12809],[126.934791,35.128136]]]]}},{"type":"Feature","id":"1973193985301812430100000000","properties":{"id":"1973193985301812430100000000","pnu":"1221011900107160007","year":1973,"purpose":"단독주택","floors":1,"structure":"벽돌구조"},"geometry":{"type":"MultiPolygon","coordinates":[[[[126.934825,35.130323],[126.934876,35.130268],[126.934812,35.130232],[126.934759,35.130287],[126.934825,35.130323]]]]}},{"type":"Feature","id":"1973193993511810080900000000","properties":{"id":"1973193993511810080900000000","pnu":"1221011900105540001","year":1973,"purpose":"단독주택","floors":1,"structure":"벽돌구조"},"geometry":{"type":"MultiPolygon","coordinates":[[[[126.93493,35.12822],[126.934959,35.128129],[126.934868,35.128107],[126.934859,35.128143],[126.934891,35.128155],[126.934874,35.128206],[126.93493,35.12822]]]]}},{"type":"Feature","id":"1973194003331812555900000000","properties":{"id":"1973194003331812555900000000","pnu":"1221011900107160003","year":1973,"purpose":"단독주택"},"geometry":{"type":"MultiPolygon","coordinates":[[[[126.935029,35.130438],[126.935078,35.130378],[126.93505,35.130362],[126.935042,35.130371],[126.934988,35.13035],[126.934955,35.130395],[126.935029,35.130438]]]]}},{"type":"Feature","id":"1973194010781812500500000000","properties":{"id":"1973194010781812500500000000","pnu":"1221011900107160003","year":1973,"purpose":"단독주택"},"geometry":{"type":"MultiPolygon","coordinates":[[[[126.935121,35.130382],[126.935141,35.130363],[126.935078,35.130302],[126.935052,35.130319],[126.935121,35.130382]]]]}},{"type":"Feature","id":"1973194037611811671200000000","properties":{"id":"1973194037611811671200000000","pnu":"1221011900106980025","year":1973,"purpose":"단독주택","floors":1,"structure":"벽돌구조"},"geometry":{"type":"MultiPolygon","coordinates":[[[[126.93533,35.1296],[126.93538,35.129642],[126.935455,35.129586],[126.935403,35.129546],[126.93533,35.1296]]]]}},{"type":"Feature","id":"1973194041951811724800000000","properties":{"id":"1973194041951811724800000000","pnu":"1221011900106980025","purpose":"기타","structure":"벽돌구조"},"geometry":{"type":"MultiPolygon","coordinates":[[[[126.935392,35.129662],[126.935415,35.12968],[126.935488,35.129623],[126.935464,35.129605],[126.935392,35.129662]]]]}},{"type":"Feature","id":"1973194056171812319300000000","properties":{"id":"1973194056171812319300000000","pnu":"1221011900107230026","purpose":"단독주택","floors":1,"structure":"블록구조"},"geometry":{"type":"MultiPolygon","coordinates":[[[[126.935521,35.130176],[126.935602,35.130236],[126.935671,35.13018],[126.935586,35.13012],[126.935521,35.130176]]]]}},{"type":"Feature","id":"1973194355511819522200000000","properties":{"id":"1973194355511819522200000000","pnu":"1221012200102250003","purpose":"단독주택","floors":1,"structure":"블록구조"},"geometry":{"type":"MultiPolygon","coordinates":[[[[126.938906,35.136709],[126.938898,35.136629],[126.938844,35.136636],[126.93885,35.136714],[126.938906,35.136709]]]]}},{"type":"Feature","id":"1974193508501815245600000000","properties":{"id":"1974193508501815245600000000","pnu":"1221012200107380003","year":1974,"purpose":"제2종 근린생활시설"},"geometry":{"type":"MultiPolygon","coordinates":[[[[126.929654,35.132869],[126.929675,35.132801],[126.929518,35.132757],[126.92949,35.132823],[126.929654,35.132869]]]]}},{"type":"Feature","id":"1974193640971812358900000000","properties":{"id":"1974193640971812358900000000","pnu":"1221011900105180012","year":1974,"purpose":"단독주택"},"geometry":{"type":"MultiPolygon","coordinates":[[[[126.931076,35.130243],[126.931089,35.130199],[126.931005,35.130179],[126.93099,35.130224],[126.931076,35.130243]]]]}},{"type":"Feature","id":"1974193644851809946500000000","properties":{"id":"1974193644851809946500000000","pnu":"1221011900105320174","purpose":"단독주택","structure":"블록구조"},"geometry":{"type":"MultiPolygon","coordinates":[[[[126.931048,35.128059],[126.931097,35.128072],[126.931121,35.128016],[126.931072,35.128001],[126.931048,35.128059]]]]}},{"type":"Feature","id":"1974193649401812381400000000","properties":{"id":"1974193649401812381400000000","pnu":"1221011900105180012","year":1974,"purpose":"단독주택"},"geometry":{"type":"MultiPolygon","coordinates":[[[[126.931174,35.130262],[126.931188,35.130223],[126.931089,35.130201],[126.931078,35.13024],[126.931174,35.130262]]]]}},{"type":"Feature","id":"1974193653071809958900000000","properties":{"id":"1974193653071809958900000000","pnu":"1221011900105320174","year":1974,"purpose":"제1종 근린생활시설","floors":1,"structure":"벽돌구조"},"geometry":{"type":"MultiPolygon","coordinates":[[[[126.931207,35.12808],[126.931223,35.12804],[126.931145,35.128015],[126.931125,35.128057],[126.931207,35.12808]]]]}},{"type":"Feature","id":"1974193659711812380400000000","properties":{"id":"1974193659711812380400000000","pnu":"1221011900105180012","purpose":"단독주택"},"geometry":{"type":"MultiPolygon","coordinates":[[[[126.93128,35.130276],[126.931297,35.1302],[126.931212,35.130184],[126.931194,35.130263],[126.93128,35.130276]]]]}},{"type":"Feature","id":"1974193675191810268500000000","properties":{"id":"1974193675191810268500000000","pnu":"1221011900105320157","purpose":"단독주택","structure":"벽돌구조"},"geometry":{"type":"MultiPolygon","coordinates":[[[[126.931425,35.128295],[126.931398,35.128358],[126.931407,35.128361],[126.931436,35.128299],[126.931425,35.128295]]]]}},{"type":"Feature","id":"1974193679171810379100000000","properties":{"id":"1974193679171810379100000000","pnu":"1221011900105320158","year":1974,"purpose":"단독주택"},"geometry":{"type":"MultiPolygon","coordinates":[[[[126.931514,35.12847],[126.931533,35.128411],[126.931489,35.128399],[126.931484,35.128405],[126.931405,35.128386],[126.931384,35.128439],[126.931514,35.12847]]]]}},{"type":"Feature","id":"1974193682991810293000000000","properties":{"id":"1974193682991810293000000000","pnu":"1221011900105320157","year":1974,"purpose":"단독주택","floors":1,"structure":"벽돌구조"},"geometry":{"type":"MultiPolygon","coordinates":[[[[126.931543,35.1284],[126.931573,35.128326],[126.93153,35.128311],[126.931522,35.128323],[126.931455,35.128304],[126.931428,35.128363],[126.931543,35.1284]]]]}},{"type":"Feature","id":"1974193686131810168100000000","properties":{"id":"1974193686131810168100000000","pnu":"1221011900105320156","year":1974,"purpose":"단독주택","floors":2,"structure":"벽돌구조"},"geometry":{"type":"MultiPolygon","coordinates":[[[[126.931583,35.128287],[126.931612,35.128222],[126.931491,35.128187],[126.931461,35.128251],[126.931583,35.128287]]]]}},{"type":"Feature","id":"1974193690931810519900000000","properties":{"id":"1974193690931810519900000000","pnu":"1221011900105320114","year":1974,"purpose":"단독주택","floors":2,"structure":"벽돌구조"},"geometry":{"type":"MultiPolygon","coordinates":[[[[126.931642,35.1286],[126.931667,35.128549],[126.931535,35.128508],[126.931514,35.12856],[126.931642,35.1286]]]]}},{"type":"Feature","id":"1974193698911812438000000000","properties":{"id":"1974193698911812438000000000","pnu":"1221011900105170002","year":1974,"purpose":"단독주택"},"geometry":{"type":"MultiPolygon","coordinates":[[[[126.931613,35.130314],[126.931725,35.130323],[126.931743,35.13026],[126.931629,35.130237],[126.931613,35.130314]]]]}},{"type":"Feature","id":"1974193705131810139400000000","properties":{"id":"1974193705131810139400000000","pnu":"1221011900105320101","year":1974,"purpose":"단독주택","floors":1,"structure":"벽돌구조"},"geometry":{"type":"MultiPolygon","coordinates":[[[[126.931791,35.12826],[126.93182,35.128195],[126.931748,35.128173],[126.931746,35.12818],[126.931695,35.128167],[126.931669,35.128224],[126.931791,35.12826]]]]}},{"type":"Feature","id":"1974193706761810305800000000","properties":{"id":"1974193706761810305800000000","pnu":"1221011900105320119","purpose":"단독주택","structure":"벽돌구조"},"geometry":{"type":"MultiPolygon","coordinates":[[[[126.931763,35.128366],[126.931764,35.128366],[126.931765,35.128365],[126.931766,35.128365],[126.931767,35.128365],[126.931768,35.128364],[126.931768,35.128363],[126.931768,35.128363],[126.931769,35.128362],[126.931769,35.128361],[126.931769,35.12836],[126.931768,35.12836],[126.931768,35.128359],[126.931768,35.128358],[126.931767,35.128358],[126.931766,35.128357],[126.931765,35.128357],[126.931764,35.128357],[126.931763,35.128357],[126.931762,35.128357],[126.931761,35.128357],[126.931761,35.128357],[126.93176,35.128358],[126.931759,35.128358],[126.931759,35.128359],[126.931758,35.12836],[126.931758,35.12836],[126.931758,35.128361],[126.931758,35.128362],[126.931758,35.128363],[126.931759,35.128363],[126.931759,35.128364],[126.93176,35.128365],[126.931761,35.128365],[126.931761,35.128365],[126.931762,35.128366],[126.931763,35.128366]]]]}},{"type":"Feature","id":"1974193707661810471300000000","properties":{"id":"1974193707661810471300000000","pnu":"1221011900105320118","year":1974,"purpose":"단독주택","floors":1,"structure":"벽돌구조"},"geometry":{"type":"MultiPolygon","coordinates":[[[[126.931823,35.128552],[126.931842,35.128509],[126.931774,35.128486],[126.931775,35.128481],[126.931728,35.128468],[126.931706,35.128516],[126.931823,35.128552]]]]}},{"type":"Feature","id":"1974193710361810371900000000","properties":{"id":"1974193710361810371900000000","pnu":"1221011900105320119","year":1974,"purpose":"단독주택","floors":1,"structure":"벽돌구조"},"geometry":{"type":"MultiPolygon","coordinates":[[[[126.931853,35.128464],[126.93187,35.128415],[126.931812,35.128398],[126.931815,35.128391],[126.931759,35.128378],[126.931734,35.128428],[126.931853,35.128464]]]]}},{"type":"Feature","id":"1974193715541810272500000000","properties":{"id":"1974193715541810272500000000","pnu":"1221011900105320124","year":1974,"purpose":"단독주택","floors":2,"structure":"벽돌구조"},"geometry":{"type":"MultiPolygon","coordinates":[[[[126.931918,35.128386],[126.931945,35.128319],[126.931804,35.128276],[126.931772,35.128343],[126.931918,35.128386]]]]}},{"type":"Feature","id":"1974193733651810314700000000","properties":{"id":"1974193733651810314700000000","pnu":"1221011900105320150","purpose":"단독주택","structure":"벽돌구조"},"geometry":{"type":"MultiPolygon","coordinates":[[[[126.932058,35.128374],[126.932059,35.128374],[126.93206,35.128374],[126.932061,35.128373],[126.932062,35.128373],[126.932063,35.128372],[126.932063,35.128372],[126.932063,35.128371],[126.932064,35.12837],[126.932064,35.128369],[126.932064,35.128369],[126.932063,35.128368],[126.932063,35.128367],[126.932063,35.128366],[126.932062,35.128366],[126.932061,35.128365],[126.93206,35.128365],[126.932059,35.128365],[126.932058,35.128365],[126.932057,35.128365],[126.932056,35.128365],[126.932056,35.128365],[126.932055,35.128366],[126.932054,35.128366],[126.932054,35.128367],[126.932053,35.128368],[126.932053,35.128369],[126.932053,35.128369],[126.932053,35.12837],[126.932053,35.128371],[126.932054,35.128372],[126.932054,35.128372],[126.932055,35.128373],[126.932056,35.128373],[126.932056,35.128374],[126.932057,35.128374],[126.932058,35.128374]]]]}},{"type":"Feature","id":"1974193741961810325900000000","properties":{"id":"1974193741961810325900000000","pnu":"1221011900105320150","year":1974,"purpose":"단독주택","floors":1,"structure":"벽돌구조"},"geometry":{"type":"MultiPolygon","coordinates":[[[[126.932191,35.12843],[126.93222,35.128366],[126.932105,35.12833],[126.93208,35.128392],[126.932191,35.12843]]]]}},{"type":"Feature","id":"1974193745301810041600000000","properties":{"id":"1974193745301810041600000000","pnu":"1221011900105320152","purpose":"단독주택","structure":"벽돌구조"},"geometry":{"type":"MultiPolygon","coordinates":[[[[126.932186,35.128128],[126.932187,35.128128],[126.932188,35.128128],[126.932189,35.128127],[126.93219,35.128127],[126.932191,35.128126],[126.932191,35.128126],[126.932191,35.128125],[126.932192,35.128124],[126.932192,35.128123],[126.932192,35.128122],[126.932191,35.128122],[126.932191,35.128121],[126.932191,35.12812],[126.93219,35.12812],[126.932189,35.128119],[126.932188,35.128119],[126.932187,35.128119],[126.932186,35.128119],[126.932185,35.128119],[126.932184,35.128119],[126.932184,35.128119],[126.932183,35.12812],[126.932182,35.12812],[126.932182,35.128121],[126.932181,35.128122],[126.932181,35.128122],[126.932181,35.128123],[126.932181,35.128124],[126.932181,35.128125],[126.932182,35.128126],[126.932182,35.128126],[126.932183,35.128127],[126.932184,35.128127],[126.932184,35.128128],[126.932185,35.128128],[126.932186,35.128128]]]]}},{"type":"Feature","id":"1974193748591810122600000000","properties":{"id":"1974193748591810122600000000","pnu":"1221011900105320152","year":1974,"purpose":"단독주택","floors":1,"structure":"벽돌구조"},"geometry":{"type":"MultiPolygon","coordinates":[[[[126.932287,35.128255],[126.932313,35.128184],[126.932157,35.128138],[126.932131,35.128207],[126.932287,35.128255]]]]}},{"type":"Feature","id":"1974193767581810464200000000","properties":{"id":"1974193767581810464200000000","pnu":"1221011900105320136","year":1974,"purpose":"단독주택","floors":1,"structure":"벽돌구조"},"geometry":{"type":"MultiPolygon","coordinates":[[[[126.932483,35.128552],[126.932508,35.128506],[126.932381,35.128454],[126.932355,35.128507],[126.932483,35.128552]]]]}},{"type":"Feature","id":"1974193770801810369100000000","properties":{"id":"1974193770801810369100000000","pnu":"1221011900105320137","year":1974,"purpose":"단독주택","floors":1,"structure":"벽돌구조"},"geometry":{"type":"MultiPolygon","coordinates":[[[[126.932521,35.128464],[126.932537,35.128415],[126.93248,35.128399],[126.932482,35.128384],[126.932422,35.128369],[126.932397,35.128432],[126.932521,35.128464]]]]}},{"type":"Feature","id":"1974193772221814597300000000","properties":{"id":"1974193772221814597300000000","pnu":"1221012200107320002","year":1974,"purpose":"단독주택","floors":1,"structure":"벽돌구조"},"geometry":{"type":"MultiPolygon","coordinates":[[[[126.932428,35.132267],[126.932541,35.132246],[126.932531,35.132194],[126.932414,35.132212],[126.932428,35.132267]]]]}},{"type":"Feature","id":"1974193774021810274800000000","properties":{"id":"1974193774021810274800000000","pnu":"1221011900105320138","year":1974,"purpose":"단독주택","floors":1,"structure":"벽돌구조"},"geometry":{"type":"MultiPolygon","coordinates":[[[[126.932553,35.128386],[126.932576,35.128325],[126.932456,35.128281],[126.932423,35.128342],[126.932553,35.128386]]]]}},{"type":"Feature","id":"1974193779791810064300000000","properties":{"id":"1974193779791810064300000000","pnu":"1221011900105320140","year":1974,"purpose":"단독주택","floors":1,"structure":"벽돌구조"},"geometry":{"type":"MultiPolygon","coordinates":[[[[126.932608,35.128191],[126.932637,35.128137],[126.932518,35.128097],[126.932495,35.128153],[126.932608,35.128191]]]]}},{"type":"Feature","id":"1974193791881815029000000000","properties":{"id":"1974193791881815029000000000","pnu":"1221012200107200006","year":1974,"purpose":"단독주택"},"geometry":{"type":"MultiPolygon","coordinates":[[[[126.932608,35.132699],[126.932786,35.132635],[126.932773,35.132554],[126.932626,35.132577],[126.932608,35.132699]]]]}},{"type":"Feature","id":"1974193801441810588200000000","properties":{"id":"1974193801441810588200000000","pnu":"1221011900105320165","purpose":"단독주택","structure":"블록구조"},"geometry":{"type":"MultiPolygon","coordinates":[[[[126.932802,35.128621],[126.932803,35.128621],[126.932804,35.128621],[126.932805,35.12862],[126.932805,35.12862],[126.932806,35.128619],[126.932807,35.128619],[126.932807,35.128618],[126.932807,35.128617],[126.932807,35.128616],[126.932807,35.128616],[126.932807,35.128615],[126.932807,35.128614],[126.932806,35.128613],[126.932805,35.128613],[126.932805,35.128612],[126.932804,35.128612],[126.932803,35.128612],[126.932802,35.128612],[126.932801,35.128612],[126.9328,35.128612],[126.932799,35.128612],[126.932798,35.128613],[126.932798,35.128613],[126.932797,35.128614],[126.932797,35.128615],[126.932796,35.128616],[126.932796,35.128616],[126.932796,35.128617],[126.932797,35.128618],[126.932797,35.128619],[126.932798,35.128619],[126.932798,35.12862],[126.932799,35.12862],[126.9328,35.128621],[126.932801,35.128621],[126.932802,35.128621]]]]}},{"type":"Feature","id":"1974193802441811149600000000","properties":{"id":"1974193802441811149600000000","pnu":"1221011900105360001","year":1974,"purpose":"제2종 근린생활시설"},"geometry":{"type":"MultiPolygon","coordinates":[[[[126.932817,35.12908],[126.932777,35.129147],[126.932811,35.129161],[126.932846,35.129103],[126.932817,35.12908]]]]}},{"type":"Feature","id":"1974193809411810651800000000","properties":{"id":"1974193809411810651800000000","pnu":"1221011900105320165","year":1974,"purpose":"단독주택","floors":1,"structure":"벽돌구조"},"geometry":{"type":"MultiPolygon","coordinates":[[[[126.932934,35.128718],[126.932952,35.128664],[126.932844,35.12863],[126.932825,35.128681],[126.932934,35.128718]]]]}},{"type":"Feature","id":"1974193845121810827500000000","properties":{"id":"1974193845121810827500000000","pnu":"1221011900105470005","year":1974,"purpose":"단독주택"},"geometry":{"type":"MultiPolygon","coordinates":[[[[126.933293,35.128867],[126.933321,35.128848],[126.93327,35.128798],[126.93324,35.128816],[126.933293,35.128867]]]]}},{"type":"Feature","id":"1974193854251810891300000000","properties":{"id":"1974193854251810891300000000","pnu":"1221011900105470005","year":1974,"purpose":"단독주택"},"geometry":{"type":"MultiPolygon","coordinates":[[[[126.933414,35.128935],[126.933443,35.128884],[126.933346,35.128846],[126.93332,35.128894],[126.933414,35.128935]]]]}},{"type":"Feature","id":"1974193869851811524200000000","properties":{"id":"1974193869851811524200000000","pnu":"1221011900107070009","year":1974,"purpose":"단독주택","floors":1,"structure":"벽돌구조"},"geometry":{"type":"MultiPolygon","coordinates":[[[[126.933609,35.129421],[126.933572,35.129413],[126.933558,35.129452],[126.933487,35.129444],[126.933483,35.129481],[126.933587,35.129496],[126.933609,35.129421]]]]}},{"type":"Feature","id":"1974193870951810851300000000","properties":{"id":"1974193870951810851300000000","pnu":"1221011900105470002","year":1974,"purpose":"단독주택"},"geometry":{"type":"MultiPolygon","coordinates":[[[[126.933599,35.1289],[126.933627,35.128841],[126.933529,35.128808],[126.933502,35.128867],[126.933599,35.1289]]]]}},{"type":"Feature","id":"1974193874401811665200000000","properties":{"id":"1974193874401811665200000000","pnu":"1221011900107070003","year":1974,"purpose":"단독주택","floors":1,"structure":"벽돌구조"},"geometry":{"type":"MultiPolygon","coordinates":[[[[126.933632,35.129623],[126.933653,35.129581],[126.933571,35.129553],[126.93355,35.129593],[126.933632,35.129623]]]]}},{"type":"Feature","id":"1974193877461810848900000000","properties":{"id":"1974193877461810848900000000","pnu":"1221011900105470002","year":1974,"purpose":"단독주택"},"geometry":{"type":"MultiPolygon","coordinates":[[[[126.933674,35.128819],[126.933615,35.128801],[126.933605,35.128824],[126.933633,35.128833],[126.933603,35.128901],[126.933633,35.12891],[126.933674,35.128819]]]]}},{"type":"Feature","id":"1974193900471815240000000000","properties":{"id":"1974193900471815240000000000","pnu":"1221012200107220012","year":1974,"purpose":"단독주택","floors":1,"structure":"벽돌구조"},"geometry":{"type":"MultiPolygon","coordinates":[[[[126.933863,35.132858],[126.933957,35.132809],[126.933931,35.132773],[126.933879,35.132793],[126.93386,35.132773],[126.933817,35.132792],[126.933863,35.132858]]]]}},{"type":"Feature","id":"1974193909841810117800000000","properties":{"id":"1974193909841810117800000000","pnu":"1221011900105520003","year":1974,"purpose":"단독주택","floors":1,"structure":"벽돌구조"},"geometry":{"type":"MultiPolygon","coordinates":[[[[126.934031,35.128237],[126.93402,35.128154],[126.933944,35.128158],[126.933945,35.128197],[126.933975,35.128198],[126.933983,35.128242],[126.934031,35.128237]]]]}},{"type":"Feature","id":"1974193911331810222200000000","properties":{"id":"1974193911331810222200000000","pnu":"1221011900105520001","year":1974,"purpose":"단독주택"},"geometry":{"type":"MultiPolygon","coordinates":[[[[126.934,35.128331],[126.934053,35.128325],[126.93404,35.128253],[126.933949,35.128258],[126.933953,35.12829],[126.933992,35.128291],[126.934,35.128331]]]]}},{"type":"Feature","id":"1974193934641810790500000000","properties":{"id":"1974193934641810790500000000","pnu":"1221011900107030007","year":1974,"purpose":"단독주택","floors":1,"structure":"벽돌구조"},"geometry":{"type":"MultiPolygon","coordinates":[[[[126.934228,35.128847],[126.93433,35.128796],[126.934295,35.128752],[126.934198,35.128802],[126.934228,35.128847]]]]}},{"type":"Feature","id":"1974193939551810864300000000","properties":{"id":"1974193939551810864300000000","pnu":"1221011900107030009","year":1974,"purpose":"단독주택","floors":1,"structure":"벽돌구조"},"geometry":{"type":"MultiPolygon","coordinates":[[[[126.934288,35.128916],[126.934385,35.128868],[126.934345,35.128814],[126.934248,35.128868],[126.934288,35.128916]]]]}},{"type":"Feature","id":"1974193943771810939000000000","properties":{"id":"1974193943771810939000000000","pnu":"1221011900107030002","year":1974,"purpose":"단독주택","floors":1,"structure":"벽돌구조"},"geometry":{"type":"MultiPolygon","coordinates":[[[[126.934338,35.128984],[126.93443,35.128932],[126.934393,35.128884],[126.934295,35.128931],[126.934338,35.128984]]]]}},{"type":"Feature","id":"1974193967931809981400000000","properties":{"id":"1974193967931809981400000000","pnu":"1221011900106980016","year":1974,"purpose":"단독주택"},"geometry":{"type":"MultiPolygon","coordinates":[[[[126.934684,35.12807],[126.934675,35.128055],[126.934587,35.128053],[126.93459,35.128073],[126.934603,35.128098],[126.934684,35.12807]]]]}},{"type":"Feature","id":"1974193969301810661800000000","properties":{"id":"1974193969301810661800000000","pnu":"1221011900107010009","year":1974,"purpose":"단독주택"},"geometry":{"type":"MultiPolygon","coordinates":[[[[126.934611,35.128719],[126.934699,35.128689],[126.934675,35.128648],[126.934587,35.128679],[126.934611,35.128719]]]]}},{"type":"Feature","id":"1974193969361810054100000000","properties":{"id":"1974193969361810054100000000","pnu":"1221011900106980016","year":1974,"purpose":"단독주택"},"geometry":{"type":"MultiPolygon","coordinates":[[[[126.934568,35.128202],[126.934739,35.128146],[126.9347,35.128073],[126.934622,35.128093],[126.934627,35.128104],[126.934565,35.128121],[126.934568,35.128202]]]]}},{"type":"Feature","id":"1974193972031810749600000000","properties":{"id":"1974193972031810749600000000","pnu":"1221011900107010009","purpose":"기타"},"geometry":{"type":"MultiPolygon","coordinates":[[[[126.934695,35.128727],[126.934622,35.128755],[126.934664,35.128806],[126.934723,35.128757],[126.934695,35.128727]]]]}},{"type":"Feature","id":"1974193983261810367300000000","properties":{"id":"1974193983261810367300000000","pnu":"1221011900106980012","year":1974,"purpose":"단독주택","floors":1,"structure":"벽돌구조"},"geometry":{"type":"MultiPolygon","coordinates":[[[[126.934751,35.128473],[126.934872,35.128426],[126.934841,35.128363],[126.934793,35.128378],[126.934796,35.128383],[126.93472,35.128414],[126.934751,35.128473]]]]}},{"type":"Feature","id":"1974194027281812074300000000","properties":{"id":"1974194027281812074300000000","pnu":"1221011900107230013","year":1974,"purpose":"단독주택","floors":1,"structure":"벽돌구조"},"geometry":{"type":"MultiPolygon","coordinates":[[[[126.935199,35.129936],[126.935305,35.130021],[126.935359,35.129976],[126.935248,35.129894],[126.935199,35.129936]]]]}},{"type":"Feature","id":"1974194031121811756500000000","properties":{"id":"1974194031121811756500000000","pnu":"1221011900106980000","year":1974,"purpose":"단독주택","floors":1,"structure":"벽돌구조"},"geometry":{"type":"MultiPolygon","coordinates":[[[[126.935256,35.129662],[126.935322,35.129724],[126.935385,35.129677],[126.935321,35.129618],[126.935256,35.129662]]]]}},{"type":"Feature","id":"1974194033301811977700000000","properties":{"id":"1974194033301811977700000000","pnu":"1221011900107230028","year":1974,"purpose":"단독주택","floors":1,"structure":"벽돌구조"},"geometry":{"type":"MultiPolygon","coordinates":[[[[126.93528,35.129881],[126.935326,35.129922],[126.93541,35.129854],[126.935363,35.12982],[126.93528,35.129881]]]]}},{"type":"Feature","id":"1974194038401812034500000000","properties":{"id":"1974194038401812034500000000","pnu":"1221011900107230027","year":1974,"purpose":"단독주택"},"geometry":{"type":"MultiPolygon","coordinates":[[[[126.935338,35.129929],[126.935386,35.129974],[126.935464,35.129909],[126.935417,35.129871],[126.935338,35.129929]]]]}},{"type":"Feature","id":"1974194089121814241600000000","properties":{"id":"1974194089121814241600000000","pnu":"1221012200102810010","year":1974,"purpose":"제1종 근린생활시설","floors":2,"structure":"벽돌구조"},"geometry":{"type":"MultiPolygon","coordinates":[[[[126.935895,35.131887],[126.93596,35.131959],[126.936019,35.131945],[126.935947,35.131857],[126.935895,35.131887]]]]}},{"type":"Feature","id":"1974194110031812186000000000","properties":{"id":"1974194110031812186000000000","pnu":"1221011900107240021","year":1974,"purpose":"단독주택"},"geometry":{"type":"MultiPolygon","coordinates":[[[[126.936115,35.130057],[126.93621,35.130111],[126.936256,35.130056],[126.936166,35.130008],[126.936115,35.130057]]]]}},{"type":"Feature","id":"1974194234961813344600000000","properties":{"id":"1974194234961813344600000000","pnu":"1221011900107270009","year":1974,"purpose":"단독주택"},"geometry":{"type":"MultiPolygon","coordinates":[[[[126.937492,35.13113],[126.937614,35.13114],[126.937619,35.131077],[126.937502,35.131065],[126.937492,35.13113]]]]}},{"type":"Feature","id":"1975193607741815108400000000","properties":{"id":"1975193607741815108400000000","pnu":"1221012200107340001","purpose":"단독주택","far":100,"structure":"블록구조"},"geometry":{"type":"MultiPolygon","coordinates":[[[[126.930722,35.132701],[126.93071,35.132655],[126.930693,35.132655],[126.930611,35.132704],[126.930614,35.132718],[126.930722,35.132701]]]]}},{"type":"Feature","id":"1975193608581814776600000000","properties":{"id":"1975193608581814776600000000","pnu":"1221012200107350004","year":1975,"purpose":"단독주택","floors":1,"structure":"벽돌구조"},"geometry":{"type":"MultiPolygon","coordinates":[[[[126.930636,35.132445],[126.930735,35.132434],[126.930716,35.13233],[126.930639,35.13234],[126.930648,35.132402],[126.930631,35.132405],[126.930636,35.132445]]]]}},{"type":"Feature","id":"1975193611121814908700000000","properties":{"id":"1975193611121814908700000000","pnu":"1221012200107350005","year":1975,"purpose":"단독주택","floors":1,"structure":"벽돌구조"},"geometry":{"type":"MultiPolygon","coordinates":[[[[126.930682,35.132566],[126.930762,35.132551],[126.930749,35.132458],[126.930651,35.132471],[126.930657,35.132511],[126.930671,35.132511],[126.930682,35.132566]]]]}},{"type":"Feature","id":"1975193616471815087100000000","properties":{"id":"1975193616471815087100000000","pnu":"1221012200107340001","year":1975,"purpose":"제1종 근린생활시설"},"geometry":{"type":"MultiPolygon","coordinates":[[[[126.930817,35.132689],[126.930805,35.132639],[126.930721,35.132652],[126.930733,35.132702],[126.930817,35.132689]]]]}},{"type":"Feature","id":"1975193619021814733000000000","properties":{"id":"1975193619021814733000000000","pnu":"1221012200107350003","year":1975,"purpose":"단독주택","far":52.83,"floors":1,"structure":"벽돌구조"},"geometry":{"type":"MultiPolygon","coordinates":[[[[126.930762,35.132411],[126.930845,35.132394],[126.930825,35.132292],[126.930757,35.132299],[126.930764,35.132379],[126.930756,35.132379],[126.930762,35.132411]]]]}},{"type":"Feature","id":"1975193622241814853500000000","properties":{"id":"1975193622241814853500000000","pnu":"1221012200107350002","year":1975,"purpose":"단독주택","floors":1,"structure":"벽돌구조"},"geometry":{"type":"MultiPolygon","coordinates":[[[[126.9308,35.132516],[126.930889,35.132503],[126.930864,35.132403],[126.930777,35.132416],[126.9308,35.132516]]]]}},{"type":"Feature","id":"1975193624721815051200000000","properties":{"id":"1975193624721815051200000000","pnu":"1221012200107340012","year":1975,"purpose":"제1종 근린생활시설","far":74.12,"floors":1,"structure":"벽돌구조"},"geometry":{"type":"MultiPolygon","coordinates":[[[[126.930898,35.132587],[126.930798,35.132604],[126.93082,35.132688],[126.930921,35.132673],[126.930898,35.132587]]]]}},{"type":"Feature","id":"1975193645481815956500000000","properties":{"id":"1975193645481815956500000000","pnu":"1221012200106760043","year":1975,"purpose":"단독주택","floors":2,"structure":"벽돌구조"},"geometry":{"type":"MultiPolygon","coordinates":[[[[126.931169,35.133458],[126.931125,35.133393],[126.931005,35.133449],[126.931047,35.133515],[126.931169,35.133458]]]]}},{"type":"Feature","id":"1975193645751815839900000000","properties":{"id":"1975193645751815839900000000","pnu":"1221012200106760043","purpose":"기타","structure":"블록구조"},"geometry":{"type":"MultiPolygon","coordinates":[[[[126.93108,35.133375],[126.931106,35.133362],[126.931122,35.133384],[126.931134,35.133378],[126.931088,35.133316],[126.931051,35.133335],[126.93108,35.133375]]]]}},{"type":"Feature","id":"1975193650331816008600000000","properties":{"id":"1975193650331816008600000000","pnu":"1221012200106760043","purpose":"기타","structure":"벽돌구조"},"geometry":{"type":"MultiPolygon","coordinates":[[[[126.93114,35.133506],[126.931141,35.133506],[126.931142,35.133505],[126.931142,35.133505],[126.931143,35.133505],[126.931144,35.133504],[126.931144,35.133503],[126.931145,35.133503],[126.931145,35.133502],[126.931145,35.133501],[126.931145,35.1335],[126.931145,35.1335],[126.931144,35.133499],[126.931144,35.133498],[126.931143,35.133498],[126.931142,35.133497],[126.931142,35.133497],[126.931141,35.133497],[126.93114,35.133497],[126.931139,35.133497],[126.931138,35.133497],[126.931137,35.133497],[126.931136,35.133498],[126.931136,35.133498],[126.931135,35.133499],[126.931135,35.1335],[126.931134,35.1335],[126.931134,35.133501],[126.931134,35.133502],[126.931135,35.133503],[126.931135,35.133503],[126.931136,35.133504],[126.931136,35.133505],[126.931137,35.133505],[126.931138,35.133505],[126.931139,35.133506],[126.93114,35.133506]]]]}},{"type":"Feature","id":"1975193690821810084500000000","properties":{"id":"1975193690821810084500000000","pnu":"1221011900105320102","year":1975,"purpose":"단독주택","floors":1,"structure":"벽돌구조"},"geometry":{"type":"MultiPolygon","coordinates":[[[[126.931636,35.128211],[126.931657,35.128143],[126.931544,35.128114],[126.931516,35.128177],[126.931636,35.128211]]]]}},{"type":"Feature","id":"1975193694031810434700000000","properties":{"id":"1975193694031810434700000000","pnu":"1221011900105320116","year":1975,"purpose":"단독주택","floors":1,"structure":"벽돌구조"},"geometry":{"type":"MultiPolygon","coordinates":[[[[126.931675,35.128518],[126.931693,35.128471],[126.931576,35.128436],[126.931553,35.128484],[126.931675,35.128518]]]]}},{"type":"Feature","id":"1975193701791810224300000000","properties":{"id":"1975193701791810224300000000","pnu":"1221011900105320155","year":1975,"purpose":"단독주택","floors":1,"structure":"벽돌구조"},"geometry":{"type":"MultiPolygon","coordinates":[[[[126.931755,35.128329],[126.931775,35.128279],[126.931664,35.128245],[126.931644,35.128299],[126.931755,35.128329]]]]}},{"type":"Feature","id":"1975193710451809923200000000","properties":{"id":"1975193710451809923200000000","pnu":"1221011900105320107","year":1975,"purpose":"단독주택","floors":2,"structure":"벽돌구조"},"geometry":{"type":"MultiPolygon","coordinates":[[[[126.931844,35.128066],[126.931873,35.127998],[126.931823,35.127982],[126.93182,35.127986],[126.931763,35.127968],[126.931733,35.128032],[126.931844,35.128066]]]]}},{"type":"Feature","id":"1975193719961810081200000000","properties":{"id":"1975193719961810081200000000","pnu":"1221011900105320105","year":1975,"purpose":"단독주택"},"geometry":{"type":"MultiPolygon","coordinates":[[[[126.931957,35.128207],[126.931979,35.128151],[126.931919,35.128129],[126.931921,35.128123],[126.931868,35.128107],[126.931838,35.128174],[126.931957,35.128207]]]]}},{"type":"Feature","id":"1975193722991809974500000000","properties":{"id":"1975193722991809974500000000","pnu":"1221011900105320106","year":1975,"purpose":"단독주택","floors":2,"structure":"벽돌구조"},"geometry":{"type":"MultiPolygon","coordinates":[[[[126.931994,35.128107],[126.932011,35.128057],[126.931946,35.128037],[126.931949,35.12803],[126.9319,35.128013],[126.931873,35.128075],[126.931994,35.128107]]]]}},{"type":"Feature","id":"1975193736951810192400000000","properties":{"id":"1975193736951810192400000000","pnu":"1221011900105320151","purpose":"단독주택","structure":"벽돌구조"},"geometry":{"type":"MultiPolygon","coordinates":[[[[126.932095,35.128264],[126.932096,35.128264],[126.932097,35.128263],[126.932097,35.128263],[126.932098,35.128263],[126.932099,35.128262],[126.932099,35.128261],[126.9321,35.128261],[126.9321,35.12826],[126.9321,35.128259],[126.9321,35.128258],[126.9321,35.128258],[126.932099,35.128257],[126.932099,35.128256],[126.932098,35.128256],[126.932097,35.128255],[126.932097,35.128255],[126.932096,35.128255],[126.932095,35.128255],[126.932094,35.128255],[126.932093,35.128255],[126.932092,35.128255],[126.932091,35.128256],[126.93209,35.128256],[126.93209,35.128257],[126.93209,35.128258],[126.932089,35.128258],[126.932089,35.128259],[126.932089,35.12826],[126.93209,35.128261],[126.93209,35.128261],[126.93209,35.128262],[126.932091,35.128263],[126.932092,35.128263],[126.932093,35.128263],[126.932094,35.128264],[126.932095,35.128264]]]]}},{"type":"Feature","id":"1975193745791810225700000000","properties":{"id":"1975193745791810225700000000","pnu":"1221011900105320151","year":1975,"purpose":"단독주택","floors":2,"structure":"벽돌구조"},"geometry":{"type":"MultiPolygon","coordinates":[[[[126.932234,35.128336],[126.932258,35.128267],[126.932218,35.128256],[126.932213,35.128263],[126.932145,35.128246],[126.932122,35.128305],[126.932234,35.128336]]]]}},{"type":"Feature","id":"1975193754381810411200000000","properties":{"id":"1975193754381810411200000000","pnu":"1221011900105320145","year":1975,"purpose":"단독주택","floors":1,"structure":"벽돌구조"},"geometry":{"type":"MultiPolygon","coordinates":[[[[126.932326,35.128503],[126.932356,35.128434],[126.932316,35.128423],[126.93231,35.128433],[126.932239,35.128414],[126.932213,35.12847],[126.932326,35.128503]]]]}},{"type":"Feature","id":"1975193754711809962300000000","properties":{"id":"1975193754711809962300000000","pnu":"1221011900105320153","year":1975,"purpose":"단독주택","floors":2,"structure":"벽돌구조"},"geometry":{"type":"MultiPolygon","coordinates":[[[[126.932329,35.128109],[126.932365,35.128032],[126.932248,35.127995],[126.932215,35.128071],[126.932329,35.128109]]]]}},{"type":"Feature","id":"1975193757631810764300000000","properties":{"id":"1975193757631810764300000000","pnu":"1221011900105320075","year":1975,"purpose":"단독주택"},"geometry":{"type":"MultiPolygon","coordinates":[[[[126.932407,35.128754],[126.932363,35.128742],[126.932359,35.128754],[126.932273,35.128727],[126.932242,35.128795],[126.932315,35.128818],[126.932393,35.128793],[126.932407,35.128754]]]]}},{"type":"Feature","id":"1975193758511810316500000000","properties":{"id":"1975193758511810316500000000","pnu":"1221011900105320144","year":1975,"purpose":"단독주택","floors":2,"structure":"벽돌구조"},"geometry":{"type":"MultiPolygon","coordinates":[[[[126.932375,35.128419],[126.9324,35.128359],[126.932289,35.128323],[126.932261,35.128383],[126.932375,35.128419]]]]}},{"type":"Feature","id":"1975193759701810647900000000","properties":{"id":"1975193759701810647900000000","pnu":"1221011900105320134","year":1975,"purpose":"단독주택","floors":1,"structure":"벽돌구조"},"geometry":{"type":"MultiPolygon","coordinates":[[[[126.932388,35.128718],[126.932407,35.128664],[126.93236,35.128648],[126.932363,35.128636],[126.93231,35.128618],[126.932282,35.128685],[126.932388,35.128718]]]]}},{"type":"Feature","id":"1975193761751810219100000000","properties":{"id":"1975193761751810219100000000","pnu":"1221011900105320143","year":1975,"purpose":"단독주택","floors":1,"structure":"벽돌구조"},"geometry":{"type":"MultiPolygon","coordinates":[[[[126.932404,35.128332],[126.932435,35.128271],[126.932327,35.128235],[126.9323,35.128296],[126.932404,35.128332]]]]}},{"type":"Feature","id":"1975193762871810557900000000","properties":{"id":"1975193762871810557900000000","pnu":"1221011900105320135","year":1975,"purpose":"단독주택","floors":2,"structure":"벽돌구조"},"geometry":{"type":"MultiPolygon","coordinates":[[[[126.932421,35.128641],[126.932452,35.128584],[126.932374,35.128555],[126.932381,35.128542],[126.932346,35.12853],[126.932308,35.1286],[126.932421,35.128641]]]]}},{"type":"Feature","id":"1975193765071810129100000000","properties":{"id":"1975193765071810129100000000","pnu":"1221011900105320142","year":1975,"purpose":"단독주택","floors":1,"structure":"벽돌구조"},"geometry":{"type":"MultiPolygon","coordinates":[[[[126.93244,35.128249],[126.93247,35.128189],[126.932365,35.128155],[126.932338,35.128217],[126.93244,35.128249]]]]}},{"type":"Feature","id":"1975193768811812178500000000","properties":{"id":"1975193768811812178500000000","pnu":"1221011900105150004","year":1975,"purpose":"제1종 근린생활시설","far":58.8,"floors":1,"structure":"벽돌구조"},"geometry":{"type":"MultiPolygon","coordinates":[[[[126.932382,35.130082],[126.932454,35.130102],[126.932495,35.130004],[126.932446,35.129996],[126.932382,35.130082]]]]}},{"type":"Feature","id":"1975193770331810547300000000","properties":{"id":"1975193770331810547300000000","pnu":"1221011900105320135","purpose":"단독주택","structure":"블록구조"},"geometry":{"type":"MultiPolygon","coordinates":[[[[126.932461,35.128584],[126.932462,35.128584],[126.932462,35.128584],[126.932463,35.128583],[126.932464,35.128583],[126.932465,35.128582],[126.932465,35.128582],[126.932466,35.128581],[126.932466,35.12858],[126.932466,35.128579],[126.932466,35.128579],[126.932466,35.128578],[126.932465,35.128577],[126.932465,35.128576],[126.932464,35.128576],[126.932463,35.128575],[126.932462,35.128575],[126.932462,35.128575],[126.932461,35.128575],[126.93246,35.128575],[126.932459,35.128575],[126.932458,35.128575],[126.932457,35.128576],[126.932456,35.128576],[126.932456,35.128577],[126.932455,35.128578],[126.932455,35.128578],[126.932455,35.128579],[126.932455,35.12858],[126.932455,35.128581],[126.932456,35.128582],[126.932456,35.128582],[126.932457,35.128583],[126.932458,35.128583],[126.932459,35.128584],[126.93246,35.128584],[126.932461,35.128584]]]]}},{"type":"Feature","id":"1975193774391814679800000000","properties":{"id":"1975193774391814679800000000","pnu":"1221012200107320001","purpose":"기타"},"geometry":{"type":"MultiPolygon","coordinates":[[[[126.932448,35.132341],[126.932566,35.132325],[126.932557,35.132269],[126.932439,35.132281],[126.932448,35.132341]]]]}},{"type":"Feature","id":"1975193775021814769100000000","properties":{"id":"1975193775021814769100000000","pnu":"1221012200107320001","year":1975,"purpose":"단독주택"},"geometry":{"type":"MultiPolygon","coordinates":[[[[126.932426,35.13244],[126.932611,35.132402],[126.932594,35.132334],[126.932412,35.132361],[126.932426,35.13244]]]]}},{"type":"Feature","id":"1975193776171810783800000000","properties":{"id":"1975193776171810783800000000","pnu":"1221011900105320129","purpose":"단독주택"},"geometry":{"type":"MultiPolygon","coordinates":[[[[126.932525,35.128797],[126.932525,35.128797],[126.932526,35.128797],[126.932527,35.128796],[126.932528,35.128796],[126.932529,35.128795],[126.932529,35.128795],[126.93253,35.128794],[126.93253,35.128793],[126.93253,35.128792],[126.93253,35.128792],[126.93253,35.128791],[126.932529,35.12879],[126.932529,35.12879],[126.932528,35.128789],[126.932527,35.128789],[126.932526,35.128788],[126.932525,35.128788],[126.932525,35.128788],[126.932524,35.128788],[126.932523,35.128788],[126.932522,35.128789],[126.932521,35.128789],[126.93252,35.12879],[126.93252,35.12879],[126.932519,35.128791],[126.932519,35.128792],[126.932519,35.128792],[126.932519,35.128793],[126.932519,35.128794],[126.93252,35.128795],[126.93252,35.128795],[126.932521,35.128796],[126.932522,35.128796],[126.932523,35.128797],[126.932524,35.128797],[126.932525,35.128797]]]]}},{"type":"Feature","id":"1975193776541812204500000000","properties":{"id":"1975193776541812204500000000","pnu":"1221011900105150004","year":1975,"purpose":"제1종 근린생활시설"},"geometry":{"type":"MultiPolygon","coordinates":[[[[126.932532,35.130136],[126.932567,35.130019],[126.932523,35.13001],[126.932488,35.130127],[126.932532,35.130136]]]]}},{"type":"Feature","id":"1975193780321810852900000000","properties":{"id":"1975193780321810852900000000","pnu":"1221011900105320129","year":1975,"purpose":"단독주택"},"geometry":{"type":"MultiPolygon","coordinates":[[[[126.932624,35.128903],[126.932653,35.128832],[126.932621,35.12882],[126.932612,35.12884],[126.932492,35.128809],[126.932487,35.128825],[126.932504,35.128871],[126.932624,35.128903]]]]}},{"type":"Feature","id":"1975193783861809956800000000","properties":{"id":"1975193783861809956800000000","pnu":"1221011900105320111","year":1975,"purpose":"단독주택","floors":1,"structure":"벽돌구조"},"geometry":{"type":"MultiPolygon","coordinates":[[[[126.932652,35.1281],[126.932681,35.12805],[126.932678,35.128037],[126.932573,35.127992],[126.932533,35.128057],[126.932652,35.1281]]]]}},{"type":"Feature","id":"1975193784271810740800000000","properties":{"id":"1975193784271810740800000000","pnu":"1221011900105320130","year":1975,"purpose":"단독주택"},"geometry":{"type":"MultiPolygon","coordinates":[[[[126.932665,35.128806],[126.932699,35.128736],[126.932664,35.128723],[126.932657,35.128733],[126.932558,35.128702],[126.932528,35.128767],[126.932665,35.128806]]]]}},{"type":"Feature","id":"1975193787691810642000000000","properties":{"id":"1975193787691810642000000000","pnu":"1221011900105320131","year":1975,"purpose":"단독주택","floors":1,"structure":"벽돌구조"},"geometry":{"type":"MultiPolygon","coordinates":[[[[126.9327,35.128711],[126.932722,35.12865],[126.93267,35.128635],[126.932668,35.128641],[126.932597,35.128622],[126.932577,35.128674],[126.9327,35.128711]]]]}},{"type":"Feature","id":"1975193797371810917700000000","properties":{"id":"1975193797371810917700000000","pnu":"1221011900105320161","year":1975,"purpose":"단독주택","floors":2,"structure":"벽돌구조"},"geometry":{"type":"MultiPolygon","coordinates":[[[[126.932817,35.128901],[126.932717,35.128873],[126.932696,35.128925],[126.932798,35.128953],[126.932817,35.128901]]]]}},{"type":"Feature","id":"1975193802931810832900000000","properties":{"id":"1975193802931810832900000000","pnu":"1221011900105320162","year":1975,"purpose":"제1종 근린생활시설","far":52.71,"floors":2,"structure":"벽돌구조"},"geometry":{"type":"MultiPolygon","coordinates":[[[[126.93288,35.128826],[126.932774,35.128794],[126.932756,35.128847],[126.93286,35.128881],[126.93288,35.128826]]]]}},{"type":"Feature","id":"1975193806181810739000000000","properties":{"id":"1975193806181810739000000000","pnu":"1221011900105320163","year":1975,"purpose":"단독주택","floors":2,"structure":"벽돌구조"},"geometry":{"type":"MultiPolygon","coordinates":[[[[126.932893,35.128796],[126.932915,35.128742],[126.932818,35.128708],[126.932791,35.128763],[126.932893,35.128796]]]]}},{"type":"Feature","id":"1975193812871810561300000000","properties":{"id":"1975193812871810561300000000","pnu":"1221011900105320166","year":1975,"purpose":"단독주택","floors":1,"structure":"벽돌구조"},"geometry":{"type":"MultiPolygon","coordinates":[[[[126.932967,35.128634],[126.932993,35.128586],[126.932884,35.128551],[126.932863,35.128598],[126.932967,35.128634]]]]}},{"type":"Feature","id":"1975193815761810457200000000","properties":{"id":"1975193815761810457200000000","pnu":"1221011900105320167","year":1975,"purpose":"단독주택","floors":1,"structure":"벽돌구조"},"geometry":{"type":"MultiPolygon","coordinates":[[[[126.933007,35.128542],[126.933026,35.128488],[126.93291,35.128455],[126.932892,35.128509],[126.933007,35.128542]]]]}},{"type":"Feature","id":"1975193820221810362000000000","properties":{"id":"1975193820221810362000000000","pnu":"1221011900105320168","year":1975,"purpose":"단독주택","floors":1,"structure":"벽돌구조"},"geometry":{"type":"MultiPolygon","coordinates":[[[[126.933051,35.128457],[126.933073,35.128398],[126.932961,35.12837],[126.932944,35.128425],[126.933051,35.128457]]]]}},{"type":"Feature","id":"1975193855141811695800000000","properties":{"id":"1975193855141811695800000000","pnu":"1221011900107070006","purpose":"기타","structure":"블록구조"},"geometry":{"type":"MultiPolygon","coordinates":[[[[126.933378,35.129617],[126.933399,35.129621],[126.933402,35.129613],[126.933381,35.129609],[126.933378,35.129617]]]]}},{"type":"Feature","id":"1975193856651811819000000000","properties":{"id":"1975193856651811819000000000","pnu":"1221011900107070001","year":1975,"purpose":"제1종 근린생활시설","far":87.94,"floors":2,"structure":"벽돌구조"},"geometry":{"type":"MultiPolygon","coordinates":[[[[126.93347,35.129711],[126.933368,35.129691],[126.933352,35.12975],[126.93341,35.12976],[126.933415,35.129743],[126.933446,35.129748],[126.933462,35.129742],[126.93347,35.129711]]]]}},{"type":"Feature","id":"1975193858951810791400000000","properties":{"id":"1975193858951810791400000000","pnu":"1221011900105470004","year":1975,"purpose":"단독주택","floors":1,"structure":"벽돌구조"},"geometry":{"type":"MultiPolygon","coordinates":[[[[126.933477,35.128853],[126.933504,35.128792],[126.933449,35.12877],[126.933452,35.128765],[126.933395,35.128742],[126.933363,35.128815],[126.933477,35.128853]]]]}},{"type":"Feature","id":"1975193859161811752500000000","properties":{"id":"1975193859161811752500000000","pnu":"1221011900107070006","year":1975,"purpose":"단독주택","far":95.05,"floors":2,"structure":"벽돌구조"},"geometry":{"type":"MultiPolygon","coordinates":[[[[126.933474,35.1297],[126.933486,35.129645],[126.933431,35.129636],[126.933429,35.12964],[126.933395,35.129633],[126.93338,35.129687],[126.933474,35.1297]]]]}},{"type":"Feature","id":"1975193865361811722100000000","properties":{"id":"1975193865361811722100000000","pnu":"1221011900107070006","purpose":"기타","structure":"블록구조"},"geometry":{"type":"MultiPolygon","coordinates":[[[[126.933497,35.129642],[126.933504,35.129644],[126.933508,35.129636],[126.9335,35.129634],[126.933497,35.129642]]]]}},{"type":"Feature","id":"1975193897021810651700000000","properties":{"id":"1975193897021810651700000000","pnu":"1221011900107040016","year":1975,"purpose":"단독주택"},"geometry":{"type":"MultiPolygon","coordinates":[[[[126.933883,35.128724],[126.933916,35.128675],[126.933818,35.128625],[126.933783,35.128672],[126.933883,35.128724]]]]}},{"type":"Feature","id":"1975193903271811099700000000","properties":{"id":"1975193903271811099700000000","pnu":"1221011900107040021","year":1975,"purpose":"단독주택","floors":1,"structure":"벽돌구조"},"geometry":{"type":"MultiPolygon","coordinates":[[[[126.933974,35.129068],[126.933926,35.129031],[126.933866,35.129092],[126.933906,35.129124],[126.933974,35.129068]]]]}},{"type":"Feature","id":"1975193908911811158400000000","properties":{"id":"1975193908911811158400000000","pnu":"1221011900107040022","year":1975,"purpose":"단독주택","far":49.11,"floors":1,"structure":"벽돌구조"},"geometry":{"type":"MultiPolygon","coordinates":[[[[126.934037,35.129127],[126.934005,35.12909],[126.933953,35.129116],[126.933957,35.129122],[126.933922,35.12914],[126.933956,35.129172],[126.934037,35.129127]]]]}},{"type":"Feature","id":"1975193909061810992200000000","properties":{"id":"1975193909061810992200000000","pnu":"1221011900107040007","year":1975,"purpose":"단독주택","far":32.87,"floors":1,"structure":"벽돌구조"},"geometry":{"type":"MultiPolygon","coordinates":[[[[126.933958,35.129032],[126.934045,35.128977],[126.934001,35.128929],[126.933973,35.128944],[126.933979,35.128954],[126.933919,35.128988],[126.933958,35.129032]]]]}},{"type":"Feature","id":"1975193909721811058900000000","properties":{"id":"1975193909721811058900000000","pnu":"1221011900107040018","year":1975,"purpose":"단독주택"},"geometry":{"type":"MultiPolygon","coordinates":[[[[126.933989,35.129046],[126.93399,35.129046],[126.933991,35.129045],[126.933992,35.129045],[126.933993,35.129045],[126.933994,35.129044],[126.933994,35.129043],[126.933995,35.129043],[126.933995,35.129042],[126.933995,35.129041],[126.933995,35.12904],[126.933995,35.12904],[126.933994,35.129039],[126.933994,35.129038],[126.933993,35.129038],[126.933992,35.129037],[126.933991,35.129037],[126.93399,35.129037],[126.933989,35.129037],[126.933989,35.129037],[126.933988,35.129037],[126.933987,35.129037],[126.933986,35.129038],[126.933985,35.129038],[126.933985,35.129039],[126.933984,35.12904],[126.933984,35.12904],[126.933984,35.129041],[126.933984,35.129042],[126.933984,35.129043],[126.933985,35.129043],[126.933985,35.129044],[126.933986,35.129045],[126.933987,35.129045],[126.933988,35.129045],[126.933989,35.129046],[126.933989,35.129046]]]]}},{"type":"Feature","id":"1975193915761811233100000000","properties":{"id":"1975193915761811233100000000","pnu":"1221011900107040001","year":1975,"purpose":"단독주택","floors":1,"structure":"벽돌구조"},"geometry":{"type":"MultiPolygon","coordinates":[[[[126.934044,35.129132],[126.933989,35.129163],[126.934033,35.129216],[126.934023,35.129222],[126.934064,35.129265],[126.934123,35.129226],[126.934044,35.129132]]]]}},{"type":"Feature","id":"1975193918281811011500000000","properties":{"id":"1975193918281811011500000000","pnu":"1221011900107040018","purpose":"기타","structure":"벽돌구조"},"geometry":{"type":"MultiPolygon","coordinates":[[[[126.934083,35.129003],[126.934084,35.129003],[126.934085,35.129003],[126.934086,35.129002],[126.934087,35.129002],[126.934088,35.129001],[126.934088,35.129001],[126.934089,35.129],[126.934089,35.128999],[126.934089,35.128999],[126.934089,35.128998],[126.934089,35.128997],[126.934088,35.128996],[126.934088,35.128996],[126.934087,35.128995],[126.934086,35.128995],[126.934085,35.128994],[126.934084,35.128994],[126.934083,35.128994],[126.934082,35.128994],[126.934082,35.128994],[126.934081,35.128995],[126.93408,35.128995],[126.934079,35.128996],[126.934079,35.128996],[126.934078,35.128997],[126.934078,35.128998],[126.934078,35.128999],[126.934078,35.128999],[126.934078,35.129],[126.934079,35.129001],[126.934079,35.129001],[126.93408,35.129002],[126.934081,35.129002],[126.934082,35.129003],[126.934082,35.129003],[126.934083,35.129003]]]]}},{"type":"Feature","id":"1975193918521811108900000000","properties":{"id":"1975193918521811108900000000","pnu":"1221011900107040018","year":1975,"purpose":"단독주택"},"geometry":{"type":"MultiPolygon","coordinates":[[[[126.934058,35.129127],[126.934142,35.129091],[126.934112,35.129044],[126.934029,35.129085],[126.934058,35.129127]]]]}},{"type":"Feature","id":"1975193918651810818900000000","properties":{"id":"1975193918651810818900000000","pnu":"1221011900107040013","year":1975,"purpose":"단독주택","floors":1,"structure":"벽돌구조"},"geometry":{"type":"MultiPolygon","coordinates":[[[[126.934158,35.12882],[126.934111,35.128773],[126.934018,35.128831],[126.934061,35.128877],[126.934158,35.12882]]]]}},{"type":"Feature","id":"1975193920221811290300000000","properties":{"id":"1975193920221811290300000000","pnu":"1221011900107040001","purpose":"기타","structure":"벽돌구조"},"geometry":{"type":"MultiPolygon","coordinates":[[[[126.934083,35.129274],[126.934136,35.129239],[126.934127,35.129225],[126.934072,35.129262],[126.934083,35.129274]]]]}},{"type":"Feature","id":"1975193924561810912500000000","properties":{"id":"1975193924561810912500000000","pnu":"1221011900107040012","year":1975,"purpose":"단독주택","floors":1,"structure":"벽돌구조"},"geometry":{"type":"MultiPolygon","coordinates":[[[[126.934119,35.12897],[126.934228,35.128902],[126.934177,35.12885],[126.934137,35.12887],[126.934143,35.128876],[126.934079,35.12892],[126.934119,35.12897]]]]}},{"type":"Feature","id":"1975193927861811109000000000","properties":{"id":"1975193927861811109000000000","pnu":"1221011900107040004","purpose":"기타","structure":"벽돌구조"},"geometry":{"type":"MultiPolygon","coordinates":[[[[126.934189,35.129091],[126.934189,35.129091],[126.93419,35.129091],[126.934191,35.12909],[126.934192,35.12909],[126.934193,35.129089],[126.934193,35.129089],[126.934194,35.129088],[126.934194,35.129087],[126.934194,35.129086],[126.934194,35.129086],[126.934194,35.129085],[126.934193,35.129084],[126.934193,35.129084],[126.934192,35.129083],[126.934191,35.129083],[126.93419,35.129082],[126.934189,35.129082],[126.934189,35.129082],[126.934188,35.129082],[126.934187,35.129082],[126.934186,35.129083],[126.934185,35.129083],[126.934184,35.129084],[126.934184,35.129084],[126.934183,35.129085],[126.934183,35.129086],[126.934183,35.129086],[126.934183,35.129087],[126.934183,35.129088],[126.934184,35.129089],[126.934184,35.129089],[126.934185,35.12909],[126.934186,35.12909],[126.934187,35.129091],[126.934188,35.129091],[126.934189,35.129091]]]]}},{"type":"Feature","id":"1975193928301811190100000000","properties":{"id":"1975193928301811190100000000","pnu":"1221011900107040004","year":1975,"purpose":"단독주택","floors":1,"structure":"벽돌구조"},"geometry":{"type":"MultiPolygon","coordinates":[[[[126.934166,35.129209],[126.934258,35.129157],[126.93422,35.129111],[126.93413,35.12916],[126.934166,35.129209]]]]}},{"type":"Feature","id":"1975193930851811000700000000","properties":{"id":"1975193930851811000700000000","pnu":"1221011900107040011","year":1975,"purpose":"단독주택","floors":1,"structure":"벽돌구조"},"geometry":{"type":"MultiPolygon","coordinates":[[[[126.934188,35.129048],[126.934295,35.128985],[126.93424,35.128928],[126.9342,35.128948],[126.934212,35.128964],[126.934149,35.129002],[126.934188,35.129048]]]]}},{"type":"Feature","id":"1975193938531811114500000000","properties":{"id":"1975193938531811114500000000","pnu":"1221011900107040010","year":1975,"purpose":"단독주택","structure":"벽돌구조"},"geometry":{"type":"MultiPolygon","coordinates":[[[[126.93428,35.129144],[126.93437,35.129092],[126.934327,35.129037],[126.934285,35.129058],[126.934291,35.129067],[126.934239,35.129099],[126.93428,35.129144]]]]}},{"type":"Feature","id":"1975193963771811947000000000","properties":{"id":"1975193963771811947000000000","pnu":"1221011900107160006","year":1975,"purpose":"제1종 근린생활시설"},"geometry":{"type":"MultiPolygon","coordinates":[[[[126.934558,35.129809],[126.934566,35.12989],[126.934618,35.129849],[126.934582,35.129801],[126.934558,35.129809]]]]}},{"type":"Feature","id":"1975193967471812183700000000","properties":{"id":"1975193967471812183700000000","pnu":"1221011900107160008","year":1975,"purpose":"단독주택","far":53.3449,"floors":1,"structure":"벽돌구조"},"geometry":{"type":"MultiPolygon","coordinates":[[[[126.934583,35.129985],[126.934584,35.13],[126.9346,35.130017],[126.934587,35.130025],[126.934589,35.130036],[126.934606,35.130053],[126.934594,35.130061],[126.934596,35.13007],[126.934607,35.130081],[126.934597,35.130087],[126.93462,35.130109],[126.934674,35.130073],[126.934586,35.129983],[126.934583,35.129985]]]]}},{"type":"Feature","id":"1975193969561812044600000000","properties":{"id":"1975193969561812044600000000","pnu":"1221011900107160006","year":1975,"purpose":"단독주택"},"geometry":{"type":"MultiPolygon","coordinates":[[[[126.934657,35.129983],[126.934706,35.129945],[126.934637,35.129878],[126.934583,35.129914],[126.934657,35.129983]]]]}},{"type":"Feature","id":"1975193977891812141000000000","properties":{"id":"1975193977891812141000000000","pnu":"1221011900107160010","year":1975,"purpose":"단독주택","floors":1,"structure":"벽돌구조"},"geometry":{"type":"MultiPolygon","coordinates":[[[[126.934736,35.130068],[126.934795,35.13004],[126.934735,35.129965],[126.93468,35.129993],[126.934736,35.130068]]]]}},{"type":"Feature","id":"1975193984021812089600000000","properties":{"id":"1975193984021812089600000000","pnu":"1221011900107110012","year":1975,"purpose":"단독주택","floors":1,"structure":"벽돌구조"},"geometry":{"type":"MultiPolygon","coordinates":[[[[126.934823,35.130027],[126.934866,35.129986],[126.934784,35.129916],[126.93474,35.12995],[126.934823,35.130027]]]]}},{"type":"Feature","id":"1975193990501812053400000000","properties":{"id":"1975193990501812053400000000","pnu":"1221011900107110009","purpose":"단독주택"},"geometry":{"type":"MultiPolygon","coordinates":[[[[126.934893,35.129991],[126.934934,35.129957],[126.934859,35.129889],[126.934813,35.129913],[126.934893,35.129991]]]]}},{"type":"Feature","id":"1975194041671813547900000000","properties":{"id":"1975194041671813547900000000","pnu":"1221012200102810018","year":1975,"purpose":"단독주택","floors":1,"structure":"벽돌구조"},"geometry":{"type":"MultiPolygon","coordinates":[[[[126.935373,35.131271],[126.935437,35.131338],[126.935503,35.131288],[126.93548,35.131269],[126.935471,35.131276],[126.935426,35.131235],[126.935373,35.131271]]]]}},{"type":"Feature","id":"1975194071151813946200000000","properties":{"id":"1975194071151813946200000000","pnu":"1221012200102810012","year":1975,"purpose":"단독주택"},"geometry":{"type":"MultiPolygon","coordinates":[[[[126.935702,35.131639],[126.935742,35.131678],[126.935759,35.131671],[126.93577,35.131683],[126.935812,35.131658],[126.935767,35.131602],[126.935702,35.131639]]]]}},{"type":"Feature","id":"1975194071571814191300000000","properties":{"id":"1975194071571814191300000000","pnu":"1221012200102810001","purpose":"기타","structure":"벽돌구조"},"geometry":{"type":"MultiPolygon","coordinates":[[[[126.935702,35.131839],[126.935743,35.131919],[126.935827,35.131895],[126.935807,35.131846],[126.935792,35.131848],[126.935767,35.131806],[126.935702,35.131839]]]]}},{"type":"Feature","id":"1975194077311814045600000000","properties":{"id":"1975194077311814045600000000","pnu":"1221012200102810012","year":1975,"purpose":"단독주택"},"geometry":{"type":"MultiPolygon","coordinates":[[[[126.93577,35.131727],[126.935809,35.131776],[126.935881,35.13174],[126.935846,35.131694],[126.93577,35.131727]]]]}},{"type":"Feature","id":"1975194078831814267400000000","properties":{"id":"1975194078831814267400000000","pnu":"1221012200102810001","year":1975,"purpose":"단독주택","floors":1,"structure":"벽돌구조"},"geometry":{"type":"MultiPolygon","coordinates":[[[[126.935879,35.131884],[126.935747,35.131933],[126.935756,35.131965],[126.93594,35.13196],[126.935879,35.131884]]]]}},{"type":"Feature","id":"1976193679471814507700000000","properties":{"id":"1976193679471814507700000000","pnu":"1221012200107310021","year":1976,"purpose":"단독주택","floors":2,"structure":"벽돌구조"},"geometry":{"type":"MultiPolygon","coordinates":[[[[126.931413,35.132196],[126.931534,35.132163],[126.931509,35.132101],[126.931386,35.132134],[126.931413,35.132196]]]]}},{"type":"Feature","id":"1976193679641814419400000000","properties":{"id":"1976193679641814419400000000","pnu":"1221012200107310021","purpose":"기타","structure":"벽돌구조"},"geometry":{"type":"MultiPolygon","coordinates":[[[[126.931463,35.132073],[126.931464,35.132073],[126.931464,35.132073],[126.931465,35.132073],[126.931466,35.132072],[126.931467,35.132072],[126.931467,35.132071],[126.931468,35.13207],[126.931468,35.13207],[126.931468,35.132069],[126.931468,35.132068],[126.931468,35.132067],[126.931467,35.132067],[126.931467,35.132066],[126.931466,35.132065],[126.931465,35.132065],[126.931464,35.132065],[126.931464,35.132064],[126.931463,35.132064],[126.931462,35.132064],[126.931461,35.132065],[126.93146,35.132065],[126.931459,35.132065],[126.931458,35.132066],[126.931458,35.132067],[126.931457,35.132067],[126.931457,35.132068],[126.931457,35.132069],[126.931457,35.13207],[126.931457,35.13207],[126.931458,35.132071],[126.931458,35.132072],[126.931459,35.132072],[126.93146,35.132073],[126.931461,35.132073],[126.931462,35.132073],[126.931463,35.132073]]]]}},{"type":"Feature","id":"1976193708851810030900000000","properties":{"id":"1976193708851810030900000000","pnu":"1221011900105320104","year":1976,"purpose":"단독주택","floors":2,"structure":"벽돌구조"},"geometry":{"type":"MultiPolygon","coordinates":[[[[126.931827,35.12816],[126.931856,35.128097],[126.931746,35.128066],[126.931717,35.12813],[126.931827,35.12816]]]]}},{"type":"Feature","id":"1976193711961815736100000000","properties":{"id":"1976193711961815736100000000","pnu":"1221012200107190022","year":1976,"purpose":"단독주택","floors":1,"structure":"일반목구조"},"geometry":{"type":"MultiPolygon","coordinates":[[[[126.931782,35.133285],[126.931861,35.133269],[126.931851,35.133227],[126.931772,35.133242],[126.931782,35.133285]]]]}},{"type":"Feature","id":"1976193717511810178000000000","properties":{"id":"1976193717511810178000000000","pnu":"1221011900105320100","year":1976,"purpose":"단독주택","floors":2,"structure":"벽돌구조"},"geometry":{"type":"MultiPolygon","coordinates":[[[[126.931933,35.128299],[126.93196,35.128235],[126.931889,35.128215],[126.931889,35.128208],[126.931833,35.128191],[126.931805,35.128259],[126.931933,35.128299]]]]}},{"type":"Feature","id":"1976193724711816914800000000","properties":{"id":"1976193724711816914800000000","pnu":"1221012200106920000","year":1976,"purpose":"단독주택"},"geometry":{"type":"MultiPolygon","coordinates":[[[[126.931913,35.134348],[126.931955,35.134349],[126.932013,35.134329],[126.931982,35.134278],[126.9319,35.13431],[126.931913,35.134348]]]]}},{"type":"Feature","id":"1976193750541814737600000000","properties":{"id":"1976193750541814737600000000","pnu":"1221012200107320004","purpose":"단독주택","far":2.2660944,"structure":"벽돌구조"},"geometry":{"type":"MultiPolygon","coordinates":[[[[126.932208,35.132393],[126.932278,35.132382],[126.932265,35.13232],[126.932211,35.132323],[126.932208,35.132393]]]]}},{"type":"Feature","id":"1976193760971814706100000000","properties":{"id":"1976193760971814706100000000","pnu":"1221012200107320004","year":1976,"purpose":"단독주택"},"geometry":{"type":"MultiPolygon","coordinates":[[[[126.932296,35.132366],[126.932426,35.132344],[126.932418,35.132291],[126.932283,35.13231],[126.932296,35.132366]]]]}},{"type":"Feature","id":"1976193768651810023400000000","properties":{"id":"1976193768651810023400000000","pnu":"1221011900105320141","year":1976,"purpose":"단독주택"},"geometry":{"type":"MultiPolygon","coordinates":[[[[126.932471,35.12815],[126.932498,35.12809],[126.932415,35.128064],[126.932386,35.128124],[126.932471,35.12815]]]]}},{"type":"Feature","id":"1976193796771811880600000000","properties":{"id":"1976193796771811880600000000","pnu":"1221011900105340003","year":1976,"purpose":"단독주택"},"geometry":{"type":"MultiPolygon","coordinates":[[[[126.932714,35.129798],[126.932762,35.129818],[126.932785,35.129761],[126.932735,35.129747],[126.932714,35.129798]]]]}},{"type":"Feature","id":"1976193805611811924800000000","properties":{"id":"1976193805611811924800000000","pnu":"1221011900105340003","year":1976,"purpose":"단독주택"},"geometry":{"type":"MultiPolygon","coordinates":[[[[126.932889,35.129863],[126.93291,35.129814],[126.932805,35.12978],[126.932781,35.129826],[126.932889,35.129863]]]]}},{"type":"Feature","id":"1976193832661811220300000000","properties":{"id":"1976193832661811220300000000","pnu":"1221011900105350008","purpose":"단독주택","structure":"벽돌구조"},"geometry":{"type":"MultiPolygon","coordinates":[[[[126.933137,35.129189],[126.933147,35.129192],[126.933151,35.129184],[126.933141,35.12918],[126.933137,35.129189]]]]}},{"type":"Feature","id":"1976193844371811322600000000","properties":{"id":"1976193844371811322600000000","pnu":"1221011900105350007","year":1976,"purpose":"단독주택","far":83.48,"floors":2,"structure":"벽돌구조"},"geometry":{"type":"MultiPolygon","coordinates":[[[[126.933213,35.129317],[126.933277,35.129336],[126.93329,35.129308],[126.933307,35.129314],[126.933321,35.129281],[126.933305,35.129276],[126.933307,35.129272],[126.933314,35.129273],[126.933329,35.12924],[126.933258,35.12922],[126.933213,35.129317]]]]}},{"type":"Feature","id":"1976193849071813580400000000","properties":{"id":"1976193849071813580400000000","pnu":"1221012200107940000","year":1976,"purpose":"단독주택","floors":2,"structure":"벽돌구조"},"geometry":{"type":"MultiPolygon","coordinates":[[[[126.933383,35.131347],[126.933377,35.13128],[126.933321,35.131283],[126.933318,35.131266],[126.933263,35.131271],[126.933281,35.13136],[126.933383,35.131347]]]]}},{"type":"Feature","id":"1976193855021811360900000000","properties":{"id":"1976193855021811360900000000","pnu":"1221011900105350006","purpose":"단독주택","floors":1,"structure":"벽돌구조"},"geometry":{"type":"MultiPolygon","coordinates":[[[[126.933437,35.129335],[126.933458,35.129283],[126.933369,35.129257],[126.933325,35.129351],[126.933393,35.129372],[126.933412,35.129328],[126.933437,35.129335]]]]}},{"type":"Feature","id":"1976193862851810664000000000","properties":{"id":"1976193862851810664000000000","pnu":"1221011900105470009","purpose":"단독주택","floors":2,"structure":"벽돌구조"},"geometry":{"type":"MultiPolygon","coordinates":[[[[126.933515,35.128738],[126.933543,35.128671],[126.933436,35.128633],[126.933407,35.128698],[126.933515,35.128738]]]]}},{"type":"Feature","id":"1976193875851810717600000000","properties":{"id":"1976193875851810717600000000","pnu":"1221011900105470008","year":1976,"purpose":"단독주택","far":64.96,"floors":2,"structure":"벽돌구조"},"geometry":{"type":"MultiPolygon","coordinates":[[[[126.933682,35.12879],[126.933706,35.128721],[126.933642,35.128706],[126.933646,35.128694],[126.933566,35.128675],[126.933525,35.128742],[126.933627,35.128779],[126.933682,35.12879]]]]}},{"type":"Feature","id":"1976193889841810700800000000","properties":{"id":"1976193889841810700800000000","pnu":"1221011900107040015","year":1976,"purpose":"제1종 근린생활시설"},"geometry":{"type":"MultiPolygon","coordinates":[[[[126.933772,35.128723],[126.933773,35.128723],[126.933774,35.128723],[126.933774,35.128722],[126.933775,35.128722],[126.933776,35.128721],[126.933776,35.128721],[126.933777,35.12872],[126.933777,35.128719],[126.933777,35.128718],[126.933777,35.128718],[126.933777,35.128717],[126.933776,35.128716],[126.933776,35.128715],[126.933775,35.128715],[126.933774,35.128714],[126.933774,35.128714],[126.933773,35.128714],[126.933772,35.128714],[126.933771,35.128714],[126.93377,35.128714],[126.933769,35.128714],[126.933768,35.128715],[126.933767,35.128715],[126.933767,35.128716],[126.933767,35.128717],[126.933766,35.128718],[126.933766,35.128718],[126.933766,35.128719],[126.933767,35.12872],[126.933767,35.128721],[126.933767,35.128721],[126.933768,35.128722],[126.933769,35.128722],[126.93377,35.128723],[126.933771,35.128723],[126.933772,35.128723]]]]}},{"type":"Feature","id":"1976193895171810753200000000","properties":{"id":"1976193895171810753200000000","pnu":"1221011900107040015","year":1976,"purpose":"단독주택"},"geometry":{"type":"MultiPolygon","coordinates":[[[[126.933901,35.128757],[126.933866,35.128739],[126.933856,35.128747],[126.933798,35.128717],[126.93376,35.128764],[126.933852,35.128818],[126.933901,35.128757]]]]}},{"type":"Feature","id":"1976193922171810460900000000","properties":{"id":"1976193922171810460900000000","pnu":"1221011900107030011","purpose":"기타","structure":"벽돌구조"},"geometry":{"type":"MultiPolygon","coordinates":[[[[126.934153,35.128505],[126.934127,35.128468],[126.934124,35.128471],[126.934103,35.128523],[126.934112,35.128531],[126.934153,35.128505]]]]}},{"type":"Feature","id":"1976193922401811698000000000","properties":{"id":"1976193922401811698000000000","pnu":"1221011900107080008","purpose":"단독주택","floors":1,"structure":"벽돌구조"},"geometry":{"type":"MultiPolygon","coordinates":[[[[126.934175,35.129595],[126.934099,35.129578],[126.934089,35.129616],[126.934095,35.12962],[126.934093,35.129631],[126.934099,35.129635],[126.934097,35.129645],[126.934144,35.129662],[126.934175,35.129595]]]]}},{"type":"Feature","id":"1976193923721810544900000000","properties":{"id":"1976193923721810544900000000","pnu":"1221011900107030011","year":1976,"purpose":"단독주택","floors":1,"structure":"벽돌구조"},"geometry":{"type":"MultiPolygon","coordinates":[[[[126.934124,35.128628],[126.934202,35.128572],[126.934156,35.128526],[126.934121,35.128553],[126.934128,35.128559],[126.934085,35.128591],[126.934124,35.128628]]]]}},{"type":"Feature","id":"1976193928751811767600000000","properties":{"id":"1976193928751811767600000000","pnu":"1221011900107080007","year":1976,"purpose":"단독주택","floors":1,"structure":"벽돌구조"},"geometry":{"type":"MultiPolygon","coordinates":[[[[126.934162,35.129635],[126.934138,35.129702],[126.934233,35.129725],[126.934258,35.129658],[126.934162,35.129635]]]]}},{"type":"Feature","id":"1976193951101811744300000000","properties":{"id":"1976193951101811744300000000","pnu":"1221011900107080006","year":1976,"purpose":"단독주택","floors":1,"structure":"벽돌구조"},"geometry":{"type":"MultiPolygon","coordinates":[[[[126.934486,35.129703],[126.934489,35.129615],[126.934418,35.129612],[126.934401,35.129644],[126.934386,35.129698],[126.934486,35.129703]]]]}},{"type":"Feature","id":"1976193987101811340700000000","properties":{"id":"1976193987101811340700000000","pnu":"1221011900106980028","purpose":"기타","structure":"벽돌구조"},"geometry":{"type":"MultiPolygon","coordinates":[[[[126.934838,35.1293],[126.934839,35.1293],[126.93484,35.1293],[126.934841,35.1293],[126.934842,35.129299],[126.934842,35.129299],[126.934843,35.129298],[126.934843,35.129297],[126.934844,35.129296],[126.934844,35.129296],[126.934844,35.129295],[126.934843,35.129294],[126.934843,35.129293],[126.934842,35.129293],[126.934842,35.129292],[126.934841,35.129292],[126.93484,35.129291],[126.934839,35.129291],[126.934838,35.129291],[126.934837,35.129291],[126.934836,35.129291],[126.934836,35.129292],[126.934835,35.129292],[126.934834,35.129293],[126.934834,35.129293],[126.934833,35.129294],[126.934833,35.129295],[126.934833,35.129296],[126.934833,35.129296],[126.934833,35.129297],[126.934834,35.129298],[126.934834,35.129299],[126.934835,35.129299],[126.934836,35.1293],[126.934836,35.1293],[126.934837,35.1293],[126.934838,35.1293]]]]}},{"type":"Feature","id":"1976193993621811287800000000","properties":{"id":"1976193993621811287800000000","pnu":"1221011900106980028","purpose":"기타","structure":"벽돌구조"},"geometry":{"type":"MultiPolygon","coordinates":[[[[126.93491,35.129253],[126.934911,35.129253],[126.934912,35.129252],[126.934913,35.129252],[126.934913,35.129252],[126.934914,35.129251],[126.934915,35.12925],[126.934915,35.12925],[126.934915,35.129249],[126.934915,35.129248],[126.934915,35.129247],[126.934915,35.129247],[126.934915,35.129246],[126.934914,35.129245],[126.934913,35.129245],[126.934913,35.129244],[126.934912,35.129244],[126.934911,35.129244],[126.93491,35.129244],[126.934909,35.129244],[126.934908,35.129244],[126.934907,35.129244],[126.934906,35.129245],[126.934906,35.129245],[126.934905,35.129246],[126.934905,35.129247],[126.934904,35.129247],[126.934904,35.129248],[126.934904,35.129249],[126.934905,35.12925],[126.934905,35.12925],[126.934906,35.129251],[126.934906,35.129252],[126.934907,35.129252],[126.934908,35.129252],[126.934909,35.129253],[126.93491,35.129253]]]]}},{"type":"Feature","id":"1976193996761811354600000000","properties":{"id":"1976193996761811354600000000","pnu":"1221011900106980028","year":1976,"purpose":"단독주택","floors":1,"structure":"벽돌구조"},"geometry":{"type":"MultiPolygon","coordinates":[[[[126.934928,35.129361],[126.935002,35.129302],[126.934955,35.129255],[126.934918,35.129283],[126.934926,35.129289],[126.934886,35.129319],[126.934928,35.129361]]]]}},{"type":"Feature","id":"1976193998391811882100000000","properties":{"id":"1976193998391811882100000000","pnu":"1221011900107110010","year":1976,"purpose":"단독주택","floors":1,"structure":"벽돌구조"},"geometry":{"type":"MultiPolygon","coordinates":[[[[126.934989,35.129838],[126.935027,35.129804],[126.934935,35.12973],[126.934896,35.129765],[126.934989,35.129838]]]]}},{"type":"Feature","id":"1976194003751811213700000000","properties":{"id":"1976194003751811213700000000","pnu":"1221011900106980032","purpose":"기타","structure":"벽돌구조"},"geometry":{"type":"MultiPolygon","coordinates":[[[[126.935021,35.129186],[126.935022,35.129186],[126.935023,35.129186],[126.935024,35.129185],[126.935025,35.129185],[126.935025,35.129184],[126.935026,35.129184],[126.935026,35.129183],[126.935026,35.129182],[126.935027,35.129181],[126.935026,35.129181],[126.935026,35.12918],[126.935026,35.129179],[126.935025,35.129178],[126.935025,35.129178],[126.935024,35.129177],[126.935023,35.129177],[126.935022,35.129177],[126.935021,35.129177],[126.93502,35.129177],[126.935019,35.129177],[126.935018,35.129177],[126.935017,35.129178],[126.935017,35.129178],[126.935016,35.129179],[126.935016,35.12918],[126.935016,35.129181],[126.935016,35.129181],[126.935016,35.129182],[126.935016,35.129183],[126.935016,35.129184],[126.935017,35.129184],[126.935017,35.129185],[126.935018,35.129185],[126.935019,35.129186],[126.93502,35.129186],[126.935021,35.129186]]]]}},{"type":"Feature","id":"1976194005281811953800000000","properties":{"id":"1976194005281811953800000000","pnu":"1221011900107110010","purpose":"기타","structure":"벽돌구조"},"geometry":{"type":"MultiPolygon","coordinates":[[[[126.935068,35.129835],[126.935048,35.129821],[126.935007,35.129859],[126.935028,35.129876],[126.935068,35.129835]]]]}},{"type":"Feature","id":"1976194006301811280700000000","properties":{"id":"1976194006301811280700000000","pnu":"1221011900106980032","year":1976,"purpose":"단독주택","floors":1,"structure":"벽돌구조"},"geometry":{"type":"MultiPolygon","coordinates":[[[[126.935026,35.129295],[126.93511,35.129232],[126.935069,35.12919],[126.93502,35.129223],[126.935023,35.129229],[126.934989,35.129253],[126.935026,35.129295]]]]}},{"type":"Feature","id":"1976194032571813645300000000","properties":{"id":"1976194032571813645300000000","pnu":"1221012200102810009","year":1976,"purpose":"단독주택","floors":1,"structure":"벽돌구조"},"geometry":{"type":"MultiPolygon","coordinates":[[[[126.935275,35.131382],[126.935293,35.131396],[126.935282,35.131404],[126.935296,35.131414],[126.935289,35.131422],[126.935317,35.131443],[126.935404,35.131374],[126.935376,35.131353],[126.935389,35.131341],[126.935336,35.131303],[126.935306,35.131324],[126.935316,35.131335],[126.935275,35.131382]]]]}},{"type":"Feature","id":"1976194082361811448800000000","properties":{"id":"1976194082361811448800000000","pnu":"1221011900107240003","year":1976,"purpose":"제2종 근린생활시설","far":29.63,"floors":2,"structure":"벽돌구조"},"geometry":{"type":"MultiPolygon","coordinates":[[[[126.93582,35.129368],[126.935903,35.12945],[126.935946,35.12942],[126.935864,35.129338],[126.93582,35.129368]]]]}},{"type":"Feature","id":"1976194091541811609300000000","properties":{"id":"1976194091541811609300000000","pnu":"1221011900107240003","purpose":"기타","structure":"벽돌구조"},"geometry":{"type":"MultiPolygon","coordinates":[[[[126.935973,35.129535],[126.935986,35.129548],[126.935995,35.129542],[126.935982,35.129529],[126.935973,35.129535]]]]}},{"type":"Feature","id":"1976194125211813261400000000","properties":{"id":"1976194125211813261400000000","pnu":"1221011900107220028","purpose":"기타","structure":"벽돌구조"},"geometry":{"type":"MultiPolygon","coordinates":[[[[126.936313,35.131021],[126.936333,35.131053],[126.936391,35.131034],[126.936372,35.131003],[126.936313,35.131021]]]]}},{"type":"Feature","id":"1976194134741813302800000000","properties":{"id":"1976194134741813302800000000","pnu":"1221011900107220028","year":1976,"purpose":"단독주택","floors":2,"structure":"벽돌구조"},"geometry":{"type":"MultiPolygon","coordinates":[[[[126.936385,35.131056],[126.936418,35.131118],[126.936524,35.131083],[126.936489,35.131008],[126.936441,35.131021],[126.936446,35.131039],[126.936385,35.131056]]]]}},{"type":"Feature","id":"1976194234451813456200000000","properties":{"id":"1976194234451813456200000000","pnu":"1221011900107270010","year":1976,"purpose":"단독주택"},"geometry":{"type":"MultiPolygon","coordinates":[[[[126.937496,35.131154],[126.937523,35.131274],[126.937598,35.131259],[126.937581,35.131188],[126.937603,35.131181],[126.937596,35.131143],[126.937496,35.131154]]]]}},{"type":"Feature","id":"1976194235601813598200000000","properties":{"id":"1976194235601813598200000000","pnu":"1221011900107270004","year":1976,"purpose":"단독주택"},"geometry":{"type":"MultiPolygon","coordinates":[[[[126.937539,35.131396],[126.937614,35.131377],[126.937596,35.131315],[126.937607,35.131309],[126.9376,35.131281],[126.93758,35.131285],[126.937575,35.131273],[126.937512,35.131286],[126.937539,35.131396]]]]}},{"type":"Feature","id":"1977193458611812945900000000","properties":{"id":"1977193458611812945900000000","pnu":"1221012200108590009","year":1977,"purpose":"제1종 근린생활시설"},"geometry":{"type":"MultiPolygon","coordinates":[[[[126.929052,35.130812],[126.929106,35.130688],[126.929024,35.130667],[126.928971,35.130791],[126.929052,35.130812]]]]}},{"type":"Feature","id":"1977193463141812786100000000","properties":{"id":"1977193463141812786100000000","pnu":"1221012200108580005","year":1977,"purpose":"제1종 근린생활시설","far":118.91056,"floors":2,"structure":"벽돌구조"},"geometry":{"type":"MultiPolygon","coordinates":[[[[126.929147,35.13056],[126.929084,35.130539],[126.929083,35.130542],[126.929046,35.13059],[126.929028,35.130626],[126.929102,35.130651],[126.929147,35.13056]]]]}},{"type":"Feature","id":"1977193466221815716600000000","properties":{"id":"1977193466221815716600000000","pnu":"1221012200108730043","year":1977,"purpose":"단독주택","floors":2,"structure":"벽돌구조"},"geometry":{"type":"MultiPolygon","coordinates":[[[[126.929158,35.133291],[126.92918,35.133206],[126.929085,35.133183],[126.929056,35.133265],[126.929158,35.133291]]]]}},{"type":"Feature","id":"1977193466431812673300000000","properties":{"id":"1977193466431812673300000000","pnu":"1221012200108580004","year":1977,"purpose":"단독주택"},"geometry":{"type":"MultiPolygon","coordinates":[[[[126.929066,35.130508],[126.929082,35.130514],[126.929167,35.130557],[126.929194,35.130495],[126.929145,35.130476],[126.929144,35.13046],[126.92911,35.130449],[126.929112,35.130442],[126.929073,35.130427],[126.92906,35.130456],[126.929085,35.130465],[126.929066,35.130508]]]]}},{"type":"Feature","id":"1977193476021812519800000000","properties":{"id":"1977193476021812519800000000","pnu":"1221012200108580004","year":1977,"purpose":"단독주택"},"geometry":{"type":"MultiPolygon","coordinates":[[[[126.929169,35.130349],[126.929181,35.130359],[126.929236,35.130427],[126.929293,35.13038],[126.929258,35.130346],[126.929265,35.130331],[126.929239,35.130309],[126.929245,35.130304],[126.929217,35.130277],[126.929191,35.130299],[126.929209,35.130315],[126.929169,35.130349]]]]}},{"type":"Feature","id":"1977193483091812240900000000","properties":{"id":"1977193483091812240900000000","pnu":"1221012200108560002","year":1977,"purpose":"단독주택","floors":2,"structure":"벽돌구조"},"geometry":{"type":"MultiPolygon","coordinates":[[[[126.929343,35.130177],[126.929393,35.130062],[126.929344,35.13003],[126.929328,35.13003],[126.929307,35.130062],[126.929264,35.13005],[126.929215,35.130123],[126.929234,35.130147],[126.929343,35.130177]]]]}},{"type":"Feature","id":"1977193657541816283200000000","properties":{"id":"1977193657541816283200000000","pnu":"1221012200106740007","year":1977,"purpose":"단독주택","far":71.5,"floors":2,"structure":"벽돌구조"},"geometry":{"type":"MultiPolygon","coordinates":[[[[126.93122,35.133788],[126.931255,35.133775],[126.931217,35.13371],[126.931183,35.133721],[126.93122,35.133788]]]]}},{"type":"Feature","id":"1977193663871816244000000000","properties":{"id":"1977193663871816244000000000","pnu":"1221012200106740007","year":1977,"purpose":"단독주택","far":71.5,"floors":2,"structure":"벽돌구조"},"geometry":{"type":"MultiPolygon","coordinates":[[[[126.931263,35.133768],[126.931346,35.133748],[126.931311,35.133658],[126.931232,35.133679],[126.931263,35.133768]]]]}},{"type":"Feature","id":"1977193669361816344400000000","properties":{"id":"1977193669361816344400000000","pnu":"1221012200106740005","year":1977,"purpose":"단독주택","floors":2,"structure":"벽돌구조"},"geometry":{"type":"MultiPolygon","coordinates":[[[[126.931318,35.133843],[126.931399,35.133814],[126.931374,35.133763],[126.931326,35.13378],[126.931328,35.133789],[126.931297,35.133799],[126.931318,35.133843]]]]}},{"type":"Feature","id":"1977193672331816451400000000","properties":{"id":"1977193672331816451400000000","pnu":"1221012200106740000","year":1977,"purpose":"단독주택"},"geometry":{"type":"MultiPolygon","coordinates":[[[[126.931359,35.133961],[126.931449,35.13393],[126.931401,35.133839],[126.931314,35.13387],[126.931359,35.133961]]]]}},{"type":"Feature","id":"1977193674681816162100000000","properties":{"id":"1977193674681816162100000000","pnu":"1221012200106740008","year":1977,"purpose":"단독주택","floors":2,"structure":"벽돌구조"},"geometry":{"type":"MultiPolygon","coordinates":[[[[126.931394,35.133694],[126.931464,35.133665],[126.931417,35.133586],[126.931351,35.133612],[126.931394,35.133694]]]]}},{"type":"Feature","id":"1977193678731816308300000000","properties":{"id":"1977193678731816308300000000","pnu":"1221012200106740004","year":1977,"purpose":"단독주택","floors":2,"structure":"벽돌구조"},"geometry":{"type":"MultiPolygon","coordinates":[[[[126.93142,35.133817],[126.931519,35.133785],[126.931486,35.13373],[126.931433,35.133745],[126.931427,35.133738],[126.931387,35.133751],[126.93142,35.133817]]]]}},{"type":"Feature","id":"1977193686391816113500000000","properties":{"id":"1977193686391816113500000000","pnu":"1221012200106740009","year":1977,"purpose":"단독주택","floors":2,"structure":"벽돌구조"},"geometry":{"type":"MultiPolygon","coordinates":[[[[126.931503,35.133657],[126.931616,35.133605],[126.931586,35.133548],[126.93156,35.133555],[126.931551,35.133548],[126.931517,35.133562],[126.931508,35.133554],[126.931457,35.133577],[126.931503,35.133657]]]]}},{"type":"Feature","id":"1977193695191814923700000000","properties":{"id":"1977193695191814923700000000","pnu":"1221012200107310020","year":1977,"purpose":"제2종 근린생활시설","far":53.33,"floors":2,"structure":"벽돌구조"},"geometry":{"type":"MultiPolygon","coordinates":[[[[126.931568,35.132574],[126.931727,35.132542],[126.931713,35.132482],[126.931626,35.132494],[126.931621,35.132483],[126.931543,35.132496],[126.931568,35.132574]]]]}},{"type":"Feature","id":"1977193696981814843100000000","properties":{"id":"1977193696981814843100000000","pnu":"1221012200107310020","year":1977,"purpose":"제2종 근린생활시설","far":40.771399,"floors":2,"structure":"벽돌구조"},"geometry":{"type":"MultiPolygon","coordinates":[[[[126.931604,35.132434],[126.931611,35.132473],[126.931621,35.132472],[126.931622,35.132478],[126.9317,35.132468],[126.931692,35.132423],[126.931604,35.132434]]]]}},{"type":"Feature","id":"1977193698801815567000000000","properties":{"id":"1977193698801815567000000000","pnu":"1221012200107190016","year":1977,"purpose":"단독주택","far":79.3818,"floors":2,"structure":"벽돌구조"},"geometry":{"type":"MultiPolygon","coordinates":[[[[126.931585,35.133143],[126.931768,35.13312],[126.93176,35.133064],[126.931576,35.133086],[126.931585,35.133143]]]]}},{"type":"Feature","id":"1977193725301810626200000000","properties":{"id":"1977193725301810626200000000","pnu":"1221011900105320128","purpose":"제1종 근린생활시설","structure":"벽돌구조"},"geometry":{"type":"MultiPolygon","coordinates":[[[[126.931971,35.128707],[126.932009,35.128622],[126.931956,35.128605],[126.931926,35.128659],[126.931971,35.128707]]]]}},{"type":"Feature","id":"1977193733101810666000000000","properties":{"id":"1977193733101810666000000000","pnu":"1221011900105320128","year":1977,"purpose":"단독주택","floors":2,"structure":"벽돌구조"},"geometry":{"type":"MultiPolygon","coordinates":[[[[126.932111,35.128655],[126.932039,35.128634],[126.932023,35.128662],[126.932015,35.128661],[126.931991,35.128714],[126.932073,35.128738],[126.932111,35.128655]]]]}},{"type":"Feature","id":"1977193747011810598100000000","properties":{"id":"1977193747011810598100000000","pnu":"1221011900105320147","year":1977,"purpose":"단독주택","floors":2,"structure":"벽돌구조"},"geometry":{"type":"MultiPolygon","coordinates":[[[[126.932275,35.12861],[126.932229,35.128596],[126.932225,35.128603],[126.932157,35.128581],[126.932135,35.128634],[126.932243,35.128671],[126.932275,35.12861]]]]}},{"type":"Feature","id":"1977193751131810511000000000","properties":{"id":"1977193751131810511000000000","pnu":"1221011900105320146","year":1977,"purpose":"단독주택","floors":2,"structure":"벽돌구조"},"geometry":{"type":"MultiPolygon","coordinates":[[[[126.932294,35.128585],[126.932313,35.128539],[126.932203,35.128508],[126.932188,35.128554],[126.932294,35.128585]]]]}},{"type":"Feature","id":"1977193772721812836100000000","properties":{"id":"1977193772721812836100000000","pnu":"1221012200107660001","year":1977,"purpose":"제2종 근린생활시설","floors":1,"structure":"벽돌구조"},"geometry":{"type":"MultiPolygon","coordinates":[[[[126.932527,35.130686],[126.932546,35.130617],[126.932441,35.130598],[126.932426,35.130669],[126.932527,35.130686]]]]}},{"type":"Feature","id":"1977193799451812959500000000","properties":{"id":"1977193799451812959500000000","pnu":"1221012200108030000","year":1977,"purpose":"단독주택","floors":2,"structure":"벽돌구조"},"geometry":{"type":"MultiPolygon","coordinates":[[[[126.932855,35.130737],[126.932724,35.130707],[126.932701,35.130771],[126.932835,35.130799],[126.932855,35.130737]]]]}},{"type":"Feature","id":"1977193803261812871400000000","properties":{"id":"1977193803261812871400000000","pnu":"1221012200108030001","year":1977,"purpose":"단독주택","floors":2,"structure":"벽돌구조"},"geometry":{"type":"MultiPolygon","coordinates":[[[[126.932877,35.130718],[126.932895,35.130665],[126.932766,35.130627],[126.932749,35.13069],[126.932877,35.130718]]]]}},{"type":"Feature","id":"1977193848841810634900000000","properties":{"id":"1977193848841810634900000000","pnu":"1221011900105470010","year":1977,"purpose":"단독주택"},"geometry":{"type":"MultiPolygon","coordinates":[[[[126.933362,35.128708],[126.933384,35.128646],[126.933337,35.12863],[126.933339,35.128624],[126.933286,35.128609],[126.933259,35.128674],[126.933362,35.128708]]]]}},{"type":"Feature","id":"1977193850111816769000000000","properties":{"id":"1977193850111816769000000000","pnu":"1221012200107130015","year":1977,"purpose":"단독주택"},"geometry":{"type":"MultiPolygon","coordinates":[[[[126.933275,35.13424],[126.933412,35.134209],[126.93339,35.134137],[126.93325,35.134165],[126.933275,35.13424]]]]}},{"type":"Feature","id":"1977193851071810444200000000","properties":{"id":"1977193851071810444200000000","pnu":"1221011900105470001","purpose":"기타"},"geometry":{"type":"MultiPolygon","coordinates":[[[[126.933346,35.128491],[126.933347,35.128491],[126.933348,35.128491],[126.933349,35.128491],[126.93335,35.12849],[126.933351,35.12849],[126.933351,35.128489],[126.933352,35.128488],[126.933352,35.128488],[126.933352,35.128487],[126.933352,35.128486],[126.933352,35.128485],[126.933351,35.128485],[126.933351,35.128484],[126.93335,35.128483],[126.933349,35.128483],[126.933348,35.128483],[126.933347,35.128482],[126.933346,35.128482],[126.933346,35.128482],[126.933345,35.128483],[126.933344,35.128483],[126.933343,35.128483],[126.933342,35.128484],[126.933342,35.128485],[126.933341,35.128485],[126.933341,35.128486],[126.933341,35.128487],[126.933341,35.128488],[126.933341,35.128488],[126.933342,35.128489],[126.933342,35.12849],[126.933343,35.12849],[126.933344,35.128491],[126.933345,35.128491],[126.933346,35.128491],[126.933346,35.128491]]]]}},{"type":"Feature","id":"1977193853801810514300000000","properties":{"id":"1977193853801810514300000000","pnu":"1221011900105470001","year":1977,"purpose":"단독주택"},"geometry":{"type":"MultiPolygon","coordinates":[[[[126.933444,35.128531],[126.933415,35.12852],[126.933411,35.128529],[126.933339,35.128501],[126.93331,35.128564],[126.933411,35.128599],[126.933444,35.128531]]]]}},{"type":"Feature","id":"1977193854211816662800000000","properties":{"id":"1977193854211816662800000000","pnu":"1221012200107130015","year":1977,"purpose":"단독주택"},"geometry":{"type":"MultiPolygon","coordinates":[[[[126.933366,35.134129],[126.933405,35.13412],[126.933389,35.134057],[126.933346,35.134063],[126.933366,35.134129]]]]}},{"type":"Feature","id":"1977193855051810583300000000","properties":{"id":"1977193855051810583300000000","pnu":"1221011900105470010","purpose":"단독주택"},"geometry":{"type":"MultiPolygon","coordinates":[[[[126.93339,35.128617],[126.933391,35.128617],[126.933392,35.128616],[126.933393,35.128616],[126.933394,35.128616],[126.933394,35.128615],[126.933395,35.128615],[126.933395,35.128614],[126.933395,35.128613],[126.933396,35.128612],[126.933395,35.128611],[126.933395,35.128611],[126.933395,35.12861],[126.933394,35.128609],[126.933394,35.128609],[126.933393,35.128608],[126.933392,35.128608],[126.933391,35.128608],[126.93339,35.128608],[126.933389,35.128608],[126.933388,35.128608],[126.933387,35.128608],[126.933387,35.128609],[126.933386,35.128609],[126.933385,35.12861],[126.933385,35.128611],[126.933385,35.128611],[126.933385,35.128612],[126.933385,35.128613],[126.933385,35.128614],[126.933385,35.128615],[126.933386,35.128615],[126.933387,35.128616],[126.933387,35.128616],[126.933388,35.128616],[126.933389,35.128617],[126.93339,35.128617]]]]}},{"type":"Feature","id":"1977193857011810325800000000","properties":{"id":"1977193857011810325800000000","pnu":"1221011900105470012","purpose":"단독주택","structure":"벽돌구조"},"geometry":{"type":"MultiPolygon","coordinates":[[[[126.933412,35.128385],[126.933413,35.128385],[126.933414,35.128384],[126.933414,35.128384],[126.933415,35.128384],[126.933416,35.128383],[126.933416,35.128382],[126.933417,35.128382],[126.933417,35.128381],[126.933417,35.12838],[126.933417,35.128379],[126.933417,35.128379],[126.933417,35.128378],[126.933416,35.128377],[126.933415,35.128377],[126.933414,35.128376],[126.933414,35.128376],[126.933413,35.128376],[126.933412,35.128376],[126.933411,35.128376],[126.93341,35.128376],[126.933409,35.128376],[126.933408,35.128377],[126.933408,35.128377],[126.933407,35.128378],[126.933407,35.128379],[126.933406,35.128379],[126.933406,35.12838],[126.933406,35.128381],[126.933407,35.128382],[126.933407,35.128382],[126.933408,35.128383],[126.933408,35.128384],[126.933409,35.128384],[126.93341,35.128384],[126.933411,35.128385],[126.933412,35.128385]]]]}},{"type":"Feature","id":"1977193858841810400800000000","properties":{"id":"1977193858841810400800000000","pnu":"1221011900105470012","year":1977,"purpose":"단독주택","floors":1,"structure":"벽돌구조"},"geometry":{"type":"MultiPolygon","coordinates":[[[[126.933473,35.128491],[126.933494,35.128436],[126.933393,35.128403],[126.93337,35.128461],[126.933473,35.128491]]]]}},{"type":"Feature","id":"1977193861221810219200000000","properties":{"id":"1977193861221810219200000000","pnu":"1221011900105470013","purpose":"단독주택"},"geometry":{"type":"MultiPolygon","coordinates":[[[[126.933458,35.128289],[126.933459,35.128289],[126.93346,35.128288],[126.933461,35.128288],[126.933462,35.128288],[126.933462,35.128287],[126.933463,35.128286],[126.933463,35.128286],[126.933463,35.128285],[126.933463,35.128284],[126.933463,35.128283],[126.933463,35.128283],[126.933463,35.128282],[126.933462,35.128281],[126.933462,35.128281],[126.933461,35.12828],[126.93346,35.12828],[126.933459,35.12828],[126.933458,35.12828],[126.933457,35.12828],[126.933456,35.12828],[126.933455,35.12828],[126.933454,35.128281],[126.933454,35.128281],[126.933453,35.128282],[126.933453,35.128283],[126.933453,35.128283],[126.933453,35.128284],[126.933453,35.128285],[126.933453,35.128286],[126.933453,35.128286],[126.933454,35.128287],[126.933454,35.128288],[126.933455,35.128288],[126.933456,35.128288],[126.933457,35.128289],[126.933458,35.128289]]]]}},{"type":"Feature","id":"1977193862011810291300000000","properties":{"id":"1977193862011810291300000000","pnu":"1221011900105470013","year":1977,"purpose":"제2종 근린생활시설","far":58.79,"floors":1,"structure":"벽돌구조"},"geometry":{"type":"MultiPolygon","coordinates":[[[[126.933502,35.128395],[126.933526,35.128337],[126.933432,35.128303],[126.933407,35.128362],[126.933502,35.128395]]]]}},{"type":"Feature","id":"1977193864491810554000000000","properties":{"id":"1977193864491810554000000000","pnu":"1221011900105470018","year":1977,"purpose":"단독주택","floors":2,"structure":"벽돌구조"},"geometry":{"type":"MultiPolygon","coordinates":[[[[126.93351,35.128635],[126.933548,35.128565],[126.933476,35.128537],[126.933441,35.128607],[126.93351,35.128635]]]]}},{"type":"Feature","id":"1977193872461810456800000000","properties":{"id":"1977193872461810456800000000","pnu":"1221011900105470017","year":1977,"purpose":"단독주택","far":94.29,"floors":2,"structure":"벽돌구조"},"geometry":{"type":"MultiPolygon","coordinates":[[[[126.933674,35.128503],[126.933515,35.128447],[126.93349,35.128495],[126.933634,35.128546],[126.933661,35.128531],[126.933674,35.128503]]]]}},{"type":"Feature","id":"1977193873431810363400000000","properties":{"id":"1977193873431810363400000000","pnu":"1221011900105470016","year":1977,"purpose":"단독주택","floors":2,"structure":"벽돌구조"},"geometry":{"type":"MultiPolygon","coordinates":[[[[126.933647,35.128464],[126.933674,35.128411],[126.933539,35.128364],[126.93351,35.128419],[126.933647,35.128464]]]]}},{"type":"Feature","id":"1977193874661809941100000000","properties":{"id":"1977193874661809941100000000","pnu":"1221011900105500008","year":1977,"purpose":"단독주택"},"geometry":{"type":"MultiPolygon","coordinates":[[[[126.933606,35.128038],[126.933607,35.128038],[126.933608,35.128038],[126.933608,35.128037],[126.933609,35.128037],[126.93361,35.128036],[126.93361,35.128036],[126.933611,35.128035],[126.933611,35.128034],[126.933611,35.128034],[126.933611,35.128033],[126.933611,35.128032],[126.93361,35.128031],[126.93361,35.128031],[126.933609,35.12803],[126.933608,35.12803],[126.933608,35.128029],[126.933607,35.128029],[126.933606,35.128029],[126.933605,35.128029],[126.933604,35.128029],[126.933603,35.12803],[126.933602,35.12803],[126.933601,35.128031],[126.933601,35.128031],[126.933601,35.128032],[126.9336,35.128033],[126.9336,35.128034],[126.9336,35.128034],[126.933601,35.128035],[126.933601,35.128036],[126.933601,35.128036],[126.933602,35.128037],[126.933603,35.128037],[126.933604,35.128038],[126.933605,35.128038],[126.933606,35.128038]]]]}},{"type":"Feature","id":"1977193876111810032400000000","properties":{"id":"1977193876111810032400000000","pnu":"1221011900105500002","year":1977,"purpose":"제2종 근린생활시설","far":33.941176,"floors":1,"structure":"벽돌구조"},"geometry":{"type":"MultiPolygon","coordinates":[[[[126.933597,35.128168],[126.933662,35.128164],[126.933652,35.128067],[126.933576,35.128069],[126.933597,35.128168]]]]}},{"type":"Feature","id":"1977193877531810611700000000","properties":{"id":"1977193877531810611700000000","pnu":"1221011900105470019","year":1977,"purpose":"단독주택","floors":1,"structure":"벽돌구조"},"geometry":{"type":"MultiPolygon","coordinates":[[[[126.933701,35.128693],[126.933708,35.12864],[126.933668,35.128622],[126.933671,35.128615],[126.933587,35.128584],[126.933559,35.12864],[126.933701,35.128693]]]]}},{"type":"Feature","id":"1977193884541814400700000000","properties":{"id":"1977193884541814400700000000","pnu":"1221012200107300013","purpose":"단독주택"},"geometry":{"type":"MultiPolygon","coordinates":[[[[126.933753,35.132081],[126.933755,35.132029],[126.933669,35.132025],[126.933667,35.132079],[126.933753,35.132081]]]]}},{"type":"Feature","id":"1977193884941811461600000000","properties":{"id":"1977193884941811461600000000","pnu":"1221011900107060013","year":1977,"purpose":"단독주택","floors":1,"structure":"벽돌구조"},"geometry":{"type":"MultiPolygon","coordinates":[[[[126.933751,35.129446],[126.933775,35.129394],[126.933684,35.129363],[126.93366,35.129414],[126.933751,35.129446]]]]}},{"type":"Feature","id":"1977193887531810930100000000","properties":{"id":"1977193887531810930100000000","pnu":"1221011900107040009","year":1977,"purpose":"단독주택","floors":2,"structure":"벽돌구조"},"geometry":{"type":"MultiPolygon","coordinates":[[[[126.933793,35.12891],[126.933742,35.128884],[126.933699,35.128935],[126.933749,35.128969],[126.933793,35.12891]]]]}},{"type":"Feature","id":"1977193909251812048400000000","properties":{"id":"1977193909251812048400000000","pnu":"1221011900107130007","year":1977,"purpose":"단독주택","floors":2,"structure":"벽돌구조"},"geometry":{"type":"MultiPolygon","coordinates":[[[[126.934032,35.129973],[126.934047,35.129917],[126.933934,35.129894],[126.933921,35.129949],[126.934032,35.129973]]]]}},{"type":"Feature","id":"1977193909791810458800000000","properties":{"id":"1977193909791810458800000000","pnu":"1221011900107030013","year":1977,"purpose":"단독주택"},"geometry":{"type":"MultiPolygon","coordinates":[[[[126.934036,35.128458],[126.93401,35.128454],[126.934007,35.128463],[126.933983,35.128459],[126.933966,35.128494],[126.933958,35.128493],[126.933945,35.128531],[126.934,35.128547],[126.934036,35.128458]]]]}},{"type":"Feature","id":"1977193913591811989000000000","properties":{"id":"1977193913591811989000000000","pnu":"1221011900107130007","purpose":"기타","structure":"벽돌구조"},"geometry":{"type":"MultiPolygon","coordinates":[[[[126.934031,35.129884],[126.934032,35.129884],[126.934033,35.129884],[126.934034,35.129884],[126.934035,35.129883],[126.934035,35.129883],[126.934036,35.129882],[126.934036,35.129881],[126.934037,35.12988],[126.934037,35.12988],[126.934037,35.129879],[126.934036,35.129878],[126.934036,35.129877],[126.934035,35.129877],[126.934035,35.129876],[126.934034,35.129876],[126.934033,35.129875],[126.934032,35.129875],[126.934031,35.129875],[126.93403,35.129875],[126.934029,35.129875],[126.934029,35.129876],[126.934028,35.129876],[126.934027,35.129877],[126.934026,35.129877],[126.934026,35.129878],[126.934026,35.129879],[126.934026,35.12988],[126.934026,35.12988],[126.934026,35.129881],[126.934026,35.129882],[126.934027,35.129883],[126.934028,35.129883],[126.934028,35.129884],[126.934029,35.129884],[126.93403,35.129884],[126.934031,35.129884]]]]}},{"type":"Feature","id":"1977193925491811870000000000","properties":{"id":"1977193925491811870000000000","pnu":"1221011900107130002","year":1977,"purpose":"단독주택","floors":1,"structure":"벽돌구조"},"geometry":{"type":"MultiPolygon","coordinates":[[[[126.934208,35.129806],[126.934219,35.129756],[126.934118,35.129738],[126.934104,35.129789],[126.934208,35.129806]]]]}},{"type":"Feature","id":"1977193953621814121300000000","properties":{"id":"1977193953621814121300000000","pnu":"1221012200107850002","year":1977,"purpose":"단독주택","floors":2,"structure":"벽돌구조"},"geometry":{"type":"MultiPolygon","coordinates":[[[[126.934531,35.131837],[126.934533,35.131765],[126.934472,35.13176],[126.934472,35.131771],[126.934405,35.131768],[126.934403,35.131839],[126.934531,35.131837]]]]}},{"type":"Feature","id":"1977193960191813791100000000","properties":{"id":"1977193960191813791100000000","pnu":"1221012200107880002","year":1977,"purpose":"단독주택","floors":2,"structure":"벽돌구조"},"geometry":{"type":"MultiPolygon","coordinates":[[[[126.934596,35.131544],[126.934598,35.131469],[126.934487,35.131463],[126.934484,35.131541],[126.934596,35.131544]]]]}},{"type":"Feature","id":"1977193976181811992700000000","properties":{"id":"1977193976181811992700000000","pnu":"1221011900107110008","year":1977,"purpose":"단독주택","floors":2,"structure":"벽돌구조"},"geometry":{"type":"MultiPolygon","coordinates":[[[[126.93472,35.129937],[126.934783,35.129898],[126.934743,35.129848],[126.934724,35.129855],[126.934704,35.129834],[126.93465,35.129863],[126.93472,35.129937]]]]}},{"type":"Feature","id":"1977193985471809965200000000","properties":{"id":"1977193985471809965200000000","pnu":"1221011900105540000","year":1977,"purpose":"단독주택"},"geometry":{"type":"MultiPolygon","coordinates":[[[[126.934874,35.12802],[126.934833,35.128015],[126.934822,35.128029],[126.934799,35.128028],[126.934789,35.128053],[126.934764,35.128048],[126.934754,35.128075],[126.934852,35.128095],[126.934874,35.12802]]]]}},{"type":"Feature","id":"1977193995531809984800000000","properties":{"id":"1977193995531809984800000000","pnu":"1221011900105540004","year":1977,"purpose":"단독주택","floors":1,"structure":"벽돌구조"},"geometry":{"type":"MultiPolygon","coordinates":[[[[126.93498,35.128117],[126.934994,35.128062],[126.934935,35.128045],[126.934936,35.128038],[126.93489,35.128026],[126.934871,35.128092],[126.93498,35.128117]]]]}},{"type":"Feature","id":"1977194005351811449400000000","properties":{"id":"1977194005351811449400000000","pnu":"1221011900106980036","year":1977,"purpose":"단독주택","floors":1,"structure":"벽돌구조"},"geometry":{"type":"MultiPolygon","coordinates":[[[[126.935027,35.129451],[126.9351,35.129386],[126.935046,35.129336],[126.935012,35.129364],[126.935018,35.129369],[126.934978,35.129404],[126.935027,35.129451]]]]}},{"type":"Feature","id":"1977194007041811337900000000","properties":{"id":"1977194007041811337900000000","pnu":"1221011900106980027","purpose":"기타","structure":"벽돌구조"},"geometry":{"type":"MultiPolygon","coordinates":[[[[126.935057,35.129298],[126.935058,35.129298],[126.935059,35.129298],[126.93506,35.129297],[126.935061,35.129297],[126.935061,35.129296],[126.935062,35.129296],[126.935062,35.129295],[126.935062,35.129294],[126.935063,35.129293],[126.935062,35.129293],[126.935062,35.129292],[126.935062,35.129291],[126.935061,35.12929],[126.935061,35.12929],[126.93506,35.129289],[126.935059,35.129289],[126.935058,35.129289],[126.935057,35.129289],[126.935056,35.129289],[126.935055,35.129289],[126.935054,35.129289],[126.935054,35.12929],[126.935053,35.12929],[126.935052,35.129291],[126.935052,35.129292],[126.935052,35.129293],[126.935052,35.129293],[126.935052,35.129294],[126.935052,35.129295],[126.935052,35.129296],[126.935053,35.129296],[126.935054,35.129297],[126.935054,35.129297],[126.935055,35.129298],[126.935056,35.129298],[126.935057,35.129298]]]]}},{"type":"Feature","id":"1977194012681811305300000000","properties":{"id":"1977194012681811305300000000","pnu":"1221011900106980027","purpose":"기타","structure":"벽돌구조"},"geometry":{"type":"MultiPolygon","coordinates":[[[[126.935119,35.129269],[126.93512,35.129268],[126.935121,35.129268],[126.935122,35.129268],[126.935122,35.129267],[126.935123,35.129267],[126.935124,35.129266],[126.935124,35.129266],[126.935124,35.129265],[126.935124,35.129264],[126.935124,35.129263],[126.935124,35.129262],[126.935124,35.129262],[126.935123,35.129261],[126.935122,35.129261],[126.935122,35.12926],[126.935121,35.12926],[126.93512,35.12926],[126.935119,35.129259],[126.935118,35.12926],[126.935117,35.12926],[126.935116,35.12926],[126.935115,35.129261],[126.935115,35.129261],[126.935114,35.129262],[126.935114,35.129262],[126.935114,35.129263],[126.935113,35.129264],[126.935114,35.129265],[126.935114,35.129266],[126.935114,35.129266],[126.935115,35.129267],[126.935115,35.129267],[126.935116,35.129268],[126.935117,35.129268],[126.935118,35.129268],[126.935119,35.129269]]]]}},{"type":"Feature","id":"1977194014821811380600000000","properties":{"id":"1977194014821811380600000000","pnu":"1221011900106980027","year":1977,"purpose":"단독주택","floors":1,"structure":"벽돌구조"},"geometry":{"type":"MultiPolygon","coordinates":[[[[126.935127,35.129386],[126.935206,35.129327],[126.935157,35.129279],[126.935079,35.129336],[126.935127,35.129386]]]]}},{"type":"Feature","id":"1977194014831810496900000000","properties":{"id":"1977194014831810496900000000","pnu":"1221011900106980001","year":1977,"purpose":"단독주택","floors":1,"structure":"벽돌구조"},"geometry":{"type":"MultiPolygon","coordinates":[[[[126.935142,35.128578],[126.935191,35.128552],[126.935145,35.128493],[126.935095,35.128519],[126.935142,35.128578]]]]}},{"type":"Feature","id":"1977194016271810561300000000","properties":{"id":"1977194016271810561300000000","pnu":"1221011900106980001","purpose":"기타","structure":"벽돌구조"},"geometry":{"type":"MultiPolygon","coordinates":[[[[126.935147,35.128624],[126.935193,35.128578],[126.935171,35.128563],[126.935125,35.128607],[126.935147,35.128624]]]]}},{"type":"Feature","id":"1977194028021812746900000000","properties":{"id":"1977194028021812746900000000","pnu":"1221011900107160016","purpose":"단독주택"},"geometry":{"type":"MultiPolygon","coordinates":[[[[126.93523,35.130575],[126.93528,35.130609],[126.935342,35.13055],[126.935294,35.130518],[126.93523,35.130575]]]]}},{"type":"Feature","id":"1977194111691813483700000000","properties":{"id":"1977194111691813483700000000","pnu":"1221011900107220030","purpose":"기타","structure":"벽돌구조"},"geometry":{"type":"MultiPolygon","coordinates":[[[[126.936204,35.131233],[126.936205,35.131233],[126.936206,35.131232],[126.936206,35.131232],[126.936207,35.131232],[126.936208,35.131231],[126.936208,35.13123],[126.936209,35.13123],[126.936209,35.131229],[126.936209,35.131228],[126.936209,35.131227],[126.936209,35.131227],[126.936208,35.131226],[126.936208,35.131225],[126.936207,35.131225],[126.936206,35.131224],[126.936206,35.131224],[126.936205,35.131224],[126.936204,35.131224],[126.936203,35.131224],[126.936202,35.131224],[126.936201,35.131224],[126.9362,35.131225],[126.9362,35.131225],[126.936199,35.131226],[126.936199,35.131227],[126.936198,35.131227],[126.936198,35.131228],[126.936198,35.131229],[126.936199,35.13123],[126.936199,35.13123],[126.9362,35.131231],[126.9362,35.131232],[126.936201,35.131232],[126.936202,35.131232],[126.936203,35.131233],[126.936204,35.131233]]]]}},{"type":"Feature","id":"1977194120441813524300000000","properties":{"id":"1977194120441813524300000000","pnu":"1221011900107220030","year":1977,"purpose":"단독주택","floors":2,"structure":"벽돌구조"},"geometry":{"type":"MultiPolygon","coordinates":[[[[126.936218,35.131242],[126.936257,35.13132],[126.936387,35.131276],[126.936361,35.13122],[126.936295,35.131237],[126.93628,35.131219],[126.936218,35.131242]]]]}},{"type":"Feature","id":"1977194133081814090500000000","properties":{"id":"1977194133081814090500000000","pnu":"1221011900107220038","year":1977,"purpose":"단독주택"},"geometry":{"type":"MultiPolygon","coordinates":[[[[126.936409,35.131832],[126.936521,35.131791],[126.936482,35.131729],[126.936459,35.131736],[126.936451,35.131724],[126.936354,35.131756],[126.936409,35.131832]]]]}},{"type":"Feature","id":"1977194134041813793100000000","properties":{"id":"1977194134041813793100000000","pnu":"1221011900107220034","year":1977,"purpose":"단독주택","floors":1,"structure":"벽돌구조"},"geometry":{"type":"MultiPolygon","coordinates":[[[[126.936413,35.131569],[126.936534,35.131524],[126.936497,35.131454],[126.936453,35.131468],[126.936445,35.131455],[126.936364,35.131485],[126.936413,35.131569]]]]}},{"type":"Feature","id":"1977194137811813445600000000","properties":{"id":"1977194137811813445600000000","pnu":"1221011900107220029","year":1977,"purpose":"단독주택","floors":1,"structure":"벽돌구조"},"geometry":{"type":"MultiPolygon","coordinates":[[[[126.936409,35.131186],[126.93644,35.131255],[126.93657,35.131207],[126.93653,35.131128],[126.936472,35.13115],[126.936478,35.131165],[126.936409,35.131186]]]]}},{"type":"Feature","id":"1977194139021813916500000000","properties":{"id":"1977194139021813916500000000","pnu":"1221011900107220035","year":1977,"purpose":"단독주택","floors":1,"structure":"벽돌구조"},"geometry":{"type":"MultiPolygon","coordinates":[[[[126.936417,35.131594],[126.936468,35.13168],[126.93659,35.131631],[126.936556,35.131566],[126.936479,35.131588],[126.936469,35.131573],[126.936417,35.131594]]]]}},{"type":"Feature","id":"1977194145471812610500000000","properties":{"id":"1977194145471812610500000000","pnu":"1221011900107250007","year":1977,"purpose":"단독주택","floors":1,"structure":"벽돌구조"},"geometry":{"type":"MultiPolygon","coordinates":[[[[126.936496,35.130438],[126.936602,35.1305],[126.936651,35.130441],[126.936551,35.130384],[126.936496,35.130438]]]]}},{"type":"Feature","id":"1977194156891812763800000000","properties":{"id":"1977194156891812763800000000","pnu":"1221011900107250005","purpose":"기타","structure":"벽돌구조"},"geometry":{"type":"MultiPolygon","coordinates":[[[[126.936681,35.130579],[126.936709,35.130592],[126.936719,35.130583],[126.936709,35.130578],[126.936711,35.130575],[126.936695,35.130567],[126.936681,35.130579]]]]}},{"type":"Feature","id":"1977194157891813028100000000","properties":{"id":"1977194157891813028100000000","pnu":"1221011900107220057","year":1977,"purpose":"단독주택","floors":1,"structure":"벽돌구조"},"geometry":{"type":"MultiPolygon","coordinates":[[[[126.936621,35.130818],[126.936655,35.130882],[126.936798,35.130824],[126.936758,35.130751],[126.936696,35.130773],[126.936702,35.13079],[126.936621,35.130818]]]]}},{"type":"Feature","id":"1977194165801812754000000000","properties":{"id":"1977194165801812754000000000","pnu":"1221011900107250005","year":1977,"purpose":"단독주택","far":47.28,"floors":2,"structure":"벽돌구조"},"geometry":{"type":"MultiPolygon","coordinates":[[[[126.936721,35.130576],[126.9368,35.130627],[126.936877,35.130549],[126.936859,35.130537],[126.936849,35.130543],[126.936823,35.130524],[126.936813,35.130534],[126.9368,35.130524],[126.936773,35.13055],[126.936755,35.130537],[126.936721,35.130576]]]]}},{"type":"Feature","id":"1977194166211812680900000000","properties":{"id":"1977194166211812680900000000","pnu":"1221011900107250005","purpose":"기타","structure":"벽돌구조"},"geometry":{"type":"MultiPolygon","coordinates":[[[[126.936784,35.130503],[126.936812,35.130515],[126.936821,35.130506],[126.936794,35.130495],[126.936784,35.130503]]]]}},{"type":"Feature","id":"1977194166581814068700000000","properties":{"id":"1977194166581814068700000000","pnu":"1221011900107220002","year":1977,"purpose":"단독주택","floors":1,"structure":"벽돌구조"},"geometry":{"type":"MultiPolygon","coordinates":[[[[126.936762,35.131814],[126.936876,35.131774],[126.936838,35.131693],[126.936789,35.131704],[126.936797,35.131728],[126.936732,35.131749],[126.936762,35.131814]]]]}},{"type":"Feature","id":"1977194167761812968200000000","properties":{"id":"1977194167761812968200000000","pnu":"1221011900107220015","year":1977,"purpose":"단독주택","floors":1,"structure":"벽돌구조"},"geometry":{"type":"MultiPolygon","coordinates":[[[[126.936754,35.130733],[126.936798,35.13082],[126.936895,35.130781],[126.936883,35.130751],[126.936856,35.130758],[126.936821,35.130707],[126.936754,35.130733]]]]}},{"type":"Feature","id":"1977194174801812831600000000","properties":{"id":"1977194174801812831600000000","pnu":"1221011900107250004","year":1977,"purpose":"단독주택"},"geometry":{"type":"MultiPolygon","coordinates":[[[[126.936821,35.130655],[126.936894,35.1307],[126.936971,35.130619],[126.936914,35.130584],[126.936865,35.130623],[126.936853,35.130616],[126.936821,35.130655]]]]}},{"type":"Feature","id":"1977194352421814293200000000","properties":{"id":"1977194352421814293200000000","pnu":"1221011900107640001","year":1977,"purpose":"제2종 근린생활시설"},"geometry":{"type":"MultiPolygon","coordinates":[[[[126.938751,35.131981],[126.938845,35.132026],[126.938887,35.131989],[126.938903,35.131998],[126.938936,35.131946],[126.938832,35.131886],[126.938751,35.131981]]]]}},{"type":"Feature","id":"1978193577311814957200000000","properties":{"id":"1978193577311814957200000000","pnu":"1221012200107350014","purpose":"기타","structure":"벽돌구조"},"geometry":{"type":"MultiPolygon","coordinates":[[[[126.930329,35.13255],[126.93033,35.132558],[126.93035,35.132556],[126.930349,35.132547],[126.930329,35.13255]]]]}},{"type":"Feature","id":"1978193581891815010900000000","properties":{"id":"1978193581891815010900000000","pnu":"1221012200107350014","year":1978,"purpose":"단독주택","floors":2,"structure":"벽돌구조"},"geometry":{"type":"MultiPolygon","coordinates":[[[[126.930343,35.132641],[126.93045,35.132629],[126.930442,35.132568],[126.930402,35.132571],[126.930402,35.132561],[126.930331,35.132573],[126.930343,35.132641]]]]}},{"type":"Feature","id":"1978193587041814946200000000","properties":{"id":"1978193587041814946200000000","pnu":"1221012200107350014","purpose":"기타","structure":"벽돌구조"},"geometry":{"type":"MultiPolygon","coordinates":[[[[126.930434,35.13254],[126.930436,35.132549],[126.930459,35.132546],[126.930457,35.132537],[126.930434,35.13254]]]]}},{"type":"Feature","id":"1978193764041812816700000000","properties":{"id":"1978193764041812816700000000","pnu":"1221012200107660001","year":1978,"purpose":"단독주택"},"geometry":{"type":"MultiPolygon","coordinates":[[[[126.93241,35.13066],[126.932428,35.130597],[126.932367,35.130588],[126.932356,35.130657],[126.93241,35.13066]]]]}},{"type":"Feature","id":"1978193770701812719900000000","properties":{"id":"1978193770701812719900000000","pnu":"1221012200107660001","year":1978,"purpose":"단독주택"},"geometry":{"type":"MultiPolygon","coordinates":[[[[126.932365,35.130565],[126.932566,35.130546],[126.932562,35.13051],[126.93236,35.130528],[126.932365,35.130565]]]]}},{"type":"Feature","id":"1978193773011813655200000000","properties":{"id":"1978193773011813655200000000","pnu":"1221012200107810001","year":1978,"purpose":"단독주택","floors":2,"structure":"벽돌구조"},"geometry":{"type":"MultiPolygon","coordinates":[[[[126.932426,35.13141],[126.932545,35.131414],[126.932547,35.13135],[126.932431,35.131348],[126.932426,35.13141]]]]}},{"type":"Feature","id":"1978193775631813447300000000","properties":{"id":"1978193775631813447300000000","pnu":"1221012200107810009","year":1978,"purpose":"단독주택","floors":2,"structure":"벽돌구조"},"geometry":{"type":"MultiPolygon","coordinates":[[[[126.93256,35.131224],[126.932562,35.13116],[126.932503,35.131159],[126.932503,35.131176],[126.932464,35.131176],[126.932463,35.131219],[126.93256,35.131224]]]]}},{"type":"Feature","id":"1978193779791812985600000000","properties":{"id":"1978193779791812985600000000","pnu":"1221012200107990000","year":1978,"purpose":"단독주택","far":63.95,"floors":2,"structure":"벽돌구조"},"geometry":{"type":"MultiPolygon","coordinates":[[[[126.932477,35.130805],[126.932566,35.130831],[126.932571,35.130818],[126.932602,35.130828],[126.932645,35.130728],[126.932599,35.130714],[126.932577,35.130763],[126.932539,35.130752],[126.932543,35.130744],[126.932508,35.130732],[126.932477,35.130805]]]]}},{"type":"Feature","id":"1978193784911813499800000000","properties":{"id":"1978193784911813499800000000","pnu":"1221012200107810007","year":1978,"purpose":"단독주택"},"geometry":{"type":"MultiPolygon","coordinates":[[[[126.932674,35.131275],[126.932675,35.131219],[126.932632,35.131216],[126.932633,35.131206],[126.932566,35.131204],[126.932564,35.131268],[126.932674,35.131275]]]]}},{"type":"Feature","id":"1978193785231813669100000000","properties":{"id":"1978193785231813669100000000","pnu":"1221012200107810005","year":1978,"purpose":"단독주택","floors":2,"structure":"벽돌구조"},"geometry":{"type":"MultiPolygon","coordinates":[[[[126.932671,35.13142],[126.932673,35.131367],[126.932573,35.131365],[126.932571,35.13142],[126.932671,35.13142]]]]}},{"type":"Feature","id":"1978193808991816800200000000","properties":{"id":"1978193808991816800200000000","pnu":"1221012200107120000","year":1978,"purpose":"단독주택"},"geometry":{"type":"MultiPolygon","coordinates":[[[[126.932837,35.134259],[126.932947,35.134227],[126.932918,35.13417],[126.932842,35.134194],[126.932845,35.134203],[126.932812,35.134213],[126.932837,35.134259]]]]}},{"type":"Feature","id":"1978193815511810009400000000","properties":{"id":"1978193815511810009400000000","pnu":"1221011900105320186","purpose":"단독주택","structure":"벽돌구조"},"geometry":{"type":"MultiPolygon","coordinates":[[[[126.932957,35.128099],[126.932958,35.128099],[126.932959,35.128099],[126.932959,35.128099],[126.93296,35.128098],[126.932961,35.128098],[126.932961,35.128097],[126.932962,35.128096],[126.932962,35.128095],[126.932962,35.128095],[126.932962,35.128094],[126.932962,35.128093],[126.932961,35.128092],[126.932961,35.128092],[126.93296,35.128091],[126.932959,35.128091],[126.932959,35.12809],[126.932958,35.12809],[126.932957,35.12809],[126.932956,35.12809],[126.932955,35.12809],[126.932954,35.128091],[126.932953,35.128091],[126.932953,35.128092],[126.932952,35.128092],[126.932952,35.128093],[126.932951,35.128094],[126.932951,35.128095],[126.932951,35.128095],[126.932952,35.128096],[126.932952,35.128097],[126.932953,35.128098],[126.932953,35.128098],[126.932954,35.128099],[126.932955,35.128099],[126.932956,35.128099],[126.932957,35.128099]]]]}},{"type":"Feature","id":"1978193816641810097200000000","properties":{"id":"1978193816641810097200000000","pnu":"1221011900105320186","year":1978,"purpose":"제2종 근린생활시설","floors":2,"structure":"벽돌구조"},"geometry":{"type":"MultiPolygon","coordinates":[[[[126.933006,35.12822],[126.933029,35.128162],[126.933005,35.128155],[126.933006,35.128147],[126.932979,35.128139],[126.932979,35.128135],[126.932939,35.128125],[126.932908,35.128195],[126.933006,35.12822]]]]}},{"type":"Feature","id":"1978193817071816684200000000","properties":{"id":"1978193817071816684200000000","pnu":"1221012200107120004","year":1978,"purpose":"단독주택"},"geometry":{"type":"MultiPolygon","coordinates":[[[[126.932945,35.13414],[126.933005,35.134118],[126.932986,35.13408],[126.932935,35.134107],[126.932945,35.13414]]]]}},{"type":"Feature","id":"1978193818321811515900000000","properties":{"id":"1978193818321811515900000000","pnu":"1221011900105350002","year":1978,"purpose":"제2종 근린생활시설","floors":2,"structure":"벽돌구조"},"geometry":{"type":"MultiPolygon","coordinates":[[[[126.933031,35.129501],[126.933058,35.129464],[126.933026,35.129451],[126.93303,35.129439],[126.932999,35.129422],[126.933001,35.129411],[126.932963,35.129397],[126.932916,35.129462],[126.932986,35.129489],[126.933031,35.129501]]]]}},{"type":"Feature","id":"1978193819021816758700000000","properties":{"id":"1978193819021816758700000000","pnu":"1221012200107120004","year":1978,"purpose":"단독주택"},"geometry":{"type":"MultiPolygon","coordinates":[[[[126.932963,35.134225],[126.933052,35.134192],[126.933021,35.134137],[126.932972,35.134151],[126.932967,35.134145],[126.932931,35.134155],[126.932963,35.134225]]]]}},{"type":"Feature","id":"1978193819861811387100000000","properties":{"id":"1978193819861811387100000000","pnu":"1221011900105350012","year":1978,"purpose":"단독주택"},"geometry":{"type":"MultiPolygon","coordinates":[[[[126.933053,35.129299],[126.932981,35.129285],[126.932954,35.129373],[126.933024,35.12939],[126.933053,35.129299]]]]}},{"type":"Feature","id":"1978193821841810034900000000","properties":{"id":"1978193821841810034900000000","pnu":"1221011900105320186","purpose":"단독주택","structure":"벽돌구조"},"geometry":{"type":"MultiPolygon","coordinates":[[[[126.933026,35.128122],[126.933027,35.128122],[126.933028,35.128122],[126.933029,35.128122],[126.93303,35.128121],[126.93303,35.128121],[126.933031,35.12812],[126.933031,35.128119],[126.933031,35.128119],[126.933032,35.128118],[126.933031,35.128117],[126.933031,35.128116],[126.933031,35.128115],[126.93303,35.128115],[126.93303,35.128114],[126.933029,35.128114],[126.933028,35.128114],[126.933027,35.128113],[126.933026,35.128113],[126.933025,35.128113],[126.933024,35.128114],[126.933023,35.128114],[126.933023,35.128114],[126.933022,35.128115],[126.933021,35.128115],[126.933021,35.128116],[126.933021,35.128117],[126.933021,35.128118],[126.933021,35.128119],[126.933021,35.128119],[126.933021,35.12812],[126.933022,35.128121],[126.933023,35.128121],[126.933023,35.128122],[126.933024,35.128122],[126.933025,35.128122],[126.933026,35.128122]]]]}},{"type":"Feature","id":"1978193827961811407200000000","properties":{"id":"1978193827961811407200000000","pnu":"1221011900105350014","year":1978,"purpose":"단독주택","floors":2,"structure":"벽돌구조"},"geometry":{"type":"MultiPolygon","coordinates":[[[[126.933105,35.129391],[126.933131,35.129336],[126.93308,35.129318],[126.933053,35.129373],[126.933105,35.129391]]]]}},{"type":"Feature","id":"1978193874181810255400000000","properties":{"id":"1978193874181810255400000000","pnu":"1221011900105470015","year":1978,"purpose":"단독주택","floors":2,"structure":"벽돌구조"},"geometry":{"type":"MultiPolygon","coordinates":[[[[126.933614,35.128362],[126.93365,35.128296],[126.933587,35.128271],[126.93355,35.128338],[126.933614,35.128362]]]]}},{"type":"Feature","id":"1978193897631812016500000000","properties":{"id":"1978193897631812016500000000","pnu":"1221011900107130004","year":1978,"purpose":"단독주택","floors":1,"structure":"벽돌구조"},"geometry":{"type":"MultiPolygon","coordinates":[[[[126.93391,35.12994],[126.933918,35.129885],[126.933807,35.129864],[126.933796,35.129929],[126.93391,35.12994]]]]}},{"type":"Feature","id":"1978193898071812829700000000","properties":{"id":"1978193898071812829700000000","pnu":"1221012200108220002","year":1978,"purpose":"단독주택","floors":1,"structure":"벽돌구조"},"geometry":{"type":"MultiPolygon","coordinates":[[[[126.933933,35.130669],[126.933934,35.13062],[126.933848,35.130611],[126.933848,35.130607],[126.933797,35.130601],[126.933788,35.130659],[126.933933,35.130669]]]]}},{"type":"Feature","id":"1978193898851812739200000000","properties":{"id":"1978193898851812739200000000","pnu":"1221012200108220005","year":1978,"purpose":"단독주택","floors":1,"structure":"벽돌구조"},"geometry":{"type":"MultiPolygon","coordinates":[[[[126.933926,35.130595],[126.93393,35.130524],[126.933813,35.130518],[126.933806,35.130586],[126.933926,35.130595]]]]}},{"type":"Feature","id":"1978193902161811895800000000","properties":{"id":"1978193902161811895800000000","pnu":"1221011900107130008","year":1978,"purpose":"단독주택","floors":1,"structure":"벽돌구조"},"geometry":{"type":"MultiPolygon","coordinates":[[[[126.933949,35.129756],[126.933882,35.129746],[126.933863,35.129834],[126.93393,35.129846],[126.933949,35.129756]]]]}},{"type":"Feature","id":"1978193906151815050900000000","properties":{"id":"1978193906151815050900000000","pnu":"1221012200107270003","year":1978,"purpose":"단독주택","floors":2,"structure":"벽돌구조"},"geometry":{"type":"MultiPolygon","coordinates":[[[[126.9339,35.13268],[126.934019,35.132654],[126.934003,35.132606],[126.93396,35.132613],[126.933955,35.132608],[126.933928,35.132613],[126.933925,35.132608],[126.93388,35.132618],[126.9339,35.13268]]]]}},{"type":"Feature","id":"1978193909651811919100000000","properties":{"id":"1978193909651811919100000000","pnu":"1221011900107130010","year":1978,"purpose":"단독주택","floors":1,"structure":"벽돌구조"},"geometry":{"type":"MultiPolygon","coordinates":[[[[126.933944,35.129857],[126.934019,35.129866],[126.93403,35.129805],[126.934022,35.129804],[126.934027,35.129773],[126.93396,35.129765],[126.933944,35.129857]]]]}},{"type":"Feature","id":"1978193923061815251000000000","properties":{"id":"1978193923061815251000000000","pnu":"1221012200107230007","year":1978,"purpose":"단독주택","floors":2,"structure":"벽돌구조"},"geometry":{"type":"MultiPolygon","coordinates":[[[[126.934118,35.132878],[126.93421,35.132809],[126.934168,35.132769],[126.934125,35.132796],[126.934104,35.132782],[126.934056,35.132817],[126.934118,35.132878]]]]}},{"type":"Feature","id":"1978193929941815336200000000","properties":{"id":"1978193929941815336200000000","pnu":"1221012200107230006","year":1978,"purpose":"단독주택","floors":2,"structure":"벽돌구조"},"geometry":{"type":"MultiPolygon","coordinates":[[[[126.934181,35.132951],[126.934278,35.132887],[126.934241,35.132843],[126.93419,35.132877],[126.934183,35.132872],[126.934139,35.132903],[126.934181,35.132951]]]]}},{"type":"Feature","id":"1978193932981814969300000000","properties":{"id":"1978193932981814969300000000","pnu":"1221012200107270002","year":1978,"purpose":"단독주택","floors":2,"structure":"벽돌구조"},"geometry":{"type":"MultiPolygon","coordinates":[[[[126.93425,35.132617],[126.934301,35.13259],[126.934244,35.132521],[126.934178,35.132536],[126.93425,35.132617]]]]}},{"type":"Feature","id":"1978193937021815423700000000","properties":{"id":"1978193937021815423700000000","pnu":"1221012200107230005","year":1978,"purpose":"단독주택","floors":2,"structure":"벽돌구조"},"geometry":{"type":"MultiPolygon","coordinates":[[[[126.934356,35.132951],[126.934322,35.132928],[126.934271,35.132964],[126.934258,35.132954],[126.934219,35.132987],[126.934265,35.133025],[126.934356,35.132951]]]]}},{"type":"Feature","id":"1978193941681814844400000000","properties":{"id":"1978193941681814844400000000","pnu":"1221012200107270008","year":1978,"purpose":"단독주택","floors":2,"structure":"벽돌구조"},"geometry":{"type":"MultiPolygon","coordinates":[[[[126.934288,35.132491],[126.934405,35.132476],[126.934396,35.132425],[126.934362,35.132427],[126.934359,35.132421],[126.934336,35.132425],[126.934329,35.132417],[126.934274,35.132428],[126.934288,35.132491]]]]}},{"type":"Feature","id":"1978193943991814936200000000","properties":{"id":"1978193943991814936200000000","pnu":"1221012200107270006","year":1978,"purpose":"단독주택","floors":2,"structure":"벽돌구조"},"geometry":{"type":"MultiPolygon","coordinates":[[[[126.934317,35.13257],[126.934399,35.13256],[126.9344,35.132545],[126.934427,35.132544],[126.934428,35.132512],[126.934358,35.132515],[126.934356,35.132508],[126.934304,35.132512],[126.934317,35.13257]]]]}},{"type":"Feature","id":"1978193997801814838700000000","properties":{"id":"1978193997801814838700000000","pnu":"1221012200102760008","year":1978,"purpose":"단독주택","far":29.845,"floors":2,"structure":"벽돌구조"},"geometry":{"type":"MultiPolygon","coordinates":[[[[126.934907,35.1325],[126.935029,35.132464],[126.934989,35.132393],[126.934935,35.13241],[126.934938,35.132419],[126.934887,35.132437],[126.934891,35.13245],[126.934878,35.132453],[126.934907,35.1325]]]]}},{"type":"Feature","id":"1978194009251810400900000000","properties":{"id":"1978194009251810400900000000","pnu":"1221011900106980038","year":1978,"purpose":"단독주택","floors":1,"structure":"벽돌구조"},"geometry":{"type":"MultiPolygon","coordinates":[[[[126.935067,35.128501],[126.93515,35.128447],[126.935098,35.128399],[126.935015,35.128446],[126.935067,35.128501]]]]}},{"type":"Feature","id":"1978194009881810575500000000","properties":{"id":"1978194009881810575500000000","pnu":"1221011900106980038","purpose":"기타","structure":"벽돌구조"},"geometry":{"type":"MultiPolygon","coordinates":[[[[126.935093,35.12864],[126.93512,35.128623],[126.935084,35.128574],[126.935058,35.128587],[126.935093,35.12864]]]]}},{"type":"Feature","id":"1978194015911811507100000000","properties":{"id":"1978194015911811507100000000","pnu":"1221011900106980040","year":1978,"purpose":"단독주택"},"geometry":{"type":"MultiPolygon","coordinates":[[[[126.935173,35.1295],[126.935217,35.129463],[126.935142,35.129392],[126.93509,35.12943],[126.935173,35.1295]]]]}},{"type":"Feature","id":"1978194022861811474800000000","properties":{"id":"1978194022861811474800000000","pnu":"1221011900106980041","year":1978,"purpose":"단독주택","floors":1,"structure":"벽돌구조"},"geometry":{"type":"MultiPolygon","coordinates":[[[[126.935257,35.129469],[126.935289,35.129444],[126.935201,35.129365],[126.935171,35.129386],[126.935257,35.129469]]]]}},{"type":"Feature","id":"1978194038911813728500000000","properties":{"id":"1978194038911813728500000000","pnu":"1221012200102810008","year":1978,"purpose":"단독주택","floors":1,"structure":"벽돌구조"},"geometry":{"type":"MultiPolygon","coordinates":[[[[126.935335,35.131458],[126.935386,35.131501],[126.935473,35.131438],[126.935428,35.131395],[126.935335,35.131458]]]]}},{"type":"Feature","id":"1978194127581812846000000000","properties":{"id":"1978194127581812846000000000","pnu":"1221011900107220025","year":1978,"purpose":"단독주택","floors":1,"structure":"벽돌구조"},"geometry":{"type":"MultiPolygon","coordinates":[[[[126.9363,35.13064],[126.936335,35.130706],[126.936458,35.130664],[126.936423,35.130602],[126.9363,35.13064]]]]}},{"type":"Feature","id":"1978194131351812515400000000","properties":{"id":"1978194131351812515400000000","pnu":"1221011900107250008","year":1978,"purpose":"단독주택","floors":2,"structure":"벽돌구조"},"geometry":{"type":"MultiPolygon","coordinates":[[[[126.936348,35.130285],[126.936329,35.130309],[126.936362,35.13033],[126.936349,35.130347],[126.936483,35.130425],[126.936511,35.130381],[126.936416,35.130327],[126.936422,35.130318],[126.936348,35.130285]]]]}},{"type":"Feature","id":"1978194145461812788900000000","properties":{"id":"1978194145461812788900000000","pnu":"1221011900107220017","year":1978,"purpose":"제2종 근린생활시설","floors":1,"structure":"벽돌구조"},"geometry":{"type":"MultiPolygon","coordinates":[[[[126.936497,35.130595],[126.936532,35.130656],[126.936653,35.130605],[126.936622,35.13055],[126.936497,35.130595]]]]}},{"type":"Feature","id":"1978194180551813246800000000","properties":{"id":"1978194180551813246800000000","pnu":"1221011900107220013","year":1978,"purpose":"단독주택","floors":1,"structure":"벽돌구조"},"geometry":{"type":"MultiPolygon","coordinates":[[[[126.936903,35.130977],[126.936953,35.131081],[126.937007,35.131056],[126.937,35.131038],[126.937011,35.131036],[126.936969,35.130953],[126.936903,35.130977]]]]}},{"type":"Feature","id":"1978194186951813547300000000","properties":{"id":"1978194186951813547300000000","pnu":"1221011900107220007","year":1978,"purpose":"단독주택","floors":2,"structure":"벽돌구조"},"geometry":{"type":"MultiPolygon","coordinates":[[[[126.936972,35.131255],[126.937019,35.131346],[126.937077,35.131323],[126.937069,35.131301],[126.937081,35.131297],[126.937044,35.131228],[126.936972,35.131255]]]]}},{"type":"Feature","id":"1978194189251813210200000000","properties":{"id":"1978194189251813210200000000","pnu":"1221011900107220055","year":1978,"purpose":"단독주택","floors":1,"structure":"벽돌구조"},"geometry":{"type":"MultiPolygon","coordinates":[[[[126.936989,35.130958],[126.937038,35.131045],[126.937108,35.131018],[126.937101,35.131005],[126.937111,35.130999],[126.937093,35.130964],[126.937102,35.130959],[126.937078,35.13092],[126.936989,35.130958]]]]}},{"type":"Feature","id":"1978194194291813510400000000","properties":{"id":"1978194194291813510400000000","pnu":"1221011900107220058","year":1978,"purpose":"단독주택","floors":2,"structure":"벽돌구조"},"geometry":{"type":"MultiPolygon","coordinates":[[[[126.937052,35.131218],[126.937104,35.13131],[126.937167,35.131286],[126.937119,35.131197],[126.937052,35.131218]]]]}},{"type":"Feature","id":"1978194202471815293600000000","properties":{"id":"1978194202471815293600000000","pnu":"1221012100108700000","year":1978,"purpose":"단독주택","floors":1,"structure":"벽돌구조"},"geometry":{"type":"MultiPolygon","coordinates":[[[[126.937198,35.132865],[126.937199,35.132864],[126.9372,35.132864],[126.937201,35.132864],[126.937202,35.132863],[126.937203,35.132863],[126.937203,35.132862],[126.937204,35.132862],[126.937204,35.132861],[126.937204,35.13286],[126.937204,35.132859],[126.937204,35.132858],[126.937203,35.132858],[126.937203,35.132857],[126.937202,35.132857],[126.937201,35.132856],[126.9372,35.132856],[126.937199,35.132856],[126.937198,35.132855],[126.937197,35.132856],[126.937197,35.132856],[126.937196,35.132856],[126.937195,35.132857],[126.937194,35.132857],[126.937194,35.132858],[126.937193,35.132858],[126.937193,35.132859],[126.937193,35.13286],[126.937193,35.132861],[126.937193,35.132862],[126.937194,35.132862],[126.937194,35.132863],[126.937195,35.132863],[126.937196,35.132864],[126.937197,35.132864],[126.937197,35.132864],[126.937198,35.132865]]]]}},{"type":"Feature","id":"1978194206761813057900000000","properties":{"id":"1978194206761813057900000000","pnu":"1221011900107250010","year":1978,"purpose":"단독주택"},"geometry":{"type":"MultiPolygon","coordinates":[[[[126.937197,35.13086],[126.937245,35.130884],[126.937298,35.130834],[126.937247,35.130804],[126.937197,35.13086]]]]}},{"type":"Feature","id":"1978194207031813747200000000","properties":{"id":"1978194207031813747200000000","pnu":"1221011900107220050","purpose":"기타","structure":"벽돌구조"},"geometry":{"type":"MultiPolygon","coordinates":[[[[126.93725,35.131471],[126.93725,35.131471],[126.937251,35.13147],[126.937252,35.13147],[126.937253,35.13147],[126.937254,35.131469],[126.937254,35.131468],[126.937255,35.131468],[126.937255,35.131467],[126.937255,35.131466],[126.937255,35.131465],[126.937255,35.131465],[126.937254,35.131464],[126.937254,35.131463],[126.937253,35.131463],[126.937252,35.131462],[126.937251,35.131462],[126.937251,35.131462],[126.93725,35.131462],[126.937249,35.131462],[126.937248,35.131462],[126.937247,35.131462],[126.937246,35.131463],[126.937245,35.131463],[126.937245,35.131464],[126.937244,35.131465],[126.937244,35.131465],[126.937244,35.131466],[126.937244,35.131467],[126.937244,35.131468],[126.937245,35.131468],[126.937245,35.131469],[126.937246,35.13147],[126.937247,35.13147],[126.937248,35.13147],[126.937249,35.131471],[126.93725,35.131471]]]]}},{"type":"Feature","id":"1978194207691813464300000000","properties":{"id":"1978194207691813464300000000","pnu":"1221011900107220047","year":1978,"purpose":"단독주택","floors":1,"structure":"벽돌구조"},"geometry":{"type":"MultiPolygon","coordinates":[[[[126.937167,35.131194],[126.937188,35.131238],[126.937209,35.13123],[126.937219,35.131251],[126.937236,35.131248],[126.93725,35.131271],[126.937338,35.131239],[126.937294,35.13115],[126.937167,35.131194]]]]}},{"type":"Feature","id":"1978194208001815250600000000","properties":{"id":"1978194208001815250600000000","pnu":"1221012100108700000","purpose":"기타","structure":"벽돌구조"},"geometry":{"type":"MultiPolygon","coordinates":[[[[126.937259,35.132826],[126.93726,35.132826],[126.937261,35.132825],[126.937262,35.132825],[126.937263,35.132825],[126.937263,35.132824],[126.937264,35.132824],[126.937264,35.132823],[126.937265,35.132822],[126.937265,35.132821],[126.937265,35.13282],[126.937264,35.13282],[126.937264,35.132819],[126.937263,35.132818],[126.937263,35.132818],[126.937262,35.132817],[126.937261,35.132817],[126.93726,35.132817],[126.937259,35.132817],[126.937258,35.132817],[126.937257,35.132817],[126.937256,35.132817],[126.937256,35.132818],[126.937255,35.132818],[126.937254,35.132819],[126.937254,35.13282],[126.937254,35.13282],[126.937254,35.132821],[126.937254,35.132822],[126.937254,35.132823],[126.937254,35.132824],[126.937255,35.132824],[126.937256,35.132825],[126.937256,35.132825],[126.937257,35.132825],[126.937258,35.132826],[126.937259,35.132826]]]]}},{"type":"Feature","id":"1978194214761813789200000000","properties":{"id":"1978194214761813789200000000","pnu":"1221011900107220050","year":1978,"purpose":"단독주택","floors":1,"structure":"벽돌구조"},"geometry":{"type":"MultiPolygon","coordinates":[[[[126.937265,35.131501],[126.937298,35.131559],[126.937405,35.131517],[126.937367,35.131449],[126.93729,35.131477],[126.937294,35.131489],[126.937265,35.131501]]]]}},{"type":"Feature","id":"1978194225321813734300000000","properties":{"id":"1978194225321813734300000000","pnu":"1221011900107220053","year":1978,"purpose":"단독주택","floors":1,"structure":"벽돌구조"},"geometry":{"type":"MultiPolygon","coordinates":[[[[126.937376,35.131443],[126.937411,35.131517],[126.937523,35.131472],[126.937485,35.131391],[126.937428,35.13141],[126.937434,35.131423],[126.937376,35.131443]]]]}},{"type":"Feature","id":"1979193457151814931800000000","properties":{"id":"1979193457151814931800000000","pnu":"1221012200108720004","purpose":"단독주택","structure":"벽돌구조"},"geometry":{"type":"MultiPolygon","coordinates":[[[[126.929021,35.132534],[126.929022,35.132534],[126.929023,35.132534],[126.929024,35.132533],[126.929025,35.132533],[126.929025,35.132532],[126.929026,35.132532],[126.929026,35.132531],[126.929026,35.13253],[126.929027,35.132529],[126.929026,35.132528],[126.929026,35.132528],[126.929026,35.132527],[126.929025,35.132526],[126.929025,35.132526],[126.929024,35.132525],[126.929023,35.132525],[126.929022,35.132525],[126.929021,35.132525],[126.92902,35.132525],[126.929019,35.132525],[126.929018,35.132525],[126.929018,35.132526],[126.929017,35.132526],[126.929016,35.132527],[126.929016,35.132528],[126.929016,35.132528],[126.929016,35.132529],[126.929016,35.13253],[126.929016,35.132531],[126.929016,35.132532],[126.929017,35.132532],[126.929018,35.132533],[126.929018,35.132533],[126.929019,35.132534],[126.92902,35.132534],[126.929021,35.132534]]]]}},{"type":"Feature","id":"1979193487171810318900000000","properties":{"id":"1979193487171810318900000000","pnu":"1221011900109870000","year":1979,"purpose":"기타"},"geometry":{"type":"MultiPolygon","coordinates":[[[[126.9293,35.128389],[126.9294,35.128394],[126.929402,35.12835],[126.929343,35.128348],[126.929343,35.128357],[126.929303,35.128355],[126.9293,35.128389]]]]}},{"type":"Feature","id":"1979193563031814902800000000","properties":{"id":"1979193563031814902800000000","pnu":"1221012200107350011","purpose":"기타","structure":"벽돌구조"},"geometry":{"type":"MultiPolygon","coordinates":[[[[126.930175,35.132501],[126.930178,35.132511],[126.93019,35.132509],[126.930187,35.132496],[126.930175,35.132501]]]]}},{"type":"Feature","id":"1979193566881814945600000000","properties":{"id":"1979193566881814945600000000","pnu":"1221012200107350011","year":1979,"purpose":"단독주택","floors":1,"structure":"벽돌구조"},"geometry":{"type":"MultiPolygon","coordinates":[[[[126.930183,35.132579],[126.930275,35.132571],[126.930266,35.132505],[126.930175,35.132515],[126.930183,35.132579]]]]}},{"type":"Feature","id":"1979193570451815033500000000","properties":{"id":"1979193570451815033500000000","pnu":"1221012200107350010","year":1979,"purpose":"단독주택","floors":2,"structure":"벽돌구조"},"geometry":{"type":"MultiPolygon","coordinates":[[[[126.9302,35.132661],[126.930333,35.132641],[126.93032,35.13258],[126.930263,35.132586],[126.930264,35.132595],[126.93021,35.132602],[126.93021,35.132614],[126.930191,35.132616],[126.9302,35.132661]]]]}},{"type":"Feature","id":"1979193740461817334700000000","properties":{"id":"1979193740461817334700000000","pnu":"1221012200106880004","year":1979,"purpose":"단독주택","floors":1,"structure":"벽돌구조"},"geometry":{"type":"MultiPolygon","coordinates":[[[[126.932174,35.134731],[126.932176,35.13467],[126.932126,35.134665],[126.932127,35.134669],[126.932083,35.134664],[126.932076,35.134722],[126.932174,35.134731]]]]}},{"type":"Feature","id":"1979193750651817341200000000","properties":{"id":"1979193750651817341200000000","pnu":"1221012200106880005","year":1979,"purpose":"단독주택","floors":1,"structure":"벽돌구조"},"geometry":{"type":"MultiPolygon","coordinates":[[[[126.932294,35.134669],[126.932249,35.134663],[126.932249,35.13467],[126.932225,35.134668],[126.932225,35.134672],[126.932194,35.13467],[126.932186,35.134733],[126.932276,35.134744],[126.932294,35.134669]]]]}},{"type":"Feature","id":"1979193780251813909000000000","properties":{"id":"1979193780251813909000000000","pnu":"1221012200107780005","year":1979,"purpose":"공동주택","floors":2,"structure":"벽돌구조"},"geometry":{"type":"MultiPolygon","coordinates":[[[[126.932475,35.131572],[126.932472,35.13164],[126.93266,35.131646],[126.932662,35.131579],[126.932475,35.131572]]]]}},{"type":"Feature","id":"1979193781361813784800000000","properties":{"id":"1979193781361813784800000000","pnu":"1221012200107780007","year":1979,"purpose":"공동주택","floors":2,"structure":"벽돌구조"},"geometry":{"type":"MultiPolygon","coordinates":[[[[126.932495,35.131461],[126.932493,35.131529],[126.932664,35.131532],[126.932666,35.131467],[126.932495,35.131461]]]]}},{"type":"Feature","id":"1979193805751810051700000000","properties":{"id":"1979193805751810051700000000","pnu":"1221011900105320159","year":1979,"purpose":"단독주택","floors":2,"structure":"벽돌구조"},"geometry":{"type":"MultiPolygon","coordinates":[[[[126.932881,35.128185],[126.932913,35.128099],[126.932863,35.128087],[126.932859,35.128095],[126.932829,35.128089],[126.932826,35.128096],[126.932809,35.128091],[126.932783,35.12816],[126.932881,35.128185]]]]}},{"type":"Feature","id":"1979193808841816393000000000","properties":{"id":"1979193808841816393000000000","pnu":"1221012200107100002","year":1979,"purpose":"단독주택","floors":1,"structure":"벽돌구조"},"geometry":{"type":"MultiPolygon","coordinates":[[[[126.932888,35.133897],[126.932936,35.133857],[126.932868,35.133801],[126.932821,35.133833],[126.932856,35.133862],[126.932847,35.133869],[126.932888,35.133897]]]]}},{"type":"Feature","id":"1979193811691816531200000000","properties":{"id":"1979193811691816531200000000","pnu":"1221012200107100000","year":1979,"purpose":"단독주택","floors":1,"structure":"일반목구조"},"geometry":{"type":"MultiPolygon","coordinates":[[[[126.932839,35.134035],[126.933019,35.13399],[126.932989,35.133909],[126.93279,35.133964],[126.932839,35.134035]]]]}},{"type":"Feature","id":"1979193812791810229500000000","properties":{"id":"1979193812791810229500000000","pnu":"1221011900105320189","year":1979,"purpose":"단독주택","floors":2,"structure":"벽돌구조"},"geometry":{"type":"MultiPolygon","coordinates":[[[[126.93297,35.12834],[126.932991,35.128274],[126.932887,35.128247],[126.93286,35.12831],[126.93297,35.12834]]]]}},{"type":"Feature","id":"1979193823101816627300000000","properties":{"id":"1979193823101816627300000000","pnu":"1221012200107120005","purpose":"기타","structure":"벽돌구조"},"geometry":{"type":"MultiPolygon","coordinates":[[[[126.93302,35.134082],[126.933062,35.134056],[126.933046,35.134038],[126.933009,35.134065],[126.93302,35.134082]]]]}},{"type":"Feature","id":"1979193825531810269300000000","properties":{"id":"1979193825531810269300000000","pnu":"1221011900105320190","year":1979,"purpose":"단독주택","floors":2,"structure":"벽돌구조"},"geometry":{"type":"MultiPolygon","coordinates":[[[[126.933134,35.128295],[126.933089,35.128284],[126.933076,35.128312],[126.933015,35.128295],[126.932994,35.128346],[126.933097,35.128376],[126.933134,35.128295]]]]}},{"type":"Feature","id":"1979193827271816693200000000","properties":{"id":"1979193827271816693200000000","pnu":"1221012200107120005","year":1979,"purpose":"단독주택","floors":1,"structure":"벽돌구조"},"geometry":{"type":"MultiPolygon","coordinates":[[[[126.933064,35.134169],[126.933138,35.134149],[126.933096,35.134069],[126.933025,35.13409],[126.933064,35.134169]]]]}},{"type":"Feature","id":"1979193828101815717200000000","properties":{"id":"1979193828101815717200000000","pnu":"1221012200107160006","year":1979,"purpose":"단독주택"},"geometry":{"type":"MultiPolygon","coordinates":[[[[126.93305,35.133236],[126.93307,35.133264],[126.933134,35.133232],[126.933125,35.133219],[126.93305,35.133236]]]]}},{"type":"Feature","id":"1979193829101810061000000000","properties":{"id":"1979193829101810061000000000","pnu":"1221011900105320188","purpose":"단독주택","structure":"벽돌구조"},"geometry":{"type":"MultiPolygon","coordinates":[[[[126.933106,35.128146],[126.933107,35.128146],[126.933108,35.128146],[126.933108,35.128145],[126.933109,35.128145],[126.93311,35.128144],[126.93311,35.128144],[126.933111,35.128143],[126.933111,35.128142],[126.933111,35.128141],[126.933111,35.12814],[126.933111,35.12814],[126.93311,35.128139],[126.93311,35.128138],[126.933109,35.128138],[126.933108,35.128137],[126.933108,35.128137],[126.933107,35.128137],[126.933106,35.128137],[126.933105,35.128137],[126.933104,35.128137],[126.933103,35.128137],[126.933102,35.128138],[126.933101,35.128138],[126.933101,35.128139],[126.933101,35.12814],[126.9331,35.12814],[126.9331,35.128141],[126.9331,35.128142],[126.933101,35.128143],[126.933101,35.128144],[126.933101,35.128144],[126.933102,35.128145],[126.933103,35.128145],[126.933104,35.128146],[126.933105,35.128146],[126.933106,35.128146]]]]}},{"type":"Feature","id":"1979193829691810144000000000","properties":{"id":"1979193829691810144000000000","pnu":"1221011900105320188","year":1979,"purpose":"단독주택","floors":2,"structure":"벽돌구조"},"geometry":{"type":"MultiPolygon","coordinates":[[[[126.933146,35.128262],[126.933179,35.128184],[126.933143,35.128176],[126.933139,35.128183],[126.933123,35.128178],[126.933117,35.128187],[126.933101,35.128182],[126.933097,35.128188],[126.933064,35.12818],[126.933043,35.128238],[126.933146,35.128262]]]]}},{"type":"Feature","id":"1979193831861811095600000000","properties":{"id":"1979193831861811095600000000","pnu":"1221011900105350010","year":1979,"purpose":"제1종 근린생활시설","far":69.11,"floors":1,"structure":"벽돌구조"},"geometry":{"type":"MultiPolygon","coordinates":[[[[126.93319,35.129101],[126.933196,35.129084],[126.933084,35.129046],[126.933079,35.129067],[126.93319,35.129101]]]]}},{"type":"Feature","id":"1979193835041815806200000000","properties":{"id":"1979193835041815806200000000","pnu":"1221012200107160006","year":1979,"purpose":"단독주택"},"geometry":{"type":"MultiPolygon","coordinates":[[[[126.933076,35.133262],[126.933171,35.133402],[126.933265,35.133359],[126.933241,35.133324],[126.933228,35.13333],[126.93321,35.133302],[126.933199,35.133307],[126.933163,35.133254],[126.933152,35.133259],[126.933135,35.133233],[126.933076,35.133262]]]]}},{"type":"Feature","id":"1979193837051810086700000000","properties":{"id":"1979193837051810086700000000","pnu":"1221011900105320188","purpose":"단독주택","structure":"벽돌구조"},"geometry":{"type":"MultiPolygon","coordinates":[[[[126.933193,35.128169],[126.933194,35.128169],[126.933195,35.128169],[126.933196,35.128168],[126.933197,35.128168],[126.933197,35.128167],[126.933198,35.128167],[126.933198,35.128166],[126.933198,35.128165],[126.933198,35.128164],[126.933198,35.128164],[126.933198,35.128163],[126.933198,35.128162],[126.933197,35.128162],[126.933197,35.128161],[126.933196,35.128161],[126.933195,35.12816],[126.933194,35.12816],[126.933193,35.12816],[126.933192,35.12816],[126.933191,35.12816],[126.93319,35.128161],[126.933189,35.128161],[126.933189,35.128162],[126.933188,35.128162],[126.933188,35.128163],[126.933188,35.128164],[126.933188,35.128164],[126.933188,35.128165],[126.933188,35.128166],[126.933188,35.128167],[126.933189,35.128167],[126.933189,35.128168],[126.93319,35.128168],[126.933191,35.128169],[126.933192,35.128169],[126.933193,35.128169]]]]}},{"type":"Feature","id":"1979193839561816835100000000","properties":{"id":"1979193839561816835100000000","pnu":"1221012200107130014","year":1979,"purpose":"단독주택"},"geometry":{"type":"MultiPolygon","coordinates":[[[[126.933246,35.134303],[126.933284,35.134261],[126.933251,35.134241],[126.933256,35.13423],[126.933187,35.134193],[126.933147,35.13424],[126.933246,35.134303]]]]}},{"type":"Feature","id":"1979193840981816656300000000","properties":{"id":"1979193840981816656300000000","pnu":"1221012200107140000","year":1979,"purpose":"단독주택","floors":1,"structure":"벽돌구조"},"geometry":{"type":"MultiPolygon","coordinates":[[[[126.933198,35.134154],[126.933318,35.134082],[126.933263,35.134017],[126.933144,35.134095],[126.933198,35.134154]]]]}},{"type":"Feature","id":"1979193846321811597400000000","properties":{"id":"1979193846321811597400000000","pnu":"1221011900105340007","year":1979,"purpose":"제1종 근린생활시설"},"geometry":{"type":"MultiPolygon","coordinates":[[[[126.933364,35.129512],[126.933251,35.129482],[126.933228,35.129547],[126.933256,35.129554],[126.933338,35.129565],[126.933364,35.129512]]]]}},{"type":"Feature","id":"1979193852641816046900000000","properties":{"id":"1979193852641816046900000000","pnu":"1221012200107160005","year":1979,"purpose":"단독주택"},"geometry":{"type":"MultiPolygon","coordinates":[[[[126.933327,35.1336],[126.933445,35.133512],[126.933407,35.133474],[126.933315,35.133536],[126.933304,35.133525],[126.933272,35.133549],[126.933327,35.1336]]]]}},{"type":"Feature","id":"1979193858041816857700000000","properties":{"id":"1979193858041816857700000000","pnu":"1221012200107130014","purpose":"기타"},"geometry":{"type":"MultiPolygon","coordinates":[[[[126.933409,35.134299],[126.933445,35.134293],[126.933427,35.134236],[126.933392,35.134242],[126.933409,35.134299]]]]}},{"type":"Feature","id":"1979193859691816984800000000","properties":{"id":"1979193859691816984800000000","pnu":"1221012200107130000","year":1979,"purpose":"단독주택","floors":1,"structure":"벽돌구조"},"geometry":{"type":"MultiPolygon","coordinates":[[[[126.933421,35.134432],[126.933499,35.134386],[126.933456,35.134333],[126.933371,35.134377],[126.933421,35.134432]]]]}},{"type":"Feature","id":"1979193877171814996000000000","properties":{"id":"1979193877171814996000000000","pnu":"1221012200107200003","year":1979,"purpose":"단독주택","far":68.97,"floors":2,"structure":"벽돌구조"},"geometry":{"type":"MultiPolygon","coordinates":[[[[126.933617,35.132613],[126.933655,35.132605],[126.933643,35.132568],[126.933603,35.132573],[126.933617,35.132613]]]]}},{"type":"Feature","id":"1979193880481815036100000000","properties":{"id":"1979193880481815036100000000","pnu":"1221012200107200003","year":1979,"purpose":"단독주택"},"geometry":{"type":"MultiPolygon","coordinates":[[[[126.933666,35.13263],[126.933667,35.13263],[126.933668,35.13263],[126.933669,35.13263],[126.933669,35.132629],[126.93367,35.132629],[126.933671,35.132628],[126.933671,35.132628],[126.933671,35.132627],[126.933671,35.132626],[126.933671,35.132625],[126.933671,35.132624],[126.933671,35.132624],[126.93367,35.132623],[126.933669,35.132623],[126.933669,35.132622],[126.933668,35.132622],[126.933667,35.132622],[126.933666,35.132621],[126.933665,35.132622],[126.933664,35.132622],[126.933663,35.132622],[126.933662,35.132623],[126.933662,35.132623],[126.933661,35.132624],[126.933661,35.132624],[126.93366,35.132625],[126.93366,35.132626],[126.93366,35.132627],[126.933661,35.132628],[126.933661,35.132628],[126.933662,35.132629],[126.933662,35.132629],[126.933663,35.13263],[126.933664,35.13263],[126.933665,35.13263],[126.933666,35.13263]]]]}},{"type":"Feature","id":"1979193889241815044000000000","properties":{"id":"1979193889241815044000000000","pnu":"1221012200107200003","year":1979,"purpose":"단독주택"},"geometry":{"type":"MultiPolygon","coordinates":[[[[126.933707,35.132678],[126.933838,35.132641],[126.933817,35.132588],[126.933686,35.132625],[126.933707,35.132678]]]]}},{"type":"Feature","id":"1979193900901812615500000000","properties":{"id":"1979193900901812615500000000","pnu":"1221012200108220006","year":1979,"purpose":"제2종 근린생활시설","far":77.4,"floors":2,"structure":"벽돌구조"},"geometry":{"type":"MultiPolygon","coordinates":[[[[126.933926,35.130491],[126.933927,35.130455],[126.933919,35.130454],[126.93392,35.130395],[126.933862,35.130394],[126.933861,35.130492],[126.933926,35.130491]]]]}},{"type":"Feature","id":"1979193912531815161100000000","properties":{"id":"1979193912531815161100000000","pnu":"1221012200107270000","year":1979,"purpose":"단독주택","floors":2,"structure":"벽돌구조"},"geometry":{"type":"MultiPolygon","coordinates":[[[[126.934044,35.132766],[126.934079,35.13273],[126.934073,35.132702],[126.933954,35.132726],[126.933963,35.13276],[126.933988,35.132773],[126.934044,35.132766]]]]}},{"type":"Feature","id":"1979193918281815014500000000","properties":{"id":"1979193918281815014500000000","pnu":"1221012200107270004","year":1979,"purpose":"단독주택","floors":2,"structure":"벽돌구조"},"geometry":{"type":"MultiPolygon","coordinates":[[[[126.934038,35.132644],[126.93414,35.132627],[126.934131,35.132574],[126.934068,35.132579],[126.934064,35.132576],[126.93402,35.132584],[126.934038,35.132644]]]]}},{"type":"Feature","id":"1979193958041814806600000000","properties":{"id":"1979193958041814806600000000","pnu":"1221012200107270009","year":1979,"purpose":"단독주택","floors":2,"structure":"벽돌구조"},"geometry":{"type":"MultiPolygon","coordinates":[[[[126.934488,35.132467],[126.93456,35.132456],[126.934546,35.132373],[126.934475,35.132382],[126.934488,35.132467]]]]}},{"type":"Feature","id":"1979193966841814778000000000","properties":{"id":"1979193966841814778000000000","pnu":"1221012200107270011","year":1979,"purpose":"단독주택","floors":2,"structure":"벽돌구조"},"geometry":{"type":"MultiPolygon","coordinates":[[[[126.934579,35.132441],[126.93467,35.13239],[126.934665,35.132361],[126.934565,35.132376],[126.934579,35.132441]]]]}},{"type":"Feature","id":"1979194012491812640200000000","properties":{"id":"1979194012491812640200000000","pnu":"1221011900107160016","year":1979,"purpose":"단독주택"},"geometry":{"type":"MultiPolygon","coordinates":[[[[126.935152,35.13053],[126.935189,35.130498],[126.935104,35.130443],[126.935125,35.130412],[126.935102,35.130394],[126.935051,35.130455],[126.935152,35.13053]]]]}},{"type":"Feature","id":"1979194032771811607100000000","properties":{"id":"1979194032771811607100000000","pnu":"1221011900106980033","year":1979,"purpose":"단독주택","floors":2,"structure":"벽돌구조"},"geometry":{"type":"MultiPolygon","coordinates":[[[[126.93532,35.129582],[126.935395,35.129523],[126.935359,35.129491],[126.935284,35.129548],[126.93532,35.129582]]]]}},{"type":"Feature","id":"1979194035031812266100000000","properties":{"id":"1979194035031812266100000000","pnu":"1221011900107230011","purpose":"기타","structure":"벽돌구조"},"geometry":{"type":"MultiPolygon","coordinates":[[[[126.935364,35.130135],[126.935364,35.130135],[126.935365,35.130134],[126.935366,35.130134],[126.935367,35.130134],[126.935368,35.130133],[126.935368,35.130132],[126.935369,35.130132],[126.935369,35.130131],[126.935369,35.13013],[126.935369,35.130129],[126.935369,35.130129],[126.935368,35.130128],[126.935368,35.130127],[126.935367,35.130127],[126.935366,35.130126],[126.935365,35.130126],[126.935364,35.130126],[126.935364,35.130126],[126.935363,35.130126],[126.935362,35.130126],[126.935361,35.130126],[126.93536,35.130127],[126.935359,35.130127],[126.935359,35.130128],[126.935358,35.130129],[126.935358,35.130129],[126.935358,35.13013],[126.935358,35.130131],[126.935358,35.130132],[126.935359,35.130132],[126.935359,35.130133],[126.93536,35.130134],[126.935361,35.130134],[126.935362,35.130134],[126.935363,35.130135],[126.935364,35.130135]]]]}},{"type":"Feature","id":"1979194039831812180700000000","properties":{"id":"1979194039831812180700000000","pnu":"1221011900107230011","year":1979,"purpose":"단독주택","floors":2,"structure":"벽돌구조"},"geometry":{"type":"MultiPolygon","coordinates":[[[[126.935347,35.13005],[126.935417,35.130114],[126.935489,35.130054],[126.935407,35.129993],[126.935347,35.13005]]]]}},{"type":"Feature","id":"1979194059591812014100000000","properties":{"id":"1979194059591812014100000000","pnu":"1221011900106970005","year":1979,"purpose":"단독주택"},"geometry":{"type":"MultiPolygon","coordinates":[[[[126.935558,35.129901],[126.935615,35.129958],[126.935707,35.129892],[126.935668,35.129853],[126.935642,35.12987],[126.935635,35.129865],[126.935607,35.129885],[126.935601,35.129878],[126.935558,35.129901]]]]}},{"type":"Feature","id":"1979194067691812077500000000","properties":{"id":"1979194067691812077500000000","pnu":"1221011900106970004","year":1979,"purpose":"단독주택","floors":1,"structure":"벽돌구조"},"geometry":{"type":"MultiPolygon","coordinates":[[[[126.935644,35.129965],[126.9357,35.130021],[126.935801,35.129951],[126.935757,35.129907],[126.935733,35.129919],[126.935723,35.12991],[126.935644,35.129965]]]]}},{"type":"Feature","id":"1979194076491812556800000000","properties":{"id":"1979194076491812556800000000","pnu":"1221011900107170001","year":1979,"purpose":"공동주택","floors":2,"structure":"벽돌구조"},"geometry":{"type":"MultiPolygon","coordinates":[[[[126.935639,35.130379],[126.935709,35.130449],[126.935772,35.130411],[126.9359,35.130531],[126.935983,35.130476],[126.935858,35.130349],[126.9359,35.130319],[126.935833,35.130256],[126.935639,35.130379]]]]}},{"type":"Feature","id":"1979194078741813167700000000","properties":{"id":"1979194078741813167700000000","pnu":"1221011900107170001","year":1979,"purpose":"공동주택","floors":5,"structure":"철근콘크리트구조"},"geometry":{"type":"MultiPolygon","coordinates":[[[[126.935975,35.131162],[126.93607,35.131093],[126.935711,35.130727],[126.935611,35.130786],[126.935975,35.131162]]]]}},{"type":"Feature","id":"1979194095831812388700000000","properties":{"id":"1979194095831812388700000000","pnu":"1221011900107230038","year":1979,"purpose":"단독주택","floors":1,"structure":"벽돌구조"},"geometry":{"type":"MultiPolygon","coordinates":[[[[126.935958,35.130224],[126.93605,35.130301],[126.936101,35.130243],[126.936068,35.13022],[126.936062,35.130224],[126.936003,35.130187],[126.935958,35.130224]]]]}},{"type":"Feature","id":"1979194101171812982000000000","properties":{"id":"1979194101171812982000000000","pnu":"1221011900107170001","year":1979,"purpose":"공동주택","floors":5,"structure":"철근콘크리트구조"},"geometry":{"type":"MultiPolygon","coordinates":[[[[126.93586,35.130623],[126.936217,35.130998],[126.936318,35.130933],[126.935963,35.130554],[126.93586,35.130623]]]]}},{"type":"Feature","id":"1979194102821813551900000000","properties":{"id":"1979194102821813551900000000","pnu":"1221011900107170001","year":1979,"purpose":"공동주택","floors":3,"structure":"철근콘크리트구조"},"geometry":{"type":"MultiPolygon","coordinates":[[[[126.93599,35.13126],[126.936081,35.131386],[126.936228,35.131327],[126.936119,35.131186],[126.93599,35.13126]]]]}},{"type":"Feature","id":"1979194104021812658200000000","properties":{"id":"1979194104021812658200000000","pnu":"1221011900107230032","year":1979,"purpose":"단독주택","floors":1,"structure":"벽돌구조"},"geometry":{"type":"MultiPolygon","coordinates":[[[[126.936047,35.130478],[126.936123,35.130549],[126.936188,35.130498],[126.936148,35.130458],[126.936162,35.130446],[126.93613,35.130417],[126.936047,35.130478]]]]}},{"type":"Feature","id":"1979194115171813396800000000","properties":{"id":"1979194115171813396800000000","pnu":"1221011900107220031","year":1979,"purpose":"단독주택","floors":2,"structure":"벽돌구조"},"geometry":{"type":"MultiPolygon","coordinates":[[[[126.936159,35.131141],[126.936192,35.131204],[126.936324,35.131158],[126.936294,35.131096],[126.936159,35.131141]]]]}},{"type":"Feature","id":"1979194120201812189100000000","properties":{"id":"1979194120201812189100000000","pnu":"1221011900107240001","year":1979,"purpose":"단독주택","floors":1,"structure":"벽돌구조"},"geometry":{"type":"MultiPolygon","coordinates":[[[[126.936288,35.130108],[126.936344,35.130042],[126.936307,35.130016],[126.936253,35.130079],[126.936288,35.130108]]]]}},{"type":"Feature","id":"1979194123331812256400000000","properties":{"id":"1979194123331812256400000000","pnu":"1221011900107240001","purpose":"기타","structure":"벽돌구조"},"geometry":{"type":"MultiPolygon","coordinates":[[[[126.936377,35.13011],[126.936335,35.130083],[126.936302,35.130119],[126.936295,35.130147],[126.936326,35.13016],[126.936377,35.13011]]]]}},{"type":"Feature","id":"1979194156181812689700000000","properties":{"id":"1979194156181812689700000000","pnu":"1221011900107250006","year":1979,"purpose":"단독주택","floors":2,"structure":"벽돌구조"},"geometry":{"type":"MultiPolygon","coordinates":[[[[126.936621,35.13052],[126.936701,35.130566],[126.936758,35.130497],[126.936703,35.130462],[126.936653,35.130499],[126.936644,35.130491],[126.936621,35.13052]]]]}},{"type":"Feature","id":"1979194159021812876500000000","properties":{"id":"1979194159021812876500000000","pnu":"1221011900107220061","year":1979,"purpose":"단독주택","floors":2,"structure":"벽돌구조"},"geometry":{"type":"MultiPolygon","coordinates":[[[[126.936701,35.130722],[126.936782,35.130687],[126.936773,35.130661],[126.936746,35.130668],[126.936732,35.130643],[126.93667,35.130665],[126.936701,35.130722]]]]}},{"type":"Feature","id":"1979194171341813309100000000","properties":{"id":"1979194171341813309100000000","pnu":"1221011900107220020","year":1979,"purpose":"단독주택","far":67.55,"floors":2,"structure":"벽돌구조"},"geometry":{"type":"MultiPolygon","coordinates":[[[[126.936813,35.131128],[126.93693,35.131092],[126.936895,35.131009],[126.936802,35.131046],[126.936808,35.131072],[126.936788,35.131079],[126.936813,35.131128]]]]}},{"type":"Feature","id":"1979194209771813626100000000","properties":{"id":"1979194209771813626100000000","pnu":"1221011900107220009","year":1979,"purpose":"단독주택","floors":1,"structure":"벽돌구조"},"geometry":{"type":"MultiPolygon","coordinates":[[[[126.93721,35.131325],[126.937255,35.131419],[126.937351,35.131388],[126.937304,35.131295],[126.93721,35.131325]]]]}},{"type":"Feature","id":"1979194232101813867700000000","properties":{"id":"1979194232101813867700000000","pnu":"1221011900107270001","year":1979,"purpose":"단독주택"},"geometry":{"type":"MultiPolygon","coordinates":[[[[126.937456,35.131584],[126.937518,35.131629],[126.937591,35.131566],[126.937535,35.13152],[126.937456,35.131584]]]]}},{"type":"Feature","id":"1980193480971810239200000000","properties":{"id":"1980193480971810239200000000","pnu":"1221011900109880000","year":1980,"purpose":"기타"},"geometry":{"type":"MultiPolygon","coordinates":[[[[126.929229,35.128252],[126.929218,35.128336],[126.929343,35.128348],[126.929355,35.128263],[126.929229,35.128252]]]]}},{"type":"Feature","id":"1980193491591810245800000000","properties":{"id":"1980193491591810245800000000","pnu":"1221011900109880000","year":1980,"purpose":"기타"},"geometry":{"type":"MultiPolygon","coordinates":[[[[126.929346,35.128338],[126.929445,35.12835],[126.929462,35.128272],[126.929355,35.128264],[126.929346,35.128338]]]]}},{"type":"Feature","id":"1980193683471810661100000000","properties":{"id":"1980193683471810661100000000","pnu":"1221011900105320013","year":1980,"purpose":"단독주택"},"geometry":{"type":"MultiPolygon","coordinates":[[[[126.931546,35.128708],[126.931554,35.12868],[126.931472,35.128654],[126.93146,35.128684],[126.931546,35.128708]]]]}},{"type":"Feature","id":"1980193758861814386300000000","properties":{"id":"1980193758861814386300000000","pnu":"1221012200107310027","year":1980,"purpose":"단독주택","floors":2,"structure":"벽돌구조"},"geometry":{"type":"MultiPolygon","coordinates":[[[[126.932407,35.132073],[126.932405,35.132],[126.93233,35.131999],[126.932329,35.132008],[126.932288,35.132007],[126.932288,35.132019],[126.932249,35.132019],[126.932247,35.132074],[126.932407,35.132073]]]]}},{"type":"Feature","id":"1980193779111812058400000000","properties":{"id":"1980193779111812058400000000","pnu":"1221011900105140008","year":1980,"purpose":"단독주택","far":131.98,"floors":3,"structure":"벽돌구조"},"geometry":{"type":"MultiPolygon","coordinates":[[[[126.932616,35.12991],[126.932532,35.129889],[126.932496,35.129971],[126.932578,35.129995],[126.932616,35.12991]]]]}},{"type":"Feature","id":"1980193884991814909300000000","properties":{"id":"1980193884991814909300000000","pnu":"1221012200107200008","purpose":"기타","structure":"벽돌구조"},"geometry":{"type":"MultiPolygon","coordinates":[[[[126.933695,35.13254],[126.933745,35.132532],[126.933736,35.132484],[126.933685,35.132491],[126.933695,35.13254]]]]}},{"type":"Feature","id":"1980193889411814823400000000","properties":{"id":"1980193889411814823400000000","pnu":"1221012200107200008","year":1980,"purpose":"제2종 근린생활시설","far":76.58,"floors":2,"structure":"철근콘크리트구조"},"geometry":{"type":"MultiPolygon","coordinates":[[[[126.933696,35.132487],[126.933851,35.132464],[126.933833,35.132382],[126.933677,35.132405],[126.933696,35.132487]]]]}},{"type":"Feature","id":"1980193889691814880100000000","properties":{"id":"1980193889691814880100000000","pnu":"1221012200107200008","purpose":"기타","structure":"벽돌구조"},"geometry":{"type":"MultiPolygon","coordinates":[[[[126.933748,35.132494],[126.933788,35.132489],[126.933786,35.132477],[126.933746,35.132482],[126.933748,35.132494]]]]}},{"type":"Feature","id":"1980193918551809992600000000","properties":{"id":"1980193918551809992600000000","pnu":"1221011900105530001","year":1980,"purpose":"단독주택"},"geometry":{"type":"MultiPolygon","coordinates":[[[[126.93405,35.128114],[126.934135,35.128098],[126.934126,35.128047],[126.934038,35.128063],[126.93405,35.128114]]]]}},{"type":"Feature","id":"1980193921901809929400000000","properties":{"id":"1980193921901809929400000000","pnu":"1221011900105530001","year":1980,"purpose":"단독주택"},"geometry":{"type":"MultiPolygon","coordinates":[[[[126.934124,35.128028],[126.934125,35.128028],[126.934126,35.128027],[126.934127,35.128027],[126.934128,35.128027],[126.934128,35.128026],[126.934129,35.128025],[126.934129,35.128025],[126.934129,35.128024],[126.93413,35.128023],[126.934129,35.128022],[126.934129,35.128022],[126.934129,35.128021],[126.934128,35.12802],[126.934128,35.12802],[126.934127,35.128019],[126.934126,35.128019],[126.934125,35.128019],[126.934124,35.128019],[126.934123,35.128019],[126.934122,35.128019],[126.934121,35.128019],[126.93412,35.12802],[126.93412,35.12802],[126.934119,35.128021],[126.934119,35.128022],[126.934119,35.128022],[126.934119,35.128023],[126.934119,35.128024],[126.934119,35.128025],[126.934119,35.128025],[126.93412,35.128026],[126.93412,35.128027],[126.934121,35.128027],[126.934122,35.128027],[126.934123,35.128028],[126.934124,35.128028]]]]}},{"type":"Feature","id":"1980193950511813977600000000","properties":{"id":"1980193950511813977600000000","pnu":"1221012200107850005","year":1980,"purpose":"단독주택","floors":2,"structure":"벽돌구조"},"geometry":{"type":"MultiPolygon","coordinates":[[[[126.934494,35.131619],[126.934376,35.131617],[126.934373,35.131723],[126.934494,35.131729],[126.934494,35.131619]]]]}},{"type":"Feature","id":"1980193976841814835900000000","properties":{"id":"1980193976841814835900000000","pnu":"1221012200102760003","year":1980,"purpose":"단독주택","floors":1,"structure":"블록구조"},"geometry":{"type":"MultiPolygon","coordinates":[[[[126.934701,35.132489],[126.934778,35.132445],[126.93475,35.132404],[126.934667,35.132444],[126.934701,35.132489]]]]}},{"type":"Feature","id":"1980193991051810541900000000","properties":{"id":"1980193991051810541900000000","pnu":"1221011900106980010","year":1980,"purpose":"단독주택","floors":1,"structure":"벽돌구조"},"geometry":{"type":"MultiPolygon","coordinates":[[[[126.934848,35.128627],[126.934954,35.128582],[126.934914,35.128526],[126.934813,35.128567],[126.934848,35.128627]]]]}},{"type":"Feature","id":"1980194002071810692100000000","properties":{"id":"1980194002071810692100000000","pnu":"1221011900106980008","year":1980,"purpose":"제2종 근린생활시설","far":42.67,"floors":1,"structure":"벽돌구조"},"geometry":{"type":"MultiPolygon","coordinates":[[[[126.93497,35.128773],[126.935083,35.128718],[126.935037,35.128649],[126.934923,35.128704],[126.93497,35.128773]]]]}},{"type":"Feature","id":"1980194007321812351700000000","properties":{"id":"1980194007321812351700000000","pnu":"1221011900107170006","year":1980,"purpose":"단독주택","floors":1,"structure":"벽돌구조"},"geometry":{"type":"MultiPolygon","coordinates":[[[[126.935071,35.13026],[126.935121,35.130219],[126.935054,35.130155],[126.934995,35.130196],[126.935071,35.13026]]]]}},{"type":"Feature","id":"1980194008701810744400000000","properties":{"id":"1980194008701810744400000000","pnu":"1221011900106980008","purpose":"기타","structure":"벽돌구조"},"geometry":{"type":"MultiPolygon","coordinates":[[[[126.935056,35.128772],[126.935076,35.128779],[126.935095,35.128745],[126.935075,35.128737],[126.935056,35.128772]]]]}},{"type":"Feature","id":"1980194074241812157500000000","properties":{"id":"1980194074241812157500000000","pnu":"1221011900106970001","year":1980,"purpose":"단독주택","floors":2,"structure":"벽돌구조"},"geometry":{"type":"MultiPolygon","coordinates":[[[[126.93571,35.130029],[126.935815,35.130103],[126.935854,35.130075],[126.935819,35.130037],[126.935857,35.130007],[126.935814,35.129964],[126.93571,35.130029]]]]}},{"type":"Feature","id":"1980194088771812455700000000","properties":{"id":"1980194088771812455700000000","pnu":"1221011900107230030","year":1980,"purpose":"단독주택","floors":2,"structure":"벽돌구조"},"geometry":{"type":"MultiPolygon","coordinates":[[[[126.935893,35.130262],[126.935935,35.130353],[126.935952,35.130348],[126.935962,35.130364],[126.936011,35.130339],[126.935965,35.13024],[126.935893,35.130262]]]]}},{"type":"Feature","id":"1980194093771812468100000000","properties":{"id":"1980194093771812468100000000","pnu":"1221011900107230030","purpose":"기타","structure":"벽돌구조"},"geometry":{"type":"MultiPolygon","coordinates":[[[[126.936008,35.130317],[126.936009,35.130317],[126.93601,35.130317],[126.936011,35.130316],[126.936011,35.130316],[126.936012,35.130315],[126.936013,35.130315],[126.936013,35.130314],[126.936013,35.130313],[126.936013,35.130313],[126.936013,35.130312],[126.936013,35.130311],[126.936013,35.13031],[126.936012,35.13031],[126.936011,35.130309],[126.936011,35.130309],[126.93601,35.130308],[126.936009,35.130308],[126.936008,35.130308],[126.936007,35.130308],[126.936006,35.130308],[126.936005,35.130309],[126.936004,35.130309],[126.936004,35.13031],[126.936003,35.13031],[126.936003,35.130311],[126.936002,35.130312],[126.936002,35.130313],[126.936002,35.130313],[126.936003,35.130314],[126.936003,35.130315],[126.936004,35.130315],[126.936004,35.130316],[126.936005,35.130316],[126.936006,35.130317],[126.936007,35.130317],[126.936008,35.130317]]]]}},{"type":"Feature","id":"1980194113981812560200000000","properties":{"id":"1980194113981812560200000000","pnu":"1221011900107230035","year":1980,"purpose":"단독주택","floors":2,"structure":"벽돌구조"},"geometry":{"type":"MultiPolygon","coordinates":[[[[126.936146,35.130402],[126.936223,35.130465],[126.936292,35.130407],[126.936278,35.130397],[126.936306,35.130369],[126.936266,35.130338],[126.936252,35.130349],[126.936234,35.130333],[126.936146,35.130402]]]]}},{"type":"Feature","id":"1980194121101812694100000000","properties":{"id":"1980194121101812694100000000","pnu":"1221011900107230040","year":1980,"purpose":"단독주택","floors":2,"structure":"벽돌구조"},"geometry":{"type":"MultiPolygon","coordinates":[[[[126.936236,35.130518],[126.936293,35.130572],[126.93638,35.130508],[126.936352,35.130476],[126.93632,35.130473],[126.936291,35.130489],[126.936279,35.130481],[126.936236,35.130518]]]]}},{"type":"Feature","id":"1980194123221812611800000000","properties":{"id":"1980194123221812611800000000","pnu":"1221011900107230040","purpose":"기타","structure":"벽돌구조"},"geometry":{"type":"MultiPolygon","coordinates":[[[[126.936331,35.130447],[126.936332,35.130447],[126.936333,35.130446],[126.936334,35.130446],[126.936334,35.130446],[126.936335,35.130445],[126.936336,35.130444],[126.936336,35.130444],[126.936336,35.130443],[126.936336,35.130442],[126.936336,35.130441],[126.936336,35.130441],[126.936336,35.13044],[126.936335,35.130439],[126.936334,35.130439],[126.936334,35.130438],[126.936333,35.130438],[126.936332,35.130438],[126.936331,35.130438],[126.93633,35.130438],[126.936329,35.130438],[126.936328,35.130438],[126.936327,35.130439],[126.936327,35.130439],[126.936326,35.13044],[126.936326,35.130441],[126.936325,35.130441],[126.936325,35.130442],[126.936325,35.130443],[126.936326,35.130444],[126.936326,35.130444],[126.936327,35.130445],[126.936327,35.130446],[126.936328,35.130446],[126.936329,35.130446],[126.93633,35.130447],[126.936331,35.130447]]]]}},{"type":"Feature","id":"1980194132561812976500000000","properties":{"id":"1980194132561812976500000000","pnu":"1221011900107220024","year":1980,"purpose":"단독주택","floors":2,"structure":"벽돌구조"},"geometry":{"type":"MultiPolygon","coordinates":[[[[126.936345,35.130758],[126.936386,35.13083],[126.936522,35.130779],[126.936484,35.130715],[126.936345,35.130758]]]]}},{"type":"Feature","id":"1980194149061812904700000000","properties":{"id":"1980194149061812904700000000","pnu":"1221011900107220016","year":1980,"purpose":"단독주택","floors":2,"structure":"벽돌구조"},"geometry":{"type":"MultiPolygon","coordinates":[[[[126.936551,35.1307],[126.936589,35.130762],[126.936674,35.130722],[126.936642,35.130652],[126.936586,35.130666],[126.936592,35.130682],[126.936551,35.1307]]]]}},{"type":"Feature","id":"1980194197051813181000000000","properties":{"id":"1980194197051813181000000000","pnu":"1221011900107220012","year":1980,"purpose":"단독주택","floors":2,"structure":"벽돌구조"},"geometry":{"type":"MultiPolygon","coordinates":[[[[126.937082,35.130916],[126.937143,35.131022],[126.937198,35.130996],[126.937139,35.13089],[126.937082,35.130916]]]]}},{"type":"Feature","id":"1980194203541813830800000000","properties":{"id":"1980194203541813830800000000","pnu":"1221011900107220005","year":1980,"purpose":"단독주택","floors":2,"structure":"벽돌구조"},"geometry":{"type":"MultiPolygon","coordinates":[[[[126.937148,35.131537],[126.937183,35.131598],[126.937269,35.131564],[126.937231,35.131477],[126.937186,35.131492],[126.9372,35.131521],[126.937148,35.131537]]]]}},{"type":"Feature","id":"1980194231571815490400000000","properties":{"id":"1980194231571815490400000000","pnu":"1221012100108720000","year":1980,"purpose":"단독주택","floors":1,"structure":"벽돌구조"},"geometry":{"type":"MultiPolygon","coordinates":[[[[126.937599,35.133068],[126.937498,35.132969],[126.937461,35.132995],[126.937484,35.133017],[126.937473,35.133025],[126.937481,35.133032],[126.937458,35.133048],[126.937499,35.133088],[126.937599,35.133068]]]]}},{"type":"Feature","id":"1980194245711813321900000000","properties":{"id":"1980194245711813321900000000","pnu":"1221011900107280002","purpose":"기타","structure":"벽돌구조"},"geometry":{"type":"MultiPolygon","coordinates":[[[[126.937639,35.131087],[126.937705,35.131105],[126.937712,35.131085],[126.93765,35.131058],[126.937639,35.131087]]]]}},{"type":"Feature","id":"1980194250891813407200000000","properties":{"id":"1980194250891813407200000000","pnu":"1221011900107280002","year":1980,"purpose":"단독주택","floors":2,"structure":"벽돌구조"},"geometry":{"type":"MultiPolygon","coordinates":[[[[126.937642,35.131194],[126.937832,35.131196],[126.937835,35.131158],[126.937773,35.131118],[126.93776,35.131132],[126.937709,35.131129],[126.937708,35.131113],[126.937646,35.131114],[126.937642,35.131194]]]]}},{"type":"Feature","id":"1980194252011813517200000000","properties":{"id":"1980194252011813517200000000","pnu":"1221011900107280001","year":1980,"purpose":"제2종 근린생활시설"},"geometry":{"type":"MultiPolygon","coordinates":[[[[126.937666,35.131295],[126.937814,35.131292],[126.937814,35.131274],[126.937829,35.13127],[126.937828,35.131237],[126.937806,35.131236],[126.937807,35.131223],[126.937664,35.131227],[126.937666,35.131295]]]]}},{"type":"Feature","id":"1981193592731812168800000000","properties":{"id":"1981193592731812168800000000","pnu":"1221011900108550001","purpose":"단독주택"},"geometry":{"type":"MultiPolygon","coordinates":[[[[126.930556,35.130077],[126.930569,35.130053],[126.930467,35.130003],[126.93045,35.130024],[126.930556,35.130077]]]]}},{"type":"Feature","id":"1981193603651810926800000000","properties":{"id":"1981193603651810926800000000","pnu":"1221011900105260025","year":1981,"purpose":"제1종 근린생활시설"},"geometry":{"type":"MultiPolygon","coordinates":[[[[126.930711,35.128895],[126.930592,35.12886],[126.930554,35.128947],[126.930669,35.12898],[126.930711,35.128895]]]]}},{"type":"Feature","id":"1981193617091810976400000000","properties":{"id":"1981193617091810976400000000","pnu":"1221011900105260027","year":1981,"purpose":"제1종 근린생활시설"},"geometry":{"type":"MultiPolygon","coordinates":[[[[126.930815,35.129022],[126.930859,35.128943],[126.930739,35.128908],[126.930702,35.128987],[126.930815,35.129022]]]]}},{"type":"Feature","id":"1981193628461811029600000000","properties":{"id":"1981193628461811029600000000","pnu":"1221011900105260028","year":1981,"purpose":"제2종 근린생활시설"},"geometry":{"type":"MultiPolygon","coordinates":[[[[126.93094,35.12907],[126.930963,35.129015],[126.930945,35.12898],[126.930875,35.128958],[126.930835,35.129029],[126.93094,35.12907]]]]}},{"type":"Feature","id":"1981193752931813475000000000","properties":{"id":"1981193752931813475000000000","pnu":"1221012200107810013","purpose":"기타","structure":"벽돌구조"},"geometry":{"type":"MultiPolygon","coordinates":[[[[126.932248,35.131224],[126.932287,35.131225],[126.932287,35.131212],[126.932248,35.131211],[126.932248,35.131224]]]]}},{"type":"Feature","id":"1981193757001813548100000000","properties":{"id":"1981193757001813548100000000","pnu":"1221012200107810013","year":1981,"purpose":"단독주택","far":57.61,"floors":1,"structure":"벽돌구조"},"geometry":{"type":"MultiPolygon","coordinates":[[[[126.932383,35.131323],[126.932387,35.131246],[126.932242,35.131243],[126.93224,35.131325],[126.932383,35.131323]]]]}},{"type":"Feature","id":"1981193758171813655500000000","properties":{"id":"1981193758171813655500000000","pnu":"1221012200107810003","year":1981,"purpose":"제2종 근린생활시설"},"geometry":{"type":"MultiPolygon","coordinates":[[[[126.932402,35.131415],[126.932404,35.131338],[126.932352,35.131337],[126.932351,35.13135],[126.93231,35.131349],[126.93231,35.131354],[126.932239,35.131352],[126.932238,35.131415],[126.932402,35.131415]]]]}},{"type":"Feature","id":"1981193762211814221500000000","properties":{"id":"1981193762211814221500000000","pnu":"1221012200107310028","year":1981,"purpose":"단독주택","floors":2,"structure":"벽돌구조"},"geometry":{"type":"MultiPolygon","coordinates":[[[[126.932325,35.131941],[126.932379,35.131942],[126.93238,35.131933],[126.932421,35.131934],[126.932421,35.131897],[126.932407,35.131896],[126.932405,35.131839],[126.932328,35.131838],[126.932325,35.131941]]]]}},{"type":"Feature","id":"1981193801661816447000000000","properties":{"id":"1981193801661816447000000000","pnu":"1221012200107090000","year":1981,"purpose":"단독주택"},"geometry":{"type":"MultiPolygon","coordinates":[[[[126.932782,35.133946],[126.932865,35.133895],[126.932803,35.133847],[126.932754,35.133888],[126.932761,35.133896],[126.932743,35.13391],[126.932782,35.133946]]]]}},{"type":"Feature","id":"1981193807521813747100000000","properties":{"id":"1981193807521813747100000000","pnu":"1221012200107830000","year":1981,"purpose":"단독주택","floors":2,"structure":"벽돌구조"},"geometry":{"type":"MultiPolygon","coordinates":[[[[126.932909,35.131498],[126.932914,35.131445],[126.932864,35.131438],[126.932863,35.131441],[126.932839,35.131437],[126.932839,35.131442],[126.93281,35.131439],[126.932808,35.131462],[126.932851,35.131487],[126.932909,35.131498]]]]}},{"type":"Feature","id":"1981193807601813647700000000","properties":{"id":"1981193807601813647700000000","pnu":"1221012200107830001","year":1981,"purpose":"단독주택","floors":2,"structure":"벽돌구조"},"geometry":{"type":"MultiPolygon","coordinates":[[[[126.93292,35.131355],[126.932847,35.131343],[126.932847,35.13135],[126.932819,35.131349],[126.932814,35.131394],[126.932911,35.131405],[126.93292,35.131355]]]]}},{"type":"Feature","id":"1981193816231814014000000000","properties":{"id":"1981193816231814014000000000","pnu":"1221012200107300028","year":1981,"purpose":"단독주택","floors":2,"structure":"벽돌구조"},"geometry":{"type":"MultiPolygon","coordinates":[[[[126.932926,35.131756],[126.932994,35.131761],[126.932998,35.131651],[126.932928,35.13165],[126.932926,35.131756]]]]}},{"type":"Feature","id":"1981193817081813798200000000","properties":{"id":"1981193817081813798200000000","pnu":"1221012200107830004","year":1981,"purpose":"단독주택","floors":2,"structure":"벽돌구조"},"geometry":{"type":"MultiPolygon","coordinates":[[[[126.933011,35.131472],[126.932945,35.131467],[126.932936,35.131534],[126.932938,35.131549],[126.932992,35.131555],[126.933011,35.131472]]]]}},{"type":"Feature","id":"1981193818931813698900000000","properties":{"id":"1981193818931813698900000000","pnu":"1221012200107830003","year":1981,"purpose":"단독주택","floors":2,"structure":"벽돌구조"},"geometry":{"type":"MultiPolygon","coordinates":[[[[126.932947,35.131383],[126.932946,35.131449],[126.933044,35.131451],[126.933045,35.131413],[126.933028,35.131413],[126.933028,35.131402],[126.933015,35.131401],[126.933015,35.131388],[126.932947,35.131383]]]]}},{"type":"Feature","id":"1981193826471813745400000000","properties":{"id":"1981193826471813745400000000","pnu":"1221012200107830006","purpose":"기타","structure":"벽돌구조"},"geometry":{"type":"MultiPolygon","coordinates":[[[[126.933062,35.131466],[126.933086,35.131466],[126.933086,35.131458],[126.933062,35.131458],[126.933062,35.131466]]]]}},{"type":"Feature","id":"1981193828161814023500000000","properties":{"id":"1981193828161814023500000000","pnu":"1221012200107300029","year":1981,"purpose":"단독주택","floors":2,"structure":"벽돌구조"},"geometry":{"type":"MultiPolygon","coordinates":[[[[126.933036,35.131746],[126.933154,35.131744],[126.933156,35.131687],[126.933088,35.131686],[126.933089,35.131676],[126.933036,35.131674],[126.933036,35.131746]]]]}},{"type":"Feature","id":"1981193828811813923300000000","properties":{"id":"1981193828811813923300000000","pnu":"1221012200107830008","year":1981,"purpose":"단독주택","floors":2,"structure":"벽돌구조"},"geometry":{"type":"MultiPolygon","coordinates":[[[[126.933045,35.131652],[126.933158,35.131651],[126.933159,35.131599],[126.933097,35.131598],[126.933098,35.131589],[126.933047,35.131588],[126.933045,35.131652]]]]}},{"type":"Feature","id":"1981193830031813805000000000","properties":{"id":"1981193830031813805000000000","pnu":"1221012200107830006","year":1981,"purpose":"단독주택","far":105.48,"floors":2,"structure":"벽돌구조"},"geometry":{"type":"MultiPolygon","coordinates":[[[[126.933062,35.131549],[126.933173,35.131551],[126.933175,35.131502],[126.933145,35.131501],[126.933146,35.131485],[126.933108,35.131484],[126.933109,35.131473],[126.933063,35.131472],[126.933062,35.131549]]]]}},{"type":"Feature","id":"1981193830441813704900000000","properties":{"id":"1981193830441813704900000000","pnu":"1221012200107830005","year":1981,"purpose":"단독주택","far":95.17,"floors":2,"structure":"벽돌구조"},"geometry":{"type":"MultiPolygon","coordinates":[[[[126.933064,35.131445],[126.933177,35.131453],[126.933178,35.131416],[126.933155,35.131414],[126.933155,35.131406],[126.933109,35.131403],[126.933109,35.131395],[126.933065,35.131397],[126.933064,35.131445]]]]}},{"type":"Feature","id":"1981193833641814923900000000","properties":{"id":"1981193833641814923900000000","pnu":"1221012200107200005","year":1981,"purpose":"제1종 근린생활시설","floors":2,"structure":"벽돌구조"},"geometry":{"type":"MultiPolygon","coordinates":[[[[126.932979,35.132584],[126.933334,35.132531],[126.933318,35.132463],[126.932965,35.132522],[126.932979,35.132584]]]]}},{"type":"Feature","id":"1981193835031813667300000000","properties":{"id":"1981193835031813667300000000","pnu":"1221012200107830005","purpose":"기타","structure":"벽돌구조"},"geometry":{"type":"MultiPolygon","coordinates":[[[[126.933162,35.131395],[126.933173,35.131397],[126.933174,35.131389],[126.933164,35.131387],[126.933162,35.131395]]]]}},{"type":"Feature","id":"1981193836121813749300000000","properties":{"id":"1981193836121813749300000000","pnu":"1221012200107830006","purpose":"기타","structure":"벽돌구조"},"geometry":{"type":"MultiPolygon","coordinates":[[[[126.933166,35.13147],[126.933194,35.13147],[126.933194,35.131461],[126.933166,35.131461],[126.933166,35.13147]]]]}},{"type":"Feature","id":"1981193846811813960300000000","properties":{"id":"1981193846811813960300000000","pnu":"1221012200107830011","year":1981,"purpose":"단독주택","floors":1,"structure":"벽돌구조"},"geometry":{"type":"MultiPolygon","coordinates":[[[[126.933354,35.131605],[126.933255,35.131603],[126.933247,35.13171],[126.93333,35.131713],[126.933354,35.131605]]]]}},{"type":"Feature","id":"1981193849291813838400000000","properties":{"id":"1981193849291813838400000000","pnu":"1221012200107830012","year":1981,"purpose":"단독주택","floors":1,"structure":"벽돌구조"},"geometry":{"type":"MultiPolygon","coordinates":[[[[126.933373,35.131584],[126.933385,35.131508],[126.933335,35.131507],[126.933335,35.131512],[126.933305,35.131512],[126.933305,35.131514],[126.933268,35.131513],[126.933266,35.131582],[126.933373,35.131584]]]]}},{"type":"Feature","id":"1981193850421812834700000000","properties":{"id":"1981193850421812834700000000","pnu":"1221012200108140000","year":1981,"purpose":"단독주택","far":38.39,"floors":1,"structure":"벽돌구조"},"geometry":{"type":"MultiPolygon","coordinates":[[[[126.933393,35.130681],[126.9334,35.130626],[126.933285,35.130603],[126.933271,35.130655],[126.933393,35.130681]]]]}},{"type":"Feature","id":"1981193850481813738100000000","properties":{"id":"1981193850481813738100000000","pnu":"1221012200107830013","year":1981,"purpose":"단독주택","floors":1,"structure":"벽돌구조"},"geometry":{"type":"MultiPolygon","coordinates":[[[[126.933398,35.131412],[126.933341,35.131409],[126.93334,35.131433],[126.933291,35.131432],[126.933291,35.13145],[126.93326,35.13145],[126.933259,35.131487],[126.933393,35.131491],[126.933398,35.131412]]]]}},{"type":"Feature","id":"1981193853941812943300000000","properties":{"id":"1981193853941812943300000000","pnu":"1221012200108140000","purpose":"기타","structure":"벽돌구조"},"geometry":{"type":"MultiPolygon","coordinates":[[[[126.933393,35.130709],[126.933367,35.130706],[126.93336,35.130772],[126.933384,35.130773],[126.933393,35.130709]]]]}},{"type":"Feature","id":"1981193866731812537300000000","properties":{"id":"1981193866731812537300000000","pnu":"1221012200108160002","year":1981,"purpose":"기타","far":30.558,"floors":1,"structure":"벽돌구조"},"geometry":{"type":"MultiPolygon","coordinates":[[[[126.933463,35.130395],[126.933579,35.130377],[126.933576,35.130354],[126.933456,35.130368],[126.933463,35.130395]]]]}},{"type":"Feature","id":"1981193921461814744200000000","properties":{"id":"1981193921461814744200000000","pnu":"1221012200107270010","year":1981,"purpose":"제1종 근린생활시설","floors":2,"structure":"벽돌구조"},"geometry":{"type":"MultiPolygon","coordinates":[[[[126.934051,35.132412],[126.93422,35.132376],[126.934208,35.132316],[126.934002,35.132348],[126.934039,35.132409],[126.934051,35.132412]]]]}},{"type":"Feature","id":"1981193938291814712300000000","properties":{"id":"1981193938291814712300000000","pnu":"1221012200107270012","year":1981,"purpose":"단독주택","floors":2,"structure":"벽돌구조"},"geometry":{"type":"MultiPolygon","coordinates":[[[[126.934238,35.132384],[126.934385,35.132359],[126.934366,35.132287],[126.934215,35.132308],[126.934238,35.132384]]]]}},{"type":"Feature","id":"1981193959081814670800000000","properties":{"id":"1981193959081814670800000000","pnu":"1221012200107270013","year":1981,"purpose":"기타","far":105.36,"floors":2,"structure":"벽돌구조"},"geometry":{"type":"MultiPolygon","coordinates":[[[[126.93446,35.132342],[126.934613,35.132321],[126.9346,35.132254],[126.934444,35.132271],[126.93446,35.132342]]]]}},{"type":"Feature","id":"1981193974031814645100000000","properties":{"id":"1981193974031814645100000000","pnu":"1221012200107270014","year":1981,"purpose":"제1종 근린생활시설","floors":2,"structure":"벽돌구조"},"geometry":{"type":"MultiPolygon","coordinates":[[[[126.934625,35.132318],[126.934773,35.132298],[126.934757,35.132229],[126.934613,35.13225],[126.934625,35.132318]]]]}},{"type":"Feature","id":"1981193989991814602800000000","properties":{"id":"1981193989991814602800000000","pnu":"1221012200107270015","year":1981,"purpose":"제1종 근린생활시설","far":117.55,"floors":2,"structure":"벽돌구조"},"geometry":{"type":"MultiPolygon","coordinates":[[[[126.934769,35.132222],[126.934783,35.132279],[126.934967,35.132249],[126.934954,35.132194],[126.934769,35.132222]]]]}},{"type":"Feature","id":"1981194002791814583300000000","properties":{"id":"1981194002791814583300000000","pnu":"1221012200107270015","purpose":"기타"},"geometry":{"type":"MultiPolygon","coordinates":[[[[126.935059,35.132178],[126.934956,35.132194],[126.934972,35.132267],[126.935058,35.132237],[126.935049,35.132212],[126.935059,35.132209],[126.935059,35.132178]]]]}},{"type":"Feature","id":"1981194013721812271300000000","properties":{"id":"1981194013721812271300000000","pnu":"1221011900107170009","year":1981,"purpose":"단독주택","floors":1,"structure":"벽돌구조"},"geometry":{"type":"MultiPolygon","coordinates":[[[[126.935147,35.130201],[126.935189,35.130167],[126.935185,35.130158],[126.935199,35.130148],[126.935118,35.130071],[126.935055,35.130112],[126.935147,35.130201]]]]}},{"type":"Feature","id":"1981194111701812789500000000","properties":{"id":"1981194111701812789500000000","pnu":"1221011900107230033","year":1981,"purpose":"단독주택","floors":2,"structure":"벽돌구조"},"geometry":{"type":"MultiPolygon","coordinates":[[[[126.936131,35.130561],[126.936224,35.130678],[126.936278,35.130648],[126.936187,35.130526],[126.936131,35.130561]]]]}},{"type":"Feature","id":"1981194138961812699800000000","properties":{"id":"1981194138961812699800000000","pnu":"1221011900107220059","year":1981,"purpose":"단독주택","floors":2,"structure":"벽돌구조"},"geometry":{"type":"MultiPolygon","coordinates":[[[[126.936436,35.130499],[126.936473,35.130574],[126.936577,35.130532],[126.936567,35.130501],[126.936541,35.130506],[126.936523,35.130473],[126.936436,35.130499]]]]}},{"type":"Feature","id":"1981194191791815370300000000","properties":{"id":"1981194191791815370300000000","pnu":"1221012100108680000","year":1981,"purpose":"공동주택","floors":2,"structure":"벽돌구조"},"geometry":{"type":"MultiPolygon","coordinates":[[[[126.936861,35.132736],[126.936828,35.132775],[126.936865,35.132796],[126.936849,35.132815],[126.936874,35.132829],[126.936864,35.132839],[126.936891,35.132858],[126.936882,35.132867],[126.937189,35.13306],[126.937197,35.133055],[126.937228,35.133074],[126.937234,35.133067],[126.937276,35.133088],[126.937286,35.13308],[126.937308,35.133095],[126.937356,35.133047],[126.936861,35.132736]]]]}},{"type":"Feature","id":"1981194224661813573500000000","properties":{"id":"1981194224661813573500000000","pnu":"1221011900107220049","year":1981,"purpose":"단독주택","floors":1,"structure":"벽돌구조"},"geometry":{"type":"MultiPolygon","coordinates":[[[[126.937364,35.131296],[126.93739,35.13137],[126.937515,35.13134],[126.937486,35.131238],[126.937428,35.131256],[126.937434,35.131278],[126.937364,35.131296]]]]}},{"type":"Feature","id":"1981194297451814186400000000","properties":{"id":"1981194297451814186400000000","pnu":"1221011900107660001","year":1981,"purpose":"기타","floors":3,"structure":"철근콘크리트구조"},"geometry":{"type":"MultiPolygon","coordinates":[[[[126.938061,35.13189],[126.938123,35.131945],[126.938098,35.131964],[126.938123,35.131983],[126.938161,35.131985],[126.93819,35.131965],[126.938221,35.131987],[126.938415,35.131845],[126.938389,35.131817],[126.938404,35.131804],[126.938314,35.131733],[126.938293,35.131747],[126.938274,35.131728],[126.938061,35.13189]]]]}},{"type":"Feature","id":"1981194318791814032400000000","properties":{"id":"1981194318791814032400000000","pnu":"1221011900107660001","year":1981,"purpose":"기타","floors":3,"structure":"철근콘크리트구조"},"geometry":{"type":"MultiPolygon","coordinates":[[[[126.938416,35.13173],[126.938489,35.13177],[126.938535,35.131717],[126.938462,35.131679],[126.938416,35.13173]]]]}},{"type":"Feature","id":"1982193623341809913400000000","properties":{"id":"1982193623341809913400000000","pnu":"1221011900105840000","year":1982,"purpose":"제2종 근린생활시설","far":184.6065,"floors":3,"structure":"철근콘크리트구조"},"geometry":{"type":"MultiPolygon","coordinates":[[[[126.930866,35.128078],[126.930917,35.127961],[126.930829,35.127938],[126.93078,35.128051],[126.930866,35.128078]]]]}},{"type":"Feature","id":"1982193630971809992400000000","properties":{"id":"1982193630971809992400000000","pnu":"1221011900105840000","year":1982,"purpose":"제2종 근린생활시설"},"geometry":{"type":"MultiPolygon","coordinates":[[[[126.930962,35.128109],[126.930979,35.12807],[126.930902,35.128048],[126.930885,35.128087],[126.930962,35.128109]]]]}},{"type":"Feature","id":"1982193634301809922900000000","properties":{"id":"1982193634301809922900000000","pnu":"1221011900105840000","year":1982,"purpose":"제2종 근린생활시설"},"geometry":{"type":"MultiPolygon","coordinates":[[[[126.931013,35.128061],[126.931037,35.128],[126.930929,35.127969],[126.930898,35.128031],[126.931013,35.128061]]]]}},{"type":"Feature","id":"1982193638221815518600000000","properties":{"id":"1982193638221815518600000000","pnu":"1221012200106760011","year":1982,"purpose":"공동주택","floors":4,"structure":"철근콘크리트구조"},"geometry":{"type":"MultiPolygon","coordinates":[[[[126.930806,35.133144],[126.931231,35.133079],[126.931212,35.132975],[126.930783,35.13304],[126.930806,35.133144]]]]}},{"type":"Feature","id":"1982193804841814044900000000","properties":{"id":"1982193804841814044900000000","pnu":"1221012200107790005","year":1982,"purpose":"단독주택","floors":2,"structure":"벽돌구조"},"geometry":{"type":"MultiPolygon","coordinates":[[[[126.932903,35.13177],[126.932905,35.131694],[126.932844,35.131692],[126.932844,35.131702],[126.932761,35.131701],[126.93276,35.131739],[126.93278,35.131766],[126.932903,35.13177]]]]}},{"type":"Feature","id":"1982193864931815102800000000","properties":{"id":"1982193864931815102800000000","pnu":"1221012200107210001","year":1982,"purpose":"단독주택","far":113.53,"floors":2,"structure":"벽돌구조"},"geometry":{"type":"MultiPolygon","coordinates":[[[[126.933548,35.132734],[126.933526,35.132633],[126.933438,35.132642],[126.933459,35.132724],[126.933509,35.132742],[126.933548,35.132734]]]]}},{"type":"Feature","id":"1982193865071814992000000000","properties":{"id":"1982193865071814992000000000","pnu":"1221012200107210003","year":1982,"purpose":"단독주택","floors":1,"structure":"벽돌구조"},"geometry":{"type":"MultiPolygon","coordinates":[[[[126.933435,35.132625],[126.933571,35.1326],[126.933561,35.13255],[126.933424,35.132569],[126.933435,35.132625]]]]}},{"type":"Feature","id":"1982193869601815042900000000","properties":{"id":"1982193869601815042900000000","pnu":"1221012200107210001","purpose":"기타","structure":"벽돌구조"},"geometry":{"type":"MultiPolygon","coordinates":[[[[126.933542,35.132639],[126.933553,35.132638],[126.93355,35.132625],[126.93354,35.132626],[126.933542,35.132639]]]]}},{"type":"Feature","id":"1982193871351815143100000000","properties":{"id":"1982193871351815143100000000","pnu":"1221012200107210001","purpose":"기타","structure":"벽돌구조"},"geometry":{"type":"MultiPolygon","coordinates":[[[[126.933559,35.132714],[126.933562,35.132732],[126.933573,35.13273],[126.933569,35.132713],[126.933559,35.132714]]]]}},{"type":"Feature","id":"1982193873981815087500000000","properties":{"id":"1982193873981815087500000000","pnu":"1221012200107210002","year":1982,"purpose":"단독주택","far":110.69,"floors":2,"structure":"벽돌구조"},"geometry":{"type":"MultiPolygon","coordinates":[[[[126.933573,35.132725],[126.933634,35.132714],[126.93362,35.132624],[126.933578,35.132629],[126.933574,35.132622],[126.933554,35.132625],[126.933573,35.132725]]]]}},{"type":"Feature","id":"1982193881701815122800000000","properties":{"id":"1982193881701815122800000000","pnu":"1221012200107210002","purpose":"기타","structure":"벽돌구조"},"geometry":{"type":"MultiPolygon","coordinates":[[[[126.93367,35.132697],[126.933678,35.132714],[126.933689,35.132712],[126.933679,35.132694],[126.93367,35.132697]]]]}},{"type":"Feature","id":"1982193929661814864900000000","properties":{"id":"1982193929661814864900000000","pnu":"1221012200107270007","year":1982,"purpose":"단독주택","floors":2,"structure":"벽돌구조"},"geometry":{"type":"MultiPolygon","coordinates":[[[[126.93415,35.132508],[126.934271,35.13249],[126.934257,35.132435],[126.934189,35.132443],[126.93419,35.13245],[126.934139,35.132458],[126.93415,35.132508]]]]}},{"type":"Feature","id":"1982193951401812815600000000","properties":{"id":"1982193951401812815600000000","pnu":"1221012200108240002","year":1982,"purpose":"단독주택","far":94.57,"floors":2,"structure":"벽돌구조"},"geometry":{"type":"MultiPolygon","coordinates":[[[[126.934381,35.130657],[126.934512,35.130665],[126.934513,35.130606],[126.934499,35.130606],[126.9345,35.130597],[126.934454,35.130594],[126.934454,35.130584],[126.934397,35.130579],[126.934386,35.13059],[126.934381,35.130657]]]]}},{"type":"Feature","id":"1982193958001812790300000000","properties":{"id":"1982193958001812790300000000","pnu":"1221012200108240002","purpose":"기타","structure":"벽돌구조"},"geometry":{"type":"MultiPolygon","coordinates":[[[[126.934509,35.130602],[126.934523,35.13061],[126.934525,35.1306],[126.934516,35.130595],[126.934509,35.130602]]]]}},{"type":"Feature","id":"1982193987321814306600000000","properties":{"id":"1982193987321814306600000000","pnu":"1221012200107280010","year":1982,"purpose":"제1종 근린생활시설","far":52.46,"floors":2,"structure":"벽돌구조"},"geometry":{"type":"MultiPolygon","coordinates":[[[[126.934782,35.132018],[126.93491,35.131996],[126.934894,35.131921],[126.934769,35.131941],[126.934782,35.132018]]]]}},{"type":"Feature","id":"1982193987461814371800000000","properties":{"id":"1982193987461814371800000000","pnu":"1221012200107280010","year":1982,"purpose":"제1종 근린생활시설","far":52.46,"floors":2,"structure":"벽돌구조"},"geometry":{"type":"MultiPolygon","coordinates":[[[[126.934789,35.132052],[126.934899,35.132035],[126.93489,35.132002],[126.934778,35.132023],[126.934789,35.132052]]]]}},{"type":"Feature","id":"1982194022231814790600000000","properties":{"id":"1982194022231814790600000000","pnu":"1221012200102760001","year":1982,"purpose":"단독주택","floors":1,"structure":"벽돌구조"},"geometry":{"type":"MultiPolygon","coordinates":[[[[126.935119,35.132416],[126.93517,35.132478],[126.93532,35.132391],[126.935283,35.132334],[126.935119,35.132416]]]]}},{"type":"Feature","id":"1982194024731812560300000000","properties":{"id":"1982194024731812560300000000","pnu":"1221011900107170005","year":1982,"purpose":"공동주택","floors":5,"structure":"철근콘크리트구조"},"geometry":{"type":"MultiPolygon","coordinates":[[[[126.935275,35.130447],[126.935316,35.130415],[126.935221,35.130343],[126.935185,35.130372],[126.935275,35.130447]]]]}},{"type":"Feature","id":"1982194028331812437000000000","properties":{"id":"1982194028331812437000000000","pnu":"1221011900107170005","year":1982,"purpose":"공동주택","floors":5,"structure":"철근콘크리트구조"},"geometry":{"type":"MultiPolygon","coordinates":[[[[126.935152,35.130245],[126.935342,35.130397],[126.935427,35.130324],[126.935239,35.130172],[126.935152,35.130245]]]]}},{"type":"Feature","id":"1982194085171812344600000000","properties":{"id":"1982194085171812344600000000","pnu":"1221011900107230005","year":1982,"purpose":"단독주택","floors":2,"structure":"벽돌구조"},"geometry":{"type":"MultiPolygon","coordinates":[[[[126.93585,35.130208],[126.935901,35.130251],[126.935983,35.130184],[126.935961,35.130169],[126.935946,35.130176],[126.935914,35.130156],[126.93585,35.130208]]]]}},{"type":"Feature","id":"1982194206671813185800000000","properties":{"id":"1982194206671813185800000000","pnu":"1221011900107220065","year":1982,"purpose":"단독주택","floors":2,"structure":"벽돌구조"},"geometry":{"type":"MultiPolygon","coordinates":[[[[126.937221,35.131008],[126.937295,35.13099],[126.937265,35.13091],[126.937205,35.130923],[126.937216,35.130964],[126.937204,35.130965],[126.937221,35.131008]]]]}},{"type":"Feature","id":"1982194322221813884400000000","properties":{"id":"1982194322221813884400000000","pnu":"1221011900107630002","year":1982,"purpose":"숙박시설","floors":4,"structure":"철근콘크리트구조"},"geometry":{"type":"MultiPolygon","coordinates":[[[[126.938473,35.131611],[126.938599,35.131671],[126.938644,35.131588],[126.938625,35.131576],[126.938615,35.131588],[126.938523,35.131549],[126.938463,35.131533],[126.938446,35.131554],[126.93838,35.131525],[126.938354,35.131558],[126.938473,35.131611]]]]}},{"type":"Feature","id":"1982194345071818483600000000","properties":{"id":"1982194345071818483600000000","pnu":"1221012200102440003","year":1982,"purpose":"단독주택","floors":1,"structure":"일반목구조"},"geometry":{"type":"MultiPolygon","coordinates":[[[[126.938695,35.135716],[126.938772,35.135795],[126.938826,35.135753],[126.938749,35.135679],[126.938695,35.135716]]]]}},{"type":"Feature","id":"1982194353481818422200000000","properties":{"id":"1982194353481818422200000000","pnu":"1221012200102440003","purpose":"기타","structure":"블록구조"},"geometry":{"type":"MultiPolygon","coordinates":[[[[126.938823,35.135719],[126.938873,35.135721],[126.938879,35.13564],[126.938839,35.135638],[126.938823,35.135719]]]]}},{"type":"Feature","id":"1983193635371815328700000000","properties":{"id":"1983193635371815328700000000","pnu":"1221012200106760012","year":1983,"purpose":"공동주택","floors":4,"structure":"철근콘크리트구조"},"geometry":{"type":"MultiPolygon","coordinates":[[[[126.930729,35.132965],[126.931229,35.132884],[126.93122,35.132811],[126.930721,35.132893],[126.930729,35.132965]]]]}},{"type":"Feature","id":"1983193693641815202300000000","properties":{"id":"1983193693641815202300000000","pnu":"1221012200107190031","year":1983,"purpose":"제1종 근린생활시설","floors":3,"structure":"철근콘크리트구조"},"geometry":{"type":"MultiPolygon","coordinates":[[[[126.931682,35.132813],[126.931662,35.132729],[126.93153,35.132748],[126.93153,35.132765],[126.931587,35.132797],[126.931607,35.132826],[126.931682,35.132813]]]]}},{"type":"Feature","id":"1983193735161815214200000000","properties":{"id":"1983193735161815214200000000","pnu":"1221012200107190034","year":1983,"purpose":"공동주택","floors":11,"structure":"철근콘크리트구조"},"geometry":{"type":"MultiPolygon","coordinates":[[[[126.931714,35.132755],[126.931738,35.132856],[126.931771,35.132873],[126.931866,35.132865],[126.931866,35.132842],[126.931983,35.132824],[126.931997,35.132853],[126.932098,35.132837],[126.932093,35.132807],[126.932194,35.132793],[126.932244,35.132928],[126.932349,35.132912],[126.932329,35.132776],[126.932343,35.132773],[126.932316,35.132669],[126.931714,35.132755]]]]}},{"type":"Feature","id":"1983193741081815628800000000","properties":{"id":"1983193741081815628800000000","pnu":"1221012200107190001","year":1983,"purpose":"공동주택","floors":10,"structure":"철근콘크리트구조"},"geometry":{"type":"MultiPolygon","coordinates":[[[[126.93203,35.133236],[126.932284,35.133189],[126.932275,35.133142],[126.932282,35.133136],[126.932279,35.133117],[126.932285,35.133114],[126.932279,35.133082],[126.931972,35.133133],[126.931979,35.133167],[126.931988,35.133167],[126.931993,35.133186],[126.931996,35.133186],[126.93201,35.133226],[126.932021,35.133225],[126.93203,35.133236]]]]}},{"type":"Feature","id":"1983193765031815459000000000","properties":{"id":"1983193765031815459000000000","pnu":"1221012200107190001","year":1983,"purpose":"공동주택","floors":10,"structure":"철근콘크리트구조"},"geometry":{"type":"MultiPolygon","coordinates":[[[[126.932382,35.13303],[126.932425,35.133022],[126.932415,35.132983],[126.932372,35.13299],[126.932382,35.13303]]]]}},{"type":"Feature","id":"1983193803671813951100000000","properties":{"id":"1983193803671813951100000000","pnu":"1221012200107790006","year":1983,"purpose":"단독주택","floors":2,"structure":"벽돌구조"},"geometry":{"type":"MultiPolygon","coordinates":[[[[126.932748,35.131667],[126.932883,35.13168],[126.932893,35.131623],[126.932789,35.131616],[126.932789,35.131623],[126.932767,35.131621],[126.932768,35.131638],[126.932749,35.131637],[126.932748,35.131667]]]]}},{"type":"Feature","id":"1983193835291812770000000000","properties":{"id":"1983193835291812770000000000","pnu":"1221012200108110000","purpose":"기타","structure":"벽돌구조"},"geometry":{"type":"MultiPolygon","coordinates":[[[[126.933196,35.130609],[126.933211,35.130581],[126.933147,35.130557],[126.933133,35.130586],[126.933196,35.130609]]]]}},{"type":"Feature","id":"1983193835701812879300000000","properties":{"id":"1983193835701812879300000000","pnu":"1221012200108110000","year":1983,"purpose":"단독주택","floors":1,"structure":"벽돌구조"},"geometry":{"type":"MultiPolygon","coordinates":[[[[126.933217,35.13062],[126.933177,35.130619],[126.933177,35.130634],[126.933132,35.130633],[126.933131,35.130726],[126.93316,35.130728],[126.93316,35.130741],[126.933215,35.130742],[126.933217,35.13062]]]]}},{"type":"Feature","id":"1983193928311811311600000000","properties":{"id":"1983193928311811311600000000","pnu":"1221011900107090003","year":1983,"purpose":"단독주택","floors":2,"structure":"벽돌구조"},"geometry":{"type":"MultiPolygon","coordinates":[[[[126.934262,35.129199],[126.934242,35.129194],[126.93418,35.129229],[126.934164,35.12926],[126.934156,35.129258],[126.934127,35.129315],[126.934192,35.12934],[126.934262,35.129199]]]]}},{"type":"Feature","id":"1983193945941811334400000000","properties":{"id":"1983193945941811334400000000","pnu":"1221011900107090000","year":1983,"purpose":"공동주택","floors":5,"structure":"철근콘크리트구조"},"geometry":{"type":"MultiPolygon","coordinates":[[[[126.934484,35.129187],[126.934389,35.129161],[126.934289,35.129392],[126.934386,35.129417],[126.934484,35.129187]]]]}},{"type":"Feature","id":"1983193956651811079900000000","properties":{"id":"1983193956651811079900000000","pnu":"1221011900107090000","purpose":"공동주택"},"geometry":{"type":"MultiPolygon","coordinates":[[[[126.934534,35.129126],[126.934582,35.12903],[126.934547,35.128987],[126.934431,35.12905],[126.934413,35.129093],[126.934534,35.129126]]]]}},{"type":"Feature","id":"1983193960681813279300000000","properties":{"id":"1983193960681813279300000000","pnu":"1221012200102800000","year":1983,"purpose":"기타","far":91.42,"floors":3,"structure":"철근콘크리트구조"},"geometry":{"type":"MultiPolygon","coordinates":[[[[126.934649,35.131018],[126.934464,35.130986],[126.934448,35.131047],[126.934475,35.131052],[126.934469,35.131075],[126.934617,35.131102],[126.934649,35.131018]]]]}},{"type":"Feature","id":"1983193962691811574200000000","properties":{"id":"1983193962691811574200000000","pnu":"1221011900107090004","year":1983,"purpose":"제1종 근린생활시설","floors":3,"structure":"철근콘크리트구조"},"geometry":{"type":"MultiPolygon","coordinates":[[[[126.9346,35.129571],[126.934656,35.129534],[126.934557,35.12944],[126.934492,35.12947],[126.934515,35.129518],[126.9346,35.129571]]]]}},{"type":"Feature","id":"1983193964751810858500000000","properties":{"id":"1983193964751810858500000000","pnu":"1221011900107000000","year":1983,"purpose":"단독주택"},"geometry":{"type":"MultiPolygon","coordinates":[[[[126.934669,35.128808],[126.93463,35.128792],[126.934554,35.128814],[126.934516,35.128907],[126.934615,35.128934],[126.934669,35.128808]]]]}},{"type":"Feature","id":"1983193970301813799100000000","properties":{"id":"1983193970301813799100000000","pnu":"1221012200102800000","year":1983,"purpose":"기타","far":91.42,"floors":3,"structure":"철근콘크리트구조"},"geometry":{"type":"MultiPolygon","coordinates":[[[[126.934697,35.131549],[126.934701,35.131481],[126.93461,35.131472],[126.934603,35.131543],[126.934697,35.131549]]]]}},{"type":"Feature","id":"1983193976731811438500000000","properties":{"id":"1983193976731811438500000000","pnu":"1221011900107090002","year":1983,"purpose":"공동주택","floors":5,"structure":"철근콘크리트구조"},"geometry":{"type":"MultiPolygon","coordinates":[[[[126.934862,35.129445],[126.934675,35.129261],[126.934589,35.129324],[126.934768,35.129505],[126.934862,35.129445]]]]}},{"type":"Feature","id":"1983193978811813960000000000","properties":{"id":"1983193978811813960000000000","pnu":"1221012200102800000","year":1983,"purpose":"기타","far":91.42,"floors":3,"structure":"철근콘크리트구조"},"geometry":{"type":"MultiPolygon","coordinates":[[[[126.934535,35.131564],[126.934528,35.131691],[126.934787,35.131721],[126.934786,35.131758],[126.934959,35.131765],[126.93496,35.13173],[126.934924,35.131728],[126.934928,35.131596],[126.934535,35.131564]]]]}},{"type":"Feature","id":"1983193987081814155400000000","properties":{"id":"1983193987081814155400000000","pnu":"1221012200102800000","year":1983,"purpose":"기타","far":91.42,"floors":3,"structure":"철근콘크리트구조"},"geometry":{"type":"MultiPolygon","coordinates":[[[[126.934557,35.131847],[126.935101,35.131898],[126.935107,35.131823],[126.935092,35.131821],[126.935092,35.131814],[126.934568,35.13177],[126.934557,35.131847]]]]}},{"type":"Feature","id":"1983193987331811088600000000","properties":{"id":"1983193987331811088600000000","pnu":"1221011900107000002","year":1983,"purpose":"공동주택","floors":5,"structure":"철근콘크리트구조"},"geometry":{"type":"MultiPolygon","coordinates":[[[[126.934877,35.129183],[126.93496,35.129125],[126.934805,35.128954],[126.934722,35.129013],[126.934877,35.129183]]]]}},{"type":"Feature","id":"1983193992761810841400000000","properties":{"id":"1983193992761810841400000000","pnu":"1221011900107000003","year":1983,"purpose":"제1종 근린생활시설","floors":2,"structure":"벽돌구조"},"geometry":{"type":"MultiPolygon","coordinates":[[[[126.934928,35.128926],[126.934984,35.128894],[126.934851,35.128753],[126.934832,35.128765],[126.934847,35.128829],[126.934928,35.128926]]]]}},{"type":"Feature","id":"1983193994731813649400000000","properties":{"id":"1983193994731813649400000000","pnu":"1221012200102800000","year":1983,"purpose":"기타","far":91.42,"floors":3,"structure":"철근콘크리트구조"},"geometry":{"type":"MultiPolygon","coordinates":[[[[126.934828,35.131165],[126.934656,35.131146],[126.934619,35.131468],[126.934962,35.131497],[126.934961,35.131526],[126.935021,35.13153],[126.935023,35.131498],[126.935134,35.131507],[126.935133,35.131533],[126.935255,35.131541],[126.935279,35.131265],[126.935177,35.131259],[126.935151,35.13139],[126.935128,35.131389],[126.935124,35.131413],[126.934806,35.131391],[126.934828,35.131165]]]]}},{"type":"Feature","id":"1983194011021812006300000000","properties":{"id":"1983194011021812006300000000","pnu":"1221011900107170015","year":1983,"purpose":"단독주택"},"geometry":{"type":"MultiPolygon","coordinates":[[[[126.935127,35.129953],[126.93516,35.129919],[126.935135,35.129901],[126.93514,35.129895],[126.935109,35.129872],[126.935116,35.12986],[126.935091,35.129841],[126.935037,35.12988],[126.935127,35.129953]]]]}},{"type":"Feature","id":"1983194018741812587400000000","properties":{"id":"1983194018741812587400000000","pnu":"1221011900107160017","year":1983,"purpose":"제1종 근린생활시설"},"geometry":{"type":"MultiPolygon","coordinates":[[[[126.935215,35.130476],[126.935252,35.130448],[126.935153,35.130361],[126.935119,35.130395],[126.935215,35.130476]]]]}},{"type":"Feature","id":"1983194021891812114800000000","properties":{"id":"1983194021891812114800000000","pnu":"1221011900107170008","year":1983,"purpose":"제2종 근린생활시설"},"geometry":{"type":"MultiPolygon","coordinates":[[[[126.93514,35.12997],[126.935261,35.130056],[126.935298,35.130018],[126.935181,35.129932],[126.93514,35.12997]]]]}},{"type":"Feature","id":"1983194024141813400900000000","properties":{"id":"1983194024141813400900000000","pnu":"1221012200102800000","year":1983,"purpose":"기타","far":91.42,"floors":3,"structure":"철근콘크리트구조"},"geometry":{"type":"MultiPolygon","coordinates":[[[[126.935188,35.131194],[126.935272,35.131208],[126.935298,35.131111],[126.935214,35.131099],[126.935188,35.131194]]]]}},{"type":"Feature","id":"1983194033341814132300000000","properties":{"id":"1983194033341814132300000000","pnu":"1221012200102800000","year":1983,"purpose":"기타","far":91.42,"floors":3,"structure":"철근콘크리트구조"},"geometry":{"type":"MultiPolygon","coordinates":[[[[126.935106,35.131899],[126.935278,35.131913],[126.935285,35.131847],[126.935608,35.131871],[126.935625,35.131764],[126.935231,35.13173],[126.935229,35.131747],[126.935133,35.131737],[126.935106,35.131899]]]]}},{"type":"Feature","id":"1983194037291813896100000000","properties":{"id":"1983194037291813896100000000","pnu":"1221012200102800000","year":1983,"purpose":"기타","far":91.42,"floors":3,"structure":"철근콘크리트구조"},"geometry":{"type":"MultiPolygon","coordinates":[[[[126.935265,35.131543],[126.935433,35.131707],[126.935509,35.131655],[126.935341,35.131492],[126.935265,35.131543]]]]}},{"type":"Feature","id":"1983194048491814253900000000","properties":{"id":"1983194048491814253900000000","pnu":"1221012200102800000","year":1983,"purpose":"기타","far":91.42,"floors":3,"structure":"철근콘크리트구조"},"geometry":{"type":"MultiPolygon","coordinates":[[[[126.935323,35.131986],[126.935743,35.131945],[126.935714,35.131864],[126.935426,35.131887],[126.935424,35.131873],[126.935287,35.13189],[126.935292,35.131922],[126.93531,35.131918],[126.935323,35.131986]]]]}},{"type":"Feature","id":"1983194075491811897700000000","properties":{"id":"1983194075491811897700000000","pnu":"1221011900107240002","purpose":"기타","structure":"벽돌구조"},"geometry":{"type":"MultiPolygon","coordinates":[[[[126.935752,35.129786],[126.935825,35.129847],[126.935861,35.129808],[126.935794,35.129752],[126.935752,35.129786]]]]}},{"type":"Feature","id":"1983194085761812017800000000","properties":{"id":"1983194085761812017800000000","pnu":"1221011900107240002","year":1983,"purpose":"단독주택","floors":1,"structure":"벽돌구조"},"geometry":{"type":"MultiPolygon","coordinates":[[[[126.935829,35.12986],[126.935961,35.129997],[126.936016,35.129961],[126.93593,35.129882],[126.935945,35.129872],[126.935888,35.129818],[126.935829,35.12986]]]]}},{"type":"Feature","id":"1983194106491812497400000000","properties":{"id":"1983194106491812497400000000","pnu":"1221011900107230036","year":1983,"purpose":"단독주택","floors":2,"structure":"벽돌구조"},"geometry":{"type":"MultiPolygon","coordinates":[[[[126.936076,35.130349],[126.93613,35.130396],[126.93622,35.130326],[126.936205,35.130305],[126.936193,35.130311],[126.936161,35.130283],[126.936076,35.130349]]]]}},{"type":"Feature","id":"1983194130241812299200000000","properties":{"id":"1983194130241812299200000000","pnu":"1221011900107260009","purpose":"단독주택","floors":1,"structure":"블록구조"},"geometry":{"type":"MultiPolygon","coordinates":[[[[126.93634,35.130187],[126.936404,35.130219],[126.936474,35.130133],[126.936418,35.130101],[126.93634,35.130187]]]]}},{"type":"Feature","id":"1983194358021818621500000000","properties":{"id":"1983194358021818621500000000","pnu":"1221012200102430003","year":1983,"purpose":"단독주택"},"geometry":{"type":"MultiPolygon","coordinates":[[[[126.938885,35.135883],[126.938917,35.135884],[126.938922,35.135838],[126.938887,35.135838],[126.938885,35.135883]]]]}},{"type":"Feature","id":"1983194362221818448900000000","properties":{"id":"1983194362221818448900000000","pnu":"1221012200102430002","year":1983,"purpose":"제1종 근린생활시설","floors":1,"structure":"블록구조"},"geometry":{"type":"MultiPolygon","coordinates":[[[[126.938912,35.135769],[126.938989,35.135768],[126.938996,35.135651],[126.938899,35.135646],[126.938896,35.135695],[126.938915,35.135696],[126.938912,35.135769]]]]}},{"type":"Feature","id":"1984193675961813995000000000","properties":{"id":"1984193675961813995000000000","pnu":"1221012200107680000","year":1984,"purpose":"공동주택","floors":15,"structure":"철근콘크리트구조"},"geometry":{"type":"MultiPolygon","coordinates":[[[[126.930947,35.131608],[126.930945,35.131655],[126.930925,35.131655],[126.930922,35.131724],[126.931914,35.131762],[126.931925,35.131651],[126.930947,35.131608]]]]}},{"type":"Feature","id":"1984193679021813451100000000","properties":{"id":"1984193679021813451100000000","pnu":"1221012200107680000","year":1984,"purpose":"공동주택","floors":15,"structure":"철근콘크리트구조"},"geometry":{"type":"MultiPolygon","coordinates":[[[[126.930982,35.131113],[126.930974,35.131237],[126.931941,35.131276],[126.931946,35.131159],[126.930982,35.131113]]]]}},{"type":"Feature","id":"1984193698271812910200000000","properties":{"id":"1984193698271812910200000000","pnu":"1221012200107680000","year":1984,"purpose":"공동주택","floors":15,"structure":"철근콘크리트구조"},"geometry":{"type":"MultiPolygon","coordinates":[[[[126.931327,35.130628],[126.931317,35.130758],[126.932022,35.130785],[126.932026,35.130664],[126.931327,35.130628]]]]}},{"type":"Feature","id":"1984193725541813736400000000","properties":{"id":"1984193725541813736400000000","pnu":"1221012200107680000","year":1984,"purpose":"공동주택","floors":2,"structure":"철근콘크리트구조"},"geometry":{"type":"MultiPolygon","coordinates":[[[[126.932063,35.131365],[126.931881,35.131356],[126.93187,35.131542],[126.932054,35.131549],[126.932063,35.131365]]]]}},{"type":"Feature","id":"1984193753051814235400000000","properties":{"id":"1984193753051814235400000000","pnu":"1221012200107310010","year":1984,"purpose":"제1종 근린생활시설"},"geometry":{"type":"MultiPolygon","coordinates":[[[[126.932301,35.131964],[126.932306,35.131834],[126.932272,35.131837],[126.93223,35.131868],[126.932227,35.131962],[126.932301,35.131964]]]]}},{"type":"Feature","id":"1984193755401813762700000000","properties":{"id":"1984193755401813762700000000","pnu":"1221012200107800010","year":1984,"purpose":"제1종 근린생활시설","floors":3,"structure":"철근콘크리트구조"},"geometry":{"type":"MultiPolygon","coordinates":[[[[126.932233,35.131429],[126.93223,35.131526],[126.93235,35.131529],[126.932352,35.131461],[126.932365,35.131462],[126.932366,35.13143],[126.932233,35.131429]]]]}},{"type":"Feature","id":"1984193758201813412400000000","properties":{"id":"1984193758201813412400000000","pnu":"1221012200107820003","year":1984,"purpose":"기타","far":150.26,"floors":3,"structure":"철근콘크리트구조"},"geometry":{"type":"MultiPolygon","coordinates":[[[[126.932415,35.131129],[126.932241,35.131121],[126.932239,35.131195],[126.932407,35.131203],[126.932415,35.131129]]]]}},{"type":"Feature","id":"1984193759001812989200000000","properties":{"id":"1984193759001812989200000000","pnu":"1221012200107660005","year":1984,"purpose":"제1종 근린생활시설","floors":2,"structure":"벽돌구조"},"geometry":{"type":"MultiPolygon","coordinates":[[[[126.932416,35.13082],[126.932418,35.130753],[126.932254,35.130741],[126.93225,35.130807],[126.932416,35.13082]]]]}},{"type":"Feature","id":"1984193767801813782900000000","properties":{"id":"1984193767801813782900000000","pnu":"1221012200107800003","year":1984,"purpose":"제2종 근린생활시설","floors":2,"structure":"벽돌구조"},"geometry":{"type":"MultiPolygon","coordinates":[[[[126.932473,35.13144],[126.932393,35.131438],[126.932389,35.131552],[126.932466,35.131555],[126.932473,35.13144]]]]}},{"type":"Feature","id":"1984193784841815638000000000","properties":{"id":"1984193784841815638000000000","pnu":"1221012200107210000","year":1984,"purpose":"공동주택","floors":2,"structure":"철근콘크리트구조"},"geometry":{"type":"MultiPolygon","coordinates":[[[[126.93268,35.133277],[126.932625,35.133047],[126.932551,35.133062],[126.932603,35.133275],[126.932636,35.133288],[126.93268,35.133277]]]]}},{"type":"Feature","id":"1984193801061815186600000000","properties":{"id":"1984193801061815186600000000","pnu":"1221012200107210006","year":1984,"purpose":"공동주택","floors":5,"structure":"철근콘크리트구조"},"geometry":{"type":"MultiPolygon","coordinates":[[[[126.93273,35.132814],[126.932871,35.132794],[126.932851,35.132703],[126.932779,35.132715],[126.932781,35.132726],[126.932716,35.132733],[126.93273,35.132814]]]]}},{"type":"Feature","id":"1984193818231815501300000000","properties":{"id":"1984193818231815501300000000","pnu":"1221012200107210000","year":1984,"purpose":"공동주택","floors":10,"structure":"철근콘크리트구조"},"geometry":{"type":"MultiPolygon","coordinates":[[[[126.93271,35.133127],[126.933261,35.133046],[126.933245,35.132959],[126.93269,35.133051],[126.93271,35.133127]]]]}},{"type":"Feature","id":"1984193830371815120200000000","properties":{"id":"1984193830371815120200000000","pnu":"1221012200107210005","year":1984,"purpose":"공동주택","floors":5,"structure":"철근콘크리트구조"},"geometry":{"type":"MultiPolygon","coordinates":[[[[126.932937,35.132782],[126.933313,35.13272],[126.93329,35.132618],[126.932916,35.132686],[126.932937,35.132782]]]]}},{"type":"Feature","id":"1984193924501812759700000000","properties":{"id":"1984193924501812759700000000","pnu":"1221012200108240000","year":1984,"purpose":"단독주택"},"geometry":{"type":"MultiPolygon","coordinates":[[[[126.934176,35.130591],[126.93418,35.130562],[126.934125,35.130558],[126.934121,35.130587],[126.934176,35.130591]]]]}},{"type":"Feature","id":"1984193928581812849400000000","properties":{"id":"1984193928581812849400000000","pnu":"1221012200108240000","year":1984,"purpose":"단독주택"},"geometry":{"type":"MultiPolygon","coordinates":[[[[126.934126,35.130607],[126.934119,35.130684],[126.934282,35.130698],[126.934283,35.130658],[126.934255,35.130654],[126.934256,35.130636],[126.934233,35.130634],[126.934235,35.130618],[126.934126,35.130607]]]]}},{"type":"Feature","id":"1984193951111812915100000000","properties":{"id":"1984193951111812915100000000","pnu":"1221012200108240001","year":1984,"purpose":"단독주택","floors":2,"structure":"벽돌구조"},"geometry":{"type":"MultiPolygon","coordinates":[[[[126.934503,35.130752],[126.934514,35.130688],[126.93438,35.130675],[126.934375,35.130744],[126.934503,35.130752]]]]}},{"type":"Feature","id":"1984194225721814187300000000","properties":{"id":"1984194225721814187300000000","pnu":"1221011900107310001","purpose":"기타"},"geometry":{"type":"MultiPolygon","coordinates":[[[[126.937392,35.131887],[126.937519,35.131891],[126.937452,35.131811],[126.937392,35.131887]]]]}},{"type":"Feature","id":"1984194225811814264200000000","properties":{"id":"1984194225811814264200000000","pnu":"1221011900107310001","year":1984,"purpose":"제1종 근린생활시설"},"geometry":{"type":"MultiPolygon","coordinates":[[[[126.937349,35.131965],[126.937559,35.131967],[126.93756,35.131927],[126.937537,35.131925],[126.937535,35.131895],[126.937384,35.131893],[126.937356,35.131928],[126.937349,35.131965]]]]}},{"type":"Feature","id":"1985193641051810108100000000","properties":{"id":"1985193641051810108100000000","pnu":"1221011900105360013","year":1985,"purpose":"단독주택"},"geometry":{"type":"MultiPolygon","coordinates":[[[[126.931103,35.128143],[126.931077,35.128135],[126.93106,35.128167],[126.931,35.12815],[126.93098,35.128201],[126.931067,35.128227],[126.931103,35.128143]]]]}},{"type":"Feature","id":"1985193647601810130400000000","properties":{"id":"1985193647601810130400000000","pnu":"1221011900105360012","year":1985,"purpose":"단독주택","floors":1,"structure":"벽돌구조"},"geometry":{"type":"MultiPolygon","coordinates":[[[[126.931113,35.128242],[126.931148,35.128174],[126.931115,35.128164],[126.931081,35.128233],[126.931113,35.128242]]]]}},{"type":"Feature","id":"1985193651531810214400000000","properties":{"id":"1985193651531810214400000000","pnu":"1221011900105360011","year":1985,"purpose":"단독주택","floors":1,"structure":"벽돌구조"},"geometry":{"type":"MultiPolygon","coordinates":[[[[126.931183,35.128319],[126.931202,35.128254],[126.931132,35.128238],[126.931112,35.128302],[126.931183,35.128319]]]]}},{"type":"Feature","id":"1985193656051810157900000000","properties":{"id":"1985193656051810157900000000","pnu":"1221011900105360011","purpose":"단독주택","structure":"블록구조"},"geometry":{"type":"MultiPolygon","coordinates":[[[[126.931207,35.128232],[126.931208,35.128232],[126.931209,35.128232],[126.93121,35.128231],[126.931211,35.128231],[126.931211,35.12823],[126.931212,35.12823],[126.931212,35.128229],[126.931212,35.128228],[126.931213,35.128228],[126.931212,35.128227],[126.931212,35.128226],[126.931212,35.128225],[126.931211,35.128225],[126.931211,35.128224],[126.93121,35.128224],[126.931209,35.128223],[126.931208,35.128223],[126.931207,35.128223],[126.931206,35.128223],[126.931205,35.128223],[126.931204,35.128224],[126.931204,35.128224],[126.931203,35.128225],[126.931202,35.128225],[126.931202,35.128226],[126.931202,35.128227],[126.931202,35.128228],[126.931202,35.128228],[126.931202,35.128229],[126.931202,35.12823],[126.931203,35.12823],[126.931204,35.128231],[126.931204,35.128231],[126.931205,35.128232],[126.931206,35.128232],[126.931207,35.128232]]]]}},{"type":"Feature","id":"1985193665651814647900000000","properties":{"id":"1985193665651814647900000000","pnu":"1221012200107310016","year":1985,"purpose":"단독주택","floors":1,"structure":"벽돌구조"},"geometry":{"type":"MultiPolygon","coordinates":[[[[126.931263,35.13231],[126.931369,35.132295],[126.931354,35.132238],[126.931247,35.132257],[126.931263,35.13231]]]]}},{"type":"Feature","id":"1985193687351814661100000000","properties":{"id":"1985193687351814661100000000","pnu":"1221012200107310001","year":1985,"purpose":"기타","far":77.05,"floors":3,"structure":"철근콘크리트구조"},"geometry":{"type":"MultiPolygon","coordinates":[[[[126.931655,35.132363],[126.931569,35.132164],[126.931434,35.132211],[126.931535,35.132414],[126.931655,35.132363]]]]}},{"type":"Feature","id":"1985193705591814567100000000","properties":{"id":"1985193705591814567100000000","pnu":"1221012200107310001","year":1985,"purpose":"기타","far":77.05,"floors":3,"structure":"철근콘크리트구조"},"geometry":{"type":"MultiPolygon","coordinates":[[[[126.931878,35.132317],[126.931814,35.132043],[126.931614,35.132079],[126.931663,35.132296],[126.931674,35.132332],[126.931686,35.132345],[126.931699,35.132349],[126.93172,35.132352],[126.931803,35.132347],[126.931836,35.132338],[126.931862,35.132328],[126.931878,35.132317]]]]}},{"type":"Feature","id":"1985193727561816086200000000","properties":{"id":"1985193727561816086200000000","pnu":"1221012200106760029","year":1985,"purpose":"단독주택","floors":2,"structure":"벽돌구조"},"geometry":{"type":"MultiPolygon","coordinates":[[[[126.931958,35.133637],[126.932004,35.13363],[126.932007,35.133601],[126.932018,35.133598],[126.93202,35.133564],[126.932038,35.133558],[126.932034,35.13352],[126.931943,35.133528],[126.931958,35.133637]]]]}},{"type":"Feature","id":"1985193728241815981900000000","properties":{"id":"1985193728241815981900000000","pnu":"1221012200106760030","year":1985,"purpose":"단독주택","far":105.81,"floors":2,"structure":"벽돌구조"},"geometry":{"type":"MultiPolygon","coordinates":[[[[126.931942,35.133509],[126.932052,35.133501],[126.932051,35.133447],[126.931936,35.133453],[126.931942,35.133509]]]]}},{"type":"Feature","id":"1985193731821816654000000000","properties":{"id":"1985193731821816654000000000","pnu":"1221012200106940001","purpose":"기타","structure":"블록구조"},"geometry":{"type":"MultiPolygon","coordinates":[[[[126.932033,35.134088],[126.932034,35.134088],[126.932035,35.134088],[126.932036,35.134087],[126.932037,35.134087],[126.932038,35.134086],[126.932038,35.134086],[126.932039,35.134085],[126.932039,35.134084],[126.932039,35.134083],[126.932039,35.134083],[126.932039,35.134082],[126.932038,35.134081],[126.932038,35.13408],[126.932037,35.13408],[126.932036,35.134079],[126.932035,35.134079],[126.932034,35.134079],[126.932033,35.134079],[126.932032,35.134079],[126.932032,35.134079],[126.932031,35.134079],[126.93203,35.13408],[126.932029,35.13408],[126.932029,35.134081],[126.932028,35.134082],[126.932028,35.134083],[126.932028,35.134083],[126.932028,35.134084],[126.932028,35.134085],[126.932029,35.134086],[126.932029,35.134086],[126.93203,35.134087],[126.932031,35.134087],[126.932032,35.134088],[126.932032,35.134088],[126.932033,35.134088]]]]}},{"type":"Feature","id":"1985193732201812418700000000","properties":{"id":"1985193732201812418700000000","pnu":"1221011900108550001","year":1985,"purpose":"단독주택"},"geometry":{"type":"MultiPolygon","coordinates":[[[[126.931984,35.130301],[126.932063,35.130294],[126.932094,35.130261],[126.932095,35.13023],[126.932037,35.130227],[126.932033,35.130255],[126.931983,35.130257],[126.931984,35.130301]]]]}},{"type":"Feature","id":"1985193732651816751900000000","properties":{"id":"1985193732651816751900000000","pnu":"1221012200106940001","year":1985,"purpose":"단독주택","floors":1,"structure":"벽돌구조"},"geometry":{"type":"MultiPolygon","coordinates":[[[[126.932013,35.134217],[126.932097,35.134179],[126.932064,35.134125],[126.932019,35.134141],[126.932025,35.134157],[126.931989,35.134174],[126.932013,35.134217]]]]}},{"type":"Feature","id":"1985193733471817020300000000","properties":{"id":"1985193733471817020300000000","pnu":"1221012200106910000","year":1985,"purpose":"단독주택"},"geometry":{"type":"MultiPolygon","coordinates":[[[[126.932029,35.134454],[126.932103,35.134403],[126.932071,35.134372],[126.931999,35.134427],[126.932029,35.134454]]]]}},{"type":"Feature","id":"1985193752881816978200000000","properties":{"id":"1985193752881816978200000000","pnu":"1221012200106970000","purpose":"기타","structure":"블록구조"},"geometry":{"type":"MultiPolygon","coordinates":[[[[126.932287,35.13441],[126.93228,35.134341],[126.932241,35.134342],[126.932249,35.13441],[126.932287,35.13441]]]]}},{"type":"Feature","id":"1985193760391817047900000000","properties":{"id":"1985193760391817047900000000","pnu":"1221012200106970000","year":1985,"purpose":"단독주택"},"geometry":{"type":"MultiPolygon","coordinates":[[[[126.932312,35.134482],[126.932406,35.134435],[126.932384,35.134395],[126.932286,35.134441],[126.932312,35.134482]]]]}},{"type":"Feature","id":"1985193784491816863100000000","properties":{"id":"1985193784491816863100000000","pnu":"1221012200106970009","year":1985,"purpose":"단독주택"},"geometry":{"type":"MultiPolygon","coordinates":[[[[126.932597,35.134314],[126.93265,35.1343],[126.932624,35.134231],[126.932574,35.134241],[126.932597,35.134314]]]]}},{"type":"Feature","id":"1985193827991810467600000000","properties":{"id":"1985193827991810467600000000","pnu":"1221011900105320194","year":1985,"purpose":"제1종 근린생활시설","floors":1,"structure":"벽돌구조"},"geometry":{"type":"MultiPolygon","coordinates":[[[[126.933093,35.128576],[126.933148,35.128459],[126.933091,35.128441],[126.93304,35.128556],[126.933093,35.128576]]]]}},{"type":"Feature","id":"1985193849791813152500000000","properties":{"id":"1985193849791813152500000000","pnu":"1221012200108130003","year":1985,"purpose":"단독주택"},"geometry":{"type":"MultiPolygon","coordinates":[[[[126.933371,35.130951],[126.933374,35.130918],[126.933292,35.130904],[126.933287,35.130939],[126.933371,35.130951]]]]}},{"type":"Feature","id":"1985193850101813108200000000","properties":{"id":"1985193850101813108200000000","pnu":"1221012200108130003","year":1985,"purpose":"단독주택"},"geometry":{"type":"MultiPolygon","coordinates":[[[[126.933334,35.130893],[126.933335,35.130892],[126.933336,35.130892],[126.933337,35.130892],[126.933337,35.130891],[126.933338,35.130891],[126.933339,35.13089],[126.933339,35.13089],[126.933339,35.130889],[126.933339,35.130888],[126.933339,35.130887],[126.933339,35.130886],[126.933339,35.130886],[126.933338,35.130885],[126.933337,35.130885],[126.933337,35.130884],[126.933336,35.130884],[126.933335,35.130884],[126.933334,35.130884],[126.933333,35.130884],[126.933332,35.130884],[126.933331,35.130884],[126.93333,35.130885],[126.93333,35.130885],[126.933329,35.130886],[126.933329,35.130886],[126.933328,35.130887],[126.933328,35.130888],[126.933328,35.130889],[126.933329,35.13089],[126.933329,35.13089],[126.93333,35.130891],[126.93333,35.130891],[126.933331,35.130892],[126.933332,35.130892],[126.933333,35.130892],[126.933334,35.130893]]]]}},{"type":"Feature","id":"1985193877511811878600000000","properties":{"id":"1985193877511811878600000000","pnu":"1221011900107060004","year":1985,"purpose":"단독주택","floors":1,"structure":"블록구조"},"geometry":{"type":"MultiPolygon","coordinates":[[[[126.933671,35.12982],[126.933694,35.129763],[126.933597,35.129741],[126.933578,35.129796],[126.933671,35.12982]]]]}},{"type":"Feature","id":"1985193886081810267400000000","properties":{"id":"1985193886081810267400000000","pnu":"1221011900105500018","year":1985,"purpose":"단독주택","floors":1,"structure":"벽돌구조"},"geometry":{"type":"MultiPolygon","coordinates":[[[[126.933751,35.128416],[126.933752,35.128255],[126.9337,35.128256],[126.933722,35.128415],[126.933751,35.128416]]]]}},{"type":"Feature","id":"1985193886141814158000000000","properties":{"id":"1985193886141814158000000000","pnu":"1221012200107300020","year":1985,"purpose":"단독주택"},"geometry":{"type":"MultiPolygon","coordinates":[[[[126.933776,35.13186],[126.933777,35.131811],[126.933682,35.131809],[126.933681,35.131859],[126.933776,35.13186]]]]}},{"type":"Feature","id":"1985193889131812194700000000","properties":{"id":"1985193889131812194700000000","pnu":"1221011900107150014","year":1985,"purpose":"단독주택","floors":1,"structure":"벽돌구조"},"geometry":{"type":"MultiPolygon","coordinates":[[[[126.933797,35.130097],[126.933814,35.130041],[126.933778,35.130034],[126.933773,35.130045],[126.93372,35.130038],[126.933709,35.130082],[126.933797,35.130097]]]]}},{"type":"Feature","id":"1985193914671812627700000000","properties":{"id":"1985193914671812627700000000","pnu":"1221012200108260001","year":1985,"purpose":"제1종 근린생활시설","far":165.69,"floors":3,"structure":"철근콘크리트구조"},"geometry":{"type":"MultiPolygon","coordinates":[[[[126.934124,35.130436],[126.933975,35.130408],[126.933966,35.130478],[126.934108,35.1305],[126.934124,35.130436]]]]}},{"type":"Feature","id":"1985193955101810437200000000","properties":{"id":"1985193955101810437200000000","pnu":"1221011900107010002","year":1985,"purpose":"단독주택","floors":1,"structure":"벽돌구조"},"geometry":{"type":"MultiPolygon","coordinates":[[[[126.934488,35.128532],[126.934546,35.128505],[126.93453,35.128482],[126.934523,35.128486],[126.93448,35.128428],[126.934435,35.128452],[126.934488,35.128532]]]]}},{"type":"Feature","id":"1985193973211810504900000000","properties":{"id":"1985193973211810504900000000","pnu":"1221011900107010011","year":1985,"purpose":"단독주택"},"geometry":{"type":"MultiPolygon","coordinates":[[[[126.93468,35.128589],[126.934737,35.12857],[126.934691,35.128495],[126.934638,35.128514],[126.93468,35.128589]]]]}},{"type":"Feature","id":"1985193978321810610600000000","properties":{"id":"1985193978321810610600000000","pnu":"1221011900107010001","year":1985,"purpose":"단독주택"},"geometry":{"type":"MultiPolygon","coordinates":[[[[126.93473,35.12869],[126.934801,35.128655],[126.934756,35.128585],[126.934683,35.128621],[126.93473,35.12869]]]]}},{"type":"Feature","id":"1985193981511810692500000000","properties":{"id":"1985193981511810692500000000","pnu":"1221011900107010001","purpose":"기타"},"geometry":{"type":"MultiPolygon","coordinates":[[[[126.934759,35.128737],[126.934813,35.128711],[126.934795,35.128686],[126.934743,35.128711],[126.934759,35.128737]]]]}},{"type":"Feature","id":"1985193990551812587000000000","properties":{"id":"1985193990551812587000000000","pnu":"1221011900107150024","year":1985,"purpose":"단독주택","floors":1,"structure":"블록구조"},"geometry":{"type":"MultiPolygon","coordinates":[[[[126.934903,35.130464],[126.934937,35.130425],[126.934848,35.130372],[126.934815,35.130417],[126.934903,35.130464]]]]}},{"type":"Feature","id":"1985194047001811593700000000","properties":{"id":"1985194047001811593700000000","pnu":"1221011900106980026","year":1985,"purpose":"단독주택"},"geometry":{"type":"MultiPolygon","coordinates":[[[[126.935428,35.129521],[126.935471,35.129555],[126.935488,35.129539],[126.935525,35.129569],[126.935563,35.129539],[126.935485,35.129476],[126.935428,35.129521]]]]}},{"type":"Feature","id":"1985194063711811659100000000","properties":{"id":"1985194063711811659100000000","pnu":"1221011900107240013","purpose":"단독주택","floors":1,"structure":"블록구조"},"geometry":{"type":"MultiPolygon","coordinates":[[[[126.935612,35.129564],[126.9357,35.129638],[126.935745,35.129601],[126.935658,35.129528],[126.935612,35.129564]]]]}},{"type":"Feature","id":"1985194065061812244400000000","properties":{"id":"1985194065061812244400000000","pnu":"1221011900107230001","purpose":"기타"},"geometry":{"type":"MultiPolygon","coordinates":[[[[126.935641,35.130124],[126.935673,35.130152],[126.935747,35.130096],[126.935709,35.130071],[126.935641,35.130124]]]]}},{"type":"Feature","id":"1985194071431812290900000000","properties":{"id":"1985194071431812290900000000","pnu":"1221011900107230001","year":1985,"purpose":"단독주택"},"geometry":{"type":"MultiPolygon","coordinates":[[[[126.935702,35.130143],[126.935768,35.130204],[126.935824,35.130158],[126.935757,35.130103],[126.935702,35.130143]]]]}},{"type":"Feature","id":"1985194098691812063000000000","properties":{"id":"1985194098691812063000000000","pnu":"1221011900107240007","year":1985,"purpose":"단독주택"},"geometry":{"type":"MultiPolygon","coordinates":[[[[126.936077,35.12999],[126.936111,35.129964],[126.936051,35.129906],[126.936011,35.129931],[126.936077,35.12999]]]]}},{"type":"Feature","id":"1985194103901812021500000000","properties":{"id":"1985194103901812021500000000","pnu":"1221011900107240007","year":1985,"purpose":"단독주택"},"geometry":{"type":"MultiPolygon","coordinates":[[[[126.936122,35.129954],[126.936174,35.12992],[126.936107,35.129867],[126.936068,35.129895],[126.936122,35.129954]]]]}},{"type":"Feature","id":"1985194151151814587900000000","properties":{"id":"1985194151151814587900000000","pnu":"1221012100109490000","year":1985,"purpose":"제1종 근린생활시설","floors":1,"structure":"벽돌구조"},"geometry":{"type":"MultiPolygon","coordinates":[[[[126.93656,35.132245],[126.936712,35.132245],[126.936717,35.132205],[126.936559,35.132201],[126.93656,35.132245]]]]}},{"type":"Feature","id":"1985194184441812624500000000","properties":{"id":"1985194184441812624500000000","pnu":"1221011900107260004","year":1985,"purpose":"단독주택"},"geometry":{"type":"MultiPolygon","coordinates":[[[[126.936907,35.130463],[126.936942,35.130486],[126.936961,35.130474],[126.937022,35.130521],[126.937092,35.130454],[126.936994,35.130388],[126.936907,35.130463]]]]}},{"type":"Feature","id":"1985194228641812952200000000","properties":{"id":"1985194228641812952200000000","pnu":"1221011900107260003","purpose":"기타"},"geometry":{"type":"MultiPolygon","coordinates":[[[[126.937449,35.130749],[126.937508,35.130776],[126.937525,35.130751],[126.937467,35.130723],[126.937449,35.130749]]]]}},{"type":"Feature","id":"1985194232011812890800000000","properties":{"id":"1985194232011812890800000000","pnu":"1221011900107260003","year":1985,"purpose":"단독주택"},"geometry":{"type":"MultiPolygon","coordinates":[[[[126.937462,35.130709],[126.937547,35.130743],[126.937585,35.130677],[126.937502,35.130647],[126.937462,35.130709]]]]}},{"type":"Feature","id":"1985194240821812966900000000","properties":{"id":"1985194240821812966900000000","pnu":"1221011900107260003","year":1985,"purpose":"단독주택"},"geometry":{"type":"MultiPolygon","coordinates":[[[[126.937562,35.13077],[126.937659,35.130801],[126.937679,35.130757],[126.937585,35.130724],[126.937562,35.13077]]]]}},{"type":"Feature","id":"1985194278781813092600000000","properties":{"id":"1985194278781813092600000000","pnu":"1221011900107260001","year":1985,"purpose":"단독주택","floors":1,"structure":"일반목구조"},"geometry":{"type":"MultiPolygon","coordinates":[[[[126.937951,35.13089],[126.938111,35.130913],[126.938121,35.130861],[126.937963,35.130841],[126.937951,35.13089]]]]}},{"type":"Feature","id":"1985194336151818536800000000","properties":{"id":"1985194336151818536800000000","pnu":"1221012200102440002","year":1985,"purpose":"단독주택"},"geometry":{"type":"MultiPolygon","coordinates":[[[[126.938593,35.135761],[126.938663,35.135844],[126.938734,35.135807],[126.938662,35.135724],[126.938593,35.135761]]]]}},{"type":"Feature","id":"1985194364521819479600000000","properties":{"id":"1985194364521819479600000000","pnu":"1221012200102260000","purpose":"기타","structure":"블록구조"},"geometry":{"type":"MultiPolygon","coordinates":[[[[126.938949,35.136679],[126.939016,35.136666],[126.938998,35.136589],[126.938931,35.136602],[126.938949,35.136679]]]]}},{"type":"Feature","id":"1985194366391819589100000000","properties":{"id":"1985194366391819589100000000","pnu":"1221012200102260000","year":1985,"purpose":"단독주택","floors":1,"structure":"벽돌구조"},"geometry":{"type":"MultiPolygon","coordinates":[[[[126.938972,35.136783],[126.939026,35.136775],[126.93903,35.136751],[126.939017,35.136684],[126.938956,35.136692],[126.938972,35.136783]]]]}},{"type":"Feature","id":"1986193538901816028700000000","properties":{"id":"1986193538901816028700000000","pnu":"1221012200107370001","year":1986,"purpose":"제1종 근린생활시설","far":43.47,"floors":3,"structure":"철근콘크리트구조"},"geometry":{"type":"MultiPolygon","coordinates":[[[[126.929958,35.133423],[126.929814,35.133356],[126.929701,35.133497],[126.930052,35.13368],[126.930136,35.133566],[126.929938,35.133447],[126.929958,35.133423]]]]}},{"type":"Feature","id":"1986193608251810265300000000","properties":{"id":"1986193608251810265300000000","pnu":"1221011900105260016","year":1986,"purpose":"제1종 근린생활시설"},"geometry":{"type":"MultiPolygon","coordinates":[[[[126.930739,35.128278],[126.930674,35.12826],[126.930626,35.128371],[126.930691,35.128387],[126.930739,35.128278]]]]}},{"type":"Feature","id":"1986193614241810215300000000","properties":{"id":"1986193614241810215300000000","pnu":"1221011900105260016","purpose":"기타"},"geometry":{"type":"MultiPolygon","coordinates":[[[[126.930741,35.128282],[126.930752,35.128285],[126.930755,35.128276],[126.930745,35.128273],[126.930741,35.128282]]]]}},{"type":"Feature","id":"1986193816461816191800000000","properties":{"id":"1986193816461816191800000000","pnu":"1221012200107040001","year":1986,"purpose":"단독주택","far":49.69,"floors":1,"structure":"벽돌구조"},"geometry":{"type":"MultiPolygon","coordinates":[[[[126.932974,35.133728],[126.933025,35.133701],[126.932951,35.133606],[126.9329,35.133635],[126.932974,35.133728]]]]}},{"type":"Feature","id":"1986193824791816219900000000","properties":{"id":"1986193824791816219900000000","pnu":"1221012200107040001","purpose":"기타","structure":"벽돌구조"},"geometry":{"type":"MultiPolygon","coordinates":[[[[126.933044,35.133683],[126.933052,35.133706],[126.933063,35.133701],[126.933057,35.133681],[126.933044,35.133683]]]]}},{"type":"Feature","id":"1986193834021811554400000000","properties":{"id":"1986193834021811554400000000","pnu":"1221011900105340053","year":1986,"purpose":"제1종 근린생활시설","far":112.22,"floors":2,"structure":"벽돌구조"},"geometry":{"type":"MultiPolygon","coordinates":[[[[126.933212,35.129538],[126.933233,35.129473],[126.933204,35.129466],[126.933204,35.129458],[126.933119,35.129438],[126.933108,35.129443],[126.933082,35.129507],[126.933212,35.129538]]]]}},{"type":"Feature","id":"1986194151771814171300000000","properties":{"id":"1986194151771814171300000000","pnu":"1221011900107220037","year":1986,"purpose":"숙박시설","far":167.31,"floors":4,"structure":"철근콘크리트구조"},"geometry":{"type":"MultiPolygon","coordinates":[[[[126.936626,35.131937],[126.93671,35.13191],[126.936702,35.131896],[126.936727,35.131883],[126.936666,35.13176],[126.936552,35.131802],[126.936626,35.131937]]]]}},{"type":"Feature","id":"1987193455011810762400000000","properties":{"id":"1987193455011810762400000000","pnu":"1221011900109810000","year":1987,"purpose":"제2종 근린생활시설"},"geometry":{"type":"MultiPolygon","coordinates":[[[[126.928957,35.12881],[126.929065,35.128757],[126.929006,35.128738],[126.928945,35.128799],[126.928957,35.12881]]]]}},{"type":"Feature","id":"1987193459461814843000000000","properties":{"id":"1987193459461814843000000000","pnu":"1221012200108720006","year":1987,"purpose":"제1종 근린생활시설","far":221.72,"floors":5,"structure":"철근콘크리트구조"},"geometry":{"type":"MultiPolygon","coordinates":[[[[126.929152,35.132423],[126.928971,35.132379],[126.92894,35.132472],[126.929063,35.132503],[126.929063,35.132513],[126.929114,35.132524],[126.929152,35.132423]]]]}},{"type":"Feature","id":"1987193474951815079300000000","properties":{"id":"1987193474951815079300000000","pnu":"1221012200108720009","year":1987,"purpose":"제1종 근린생활시설","far":217.5804,"floors":3,"structure":"철근콘크리트구조"},"geometry":{"type":"MultiPolygon","coordinates":[[[[126.92918,35.132711],[126.929317,35.132643],[126.929312,35.132621],[126.929139,35.132648],[126.929147,35.132702],[126.92918,35.132711]]]]}},{"type":"Feature","id":"1987193479231814886400000000","properties":{"id":"1987193479231814886400000000","pnu":"1221012200108720008","year":1987,"purpose":"제2종 근린생활시설","structure":"철근콘크리트구조"},"geometry":{"type":"MultiPolygon","coordinates":[[[[126.929161,35.132432],[126.929147,35.132521],[126.92926,35.132537],[126.929262,35.132528],[126.929369,35.13254],[126.92939,35.132461],[126.929161,35.132432]]]]}},{"type":"Feature","id":"1987193756631814620600000000","properties":{"id":"1987193756631814620600000000","pnu":"1221012200107320005","year":1987,"purpose":"단독주택","far":80.426666,"floors":2,"structure":"벽돌구조"},"geometry":{"type":"MultiPolygon","coordinates":[[[[126.932228,35.1323],[126.932405,35.132262],[126.932395,35.132205],[126.93221,35.132235],[126.932228,35.1323]]]]}},{"type":"Feature","id":"1987193769601815758700000000","properties":{"id":"1987193769601815758700000000","pnu":"1221012200107220002","year":1987,"purpose":"단독주택","far":46.3,"floors":1,"structure":"벽돌구조"},"geometry":{"type":"MultiPolygon","coordinates":[[[[126.932371,35.13333],[126.932499,35.13331],[126.932515,35.133271],[126.9325,35.133217],[126.932409,35.133236],[126.932415,35.133273],[126.932398,35.133277],[126.932366,35.13331],[126.932371,35.13333]]]]}},{"type":"Feature","id":"1987193799021813800500000000","properties":{"id":"1987193799021813800500000000","pnu":"1221012200107790004","purpose":"기타","structure":"벽돌구조"},"geometry":{"type":"MultiPolygon","coordinates":[[[[126.932765,35.131518],[126.932772,35.131521],[126.932782,35.131506],[126.932773,35.131503],[126.932765,35.131518]]]]}},{"type":"Feature","id":"1987193806631813859600000000","properties":{"id":"1987193806631813859600000000","pnu":"1221012200107790004","year":1987,"purpose":"단독주택","far":91.16,"floors":2,"structure":"벽돌구조"},"geometry":{"type":"MultiPolygon","coordinates":[[[[126.932924,35.131623],[126.93295,35.13159],[126.93279,35.131507],[126.932764,35.131542],[126.932924,35.131623]]]]}},{"type":"Feature","id":"1987193807001812773100000000","properties":{"id":"1987193807001812773100000000","pnu":"1221012200110040022","year":1987,"purpose":"단독주택","far":72.3,"floors":2,"structure":"벽돌구조"},"geometry":{"type":"MultiPolygon","coordinates":[[[[126.932938,35.130568],[126.932905,35.130561],[126.932905,35.130549],[126.932815,35.130528],[126.932784,35.130608],[126.93291,35.130645],[126.932938,35.130568]]]]}},{"type":"Feature","id":"1987193818471813893100000000","properties":{"id":"1987193818471813893100000000","pnu":"1221012200107790004","purpose":"기타","structure":"벽돌구조"},"geometry":{"type":"MultiPolygon","coordinates":[[[[126.932979,35.131597],[126.932986,35.131601],[126.932993,35.131594],[126.932987,35.131589],[126.932979,35.131597]]]]}},{"type":"Feature","id":"1987193823161812670500000000","properties":{"id":"1987193823161812670500000000","pnu":"1221012200108070001","purpose":"단독주택"},"geometry":{"type":"MultiPolygon","coordinates":[[[[126.93299,35.13052],[126.933095,35.130504],[126.933087,35.130467],[126.932982,35.130482],[126.93299,35.13052]]]]}},{"type":"Feature","id":"1987193905301813101900000000","properties":{"id":"1987193905301813101900000000","pnu":"1221012200107890003","year":1987,"purpose":"공동주택"},"geometry":{"type":"MultiPolygon","coordinates":[[[[126.933853,35.130926],[126.934007,35.13094],[126.934027,35.130843],[126.933906,35.130825],[126.933904,35.130831],[126.933871,35.130827],[126.933853,35.130926]]]]}},{"type":"Feature","id":"1988193528191815113000000000","properties":{"id":"1988193528191815113000000000","pnu":"1221012200107350020","year":1988,"purpose":"공동주택","far":86.04,"floors":2,"structure":"벽돌구조"},"geometry":{"type":"MultiPolygon","coordinates":[[[[126.929699,35.132742],[126.929899,35.132711],[126.92989,35.132639],[126.929803,35.13265],[126.929804,35.132666],[126.929725,35.132678],[126.929725,35.132686],[126.929684,35.13269],[126.929699,35.132742]]]]}},{"type":"Feature","id":"1988193530851815228800000000","properties":{"id":"1988193530851815228800000000","pnu":"1221012200107350009","year":1988,"purpose":"제2종 근린생활시설","far":174.38,"floors":3,"structure":"철근콘크리트구조"},"geometry":{"type":"MultiPolygon","coordinates":[[[[126.929725,35.132854],[126.92995,35.132819],[126.929935,35.13274],[126.929706,35.132778],[126.929725,35.132854]]]]}},{"type":"Feature","id":"1988193537191815150600000000","properties":{"id":"1988193537191815150600000000","pnu":"1221012200107350009","purpose":"제2종 근린생활시설","structure":"벽돌구조"},"geometry":{"type":"MultiPolygon","coordinates":[[[[126.929889,35.132733],[126.92991,35.13273],[126.929909,35.132721],[126.929888,35.132724],[126.929889,35.132733]]]]}},{"type":"Feature","id":"1988193546171815050700000000","properties":{"id":"1988193546171815050700000000","pnu":"1221012200107350019","year":1988,"purpose":"단독주택","far":84,"floors":2,"structure":"벽돌구조"},"geometry":{"type":"MultiPolygon","coordinates":[[[[126.930045,35.132687],[126.930029,35.132584],[126.929943,35.132593],[126.929953,35.132637],[126.929963,35.132637],[126.929977,35.132695],[126.930045,35.132687]]]]}},{"type":"Feature","id":"1988193551381815189500000000","properties":{"id":"1988193551381815189500000000","pnu":"1221012200107350016","year":1988,"purpose":"제1종 근린생활시설"},"geometry":{"type":"MultiPolygon","coordinates":[[[[126.929984,35.132815],[126.930141,35.132789],[126.930124,35.13271],[126.929971,35.132733],[126.929984,35.132815]]]]}},{"type":"Feature","id":"1988193554911815029600000000","properties":{"id":"1988193554911815029600000000","pnu":"1221012200107350018","year":1988,"purpose":"단독주택","far":69.4,"floors":2,"structure":"벽돌구조"},"geometry":{"type":"MultiPolygon","coordinates":[[[[126.930064,35.132689],[126.930143,35.132679],[126.930123,35.132548],[126.930045,35.132556],[126.930064,35.132689]]]]}},{"type":"Feature","id":"1988193563161811365100000000","properties":{"id":"1988193563161811365100000000","pnu":"1221011900105250002","year":1988,"purpose":"제1종 근린생활시설"},"geometry":{"type":"MultiPolygon","coordinates":[[[[126.930133,35.129343],[126.930212,35.12936],[126.930228,35.129323],[126.930227,35.129283],[126.930172,35.129265],[126.930133,35.129343]]]]}},{"type":"Feature","id":"1988193719821816630100000000","properties":{"id":"1988193719821816630100000000","pnu":"1221012200106770000","year":1988,"purpose":"제1종 근린생활시설","far":69.4882,"floors":2,"structure":"벽돌구조"},"geometry":{"type":"MultiPolygon","coordinates":[[[[126.931854,35.134112],[126.931965,35.134091],[126.93194,35.134006],[126.931883,35.134013],[126.931886,35.134035],[126.931836,35.134044],[126.931854,35.134112]]]]}},{"type":"Feature","id":"1988193758921813301900000000","properties":{"id":"1988193758921813301900000000","pnu":"1221012200107680006","year":1988,"purpose":"제1종 근린생활시설","far":114.69,"floors":2,"structure":"철근콘크리트구조"},"geometry":{"type":"MultiPolygon","coordinates":[[[[126.932259,35.131077],[126.932319,35.131081],[126.932317,35.13109],[126.932351,35.131092],[126.932352,35.131084],[126.932402,35.131087],[126.932404,35.131074],[126.932417,35.131075],[126.932419,35.131055],[126.932351,35.13104],[126.93226,35.131033],[126.932259,35.131077]]]]}},{"type":"Feature","id":"1988193874711815431000000000","properties":{"id":"1988193874711815431000000000","pnu":"1221012200107220008","year":1988,"purpose":"단독주택","far":44.6,"floors":2,"structure":"벽돌구조"},"geometry":{"type":"MultiPolygon","coordinates":[[[[126.933546,35.133034],[126.93362,35.13302],[126.933666,35.13299],[126.933642,35.132922],[126.933578,35.132938],[126.933588,35.132972],[126.933529,35.132983],[126.933546,35.133034]]]]}},{"type":"Feature","id":"1988193948971813789100000000","properties":{"id":"1988193948971813789100000000","pnu":"1221012200107880001","year":1988,"purpose":"단독주택","far":98.57,"floors":2,"structure":"벽돌구조"},"geometry":{"type":"MultiPolygon","coordinates":[[[[126.934469,35.131454],[126.934421,35.131453],[126.934421,35.131472],[126.934396,35.131472],[126.934396,35.131483],[126.934353,35.131484],[126.934351,35.131536],[126.934473,35.13154],[126.934469,35.131454]]]]}},{"type":"Feature","id":"1988194096381812575500000000","properties":{"id":"1988194096381812575500000000","pnu":"1221011900107230031","year":1988,"purpose":"단독주택","far":81.89,"floors":2,"structure":"벽돌구조"},"geometry":{"type":"MultiPolygon","coordinates":[[[[126.935958,35.130406],[126.936029,35.130467],[126.936113,35.130404],[126.93607,35.130361],[126.936051,35.130373],[126.936038,35.130366],[126.936017,35.130378],[126.936007,35.13037],[126.935958,35.130406]]]]}},{"type":"Feature","id":"1988194098161812491000000000","properties":{"id":"1988194098161812491000000000","pnu":"1221011900107230031","purpose":"기타","structure":"벽돌구조"},"geometry":{"type":"MultiPolygon","coordinates":[[[[126.936048,35.130332],[126.936056,35.13034],[126.936064,35.130334],[126.936056,35.130326],[126.936048,35.130332]]]]}},{"type":"Feature","id":"1988194120211813616200000000","properties":{"id":"1988194120211813616200000000","pnu":"1221011900107220033","purpose":"단독주택","structure":"벽돌구조"},"geometry":{"type":"MultiPolygon","coordinates":[[[[126.936283,35.13135],[126.936286,35.131355],[126.936311,35.131345],[126.936308,35.131341],[126.936283,35.13135]]]]}},{"type":"Feature","id":"1988194126581813676900000000","properties":{"id":"1988194126581813676900000000","pnu":"1221011900107220033","year":1988,"purpose":"단독주택","far":84.81,"floors":2,"structure":"벽돌구조"},"geometry":{"type":"MultiPolygon","coordinates":[[[[126.93629,35.131369],[126.936339,35.13146],[126.936447,35.131416],[126.93643,35.13137],[126.936412,35.131375],[126.936404,35.131363],[126.936355,35.131376],[126.93634,35.131351],[126.93629,35.131369]]]]}},{"type":"Feature","id":"1988194200881813363400000000","properties":{"id":"1988194200881813363400000000","pnu":"1221011900107220011","year":1988,"purpose":"단독주택","far":93.19,"floors":2,"structure":"벽돌구조"},"geometry":{"type":"MultiPolygon","coordinates":[[[[126.937145,35.131168],[126.937245,35.131137],[126.937214,35.131069],[126.937159,35.131086],[126.937162,35.131096],[126.937118,35.131112],[126.937145,35.131168]]]]}},{"type":"Feature","id":"1988194209041813317900000000","properties":{"id":"1988194209041813317900000000","pnu":"1221011900107220054","year":1988,"purpose":"단독주택","far":71.25,"floors":2,"structure":"벽돌구조"},"geometry":{"type":"MultiPolygon","coordinates":[[[[126.937219,35.131059],[126.937256,35.131134],[126.937289,35.131128],[126.937288,35.131122],[126.937325,35.13111],[126.937287,35.131021],[126.937237,35.131036],[126.937243,35.131051],[126.937219,35.131059]]]]}},{"type":"Feature","id":"1989193501381813180000000000","properties":{"id":"1989193501381813180000000000","pnu":"1221012200107500074","year":1989,"purpose":"제1종 근린생활시설","far":277.33,"floors":4,"structure":"철근콘크리트구조"},"geometry":{"type":"MultiPolygon","coordinates":[[[[126.929612,35.130877],[126.929484,35.130837],[126.929402,35.131021],[126.929533,35.131066],[126.929612,35.130877]]]]}},{"type":"Feature","id":"1989193510351812943200000000","properties":{"id":"1989193510351812943200000000","pnu":"1221012200107500075","year":1989,"purpose":"제1종 근린생활시설","far":202.09,"floors":3,"structure":"철근콘크리트구조"},"geometry":{"type":"MultiPolygon","coordinates":[[[[126.929716,35.130644],[126.929587,35.130607],[126.929497,35.13083],[126.929625,35.130868],[126.929716,35.130644]]]]}},{"type":"Feature","id":"1989193513881813900000000000","properties":{"id":"1989193513881813900000000000","pnu":"1221012200107500001","year":1989,"purpose":"공동주택","floors":15,"structure":"철근콘크리트구조"},"geometry":{"type":"MultiPolygon","coordinates":[[[[126.929465,35.131489],[126.929421,35.131596],[126.929826,35.13171],[126.929868,35.131605],[126.929465,35.131489]]]]}},{"type":"Feature","id":"1989193519331812693700000000","properties":{"id":"1989193519331812693700000000","pnu":"1221012200107500076","year":1989,"purpose":"제1종 근린생활시설","floors":3,"structure":"철근콘크리트구조"},"geometry":{"type":"MultiPolygon","coordinates":[[[[126.929599,35.130602],[126.929721,35.130633],[126.929809,35.130422],[126.929692,35.13039],[126.929599,35.130602]]]]}},{"type":"Feature","id":"1989193528801812442600000000","properties":{"id":"1989193528801812442600000000","pnu":"1221012200107500077","year":1989,"purpose":"제1종 근린생활시설","far":249.31,"floors":4,"structure":"철근콘크리트구조"},"geometry":{"type":"MultiPolygon","coordinates":[[[[126.929707,35.13037],[126.929825,35.130409],[126.929915,35.130204],[126.929787,35.130165],[126.929707,35.13037]]]]}},{"type":"Feature","id":"1989193531431812565500000000","properties":{"id":"1989193531431812565500000000","pnu":"1221012200107500077","purpose":"기타","structure":"벽돌구조"},"geometry":{"type":"MultiPolygon","coordinates":[[[[126.929827,35.130408],[126.929838,35.13041],[126.929849,35.130387],[126.929837,35.130383],[126.929827,35.130408]]]]}},{"type":"Feature","id":"1989193565301814310600000000","properties":{"id":"1989193565301814310600000000","pnu":"1221012200107500001","year":1989,"purpose":"공동주택","floors":15,"structure":"철근콘크리트구조"},"geometry":{"type":"MultiPolygon","coordinates":[[[[126.929869,35.131823],[126.929832,35.131914],[126.930549,35.132116],[126.93059,35.132029],[126.929869,35.131823]]]]}},{"type":"Feature","id":"1989193574411814867100000000","properties":{"id":"1989193574411814867100000000","pnu":"1221012200107350013","purpose":"기타","structure":"벽돌구조"},"geometry":{"type":"MultiPolygon","coordinates":[[[[126.9303,35.132465],[126.930304,35.132482],[126.930315,35.132481],[126.930311,35.132459],[126.9303,35.132465]]]]}},{"type":"Feature","id":"1989193576041813215900000000","properties":{"id":"1989193576041813215900000000","pnu":"1221012200107500001","year":1989,"purpose":"공동주택","floors":15,"structure":"철근콘크리트구조"},"geometry":{"type":"MultiPolygon","coordinates":[[[[126.930828,35.131072],[126.929844,35.130785],[126.929808,35.130888],[126.930839,35.131189],[126.930849,35.131147],[126.930806,35.131135],[126.930828,35.131072]]]]}},{"type":"Feature","id":"1989193579931814885700000000","properties":{"id":"1989193579931814885700000000","pnu":"1221012200107350013","year":1989,"purpose":"제1종 근린생활시설","far":105.84,"floors":2,"structure":"벽돌구조"},"geometry":{"type":"MultiPolygon","coordinates":[[[[126.930323,35.132539],[126.930423,35.132529],[126.93041,35.132435],[126.930334,35.132444],[126.930335,35.132453],[126.930313,35.132455],[126.930323,35.132539]]]]}},{"type":"Feature","id":"1989193583151813819800000000","properties":{"id":"1989193583151813819800000000","pnu":"1221012200107500001","year":1989,"purpose":"공동주택","floors":15,"structure":"철근콘크리트구조"},"geometry":{"type":"MultiPolygon","coordinates":[[[[126.93079,35.131592],[126.930067,35.131377],[126.930026,35.131469],[126.93075,35.131678],[126.93079,35.131592]]]]}},{"type":"Feature","id":"1989193595091812699900000000","properties":{"id":"1989193595091812699900000000","pnu":"1221012200107500001","year":1989,"purpose":"공동주택","floors":15,"structure":"철근콘크리트구조"},"geometry":{"type":"MultiPolygon","coordinates":[[[[126.931169,35.130641],[126.929929,35.130286],[126.929888,35.130386],[126.931125,35.13075],[126.931169,35.130641]]]]}},{"type":"Feature","id":"1989193673751815517500000000","properties":{"id":"1989193673751815517500000000","pnu":"1221012200107190026","year":1989,"purpose":"제1종 근린생활시설","far":102.1,"floors":2,"structure":"벽돌구조"},"geometry":{"type":"MultiPolygon","coordinates":[[[[126.931313,35.133094],[126.93148,35.133074],[126.931474,35.133021],[126.931367,35.133034],[126.931367,35.133043],[126.931309,35.133048],[126.931313,35.133094]]]]}},{"type":"Feature","id":"1989193705301815863400000000","properties":{"id":"1989193705301815863400000000","pnu":"1221012200107190015","year":1989,"purpose":"단독주택","far":95.42,"floors":2,"structure":"벽돌구조"},"geometry":{"type":"MultiPolygon","coordinates":[[[[126.931688,35.133423],[126.931771,35.13341],[126.931804,35.133376],[126.931812,35.133329],[126.931778,35.13332],[126.93172,35.13333],[126.931721,35.133347],[126.931673,35.133352],[126.931688,35.133423]]]]}},{"type":"Feature","id":"1989193712971815792400000000","properties":{"id":"1989193712971815792400000000","pnu":"1221012200107190015","purpose":"기타","structure":"벽돌구조"},"geometry":{"type":"MultiPolygon","coordinates":[[[[126.931833,35.133326],[126.931851,35.13331],[126.93182,35.133288],[126.931803,35.133302],[126.931833,35.133326]]]]}},{"type":"Feature","id":"1989193800901810194000000000","properties":{"id":"1989193800901810194000000000","pnu":"1221011900105320126","year":1989,"purpose":"단독주택","far":93.25,"floors":2,"structure":"벽돌구조"},"geometry":{"type":"MultiPolygon","coordinates":[[[[126.932863,35.128245],[126.93275,35.128217],[126.932732,35.128278],[126.932839,35.128305],[126.932863,35.128245]]]]}},{"type":"Feature","id":"1989193804221811802700000000","properties":{"id":"1989193804221811802700000000","pnu":"1221011900105340013","year":1989,"purpose":"제1종 근린생활시설","far":112.23,"floors":2,"structure":"벽돌구조"},"geometry":{"type":"MultiPolygon","coordinates":[[[[126.932877,35.129759],[126.932902,35.129701],[126.932787,35.129662],[126.932762,35.129723],[126.932877,35.129759]]]]}},{"type":"Feature","id":"1989193812171811785600000000","properties":{"id":"1989193812171811785600000000","pnu":"1221011900105340013","purpose":"제1종 근린생활시설","structure":"벽돌구조"},"geometry":{"type":"MultiPolygon","coordinates":[[[[126.932913,35.129698],[126.932923,35.1297],[126.932924,35.129693],[126.932915,35.129692],[126.932913,35.129698]]]]}},{"type":"Feature","id":"1989193881331812557600000000","properties":{"id":"1989193881331812557600000000","pnu":"1221012200108200001","year":1989,"purpose":"제1종 근린생활시설","far":112.85,"floors":2,"structure":"벽돌구조"},"geometry":{"type":"MultiPolygon","coordinates":[[[[126.93373,35.130432],[126.933732,35.130358],[126.933615,35.130356],[126.933614,35.130398],[126.933639,35.1304],[126.933638,35.130431],[126.93373,35.130432]]]]}},{"type":"Feature","id":"1989193883431812610600000000","properties":{"id":"1989193883431812610600000000","pnu":"1221012200108200001","purpose":"기타","structure":"벽돌구조"},"geometry":{"type":"MultiPolygon","coordinates":[[[[126.933687,35.130436],[126.933689,35.130446],[126.933713,35.130443],[126.933712,35.130434],[126.933687,35.130436]]]]}},{"type":"Feature","id":"1989193908341812906000000000","properties":{"id":"1989193908341812906000000000","pnu":"1221012200108230003","purpose":"기타","structure":"벽돌구조"},"geometry":{"type":"MultiPolygon","coordinates":[[[[126.933967,35.13071],[126.933977,35.130711],[126.933979,35.130702],[126.933969,35.130701],[126.933967,35.13071]]]]}},{"type":"Feature","id":"1989193915341812983000000000","properties":{"id":"1989193915341812983000000000","pnu":"1221012200108230003","year":1989,"purpose":"단독주택","far":79.34,"floors":2,"structure":"벽돌구조"},"geometry":{"type":"MultiPolygon","coordinates":[[[[126.933989,35.13073],[126.933982,35.130799],[126.934125,35.130813],[126.934127,35.13077],[126.934093,35.130767],[126.934093,35.130751],[126.934046,35.130745],[126.934046,35.130739],[126.933989,35.13073]]]]}},{"type":"Feature","id":"1989193923241812927200000000","properties":{"id":"1989193923241812927200000000","pnu":"1221012200108230003","purpose":"기타","structure":"벽돌구조"},"geometry":{"type":"MultiPolygon","coordinates":[[[[126.934131,35.130729],[126.934141,35.13073],[126.934142,35.130722],[126.934132,35.130721],[126.934131,35.130729]]]]}},{"type":"Feature","id":"1989193924471812929000000000","properties":{"id":"1989193924471812929000000000","pnu":"1221012200108230002","purpose":"기타","structure":"벽돌구조"},"geometry":{"type":"MultiPolygon","coordinates":[[[[126.934144,35.13073],[126.934156,35.130731],[126.934156,35.130724],[126.934144,35.130723],[126.934144,35.13073]]]]}},{"type":"Feature","id":"1989193930381813011700000000","properties":{"id":"1989193930381813011700000000","pnu":"1221012200108230002","year":1989,"purpose":"단독주택","far":81.01,"floors":2,"structure":"벽돌구조"},"geometry":{"type":"MultiPolygon","coordinates":[[[[126.934283,35.130843],[126.93429,35.130797],[126.934258,35.130794],[126.934258,35.130781],[126.934217,35.130777],[126.934217,35.130759],[126.934155,35.130757],[126.934152,35.130824],[126.934283,35.130843]]]]}},{"type":"Feature","id":"1989193937081813062500000000","properties":{"id":"1989193937081813062500000000","pnu":"1221012200108230002","purpose":"기타","structure":"벽돌구조"},"geometry":{"type":"MultiPolygon","coordinates":[[[[126.934282,35.130851],[126.934293,35.130851],[126.934294,35.130844],[126.934283,35.130843],[126.934282,35.130851]]]]}},{"type":"Feature","id":"1989193964211811812000000000","properties":{"id":"1989193964211811812000000000","pnu":"1221011900107110002","year":1989,"purpose":"단독주택","far":95.07,"floors":2,"structure":"벽돌구조"},"geometry":{"type":"MultiPolygon","coordinates":[[[[126.9346,35.129768],[126.934642,35.129734],[126.934596,35.12969],[126.934552,35.129672],[126.934542,35.129722],[126.9346,35.129768]]]]}},{"type":"Feature","id":"1989193965761811868200000000","properties":{"id":"1989193965761811868200000000","pnu":"1221011900107110002","purpose":"기타","structure":"벽돌구조"},"geometry":{"type":"MultiPolygon","coordinates":[[[[126.934597,35.12977],[126.934602,35.129776],[126.93461,35.129772],[126.934606,35.129766],[126.934597,35.12977]]]]}},{"type":"Feature","id":"1989194035711811880200000000","properties":{"id":"1989194035711811880200000000","pnu":"1221011900106970002","purpose":"단독주택","structure":"벽돌구조"},"geometry":{"type":"MultiPolygon","coordinates":[[[[126.935365,35.129783],[126.935372,35.129787],[126.935377,35.129782],[126.935371,35.129777],[126.935365,35.129783]]]]}},{"type":"Feature","id":"1989194042521811876600000000","properties":{"id":"1989194042521811876600000000","pnu":"1221011900106970002","year":1989,"purpose":"단독주택","far":70.12,"floors":2,"structure":"벽돌구조"},"geometry":{"type":"MultiPolygon","coordinates":[[[[126.935386,35.129779],[126.935438,35.129827],[126.935506,35.129786],[126.935449,35.129728],[126.935417,35.129747],[126.935426,35.129756],[126.935386,35.129779]]]]}},{"type":"Feature","id":"1989194049531811818200000000","properties":{"id":"1989194049531811818200000000","pnu":"1221011900106970006","year":1989,"purpose":"단독주택","far":82.19,"floors":2,"structure":"벽돌구조"},"geometry":{"type":"MultiPolygon","coordinates":[[[[126.935456,35.129712],[126.935529,35.129774],[126.935584,35.129732],[126.935552,35.129696],[126.935549,35.129699],[126.935536,35.129691],[126.935513,35.129702],[126.935498,35.129689],[126.935456,35.129712]]]]}},{"type":"Feature","id":"1989194051531811756200000000","properties":{"id":"1989194051531811756200000000","pnu":"1221011900106970006","purpose":"기타","structure":"벽돌구조"},"geometry":{"type":"MultiPolygon","coordinates":[[[[126.935538,35.12967],[126.935543,35.129676],[126.935552,35.129671],[126.935546,35.129665],[126.935538,35.12967]]]]}},{"type":"Feature","id":"1989194053241811937100000000","properties":{"id":"1989194053241811937100000000","pnu":"1221011900106970007","year":1989,"purpose":"단독주택","far":86.42,"floors":2,"structure":"벽돌구조"},"geometry":{"type":"MultiPolygon","coordinates":[[[[126.935478,35.129834],[126.935533,35.129891],[126.935652,35.129819],[126.935621,35.129782],[126.935578,35.129805],[126.93557,35.129796],[126.935537,35.129816],[126.935527,35.129804],[126.935478,35.129834]]]]}},{"type":"Feature","id":"1989194061221811872100000000","properties":{"id":"1989194061221811872100000000","pnu":"1221011900106970007","purpose":"기타","structure":"벽돌구조"},"geometry":{"type":"MultiPolygon","coordinates":[[[[126.935644,35.129774],[126.93565,35.129781],[126.935658,35.129776],[126.935652,35.129769],[126.935644,35.129774]]]]}},{"type":"Feature","id":"1989194075141811830400000000","properties":{"id":"1989194075141811830400000000","pnu":"1221011900107240010","purpose":"기타","structure":"벽돌구조"},"geometry":{"type":"MultiPolygon","coordinates":[[[[126.935797,35.129737],[126.935805,35.129743],[126.93581,35.129739],[126.935803,35.129732],[126.935797,35.129737]]]]}},{"type":"Feature","id":"1989194081591811821700000000","properties":{"id":"1989194081591811821700000000","pnu":"1221011900107240010","year":1989,"purpose":"단독주택","far":109,"floors":2,"structure":"벽돌구조"},"geometry":{"type":"MultiPolygon","coordinates":[[[[126.935811,35.129731],[126.935846,35.129759],[126.935837,35.129767],[126.935875,35.129792],[126.935946,35.129728],[126.935864,35.129669],[126.935821,35.129706],[126.935829,35.129715],[126.935811,35.129731]]]]}},{"type":"Feature","id":"1989194089881814515900000000","properties":{"id":"1989194089881814515900000000","pnu":"1221012200102750001","year":1989,"purpose":"제1종 근린생활시설","far":194.11,"floors":4,"structure":"철근콘크리트구조"},"geometry":{"type":"MultiPolygon","coordinates":[[[[126.935888,35.132134],[126.935894,35.132166],[126.935929,35.132165],[126.935933,35.132185],[126.935956,35.132182],[126.935963,35.1322],[126.936024,35.132192],[126.936009,35.132124],[126.935888,35.132134]]]]}},{"type":"Feature","id":"1989194131071814169300000000","properties":{"id":"1989194131071814169300000000","pnu":"1221011900107220070","purpose":"제1종 근린생활시설","structure":"벽돌구조"},"geometry":{"type":"MultiPolygon","coordinates":[[[[126.936402,35.131845],[126.936407,35.131855],[126.936429,35.131847],[126.936424,35.131837],[126.936402,35.131845]]]]}},{"type":"Feature","id":"1989194140671814207900000000","properties":{"id":"1989194140671814207900000000","pnu":"1221011900107220070","year":1989,"purpose":"기타","far":229.72,"floors":4,"structure":"철근콘크리트구조"},"geometry":{"type":"MultiPolygon","coordinates":[[[[126.936551,35.131803],[126.936417,35.131852],[126.936473,35.131939],[126.936624,35.131937],[126.936551,35.131803]]]]}},{"type":"Feature","id":"1989194222601813437500000000","properties":{"id":"1989194222601813437500000000","pnu":"1221011900107220048","year":1989,"purpose":"단독주택","far":77.81,"floors":2,"structure":"벽돌구조"},"geometry":{"type":"MultiPolygon","coordinates":[[[[126.937365,35.131238],[126.937493,35.131205],[126.937466,35.13113],[126.937421,35.131143],[126.937422,35.131153],[126.937374,35.131163],[126.937378,35.131175],[126.937343,35.131184],[126.937365,35.131238]]]]}},{"type":"Feature","id":"1990193489861813569100000000","properties":{"id":"1990193489861813569100000000","pnu":"1221012200107500073","year":1990,"purpose":"제1종 근린생활시설","far":330.56,"floors":6,"structure":"철근콘크리트구조"},"geometry":{"type":"MultiPolygon","coordinates":[[[[126.929498,35.131261],[126.929319,35.131209],[126.92926,35.131339],[126.929448,35.131393],[126.929498,35.131261]]]]}},{"type":"Feature","id":"1990193505981815562600000000","properties":{"id":"1990193505981815562600000000","pnu":"1221012200108730003","year":1990,"purpose":"제2종 근린생활시설","far":158.68,"floors":3,"structure":"철근콘크리트구조"},"geometry":{"type":"MultiPolygon","coordinates":[[[[126.929463,35.133126],[126.929609,35.133151],[126.929636,35.13311],[126.929637,35.133048],[126.929471,35.133066],[126.929463,35.133126]]]]}},{"type":"Feature","id":"1990193568241815157400000000","properties":{"id":"1990193568241815157400000000","pnu":"1221012200107350017","year":1990,"purpose":"제2종 근린생활시설","far":273.98,"floors":5,"structure":"철근콘크리트구조"},"geometry":{"type":"MultiPolygon","coordinates":[[[[126.930181,35.132781],[126.930314,35.13276],[126.930298,35.132684],[126.930165,35.132709],[126.930181,35.132781]]]]}},{"type":"Feature","id":"1990193582051815129900000000","properties":{"id":"1990193582051815129900000000","pnu":"1221012200107350024","year":1990,"purpose":"제2종 근린생활시설","floors":5,"structure":"철근콘크리트구조"},"geometry":{"type":"MultiPolygon","coordinates":[[[[126.930322,35.132758],[126.930478,35.132731],[126.93047,35.132684],[126.930462,35.132685],[126.930455,35.132663],[126.930309,35.132681],[126.930322,35.132758]]]]}},{"type":"Feature","id":"1990193587941810868600000000","properties":{"id":"1990193587941810868600000000","pnu":"1221011900105250004","year":1990,"purpose":"제1종 근린생활시설"},"geometry":{"type":"MultiPolygon","coordinates":[[[[126.93056,35.128849],[126.930403,35.128802],[126.930361,35.12889],[126.930449,35.128919],[126.930454,35.128909],[126.930523,35.128927],[126.93056,35.128849]]]]}},{"type":"Feature","id":"1990193662961810212000000000","properties":{"id":"1990193662961810212000000000","pnu":"1221011900105320077","year":1990,"purpose":"제1종 근린생활시설","far":107.04,"floors":2,"structure":"벽돌구조"},"geometry":{"type":"MultiPolygon","coordinates":[[[[126.931337,35.12824],[126.931268,35.128221],[126.931225,35.128309],[126.931303,35.128331],[126.931337,35.12824]]]]}},{"type":"Feature","id":"1990193771611809920500000000","properties":{"id":"1990193771611809920500000000","pnu":"1221011900105320112","year":1990,"purpose":"단독주택","far":98.55,"floors":2,"structure":"벽돌구조"},"geometry":{"type":"MultiPolygon","coordinates":[[[[126.932526,35.128058],[126.932545,35.127989],[126.932511,35.127981],[126.932506,35.127991],[126.932454,35.127978],[126.932452,35.127985],[126.932419,35.127977],[126.932398,35.128029],[126.932526,35.128058]]]]}},{"type":"Feature","id":"1990193788241812691100000000","properties":{"id":"1990193788241812691100000000","pnu":"1221012200108010001","year":1990,"purpose":"제2종 근린생활시설","far":137.8371,"floors":3,"structure":"벽돌구조"},"geometry":{"type":"MultiPolygon","coordinates":[[[[126.932698,35.130536],[126.932726,35.130489],[126.932725,35.13048],[126.93259,35.130498],[126.93259,35.130538],[126.932698,35.130536]]]]}},{"type":"Feature","id":"1990193832621813410100000000","properties":{"id":"1990193832621813410100000000","pnu":"1221012200107950003","year":1990,"purpose":"단독주택","far":105.51,"floors":2,"structure":"벽돌구조"},"geometry":{"type":"MultiPolygon","coordinates":[[[[126.933111,35.131112],[126.933094,35.131192],[126.933181,35.131206],[126.933187,35.131178],[126.933178,35.131176],[126.933184,35.131144],[126.933175,35.131142],[126.933175,35.13112],[126.933111,35.131112]]]]}},{"type":"Feature","id":"1990193837461813361800000000","properties":{"id":"1990193837461813361800000000","pnu":"1221012200107950003","purpose":"기타","structure":"벽돌구조"},"geometry":{"type":"MultiPolygon","coordinates":[[[[126.933189,35.13112],[126.9332,35.131121],[126.933201,35.131113],[126.933191,35.131111],[126.933189,35.13112]]]]}},{"type":"Feature","id":"1990193894011810028400000000","properties":{"id":"1990193894011810028400000000","pnu":"1221011900105510001","year":1990,"purpose":"공동주택","floors":3,"structure":"철근콘크리트구조"},"geometry":{"type":"MultiPolygon","coordinates":[[[[126.933784,35.128122],[126.933801,35.128344],[126.933888,35.128345],[126.933885,35.12832],[126.933873,35.128319],[126.933873,35.12827],[126.933865,35.128269],[126.933853,35.128116],[126.933851,35.128061],[126.933841,35.128061],[126.933832,35.127887],[126.933818,35.127886],[126.933816,35.127857],[126.933764,35.127856],[126.933784,35.128122]]]]}},{"type":"Feature","id":"1990193896201810387500000000","properties":{"id":"1990193896201810387500000000","pnu":"1221011900105510006","year":1990,"purpose":"제1종 근린생활시설","far":163.79,"floors":3,"structure":"철근콘크리트구조"},"geometry":{"type":"MultiPolygon","coordinates":[[[[126.933897,35.128392],[126.933805,35.1284],[126.933795,35.128484],[126.933833,35.128491],[126.933897,35.128425],[126.933897,35.128392]]]]}},{"type":"Feature","id":"1990193899001812945700000000","properties":{"id":"1990193899001812945700000000","pnu":"1221012200108230004","year":1990,"purpose":"단독주택","floors":2,"structure":"벽돌구조"},"geometry":{"type":"MultiPolygon","coordinates":[[[[126.933809,35.130691],[126.933798,35.130771],[126.933952,35.130782],[126.933954,35.130741],[126.933938,35.130738],[126.933938,35.130726],[126.933883,35.130719],[126.933884,35.130701],[126.933809,35.130691]]]]}},{"type":"Feature","id":"1990194018711811128000000000","properties":{"id":"1990194018711811128000000000","pnu":"1221011900106980023","year":1990,"purpose":"공동주택","floors":6,"structure":"철근콘크리트구조"},"geometry":{"type":"MultiPolygon","coordinates":[[[[126.934988,35.12896],[126.93531,35.129307],[126.935368,35.129275],[126.935355,35.129254],[126.935369,35.12924],[126.935076,35.12891],[126.934988,35.12896]]]]}},{"type":"Feature","id":"1990194027931813915700000000","properties":{"id":"1990194027931813915700000000","pnu":"1221012200102800000","purpose":"기타","structure":"벽돌구조"},"geometry":{"type":"MultiPolygon","coordinates":[[[[126.935306,35.131659],[126.935329,35.131644],[126.935263,35.131575],[126.93524,35.13159],[126.935306,35.131659]]]]}},{"type":"Feature","id":"1990194044101814657500000000","properties":{"id":"1990194044101814657500000000","pnu":"1221012200102760011","purpose":"제2종 근린생활시설","far":0.9452736,"structure":"벽돌구조"},"geometry":{"type":"MultiPolygon","coordinates":[[[[126.935455,35.132281],[126.935456,35.132292],[126.935468,35.132291],[126.935467,35.13228],[126.935455,35.132281]]]]}},{"type":"Feature","id":"1990194049971814576900000000","properties":{"id":"1990194049971814576900000000","pnu":"1221012200102760011","year":1990,"purpose":"제2종 근린생활시설","far":100.3781,"floors":2,"structure":"일반철골구조"},"geometry":{"type":"MultiPolygon","coordinates":[[[[126.935441,35.13219],[126.935451,35.132261],[126.935577,35.13224],[126.935576,35.13223],[126.935617,35.132223],[126.935609,35.13217],[126.935441,35.13219]]]]}},{"type":"Feature","id":"1990194057361812207600000000","properties":{"id":"1990194057361812207600000000","pnu":"1221011900107230029","year":1990,"purpose":"단독주택","far":107.24,"floors":2,"structure":"벽돌구조"},"geometry":{"type":"MultiPolygon","coordinates":[[[[126.935529,35.130068],[126.93561,35.130134],[126.935683,35.130066],[126.935649,35.130037],[126.935637,35.130045],[126.935623,35.130032],[126.935585,35.130057],[126.935564,35.130043],[126.935529,35.130068]]]]}},{"type":"Feature","id":"1990194058131812114500000000","properties":{"id":"1990194058131812114500000000","pnu":"1221011900107230029","purpose":"기타","structure":"벽돌구조"},"geometry":{"type":"MultiPolygon","coordinates":[[[[126.935609,35.129994],[126.935617,35.13],[126.935625,35.129993],[126.935616,35.129987],[126.935609,35.129994]]]]}},{"type":"Feature","id":"1990194061401814504300000000","properties":{"id":"1990194061401814504300000000","pnu":"1221012200102750005","purpose":"제1종 근린생활시설","floors":1,"structure":"일반목구조"},"geometry":{"type":"MultiPolygon","coordinates":[[[[126.935593,35.132163],[126.935705,35.132158],[126.935704,35.13213],[126.935597,35.13214],[126.935593,35.132163]]]]}},{"type":"Feature","id":"1991193469481814098600000000","properties":{"id":"1991193469481814098600000000","pnu":"1221012200107500070","year":1991,"purpose":"기타"},"geometry":{"type":"MultiPolygon","coordinates":[[[[126.929041,35.131848],[126.929205,35.131855],[126.929231,35.131798],[126.929252,35.131803],[126.929283,35.131732],[126.929103,35.13169],[126.929041,35.131848]]]]}},{"type":"Feature","id":"1991193483861813778900000000","properties":{"id":"1991193483861813778900000000","pnu":"1221012200107500072","year":1991,"purpose":"제2종 근린생활시설"},"geometry":{"type":"MultiPolygon","coordinates":[[[[126.929419,35.13143],[126.929283,35.13139],[126.929208,35.13155],[126.929351,35.131589],[126.929419,35.13143]]]]}},{"type":"Feature","id":"1991193497951814593300000000","properties":{"id":"1991193497951814593300000000","pnu":"1221012200107500000","year":1991,"purpose":"제1종 근린생활시설","far":156.04,"floors":6,"structure":"철근콘크리트구조"},"geometry":{"type":"MultiPolygon","coordinates":[[[[126.929632,35.132419],[126.929644,35.132051],[126.929277,35.132045],[126.929262,35.132063],[126.929256,35.132082],[126.929261,35.132103],[126.929296,35.13212],[126.929298,35.132181],[126.92929,35.132184],[126.929285,35.132195],[126.929284,35.132214],[126.929283,35.132254],[126.929343,35.132258],[126.929338,35.132377],[126.929315,35.132377],[126.929313,35.132435],[126.929358,35.132436],[126.929358,35.13241],[126.929632,35.132419]]]]}},{"type":"Feature","id":"1991193645551814905800000000","properties":{"id":"1991193645551814905800000000","pnu":"1221012200107340009","purpose":"제1종 근린생활시설"},"geometry":{"type":"MultiPolygon","coordinates":[[[[126.931072,35.132507],[126.931079,35.132516],[126.931104,35.132507],[126.931098,35.132498],[126.931072,35.132507]]]]}},{"type":"Feature","id":"1991193646191814989000000000","properties":{"id":"1991193646191814989000000000","pnu":"1221012200107340009","year":1991,"purpose":"제1종 근린생활시설"},"geometry":{"type":"MultiPolygon","coordinates":[[[[126.931161,35.132623],[126.931137,35.132522],[126.931028,35.132539],[126.931056,35.132644],[126.931161,35.132623]]]]}},{"type":"Feature","id":"1991193657381814963200000000","properties":{"id":"1991193657381814963200000000","pnu":"1221012200107340010","year":1991,"purpose":"제2종 근린생활시설","far":214.967,"floors":4,"structure":"철근콘크리트구조"},"geometry":{"type":"MultiPolygon","coordinates":[[[[126.931178,35.132616],[126.931284,35.132601],[126.931255,35.132502],[126.931155,35.132514],[126.931178,35.132616]]]]}},{"type":"Feature","id":"1991193664791815252500000000","properties":{"id":"1991193664791815252500000000","pnu":"1221012200106760018","year":1991,"purpose":"기타","far":128.77922,"floors":3,"structure":"철근콘크리트구조"},"geometry":{"type":"MultiPolygon","coordinates":[[[[126.931315,35.132866],[126.931353,35.132774],[126.931256,35.13279],[126.931266,35.132866],[126.931315,35.132866]]]]}},{"type":"Feature","id":"1991193667831814940400000000","properties":{"id":"1991193667831814940400000000","pnu":"1221012200107340002","year":1991,"purpose":"제1종 근린생활시설","far":199,"floors":4,"structure":"철근콘크리트구조"},"geometry":{"type":"MultiPolygon","coordinates":[[[[126.9313,35.132602],[126.931392,35.132584],[126.931366,35.132476],[126.931272,35.132492],[126.9313,35.132602]]]]}},{"type":"Feature","id":"1991193673921815258900000000","properties":{"id":"1991193673921815258900000000","pnu":"1221012200107190025","year":1991,"purpose":"제1종 근린생활시설","far":153.3,"floors":3,"structure":"철근콘크리트구조"},"geometry":{"type":"MultiPolygon","coordinates":[[[[126.931443,35.132866],[126.931421,35.132764],[126.931383,35.13277],[126.931355,35.132858],[126.931356,35.132874],[126.931443,35.132866]]]]}},{"type":"Feature","id":"1991193674441816655300000000","properties":{"id":"1991193674441816655300000000","pnu":"1221012200106770013","year":1991,"purpose":"단독주택","far":103.69,"floors":2,"structure":"벽돌구조"},"geometry":{"type":"MultiPolygon","coordinates":[[[[126.931464,35.134121],[126.931444,35.134025],[126.931385,35.134033],[126.931377,35.134044],[126.931377,35.13406],[126.931341,35.134066],[126.931351,35.134135],[126.931464,35.134121]]]]}},{"type":"Feature","id":"1991193698001815626700000000","properties":{"id":"1991193698001815626700000000","pnu":"1221012200107190004","purpose":"기타","structure":"벽돌구조"},"geometry":{"type":"MultiPolygon","coordinates":[[[[126.931653,35.133163],[126.931675,35.133159],[126.931674,35.133151],[126.931651,35.133155],[126.931653,35.133163]]]]}},{"type":"Feature","id":"1991193698821810332600000000","properties":{"id":"1991193698821810332600000000","pnu":"1221011900105320154","year":1991,"purpose":"단독주택","far":96.12,"floors":2,"structure":"벽돌구조"},"geometry":{"type":"MultiPolygon","coordinates":[[[[126.931715,35.128434],[126.931744,35.128353],[126.931701,35.128342],[126.931697,35.128352],[126.931654,35.128341],[126.931648,35.128351],[126.931636,35.128349],[126.931631,35.12836],[126.931622,35.128359],[126.931603,35.128409],[126.931715,35.128434]]]]}},{"type":"Feature","id":"1991193700711816772900000000","properties":{"id":"1991193700711816772900000000","pnu":"1221012200106770002","year":1991,"purpose":"단독주택","far":108.98,"floors":2,"structure":"벽돌구조"},"geometry":{"type":"MultiPolygon","coordinates":[[[[126.93165,35.134243],[126.931715,35.134237],[126.931716,35.134221],[126.931739,35.134217],[126.93174,35.134207],[126.931754,35.134202],[126.931749,35.134156],[126.931731,35.134156],[126.931729,35.134147],[126.931691,35.134151],[126.931691,35.134144],[126.931637,35.134149],[126.93165,35.134243]]]]}},{"type":"Feature","id":"1991193702961815648000000000","properties":{"id":"1991193702961815648000000000","pnu":"1221012200107190004","year":1991,"purpose":"단독주택","far":95.95,"floors":2,"structure":"벽돌구조"},"geometry":{"type":"MultiPolygon","coordinates":[[[[126.931622,35.133218],[126.931813,35.133184],[126.931801,35.133134],[126.931697,35.133149],[126.931697,35.133161],[126.931646,35.133168],[126.931646,35.133174],[126.931615,35.133177],[126.931622,35.133218]]]]}},{"type":"Feature","id":"1991193722061816822300000000","properties":{"id":"1991193722061816822300000000","pnu":"1221012200106940002","year":1991,"purpose":"단독주택","far":100.89,"floors":2,"structure":"벽돌구조"},"geometry":{"type":"MultiPolygon","coordinates":[[[[126.931878,35.134282],[126.931996,35.134254],[126.931979,35.134195],[126.931936,35.134201],[126.931932,35.134195],[126.931877,35.134204],[126.931876,35.134215],[126.931861,35.13422],[126.931878,35.134282]]]]}},{"type":"Feature","id":"1991193726911816732600000000","properties":{"id":"1991193726911816732600000000","pnu":"1221012200106940002","purpose":"기타","structure":"벽돌구조"},"geometry":{"type":"MultiPolygon","coordinates":[[[[126.931974,35.134161],[126.931987,35.134159],[126.931986,35.134148],[126.931972,35.134149],[126.931974,35.134161]]]]}},{"type":"Feature","id":"1991193808161811717000000000","properties":{"id":"1991193808161811717000000000","pnu":"1221011900105340019","year":1991,"purpose":"단독주택","far":113.15,"floors":2,"structure":"벽돌구조"},"geometry":{"type":"MultiPolygon","coordinates":[[[[126.932929,35.129684],[126.932959,35.129627],[126.932818,35.129583],[126.932792,35.129641],[126.932929,35.129684]]]]}},{"type":"Feature","id":"1991193823831813387900000000","properties":{"id":"1991193823831813387900000000","pnu":"1221012200107950001","year":1991,"purpose":"단독주택","far":100.87,"floors":2,"structure":"벽돌구조"},"geometry":{"type":"MultiPolygon","coordinates":[[[[126.933103,35.131113],[126.933061,35.131107],[126.933058,35.131117],[126.933019,35.131112],[126.933017,35.131123],[126.932987,35.131121],[126.932977,35.131156],[126.93309,35.131175],[126.933103,35.131113]]]]}},{"type":"Feature","id":"1991193835641816293000000000","properties":{"id":"1991193835641816293000000000","pnu":"1221012200107150001","purpose":"기타","structure":"벽돌구조"},"geometry":{"type":"MultiPolygon","coordinates":[[[[126.933166,35.133755],[126.933169,35.133764],[126.933179,35.133762],[126.933177,35.133753],[126.933166,35.133755]]]]}},{"type":"Feature","id":"1991193837161816163800000000","properties":{"id":"1991193837161816163800000000","pnu":"1221012200107160001","year":1991,"purpose":"제2종 근린생활시설","far":99.15,"floors":2,"structure":"벽돌구조"},"geometry":{"type":"MultiPolygon","coordinates":[[[[126.933123,35.133702],[126.9332,35.133694],[126.933288,35.133622],[126.933236,35.13357],[126.933089,35.133653],[126.933123,35.133702]]]]}},{"type":"Feature","id":"1991193842671816360900000000","properties":{"id":"1991193842671816360900000000","pnu":"1221012200107150001","year":1991,"purpose":"단독주택","far":99.22,"floors":2,"structure":"벽돌구조"},"geometry":{"type":"MultiPolygon","coordinates":[[[[126.933215,35.133878],[126.93333,35.133854],[126.933318,35.133812],[126.933293,35.133812],[126.933272,35.133766],[126.933256,35.133768],[126.933252,35.13376],[126.93318,35.133776],[126.933215,35.133878]]]]}},{"type":"Feature","id":"1991193845021816111900000000","properties":{"id":"1991193845021816111900000000","pnu":"1221012200107160001","purpose":"기타","structure":"벽돌구조"},"geometry":{"type":"MultiPolygon","coordinates":[[[[126.933266,35.133587],[126.933276,35.133607],[126.933286,35.133604],[126.933276,35.133583],[126.933266,35.133587]]]]}},{"type":"Feature","id":"1991193852811816318100000000","properties":{"id":"1991193852811816318100000000","pnu":"1221012200107150006","year":1991,"purpose":"단독주택","far":93.36,"floors":2,"structure":"벽돌구조"},"geometry":{"type":"MultiPolygon","coordinates":[[[[126.933339,35.133839],[126.933442,35.1338],[126.933421,35.133763],[126.933398,35.133769],[126.933371,35.133734],[126.933358,35.133736],[126.933351,35.133727],[126.93329,35.133749],[126.933339,35.133839]]]]}},{"type":"Feature","id":"1991193853491816213500000000","properties":{"id":"1991193853491816213500000000","pnu":"1221012200107150006","purpose":"기타","structure":"벽돌구조"},"geometry":{"type":"MultiPolygon","coordinates":[[[[126.93336,35.133683],[126.933365,35.133694],[126.933379,35.13369],[126.933371,35.13368],[126.93336,35.133683]]]]}},{"type":"Feature","id":"1991193860171816229300000000","properties":{"id":"1991193860171816229300000000","pnu":"1221012200107150007","year":1991,"purpose":"단독주택","far":94.21,"floors":2,"structure":"벽돌구조"},"geometry":{"type":"MultiPolygon","coordinates":[[[[126.933448,35.133771],[126.933488,35.133744],[126.933493,35.133733],[126.933479,35.133713],[126.933489,35.133701],[126.933481,35.13369],[126.933487,35.133684],[126.933453,35.133639],[126.933375,35.133675],[126.933448,35.133771]]]]}},{"type":"Feature","id":"1991193862721816308400000000","properties":{"id":"1991193862721816308400000000","pnu":"1221012200107150007","purpose":"기타","structure":"벽돌구조"},"geometry":{"type":"MultiPolygon","coordinates":[[[[126.933462,35.133772],[126.93347,35.13378],[126.933478,35.133774],[126.93347,35.133766],[126.933462,35.133772]]]]}},{"type":"Feature","id":"1991193867711810951200000000","properties":{"id":"1991193867711810951200000000","pnu":"1221011900105490002","year":1991,"purpose":"제1종 근린생활시설","far":110.57,"floors":2,"structure":"벽돌구조"},"geometry":{"type":"MultiPolygon","coordinates":[[[[126.933589,35.129007],[126.933623,35.128935],[126.93347,35.128882],[126.933432,35.128951],[126.933589,35.129007]]]]}},{"type":"Feature","id":"1991193933731811628400000000","properties":{"id":"1991193933731811628400000000","pnu":"1221011900107080010","year":1991,"purpose":"단독주택","far":154.71,"floors":3,"structure":"벽돌구조"},"geometry":{"type":"MultiPolygon","coordinates":[[[[126.934291,35.1296],[126.934306,35.129567],[126.934283,35.129526],[126.934219,35.12951],[126.934195,35.129563],[126.934215,35.129569],[126.934212,35.129577],[126.934291,35.1296]]]]}},{"type":"Feature","id":"1991194033001813443300000000","properties":{"id":"1991194033001813443300000000","pnu":"1221012200102810019","year":1991,"purpose":"제1종 근린생활시설","far":115.44,"floors":2,"structure":"벽돌구조"},"geometry":{"type":"MultiPolygon","coordinates":[[[[126.935317,35.131127],[126.935288,35.131178],[126.93529,35.131196],[126.935347,35.131248],[126.935407,35.131204],[126.935317,35.131127]]]]}},{"type":"Feature","id":"1991194146001813249600000000","properties":{"id":"1991194146001813249600000000","pnu":"1221011900107220022","year":1991,"purpose":"단독주택","far":90.35,"floors":2,"structure":"벽돌구조"},"geometry":{"type":"MultiPolygon","coordinates":[[[[126.936489,35.130989],[126.936533,35.131079],[126.93668,35.131027],[126.936646,35.130969],[126.936606,35.13098],[126.9366,35.13097],[126.936558,35.130985],[126.93655,35.130973],[126.936489,35.130989]]]]}},{"type":"Feature","id":"1991194159221813597300000000","properties":{"id":"1991194159221813597300000000","pnu":"1221011900107220072","year":1991,"purpose":"공동주택","floors":2,"structure":"철근콘크리트구조"},"geometry":{"type":"MultiPolygon","coordinates":[[[[126.936529,35.131346],[126.936577,35.131438],[126.936923,35.131313],[126.936874,35.131224],[126.936529,35.131346]]]]}},{"type":"Feature","id":"1991194169321813818100000000","properties":{"id":"1991194169321813818100000000","pnu":"1221011900107220001","year":1991,"purpose":"공동주택","floors":3,"structure":"철근콘크리트구조"},"geometry":{"type":"MultiPolygon","coordinates":[[[[126.93699,35.131423],[126.93664,35.13154],[126.936688,35.131638],[126.937032,35.131516],[126.93699,35.131423]]]]}},{"type":"Feature","id":"1991194325951815125800000000","properties":{"id":"1991194325951815125800000000","pnu":"1221012100108730000","year":1991,"purpose":"기타","floors":3,"structure":"철근콘크리트구조"},"geometry":{"type":"MultiPolygon","coordinates":[[[[126.938624,35.132801],[126.938624,35.132614],[126.938554,35.132614],[126.938553,35.132637],[126.938476,35.132636],[126.938471,35.132759],[126.938487,35.132759],[126.938486,35.132789],[126.938548,35.13279],[126.938549,35.1328],[126.938624,35.132801]]]]}},{"type":"Feature","id":"1992193476401813951300000000","properties":{"id":"1992193476401813951300000000","pnu":"1221012200107500071","year":1992,"purpose":"제2종 근린생활시설","far":346.47,"floors":5,"structure":"철근콘크리트구조"},"geometry":{"type":"MultiPolygon","coordinates":[[[[126.929308,35.131732],[126.929355,35.131609],[126.929159,35.131559],[126.929111,35.131682],[126.929308,35.131732]]]]}},{"type":"Feature","id":"1992193565101810159900000000","properties":{"id":"1992193565101810159900000000","pnu":"1221011900108550002","year":1992,"purpose":"단독주택"},"geometry":{"type":"MultiPolygon","coordinates":[[[[126.930211,35.128276],[126.930246,35.128193],[126.930207,35.128181],[126.930173,35.128265],[126.930211,35.128276]]]]}},{"type":"Feature","id":"1992193601521815366600000000","properties":{"id":"1992193601521815366600000000","pnu":"1221012200107360001","purpose":"단독주택"},"geometry":{"type":"MultiPolygon","coordinates":[[[[126.93056,35.132966],[126.930665,35.132949],[126.930652,35.132882],[126.930546,35.132891],[126.93056,35.132966]]]]}},{"type":"Feature","id":"1992193670761814787600000000","properties":{"id":"1992193670761814787600000000","pnu":"1221012200107310014","year":1992,"purpose":"단독주택","far":98.03,"floors":2,"structure":"벽돌구조"},"geometry":{"type":"MultiPolygon","coordinates":[[[[126.931309,35.132433],[126.931431,35.1324],[126.931421,35.132368],[126.931297,35.132404],[126.931309,35.132433]]]]}},{"type":"Feature","id":"1992193809151815820900000000","properties":{"id":"1992193809151815820900000000","pnu":"1221012200107170002","year":1992,"purpose":"단독주택","far":109.22,"floors":2,"structure":"벽돌구조"},"geometry":{"type":"MultiPolygon","coordinates":[[[[126.932825,35.133316],[126.932857,35.133383],[126.932938,35.133349],[126.932912,35.133284],[126.932825,35.133316]]]]}},{"type":"Feature","id":"1992193861301814575600000000","properties":{"id":"1992193861301814575600000000","pnu":"1221012200107290009","year":1992,"purpose":"제1종 근린생활시설","far":117.15,"floors":2,"structure":"벽돌구조"},"geometry":{"type":"MultiPolygon","coordinates":[[[[126.933418,35.132269],[126.933499,35.132257],[126.933496,35.132163],[126.933458,35.132163],[126.933457,35.132154],[126.933416,35.132155],[126.933418,35.132269]]]]}},{"type":"Feature","id":"1992193870231814883200000000","properties":{"id":"1992193870231814883200000000","pnu":"1221012200107200010","year":1992,"purpose":"제2종 근린생활시설","far":117.13,"floors":3,"structure":"철근콘크리트구조"},"geometry":{"type":"MultiPolygon","coordinates":[[[[126.933657,35.13254],[126.933623,35.132422],[126.933467,35.132452],[126.933468,35.132465],[126.933429,35.132471],[126.933439,35.132521],[126.933487,35.13252],[126.933491,35.132526],[126.933555,35.132523],[126.933571,35.132553],[126.933657,35.13254]]]]}},{"type":"Feature","id":"1992193871481814577300000000","properties":{"id":"1992193871481814577300000000","pnu":"1221012200107290008","year":1992,"purpose":"제1종 근린생활시설","far":114.5,"floors":2,"structure":"벽돌구조"},"geometry":{"type":"MultiPolygon","coordinates":[[[[126.933519,35.132257],[126.933625,35.13224],[126.933626,35.132185],[126.933583,35.132184],[126.933583,35.132176],[126.933554,35.132176],[126.933554,35.132167],[126.933519,35.132167],[126.933519,35.132257]]]]}},{"type":"Feature","id":"1992193892431810850900000000","properties":{"id":"1992193892431810850900000000","pnu":"1221011900107040014","year":1992,"purpose":"제1종 근린생활시설","far":111.14,"floors":2,"structure":"벽돌구조"},"geometry":{"type":"MultiPolygon","coordinates":[[[[126.933843,35.128912],[126.933852,35.128895],[126.933842,35.128889],[126.933869,35.128839],[126.933837,35.128826],[126.933829,35.128835],[126.933756,35.128804],[126.933744,35.128812],[126.933732,35.128854],[126.933843,35.128912]]]]}},{"type":"Feature","id":"1992193912801815333700000000","properties":{"id":"1992193912801815333700000000","pnu":"1221012200107230020","year":1992,"purpose":"단독주택","far":102.01,"floors":2,"structure":"벽돌구조"},"geometry":{"type":"MultiPolygon","coordinates":[[[[126.934033,35.132951],[126.934088,35.132908],[126.934018,35.132846],[126.933993,35.132862],[126.93398,35.132851],[126.933948,35.13287],[126.934033,35.132951]]]]}},{"type":"Feature","id":"1992193921311815408300000000","properties":{"id":"1992193921311815408300000000","pnu":"1221012200107230001","year":1992,"purpose":"단독주택","far":88.12,"floors":2,"structure":"벽돌구조"},"geometry":{"type":"MultiPolygon","coordinates":[[[[126.934115,35.133013],[126.934176,35.132959],[126.934125,35.132914],[126.934098,35.132937],[126.934085,35.132927],[126.934048,35.132959],[126.934115,35.133013]]]]}},{"type":"Feature","id":"1992194010721814312400000000","properties":{"id":"1992194010721814312400000000","pnu":"1221012200102780003","year":1992,"purpose":"제1종 근린생활시설","far":234.19,"floors":4,"structure":"철근콘크리트구조"},"geometry":{"type":"MultiPolygon","coordinates":[[[[126.935032,35.132015],[126.935177,35.131993],[126.935163,35.131944],[126.935026,35.131942],[126.935032,35.132015]]]]}},{"type":"Feature","id":"1992194022891814610800000000","properties":{"id":"1992194022891814610800000000","pnu":"1221012200102760010","year":1992,"purpose":"제1종 근린생활시설"},"geometry":{"type":"MultiPolygon","coordinates":[[[[126.935139,35.132301],[126.93514,35.132302],[126.935307,35.132309],[126.935314,35.132182],[126.935286,35.132181],[126.935286,35.132174],[126.935146,35.132189],[126.935139,35.132301]]]]}},{"type":"Feature","id":"1992194215871815018400000000","properties":{"id":"1992194215871815018400000000","pnu":"1221012100108730000","year":1992,"purpose":"기타"},"geometry":{"type":"MultiPolygon","coordinates":[[[[126.937273,35.132703],[126.937399,35.132701],[126.937402,35.13263],[126.937472,35.132628],[126.937468,35.132598],[126.937398,35.132596],[126.937399,35.13252],[126.937277,35.132519],[126.937273,35.132703]]]]}},{"type":"Feature","id":"1992194353761818112500000000","properties":{"id":"1992194353761818112500000000","pnu":"1221012200102480007","year":1992,"purpose":"공동주택","far":174.98,"floors":6,"structure":"철근콘크리트구조"},"geometry":{"type":"MultiPolygon","coordinates":[[[[126.939,35.135512],[126.939001,35.135387],[126.938987,35.135387],[126.938985,35.135336],[126.938885,35.135332],[126.938862,35.135331],[126.938861,35.135316],[126.938661,35.135322],[126.938661,35.135361],[126.938699,35.135363],[126.938705,35.135438],[126.938747,35.135437],[126.938751,35.135445],[126.938869,35.135445],[126.938872,35.135514],[126.939,35.135512]]]]}},{"type":"Feature","id":"1992194354431813111600000000","properties":{"id":"1992194354431813111600000000","pnu":"1221011900107690002","purpose":"기타","structure":"벽돌구조"},"geometry":{"type":"MultiPolygon","coordinates":[[[[126.938879,35.130929],[126.938914,35.130906],[126.938857,35.130858],[126.93882,35.130885],[126.938879,35.130929]]]]}},{"type":"Feature","id":"1992194361361812964300000000","properties":{"id":"1992194361361812964300000000","pnu":"1221011900107690002","year":1992,"purpose":"제2종 근린생활시설","floors":1,"structure":"벽돌구조"},"geometry":{"type":"MultiPolygon","coordinates":[[[[126.939059,35.130787],[126.938945,35.13067],[126.938826,35.130727],[126.93894,35.13085],[126.938947,35.130857],[126.939059,35.130787]]]]}},{"type":"Feature","id":"1993193653021820589000000000","properties":{"id":"1993193653021820589000000000","pnu":"1221011800102760000","year":1993,"purpose":"기타","far":6.1,"floors":3,"structure":"철근콘크리트구조"},"geometry":{"type":"MultiPolygon","coordinates":[[[[126.93138,35.137758],[126.931429,35.137617],[126.930953,35.137501],[126.930901,35.137641],[126.93138,35.137758]]]]}},{"type":"Feature","id":"1993193753941816078100000000","properties":{"id":"1993193753941816078100000000","pnu":"1221012200107180001","year":1993,"purpose":"단독주택"},"geometry":{"type":"MultiPolygon","coordinates":[[[[126.932323,35.133609],[126.932328,35.133529],[126.932232,35.133521],[126.932223,35.133598],[126.932323,35.133609]]]]}},{"type":"Feature","id":"1993193756381812807900000000","properties":{"id":"1993193756381812807900000000","pnu":"1221012200107660006","year":1993,"purpose":"제1종 근린생활시설","far":154.61,"floors":4,"structure":"철근콘크리트구조"},"geometry":{"type":"MultiPolygon","coordinates":[[[[126.93235,35.130519],[126.932324,35.130524],[126.932265,35.13057],[126.932259,35.130695],[126.932338,35.1307],[126.93235,35.130519]]]]}},{"type":"Feature","id":"1993193758591813062600000000","properties":{"id":"1993193758591813062600000000","pnu":"1221012200107660009","year":1993,"purpose":"제1종 근린생활시설"},"geometry":{"type":"MultiPolygon","coordinates":[[[[126.93225,35.130815],[126.932248,35.130862],[126.932405,35.130882],[126.932407,35.130825],[126.93225,35.130815]]]]}},{"type":"Feature","id":"1993193765131816093600000000","properties":{"id":"1993193765131816093600000000","pnu":"1221012200107180001","purpose":"기타"},"geometry":{"type":"MultiPolygon","coordinates":[[[[126.932376,35.133622],[126.932458,35.133576],[126.932426,35.133534],[126.932338,35.133582],[126.932376,35.133622]]]]}},{"type":"Feature","id":"1993193778841816515600000000","properties":{"id":"1993193778841816515600000000","pnu":"1221012200107070000","year":1993,"purpose":"단독주택","far":54.86,"floors":2,"structure":"벽돌구조"},"geometry":{"type":"MultiPolygon","coordinates":[[[[126.932627,35.133927],[126.932586,35.133902],[126.93253,35.133951],[126.932507,35.133938],[126.932474,35.133971],[126.932531,35.134017],[126.932627,35.133927]]]]}},{"type":"Feature","id":"1993193783811811952900000000","properties":{"id":"1993193783811811952900000000","pnu":"1221011900105140022","year":1993,"purpose":"제1종 근린생활시설","far":131.5,"floors":2,"structure":"벽돌구조"},"geometry":{"type":"MultiPolygon","coordinates":[[[[126.932659,35.129818],[126.932599,35.129802],[126.932581,35.129834],[126.932569,35.129832],[126.932553,35.129869],[126.932626,35.12989],[126.932659,35.129818]]]]}},{"type":"Feature","id":"1993193789821815958500000000","properties":{"id":"1993193789821815958500000000","pnu":"1221012200107170001","purpose":"기타"},"geometry":{"type":"MultiPolygon","coordinates":[[[[126.932664,35.133457],[126.932671,35.133462],[126.932677,35.133457],[126.93267,35.133451],[126.932664,35.133457]]]]}},{"type":"Feature","id":"1993193798791815998100000000","properties":{"id":"1993193798791815998100000000","pnu":"1221012200107170001","year":1993,"purpose":"단독주택"},"geometry":{"type":"MultiPolygon","coordinates":[[[[126.93268,35.133557],[126.932839,35.13353],[126.932863,35.133487],[126.932832,35.133415],[126.932776,35.133422],[126.932775,35.133449],[126.932725,35.13346],[126.932727,35.133473],[126.932663,35.133485],[126.93268,35.133557]]]]}},{"type":"Feature","id":"1993193853731814577700000000","properties":{"id":"1993193853731814577700000000","pnu":"1221012200107290024","year":1993,"purpose":"단독주택","far":202.58,"floors":3,"structure":"철근콘크리트구조"},"geometry":{"type":"MultiPolygon","coordinates":[[[[126.933396,35.132276],[126.933397,35.132157],[126.933337,35.132165],[126.933364,35.132277],[126.933396,35.132276]]]]}},{"type":"Feature","id":"1993193923801811602500000000","properties":{"id":"1993193923801811602500000000","pnu":"1221011900107080009","year":1993,"purpose":"단독주택","far":93.77,"floors":2,"structure":"벽돌구조"},"geometry":{"type":"MultiPolygon","coordinates":[[[[126.934185,35.129572],[126.934202,35.129513],[126.934105,35.129489],[126.934085,35.129551],[126.934185,35.129572]]]]}},{"type":"Feature","id":"1993193924841813508300000000","properties":{"id":"1993193924841813508300000000","pnu":"1221012200107900001","year":1993,"purpose":"기타","far":74.23,"floors":2,"structure":"철근콘크리트구조"},"geometry":{"type":"MultiPolygon","coordinates":[[[[126.934039,35.131293],[126.934244,35.131329],[126.934268,35.13124],[126.934234,35.131233],[126.934237,35.131192],[126.934072,35.131169],[126.934039,35.131293]]]]}},{"type":"Feature","id":"1993194064351811563200000000","properties":{"id":"1993194064351811563200000000","pnu":"1221011900107240014","purpose":"단독주택","structure":"벽돌구조"},"geometry":{"type":"MultiPolygon","coordinates":[[[[126.935677,35.129497],[126.935687,35.129504],[126.935695,35.129496],[126.935685,35.129489],[126.935677,35.129497]]]]}},{"type":"Feature","id":"1993194065881811761100000000","properties":{"id":"1993194065881811761100000000","pnu":"1221011900106970009","year":1993,"purpose":"단독주택"},"geometry":{"type":"MultiPolygon","coordinates":[[[[126.93563,35.129626],[126.935741,35.129737],[126.935771,35.129713],[126.935653,35.129611],[126.93563,35.129626]]]]}},{"type":"Feature","id":"1993194071311811588800000000","properties":{"id":"1993194071311811588800000000","pnu":"1221011900107240014","year":1993,"purpose":"단독주택","far":48.31,"floors":1,"structure":"벽돌구조"},"geometry":{"type":"MultiPolygon","coordinates":[[[[126.935689,35.129522],[126.93577,35.129579],[126.935834,35.129516],[126.935755,35.129462],[126.935689,35.129522]]]]}},{"type":"Feature","id":"1993194355341813701500000000","properties":{"id":"1993194355341813701500000000","pnu":"1221011900107680001","year":1993,"purpose":"단독주택"},"geometry":{"type":"MultiPolygon","coordinates":[[[[126.938798,35.131467],[126.938948,35.131461],[126.938933,35.131424],[126.938919,35.131424],[126.938917,35.131403],[126.938905,35.131403],[126.938907,35.131371],[126.938857,35.13137],[126.938841,35.131387],[126.938841,35.131417],[126.938798,35.131467]]]]}},{"type":"Feature","id":"1994193596701816167200000000","properties":{"id":"1994193596701816167200000000","pnu":"1221012200106760001","year":1994,"purpose":"공동주택","floors":1,"structure":"철근콘크리트구조"},"geometry":{"type":"MultiPolygon","coordinates":[[[[126.930562,35.133764],[126.930663,35.133722],[126.930546,35.133524],[126.930437,35.13357],[126.930562,35.133764]]]]}},{"type":"Feature","id":"1994193618291816547200000000","properties":{"id":"1994193618291816547200000000","pnu":"1221012200106760001","year":1994,"purpose":"공동주택","floors":20,"structure":"철근콘크리트구조"},"geometry":{"type":"MultiPolygon","coordinates":[[[[126.930619,35.133489],[126.930925,35.13401],[126.930654,35.134123],[126.930609,35.134044],[126.930622,35.134035],[126.930617,35.134021],[126.930596,35.134023],[126.930506,35.13389],[126.930526,35.133874],[126.930518,35.133849],[126.930494,35.133851],[126.930409,35.133725],[126.930429,35.133714],[126.930425,35.133696],[126.930399,35.133702],[126.930354,35.133634],[126.930244,35.133678],[126.930674,35.134346],[126.930722,35.134329],[126.930757,35.134383],[126.930855,35.134343],[126.930823,35.134283],[126.930802,35.134287],[126.930751,35.134195],[126.930989,35.1341],[126.931052,35.134196],[126.930999,35.134221],[126.931143,35.134444],[126.931258,35.134384],[126.931121,35.134172],[126.931178,35.134139],[126.930736,35.133444],[126.930619,35.133489]]]]}},{"type":"Feature","id":"1994193745471817040500000000","properties":{"id":"1994193745471817040500000000","pnu":"1221012200106960000","year":1994,"purpose":"단독주택","far":48.88,"floors":1,"structure":"경량철골구조"},"geometry":{"type":"MultiPolygon","coordinates":[[[[126.932229,35.134467],[126.932236,35.13441],[126.932138,35.134396],[126.932128,35.134453],[126.932229,35.134467]]]]}},{"type":"Feature","id":"1994193755541813967700000000","properties":{"id":"1994193755541813967700000000","pnu":"1221012200107780000","year":1994,"purpose":"단독주택","far":189.24,"floors":4,"structure":"철근콘크리트구조"},"geometry":{"type":"MultiPolygon","coordinates":[[[[126.932382,35.131583],[126.932227,35.13158],[126.932217,35.131751],[126.932236,35.131766],[126.93228,35.131767],[126.932282,35.131736],[126.932333,35.131736],[126.932336,35.131703],[126.932386,35.131702],[126.932382,35.131583]]]]}},{"type":"Feature","id":"1994193767131812307900000000","properties":{"id":"1994193767131812307900000000","pnu":"1221011900105150035","year":1994,"purpose":"제1종 근린생활시설","far":113.23,"floors":2,"structure":"벽돌구조"},"geometry":{"type":"MultiPolygon","coordinates":[[[[126.932519,35.130163],[126.932475,35.13015],[126.932479,35.130131],[126.932379,35.130106],[126.932336,35.130193],[126.932439,35.130221],[126.932451,35.130196],[126.932505,35.130207],[126.932519,35.130163]]]]}},{"type":"Feature","id":"1994193767921811780500000000","properties":{"id":"1994193767921811780500000000","pnu":"1221011900105140009","year":1994,"purpose":"단독주택"},"geometry":{"type":"MultiPolygon","coordinates":[[[[126.932485,35.129653],[126.932435,35.129635],[126.932384,35.129733],[126.932426,35.129748],[126.932485,35.129653]]]]}},{"type":"Feature","id":"1994193773331812274300000000","properties":{"id":"1994193773331812274300000000","pnu":"1221011900105150035","purpose":"제1종 근린생활시설","structure":"벽돌구조"},"geometry":{"type":"MultiPolygon","coordinates":[[[[126.932483,35.130139],[126.932498,35.130142],[126.932501,35.130133],[126.932486,35.13013],[126.932483,35.130139]]]]}},{"type":"Feature","id":"1994193777741810164200000000","properties":{"id":"1994193777741810164200000000","pnu":"1221011900105320139","year":1994,"purpose":"단독주택","far":96.61,"floors":2,"structure":"벽돌구조"},"geometry":{"type":"MultiPolygon","coordinates":[[[[126.932605,35.12829],[126.932624,35.128237],[126.932589,35.128225],[126.932593,35.12821],[126.932487,35.128179],[126.93246,35.128243],[126.932605,35.12829]]]]}},{"type":"Feature","id":"1994193811181811616900000000","properties":{"id":"1994193811181811616900000000","pnu":"1221011900105340020","year":1994,"purpose":"제1종 근린생활시설","far":111.07,"floors":2,"structure":"철근콘크리트구조"},"geometry":{"type":"MultiPolygon","coordinates":[[[[126.932974,35.129602],[126.933002,35.129536],[126.932846,35.129484],[126.932814,35.129553],[126.932974,35.129602]]]]}},{"type":"Feature","id":"1994193831211811719900000000","properties":{"id":"1994193831211811719900000000","pnu":"1221011900105340017","year":1994,"purpose":"단독주택","far":101.33,"floors":2,"structure":"철근콘크리트구조"},"geometry":{"type":"MultiPolygon","coordinates":[[[[126.933195,35.129705],[126.933229,35.129616],[126.933059,35.129571],[126.933023,35.129653],[126.933195,35.129705]]]]}},{"type":"Feature","id":"1994193831811814617800000000","properties":{"id":"1994193831811814617800000000","pnu":"1221012200107290006","year":1994,"purpose":"제2종 근린생활시설","far":69.73,"floors":2,"structure":"경량철골구조"},"geometry":{"type":"MultiPolygon","coordinates":[[[[126.933118,35.132314],[126.933169,35.132308],[126.933146,35.132184],[126.933095,35.13219],[126.933118,35.132314]]]]}},{"type":"Feature","id":"1994193833541814477700000000","properties":{"id":"1994193833541814477700000000","pnu":"1221012200107290006","year":1994,"purpose":"제2종 근린생활시설","far":69.73,"floors":2,"structure":"경량철골구조"},"geometry":{"type":"MultiPolygon","coordinates":[[[[126.9331,35.132166],[126.933212,35.132152],[126.9332,35.132079],[126.933091,35.132092],[126.9331,35.132166]]]]}},{"type":"Feature","id":"1994193845651811717700000000","properties":{"id":"1994193845651811717700000000","pnu":"1221011900105340024","year":1994,"purpose":"단독주택","far":90.69,"floors":2,"structure":"벽돌구조"},"geometry":{"type":"MultiPolygon","coordinates":[[[[126.933315,35.129666],[126.933321,35.129628],[126.933315,35.129626],[126.933317,35.129611],[126.933262,35.1296],[126.93325,35.129658],[126.933315,35.129666]]]]}},{"type":"Feature","id":"1994193846481815936500000000","properties":{"id":"1994193846481815936500000000","pnu":"1221012200107160002","year":1994,"purpose":"단독주택","far":101.99,"floors":2,"structure":"벽돌구조"},"geometry":{"type":"MultiPolygon","coordinates":[[[[126.933251,35.1335],[126.933385,35.133421],[126.93335,35.13338],[126.933293,35.133405],[126.933287,35.1334],[126.933241,35.133427],[126.933237,35.133421],[126.933202,35.133442],[126.933251,35.1335]]]]}},{"type":"Feature","id":"1994193848251811778000000000","properties":{"id":"1994193848251811778000000000","pnu":"1221011900105340024","purpose":"제1종 근린생활시설","structure":"벽돌구조"},"geometry":{"type":"MultiPolygon","coordinates":[[[[126.933308,35.129693],[126.933319,35.129695],[126.933321,35.129685],[126.93331,35.129683],[126.933308,35.129693]]]]}},{"type":"Feature","id":"1994193880071813310100000000","properties":{"id":"1994193880071813310100000000","pnu":"1221012200107900006","purpose":"기타","structure":"벽돌구조"},"geometry":{"type":"MultiPolygon","coordinates":[[[[126.933655,35.131074],[126.933666,35.131076],[126.93367,35.131066],[126.933659,35.131064],[126.933655,35.131074]]]]}},{"type":"Feature","id":"1994193888531813263000000000","properties":{"id":"1994193888531813263000000000","pnu":"1221012200107900006","year":1994,"purpose":"단독주택","far":158.44,"floors":3,"structure":"철근콘크리트구조"},"geometry":{"type":"MultiPolygon","coordinates":[[[[126.933843,35.131074],[126.933848,35.131052],[126.933823,35.130997],[126.933651,35.130991],[126.93365,35.131013],[126.933675,35.131041],[126.933789,35.131069],[126.933843,35.131074]]]]}},{"type":"Feature","id":"1994193930551815838300000000","properties":{"id":"1994193930551815838300000000","pnu":"1221012200107250000","purpose":"단독주택","floors":1,"structure":"일반목구조"},"geometry":{"type":"MultiPolygon","coordinates":[[[[126.934198,35.133401],[126.934277,35.133345],[126.934229,35.133297],[126.934166,35.133338],[126.934176,35.133353],[126.934157,35.133366],[126.934198,35.133401]]]]}},{"type":"Feature","id":"1994193948211809920600000000","properties":{"id":"1994193948211809920600000000","pnu":"1221011900105530006","year":1994,"purpose":"단독주택","far":108.94,"floors":3,"structure":"철근콘크리트구조"},"geometry":{"type":"MultiPolygon","coordinates":[[[[126.934393,35.128094],[126.93446,35.128042],[126.934453,35.127947],[126.934433,35.127947],[126.934367,35.127978],[126.934369,35.128063],[126.934381,35.128064],[126.93438,35.128081],[126.934393,35.128094]]]]}},{"type":"Feature","id":"1994193984501814893000000000","properties":{"id":"1994193984501814893000000000","pnu":"1221012200102760000","year":1994,"purpose":"단독주택","far":140.75,"floors":3,"structure":"철근콘크리트구조"},"geometry":{"type":"MultiPolygon","coordinates":[[[[126.934776,35.132539],[126.934882,35.132511],[126.934861,35.132478],[126.934844,35.132481],[126.934834,35.132469],[126.934819,35.132471],[126.934817,35.132464],[126.93479,35.132469],[126.934785,35.13246],[126.934742,35.132473],[126.934776,35.132539]]]]}},{"type":"Feature","id":"1994194035371814588900000000","properties":{"id":"1994194035371814588900000000","pnu":"1221012200102760009","year":1994,"purpose":"제2종 근린생활시설"},"geometry":{"type":"MultiPolygon","coordinates":[[[[126.935327,35.132284],[126.935416,35.132272],[126.935406,35.132166],[126.935315,35.132173],[126.935327,35.132284]]]]}},{"type":"Feature","id":"1994194035651814693800000000","properties":{"id":"1994194035651814693800000000","pnu":"1221012200102760009","year":1994,"purpose":"제2종 근린생활시설"},"geometry":{"type":"MultiPolygon","coordinates":[[[[126.935321,35.132357],[126.935389,35.132351],[126.935421,35.13233],[126.935419,35.132284],[126.935322,35.132287],[126.935321,35.132357]]]]}},{"type":"Feature","id":"1994194053901811547500000000","properties":{"id":"1994194053901811547500000000","pnu":"1221011900107240015","year":1994,"purpose":"단독주택","far":57.41,"floors":1,"structure":"벽돌구조"},"geometry":{"type":"MultiPolygon","coordinates":[[[[126.935587,35.129535],[126.935631,35.129503],[126.935559,35.12943],[126.93551,35.129463],[126.935587,35.129535]]]]}},{"type":"Feature","id":"1994194124751813952800000000","properties":{"id":"1994194124751813952800000000","pnu":"1221011900107220039","year":1994,"purpose":"단독주택","far":172.79,"floors":3,"structure":"철근콘크리트구조"},"geometry":{"type":"MultiPolygon","coordinates":[[[[126.936264,35.131641],[126.936312,35.131708],[126.936426,35.131664],[126.936384,35.131593],[126.936264,35.131641]]]]}},{"type":"Feature","id":"1994194133391813991800000000","properties":{"id":"1994194133391813991800000000","pnu":"1221011900107220039","purpose":"단독주택","structure":"블록구조"},"geometry":{"type":"MultiPolygon","coordinates":[[[[126.936432,35.13168],[126.936441,35.131695],[126.936451,35.131692],[126.936441,35.131677],[126.936432,35.13168]]]]}},{"type":"Feature","id":"1994194222821816659600000000","properties":{"id":"1994194222821816659600000000","pnu":"1221012200102650000","year":1994,"purpose":"공동주택","far":136.15,"floors":10,"structure":"철근콘크리트구조"},"geometry":{"type":"MultiPolygon","coordinates":[[[[126.937239,35.134041],[126.937238,35.134135],[126.937387,35.134139],[126.937387,35.134157],[126.937452,35.134155],[126.937527,35.134153],[126.937527,35.134137],[126.937605,35.134134],[126.937603,35.13405],[126.937516,35.134045],[126.937515,35.134035],[126.93733,35.134032],[126.937329,35.134041],[126.937239,35.134041]]]]}},{"type":"Feature","id":"1994194250281813646000000000","properties":{"id":"1994194250281813646000000000","pnu":"1221011900107280000","year":1994,"purpose":"단독주택","far":50.85,"floors":1,"structure":"벽돌구조"},"geometry":{"type":"MultiPolygon","coordinates":[[[[126.937685,35.131459],[126.937716,35.131459],[126.937718,35.131446],[126.93773,35.131444],[126.937731,35.131435],[126.93774,35.131436],[126.93774,35.131411],[126.937756,35.13141],[126.937759,35.13137],[126.937788,35.131365],[126.937788,35.131319],[126.937678,35.131317],[126.937685,35.131459]]]]}},{"type":"Feature","id":"1994194353351816911200000000","properties":{"id":"1994194353351816911200000000","pnu":"1221012200102620012","year":1994,"purpose":"단독주택"},"geometry":{"type":"MultiPolygon","coordinates":[[[[126.93878,35.13436],[126.938925,35.134357],[126.938924,35.134277],[126.938782,35.134281],[126.93878,35.13436]]]]}},{"type":"Feature","id":"1995193553471815576600000000","properties":{"id":"1995193553471815576600000000","pnu":"1221012200107370003","year":1995,"purpose":"제2종 근린생활시설","far":150.93,"floors":5,"structure":"철근콘크리트구조"},"geometry":{"type":"MultiPolygon","coordinates":[[[[126.930011,35.133257],[126.930214,35.133225],[126.930203,35.133163],[126.930209,35.133161],[126.930168,35.132969],[126.929932,35.133001],[126.929975,35.133211],[126.929998,35.133209],[126.930011,35.133257]]]]}},{"type":"Feature","id":"1995193597471814850600000000","properties":{"id":"1995193597471814850600000000","pnu":"1221012200107350007","year":1995,"purpose":"제2종 근린생활시설"},"geometry":{"type":"MultiPolygon","coordinates":[[[[126.930631,35.132535],[126.930587,35.132348],[126.930524,35.132368],[126.930496,35.132416],[126.930526,35.132555],[126.930631,35.132535]]]]}},{"type":"Feature","id":"1995193695351815459500000000","properties":{"id":"1995193695351815459500000000","pnu":"1221012200107190018","year":1995,"purpose":"단독주택","far":161.17,"floors":3,"structure":"철근콘크리트구조"},"geometry":{"type":"MultiPolygon","coordinates":[[[[126.931579,35.133033],[126.931692,35.133025],[126.931689,35.13298],[126.931576,35.132988],[126.931579,35.133033]]]]}},{"type":"Feature","id":"1995193705321815504500000000","properties":{"id":"1995193705321815504500000000","pnu":"1221012200107190018","purpose":"기타","structure":"벽돌구조"},"geometry":{"type":"MultiPolygon","coordinates":[[[[126.931739,35.133053],[126.931751,35.133051],[126.931749,35.133041],[126.931736,35.133043],[126.931739,35.133053]]]]}},{"type":"Feature","id":"1995193724421814611300000000","properties":{"id":"1995193724421814611300000000","pnu":"1221012200107310023","year":1995,"purpose":"제2종 근린생활시설"},"geometry":{"type":"MultiPolygon","coordinates":[[[[126.931884,35.132282],[126.932019,35.132269],[126.932028,35.132196],[126.931874,35.132226],[126.931884,35.132282]]]]}},{"type":"Feature","id":"1995193768671813972400000000","properties":{"id":"1995193768671813972400000000","pnu":"1221012200107780008","purpose":"기타","structure":"벽돌구조"},"geometry":{"type":"MultiPolygon","coordinates":[[[[126.932434,35.131672],[126.932446,35.131671],[126.932446,35.131661],[126.932434,35.131661],[126.932434,35.131672]]]]}},{"type":"Feature","id":"1995193777081814034100000000","properties":{"id":"1995193777081814034100000000","pnu":"1221012200107780008","year":1995,"purpose":"단독주택","far":161.45,"floors":3,"structure":"철근콘크리트구조"},"geometry":{"type":"MultiPolygon","coordinates":[[[[126.93244,35.131762],[126.932629,35.131761],[126.932632,35.131689],[126.932515,35.131687],[126.932516,35.131676],[126.932443,35.131675],[126.93244,35.131762]]]]}},{"type":"Feature","id":"1995193796361814653200000000","properties":{"id":"1995193796361814653200000000","pnu":"1221012200107290012","year":1995,"purpose":"제1종 근린생활시설"},"geometry":{"type":"MultiPolygon","coordinates":[[[[126.93266,35.132386],[126.932859,35.132357],[126.932828,35.132172],[126.932624,35.132208],[126.93266,35.132386]]]]}},{"type":"Feature","id":"1995193800031812136800000000","properties":{"id":"1995193800031812136800000000","pnu":"1221011900105140004","year":1995,"purpose":"단독주택","far":86.37,"floors":2,"structure":"벽돌구조"},"geometry":{"type":"MultiPolygon","coordinates":[[[[126.932711,35.130044],[126.932784,35.13005],[126.932861,35.130025],[126.932866,35.129982],[126.932828,35.129979],[126.932826,35.129987],[126.932725,35.129976],[126.932711,35.130044]]]]}},{"type":"Feature","id":"1995193843041811820500000000","properties":{"id":"1995193843041811820500000000","pnu":"1221011900105340023","year":1995,"purpose":"단독주택","far":104.2,"floors":2,"structure":"벽돌구조"},"geometry":{"type":"MultiPolygon","coordinates":[[[[126.933214,35.129754],[126.9333,35.129759],[126.933304,35.129732],[126.933297,35.12973],[126.933297,35.129708],[126.933273,35.129704],[126.933274,35.129694],[126.933224,35.129689],[126.933214,35.129754]]]]}},{"type":"Feature","id":"1995193897861813592000000000","properties":{"id":"1995193897861813592000000000","pnu":"1221012200107910000","year":1995,"purpose":"단독주택","far":105.3,"floors":2,"structure":"철근콘크리트구조"},"geometry":{"type":"MultiPolygon","coordinates":[[[[126.933687,35.131363],[126.934106,35.131376],[126.934107,35.131337],[126.933977,35.131321],[126.933977,35.131304],[126.933846,35.13129],[126.933846,35.13127],[126.933751,35.131258],[126.933751,35.131239],[126.933702,35.131236],[126.933687,35.131363]]]]}},{"type":"Feature","id":"1995194184641813391500000000","properties":{"id":"1995194184641813391500000000","pnu":"1221011900107220008","year":1995,"purpose":"단독주택","far":164.31,"floors":3,"structure":"철근콘크리트구조"},"geometry":{"type":"MultiPolygon","coordinates":[[[[126.936952,35.131207],[126.937089,35.131156],[126.93706,35.131084],[126.936917,35.131135],[126.936952,35.131207]]]]}},{"type":"Feature","id":"1995194267791816741700000000","properties":{"id":"1995194267791816741700000000","pnu":"1221012200102650002","year":1995,"purpose":"공동주택","far":148.76,"floors":7,"structure":"철근콘크리트구조"},"geometry":{"type":"MultiPolygon","coordinates":[[[[126.937953,35.134023],[126.937835,35.134023],[126.937835,35.134054],[126.937816,35.134056],[126.937814,35.134167],[126.937934,35.134324],[126.938049,35.134259],[126.937954,35.134126],[126.937968,35.134097],[126.93795,35.13408],[126.937953,35.134023]]]]}},{"type":"Feature","id":"1995194349671814873700000000","properties":{"id":"1995194349671814873700000000","pnu":"1221012100108750000","year":1995,"purpose":"제2종 근린생활시설","far":74.97,"floors":2,"structure":"철근콘크리트구조"},"geometry":{"type":"MultiPolygon","coordinates":[[[[126.938722,35.132528],[126.938907,35.132522],[126.938906,35.132438],[126.938722,35.132442],[126.938722,35.132528]]]]}},{"type":"Feature","id":"1996193501741815063100000000","properties":{"id":"1996193501741815063100000000","pnu":"1221012200107390000","year":1996,"purpose":"공동주택","far":153.42,"floors":4,"structure":"철근콘크리트구조"},"geometry":{"type":"MultiPolygon","coordinates":[[[[126.929443,35.132711],[126.929603,35.132659],[126.929567,35.13258],[126.92952,35.132599],[126.92952,35.132606],[126.929468,35.132611],[126.929468,35.132627],[126.929444,35.132632],[126.929446,35.132643],[126.929415,35.132649],[126.929443,35.132711]]]]}},{"type":"Feature","id":"1996193522441814957300000000","properties":{"id":"1996193522441814957300000000","pnu":"1221012200107390001","year":1996,"purpose":"공동주택","far":166.46,"floors":4,"structure":"철근콘크리트구조"},"geometry":{"type":"MultiPolygon","coordinates":[[[[126.929648,35.132612],[126.92985,35.132554],[126.929821,35.132491],[126.929622,35.132557],[126.929648,35.132612]]]]}},{"type":"Feature","id":"1996193546071814870300000000","properties":{"id":"1996193546071814870300000000","pnu":"1221012200107390002","year":1996,"purpose":"공동주택","far":178.65,"floors":4,"structure":"철근콘크리트구조"},"geometry":{"type":"MultiPolygon","coordinates":[[[[126.929904,35.13254],[126.930118,35.132475],[126.930092,35.132409],[126.929875,35.132473],[126.929904,35.13254]]]]}},{"type":"Feature","id":"1996193564821814819000000000","properties":{"id":"1996193564821814819000000000","pnu":"1221012200107390003","year":1996,"purpose":"단독주택","far":168.58,"floors":3,"structure":"철근콘크리트구조"},"geometry":{"type":"MultiPolygon","coordinates":[[[[126.93014,35.132485],[126.930197,35.132471],[126.930307,35.132405],[126.930303,35.132381],[126.930115,35.132412],[126.93014,35.132485]]]]}},{"type":"Feature","id":"1996193740831816079700000000","properties":{"id":"1996193740831816079700000000","pnu":"1221012200106760017","year":1996,"purpose":"단독주택","far":105.25,"floors":2,"structure":"벽돌구조"},"geometry":{"type":"MultiPolygon","coordinates":[[[[126.932172,35.133608],[126.932184,35.133528],[126.932118,35.133517],[126.932111,35.133541],[126.932095,35.133538],[126.932093,35.133549],[126.932086,35.133549],[126.932074,35.1336],[126.932172,35.133608]]]]}},{"type":"Feature","id":"1996193784221812806700000000","properties":{"id":"1996193784221812806700000000","pnu":"1221012200108000000","year":1996,"purpose":"단독주택","far":106.74,"floors":2,"structure":"벽돌구조"},"geometry":{"type":"MultiPolygon","coordinates":[[[[126.932676,35.130563],[126.932608,35.130555],[126.932576,35.130552],[126.932547,35.130666],[126.932643,35.130684],[126.932676,35.130563]]]]}},{"type":"Feature","id":"1996193802741812042300000000","properties":{"id":"1996193802741812042300000000","pnu":"1221011900105140005","year":1996,"purpose":"단독주택","far":103.2003,"floors":2,"structure":"벽돌구조"},"geometry":{"type":"MultiPolygon","coordinates":[[[[126.932864,35.12997],[126.932875,35.129912],[126.93279,35.129878],[126.932779,35.129878],[126.932753,35.129952],[126.932864,35.12997]]]]}},{"type":"Feature","id":"1996193810371812049800000000","properties":{"id":"1996193810371812049800000000","pnu":"1221011900105140005","purpose":"기타","structure":"벽돌구조"},"geometry":{"type":"MultiPolygon","coordinates":[[[[126.932892,35.129937],[126.932902,35.129939],[126.932906,35.129931],[126.932895,35.129929],[126.932892,35.129937]]]]}},{"type":"Feature","id":"1996193824711815990200000000","properties":{"id":"1996193824711815990200000000","pnu":"1221012200107160004","year":1996,"purpose":"공동주택","far":120.72,"floors":4,"structure":"철근콘크리트구조"},"geometry":{"type":"MultiPolygon","coordinates":[[[[126.933065,35.133616],[126.933188,35.133554],[126.933043,35.133354],[126.932918,35.133421],[126.933065,35.133616]]]]}},{"type":"Feature","id":"1996193825041811238200000000","properties":{"id":"1996193825041811238200000000","pnu":"1221011900105350009","year":1996,"purpose":"제1종 근린생활시설","far":145.79,"floors":3,"structure":"철근콘크리트구조"},"geometry":{"type":"MultiPolygon","coordinates":[[[[126.933127,35.129181],[126.933022,35.129151],[126.932997,35.129227],[126.933096,35.129252],[126.933127,35.129181]]]]}},{"type":"Feature","id":"1996193842691811886900000000","properties":{"id":"1996193842691811886900000000","pnu":"1221011900105340048","year":1996,"purpose":"단독주택","far":51.89,"floors":1,"structure":"경량철골구조"},"geometry":{"type":"MultiPolygon","coordinates":[[[[126.933206,35.129799],[126.933297,35.12981],[126.933298,35.129774],[126.933212,35.129765],[126.933206,35.129799]]]]}},{"type":"Feature","id":"1996193846431816504200000000","properties":{"id":"1996193846431816504200000000","pnu":"1221012200107140001","year":1996,"purpose":"단독주택","far":55.51,"floors":2,"structure":"벽돌구조"},"geometry":{"type":"MultiPolygon","coordinates":[[[[126.933372,35.133969],[126.933355,35.133903],[126.933201,35.133932],[126.933214,35.133977],[126.933248,35.133974],[126.933258,35.133996],[126.933372,35.133969]]]]}},{"type":"Feature","id":"1996194226171813818300000000","properties":{"id":"1996194226171813818300000000","pnu":"1221011900107270005","year":1996,"purpose":"단독주택","far":74.33,"floors":2,"structure":"조적구조"},"geometry":{"type":"MultiPolygon","coordinates":[[[[126.937405,35.131536],[126.93743,35.131565],[126.937514,35.131523],[126.937492,35.131496],[126.937405,35.131536]]]]}},{"type":"Feature","id":"1996194240081813781200000000","properties":{"id":"1996194240081813781200000000","pnu":"1221011900107270005","year":1996,"purpose":"단독주택","far":74.33,"floors":2,"structure":"조적구조"},"geometry":{"type":"MultiPolygon","coordinates":[[[[126.937552,35.131494],[126.93763,35.131552],[126.937666,35.131513],[126.937647,35.131499],[126.937658,35.131482],[126.937599,35.131443],[126.937552,35.131494]]]]}},{"type":"Feature","id":"1997193689341816261000000000","properties":{"id":"1997193689341816261000000000","pnu":"1221012200106740003","year":1997,"purpose":"단독주택","far":101.33,"floors":2,"structure":"벽돌구조"},"geometry":{"type":"MultiPolygon","coordinates":[[[[126.931543,35.133775],[126.931628,35.13375],[126.931608,35.133695],[126.931591,35.133695],[126.931561,35.133701],[126.931553,35.133689],[126.931506,35.133699],[126.931543,35.133775]]]]}},{"type":"Feature","id":"1997193807621814985000000000","properties":{"id":"1997193807621814985000000000","pnu":"1221012200107200014","year":1997,"purpose":"제2종 근린생활시설"},"geometry":{"type":"MultiPolygon","coordinates":[[[[126.932801,35.132625],[126.932947,35.132596],[126.93293,35.132536],[126.93279,35.132559],[126.932801,35.132625]]]]}},{"type":"Feature","id":"1997193818781814572900000000","properties":{"id":"1997193818781814572900000000","pnu":"1221012200107290013","purpose":"기타"},"geometry":{"type":"MultiPolygon","coordinates":[[[[126.932944,35.132243],[126.933047,35.132229],[126.93303,35.13217],[126.932932,35.13219],[126.932944,35.132243]]]]}},{"type":"Feature","id":"1997193822091814661400000000","properties":{"id":"1997193822091814661400000000","pnu":"1221012200107290013","year":1997,"purpose":"제2종 근린생활시설","far":114.79,"floors":3,"structure":"철근콘크리트구조"},"geometry":{"type":"MultiPolygon","coordinates":[[[[126.932968,35.132341],[126.933097,35.132321],[126.933078,35.132233],[126.932996,35.132243],[126.932954,35.132273],[126.932968,35.132341]]]]}},{"type":"Feature","id":"1997193849731809931800000000","properties":{"id":"1997193849731809931800000000","pnu":"1221011900105460014","year":1997,"purpose":"제2종 근린생활시설","far":85.57,"floors":2,"structure":"벽돌구조"},"geometry":{"type":"MultiPolygon","coordinates":[[[[126.933386,35.127964],[126.933334,35.127952],[126.933278,35.128081],[126.933331,35.128099],[126.933386,35.127964]]]]}},{"type":"Feature","id":"1997193878071811203500000000","properties":{"id":"1997193878071811203500000000","pnu":"1221011900107060020","year":1997,"purpose":"제1종 근린생활시설","far":59.65,"floors":1,"structure":"경량철골구조"},"geometry":{"type":"MultiPolygon","coordinates":[[[[126.933731,35.129141],[126.9336,35.129109],[126.933555,35.129205],[126.933626,35.129229],[126.933709,35.129205],[126.933731,35.129141]]]]}},{"type":"Feature","id":"1997193912881811546300000000","properties":{"id":"1997193912881811546300000000","pnu":"1221011900107080003","year":1997,"purpose":"제1종 근린생활시설","far":110.25,"floors":2,"structure":"조적구조"},"geometry":{"type":"MultiPolygon","coordinates":[[[[126.934071,35.129512],[126.934083,35.129476],[126.933976,35.129449],[126.933965,35.129485],[126.934071,35.129512]]]]}},{"type":"Feature","id":"1997193915461811394100000000","properties":{"id":"1997193915461811394100000000","pnu":"1221011900107080004","year":1997,"purpose":"단독주택","far":157.04,"floors":2,"structure":"벽돌구조"},"geometry":{"type":"MultiPolygon","coordinates":[[[[126.934119,35.129381],[126.934123,35.129362],[126.93407,35.12933],[126.933997,35.129307],[126.933986,35.129338],[126.934119,35.129381]]]]}},{"type":"Feature","id":"1997193932071813167100000000","properties":{"id":"1997193932071813167100000000","pnu":"1221012200107890001","year":1997,"purpose":"단독주택","far":141.55,"floors":3,"structure":"철근콘크리트구조"},"geometry":{"type":"MultiPolygon","coordinates":[[[[126.934281,35.130988],[126.934296,35.130914],[126.934186,35.130896],[126.934169,35.130968],[126.934281,35.130988]]]]}},{"type":"Feature","id":"1997193961451814358800000000","properties":{"id":"1997193961451814358800000000","pnu":"1221012200107280005","year":1997,"purpose":"제1종 근린생활시설","far":205.8823,"floors":6,"structure":"철근콘크리트구조"},"geometry":{"type":"MultiPolygon","coordinates":[[[[126.934406,35.132109],[126.934551,35.132086],[126.934549,35.132079],[126.934595,35.132072],[126.934597,35.13208],[126.934764,35.132055],[126.934738,35.131941],[126.934532,35.131973],[126.934522,35.13193],[126.934368,35.131953],[126.934406,35.132109]]]]}},{"type":"Feature","id":"1997194198031813679700000000","properties":{"id":"1997194198031813679700000000","pnu":"1221011900107220006","year":1997,"purpose":"단독주택","far":97.07,"floors":2,"structure":"벽돌구조"},"geometry":{"type":"MultiPolygon","coordinates":[[[[126.937061,35.131398],[126.937097,35.13147],[126.937236,35.131421],[126.9372,35.131337],[126.937138,35.131355],[126.937144,35.131371],[126.937061,35.131398]]]]}},{"type":"Feature","id":"1997194331101814196600000000","properties":{"id":"1997194331101814196600000000","pnu":"1221011900107650000","year":1997,"purpose":"단독주택","far":71.68,"floors":2,"structure":"철근콘크리트구조"},"geometry":{"type":"MultiPolygon","coordinates":[[[[126.93847,35.131871],[126.938701,35.131955],[126.938747,35.13187],[126.938525,35.13179],[126.93847,35.131871]]]]}},{"type":"Feature","id":"1998193461981815327600000000","properties":{"id":"1998193461981815327600000000","pnu":"1221012200108730007","year":1998,"purpose":"기타"},"geometry":{"type":"MultiPolygon","coordinates":[[[[126.929117,35.132781],[126.92893,35.132902],[126.928967,35.132963],[126.929221,35.132918],[126.929117,35.132781]]]]}},{"type":"Feature","id":"1998193704551810568000000000","properties":{"id":"1998193704551810568000000000","pnu":"1221011900105320076","year":1998,"purpose":"단독주택","far":178.56,"floors":3,"structure":"철근콘크리트구조"},"geometry":{"type":"MultiPolygon","coordinates":[[[[126.931826,35.128592],[126.931682,35.128554],[126.931659,35.128606],[126.931765,35.128637],[126.931816,35.128617],[126.931826,35.128592]]]]}},{"type":"Feature","id":"1998193732921810526000000000","properties":{"id":"1998193732921810526000000000","pnu":"1221011900105320148","year":1998,"purpose":"단독주택","far":61.85,"floors":2,"structure":"철근콘크리트구조"},"geometry":{"type":"MultiPolygon","coordinates":[[[[126.932115,35.128619],[126.932145,35.128547],[126.931989,35.128499],[126.931956,35.128576],[126.932115,35.128619]]]]}},{"type":"Feature","id":"1998193733291810396600000000","properties":{"id":"1998193733291810396600000000","pnu":"1221011900105320148","purpose":"단독주택","structure":"철근콘크리트구조"},"geometry":{"type":"MultiPolygon","coordinates":[[[[126.93203,35.128423],[126.93202,35.128448],[126.932079,35.128464],[126.932089,35.128439],[126.93203,35.128423]]]]}},{"type":"Feature","id":"1998193777601815114900000000","properties":{"id":"1998193777601815114900000000","pnu":"1221012200107190028","year":1998,"purpose":"제1종 근린생활시설"},"geometry":{"type":"MultiPolygon","coordinates":[[[[126.932498,35.132794],[126.932616,35.132778],[126.932577,35.132599],[126.932457,35.132616],[126.932498,35.132794]]]]}},{"type":"Feature","id":"1998194026291817252400000000","properties":{"id":"1998194026291817252400000000","pnu":"1221012200102700000","year":1998,"purpose":"공동주택","floors":15,"structure":"철근콘크리트구조"},"geometry":{"type":"MultiPolygon","coordinates":[[[[126.934697,35.134629],[126.935811,35.134742],[126.935831,35.13462],[126.934717,35.134507],[126.934697,35.134629]]]]}},{"type":"Feature","id":"1998194083291817287700000000","properties":{"id":"1998194083291817287700000000","pnu":"1221012200102700000","year":1998,"purpose":"공동주택","floors":3,"structure":"철근콘크리트구조"},"geometry":{"type":"MultiPolygon","coordinates":[[[[126.935834,35.134768],[126.935912,35.134775],[126.935944,35.134564],[126.935919,35.134537],[126.935865,35.134542],[126.935834,35.134768]]]]}},{"type":"Feature","id":"1998194136231817186200000000","properties":{"id":"1998194136231817186200000000","pnu":"1221012200102700000","year":1998,"purpose":"공동주택","floors":15,"structure":"철근콘크리트구조"},"geometry":{"type":"MultiPolygon","coordinates":[[[[126.936128,35.134576],[126.936152,35.134679],[126.936814,35.134556],[126.936781,35.134452],[126.936128,35.134576]]]]}},{"type":"Feature","id":"1998194205831817195900000000","properties":{"id":"1998194205831817195900000000","pnu":"1221012200102700000","year":1998,"purpose":"공동주택","floors":15,"structure":"철근콘크리트구조"},"geometry":{"type":"MultiPolygon","coordinates":[[[[126.936926,35.134549],[126.937502,35.134698],[126.937544,35.134602],[126.936967,35.134451],[126.936926,35.134549]]]]}},{"type":"Feature","id":"1998194292721814799700000000","properties":{"id":"1998194292721814799700000000","pnu":"1221012100108730000","year":1998,"purpose":"기타"},"geometry":{"type":"MultiPolygon","coordinates":[[[[126.938089,35.132446],[126.938282,35.132455],[126.93829,35.132384],[126.938095,35.132376],[126.938089,35.132446]]]]}},{"type":"Feature","id":"1999193590111815376700000000","properties":{"id":"1999193590111815376700000000","pnu":"1221012200107360006","year":1999,"purpose":"제1종 근린생활시설","far":56.95,"floors":1,"structure":"경량철골구조"},"geometry":{"type":"MultiPolygon","coordinates":[[[[126.930542,35.132952],[126.930533,35.132892],[126.930415,35.132909],[126.930431,35.132971],[126.930542,35.132952]]]]}},{"type":"Feature","id":"1999193833301810336300000000","properties":{"id":"1999193833301810336300000000","pnu":"1221011900105460011","year":1999,"purpose":"제2종 근린생활시설","far":118.1,"floors":2,"structure":"철근콘크리트구조"},"geometry":{"type":"MultiPolygon","coordinates":[[[[126.933207,35.128349],[126.933144,35.12833],[126.933095,35.128428],[126.933161,35.128449],[126.933207,35.128349]]]]}},{"type":"Feature","id":"1999193833391813551500000000","properties":{"id":"1999193833391813551500000000","pnu":"1221012200107940003","year":1999,"purpose":"단독주택","far":116.09,"floors":2,"structure":"벽돌구조"},"geometry":{"type":"MultiPolygon","coordinates":[[[[126.933202,35.131245],[126.933164,35.131239],[126.933164,35.131229],[126.933125,35.131221],[126.933097,35.131332],[126.93318,35.13135],[126.933202,35.131245]]]]}},{"type":"Feature","id":"1999193836401810867600000000","properties":{"id":"1999193836401810867600000000","pnu":"1221011900105480004","year":1999,"purpose":"제2종 근린생활시설","far":108.05,"floors":2,"structure":"철근콘크리트구조"},"geometry":{"type":"MultiPolygon","coordinates":[[[[126.933229,35.128849],[126.933184,35.128827],[126.933148,35.128881],[126.933146,35.128893],[126.933184,35.128909],[126.933229,35.128849]]]]}},{"type":"Feature","id":"1999193979091815477400000000","properties":{"id":"1999193979091815477400000000","pnu":"1221012200107240009","year":1999,"purpose":"기타","far":37.74,"floors":3,"structure":"철근콘크리트구조"},"geometry":{"type":"MultiPolygon","coordinates":[[[[126.934636,35.133259],[126.93503,35.13292],[126.934866,35.132787],[126.934462,35.133129],[126.934636,35.133259]]]]}},{"type":"Feature","id":"1999193984231814797900000000","properties":{"id":"1999193984231814797900000000","pnu":"1221012200102760000","purpose":"기타","structure":"벽돌구조"},"geometry":{"type":"MultiPolygon","coordinates":[[[[126.934802,35.132448],[126.934835,35.132432],[126.934811,35.132378],[126.934771,35.13239],[126.934802,35.132448]]]]}},{"type":"Feature","id":"1999194174711814192600000000","properties":{"id":"1999194174711814192600000000","pnu":"1221011900107220043","year":1999,"purpose":"제1종 근린생활시설","far":46.45,"floors":1,"structure":"일반철골구조"},"geometry":{"type":"MultiPolygon","coordinates":[[[[126.93676,35.131826],[126.936785,35.131871],[126.936843,35.131856],[126.936916,35.131952],[126.937022,35.131945],[126.936892,35.13178],[126.93676,35.131826]]]]}},{"type":"Feature","id":"1999194200281816809900000000","properties":{"id":"1999194200281816809900000000","pnu":"1221012200102680000","year":1999,"purpose":"단독주택","far":54.92,"floors":1,"structure":"벽돌구조"},"geometry":{"type":"MultiPolygon","coordinates":[[[[126.937177,35.13418],[126.937143,35.134195],[126.937145,35.134202],[126.937124,35.13421],[126.937152,35.134258],[126.937162,35.134254],[126.937178,35.134271],[126.937224,35.134246],[126.937177,35.13418]]]]}},{"type":"Feature","id":"2000193485091815683700000000","properties":{"id":"2000193485091815683700000000","pnu":"1221012200108730023","year":2000,"purpose":"제2종 근린생활시설","far":200.688,"floors":6,"structure":"철근콘크리트구조"},"geometry":{"type":"MultiPolygon","coordinates":[[[[126.929429,35.133112],[126.929291,35.133088],[126.929224,35.133297],[126.929364,35.133329],[126.929429,35.133112]]]]}},{"type":"Feature","id":"2000193553401820733100000000","properties":{"id":"2000193553401820733100000000","pnu":"1221011800102800000","year":2000,"purpose":"기타","far":7.73,"floors":1,"structure":"철근콘크리트구조"},"geometry":{"type":"MultiPolygon","coordinates":[[[[126.929914,35.137751],[126.930017,35.137794],[126.92999,35.137838],[126.930128,35.137897],[126.930185,35.13781],[126.930191,35.137812],[126.930211,35.137779],[126.930205,35.137776],[126.930233,35.137732],[126.929989,35.13763],[126.929961,35.137673],[126.929952,35.137669],[126.929929,35.137704],[126.929939,35.137709],[126.929914,35.137751]]]]}},{"type":"Feature","id":"2000193838861810185900000000","properties":{"id":"2000193838861810185900000000","pnu":"1221011900105460012","year":2000,"purpose":"제1종 근린생활시설","far":110.07,"floors":2,"structure":"철근콘크리트구조"},"geometry":{"type":"MultiPolygon","coordinates":[[[[126.933275,35.128204],[126.9332,35.128185],[126.933151,35.128303],[126.933224,35.128324],[126.933275,35.128204]]]]}},{"type":"Feature","id":"2000194029741812823900000000","properties":{"id":"2000194029741812823900000000","pnu":"1221011900107170004","year":2000,"purpose":"제1종 근린생활시설"},"geometry":{"type":"MultiPolygon","coordinates":[[[[126.935268,35.130627],[126.935321,35.130662],[126.935342,35.130639],[126.93529,35.130604],[126.935268,35.130627]]]]}},{"type":"Feature","id":"2000194052861812753700000000","properties":{"id":"2000194052861812753700000000","pnu":"1221011900107170004","year":2000,"purpose":"제2종 근린생활시설","far":64.31,"floors":2,"structure":"일반철골구조"},"geometry":{"type":"MultiPolygon","coordinates":[[[[126.935348,35.13057],[126.935507,35.130739],[126.935771,35.130568],[126.935607,35.130402],[126.935348,35.13057]]]]}},{"type":"Feature","id":"2000194212231814739000000000","properties":{"id":"2000194212231814739000000000","pnu":"1221012100108730000","year":2000,"purpose":"기타","floors":1,"structure":"경량철골구조"},"geometry":{"type":"MultiPolygon","coordinates":[[[[126.937183,35.132316],[126.937185,35.132407],[126.937433,35.132403],[126.937424,35.132314],[126.937183,35.132316]]]]}},{"type":"Feature","id":"2000194269021817122200000000","properties":{"id":"2000194269021817122200000000","pnu":"1221012200102590007","year":2000,"purpose":"공동주택","far":207,"floors":5,"structure":"철근콘크리트구조"},"geometry":{"type":"MultiPolygon","coordinates":[[[[126.937769,35.134462],[126.937783,35.134488],[126.937764,35.134498],[126.937792,35.134551],[126.937814,35.134545],[126.937846,35.134589],[126.937862,35.134582],[126.937884,35.134605],[126.938128,35.134496],[126.938101,35.13445],[126.938067,35.134463],[126.938057,35.134448],[126.937998,35.134466],[126.937983,35.134444],[126.937946,35.134459],[126.937931,35.134441],[126.937896,35.134457],[126.937885,35.134441],[126.937833,35.134459],[126.93782,35.13444],[126.937769,35.134462]]]]}},{"type":"Feature","id":"2001193470961815627800000000","properties":{"id":"2001193470961815627800000000","pnu":"1221012200108730032","year":2001,"purpose":"단독주택","far":166.29,"floors":3,"structure":"벽돌구조"},"geometry":{"type":"MultiPolygon","coordinates":[[[[126.929086,35.133182],[126.929222,35.133212],[126.929252,35.133108],[126.9291,35.133125],[126.929086,35.133182]]]]}},{"type":"Feature","id":"2001193650031814627700000000","properties":{"id":"2001193650031814627700000000","pnu":"1221012200107310041","year":2001,"purpose":"단독주택","far":222.74,"floors":3,"structure":"철근콘크리트구조"},"geometry":{"type":"MultiPolygon","coordinates":[[[[126.93107,35.132348],[126.931247,35.132301],[126.9312,35.132162],[126.93103,35.132215],[126.93107,35.132348]]]]}},{"type":"Feature","id":"2001193733321816290700000000","properties":{"id":"2001193733321816290700000000","pnu":"1221012200106760021","year":2001,"purpose":"제2종 근린생활시설","far":99.24,"floors":2,"structure":"철근콘크리트구조"},"geometry":{"type":"MultiPolygon","coordinates":[[[[126.932143,35.133783],[126.932107,35.133757],[126.93211,35.133751],[126.93204,35.133706],[126.932031,35.133711],[126.931999,35.133694],[126.931956,35.133739],[126.932087,35.133816],[126.932097,35.133806],[126.932111,35.133813],[126.932143,35.133783]]]]}},{"type":"Feature","id":"2001193800481820185500000000","properties":{"id":"2001193800481820185500000000","pnu":"1221011800102560000","year":2001,"purpose":"기타","floors":3,"structure":"철근콘크리트구조"},"geometry":{"type":"MultiPolygon","coordinates":[[[[126.932936,35.13741],[126.932821,35.137077],[126.932634,35.137123],[126.932744,35.137455],[126.932936,35.13741]]]]}},{"type":"Feature","id":"2001193835261811305500000000","properties":{"id":"2001193835261811305500000000","pnu":"1221011900105350008","year":2001,"purpose":"단독주택","far":58.91,"floors":1,"structure":"벽돌구조"},"geometry":{"type":"MultiPolygon","coordinates":[[[[126.933206,35.129321],[126.933242,35.129229],[126.933139,35.129205],[126.933103,35.129297],[126.933206,35.129321]]]]}},{"type":"Feature","id":"2001193912001820040800000000","properties":{"id":"2001193912001820040800000000","pnu":"1221011800102560000","year":2001,"purpose":"기타","floors":3,"structure":"철근콘크리트구조"},"geometry":{"type":"MultiPolygon","coordinates":[[[[126.934125,35.137336],[126.934259,35.137144],[126.934115,35.137072],[126.934096,35.137095],[126.933765,35.136958],[126.933705,35.137044],[126.934015,35.137192],[126.933989,35.137237],[126.934029,35.137252],[126.934008,35.137283],[126.934125,35.137336]]]]}},{"type":"Feature","id":"2001194344801817833300000000","properties":{"id":"2001194344801817833300000000","pnu":"1221012200102580000","year":2001,"purpose":"공동주택","far":144.26,"floors":3,"structure":"철근콘크리트구조"},"geometry":{"type":"MultiPolygon","coordinates":[[[[126.938651,35.135115],[126.938678,35.13522],[126.938867,35.135183],[126.938838,35.13508],[126.938651,35.135115]]]]}},{"type":"Feature","id":"2002193634371814798600000000","properties":{"id":"2002193634371814798600000000","pnu":"1221012200107310004","year":2002,"purpose":"단독주택","far":152.49,"floors":3,"structure":"철근콘크리트구조"},"geometry":{"type":"MultiPolygon","coordinates":[[[[126.930905,35.132499],[126.931074,35.132456],[126.931022,35.132321],[126.930861,35.132364],[126.930905,35.132499]]]]}},{"type":"Feature","id":"2002193721951814355700000000","properties":{"id":"2002193721951814355700000000","pnu":"1221012200107310025","year":2002,"purpose":"제2종 근린생활시설","far":100.72,"floors":2,"structure":"일반철골구조"},"geometry":{"type":"MultiPolygon","coordinates":[[[[126.931855,35.132056],[126.932017,35.13202],[126.931998,35.131965],[126.931834,35.132006],[126.931855,35.132056]]]]}},{"type":"Feature","id":"2002193755261819414600000000","properties":{"id":"2002193755261819414600000000","pnu":"1221012200201230002","year":2002,"purpose":"기타","floors":4,"structure":"일반철골구조"},"geometry":{"type":"MultiPolygon","coordinates":[[[[126.932349,35.136802],[126.932436,35.136779],[126.932276,35.136367],[126.932142,35.136393],[126.932257,35.136689],[126.932295,35.13668],[126.932349,35.136802]]]]}},{"type":"Feature","id":"2002193759021818785100000000","properties":{"id":"2002193759021818785100000000","pnu":"1221012200201230002","year":2002,"purpose":"제2종 근린생활시설","floors":1,"structure":"철근콘크리트구조"},"geometry":{"type":"MultiPolygon","coordinates":[[[[126.932249,35.136044],[126.932396,35.136059],[126.932412,35.135966],[126.932265,35.13595],[126.932249,35.136044]]]]}},{"type":"Feature","id":"2002193851911812680800000000","properties":{"id":"2002193851911812680800000000","pnu":"1221012200108150000","year":2002,"purpose":"단독주택","far":45.54,"floors":1,"structure":"경량철골구조"},"geometry":{"type":"MultiPolygon","coordinates":[[[[126.933397,35.130452],[126.933349,35.130441],[126.933312,35.130553],[126.933357,35.130567],[126.933397,35.130452]]]]}},{"type":"Feature","id":"2002193866671814367000000000","properties":{"id":"2002193866671814367000000000","pnu":"1221012200107300009","year":2002,"purpose":"제2종 근린생활시설"},"geometry":{"type":"MultiPolygon","coordinates":[[[[126.933618,35.131863],[126.933512,35.131855],[126.933475,35.13206],[126.933354,35.132055],[126.933349,35.132129],[126.933583,35.132145],[126.933618,35.131863]]]]}},{"type":"Feature","id":"2002193909781811632700000000","properties":{"id":"2002193909781811632700000000","pnu":"1221011900107080002","year":2002,"purpose":"단독주택","far":54.8,"floors":1,"structure":"벽돌구조"},"geometry":{"type":"MultiPolygon","coordinates":[[[[126.934045,35.129612],[126.934072,35.129546],[126.934016,35.129531],[126.934018,35.129522],[126.933946,35.129499],[126.933911,35.129573],[126.933923,35.129577],[126.933921,35.129584],[126.934045,35.129612]]]]}},{"type":"Feature","id":"2002194047981812108400000000","properties":{"id":"2002194047981812108400000000","pnu":"1221011900107230012","year":2002,"purpose":"단독주택","far":54.47,"floors":1,"structure":"경량철골구조"},"geometry":{"type":"MultiPolygon","coordinates":[[[[126.935432,35.129988],[126.935512,35.130053],[126.935581,35.129984],[126.935495,35.129925],[126.935432,35.129988]]]]}},{"type":"Feature","id":"2002194108661814620800000000","properties":{"id":"2002194108661814620800000000","pnu":"1221012200102730001","year":2002,"purpose":"제1종 근린생활시설","far":224.62,"floors":4,"structure":"철근콘크리트구조"},"geometry":{"type":"MultiPolygon","coordinates":[[[[126.936025,35.132132],[126.936056,35.132186],[126.936047,35.13219],[126.936104,35.132291],[126.936139,35.132283],[126.936179,35.132376],[126.936233,35.132361],[126.936255,35.132397],[126.936313,35.132374],[126.936204,35.132172],[126.936096,35.132126],[126.936025,35.132132]]]]}},{"type":"Feature","id":"2002194162441813142000000000","properties":{"id":"2002194162441813142000000000","pnu":"1221011900107220019","year":2002,"purpose":"공동주택","far":209.36,"floors":4,"structure":"철근콘크리트구조"},"geometry":{"type":"MultiPolygon","coordinates":[[[[126.936676,35.130902],[126.93667,35.130914],[126.936695,35.130963],[126.9367,35.130961],[126.936711,35.130983],[126.936776,35.13096],[126.936778,35.130963],[126.93684,35.130942],[126.936843,35.13095],[126.936856,35.130945],[126.936811,35.130856],[126.936676,35.130902]]]]}},{"type":"Feature","id":"2002194189261813943200000000","properties":{"id":"2002194189261813943200000000","pnu":"1221011900107220004","year":2002,"purpose":"단독주택","far":84.09,"floors":2,"structure":"벽돌구조"},"geometry":{"type":"MultiPolygon","coordinates":[[[[126.936978,35.131625],[126.937032,35.131714],[126.937104,35.131687],[126.937097,35.131667],[126.93711,35.131661],[126.9371,35.131637],[126.937119,35.131622],[126.937083,35.131571],[126.937036,35.131588],[126.937042,35.131603],[126.936978,35.131625]]]]}},{"type":"Feature","id":"2002194208961815955000000000","properties":{"id":"2002194208961815955000000000","pnu":"1221012200102620001","year":2002,"purpose":"제2종 근린생활시설","floors":2,"structure":"철근콘크리트구조"},"geometry":{"type":"MultiPolygon","coordinates":[[[[126.937215,35.133411],[126.93721,35.133466],[126.937242,35.133503],[126.9373,35.133528],[126.937316,35.133504],[126.937314,35.133396],[126.937265,35.1334],[126.937215,35.133411]]]]}},{"type":"Feature","id":"2002194210061813965600000000","properties":{"id":"2002194210061813965600000000","pnu":"1221011900107230000","year":2002,"purpose":"기타","far":41.5925,"floors":2,"structure":"철근콘크리트구조"},"geometry":{"type":"MultiPolygon","coordinates":[[[[126.937184,35.131626],[126.937247,35.131722],[126.937305,35.131751],[126.937381,35.131657],[126.937343,35.131641],[126.937302,35.131582],[126.937184,35.131626]]]]}},{"type":"Feature","id":"2002194217901814064200000000","properties":{"id":"2002194217901814064200000000","pnu":"1221011900107230000","year":2002,"purpose":"기타","far":41.5925,"floors":2,"structure":"철근콘크리트구조"},"geometry":{"type":"MultiPolygon","coordinates":[[[[126.937272,35.131795],[126.937355,35.131842],[126.937394,35.131794],[126.937453,35.131726],[126.937442,35.13172],[126.937458,35.131697],[126.937383,35.131664],[126.937272,35.131795]]]]}},{"type":"Feature","id":"2002194250151816009600000000","properties":{"id":"2002194250151816009600000000","pnu":"1221012200102620001","year":2002,"purpose":"공동주택","floors":18,"structure":"철근콘크리트구조"},"geometry":{"type":"MultiPolygon","coordinates":[[[[126.937328,35.133558],[126.938118,35.133566],[126.93812,35.133455],[126.937329,35.133443],[126.937328,35.133558]]]]}},{"type":"Feature","id":"2002194292961816313100000000","properties":{"id":"2002194292961816313100000000","pnu":"1221012200102620001","year":2002,"purpose":"공동주택","floors":20,"structure":"철근콘크리트구조"},"geometry":{"type":"MultiPolygon","coordinates":[[[[126.938122,35.133653],[126.938127,35.133907],[126.938257,35.133906],[126.938257,35.133654],[126.938122,35.133653]]]]}},{"type":"Feature","id":"2002194298001815880600000000","properties":{"id":"2002194298001815880600000000","pnu":"1221012200102620001","year":2002,"purpose":"공동주택"},"geometry":{"type":"MultiPolygon","coordinates":[[[[126.938217,35.133443],[126.93828,35.133441],[126.938275,35.133337],[126.938212,35.133339],[126.938217,35.133443]]]]}},{"type":"Feature","id":"2002194328071816556000000000","properties":{"id":"2002194328071816556000000000","pnu":"1221012200102620001","year":2002,"purpose":"공동주택","floors":20,"structure":"철근콘크리트구조"},"geometry":{"type":"MultiPolygon","coordinates":[[[[126.938266,35.133962],[126.938263,35.13407],[126.938578,35.134069],[126.938579,35.134031],[126.938885,35.134037],[126.938887,35.133929],[126.938579,35.133926],[126.938581,35.133964],[126.938266,35.133962]]]]}},{"type":"Feature","id":"2002194335301815848300000000","properties":{"id":"2002194335301815848300000000","pnu":"1221012200102620001","year":2002,"purpose":"공동주택","floors":20,"structure":"철근콘크리트구조"},"geometry":{"type":"MultiPolygon","coordinates":[[[[126.938318,35.133418],[126.938988,35.133418],[126.938995,35.133304],[126.938319,35.133304],[126.938318,35.133418]]]]}},{"type":"Feature","id":"2003193463551815855700000000","properties":{"id":"2003193463551815855700000000","pnu":"1221012200108730020","year":2003,"purpose":"제2종 근린생활시설","far":142.23,"floors":3,"structure":"철근콘크리트구조"},"geometry":{"type":"MultiPolygon","coordinates":[[[[126.928995,35.133399],[126.929153,35.133435],[126.929186,35.133323],[126.929027,35.133291],[126.928995,35.133399]]]]}},{"type":"Feature","id":"2003193583741820801400000000","properties":{"id":"2003193583741820801400000000","pnu":"1221011800102800000","year":2003,"purpose":"제2종 근린생활시설","far":0.42,"floors":2,"structure":"철근콘크리트구조"},"geometry":{"type":"MultiPolygon","coordinates":[[[[126.930384,35.137762],[126.930336,35.137846],[126.930429,35.137879],[126.930474,35.137794],[126.930384,35.137762]]]]}},{"type":"Feature","id":"2003193615011817622200000000","properties":{"id":"2003193615011817622200000000","pnu":"1221012200106710001","year":2003,"purpose":"기타","far":44.734369,"floors":5,"structure":"철근콘크리트구조"},"geometry":{"type":"MultiPolygon","coordinates":[[[[126.930933,35.135083],[126.93091,35.134979],[126.93085,35.134988],[126.930802,35.134774],[126.930771,35.134779],[126.930768,35.134767],[126.930631,35.134788],[126.930635,35.134803],[126.930605,35.134808],[126.930678,35.135134],[126.930774,35.13512],[126.930772,35.135109],[126.930933,35.135083]]]]}},{"type":"Feature","id":"2003193616921818295900000000","properties":{"id":"2003193616921818295900000000","pnu":"1221012200106710001","year":2003,"purpose":"기타","far":4,"floors":5,"structure":"철근콘크리트구조"},"geometry":{"type":"MultiPolygon","coordinates":[[[[126.930683,35.135631],[126.930819,35.135608],[126.930815,35.135591],[126.930894,35.13558],[126.930879,35.135509],[126.930838,35.135515],[126.930835,35.135503],[126.930661,35.135528],[126.930683,35.135631]]]]}},{"type":"Feature","id":"2003193627741817908400000000","properties":{"id":"2003193627741817908400000000","pnu":"1221012200106710001","year":2003,"purpose":"기타","far":44.734369,"floors":5,"structure":"철근콘크리트구조"},"geometry":{"type":"MultiPolygon","coordinates":[[[[126.931015,35.135324],[126.930976,35.135149],[126.930951,35.135153],[126.930936,35.135085],[126.930775,35.13511],[126.93078,35.135133],[126.930765,35.135135],[126.930744,35.135163],[126.930771,35.135185],[126.930793,35.135182],[126.930831,35.135333],[126.930918,35.135318],[126.930923,35.135339],[126.931015,35.135324]]]]}},{"type":"Feature","id":"2003193645171817747000000000","properties":{"id":"2003193645171817747000000000","pnu":"1221012200106710001","year":2003,"purpose":"기타","floors":1,"structure":"철근콘크리트구조"},"geometry":{"type":"MultiPolygon","coordinates":[[[[126.931121,35.135075],[126.931114,35.135048],[126.931042,35.135061],[126.931049,35.135088],[126.931121,35.135075]]]]}},{"type":"Feature","id":"2003193660711818215000000000","properties":{"id":"2003193660711818215000000000","pnu":"1221012200106710001","year":2003,"purpose":"기타","far":44.734369,"floors":5,"structure":"철근콘크리트구조"},"geometry":{"type":"MultiPolygon","coordinates":[[[[126.931597,35.135376],[126.930953,35.135477],[126.93096,35.135508],[126.930935,35.135512],[126.930949,35.135572],[126.930936,35.135593],[126.930954,35.135611],[126.931262,35.135563],[126.931254,35.13553],[126.931617,35.135473],[126.931597,35.135376]]]]}},{"type":"Feature","id":"2003193673561817916400000000","properties":{"id":"2003193673561817916400000000","pnu":"1221012200106710001","year":2003,"purpose":"기타","far":44.734369,"floors":5,"structure":"철근콘크리트구조"},"geometry":{"type":"MultiPolygon","coordinates":[[[[126.931675,35.135116],[126.93108,35.13521],[126.931103,35.135309],[126.931281,35.13528],[126.931289,35.135314],[126.931556,35.135272],[126.931563,35.135251],[126.931547,35.135236],[126.931697,35.135214],[126.931675,35.135116]]]]}},{"type":"Feature","id":"2003193755801814500800000000","properties":{"id":"2003193755801814500800000000","pnu":"1221012200107310002","year":2003,"purpose":"제2종 근린생활시설","far":112.65,"floors":2,"structure":"철근콘크리트구조"},"geometry":{"type":"MultiPolygon","coordinates":[[[[126.932215,35.132192],[126.932341,35.132188],[126.932342,35.132163],[126.932393,35.132159],[126.932395,35.132099],[126.932215,35.132104],[126.932215,35.132192]]]]}},{"type":"Feature","id":"2003193787681812188800000000","properties":{"id":"2003193787681812188800000000","pnu":"1221011900105140006","year":2003,"purpose":"단독주택","far":149.8,"floors":2,"structure":"벽돌구조"},"geometry":{"type":"MultiPolygon","coordinates":[[[[126.932668,35.130101],[126.932694,35.130035],[126.932628,35.130017],[126.932608,35.130085],[126.932668,35.130101]]]]}},{"type":"Feature","id":"2003193845461810742000000000","properties":{"id":"2003193845461810742000000000","pnu":"1221011900105470006","year":2003,"purpose":"단독주택","floors":3,"structure":"철근콘크리트구조"},"geometry":{"type":"MultiPolygon","coordinates":[[[[126.933328,35.128804],[126.933353,35.128746],[126.93328,35.128723],[126.933281,35.128714],[126.933245,35.128704],[126.933218,35.128766],[126.933328,35.128804]]]]}},{"type":"Feature","id":"2003193997141812173500000000","properties":{"id":"2003193997141812173500000000","pnu":"1221011900107170010","year":2003,"purpose":"단독주택","far":49.99,"floors":1,"structure":"벽돌구조"},"geometry":{"type":"MultiPolygon","coordinates":[[[[126.935072,35.130019],[126.935018,35.129975],[126.93494,35.130038],[126.93488,35.129988],[126.934823,35.130031],[126.93494,35.130129],[126.935072,35.130019]]]]}},{"type":"Feature","id":"2003194115981813726500000000","properties":{"id":"2003194115981813726500000000","pnu":"1221011900107220041","year":2003,"purpose":"단독주택","far":63.79,"floors":2,"structure":"철근콘크리트구조"},"geometry":{"type":"MultiPolygon","coordinates":[[[[126.936278,35.131384],[126.936231,35.131402],[126.936239,35.131412],[126.936174,35.131445],[126.936209,35.131493],[126.936229,35.131487],[126.93624,35.131499],[126.93632,35.131468],[126.936278,35.131384]]]]}},{"type":"Feature","id":"2003194275851815219300000000","properties":{"id":"2003194275851815219300000000","pnu":"1221012100108730000","year":2003,"purpose":"기타","floors":2,"structure":"철근콘크리트구조"},"geometry":{"type":"MultiPolygon","coordinates":[[[[126.937932,35.132741],[126.937932,35.132755],[126.937905,35.132753],[126.937903,35.1328],[126.937926,35.132801],[126.937925,35.132843],[126.938089,35.132846],[126.938096,35.132749],[126.937932,35.132741]]]]}},{"type":"Feature","id":"2003194365991817673100000000","properties":{"id":"2003194365991817673100000000","pnu":"1221012200102570018","year":2003,"purpose":"제2종 근린생활시설"},"geometry":{"type":"MultiPolygon","coordinates":[[[[126.939031,35.13499],[126.93902,35.134978],[126.938994,35.134974],[126.938965,35.13498],[126.938948,35.134991],[126.938947,35.135011],[126.938958,35.135028],[126.938979,35.135038],[126.939004,35.135036],[126.939024,35.135027],[126.939036,35.135012],[126.939031,35.13499]]]]}},{"type":"Feature","id":"2004193653731814767400000000","properties":{"id":"2004193653731814767400000000","pnu":"1221012200107310000","year":2004,"purpose":"제2종 근린생활시설","far":165.14,"floors":3,"structure":"철근콘크리트구조"},"geometry":{"type":"MultiPolygon","coordinates":[[[[126.931098,35.132453],[126.931286,35.132405],[126.931258,35.132312],[126.931072,35.132358],[126.931098,35.132453]]]]}},{"type":"Feature","id":"2004193715781820765100000000","properties":{"id":"2004193715781820765100000000","pnu":"1221011800102760000","year":2004,"purpose":"기타","floors":4,"structure":"철근콘크리트구조"},"geometry":{"type":"MultiPolygon","coordinates":[[[[126.931394,35.137745],[126.93205,35.137911],[126.932017,35.137997],[126.932156,35.138032],[126.932245,35.137795],[126.932248,35.137776],[126.932049,35.137724],[126.932037,35.137756],[126.932006,35.137748],[126.93201,35.137738],[126.931451,35.137597],[126.931394,35.137745]]]]}},{"type":"Feature","id":"2004193798541810349700000000","properties":{"id":"2004193798541810349700000000","pnu":"1221011900105320133","year":2004,"purpose":"공동주택","far":149.81,"floors":4,"structure":"철근콘크리트구조"},"geometry":{"type":"MultiPolygon","coordinates":[[[[126.932686,35.12845],[126.932799,35.128483],[126.932855,35.128352],[126.932741,35.12832],[126.932686,35.12845]]]]}},{"type":"Feature","id":"2004193815181810780000000000","properties":{"id":"2004193815181810780000000000","pnu":"1221011900105360019","year":2004,"purpose":"제2종 근린생활시설","far":134.9553,"floors":3,"structure":"철근콘크리트구조"},"geometry":{"type":"MultiPolygon","coordinates":[[[[126.932868,35.128874],[126.932947,35.128898],[126.933037,35.128703],[126.932958,35.128681],[126.932868,35.128874]]]]}},{"type":"Feature","id":"2004193865431810183600000000","properties":{"id":"2004193865431810183600000000","pnu":"1221011900105470014","year":2004,"purpose":"제2종 근린생활시설","far":182.75,"floors":4,"structure":"철근콘크리트구조"},"geometry":{"type":"MultiPolygon","coordinates":[[[[126.933546,35.128302],[126.933566,35.128257],[126.933542,35.128227],[126.933467,35.1282],[126.93344,35.128267],[126.933546,35.128302]]]]}},{"type":"Feature","id":"2004193918621810197900000000","properties":{"id":"2004193918621810197900000000","pnu":"1221011900105530008","year":2004,"purpose":"단독주택","far":93.71,"floors":1,"structure":"철근콘크리트구조"},"geometry":{"type":"MultiPolygon","coordinates":[[[[126.934066,35.128317],[126.934123,35.128286],[126.934121,35.128258],[126.934133,35.128251],[126.934101,35.128216],[126.934046,35.12825],[126.934066,35.128317]]]]}},{"type":"Feature","id":"2004193945921813229900000000","properties":{"id":"2004193945921813229900000000","pnu":"1221012200107880013","year":2004,"purpose":"단독주택","far":37.56,"floors":1,"structure":"벽돌구조"},"geometry":{"type":"MultiPolygon","coordinates":[[[[126.934415,35.130928],[126.934365,35.130927],[126.934356,35.131068],[126.934405,35.13107],[126.934415,35.130928]]]]}},{"type":"Feature","id":"2004193953931813604500000000","properties":{"id":"2004193953931813604500000000","pnu":"1221012200107880000","year":2004,"purpose":"공동주택","far":154.33,"floors":4,"structure":"철근콘크리트구조"},"geometry":{"type":"MultiPolygon","coordinates":[[[[126.934351,35.131282],[126.93435,35.131377],[126.934591,35.13139],[126.934599,35.131296],[126.934351,35.131282]]]]}},{"type":"Feature","id":"2004193954621813424600000000","properties":{"id":"2004193954621813424600000000","pnu":"1221012200107880012","year":2004,"purpose":"공동주택","far":154.2,"floors":4,"structure":"철근콘크리트구조"},"geometry":{"type":"MultiPolygon","coordinates":[[[[126.934359,35.13112],[126.934354,35.131214],[126.9346,35.131228],[126.934608,35.131134],[126.934359,35.13112]]]]}},{"type":"Feature","id":"2004194011571811566800000000","properties":{"id":"2004194011571811566800000000","pnu":"1221011900106980005","year":2004,"purpose":"단독주택","far":90.28,"floors":2,"structure":"철근콘크리트구조"},"geometry":{"type":"MultiPolygon","coordinates":[[[[126.935136,35.129556],[126.935168,35.129533],[126.935086,35.129445],[126.935043,35.129471],[126.935136,35.129556]]]]}},{"type":"Feature","id":"2004194157341812407900000000","properties":{"id":"2004194157341812407900000000","pnu":"1221011900107260007","year":2004,"purpose":"단독주택","far":40.78,"floors":1,"structure":"벽돌구조"},"geometry":{"type":"MultiPolygon","coordinates":[[[[126.936708,35.130241],[126.936686,35.130267],[126.936702,35.130276],[126.936725,35.130251],[126.936708,35.130241]]]]}},{"type":"Feature","id":"2004194163061812409200000000","properties":{"id":"2004194163061812409200000000","pnu":"1221011900107260007","year":2004,"purpose":"단독주택","far":40.78,"floors":1,"structure":"벽돌구조"},"geometry":{"type":"MultiPolygon","coordinates":[[[[126.936845,35.130242],[126.936762,35.130191],[126.936715,35.130243],[126.936729,35.130251],[126.936708,35.130274],[126.936697,35.130287],[126.936766,35.130329],[126.936845,35.130242]]]]}},{"type":"Feature","id":"2004194187111814173400000000","properties":{"id":"2004194187111814173400000000","pnu":"1221011900107220060","year":2004,"purpose":"제2종 근린생활시설","far":159.68229,"floors":5,"structure":"철근콘크리트구조"},"geometry":{"type":"MultiPolygon","coordinates":[[[[126.936918,35.131799],[126.937031,35.131956],[126.937143,35.131902],[126.937031,35.131745],[126.936918,35.131799]]]]}},{"type":"Feature","id":"2004194281351814966200000000","properties":{"id":"2004194281351814966200000000","pnu":"1221012100108730000","year":2004,"purpose":"기타","floors":2,"structure":"철근콘크리트구조"},"geometry":{"type":"MultiPolygon","coordinates":[[[[126.938002,35.132635],[126.938121,35.132632],[126.938124,35.132496],[126.938011,35.132496],[126.938002,35.132635]]]]}},{"type":"Feature","id":"2005193689501815342600000000","properties":{"id":"2005193689501815342600000000","pnu":"1221012200107190021","year":2005,"purpose":"제2종 근린생활시설","far":95.1,"floors":2,"structure":"철근콘크리트구조"},"geometry":{"type":"MultiPolygon","coordinates":[[[[126.931522,35.132826],[126.931554,35.132962],[126.93162,35.132952],[126.931603,35.13288],[126.931534,35.132825],[126.931522,35.132826]]]]}},{"type":"Feature","id":"2005193710861816303400000000","properties":{"id":"2005193710861816303400000000","pnu":"1221012200106760007","year":2005,"purpose":"단독주택","far":45.45,"floors":1,"structure":"경량철골구조"},"geometry":{"type":"MultiPolygon","coordinates":[[[[126.931781,35.133823],[126.9318,35.133818],[126.931849,35.133788],[126.931832,35.133719],[126.931759,35.133732],[126.931781,35.133823]]]]}},{"type":"Feature","id":"2005193774131811670300000000","properties":{"id":"2005193774131811670300000000","pnu":"1221011900105340037","year":2005,"purpose":"기타"},"geometry":{"type":"MultiPolygon","coordinates":[[[[126.932495,35.129633],[126.932538,35.129566],[126.932505,35.129552],[126.932467,35.129617],[126.932495,35.129633]]]]}},{"type":"Feature","id":"2005193909821813290100000000","properties":{"id":"2005193909821813290100000000","pnu":"1221012200107900003","year":2005,"purpose":"공동주택","far":135.15,"floors":3,"structure":"철근콘크리트구조"},"geometry":{"type":"MultiPolygon","coordinates":[[[[126.933884,35.131077],[126.934057,35.131115],[126.934086,35.131022],[126.93396,35.130995],[126.933909,35.131016],[126.933884,35.131077]]]]}},{"type":"Feature","id":"2005194160141814801200000000","properties":{"id":"2005194160141814801200000000","pnu":"1221012100109570000","year":2005,"purpose":"공동주택","far":162.14,"floors":6,"structure":"철근콘크리트구조"},"geometry":{"type":"MultiPolygon","coordinates":[[[[126.936847,35.132569],[126.936875,35.132562],[126.936849,35.132514],[126.93686,35.13251],[126.936834,35.132456],[126.936824,35.132459],[126.936752,35.132309],[126.936763,35.132306],[126.936735,35.132248],[126.936673,35.132269],[126.936665,35.132252],[126.936593,35.132275],[126.936739,35.132578],[126.936785,35.132563],[126.936796,35.132585],[126.936834,35.132573],[126.936847,35.132569]]]]}},{"type":"Feature","id":"2005194191441814709300000000","properties":{"id":"2005194191441814709300000000","pnu":"1221012100109570000","year":2005,"purpose":"단독주택"},"geometry":{"type":"MultiPolygon","coordinates":[[[[126.936996,35.132344],[126.937132,35.132384],[126.93716,35.132321],[126.93702,35.132284],[126.936996,35.132344]]]]}},{"type":"Feature","id":"2006193496521815837200000000","properties":{"id":"2006193496521815837200000000","pnu":"1221012200108730037","year":2006,"purpose":"제2종 근린생활시설","far":162.49,"floors":3,"structure":"철근콘크리트구조"},"geometry":{"type":"MultiPolygon","coordinates":[[[[126.929367,35.133381],[126.929481,35.1334],[126.929487,35.133378],[126.92952,35.133383],[126.929541,35.133315],[126.929401,35.133289],[126.929367,35.133381]]]]}},{"type":"Feature","id":"2006193617721810117200000000","properties":{"id":"2006193617721810117200000000","pnu":"1221011900105260015","year":2006,"purpose":"제2종 근린생활시설","far":69.58,"floors":2,"structure":"경량철골구조"},"geometry":{"type":"MultiPolygon","coordinates":[[[[126.930776,35.128109],[126.930702,35.128242],[126.930805,35.128268],[126.930867,35.128142],[126.930776,35.128109]]]]}},{"type":"Feature","id":"2006193622251810196100000000","properties":{"id":"2006193622251810196100000000","pnu":"1221011900105260015","year":2006,"purpose":"단독주택","floors":1,"structure":"일반철골구조"},"geometry":{"type":"MultiPolygon","coordinates":[[[[126.93081,35.128264],[126.930853,35.128279],[126.930863,35.12826],[126.930819,35.128244],[126.93081,35.128264]]]]}},{"type":"Feature","id":"2006193923631817099100000000","properties":{"id":"2006193923631817099100000000","pnu":"1221012200107130001","year":2006,"purpose":"공동주택","far":287.24,"floors":20,"structure":"철근콘크리트구조"},"geometry":{"type":"MultiPolygon","coordinates":[[[[126.933767,35.13437],[126.933751,35.134533],[126.93391,35.134543],[126.933909,35.134551],[126.933977,35.134556],[126.933977,35.134551],[126.934288,35.134571],[126.934288,35.13458],[126.934355,35.134584],[126.934355,35.134579],[126.934513,35.13459],[126.934529,35.134432],[126.934401,35.134423],[126.934398,35.134446],[126.934269,35.134437],[126.934272,35.134412],[126.934028,35.134395],[126.934024,35.134419],[126.933894,35.134405],[126.933897,35.13438],[126.933767,35.13437]]]]}},{"type":"Feature","id":"2006194025161810131700000000","properties":{"id":"2006194025161810131700000000","pnu":"1221011900105540002","year":2006,"purpose":"단독주택","far":45.3,"floors":1,"structure":"경량철골구조"},"geometry":{"type":"MultiPolygon","coordinates":[[[[126.935163,35.128223],[126.935265,35.128286],[126.935351,35.12819],[126.935247,35.128126],[126.935163,35.128223]]]]}},{"type":"Feature","id":"2006194365091819802000000000","properties":{"id":"2006194365091819802000000000","pnu":"1221012200102240000","year":2006,"purpose":"단독주택","far":59.197,"floors":1,"structure":"벽돌구조"},"geometry":{"type":"MultiPolygon","coordinates":[[[[126.938985,35.137025],[126.939042,35.136832],[126.938944,35.136884],[126.938932,35.136897],[126.938926,35.136938],[126.938953,35.136995],[126.938985,35.137025]]]]}},{"type":"Feature","id":"2007193595051817795200000000","properties":{"id":"2007193595051817795200000000","pnu":"1221012200106710001","year":2007,"purpose":"기타","far":1,"floors":1,"structure":"일반철골구조"},"geometry":{"type":"MultiPolygon","coordinates":[[[[126.930483,35.135185],[126.930609,35.135166],[126.93058,35.135037],[126.930454,35.135056],[126.930483,35.135185]]]]}},{"type":"Feature","id":"2007193875871813885900000000","properties":{"id":"2007193875871813885900000000","pnu":"1221012200107840000","year":2007,"purpose":"공동주택","far":158.69,"floors":10,"structure":"철근콘크리트구조"},"geometry":{"type":"MultiPolygon","coordinates":[[[[126.933441,35.131528],[126.933445,35.131638],[126.933472,35.13165],[126.933526,35.131651],[126.933526,35.131637],[126.933585,35.131638],[126.933585,35.131645],[126.933596,35.131645],[126.933596,35.131672],[126.933639,35.131672],[126.933639,35.13164],[126.933714,35.131641],[126.933714,35.131652],[126.933774,35.131653],[126.933774,35.131642],[126.933789,35.131642],[126.93379,35.131532],[126.933441,35.131528]]]]}},{"type":"Feature","id":"2007193908641813911700000000","properties":{"id":"2007193908641813911700000000","pnu":"1221012200107840001","year":2007,"purpose":"공동주택","far":205.45,"floors":10,"structure":"철근콘크리트구조"},"geometry":{"type":"MultiPolygon","coordinates":[[[[126.933801,35.131546],[126.933799,35.131672],[126.933942,35.131674],[126.933942,35.131684],[126.934012,35.131685],[126.934013,35.131666],[126.934051,35.131666],[126.934051,35.131675],[126.934151,35.131677],[126.934155,35.131553],[126.933801,35.131546]]]]}},{"type":"Feature","id":"2008193481371815311600000000","properties":{"id":"2008193481371815311600000000","pnu":"1221012200108730027","year":2008,"purpose":"제2종 근린생활시설","far":178.56,"floors":3,"structure":"일반철골구조"},"geometry":{"type":"MultiPolygon","coordinates":[[[[126.929391,35.132883],[126.92927,35.132834],[126.929274,35.132828],[126.929194,35.132798],[126.929243,35.132861],[126.929226,35.132885],[126.92925,35.13292],[126.929386,35.132897],[126.929391,35.132883]]]]}},{"type":"Feature","id":"2008193870701815301700000000","properties":{"id":"2008193870701815301700000000","pnu":"1221012200107220009","year":2008,"purpose":"단독주택","far":101.46,"floors":2,"structure":"철근콘크리트구조"},"geometry":{"type":"MultiPolygon","coordinates":[[[[126.93349,35.132846],[126.933506,35.132918],[126.933626,35.132901],[126.933606,35.132809],[126.933555,35.132816],[126.933555,35.132822],[126.933498,35.13283],[126.933501,35.132844],[126.93349,35.132846]]]]}},{"type":"Feature","id":"2008193895001814234300000000","properties":{"id":"2008193895001814234300000000","pnu":"1221012200107300018","year":2008,"purpose":"단독주택","far":52.8,"floors":1,"structure":"벽돌구조"},"geometry":{"type":"MultiPolygon","coordinates":[[[[126.933771,35.131935],[126.933869,35.131945],[126.93388,35.131871],[126.933782,35.131861],[126.933771,35.131935]]]]}},{"type":"Feature","id":"2008193908681814318900000000","properties":{"id":"2008193908681814318900000000","pnu":"1221012200107300021","year":2008,"purpose":"단독주택","far":40,"floors":1,"structure":"벽돌구조"},"geometry":{"type":"MultiPolygon","coordinates":[[[[126.93403,35.132012],[126.934032,35.131957],[126.933923,35.131944],[126.933921,35.132005],[126.93403,35.132012]]]]}},{"type":"Feature","id":"2008193972741814988400000000","properties":{"id":"2008193972741814988400000000","pnu":"1221012200102760004","year":2008,"purpose":"단독주택","far":25.2009,"floors":2,"structure":"벽돌구조"},"geometry":{"type":"MultiPolygon","coordinates":[[[[126.93463,35.132633],[126.93476,35.13258],[126.934732,35.132537],[126.934597,35.132583],[126.93463,35.132633]]]]}},{"type":"Feature","id":"2009193513281820802000000000","properties":{"id":"2009193513281820802000000000","pnu":"1221011800102800000","year":2009,"purpose":"기타","far":0.0074,"floors":1,"structure":"일반철골구조"},"geometry":{"type":"MultiPolygon","coordinates":[[[[126.929614,35.137884],[126.929695,35.137864],[126.929649,35.137757],[126.929571,35.137776],[126.929614,35.137884]]]]}},{"type":"Feature","id":"2009193630011810547200000000","properties":{"id":"2009193630011810547200000000","pnu":"1221011900105240005","year":2009,"purpose":"기타","far":146.28696,"floors":5,"structure":"철근콘크리트구조"},"geometry":{"type":"MultiPolygon","coordinates":[[[[126.930696,35.128567],[126.930686,35.128573],[126.930679,35.12858],[126.930673,35.128587],[126.930667,35.128596],[126.930662,35.128604],[126.930659,35.128614],[126.930657,35.128624],[126.930658,35.128636],[126.93066,35.128649],[126.930666,35.128662],[126.930671,35.128672],[126.930678,35.12868],[126.930686,35.128688],[126.930689,35.12869],[126.930673,35.128722],[126.930719,35.128735],[126.930715,35.128742],[126.93087,35.128789],[126.930874,35.128781],[126.930991,35.128816],[126.931019,35.128751],[126.931008,35.128748],[126.931033,35.128694],[126.931048,35.1287],[126.931172,35.128419],[126.931131,35.128406],[126.931137,35.128395],[126.931011,35.128357],[126.931015,35.12835],[126.930948,35.12833],[126.93094,35.128346],[126.930922,35.12834],[126.930911,35.128363],[126.930884,35.128355],[126.930795,35.128553],[126.930779,35.128549],[126.930774,35.128554],[126.930753,35.128553],[126.930731,35.128556],[126.930715,35.128561],[126.930696,35.128567]]]]}},{"type":"Feature","id":"2009193810731814612100000000","properties":{"id":"2009193810731814612100000000","pnu":"1221012200107290026","year":2009,"purpose":"제2종 근린생활시설"},"geometry":{"type":"MultiPolygon","coordinates":[[[[126.932847,35.132126],[126.932886,35.132345],[126.932954,35.132336],[126.932927,35.132184],[126.932914,35.132186],[126.932906,35.132142],[126.932864,35.132147],[126.932861,35.132124],[126.932847,35.132126]]]]}},{"type":"Feature","id":"2009193870921816609900000000","properties":{"id":"2009193870921816609900000000","pnu":"1221012200107130009","year":2009,"purpose":"단독주택","far":147.2946,"floors":4,"structure":"철근콘크리트구조"},"geometry":{"type":"MultiPolygon","coordinates":[[[[126.933667,35.134089],[126.933653,35.13403],[126.933632,35.134033],[126.933617,35.133967],[126.933472,35.133989],[126.933487,35.134055],[126.933466,35.134058],[126.933479,35.134118],[126.93356,35.134105],[126.933559,35.134103],[126.933585,35.134099],[126.933586,35.134102],[126.933667,35.134089]]]]}},{"type":"Feature","id":"2009193927311814403500000000","properties":{"id":"2009193927311814403500000000","pnu":"1221012200107280003","year":2009,"purpose":"제1종 근린생활시설","far":165.58,"floors":4,"structure":"철골철근콘크리트구조"},"geometry":{"type":"MultiPolygon","coordinates":[[[[126.934056,35.131995],[126.934068,35.132051],[126.934059,35.132052],[126.934069,35.132097],[126.934062,35.132098],[126.934071,35.132143],[126.934071,35.132143],[126.934072,35.132149],[126.934258,35.132123],[126.934255,35.132109],[126.934277,35.132106],[126.934279,35.132116],[126.934313,35.132111],[126.934282,35.131963],[126.934275,35.131964],[126.934275,35.131964],[126.934056,35.131995]]]]}},{"type":"Feature","id":"2011193673731810458300000000","properties":{"id":"2011193673731810458300000000","pnu":"1221011900105320115","year":2011,"purpose":"제2종 근린생활시설","far":69.4,"floors":2,"structure":"경량철골구조"},"geometry":{"type":"MultiPolygon","coordinates":[[[[126.931311,35.128457],[126.93136,35.128522],[126.931463,35.128552],[126.931493,35.128494],[126.931451,35.128481],[126.931446,35.128493],[126.931344,35.128461],[126.931355,35.128436],[126.931324,35.128428],[126.931311,35.128457]]]]}},{"type":"Feature","id":"2011193742351810703600000000","properties":{"id":"2011193742351810703600000000","pnu":"1221011900105320127","year":2011,"purpose":"단독주택","far":56.05,"floors":1,"structure":"철근콘크리트구조"},"geometry":{"type":"MultiPolygon","coordinates":[[[[126.932221,35.128692],[126.932126,35.128662],[126.932086,35.128748],[126.932181,35.128777],[126.932221,35.128692]]]]}},{"type":"Feature","id":"2011193793421812007900000000","properties":{"id":"2011193793421812007900000000","pnu":"1221011900105140010","year":2011,"purpose":"제2종 근린생활시설","far":58.27,"floors":1,"structure":"경량철골구조"},"geometry":{"type":"MultiPolygon","coordinates":[[[[126.9327,35.129935],[126.932703,35.129927],[126.932741,35.129935],[126.932763,35.129865],[126.932714,35.129855],[126.932711,35.129865],[126.932684,35.129859],[126.932662,35.129927],[126.9327,35.129935]]]]}},{"type":"Feature","id":"2011193854531815496900000000","properties":{"id":"2011193854531815496900000000","pnu":"1221012200107220001","year":2011,"purpose":"단독주택","far":37.41,"floors":2,"structure":"벽돌구조"},"geometry":{"type":"MultiPolygon","coordinates":[[[[126.933435,35.133074],[126.933433,35.13306],[126.933441,35.13306],[126.933435,35.133017],[126.93338,35.133022],[126.933376,35.132991],[126.933329,35.132995],[126.933342,35.133083],[126.933435,35.133074]]]]}},{"type":"Feature","id":"2011193940061812307300000000","properties":{"id":"2011193940061812307300000000","pnu":"1221011900107150005","year":2011,"purpose":"제2종 근린생활시설","far":55.57,"floors":1,"structure":"경량철골구조"},"geometry":{"type":"MultiPolygon","coordinates":[[[[126.934263,35.130179],[126.934321,35.130216],[126.93438,35.130154],[126.934322,35.130117],[126.934263,35.130179]]]]}},{"type":"Feature","id":"2011193999451814336700000000","properties":{"id":"2011193999451814336700000000","pnu":"1221012200107280026","year":2011,"purpose":"제1종 근린생활시설","far":93.1,"floors":2,"structure":"일반철골구조"},"geometry":{"type":"MultiPolygon","coordinates":[[[[126.934917,35.131981],[126.934927,35.132032],[126.935022,35.132019],[126.93501,35.131957],[126.93496,35.131963],[126.934963,35.131975],[126.934917,35.131981]]]]}},{"type":"Feature","id":"2012193470221812215300000000","properties":{"id":"2012193470221812215300000000","pnu":"1221012200108550001","year":2012,"purpose":"기타","far":30.38,"floors":1,"structure":"기타강구조"},"geometry":{"type":"MultiPolygon","coordinates":[[[[126.92918,35.130017],[126.929141,35.130049],[126.929101,35.130126],[126.929145,35.130141],[126.929239,35.130066],[126.92918,35.130017]]]]}},{"type":"Feature","id":"2012193886451812905500000000","properties":{"id":"2012193886451812905500000000","pnu":"1221012200108190000","year":2012,"purpose":"단독주택","floors":1,"structure":"경량철골구조"},"geometry":{"type":"MultiPolygon","coordinates":[[[[126.933672,35.130744],[126.933783,35.130753],[126.933793,35.130667],[126.933683,35.130658],[126.933676,35.130717],[126.933672,35.130744]]]]}},{"type":"Feature","id":"2012193933921810485500000000","properties":{"id":"2012193933921810485500000000","pnu":"1221011900107020009","year":2012,"purpose":"단독주택","far":52.94,"floors":1,"structure":"경량철골구조"},"geometry":{"type":"MultiPolygon","coordinates":[[[[126.934269,35.128488],[126.934211,35.128513],[126.934242,35.128561],[126.9343,35.128536],[126.934269,35.128488]]]]}},{"type":"Feature","id":"2012193963411812458500000000","properties":{"id":"2012193963411812458500000000","pnu":"1221011900107150001","year":2012,"purpose":"단독주택"},"geometry":{"type":"MultiPolygon","coordinates":[[[[126.934596,35.130359],[126.934615,35.130326],[126.934604,35.130321],[126.934617,35.130296],[126.934608,35.130294],[126.934619,35.130275],[126.934625,35.130278],[126.934631,35.13027],[126.93457,35.130245],[126.934522,35.13033],[126.934596,35.130359]]]]}},{"type":"Feature","id":"2013193486541809957300000000","properties":{"id":"2013193486541809957300000000","pnu":"1221011900109900000","year":2013,"purpose":"기타","far":78.18,"floors":2,"structure":"철근콘크리트구조"},"geometry":{"type":"MultiPolygon","coordinates":[[[[126.929331,35.127986],[126.929279,35.128085],[126.929355,35.128112],[126.929369,35.128084],[126.929357,35.12808],[126.929365,35.128065],[126.92935,35.12806],[126.92937,35.128021],[126.929388,35.128027],[126.929381,35.128042],[126.929409,35.128052],[126.929416,35.128037],[126.929421,35.128039],[126.929434,35.128016],[126.929382,35.127998],[126.929379,35.128004],[126.929331,35.127986]]]]}},{"type":"Feature","id":"2013193532051812231000000000","properties":{"id":"2013193532051812231000000000","pnu":"1221012200107500004","year":2013,"purpose":"제2종 근린생활시설","far":110.06,"floors":2,"structure":"철근콘크리트구조"},"geometry":{"type":"MultiPolygon","coordinates":[[[[126.929783,35.130134],[126.929783,35.130134],[126.929859,35.130155],[126.92991,35.130068],[126.929868,35.130047],[126.929826,35.130034],[126.929783,35.130134]]]]}},{"type":"Feature","id":"2013193636431815803400000000","properties":{"id":"2013193636431815803400000000","pnu":"1221012200106760045","year":2013,"purpose":"단독주택","far":44.2,"floors":1,"structure":"경량철골구조"},"geometry":{"type":"MultiPolygon","coordinates":[[[[126.930911,35.133306],[126.930957,35.13337],[126.931072,35.133315],[126.931049,35.13328],[126.931025,35.133292],[126.931017,35.133281],[126.931002,35.133288],[126.930992,35.133274],[126.930983,35.13327],[126.930911,35.133306]]]]}},{"type":"Feature","id":"2013193736631816177200000000","properties":{"id":"2013193736631816177200000000","pnu":"1221012200106760022","year":2013,"purpose":"제2종 근린생활시설","far":55.213,"floors":1,"structure":"경량철골구조"},"geometry":{"type":"MultiPolygon","coordinates":[[[[126.932007,35.133657],[126.932126,35.133704],[126.932164,35.133637],[126.932122,35.133625],[126.932112,35.133635],[126.932039,35.133607],[126.932007,35.133657]]]]}},{"type":"Feature","id":"2013193759391813232700000000","properties":{"id":"2013193759391813232700000000","pnu":"1221012200107660002","year":2013,"purpose":"제2종 근린생활시설"},"geometry":{"type":"MultiPolygon","coordinates":[[[[126.932273,35.131016],[126.932419,35.131024],[126.93242,35.131008],[126.932375,35.131005],[126.932371,35.130969],[126.932298,35.130975],[126.932272,35.131],[126.932273,35.131016]]]]}},{"type":"Feature","id":"2013193778701813272500000000","properties":{"id":"2013193778701813272500000000","pnu":"1221012200107970000","year":2013,"purpose":"단독주택","far":131.51,"floors":3,"structure":"철근콘크리트구조"},"geometry":{"type":"MultiPolygon","coordinates":[[[[126.932459,35.130968],[126.932457,35.131042],[126.932522,35.131043],[126.932544,35.131105],[126.932591,35.131124],[126.93264,35.131112],[126.932588,35.13097],[126.932459,35.130968]]]]}},{"type":"Feature","id":"2013193792311810532100000000","properties":{"id":"2013193792311810532100000000","pnu":"1221011900105320132","year":2013,"purpose":"단독주택"},"geometry":{"type":"MultiPolygon","coordinates":[[[[126.932612,35.128577],[126.932761,35.128622],[126.932792,35.128554],[126.932642,35.128509],[126.932612,35.128577]]]]}},{"type":"Feature","id":"2013193857341812691200000000","properties":{"id":"2013193857341812691200000000","pnu":"1221012200108160001","year":2013,"purpose":"단독주택"},"geometry":{"type":"MultiPolygon","coordinates":[[[[126.933411,35.130452],[126.933375,35.13056],[126.93342,35.13057],[126.93345,35.130461],[126.933411,35.130452]]]]}},{"type":"Feature","id":"2013193865601816450000000000","properties":{"id":"2013193865601816450000000000","pnu":"1221012200107130041","year":2013,"purpose":"단독주택","floors":1,"structure":"철근콘크리트구조"},"geometry":{"type":"MultiPolygon","coordinates":[[[[126.933424,35.133943],[126.933612,35.133915],[126.933608,35.133897],[126.933598,35.133898],[126.933592,35.13387],[126.933523,35.13388],[126.933523,35.133882],[126.9335,35.133885],[126.933492,35.13385],[126.933439,35.133858],[126.933445,35.133884],[126.933412,35.133888],[126.933424,35.133943]]]]}},{"type":"Feature","id":"2013193904731814880600000000","properties":{"id":"2013193904731814880600000000","pnu":"1221012200107270005","year":2013,"purpose":"제2종 근린생활시설","far":93.09,"floors":2,"structure":"철근콘크리트구조"},"geometry":{"type":"MultiPolygon","coordinates":[[[[126.934063,35.132503],[126.933967,35.132401],[126.933915,35.132409],[126.933895,35.13244],[126.933878,35.132433],[126.933851,35.132476],[126.933836,35.132478],[126.933858,35.132574],[126.933943,35.132561],[126.933934,35.132523],[126.934063,35.132503]]]]}},{"type":"Feature","id":"2013193918661812062900000000","properties":{"id":"2013193918661812062900000000","pnu":"1221011900107130001","year":2013,"purpose":"단독주택","far":112.2337,"floors":2,"structure":"경량철골구조"},"geometry":{"type":"MultiPolygon","coordinates":[[[[126.934033,35.129966],[126.934063,35.129975],[126.934069,35.129966],[126.934117,35.129982],[126.934142,35.129934],[126.934062,35.129907],[126.934033,35.129966]]]]}},{"type":"Feature","id":"2013194273301814041800000000","properties":{"id":"2013194273301814041800000000","pnu":"1221011900107300002","year":2013,"purpose":"기타"},"geometry":{"type":"MultiPolygon","coordinates":[[[[126.937929,35.13166],[126.937966,35.131726],[126.937936,35.131737],[126.937961,35.131784],[126.937978,35.131778],[126.937991,35.1318],[126.937993,35.131799],[126.93803,35.131776],[126.937959,35.131649],[126.937929,35.13166]]]]}},{"type":"Feature","id":"road:2911011900105150027014414:32126","properties":{"id":"road:2911011900105150027014414:32126","pnu":"1221011900111030000","purpose":"공동주택","year":2018},"geometry":{"type":"MultiPolygon","coordinates":[[[[126.931757,35.129664],[126.931788,35.129738],[126.931808,35.129732],[126.931811,35.129739],[126.93187,35.129723],[126.931868,35.129718],[126.93189,35.129712],[126.931906,35.129753],[126.931963,35.129738],[126.931978,35.129775],[126.931968,35.129778],[126.931977,35.129801],[126.931944,35.12981],[126.931961,35.129852],[126.931995,35.129843],[126.932006,35.129871],[126.932013,35.12987],[126.932032,35.129917],[126.932135,35.129889],[126.932066,35.129719],[126.93207,35.129718],[126.932063,35.129701],[126.932027,35.129711],[126.932018,35.129689],[126.932039,35.129683],[126.932034,35.129671],[126.932042,35.129669],[126.93203,35.129638],[126.93204,35.129636],[126.932023,35.129594],[126.931987,35.129604],[126.931985,35.129598],[126.931939,35.129611],[126.931939,35.129614],[126.931757,35.129664]]]]}},{"type":"Feature","id":"road:2911011900105150027014415:32127","properties":{"id":"road:2911011900105150027014415:32127","pnu":"1221011900111030000","purpose":"공동주택","year":2018},"geometry":{"type":"MultiPolygon","coordinates":[[[[126.931542,35.130063],[126.931574,35.13014],[126.931598,35.130133],[126.9316,35.130139],[126.931673,35.130119],[126.931669,35.130111],[126.931693,35.130105],[126.931711,35.130148],[126.93174,35.13014],[126.931736,35.130129],[126.931786,35.130115],[126.931773,35.130082],[126.931794,35.130076],[126.931799,35.130089],[126.931871,35.130069],[126.931867,35.13006],[126.931877,35.130057],[126.93188,35.130064],[126.931894,35.130061],[126.93186,35.129975],[126.931542,35.130063]]]]}},{"type":"Feature","id":"road:2911011900105150027014416:32128","properties":{"id":"road:2911011900105150027014416:32128","pnu":"1221011900111030000","purpose":"공동주택","year":2018},"geometry":{"type":"MultiPolygon","coordinates":[[[[126.932158,35.129347],[126.932186,35.129339],[126.932191,35.129338],[126.932185,35.129326],[126.932233,35.129313],[126.932221,35.129282],[126.932253,35.129274],[126.932256,35.129281],[126.93232,35.129264],[126.932317,35.129259],[126.932328,35.129256],[126.932347,35.129302],[126.932399,35.129288],[126.932406,35.129305],[126.932397,35.129307],[126.932417,35.129357],[126.932427,35.129355],[126.932433,35.12937],[126.932522,35.129346],[126.932463,35.129198],[126.932468,35.129197],[126.932452,35.129156],[126.932445,35.129158],[126.932434,35.12913],[126.932385,35.129143],[126.932388,35.129152],[126.93235,35.129162],[126.932352,35.129169],[126.93234,35.129172],[126.932346,35.129188],[126.932318,35.129196],[126.932309,35.129174],[126.931992,35.129259],[126.932022,35.129337],[126.932045,35.129331],[126.932048,35.129338],[126.932123,35.129318],[126.932119,35.129308],[126.93214,35.129302],[126.932158,35.129347]]]]}},{"type":"Feature","id":"road:2911011900105150027014417:32129","properties":{"id":"road:2911011900105150027014417:32129","pnu":"1221011900111030000","purpose":"공동주택","year":2018},"geometry":{"type":"MultiPolygon","coordinates":[[[[126.931336,35.129068],[126.931367,35.129146],[126.93139,35.12914],[126.931393,35.129147],[126.931467,35.129127],[126.931463,35.129117],[126.931485,35.129111],[126.931503,35.129156],[126.931531,35.129148],[126.931534,35.129156],[126.931586,35.129142],[126.931565,35.129091],[126.931597,35.129082],[126.9316,35.12909],[126.931664,35.129073],[126.931662,35.129068],[126.931673,35.129065],[126.931691,35.129111],[126.931744,35.129097],[126.93175,35.129113],[126.931741,35.129116],[126.931761,35.129166],[126.931771,35.129163],[126.931778,35.129179],[126.931866,35.129155],[126.931807,35.129007],[126.931813,35.129006],[126.931796,35.128965],[126.931789,35.128967],[126.931778,35.128939],[126.931729,35.128952],[126.931733,35.128961],[126.931695,35.128971],[126.931697,35.128977],[126.931684,35.128981],[126.931691,35.128997],[126.931662,35.129005],[126.931653,35.128983],[126.931336,35.129068]]]]}},{"type":"Feature","id":"road:2911011900105150027014418:32130","properties":{"id":"road:2911011900105150027014418:32130","pnu":"1221011900111030000","purpose":"공동주택","year":2018},"geometry":{"type":"MultiPolygon","coordinates":[[[[126.930207,35.129732],[126.930233,35.129725],[126.930239,35.129736],[126.930244,35.129745],[126.930246,35.12975],[126.930257,35.129746],[126.930294,35.129737],[126.930285,35.129711],[126.930293,35.129709],[126.93032,35.129702],[126.930317,35.129693],[126.930363,35.129681],[126.930382,35.129727],[126.930432,35.129714],[126.930439,35.129732],[126.930433,35.129733],[126.930452,35.129782],[126.930461,35.12978],[126.930467,35.129796],[126.930558,35.129772],[126.930498,35.129622],[126.930501,35.129621],[126.930486,35.129583],[126.930479,35.129585],[126.930467,35.129555],[126.930417,35.129569],[126.93042,35.129577],[126.930383,35.129587],[126.930385,35.129594],[126.93037,35.129598],[126.930378,35.129616],[126.930351,35.129623],[126.930339,35.129593],[126.930318,35.129599],[126.93032,35.129602],[126.930113,35.129658],[126.930146,35.129742],[126.930205,35.129727],[126.930207,35.129732]]]]}},{"type":"Feature","id":"road:2911011900105150027014419:32131","properties":{"id":"road:2911011900105150027014419:32131","pnu":"1221011900111030000","purpose":"공동주택","year":2018},"geometry":{"type":"MultiPolygon","coordinates":[[[[126.930633,35.129848],[126.930664,35.129922],[126.930684,35.129917],[126.930686,35.129924],[126.930746,35.129908],[126.930744,35.129903],[126.930765,35.129897],[126.930782,35.129938],[126.930839,35.129922],[126.930854,35.12996],[126.930844,35.129963],[126.930853,35.129985],[126.93082,35.129994],[126.930837,35.130037],[126.93087,35.130027],[126.930882,35.130056],[126.930889,35.130054],[126.930908,35.130102],[126.931011,35.130073],[126.930942,35.129904],[126.930946,35.129902],[126.930939,35.129886],[126.930903,35.129896],[126.930894,35.129874],[126.930915,35.129868],[126.93091,35.129856],[126.930918,35.129853],[126.930906,35.129823],[126.930916,35.12982],[126.930899,35.129778],[126.930863,35.129788],[126.930861,35.129783],[126.930814,35.129796],[126.930815,35.129798],[126.930633,35.129848]]]]}},{"type":"Feature","id":"road:2911011900105150027014420:32132","properties":{"id":"road:2911011900105150027014420:32132","pnu":"1221011900111030000","purpose":"공동주택","year":2018},"geometry":{"type":"MultiPolygon","coordinates":[[[[126.930452,35.1293],[126.930479,35.129292],[126.930488,35.129313],[126.930495,35.129311],[126.930501,35.129309],[126.930503,35.129313],[126.930539,35.129302],[126.930529,35.129277],[126.930537,35.129274],[126.930564,35.129266],[126.93056,35.129258],[126.930605,35.129244],[126.930626,35.12929],[126.930675,35.129275],[126.930683,35.129293],[126.930678,35.129294],[126.930699,35.129342],[126.930708,35.12934],[126.930715,35.129356],[126.930805,35.129329],[126.930738,35.129181],[126.93074,35.12918],[126.930723,35.129142],[126.930717,35.129144],[126.930704,35.129115],[126.930653,35.129131],[126.930657,35.129139],[126.93062,35.12915],[126.930623,35.129157],[126.930609,35.129161],[126.930617,35.129178],[126.93059,35.129187],[126.930577,35.129157],[126.930557,35.129163],[126.930558,35.129167],[126.930354,35.129229],[126.930392,35.129313],[126.930449,35.129295],[126.930452,35.1293]]]]}},{"type":"Feature","id":"road:2911011900105150027014421:32133","properties":{"id":"road:2911011900105150027014421:32133","pnu":"1221011900111030000","purpose":"공동주택","year":2018},"geometry":{"type":"MultiPolygon","coordinates":[[[[126.931134,35.129501],[126.931162,35.129493],[126.931166,35.129492],[126.931161,35.129479],[126.931209,35.129466],[126.931197,35.129436],[126.931229,35.129427],[126.931232,35.129435],[126.931295,35.129418],[126.931293,35.129412],[126.931304,35.12941],[126.931322,35.129456],[126.931375,35.129442],[126.931382,35.129458],[126.931372,35.129461],[126.931392,35.129511],[126.931403,35.129508],[126.931409,35.129524],[126.931497,35.1295],[126.931438,35.129352],[126.931444,35.12935],[126.931428,35.12931],[126.931421,35.129312],[126.931409,35.129284],[126.93136,35.129297],[126.931364,35.129306],[126.931326,35.129316],[126.931328,35.129322],[126.931315,35.129326],[126.931322,35.129342],[126.931293,35.12935],[126.931285,35.129328],[126.930967,35.129413],[126.930998,35.129491],[126.931021,35.129485],[126.931024,35.129492],[126.931098,35.129472],[126.931095,35.129462],[126.931116,35.129456],[126.931134,35.129501]]]]}},{"type":"Feature","id":"road:2911011900105150027014422:32134","properties":{"id":"road:2911011900105150027014422:32134","pnu":"1221011900111030000","purpose":"공동주택","year":2018},"geometry":{"type":"MultiPolygon","coordinates":[[[[126.931191,35.130153],[126.931206,35.130149],[126.931208,35.130153],[126.931231,35.130147],[126.931239,35.130164],[126.931315,35.130143],[126.931308,35.130126],[126.931345,35.130115],[126.931355,35.130139],[126.93137,35.130134],[126.931372,35.130139],[126.931397,35.130132],[126.931404,35.130148],[126.931479,35.130127],[126.931473,35.130112],[126.931497,35.130105],[126.931496,35.130101],[126.931513,35.130096],[126.931479,35.130015],[126.931324,35.130059],[126.931312,35.13003],[126.931158,35.130073],[126.931191,35.130153]]]]}},{"type":"Feature","id":"road:2911011900107290001000001:35988","properties":{"id":"road:2911011900107290001000001:35988","pnu":"1221011900107290001","purpose":"공동주택","year":2023},"geometry":{"type":"MultiPolygon","coordinates":[[[[126.937971,35.131321],[126.937964,35.131562],[126.937971,35.131574],[126.937985,35.131574],[126.937984,35.131599],[126.938037,35.131599],[126.938036,35.131658],[126.938066,35.131659],[126.938066,35.131644],[126.938172,35.131645],[126.938172,35.131618],[126.938196,35.131618],[126.938198,35.131462],[126.938188,35.131461],[126.938188,35.131434],[126.93832,35.131435],[126.938321,35.13135],[126.938243,35.131349],[126.938244,35.131329],[126.938077,35.131326],[126.938077,35.131324],[126.937971,35.131321]]]]}},{"type":"Feature","id":"road:2911011900107720005000001:29917","properties":{"id":"road:2911011900107720005000001:29917","pnu":"1221011900107720005","purpose":"공동주택","year":2015},"geometry":{"type":"MultiPolygon","coordinates":[[[[126.938235,35.130842],[126.93831,35.130795],[126.938323,35.130809],[126.938351,35.130791],[126.938338,35.130777],[126.938413,35.13073],[126.938405,35.130721],[126.938475,35.130676],[126.938486,35.130687],[126.938514,35.13067],[126.938504,35.130658],[126.938649,35.130566],[126.938673,35.130592],[126.938701,35.130574],[126.938677,35.130548],[126.938822,35.130456],[126.938833,35.130467],[126.938849,35.130457],[126.93885,35.130456],[126.938861,35.130449],[126.938851,35.130438],[126.938925,35.130391],[126.938855,35.130316],[126.938331,35.130649],[126.938342,35.130661],[126.938168,35.130771],[126.938235,35.130842]]]]}},{"type":"Feature","id":"road:2911012200102610006000002:29561","properties":{"id":"road:2911012200102610006000002:29561","pnu":"1221012200110200000","purpose":"공동주택","year":2014},"geometry":{"type":"MultiPolygon","coordinates":[[[[126.938565,35.134969],[126.938578,35.134969],[126.938581,35.134969],[126.938621,35.134959],[126.938617,35.134948],[126.938627,35.134946],[126.938629,35.134953],[126.938635,35.134951],[126.938642,35.134949],[126.93865,35.134947],[126.93866,35.134945],[126.938672,35.134941],[126.938668,35.13493],[126.938672,35.134929],[126.938688,35.134925],[126.938698,35.134923],[126.938709,35.13492],[126.938713,35.134919],[126.938683,35.134841],[126.938671,35.134844],[126.93866,35.134847],[126.938646,35.13485],[126.938637,35.134853],[126.938626,35.134856],[126.93861,35.13486],[126.938609,35.13486],[126.938597,35.134863],[126.938585,35.134866],[126.938583,35.134867],[126.938578,35.134868],[126.938576,35.134869],[126.938575,35.134869],[126.938569,35.13487],[126.938562,35.134872],[126.93855,35.134875],[126.938543,35.134877],[126.938543,35.134882],[126.938538,35.134882],[126.938514,35.134881],[126.938505,35.134881],[126.938482,35.13488],[126.93847,35.134879],[126.938433,35.134878],[126.938426,35.134878],[126.938426,35.134875],[126.938423,35.134875],[126.938403,35.134874],[126.938397,35.134874],[126.938385,35.134874],[126.938383,35.134874],[126.938372,35.134873],[126.938366,35.134873],[126.938346,35.134872],[126.938342,35.134872],[126.938342,35.134875],[126.938335,35.134875],[126.938298,35.134873],[126.938286,35.134873],[126.938263,35.134872],[126.938254,35.134872],[126.93823,35.134871],[126.938225,35.134871],[126.938225,35.134866],[126.938216,35.134865],[126.938202,35.134865],[126.938192,35.134864],[126.938192,35.13487],[126.938187,35.13487],[126.938163,35.134869],[126.938154,35.134868],[126.938131,35.134868],[126.938119,35.134867],[126.938082,35.134866],[126.938075,35.134866],[126.938075,35.134863],[126.938072,35.134863],[126.938052,35.134862],[126.938046,35.134862],[126.938034,35.134862],[126.93803,35.134861],[126.938026,35.134951],[126.938037,35.134952],[126.938045,35.134952],[126.938051,35.134952],[126.938051,35.134949],[126.938074,35.13495],[126.938078,35.13495],[126.938078,35.134942],[126.938081,35.134942],[126.938103,35.134943],[126.938102,35.134958],[126.938113,35.134959],[126.938125,35.134959],[126.93814,35.13496],[126.938149,35.13496],[126.938152,35.13496],[126.938152,35.134953],[126.938162,35.134954],[126.938172,35.134954],[126.938173,35.134935],[126.938183,35.134936],[126.938189,35.134936],[126.938187,35.134961],[126.938215,35.134962],[126.938216,35.134941],[126.938221,35.134941],[126.938222,35.134937],[126.938227,35.134937],[126.938237,35.134938],[126.938236,35.134956],[126.938246,35.134957],[126.938256,35.134957],[126.938256,35.134964],[126.938258,35.134964],[126.938267,35.134964],[126.938282,35.134965],[126.938294,35.134965],[126.938305,35.134966],[126.938306,35.13495],[126.938328,35.134951],[126.938331,35.134951],[126.938331,35.134959],[126.938334,35.134959],[126.938358,35.13496],[126.938357,35.134963],[126.938363,35.134963],[126.938371,35.134963],[126.938388,35.134964],[126.938396,35.134964],[126.938402,35.134964],[126.938402,35.134962],[126.938425,35.134962],[126.938429,35.134962],[126.938429,35.134955],[126.938432,35.134955],[126.938454,35.134956],[126.938453,35.134971],[126.938464,35.134971],[126.938476,35.134972],[126.938491,35.134972],[126.9385,35.134972],[126.938503,35.134972],[126.938503,35.134966],[126.938513,35.134966],[126.938523,35.134966],[126.938524,35.134948],[126.938534,35.134948],[126.93854,35.134948],[126.938538,35.134972],[126.938565,35.134973],[126.938565,35.134969]]]]}},{"type":"Feature","id":"road:2911012200102610006000003:29562","properties":{"id":"road:2911012200102610006000003:29562","pnu":"1221012200110200000","purpose":"공동주택","year":2014},"geometry":{"type":"MultiPolygon","coordinates":[[[[126.937987,35.134825],[126.937998,35.134825],[126.938003,35.134825],[126.938003,35.13482],[126.938005,35.13482],[126.938015,35.13482],[126.938018,35.134821],[126.938018,35.134812],[126.938019,35.134804],[126.93802,35.134791],[126.938035,35.134787],[126.938032,35.134779],[126.938021,35.134751],[126.938019,35.134745],[126.938027,35.134743],[126.938025,35.134738],[126.938016,35.134714],[126.938012,35.134705],[126.937937,35.134725],[126.937929,35.13473],[126.937923,35.134724],[126.93792,35.134722],[126.937913,35.134726],[126.937903,35.134734],[126.937896,35.134727],[126.937891,35.13473],[126.937882,35.134722],[126.937877,35.134718],[126.937872,35.134713],[126.937833,35.134677],[126.937826,35.134681],[126.937809,35.134694],[126.937808,35.134695],[126.9378,35.134698],[126.937765,35.134712],[126.937756,35.134716],[126.93775,35.134717],[126.937721,35.134723],[126.937713,35.134725],[126.937735,35.1348],[126.937738,35.134799],[126.937749,35.134797],[126.937753,35.134796],[126.937763,35.134794],[126.937766,35.134794],[126.937777,35.134792],[126.93778,35.1348],[126.937808,35.134795],[126.937821,35.134792],[126.937827,35.134791],[126.937836,35.134819],[126.937844,35.134819],[126.937857,35.13482],[126.93788,35.13482],[126.937893,35.134821],[126.937892,35.134833],[126.937899,35.134833],[126.937922,35.134834],[126.937928,35.134834],[126.937929,35.134819],[126.93795,35.13482],[126.937949,35.134834],[126.937986,35.134836],[126.937987,35.134825]]]]}},{"type":"Feature","id":"road:2911012200102610006000004:29565","properties":{"id":"road:2911012200102610006000004:29565","pnu":"1221012200110200000","purpose":"공동주택","year":2014},"geometry":{"type":"MultiPolygon","coordinates":[[[[126.938721,35.134737],[126.938731,35.134734],[126.938751,35.134729],[126.938748,35.134721],[126.938744,35.134711],[126.938747,35.134711],[126.938769,35.134705],[126.938778,35.134702],[126.938776,35.134696],[126.938765,35.134668],[126.938762,35.134661],[126.938759,35.134662],[126.938759,35.13466],[126.938752,35.134644],[126.938751,35.13464],[126.938748,35.134631],[126.938747,35.134631],[126.938747,35.13463],[126.938748,35.13462],[126.938748,35.134616],[126.938749,35.1346],[126.938749,35.134598],[126.938752,35.134598],[126.938752,35.134591],[126.938754,35.134561],[126.938754,35.134554],[126.938745,35.134554],[126.938722,35.134553],[126.938719,35.134553],[126.938719,35.134544],[126.93872,35.134535],[126.938698,35.134534],[126.938688,35.134533],[126.938676,35.134533],[126.938675,35.134546],[126.938653,35.134545],[126.938645,35.134545],[126.938644,35.134552],[126.938622,35.134552],[126.938617,35.134551],[126.938618,35.134532],[126.938615,35.134532],[126.938604,35.134532],[126.938597,35.134532],[126.938578,35.134531],[126.938574,35.134531],[126.938574,35.134534],[126.938566,35.134533],[126.93853,35.134532],[126.938518,35.134532],[126.938495,35.134531],[126.938485,35.13453],[126.938462,35.13453],[126.938457,35.134529],[126.938447,35.134529],[126.938434,35.134529],[126.938424,35.134528],[126.938418,35.134528],[126.938395,35.134527],[126.938386,35.134527],[126.938362,35.134526],[126.93835,35.134526],[126.938314,35.134524],[126.938307,35.134524],[126.938307,35.134522],[126.938303,35.134521],[126.938283,35.134521],[126.938277,35.13452],[126.938266,35.13452],[126.938262,35.13452],[126.938257,35.13461],[126.938268,35.13461],[126.938276,35.13461],[126.938282,35.134611],[126.938282,35.134608],[126.938306,35.134609],[126.938309,35.134609],[126.93831,35.134601],[126.938313,35.134601],[126.938335,35.134602],[126.938334,35.134617],[126.938345,35.134617],[126.938357,35.134618],[126.938372,35.134618],[126.938381,35.134619],[126.938383,35.134619],[126.938384,35.134612],[126.938394,35.134612],[126.938404,35.134613],[126.938405,35.134594],[126.938415,35.134594],[126.93842,35.134594],[126.938419,35.13462],[126.938447,35.134621],[126.938448,35.134599],[126.938453,35.1346],[126.938453,35.134596],[126.938459,35.134596],[126.938469,35.134596],[126.938468,35.134615],[126.938478,35.134615],[126.938488,35.134616],[126.938488,35.134622],[126.93849,35.134622],[126.938499,35.134623],[126.938514,35.134623],[126.938526,35.134624],[126.938537,35.134624],[126.938538,35.134609],[126.93856,35.13461],[126.938563,35.13461],[126.938563,35.134618],[126.938566,35.134618],[126.938589,35.134619],[126.938589,35.134621],[126.938595,35.134622],[126.938603,35.134622],[126.938618,35.134622],[126.938618,35.134625],[126.938617,35.134629],[126.938587,35.134628],[126.938585,35.134659],[126.938585,35.13467],[126.938584,35.134671],[126.938617,35.134672],[126.938626,35.134673],[126.938627,35.134673],[126.938633,35.134687],[126.938634,35.13469],[126.938626,35.134692],[126.938643,35.134736],[126.938651,35.134734],[126.938673,35.134728],[126.938675,35.134735],[126.938684,35.134733],[126.938705,35.134728],[126.938709,35.13474],[126.938721,35.134737]]]]}},{"type":"Feature","id":"road:2911012200106760010028541:28790","properties":{"id":"road:2911012200106760010028541:28790","pnu":"1221012200106760010","purpose":"공동주택","year":2013},"geometry":{"type":"MultiPolygon","coordinates":[[[[126.931286,35.133459],[126.931494,35.133421],[126.931471,35.133348],[126.931258,35.133393],[126.931286,35.133459]]]]}},{"type":"Feature","id":"road:2911012200106760010028542:28791","properties":{"id":"road:2911012200106760010028542:28791","pnu":"1221012200106760010","purpose":"공동주택","year":2013},"geometry":{"type":"MultiPolygon","coordinates":[[[[126.931267,35.133317],[126.931468,35.133274],[126.931439,35.133181],[126.931243,35.133236],[126.931243,35.133237],[126.931267,35.133317]]]]}},{"type":"Feature","id":"road:2911012200106870008000001:30862","properties":{"id":"road:2911012200106870008000001:30862","pnu":"1221012200110210000","purpose":"공동주택","year":2016},"geometry":{"type":"MultiPolygon","coordinates":[[[[126.932618,35.135168],[126.932585,35.135168],[126.932585,35.135163],[126.932559,35.135163],[126.932559,35.135142],[126.932537,35.135142],[126.932537,35.135139],[126.932504,35.135138],[126.932505,35.135132],[126.932453,35.135132],[126.932454,35.135119],[126.932454,35.135109],[126.932454,35.135105],[126.932403,35.135105],[126.932403,35.135111],[126.93237,35.13511],[126.93237,35.135113],[126.932348,35.135113],[126.932348,35.135133],[126.932338,35.135133],[126.932338,35.135138],[126.932305,35.135137],[126.932305,35.135133],[126.932278,35.135132],[126.932279,35.135112],[126.932257,35.135111],[126.932257,35.135108],[126.932224,35.135108],[126.932224,35.135102],[126.932173,35.135101],[126.932173,35.135088],[126.932174,35.135079],[126.932174,35.135054],[126.932164,35.135053],[126.932165,35.135019],[126.932175,35.135019],[126.932175,35.135005],[126.932224,35.135006],[126.932223,35.135013],[126.932316,35.135014],[126.932408,35.135015],[126.932408,35.135009],[126.932456,35.13501],[126.932456,35.135023],[126.932456,35.135036],[126.932504,35.135037],[126.932504,35.135043],[126.932596,35.135044],[126.932688,35.135046],[126.932688,35.135039],[126.932736,35.13504],[126.932736,35.135054],[126.932746,35.135054],[126.932745,35.135088],[126.932735,35.135088],[126.932735,35.135114],[126.932735,35.135123],[126.932734,35.135136],[126.932683,35.135135],[126.932683,35.135141],[126.93265,35.13514],[126.93265,35.135143],[126.932628,35.135143],[126.932628,35.135164],[126.932618,35.135164],[126.932618,35.135168]]]]}},{"type":"Feature","id":"road:2911012200106870008000002:30863","properties":{"id":"road:2911012200106870008000002:30863","pnu":"1221012200110210000","purpose":"공동주택","year":2016},"geometry":{"type":"MultiPolygon","coordinates":[[[[126.932597,35.135425],[126.932564,35.135425],[126.932564,35.13542],[126.932538,35.13542],[126.932539,35.135399],[126.932517,35.135399],[126.932517,35.135396],[126.932484,35.135395],[126.932484,35.135389],[126.932433,35.135389],[126.932382,35.135388],[126.932382,35.135394],[126.932349,35.135393],[126.932349,35.135396],[126.932327,35.135396],[126.932326,35.135417],[126.932316,35.135417],[126.932316,35.135421],[126.932283,35.135421],[126.932284,35.135416],[126.932257,35.135416],[126.932258,35.135395],[126.932236,35.135395],[126.932236,35.135392],[126.932203,35.135391],[126.932203,35.135385],[126.932152,35.135384],[126.932152,35.135372],[126.932153,35.135362],[126.932153,35.135337],[126.932143,35.135337],[126.932144,35.135302],[126.932154,35.135302],[126.932154,35.135289],[126.932202,35.135289],[126.932202,35.135296],[126.932294,35.135297],[126.932387,35.135299],[126.932387,35.135292],[126.932435,35.135293],[126.932483,35.135294],[126.932483,35.1353],[126.932575,35.135301],[126.932667,35.135303],[126.932668,35.135296],[126.932716,35.135297],[126.932716,35.135311],[126.932725,35.135311],[126.932725,35.135346],[126.932715,35.135345],[126.932714,35.135371],[126.932714,35.13538],[126.932714,35.135393],[126.932663,35.135392],[126.932662,35.135398],[126.93263,35.135398],[126.93263,35.135401],[126.932608,35.1354],[126.932607,35.135421],[126.932597,35.135421],[126.932597,35.135425]]]]}},{"type":"Feature","id":"road:2911012200106870008000003:30864","properties":{"id":"road:2911012200106870008000003:30864","pnu":"1221012200110210000","purpose":"공동주택","year":2016},"geometry":{"type":"MultiPolygon","coordinates":[[[[126.93267,35.135808],[126.932646,35.135808],[126.932601,35.135807],[126.932601,35.135786],[126.932579,35.135786],[126.932579,35.135783],[126.932546,35.135783],[126.932547,35.135777],[126.932495,35.135776],[126.932444,35.135775],[126.932444,35.135781],[126.932411,35.135781],[126.932411,35.135784],[126.932389,35.135783],[126.932389,35.135804],[126.932365,35.135804],[126.93232,35.135803],[126.93232,35.135782],[126.932298,35.135782],[126.932298,35.135779],[126.932266,35.135778],[126.932266,35.135773],[126.932215,35.135772],[126.932215,35.135759],[126.932215,35.13575],[126.932216,35.135724],[126.932206,35.135724],[126.932207,35.135689],[126.932216,35.13569],[126.932217,35.135676],[126.932265,35.135677],[126.932265,35.135683],[126.932357,35.135685],[126.932449,35.135686],[126.932449,35.13568],[126.932498,35.13568],[126.932546,35.135681],[126.932546,35.135687],[126.932638,35.135689],[126.93273,35.13569],[126.93273,35.135684],[126.932778,35.135685],[126.932778,35.135698],[126.932777,35.135758],[126.932777,35.135767],[126.932776,35.13578],[126.932725,35.13578],[126.932725,35.135785],[126.932692,35.135785],[126.932692,35.135788],[126.93267,35.135788],[126.93267,35.135808]]]]}},{"type":"Feature","id":"road:2911012200106870008000004:30865","properties":{"id":"road:2911012200106870008000004:30865","pnu":"1221012200110210000","purpose":"공동주택","year":2016},"geometry":{"type":"MultiPolygon","coordinates":[[[[126.932299,35.135432],[126.9323,35.135459],[126.932256,35.13546],[126.932256,35.135433],[126.932299,35.135432]]]]}}]}
