{"type":"FeatureCollection","features":[{"type":"Feature","id":"0000193464371831256400000000","properties":{"id":"0000193464371831256400000000","pnu":"1221010800101160017","purpose":"기타"},"geometry":{"type":"MultiPolygon","coordinates":[[[[126.929048,35.147283],[126.929149,35.147243],[126.929126,35.147204],[126.929026,35.147245],[126.929048,35.147283]]]]}},{"type":"Feature","id":"0000193468671831781300000000","properties":{"id":"0000193468671831781300000000","pnu":"1221010800101010051","purpose":"단독주택","floors":1,"structure":"블록구조"},"geometry":{"type":"MultiPolygon","coordinates":[[[[126.929168,35.147759],[126.929193,35.147716],[126.929099,35.147674],[126.929077,35.147718],[126.929168,35.147759]]]]}},{"type":"Feature","id":"0000193474331830228300000000","properties":{"id":"0000193474331830228300000000","pnu":"1221011100105210002","purpose":"기타"},"geometry":{"type":"MultiPolygon","coordinates":[[[[126.929107,35.146384],[126.929313,35.146304],[126.929287,35.146246],[126.929073,35.146339],[126.929107,35.146384]]]]}},{"type":"Feature","id":"0000193479311830567600000000","properties":{"id":"0000193479311830567600000000","pnu":"1221011100104800000","purpose":"기타","floors":5,"structure":"벽돌구조"},"geometry":{"type":"MultiPolygon","coordinates":[[[[126.929239,35.146781],[126.929377,35.146523],[126.929285,35.146483],[126.929244,35.146498],[126.929184,35.146624],[126.929159,35.146616],[126.929131,35.146667],[126.929209,35.146768],[126.929223,35.14678],[126.929239,35.146781]]]]}},{"type":"Feature","id":"0000193490361829252400000000","properties":{"id":"0000193490361829252400000000","pnu":"1221011100105090016","purpose":"단독주택","far":51.27,"floors":1,"structure":"벽돌구조"},"geometry":{"type":"MultiPolygon","coordinates":[[[[126.929276,35.145443],[126.92934,35.145528],[126.929478,35.145416],[126.929403,35.145355],[126.929276,35.145443]]]]}},{"type":"Feature","id":"0000193502061829318600000000","properties":{"id":"0000193502061829318600000000","pnu":"1221011100105090018","purpose":"제2종 근린생활시설"},"geometry":{"type":"MultiPolygon","coordinates":[[[[126.929492,35.145554],[126.929563,35.14547],[126.929513,35.145441],[126.929442,35.145524],[126.929492,35.145554]]]]}},{"type":"Feature","id":"0000193504951822687800000000","properties":{"id":"0000193504951822687800000000","pnu":"1221011800102910000","purpose":"기타"},"geometry":{"type":"MultiPolygon","coordinates":[[[[126.92954,35.139568],[126.929567,35.139562],[126.929539,35.139473],[126.929512,35.139479],[126.92954,35.139568]]]]}},{"type":"Feature","id":"0000193507881822677500000000","properties":{"id":"0000193507881822677500000000","pnu":"1221011800102910000","purpose":"기타"},"geometry":{"type":"MultiPolygon","coordinates":[[[[126.92957,35.139473],[126.929549,35.139478],[126.929572,35.139549],[126.929594,35.139544],[126.92957,35.139473]]]]}},{"type":"Feature","id":"0000193527351828196300000000","properties":{"id":"0000193527351828196300000000","pnu":"1221011100105070024","purpose":"기타","far":81.4419,"floors":2,"structure":"일반목구조"},"geometry":{"type":"MultiPolygon","coordinates":[[[[126.929814,35.144505],[126.929804,35.144461],[126.929743,35.144475],[126.929753,35.144503],[126.929814,35.144505]]]]}},{"type":"Feature","id":"0000193538971831275500000000","properties":{"id":"0000193538971831275500000000","pnu":"1221011100104800000","purpose":"기타"},"geometry":{"type":"MultiPolygon","coordinates":[[[[126.929962,35.147272],[126.929961,35.147245],[126.929849,35.14725],[126.929851,35.147277],[126.929962,35.147272]]]]}},{"type":"Feature","id":"0000193539091829166400000000","properties":{"id":"0000193539091829166400000000","pnu":"1221011100105050010","purpose":"기타"},"geometry":{"type":"MultiPolygon","coordinates":[[[[126.92994,35.145399],[126.92996,35.145352],[126.929871,35.145326],[126.929857,35.145361],[126.92994,35.145399]]]]}},{"type":"Feature","id":"0000193539651829086800000000","properties":{"id":"0000193539651829086800000000","pnu":"1221011100105050010","purpose":"기타"},"geometry":{"type":"MultiPolygon","coordinates":[[[[126.929864,35.14524],[126.929843,35.145293],[126.929919,35.145315],[126.929915,35.145329],[126.929957,35.145341],[126.929984,35.145279],[126.929864,35.14524]]]]}},{"type":"Feature","id":"0000193572291821241000000000","properties":{"id":"0000193572291821241000000000","pnu":"1221011800102800000","purpose":"기타"},"geometry":{"type":"MultiPolygon","coordinates":[[[[126.930213,35.138185],[126.930204,35.138212],[126.930271,35.138227],[126.930269,35.138236],[126.930335,35.13825],[126.930347,35.138214],[126.930213,35.138185]]]]}},{"type":"Feature","id":"0000193572791829524100000000","properties":{"id":"0000193572791829524100000000","pnu":"1221011100104760001","purpose":"단독주택","far":198.32,"floors":2,"structure":"일반목구조"},"geometry":{"type":"MultiPolygon","coordinates":[[[[126.9302,35.145755],[126.930346,35.145696],[126.930298,35.145609],[126.930282,35.145609],[126.9302,35.145755]]]]}},{"type":"Feature","id":"0000193586451828792600000000","properties":{"id":"0000193586451828792600000000","pnu":"1221011100105030005","purpose":"제2종 근린생활시설"},"geometry":{"type":"MultiPolygon","coordinates":[[[[126.930426,35.145116],[126.930533,35.145047],[126.930449,35.144927],[126.93037,35.144973],[126.930379,35.144981],[126.930312,35.145024],[126.930341,35.145055],[126.930361,35.145048],[126.930426,35.145116]]]]}},{"type":"Feature","id":"0000193589041828201400000000","properties":{"id":"0000193589041828201400000000","pnu":"1221011800104160001","purpose":"기타"},"geometry":{"type":"MultiPolygon","coordinates":[[[[126.930461,35.144637],[126.930604,35.144573],[126.930457,35.144344],[126.93031,35.144412],[126.930461,35.144637]]]]}},{"type":"Feature","id":"0000193603161821221400000000","properties":{"id":"0000193603161821221400000000","pnu":"1221011800102800000","purpose":"기타"},"geometry":{"type":"MultiPolygon","coordinates":[[[[126.930641,35.13817],[126.930608,35.138165],[126.930595,35.13823],[126.930629,35.138233],[126.930641,35.13817]]]]}},{"type":"Feature","id":"0000193605291828437900000000","properties":{"id":"0000193605291828437900000000","pnu":"1221011800104160001","purpose":"기타"},"geometry":{"type":"MultiPolygon","coordinates":[[[[126.930661,35.144823],[126.930741,35.144786],[126.930608,35.144585],[126.930531,35.144616],[126.930661,35.144823]]]]}},{"type":"Feature","id":"0000193606941829294600000000","properties":{"id":"0000193606941829294600000000","pnu":"1221011100105020001","purpose":"기타"},"geometry":{"type":"MultiPolygon","coordinates":[[[[126.930724,35.145525],[126.930665,35.145401],[126.930578,35.145433],[126.93065,35.145552],[126.930724,35.145525]]]]}},{"type":"Feature","id":"0000193618091829321400000000","properties":{"id":"0000193618091829321400000000","pnu":"1221011100105020001","purpose":"기타"},"geometry":{"type":"MultiPolygon","coordinates":[[[[126.930829,35.1455],[126.93081,35.145469],[126.930723,35.145504],[126.930735,35.145531],[126.930829,35.1455]]]]}},{"type":"Feature","id":"0000193628361822992800000000","properties":{"id":"0000193628361822992800000000","pnu":"1221011800102900000","purpose":"기타"},"geometry":{"type":"MultiPolygon","coordinates":[[[[126.930923,35.139776],[126.930866,35.139774],[126.930864,35.139816],[126.930921,35.139818],[126.930923,35.139776]]]]}},{"type":"Feature","id":"0000193629241831017700000000","properties":{"id":"0000193629241831017700000000","pnu":"1221011100104800001","purpose":"기타"},"geometry":{"type":"MultiPolygon","coordinates":[[[[126.930931,35.147051],[126.930924,35.147002],[126.930862,35.147008],[126.93087,35.147057],[126.930931,35.147051]]]]}},{"type":"Feature","id":"0000193630621830931800000000","properties":{"id":"0000193630621830931800000000","pnu":"1221011100104800001","purpose":"기타"},"geometry":{"type":"MultiPolygon","coordinates":[[[[126.930858,35.147007],[126.930976,35.146992],[126.930957,35.14689],[126.930883,35.1469],[126.930869,35.146934],[126.930844,35.146937],[126.930858,35.147007]]]]}},{"type":"Feature","id":"0000193631351830038000000000","properties":{"id":"0000193631351830038000000000","pnu":"1221011100104800000","purpose":"기타"},"geometry":{"type":"MultiPolygon","coordinates":[[[[126.930925,35.146181],[126.93095,35.146122],[126.930916,35.146112],[126.930891,35.146171],[126.930925,35.146181]]]]}},{"type":"Feature","id":"0000193639531831066000000000","properties":{"id":"0000193639531831066000000000","pnu":"1221011100104850000","purpose":"단독주택"},"geometry":{"type":"MultiPolygon","coordinates":[[[[126.93097,35.147118],[126.931025,35.147127],[126.931049,35.147029],[126.930994,35.147019],[126.93097,35.147118]]]]}},{"type":"Feature","id":"0000193640471822821600000000","properties":{"id":"0000193640471822821600000000","pnu":"1221011800102900000","purpose":"기타"},"geometry":{"type":"MultiPolygon","coordinates":[[[[126.931051,35.139622],[126.931005,35.139619],[126.931001,35.139662],[126.931048,35.139665],[126.931051,35.139622]]]]}},{"type":"Feature","id":"0000193655651828263800000000","properties":{"id":"0000193655651828263800000000","pnu":"1221011800104160001","purpose":"기타"},"geometry":{"type":"MultiPolygon","coordinates":[[[[126.931194,35.144624],[126.931262,35.144592],[126.931184,35.144471],[126.931115,35.144503],[126.931194,35.144624]]]]}},{"type":"Feature","id":"0000193656171830813600000000","properties":{"id":"0000193656171830813600000000","pnu":"1221011100104800000","purpose":"기타"},"geometry":{"type":"MultiPolygon","coordinates":[[[[126.931048,35.146972],[126.931275,35.147004],[126.931335,35.146719],[126.931111,35.146687],[126.931048,35.146972]]]]}},{"type":"Feature","id":"0000193665911828296900000000","properties":{"id":"0000193665911828296900000000","pnu":"1221011800104160001","purpose":"기타"},"geometry":{"type":"MultiPolygon","coordinates":[[[[126.931259,35.144573],[126.931285,35.144609],[126.931344,35.144583],[126.931316,35.144545],[126.931259,35.144573]]]]}},{"type":"Feature","id":"0000193677731822421400000000","properties":{"id":"0000193677731822421400000000","pnu":"1221011800102760000","purpose":"기타"},"geometry":{"type":"MultiPolygon","coordinates":[[[[126.930886,35.1391],[126.930876,35.139166],[126.930834,35.139213],[126.930887,35.139297],[126.931582,35.139372],[126.931578,35.139506],[126.931723,35.139525],[126.931724,35.139485],[126.93188,35.139498],[126.931925,35.139215],[126.930886,35.1391]]]]}},{"type":"Feature","id":"0000193698651831773800000000","properties":{"id":"0000193698651831773800000000","pnu":"1221011100104630023","purpose":"기타"},"geometry":{"type":"MultiPolygon","coordinates":[[[[126.931679,35.147754],[126.931684,35.147671],[126.931634,35.14767],[126.931634,35.147753],[126.931679,35.147754]]]]}},{"type":"Feature","id":"0000193703931828838300000000","properties":{"id":"0000193703931828838300000000","pnu":"1221011100104910000","purpose":"기타","structure":"벽돌구조"},"geometry":{"type":"MultiPolygon","coordinates":[[[[126.931741,35.145081],[126.931715,35.145041],[126.931695,35.14505],[126.931721,35.14509],[126.931741,35.145081]]]]}},{"type":"Feature","id":"0000193706321831567400000000","properties":{"id":"0000193706321831567400000000","pnu":"1221011100104610003","purpose":"기타"},"geometry":{"type":"MultiPolygon","coordinates":[[[[126.931718,35.147576],[126.931764,35.147576],[126.931767,35.147475],[126.931721,35.147475],[126.931718,35.147576]]]]}},{"type":"Feature","id":"0000193717101828530300000000","properties":{"id":"0000193717101828530300000000","pnu":"1221011800103590001","purpose":"기타"},"geometry":{"type":"MultiPolygon","coordinates":[[[[126.931761,35.144842],[126.931974,35.144762],[126.93196,35.144735],[126.931749,35.144817],[126.931761,35.144842]]]]}},{"type":"Feature","id":"0000193719541828177000000000","properties":{"id":"0000193719541828177000000000","pnu":"1221011800103590001","purpose":"기타"},"geometry":{"type":"MultiPolygon","coordinates":[[[[126.931863,35.144496],[126.93193,35.144471],[126.931918,35.144443],[126.93185,35.144466],[126.931863,35.144496]]]]}},{"type":"Feature","id":"0000193735331828048600000000","properties":{"id":"0000193735331828048600000000","pnu":"1221011800103590001","purpose":"기타"},"geometry":{"type":"MultiPolygon","coordinates":[[[[126.931975,35.144398],[126.932157,35.14434],[126.932139,35.14431],[126.931964,35.144374],[126.931975,35.144398]]]]}},{"type":"Feature","id":"0000193754071830234400000000","properties":{"id":"0000193754071830234400000000","pnu":"1221011100104910003","purpose":"기타"},"geometry":{"type":"MultiPolygon","coordinates":[[[[126.931799,35.145885],[126.932618,35.146829],[126.932786,35.146731],[126.932742,35.146682],[126.932672,35.146719],[126.932331,35.146336],[126.932405,35.146294],[126.932348,35.146223],[126.932273,35.146267],[126.931942,35.145883],[126.932011,35.145839],[126.931966,35.145788],[126.931799,35.145885]]]]}},{"type":"Feature","id":"0000193765511831311200000000","properties":{"id":"0000193765511831311200000000","pnu":"1221011100104610000","purpose":"기타"},"geometry":{"type":"MultiPolygon","coordinates":[[[[126.932461,35.147305],[126.932441,35.147251],[126.932321,35.147289],[126.932341,35.147337],[126.932461,35.147305]]]]}},{"type":"Feature","id":"0000193773221821484400000000","properties":{"id":"0000193773221821484400000000","pnu":"1221011800102560000","purpose":"기타"},"geometry":{"type":"MultiPolygon","coordinates":[[[[126.932513,35.138402],[126.932485,35.138395],[126.932452,35.13847],[126.932488,35.138478],[126.932513,35.138402]]]]}},{"type":"Feature","id":"0000193774591824378000000000","properties":{"id":"0000193774591824378000000000","pnu":"1221011800102430000","purpose":"기타"},"geometry":{"type":"MultiPolygon","coordinates":[[[[126.932518,35.141012],[126.932487,35.141009],[126.932476,35.141079],[126.932506,35.141082],[126.932518,35.141012]]]]}},{"type":"Feature","id":"0000193774991831716300000000","properties":{"id":"0000193774991831716300000000","pnu":"1221011100106940011","purpose":"기타"},"geometry":{"type":"MultiPolygon","coordinates":[[[[126.932489,35.147686],[126.932528,35.147659],[126.932492,35.147632],[126.932468,35.147669],[126.932489,35.147686]]]]}},{"type":"Feature","id":"0000193776061824255600000000","properties":{"id":"0000193776061824255600000000","pnu":"1221011800102430000","purpose":"기타"},"geometry":{"type":"MultiPolygon","coordinates":[[[[126.932535,35.140885],[126.932505,35.140883],[126.932491,35.140991],[126.932502,35.140992],[126.932523,35.140976],[126.932535,35.140885]]]]}},{"type":"Feature","id":"0000193778101824089400000000","properties":{"id":"0000193778101824089400000000","pnu":"1221011800102430000","purpose":"기타"},"geometry":{"type":"MultiPolygon","coordinates":[[[[126.932565,35.140696],[126.932535,35.140693],[126.932506,35.140875],[126.932536,35.140878],[126.932565,35.140696]]]]}},{"type":"Feature","id":"0000193780441823920200000000","properties":{"id":"0000193780441823920200000000","pnu":"1221011800102430000","purpose":"기타"},"geometry":{"type":"MultiPolygon","coordinates":[[[[126.932584,35.140586],[126.932552,35.140583],[126.932538,35.140681],[126.932571,35.140684],[126.932584,35.140586]]]]}},{"type":"Feature","id":"0000193781471821314900000000","properties":{"id":"0000193781471821314900000000","pnu":"1221011800102560000","purpose":"기타"},"geometry":{"type":"MultiPolygon","coordinates":[[[[126.932536,35.138264],[126.932536,35.138301],[126.932602,35.138304],[126.932617,35.13829],[126.93262,35.138272],[126.932536,35.138264]]]]}},{"type":"Feature","id":"0000193781761823804900000000","properties":{"id":"0000193781761823804900000000","pnu":"1221011800102430000","purpose":"기타"},"geometry":{"type":"MultiPolygon","coordinates":[[[[126.932567,35.140489],[126.932555,35.140566],[126.932585,35.140569],[126.932597,35.140493],[126.932567,35.140489]]]]}},{"type":"Feature","id":"0000193783281831855400000000","properties":{"id":"0000193783281831855400000000","pnu":"1221011100104620015","purpose":"단독주택","far":58.75,"floors":1,"structure":"경량철골구조"},"geometry":{"type":"MultiPolygon","coordinates":[[[[126.932549,35.147803],[126.932574,35.147819],[126.932623,35.147768],[126.932599,35.147752],[126.932549,35.147803]]]]}},{"type":"Feature","id":"0000193784041830126000000000","properties":{"id":"0000193784041830126000000000","pnu":"1221011100201280001","purpose":"기타"},"geometry":{"type":"MultiPolygon","coordinates":[[[[126.93261,35.146294],[126.932675,35.146242],[126.932583,35.14616],[126.932517,35.14621],[126.93261,35.146294]]]]}},{"type":"Feature","id":"0000193786131831809300000000","properties":{"id":"0000193786131831809300000000","pnu":"1221011100104620015","purpose":"단독주택","far":58.75,"floors":1,"structure":"경량철골구조"},"geometry":{"type":"MultiPolygon","coordinates":[[[[126.932619,35.147754],[126.932629,35.147737],[126.932619,35.147732],[126.932602,35.147747],[126.932619,35.147754]]]]}},{"type":"Feature","id":"0000193787841831890300000000","properties":{"id":"0000193787841831890300000000","pnu":"1221011100104620015","purpose":"단독주택","far":58.75,"floors":1,"structure":"경량철골구조"},"geometry":{"type":"MultiPolygon","coordinates":[[[[126.932621,35.147857],[126.932684,35.147804],[126.932652,35.147777],[126.932589,35.14783],[126.932621,35.147857]]]]}},{"type":"Feature","id":"0000193794701831948300000000","properties":{"id":"0000193794701831948300000000","pnu":"1221011100104620014","purpose":"제1종 근린생활시설","far":98.57,"floors":1,"structure":"일반목구조"},"geometry":{"type":"MultiPolygon","coordinates":[[[[126.932685,35.147936],[126.932803,35.14788],[126.932728,35.147797],[126.932624,35.147868],[126.932685,35.147936]]]]}},{"type":"Feature","id":"0000193796961830346000000000","properties":{"id":"0000193796961830346000000000","pnu":"1221011100104910003","purpose":"기타"},"geometry":{"type":"MultiPolygon","coordinates":[[[[126.932576,35.146368],[126.932744,35.146569],[126.932905,35.146478],[126.93272,35.146281],[126.932576,35.146368]]]]}},{"type":"Feature","id":"0000193801621824716200000000","properties":{"id":"0000193801621824716200000000","pnu":"1221011800102430000","purpose":"기타"},"geometry":{"type":"MultiPolygon","coordinates":[[[[126.932771,35.141339],[126.932768,35.141359],[126.932815,35.141363],[126.932818,35.141342],[126.932771,35.141339]]]]}},{"type":"Feature","id":"0000193801781831528200000000","properties":{"id":"0000193801781831528200000000","pnu":"1221011100106940015","purpose":"기타"},"geometry":{"type":"MultiPolygon","coordinates":[[[[126.932766,35.147539],[126.932852,35.14749],[126.932813,35.147444],[126.932729,35.147488],[126.932766,35.147539]]]]}},{"type":"Feature","id":"0000193809251830550300000000","properties":{"id":"0000193809251830550300000000","pnu":"1221011100104910003","purpose":"기타"},"geometry":{"type":"MultiPolygon","coordinates":[[[[126.932802,35.146716],[126.933016,35.146593],[126.932942,35.146502],[126.932728,35.146628],[126.932802,35.146716]]]]}},{"type":"Feature","id":"0000193810081824744500000000","properties":{"id":"0000193810081824744500000000","pnu":"1221011800102430000","purpose":"기타"},"geometry":{"type":"MultiPolygon","coordinates":[[[[126.932856,35.14136],[126.932851,35.141383],[126.932916,35.141393],[126.932921,35.141369],[126.932856,35.14136]]]]}},{"type":"Feature","id":"0000193813181825002200000000","properties":{"id":"0000193813181825002200000000","pnu":"1221011800102430000","purpose":"기타"},"geometry":{"type":"MultiPolygon","coordinates":[[[[126.932885,35.141664],[126.932936,35.141669],[126.932955,35.141553],[126.932903,35.141548],[126.932885,35.141664]]]]}},{"type":"Feature","id":"0000193826251831508600000000","properties":{"id":"0000193826251831508600000000","pnu":"1221011100106910032","purpose":"기타"},"geometry":{"type":"MultiPolygon","coordinates":[[[[126.933122,35.147448],[126.933002,35.147444],[126.932992,35.147494],[126.933113,35.147506],[126.933122,35.147448]]]]}},{"type":"Feature","id":"0000193826381824129100000000","properties":{"id":"0000193826381824129100000000","pnu":"1221011800102430000","purpose":"기타"},"geometry":{"type":"MultiPolygon","coordinates":[[[[126.932711,35.140923],[126.932674,35.140919],[126.932659,35.141025],[126.932712,35.14103],[126.932717,35.140994],[126.932789,35.141001],[126.932784,35.141037],[126.933061,35.141063],[126.933059,35.141078],[126.933091,35.141081],[126.933089,35.1411],[126.933164,35.141107],[126.933162,35.141119],[126.933335,35.141135],[126.933361,35.140954],[126.933484,35.140966],[126.933514,35.140756],[126.933386,35.140743],[126.933392,35.140706],[126.933226,35.140691],[126.933245,35.140554],[126.932769,35.140509],[126.932763,35.14055],[126.932726,35.140547],[126.932711,35.140656],[126.932748,35.140659],[126.932711,35.140923]]]]}},{"type":"Feature","id":"0000193833751830852600000000","properties":{"id":"0000193833751830852600000000","pnu":"1221011100104910001","purpose":"단독주택","floors":1,"structure":"일반목구조"},"geometry":{"type":"MultiPolygon","coordinates":[[[[126.933436,35.147039],[126.933419,35.146781],[126.933337,35.14678],[126.933336,35.14675],[126.93327,35.146748],[126.933272,35.14669],[126.933066,35.146693],[126.933066,35.146685],[126.932965,35.146683],[126.932965,35.146698],[126.932924,35.146698],[126.932921,35.14681],[126.932871,35.14681],[126.932869,35.146858],[126.932856,35.146868],[126.932857,35.146941],[126.932868,35.146948],[126.932886,35.147049],[126.932931,35.147048],[126.932931,35.147054],[126.933436,35.147039]]]]}},{"type":"Feature","id":"0000193848661827092800000000","properties":{"id":"0000193848661827092800000000","pnu":"1221011800103880000","purpose":"기타"},"geometry":{"type":"MultiPolygon","coordinates":[[[[126.933345,35.14353],[126.933358,35.143471],[126.933268,35.143459],[126.933256,35.143512],[126.933345,35.14353]]]]}},{"type":"Feature","id":"0000193850171831623200000000","properties":{"id":"0000193850171831623200000000","pnu":"1221011100106940051","purpose":"기타"},"geometry":{"type":"MultiPolygon","coordinates":[[[[126.933397,35.1476],[126.933393,35.147564],[126.933356,35.147565],[126.933355,35.147554],[126.933318,35.147554],[126.933316,35.147542],[126.933257,35.147545],[126.933266,35.147605],[126.933397,35.1476]]]]}},{"type":"Feature","id":"0000193855981825096100000000","properties":{"id":"0000193855981825096100000000","pnu":"1221011800102430000","purpose":"기타"},"geometry":{"type":"MultiPolygon","coordinates":[[[[126.933341,35.141746],[126.933375,35.141752],[126.933422,35.141726],[126.93344,35.141649],[126.933367,35.141637],[126.933341,35.141746]]]]}},{"type":"Feature","id":"0000193863551831680800000000","properties":{"id":"0000193863551831680800000000","pnu":"1221011100104530019","purpose":"기타"},"geometry":{"type":"MultiPolygon","coordinates":[[[[126.933434,35.147697],[126.933485,35.147696],[126.933487,35.147622],[126.933527,35.147625],[126.933529,35.147587],[126.933427,35.147573],[126.933434,35.147697]]]]}},{"type":"Feature","id":"0000193867931831950800000000","properties":{"id":"0000193867931831950800000000","pnu":"1221011100104530004","purpose":"기타"},"geometry":{"type":"MultiPolygon","coordinates":[[[[126.933459,35.147913],[126.933591,35.147887],[126.933577,35.14784],[126.933449,35.147846],[126.933459,35.147913]]]]}},{"type":"Feature","id":"0000193891681831727200000000","properties":{"id":"0000193891681831727200000000","pnu":"1221011100106940051","purpose":"기타"},"geometry":{"type":"MultiPolygon","coordinates":[[[[126.93373,35.147637],[126.933714,35.14769],[126.933769,35.147703],[126.933774,35.147688],[126.933793,35.147694],[126.9338,35.147684],[126.933842,35.147694],[126.93385,35.147662],[126.93373,35.147637]]]]}},{"type":"Feature","id":"0000193921911822173200000000","properties":{"id":"0000193921911822173200000000","pnu":"1221011800200890000","purpose":"기타"},"geometry":{"type":"MultiPolygon","coordinates":[[[[126.934094,35.139092],[126.934134,35.139093],[126.934136,35.139026],[126.934096,35.139025],[126.934094,35.139092]]]]}},{"type":"Feature","id":"0000193928521831903300000000","properties":{"id":"0000193928521831903300000000","pnu":"1221011100104530004","purpose":"기타"},"geometry":{"type":"MultiPolygon","coordinates":[[[[126.934106,35.147811],[126.934116,35.147847],[126.934127,35.14786],[126.934265,35.147835],[126.934262,35.147809],[126.934106,35.147811]]]]}},{"type":"Feature","id":"0000193943691831889300000000","properties":{"id":"0000193943691831889300000000","pnu":"1221011100104530004","purpose":"기타"},"geometry":{"type":"MultiPolygon","coordinates":[[[[126.934294,35.147841],[126.934425,35.147816],[126.934416,35.147802],[126.934288,35.147805],[126.934294,35.147841]]]]}},{"type":"Feature","id":"0000193959121824011400000000","properties":{"id":"0000193959121824011400000000","pnu":"1221011800200640000","purpose":"기타"},"geometry":{"type":"MultiPolygon","coordinates":[[[[126.934561,35.140733],[126.934566,35.140715],[126.934483,35.140699],[126.934478,35.140718],[126.934561,35.140733]]]]}},{"type":"Feature","id":"0000193960681830487900000000","properties":{"id":"0000193960681830487900000000","pnu":"1221011100201270002","purpose":"기타"},"geometry":{"type":"MultiPolygon","coordinates":[[[[126.934503,35.146563],[126.934538,35.146581],[126.934566,35.146545],[126.934531,35.146527],[126.934503,35.146563]]]]}},{"type":"Feature","id":"0000193966211823985900000000","properties":{"id":"0000193966211823985900000000","pnu":"1221011800200640000","purpose":"기타"},"geometry":{"type":"MultiPolygon","coordinates":[[[[126.934529,35.140644],[126.934513,35.140696],[126.934589,35.140711],[126.934581,35.140736],[126.934654,35.14075],[126.934676,35.140673],[126.934529,35.140644]]]]}},{"type":"Feature","id":"0000193995191828775300000000","properties":{"id":"0000193995191828775300000000","pnu":"1221011100201250000","purpose":"기타"},"geometry":{"type":"MultiPolygon","coordinates":[[[[126.934983,35.145002],[126.934852,35.144986],[126.934846,35.145019],[126.934976,35.145035],[126.934983,35.145002]]]]}},{"type":"Feature","id":"0000193997711829172800000000","properties":{"id":"0000193997711829172800000000","pnu":"1221011100104940000","purpose":"기타"},"geometry":{"type":"MultiPolygon","coordinates":[[[[126.934964,35.145305],[126.934914,35.145309],[126.934918,35.14534],[126.934904,35.145341],[126.934915,35.145428],[126.93498,35.145422],[126.934964,35.145305]]]]}},{"type":"Feature","id":"0000194004281830944100000000","properties":{"id":"0000194004281830944100000000","pnu":"1221011100201270002","purpose":"기타"},"geometry":{"type":"MultiPolygon","coordinates":[[[[126.935009,35.147034],[126.935038,35.147007],[126.93503,35.146999],[126.935087,35.146939],[126.935027,35.146899],[126.934936,35.146983],[126.935009,35.147034]]]]}},{"type":"Feature","id":"0000194011971824581300000000","properties":{"id":"0000194011971824581300000000","pnu":"1221011800103750000","purpose":"기타"},"geometry":{"type":"MultiPolygon","coordinates":[[[[126.935205,35.141418],[126.935227,35.141409],[126.935227,35.141395],[126.935244,35.141391],[126.935252,35.14132],[126.935247,35.141314],[126.935219,35.141305],[126.935234,35.141282],[126.935256,35.141248],[126.935264,35.141209],[126.935261,35.141178],[126.935242,35.141138],[126.935216,35.141107],[126.935173,35.141082],[126.935125,35.141069],[126.935087,35.141067],[126.935043,35.141071],[126.935009,35.141082],[126.934976,35.141104],[126.934953,35.141125],[126.934934,35.141146],[126.934926,35.141169],[126.934921,35.141201],[126.934923,35.141225],[126.934935,35.141257],[126.934952,35.14129],[126.934981,35.141312],[126.935018,35.14133],[126.934996,35.14137],[126.935208,35.141403],[126.935205,35.141418]]]]}},{"type":"Feature","id":"0000194012371830845800000000","properties":{"id":"0000194012371830845800000000","pnu":"1221011100201270002","purpose":"기타"},"geometry":{"type":"MultiPolygon","coordinates":[[[[126.935109,35.146942],[126.935134,35.146912],[126.935118,35.146901],[126.935162,35.14684],[126.935113,35.146813],[126.935035,35.146896],[126.935109,35.146942]]]]}},{"type":"Feature","id":"0000194014091831052200000000","properties":{"id":"0000194014091831052200000000","pnu":"1221011100101850001","purpose":"기타"},"geometry":{"type":"MultiPolygon","coordinates":[[[[126.93513,35.147108],[126.935167,35.147082],[126.935107,35.14702],[126.935073,35.147037],[126.93513,35.147108]]]]}},{"type":"Feature","id":"0000194031111831989900000000","properties":{"id":"0000194031111831989900000000","pnu":"1221011100106920044","purpose":"기타"},"geometry":{"type":"MultiPolygon","coordinates":[[[[126.935334,35.147956],[126.935332,35.14786],[126.935278,35.147861],[126.93528,35.147956],[126.935334,35.147956]]]]}},{"type":"Feature","id":"0000194040501822308300000000","properties":{"id":"0000194040501822308300000000","pnu":"1221011800102230000","purpose":"기타"},"geometry":{"type":"MultiPolygon","coordinates":[[[[126.935695,35.139335],[126.935783,35.139057],[126.935754,35.139053],[126.935757,35.139041],[126.93564,35.139021],[126.935637,35.139033],[126.935613,35.139028],[126.935582,35.139147],[126.935042,35.139053],[126.935028,35.139105],[126.935003,35.139101],[126.934988,35.139165],[126.935009,35.139168],[126.934998,35.139214],[126.935311,35.139265],[126.935307,35.13928],[126.935376,35.139291],[126.935373,35.139303],[126.935479,35.139321],[126.935481,35.139311],[126.935551,35.139323],[126.935554,35.139311],[126.935695,35.139335]]]]}},{"type":"Feature","id":"0000194049871831854700000000","properties":{"id":"0000194049871831854700000000","pnu":"1221011100106940113","purpose":"기타"},"geometry":{"type":"MultiPolygon","coordinates":[[[[126.93544,35.14777],[126.935443,35.147815],[126.935586,35.147802],[126.935582,35.147759],[126.93544,35.14777]]]]}},{"type":"Feature","id":"0000194057991831983300000000","properties":{"id":"0000194057991831983300000000","pnu":"1221011100106920044","purpose":"기타"},"geometry":{"type":"MultiPolygon","coordinates":[[[[126.935648,35.147929],[126.935641,35.147873],[126.935556,35.147876],[126.935559,35.147931],[126.935648,35.147929]]]]}},{"type":"Feature","id":"0000194058601830502300000000","properties":{"id":"0000194058601830502300000000","pnu":"1221011100106930007","purpose":"기타"},"geometry":{"type":"MultiPolygon","coordinates":[[[[126.935557,35.146591],[126.93567,35.146592],[126.935663,35.146545],[126.935546,35.146543],[126.935557,35.146591]]]]}},{"type":"Feature","id":"0000194065171830529300000000","properties":{"id":"0000194065171830529300000000","pnu":"1221011100101790006","purpose":"기타"},"geometry":{"type":"MultiPolygon","coordinates":[[[[126.935676,35.146598],[126.935689,35.146596],[126.935686,35.146586],[126.935673,35.146588],[126.935676,35.146598]]]]}},{"type":"Feature","id":"0000194076131830538900000000","properties":{"id":"0000194076131830538900000000","pnu":"1221011100101790001","purpose":"기타"},"geometry":{"type":"MultiPolygon","coordinates":[[[[126.93577,35.146646],[126.935812,35.146638],[126.935809,35.146618],[126.935849,35.14661],[126.93584,35.146562],[126.935759,35.146577],[126.93577,35.146646]]]]}},{"type":"Feature","id":"0000194078181831819800000000","properties":{"id":"0000194078181831819800000000","pnu":"1221011100106910036","purpose":"기타"},"geometry":{"type":"MultiPolygon","coordinates":[[[[126.935761,35.147746],[126.935768,35.147785],[126.935893,35.147755],[126.935891,35.147732],[126.935761,35.147746]]]]}},{"type":"Feature","id":"0000194079721830618800000000","properties":{"id":"0000194079721830618800000000","pnu":"1221011100101790001","purpose":"기타"},"geometry":{"type":"MultiPolygon","coordinates":[[[[126.93577,35.146705],[126.935918,35.146679],[126.935908,35.146641],[126.935766,35.146666],[126.93577,35.146705]]]]}},{"type":"Feature","id":"0000194124741831985200000000","properties":{"id":"0000194124741831985200000000","pnu":"1221011100102320015","purpose":"기타"},"geometry":{"type":"MultiPolygon","coordinates":[[[[126.936317,35.147946],[126.936363,35.147941],[126.93635,35.147863],[126.936305,35.147868],[126.936317,35.147946]]]]}},{"type":"Feature","id":"0000194134351831966400000000","properties":{"id":"0000194134351831966400000000","pnu":"1221011100102320015","purpose":"단독주택","floors":1,"structure":"일반목구조"},"geometry":{"type":"MultiPolygon","coordinates":[[[[126.936382,35.147868],[126.936387,35.147922],[126.936496,35.147908],[126.936489,35.147852],[126.936382,35.147868]]]]}},{"type":"Feature","id":"0000194141561830969100000000","properties":{"id":"0000194141561830969100000000","pnu":"1221011100101870001","purpose":"기타"},"geometry":{"type":"MultiPolygon","coordinates":[[[[126.936544,35.146998],[126.936544,35.146981],[126.936494,35.146979],[126.936494,35.146997],[126.936544,35.146998]]]]}},{"type":"Feature","id":"0000194160471832079700000000","properties":{"id":"0000194160471832079700000000","pnu":"1221011100102320014","purpose":"기타"},"geometry":{"type":"MultiPolygon","coordinates":[[[[126.936721,35.147962],[126.936686,35.148016],[126.936738,35.148013],[126.936761,35.147966],[126.936721,35.147962]]]]}},{"type":"Feature","id":"0000194171811831481700000000","properties":{"id":"0000194171811831481700000000","pnu":"1221011100101950001","purpose":"기타"},"geometry":{"type":"MultiPolygon","coordinates":[[[[126.936807,35.147453],[126.936848,35.147484],[126.936892,35.14745],[126.936856,35.147418],[126.936807,35.147453]]]]}},{"type":"Feature","id":"0000194180521828447200000000","properties":{"id":"0000194180521828447200000000","pnu":"1221011100201220002","purpose":"기타"},"geometry":{"type":"MultiPolygon","coordinates":[[[[126.936944,35.144742],[126.936974,35.144716],[126.936954,35.14469],[126.936922,35.144715],[126.936944,35.144742]]]]}},{"type":"Feature","id":"0000194185271832078100000000","properties":{"id":"0000194185271832078100000000","pnu":"1221011100106910093","purpose":"기타"},"geometry":{"type":"MultiPolygon","coordinates":[[[[126.936963,35.14803],[126.937057,35.14799],[126.937032,35.147949],[126.93694,35.147985],[126.936963,35.14803]]]]}},{"type":"Feature","id":"0000194193741828343100000000","properties":{"id":"0000194193741828343100000000","pnu":"1221011100201220006","purpose":"기타"},"geometry":{"type":"MultiPolygon","coordinates":[[[[126.937055,35.144661],[126.937151,35.144613],[126.937136,35.144584],[126.937035,35.14463],[126.937055,35.144661]]]]}},{"type":"Feature","id":"0000194206661831531700000000","properties":{"id":"0000194206661831531700000000","pnu":"1221011100101940004","purpose":"기타"},"geometry":{"type":"MultiPolygon","coordinates":[[[[126.937245,35.147512],[126.937258,35.147472],[126.937196,35.147505],[126.937245,35.147512]]]]}},{"type":"Feature","id":"0000194209811832000300000000","properties":{"id":"0000194209811832000300000000","pnu":"1221011100101930002","purpose":"기타"},"geometry":{"type":"MultiPolygon","coordinates":[[[[126.937275,35.147966],[126.937307,35.147883],[126.937258,35.147873],[126.937228,35.147955],[126.937275,35.147966]]]]}},{"type":"Feature","id":"0000194210261828604500000000","properties":{"id":"0000194210261828604500000000","pnu":"1221011100201220006","purpose":"기타"},"geometry":{"type":"MultiPolygon","coordinates":[[[[126.937206,35.144853],[126.937267,35.144913],[126.937344,35.144863],[126.937281,35.144802],[126.937206,35.144853]]]]}},{"type":"Feature","id":"0000194213381828119100000000","properties":{"id":"0000194213381828119100000000","pnu":"1221011100201220006","purpose":"기타"},"geometry":{"type":"MultiPolygon","coordinates":[[[[126.937227,35.144454],[126.93739,35.144453],[126.937391,35.144388],[126.937231,35.144386],[126.937227,35.144454]]]]}},{"type":"Feature","id":"0000194214721831862200000000","properties":{"id":"0000194214721831862200000000","pnu":"1221011100101930005","purpose":"기타"},"geometry":{"type":"MultiPolygon","coordinates":[[[[126.937343,35.147826],[126.937359,35.147781],[126.937302,35.147761],[126.937282,35.147809],[126.937343,35.147826]]]]}},{"type":"Feature","id":"0000194250521831939800000000","properties":{"id":"0000194250521831939800000000","pnu":"1221011100101930020","purpose":"기타"},"geometry":{"type":"MultiPolygon","coordinates":[[[[126.937722,35.147904],[126.937757,35.147838],[126.937709,35.14783],[126.937668,35.14788],[126.937722,35.147904]]]]}},{"type":"Feature","id":"0000194254331831761300000000","properties":{"id":"0000194254331831761300000000","pnu":"1221011100101940010","purpose":"기타"},"geometry":{"type":"MultiPolygon","coordinates":[[[[126.937707,35.147723],[126.937786,35.147739],[126.937802,35.147687],[126.937733,35.147664],[126.937707,35.147723]]]]}},{"type":"Feature","id":"0000194257761830866200000000","properties":{"id":"0000194257761830866200000000","pnu":"1221011100101740016","purpose":"기타"},"geometry":{"type":"MultiPolygon","coordinates":[[[[126.937832,35.146954],[126.937851,35.146856],[126.937765,35.146841],[126.937729,35.146931],[126.937832,35.146954]]]]}},{"type":"Feature","id":"0000194262291831779500000000","properties":{"id":"0000194262291831779500000000","pnu":"1221011100101940001","purpose":"기타"},"geometry":{"type":"MultiPolygon","coordinates":[[[[126.937804,35.14774],[126.937871,35.147751],[126.937883,35.147703],[126.937818,35.147687],[126.937804,35.14774]]]]}},{"type":"Feature","id":"0000194278391831134300000000","properties":{"id":"0000194278391831134300000000","pnu":"1221011100101740007","purpose":"기타"},"geometry":{"type":"MultiPolygon","coordinates":[[[[126.938012,35.147193],[126.938048,35.14709],[126.938027,35.147086],[126.937993,35.147188],[126.938012,35.147193]]]]}},{"type":"Feature","id":"0000194280801831991200000000","properties":{"id":"0000194280801831991200000000","pnu":"1221011100101980010","purpose":"기타"},"geometry":{"type":"MultiPolygon","coordinates":[[[[126.937886,35.147865],[126.937884,35.147874],[126.938146,35.147959],[126.938154,35.147917],[126.937886,35.147865]]]]}},{"type":"Feature","id":"0000194297341832035300000000","properties":{"id":"0000194297341832035300000000","pnu":"1221011100101980010","purpose":"기타"},"geometry":{"type":"MultiPolygon","coordinates":[[[[126.93816,35.147918],[126.938153,35.147958],[126.938295,35.147982],[126.938306,35.147946],[126.93816,35.147918]]]]}},{"type":"Feature","id":"0000194313331830743400000000","properties":{"id":"0000194313331830743400000000","pnu":"1221011100101720000","purpose":"단독주택","floors":1,"structure":"벽돌구조"},"geometry":{"type":"MultiPolygon","coordinates":[[[[126.938343,35.146818],[126.938414,35.146854],[126.938436,35.146815],[126.938418,35.146807],[126.938461,35.146739],[126.938413,35.146717],[126.938343,35.146818]]]]}},{"type":"Feature","id":"0000194360881831060800000000","properties":{"id":"0000194360881831060800000000","pnu":"1221011100101640001","purpose":"기타"},"geometry":{"type":"MultiPolygon","coordinates":[[[[126.938813,35.14707],[126.938838,35.147097],[126.938875,35.147073],[126.938915,35.147117],[126.938936,35.147105],[126.938958,35.147128],[126.938977,35.147116],[126.938998,35.14714],[126.939031,35.14712],[126.938921,35.147001],[126.938813,35.14707]]]]}},{"type":"Feature","id":"0000194361741831423400000000","properties":{"id":"0000194361741831423400000000","pnu":"1221011100101990001","purpose":"기타"},"geometry":{"type":"MultiPolygon","coordinates":[[[[126.938947,35.147432],[126.93897,35.147394],[126.938928,35.147367],[126.938896,35.147405],[126.938947,35.147432]]]]}},{"type":"Feature","id":"0000194364381831282600000000","properties":{"id":"0000194364381831282600000000","pnu":"1221011100107020015","purpose":"기타"},"geometry":{"type":"MultiPolygon","coordinates":[[[[126.938943,35.147312],[126.938991,35.147303],[126.938986,35.147236],[126.938937,35.147239],[126.938943,35.147312]]]]}},{"type":"Feature","id":"1951193833981831515200000000","properties":{"id":"1951193833981831515200000000","pnu":"1221011100106910032","purpose":"단독주택","floors":1,"structure":"일반목구조"},"geometry":{"type":"MultiPolygon","coordinates":[[[[126.933154,35.147513],[126.933164,35.147448],[126.933133,35.147445],[126.933121,35.147508],[126.933154,35.147513]]]]}},{"type":"Feature","id":"1955193456331830121100000000","properties":{"id":"1955193456331830121100000000","pnu":"1221011100105200004","purpose":"단독주택","floors":1,"structure":"일반목구조"},"geometry":{"type":"MultiPolygon","coordinates":[[[[126.928966,35.146288],[126.92908,35.146229],[126.92903,35.146153],[126.928921,35.146211],[126.928966,35.146288]]]]}},{"type":"Feature","id":"1956194289571831166700000000","properties":{"id":"1956194289571831166700000000","pnu":"1221011100101740002","purpose":"단독주택"},"geometry":{"type":"MultiPolygon","coordinates":[[[[126.938179,35.147206],[126.938197,35.147151],[126.93811,35.14713],[126.938086,35.147183],[126.938179,35.147206]]]]}},{"type":"Feature","id":"1956194300291831199400000000","properties":{"id":"1956194300291831199400000000","pnu":"1221011100101740002","purpose":"기타"},"geometry":{"type":"MultiPolygon","coordinates":[[[[126.93822,35.147179],[126.938206,35.147244],[126.938281,35.147225],[126.938321,35.147148],[126.938287,35.147142],[126.938269,35.147189],[126.93822,35.147179]]]]}},{"type":"Feature","id":"1960193645111831116800000000","properties":{"id":"1960193645111831116800000000","pnu":"1221011100104850000","year":1960,"purpose":"단독주택"},"geometry":{"type":"MultiPolygon","coordinates":[[[[126.931037,35.14714],[126.931111,35.14713],[126.931104,35.147097],[126.93103,35.147108],[126.931037,35.14714]]]]}},{"type":"Feature","id":"1960193647821831038400000000","properties":{"id":"1960193647821831038400000000","pnu":"1221011100104850000","year":1960,"purpose":"단독주택"},"geometry":{"type":"MultiPolygon","coordinates":[[[[126.931074,35.147087],[126.93112,35.147089],[126.931119,35.147056],[126.931132,35.147054],[126.931137,35.147016],[126.931072,35.147012],[126.931074,35.147087]]]]}},{"type":"Feature","id":"1960193716531831533500000000","properties":{"id":"1960193716531831533500000000","pnu":"1221011100104610003","purpose":"단독주택"},"geometry":{"type":"MultiPolygon","coordinates":[[[[126.931782,35.147534],[126.931936,35.147511],[126.931926,35.147456],[126.931773,35.147479],[126.931782,35.147534]]]]}},{"type":"Feature","id":"1961193460941831942600000000","properties":{"id":"1961193460941831942600000000","pnu":"1221010800101010009","year":1961,"purpose":"단독주택"},"geometry":{"type":"MultiPolygon","coordinates":[[[[126.929112,35.147855],[126.929003,35.147824],[126.928986,35.147871],[126.929099,35.147899],[126.929112,35.147855]]]]}},{"type":"Feature","id":"1961193464051831873200000000","properties":{"id":"1961193464051831873200000000","pnu":"1221010800101010010","purpose":"단독주택","floors":1,"structure":"일반목구조"},"geometry":{"type":"MultiPolygon","coordinates":[[[[126.929134,35.147844],[126.929148,35.147793],[126.929035,35.147756],[126.929016,35.147805],[126.929134,35.147844]]]]}},{"type":"Feature","id":"1961193482681831810800000000","properties":{"id":"1961193482681831810800000000","pnu":"1221010800101140004","year":1961,"purpose":"단독주택"},"geometry":{"type":"MultiPolygon","coordinates":[[[[126.929256,35.147772],[126.929308,35.147778],[126.929319,35.14771],[126.929265,35.147715],[126.929256,35.147772]]]]}},{"type":"Feature","id":"1961193486901831627300000000","properties":{"id":"1961193486901831627300000000","pnu":"1221010800101010019","purpose":"단독주택"},"geometry":{"type":"MultiPolygon","coordinates":[[[[126.929336,35.147625],[126.929378,35.147566],[126.929316,35.14753],[126.929302,35.147551],[126.929321,35.147564],[126.929297,35.147604],[126.929336,35.147625]]]]}},{"type":"Feature","id":"1961193493851831790500000000","properties":{"id":"1961193493851831790500000000","pnu":"1221010800101140004","year":1961,"purpose":"단독주택"},"geometry":{"type":"MultiPolygon","coordinates":[[[[126.929365,35.14778],[126.929473,35.147749],[126.929434,35.147655],[126.929394,35.147667],[126.92941,35.147704],[126.929342,35.147724],[126.929365,35.14778]]]]}},{"type":"Feature","id":"1961193608011829075900000000","properties":{"id":"1961193608011829075900000000","pnu":"1221011100105020006","purpose":"단독주택","floors":1,"structure":"일반목구조"},"geometry":{"type":"MultiPolygon","coordinates":[[[[126.930651,35.145224],[126.930607,35.145255],[126.930676,35.145331],[126.930725,35.145306],[126.930651,35.145224]]]]}},{"type":"Feature","id":"1961193616101829193700000000","properties":{"id":"1961193616101829193700000000","pnu":"1221011100105020006","purpose":"제1종 근린생활시설","far":54.1,"floors":1,"structure":"일반목구조"},"geometry":{"type":"MultiPolygon","coordinates":[[[[126.930731,35.145316],[126.93069,35.145336],[126.930783,35.145455],[126.930814,35.145448],[126.930814,35.145438],[126.930731,35.145316]]]]}},{"type":"Feature","id":"1962193477181831821900000000","properties":{"id":"1962193477181831821900000000","pnu":"1221010800101010017","purpose":"단독주택","floors":1,"structure":"일반목구조"},"geometry":{"type":"MultiPolygon","coordinates":[[[[126.929182,35.147775],[126.929236,35.147801],[126.929253,35.147771],[126.92926,35.147716],[126.92923,35.147703],[126.929182,35.147775]]]]}},{"type":"Feature","id":"1962193499041829450800000000","properties":{"id":"1962193499041829450800000000","pnu":"1221011100105090001","purpose":"기타"},"geometry":{"type":"MultiPolygon","coordinates":[[[[126.929468,35.145648],[126.929503,35.145609],[126.929468,35.145587],[126.929436,35.14562],[126.929468,35.145648]]]]}},{"type":"Feature","id":"1962193507591829552400000000","properties":{"id":"1962193507591829552400000000","pnu":"1221011100105090001","purpose":"단독주택"},"geometry":{"type":"MultiPolygon","coordinates":[[[[126.929531,35.145772],[126.929647,35.145693],[126.929587,35.145647],[126.929484,35.145717],[126.929531,35.145772]]]]}},{"type":"Feature","id":"1962193515991829246700000000","properties":{"id":"1962193515991829246700000000","pnu":"1221011100105050002","purpose":"단독주택","floors":1,"structure":"일반목구조"},"geometry":{"type":"MultiPolygon","coordinates":[[[[126.929663,35.14535],[126.929576,35.145447],[126.92967,35.145499],[126.929725,35.145449],[126.929663,35.14535]]]]}},{"type":"Feature","id":"1962194210081828263800000000","properties":{"id":"1962194210081828263800000000","pnu":"1221011100201220006","purpose":"제2종 근린생활시설"},"geometry":{"type":"MultiPolygon","coordinates":[[[[126.937193,35.144579],[126.937348,35.144585],[126.937355,35.144523],[126.937195,35.144517],[126.937193,35.144579]]]]}},{"type":"Feature","id":"1962194221071828311600000000","properties":{"id":"1962194221071828311600000000","pnu":"1221011100201220006","purpose":"제2종 근린생활시설"},"geometry":{"type":"MultiPolygon","coordinates":[[[[126.937355,35.144614],[126.937418,35.144621],[126.937429,35.144572],[126.93737,35.144567],[126.937355,35.144614]]]]}},{"type":"Feature","id":"1963193461541831645300000000","properties":{"id":"1963193461541831645300000000","pnu":"1221010800101150003","purpose":"단독주택","floors":1,"structure":"일반목구조"},"geometry":{"type":"MultiPolygon","coordinates":[[[[126.929062,35.147657],[126.92913,35.147623],[126.929051,35.147529],[126.928981,35.147571],[126.929062,35.147657]]]]}},{"type":"Feature","id":"1963193492911829396400000000","properties":{"id":"1963193492911829396400000000","pnu":"1221011100105090019","year":1963,"purpose":"제1종 근린생활시설"},"geometry":{"type":"MultiPolygon","coordinates":[[[[126.929394,35.145629],[126.92947,35.145571],[126.92939,35.145514],[126.929343,35.145537],[126.929394,35.145629]]]]}},{"type":"Feature","id":"1963193506081829413100000000","properties":{"id":"1963193506081829413100000000","pnu":"1221011100105090022","year":1963,"purpose":"단독주택"},"geometry":{"type":"MultiPolygon","coordinates":[[[[126.929575,35.145631],[126.929606,35.145585],[126.929561,35.14556],[126.929566,35.14555],[126.929528,35.145531],[126.929485,35.145588],[126.929575,35.145631]]]]}},{"type":"Feature","id":"1963193511071829325800000000","properties":{"id":"1963193511071829325800000000","pnu":"1221011100105090022","year":1963,"purpose":"단독주택"},"geometry":{"type":"MultiPolygon","coordinates":[[[[126.929538,35.145517],[126.929586,35.14554],[126.929606,35.145521],[126.929639,35.145538],[126.929671,35.145505],[126.929582,35.145459],[126.929538,35.145517]]]]}},{"type":"Feature","id":"1963193519081828989900000000","properties":{"id":"1963193519081828989900000000","pnu":"1221011100105050011","purpose":"제2종 근린생활시설","far":58.69,"floors":1,"structure":"일반목구조"},"geometry":{"type":"MultiPolygon","coordinates":[[[[126.929665,35.145231],[126.929737,35.145195],[126.929709,35.145173],[126.929646,35.145204],[126.929665,35.145231]]]]}},{"type":"Feature","id":"1963193522951829027600000000","properties":{"id":"1963193522951829027600000000","pnu":"1221011100105050011","purpose":"제2종 근린생활시설","far":58.69,"floors":1,"structure":"일반목구조"},"geometry":{"type":"MultiPolygon","coordinates":[[[[126.929701,35.145278],[126.929793,35.145237],[126.929766,35.145191],[126.929668,35.145237],[126.929701,35.145278]]]]}},{"type":"Feature","id":"1963193528571828781900000000","properties":{"id":"1963193528571828781900000000","pnu":"1221011100105060003","year":1963,"purpose":"단독주택"},"geometry":{"type":"MultiPolygon","coordinates":[[[[126.929831,35.145044],[126.929842,35.144996],[126.929757,35.144982],[126.929746,35.145033],[126.929831,35.145044]]]]}},{"type":"Feature","id":"1963193531431828725700000000","properties":{"id":"1963193531431828725700000000","pnu":"1221011100105060003","year":1963,"purpose":"단독주택"},"geometry":{"type":"MultiPolygon","coordinates":[[[[126.929825,35.144967],[126.929826,35.144967],[126.929827,35.144967],[126.929828,35.144967],[126.929829,35.144966],[126.929829,35.144966],[126.92983,35.144965],[126.92983,35.144964],[126.929831,35.144964],[126.929831,35.144963],[126.929831,35.144962],[126.92983,35.144961],[126.92983,35.144961],[126.929829,35.14496],[126.929829,35.144959],[126.929828,35.144959],[126.929827,35.144959],[126.929826,35.144959],[126.929825,35.144958],[126.929824,35.144959],[126.929823,35.144959],[126.929822,35.144959],[126.929822,35.144959],[126.929821,35.14496],[126.92982,35.144961],[126.92982,35.144961],[126.92982,35.144962],[126.92982,35.144963],[126.92982,35.144964],[126.92982,35.144964],[126.92982,35.144965],[126.929821,35.144966],[126.929822,35.144966],[126.929822,35.144967],[126.929823,35.144967],[126.929824,35.144967],[126.929825,35.144967]]]]}},{"type":"Feature","id":"1964193652231831342600000000","properties":{"id":"1964193652231831342600000000","pnu":"1221011100104650021","year":1964,"purpose":"단독주택"},"geometry":{"type":"MultiPolygon","coordinates":[[[[126.931131,35.147365],[126.931179,35.14736],[126.931165,35.14728],[126.93112,35.147284],[126.931131,35.147365]]]]}},{"type":"Feature","id":"1964193778131831525000000000","properties":{"id":"1964193778131831525000000000","pnu":"1221011100104620009","purpose":"단독주택","floors":1,"structure":"벽돌구조"},"geometry":{"type":"MultiPolygon","coordinates":[[[[126.932509,35.147571],[126.932608,35.147483],[126.932516,35.147403],[126.93247,35.147442],[126.932526,35.147481],[126.932461,35.147537],[126.932509,35.147571]]]]}},{"type":"Feature","id":"1964193791961831572500000000","properties":{"id":"1964193791961831572500000000","pnu":"1221011100106940013","purpose":"단독주택","floors":1,"structure":"일반목구조"},"geometry":{"type":"MultiPolygon","coordinates":[[[[126.932735,35.147551],[126.932701,35.147482],[126.932625,35.147512],[126.932669,35.147579],[126.932735,35.147551]]]]}},{"type":"Feature","id":"1964194354221831289400000000","properties":{"id":"1964194354221831289400000000","pnu":"1221011100101990004","purpose":"단독주택"},"geometry":{"type":"MultiPolygon","coordinates":[[[[126.938883,35.147305],[126.938887,35.147257],[126.938823,35.147252],[126.938816,35.147301],[126.938883,35.147305]]]]}},{"type":"Feature","id":"1965193490471831710700000000","properties":{"id":"1965193490471831710700000000","pnu":"1221010800101140005","purpose":"단독주택"},"geometry":{"type":"MultiPolygon","coordinates":[[[[126.929368,35.147691],[126.929411,35.14764],[126.929377,35.147618],[126.929336,35.147663],[126.929368,35.147691]]]]}},{"type":"Feature","id":"1965193507651828172700000000","properties":{"id":"1965193507651828172700000000","pnu":"1221011800104450001","purpose":"단독주택","floors":1,"structure":"블록구조"},"geometry":{"type":"MultiPolygon","coordinates":[[[[126.929618,35.144427],[126.929498,35.144471],[126.929509,35.1445],[126.929628,35.14446],[126.929618,35.144427]]]]}},{"type":"Feature","id":"1965193695301831324300000000","properties":{"id":"1965193695301831324300000000","pnu":"1221011100104640005","year":1965,"purpose":"단독주택"},"geometry":{"type":"MultiPolygon","coordinates":[[[[126.931593,35.147331],[126.931651,35.14733],[126.93165,35.147281],[126.931592,35.147282],[126.931593,35.147331]]]]}},{"type":"Feature","id":"1965193697731831417900000000","properties":{"id":"1965193697731831417900000000","pnu":"1221011100104640005","year":1965,"purpose":"단독주택"},"geometry":{"type":"MultiPolygon","coordinates":[[[[126.931583,35.147424],[126.931713,35.147423],[126.931713,35.147358],[126.931583,35.147358],[126.931583,35.147424]]]]}},{"type":"Feature","id":"1966194069001832077200000000","properties":{"id":"1966194069001832077200000000","pnu":"1221011100102320030","year":1966,"purpose":"단독주택"},"geometry":{"type":"MultiPolygon","coordinates":[[[[126.935636,35.147942],[126.935652,35.14805],[126.935811,35.148026],[126.935803,35.147948],[126.935784,35.147949],[126.935778,35.147929],[126.935636,35.147942]]]]}},{"type":"Feature","id":"1966194184871831391600000000","properties":{"id":"1966194184871831391600000000","pnu":"1221011100101950003","year":1966,"purpose":"단독주택"},"geometry":{"type":"MultiPolygon","coordinates":[[[[126.93692,35.147353],[126.937012,35.147424],[126.937077,35.147411],[126.937002,35.147345],[126.937013,35.147331],[126.936981,35.147306],[126.93692,35.147353]]]]}},{"type":"Feature","id":"1966194195201831354800000000","properties":{"id":"1966194195201831354800000000","pnu":"1221011100101950003","year":1966,"purpose":"단독주택"},"geometry":{"type":"MultiPolygon","coordinates":[[[[126.937048,35.147362],[126.937113,35.147388],[126.937165,35.147317],[126.937104,35.147282],[126.937048,35.147362]]]]}},{"type":"Feature","id":"1966194239061831069700000000","properties":{"id":"1966194239061831069700000000","pnu":"1221011100101740014","purpose":"단독주택","floors":1,"structure":"벽돌구조"},"geometry":{"type":"MultiPolygon","coordinates":[[[[126.93761,35.147134],[126.937637,35.147029],[126.937567,35.147026],[126.937555,35.147093],[126.937543,35.147092],[126.937539,35.147127],[126.93761,35.147134]]]]}},{"type":"Feature","id":"1967193473791831941500000000","properties":{"id":"1967193473791831941500000000","pnu":"1221010800101010037","purpose":"단독주택","floors":1,"structure":"블록구조"},"geometry":{"type":"MultiPolygon","coordinates":[[[[126.929248,35.147886],[126.929239,35.147837],[126.929191,35.147843],[126.929187,35.14782],[126.929139,35.147826],[126.929153,35.147898],[126.929248,35.147886]]]]}},{"type":"Feature","id":"1967193495291828399100000000","properties":{"id":"1967193495291828399100000000","pnu":"1221011100105070028","purpose":"단독주택","floors":1,"structure":"일반목구조"},"geometry":{"type":"MultiPolygon","coordinates":[[[[126.929447,35.144721],[126.929493,35.144685],[126.929404,35.144618],[126.929365,35.144645],[126.929447,35.144721]]]]}},{"type":"Feature","id":"1967193649961831839700000000","properties":{"id":"1967193649961831839700000000","pnu":"1221011100104070008","purpose":"단독주택","floors":1,"structure":"일반목구조"},"geometry":{"type":"MultiPolygon","coordinates":[[[[126.931057,35.147796],[126.93119,35.147793],[126.931186,35.147743],[126.931058,35.14775],[126.931057,35.147796]]]]}},{"type":"Feature","id":"1967193651071831923600000000","properties":{"id":"1967193651071831923600000000","pnu":"1221011100104070007","purpose":"단독주택","floors":1,"structure":"일반목구조"},"geometry":{"type":"MultiPolygon","coordinates":[[[[126.931074,35.147877],[126.931203,35.147864],[126.931198,35.147817],[126.93107,35.147826],[126.931074,35.147877]]]]}},{"type":"Feature","id":"1967193652671832043800000000","properties":{"id":"1967193652671832043800000000","pnu":"1221011100104070006","year":1967,"purpose":"단독주택"},"geometry":{"type":"MultiPolygon","coordinates":[[[[126.931095,35.147982],[126.931215,35.147974],[126.93121,35.147927],[126.931092,35.147935],[126.931095,35.147982]]]]}},{"type":"Feature","id":"1967193739801831272800000000","properties":{"id":"1967193739801831272800000000","pnu":"1221011100104610008","purpose":"제2종 근린생활시설","floors":1,"structure":"벽돌구조"},"geometry":{"type":"MultiPolygon","coordinates":[[[[126.932142,35.147366],[126.932172,35.147353],[126.932104,35.147176],[126.932039,35.147181],[126.932142,35.147366]]]]}},{"type":"Feature","id":"1967194036111832089600000000","properties":{"id":"1967194036111832089600000000","pnu":"1221011100102320042","purpose":"단독주택","floors":1,"structure":"벽돌구조"},"geometry":{"type":"MultiPolygon","coordinates":[[[[126.935425,35.148017],[126.935414,35.147962],[126.935296,35.147979],[126.935308,35.148034],[126.935425,35.148017]]]]}},{"type":"Feature","id":"1967194096641832024300000000","properties":{"id":"1967194096641832024300000000","pnu":"1221011100102320021","purpose":"단독주택","floors":1,"structure":"블록구조"},"geometry":{"type":"MultiPolygon","coordinates":[[[[126.936011,35.14799],[126.936066,35.147979],[126.936038,35.147891],[126.935985,35.147897],[126.936011,35.14799]]]]}},{"type":"Feature","id":"1967194254421831592500000000","properties":{"id":"1967194254421831592500000000","pnu":"1221011100101960001","year":1967,"purpose":"단독주택"},"geometry":{"type":"MultiPolygon","coordinates":[[[[126.937785,35.147577],[126.937797,35.147561],[126.93773,35.147524],[126.937719,35.147545],[126.937785,35.147577]]]]}},{"type":"Feature","id":"1967194260421831545900000000","properties":{"id":"1967194260421831545900000000","pnu":"1221011100101960001","year":1967,"purpose":"단독주택"},"geometry":{"type":"MultiPolygon","coordinates":[[[[126.937827,35.147568],[126.937889,35.147481],[126.937824,35.14745],[126.937754,35.147537],[126.937827,35.147568]]]]}},{"type":"Feature","id":"1968193490641828443600000000","properties":{"id":"1968193490641828443600000000","pnu":"1221011100105070005","year":1968,"purpose":"기타"},"geometry":{"type":"MultiPolygon","coordinates":[[[[126.929358,35.144655],[126.929316,35.144693],[126.929393,35.144759],[126.929443,35.144727],[126.929358,35.144655]]]]}},{"type":"Feature","id":"1968193780971831793600000000","properties":{"id":"1968193780971831793600000000","pnu":"1221011100106940011","purpose":"단독주택"},"geometry":{"type":"MultiPolygon","coordinates":[[[[126.932557,35.147779],[126.932632,35.147726],[126.932584,35.147689],[126.932552,35.14771],[126.932526,35.147693],[126.932492,35.14772],[126.932557,35.147779]]]]}},{"type":"Feature","id":"1968193790981831462000000000","properties":{"id":"1968193790981831462000000000","pnu":"1221011100104600001","year":1968,"purpose":"단독주택"},"geometry":{"type":"MultiPolygon","coordinates":[[[[126.932613,35.147469],[126.932742,35.147448],[126.932735,35.147394],[126.932598,35.147413],[126.932613,35.147469]]]]}},{"type":"Feature","id":"1968194040451831979000000000","properties":{"id":"1968194040451831979000000000","pnu":"1221011100106910018","year":1968,"purpose":"단독주택","floors":1,"structure":"벽돌구조"},"geometry":{"type":"MultiPolygon","coordinates":[[[[126.935481,35.147936],[126.935476,35.147884],[126.935421,35.147884],[126.935417,35.147839],[126.935358,35.147843],[126.935356,35.147944],[126.935481,35.147936]]]]}},{"type":"Feature","id":"1968194104841832020000000000","properties":{"id":"1968194104841832020000000000","pnu":"1221011100102320020","purpose":"단독주택","floors":1,"structure":"블록구조"},"geometry":{"type":"MultiPolygon","coordinates":[[[[126.936077,35.1479],[126.936092,35.147978],[126.936152,35.147972],[126.936139,35.147894],[126.936077,35.1479]]]]}},{"type":"Feature","id":"1968194190681831540900000000","properties":{"id":"1968194190681831540900000000","pnu":"1221011100101940007","year":1968,"purpose":"단독주택","floors":1,"structure":"벽돌구조"},"geometry":{"type":"MultiPolygon","coordinates":[[[[126.937123,35.147517],[126.937085,35.147453],[126.937043,35.147465],[126.937047,35.147475],[126.936989,35.147506],[126.937024,35.147552],[126.937123,35.147517]]]]}},{"type":"Feature","id":"1968194207571831407400000000","properties":{"id":"1968194207571831407400000000","pnu":"1221011100101960010","year":1968,"purpose":"단독주택","floors":1,"structure":"벽돌구조"},"geometry":{"type":"MultiPolygon","coordinates":[[[[126.937169,35.147399],[126.937291,35.147435],[126.937317,35.147376],[126.937248,35.147354],[126.937253,35.147342],[126.937208,35.147329],[126.937169,35.147399]]]]}},{"type":"Feature","id":"1968194216861831253800000000","properties":{"id":"1968194216861831253800000000","pnu":"1221011100101960012","year":1968,"purpose":"단독주택","floors":1,"structure":"벽돌구조"},"geometry":{"type":"MultiPolygon","coordinates":[[[[126.937381,35.147298],[126.937417,35.147249],[126.937351,35.14722],[126.937358,35.147208],[126.937321,35.147189],[126.937274,35.147249],[126.937381,35.147298]]]]}},{"type":"Feature","id":"1968194222741831444500000000","properties":{"id":"1968194222741831444500000000","pnu":"1221011100101960009","year":1968,"purpose":"단독주택"},"geometry":{"type":"MultiPolygon","coordinates":[[[[126.937463,35.147456],[126.93748,35.147403],[126.937358,35.147378],[126.937339,35.147434],[126.937463,35.147456]]]]}},{"type":"Feature","id":"1968194238221831388000000000","properties":{"id":"1968194238221831388000000000","pnu":"1221011100101960007","purpose":"단독주택"},"geometry":{"type":"MultiPolygon","coordinates":[[[[126.93752,35.147385],[126.937627,35.14741],[126.93764,35.147357],[126.937591,35.147344],[126.937591,35.147333],[126.937543,35.147318],[126.93752,35.147385]]]]}},{"type":"Feature","id":"1968194249801831497700000000","properties":{"id":"1968194249801831497700000000","pnu":"1221011100101960006","purpose":"단독주택","floors":2,"structure":"철근콘크리트구조"},"geometry":{"type":"MultiPolygon","coordinates":[[[[126.937621,35.147498],[126.937689,35.147534],[126.937725,35.14753],[126.937793,35.147426],[126.937723,35.147399],[126.93771,35.147413],[126.937683,35.147403],[126.937621,35.147498]]]]}},{"type":"Feature","id":"1968194272431831563700000000","properties":{"id":"1968194272431831563700000000","pnu":"1221011100101970001","year":1968,"purpose":"단독주택","floors":1,"structure":"일반목구조"},"geometry":{"type":"MultiPolygon","coordinates":[[[[126.937949,35.147585],[126.938017,35.147492],[126.937968,35.147463],[126.937889,35.14756],[126.937949,35.147585]]]]}},{"type":"Feature","id":"1969194200281831491100000000","properties":{"id":"1969194200281831491100000000","pnu":"1221011100101940008","year":1969,"purpose":"단독주택","floors":1,"structure":"벽돌구조"},"geometry":{"type":"MultiPolygon","coordinates":[[[[126.937241,35.147461],[126.937207,35.147413],[126.937145,35.14744],[126.937132,35.147425],[126.937089,35.147445],[126.93713,35.147512],[126.937241,35.147461]]]]}},{"type":"Feature","id":"1969194212601831335600000000","properties":{"id":"1969194212601831335600000000","pnu":"1221011100101960011","year":1969,"purpose":"단독주택","floors":1,"structure":"일반목구조"},"geometry":{"type":"MultiPolygon","coordinates":[[[[126.937339,35.147373],[126.937375,35.147314],[126.937254,35.147269],[126.937219,35.147319],[126.937339,35.147373]]]]}},{"type":"Feature","id":"1969194219201831528500000000","properties":{"id":"1969194219201831528500000000","pnu":"1221011100101940004","year":1969,"purpose":"단독주택","floors":2,"structure":"벽돌구조"},"geometry":{"type":"MultiPolygon","coordinates":[[[[126.937423,35.147549],[126.93745,35.147462],[126.937318,35.147442],[126.937287,35.147518],[126.937423,35.147549]]]]}},{"type":"Feature","id":"1969194251871831653100000000","properties":{"id":"1969194251871831653100000000","pnu":"1221011100101940002","year":1969,"purpose":"단독주택"},"geometry":{"type":"MultiPolygon","coordinates":[[[[126.937635,35.147621],[126.937814,35.14766],[126.93783,35.14761],[126.937664,35.147542],[126.937635,35.147621]]]]}},{"type":"Feature","id":"1969194271821831108300000000","properties":{"id":"1969194271821831108300000000","pnu":"1221011100101740000","year":1969,"purpose":"단독주택","floors":1,"structure":"벽돌구조"},"geometry":{"type":"MultiPolygon","coordinates":[[[[126.937897,35.147157],[126.937979,35.147172],[126.93799,35.147134],[126.937982,35.147134],[126.937992,35.147067],[126.937927,35.147054],[126.937897,35.147157]]]]}},{"type":"Feature","id":"1969194278421831454700000000","properties":{"id":"1969194278421831454700000000","pnu":"1221011100101960002","year":1969,"purpose":"단독주택","floors":1,"structure":"벽돌구조"},"geometry":{"type":"MultiPolygon","coordinates":[[[[126.937942,35.147428],[126.938017,35.147477],[126.93809,35.147413],[126.938049,35.147378],[126.937988,35.147418],[126.93797,35.147407],[126.937942,35.147428]]]]}},{"type":"Feature","id":"1970193574281828445100000000","properties":{"id":"1970193574281828445100000000","pnu":"1221011800104190008","purpose":"단독주택","floors":2,"structure":"벽돌구조"},"geometry":{"type":"MultiPolygon","coordinates":[[[[126.930293,35.144675],[126.930258,35.14469],[126.930297,35.144747],[126.930334,35.144726],[126.930293,35.144675]]]]}},{"type":"Feature","id":"1970193626021831282600000000","properties":{"id":"1970193626021831282600000000","pnu":"1221011100104650012","year":1970,"purpose":"단독주택","floors":1,"structure":"일반목구조"},"geometry":{"type":"MultiPolygon","coordinates":[[[[126.930918,35.147306],[126.930922,35.147222],[126.930864,35.147224],[126.930863,35.147238],[126.930795,35.147241],[126.930794,35.147306],[126.930918,35.147306]]]]}},{"type":"Feature","id":"1970193626151831379900000000","properties":{"id":"1970193626151831379900000000","pnu":"1221011100104650013","purpose":"단독주택","floors":1,"structure":"일반목구조"},"geometry":{"type":"MultiPolygon","coordinates":[[[[126.93092,35.147388],[126.930924,35.147331],[126.930855,35.147331],[126.930853,35.147316],[126.930808,35.147316],[126.93081,35.147388],[126.93092,35.147388]]]]}},{"type":"Feature","id":"1970193626311831476000000000","properties":{"id":"1970193626311831476000000000","pnu":"1221011100104650014","year":1970,"purpose":"단독주택","floors":1,"structure":"일반목구조"},"geometry":{"type":"MultiPolygon","coordinates":[[[[126.930918,35.147477],[126.930924,35.147415],[126.930854,35.147417],[126.930852,35.1474],[126.930814,35.147399],[126.930813,35.147477],[126.930918,35.147477]]]]}},{"type":"Feature","id":"1970193626881831578900000000","properties":{"id":"1970193626881831578900000000","pnu":"1221011100104650015","year":1970,"purpose":"단독주택","floors":1,"structure":"일반목구조"},"geometry":{"type":"MultiPolygon","coordinates":[[[[126.930929,35.147569],[126.93093,35.147509],[126.930855,35.147507],[126.930852,35.147491],[126.930818,35.147491],[126.930817,35.147569],[126.930929,35.147569]]]]}},{"type":"Feature","id":"1970193637091832068000000000","properties":{"id":"1970193637091832068000000000","pnu":"1221011100104070014","year":1970,"purpose":"단독주택","floors":2,"structure":"벽돌구조"},"geometry":{"type":"MultiPolygon","coordinates":[[[[126.93104,35.148009],[126.931042,35.147937],[126.930921,35.147945],[126.930923,35.148014],[126.93104,35.148009]]]]}},{"type":"Feature","id":"1970193842611831533400000000","properties":{"id":"1970193842611831533400000000","pnu":"1221011100106910031","year":1970,"purpose":"단독주택","floors":1,"structure":"벽돌구조"},"geometry":{"type":"MultiPolygon","coordinates":[[[[126.93329,35.147537],[126.933308,35.147484],[126.933184,35.147453],[126.933171,35.14751],[126.93329,35.147537]]]]}},{"type":"Feature","id":"1970193846871831450500000000","properties":{"id":"1970193846871831450500000000","pnu":"1221011100104580005","year":1970,"purpose":"단독주택","floors":1,"structure":"일반목구조"},"geometry":{"type":"MultiPolygon","coordinates":[[[[126.933337,35.147467],[126.933356,35.147413],[126.933289,35.147399],[126.933292,35.147379],[126.933243,35.147368],[126.933219,35.14744],[126.933337,35.147467]]]]}},{"type":"Feature","id":"1970193858981831512500000000","properties":{"id":"1970193858981831512500000000","pnu":"1221011100104580003","year":1970,"purpose":"단독주택","floors":1,"structure":"일반목구조"},"geometry":{"type":"MultiPolygon","coordinates":[[[[126.933462,35.147522],[126.933489,35.147452],[126.933444,35.147441],[126.933442,35.147452],[126.933364,35.147438],[126.933342,35.147493],[126.933462,35.147522]]]]}},{"type":"Feature","id":"1970193992651832012900000000","properties":{"id":"1970193992651832012900000000","pnu":"1221011100102320051","year":1970,"purpose":"단독주택"},"geometry":{"type":"MultiPolygon","coordinates":[[[[126.93486,35.147979],[126.934924,35.147977],[126.934924,35.147943],[126.934909,35.147943],[126.934902,35.147874],[126.934851,35.147874],[126.93486,35.147979]]]]}},{"type":"Feature","id":"1970194009961830972400000000","properties":{"id":"1970194009961830972400000000","pnu":"1221011100101850009","purpose":"단독주택","floors":1,"structure":"벽돌구조"},"geometry":{"type":"MultiPolygon","coordinates":[[[[126.93506,35.14702],[126.935106,35.146976],[126.935093,35.146962],[126.935043,35.147003],[126.93506,35.14702]]]]}},{"type":"Feature","id":"1970194025161830998400000000","properties":{"id":"1970194025161830998400000000","pnu":"1221011100101850011","purpose":"단독주택"},"geometry":{"type":"MultiPolygon","coordinates":[[[[126.935235,35.147078],[126.935272,35.147042],[126.935265,35.147036],[126.935304,35.146972],[126.935259,35.146949],[126.935173,35.147041],[126.935235,35.147078]]]]}},{"type":"Feature","id":"1970194057491830769000000000","properties":{"id":"1970194057491830769000000000","pnu":"1221011100101780044","year":1970,"purpose":"단독주택","floors":1,"structure":"일반목구조"},"geometry":{"type":"MultiPolygon","coordinates":[[[[126.935635,35.146843],[126.935651,35.146771],[126.935621,35.146768],[126.935615,35.146786],[126.935552,35.14678],[126.935535,35.146832],[126.935635,35.146843]]]]}},{"type":"Feature","id":"1970194063731830891700000000","properties":{"id":"1970194063731830891700000000","pnu":"1221011100101780003","year":1970,"purpose":"단독주택","floors":1,"structure":"일반목구조"},"geometry":{"type":"MultiPolygon","coordinates":[[[[126.935599,35.146941],[126.935713,35.146952],[126.935723,35.146887],[126.935678,35.146882],[126.935673,35.146897],[126.935609,35.146892],[126.935599,35.146941]]]]}},{"type":"Feature","id":"1970194066621830775000000000","properties":{"id":"1970194066621830775000000000","pnu":"1221011100101780043","year":1970,"purpose":"단독주택"},"geometry":{"type":"MultiPolygon","coordinates":[[[[126.935733,35.146881],[126.935741,35.146842],[126.935731,35.146842],[126.935737,35.146748],[126.935671,35.146744],[126.935646,35.146866],[126.935733,35.146881]]]]}},{"type":"Feature","id":"1970194229351831068600000000","properties":{"id":"1970194229351831068600000000","pnu":"1221011100101740015","year":1970,"purpose":"단독주택","floors":1,"structure":"벽돌구조"},"geometry":{"type":"MultiPolygon","coordinates":[[[[126.937496,35.14713],[126.937542,35.147083],[126.937474,35.147029],[126.93742,35.147074],[126.937496,35.14713]]]]}},{"type":"Feature","id":"1970194245871831729000000000","properties":{"id":"1970194245871831729000000000","pnu":"1221011100101940011","year":1970,"purpose":"단독주택","floors":1,"structure":"벽돌구조"},"geometry":{"type":"MultiPolygon","coordinates":[[[[126.937609,35.147696],[126.937694,35.147714],[126.937719,35.147656],[126.937631,35.147634],[126.937609,35.147696]]]]}},{"type":"Feature","id":"1970194247961831044100000000","properties":{"id":"1970194247961831044100000000","pnu":"1221011100101740013","year":1970,"purpose":"단독주택","floors":1,"structure":"벽돌구조"},"geometry":{"type":"MultiPolygon","coordinates":[[[[126.937697,35.147117],[126.937742,35.14702],[126.937659,35.147001],[126.937644,35.147036],[126.937658,35.147039],[126.937645,35.14711],[126.937697,35.147117]]]]}},{"type":"Feature","id":"1970194254031831194200000000","properties":{"id":"1970194254031831194200000000","pnu":"1221011100101740011","year":1970,"purpose":"단독주택","floors":1,"structure":"벽돌구조"},"geometry":{"type":"MultiPolygon","coordinates":[[[[126.937782,35.147246],[126.937801,35.147139],[126.937722,35.147136],[126.937717,35.147173],[126.937726,35.147173],[126.937719,35.147209],[126.937707,35.147208],[126.937705,35.147248],[126.937782,35.147246]]]]}},{"type":"Feature","id":"1970194256051831059500000000","properties":{"id":"1970194256051831059500000000","pnu":"1221011100101740009","year":1970,"purpose":"단독주택","floors":1,"structure":"벽돌구조"},"geometry":{"type":"MultiPolygon","coordinates":[[[[126.937795,35.147119],[126.937819,35.147035],[126.937758,35.147022],[126.93773,35.147106],[126.937795,35.147119]]]]}},{"type":"Feature","id":"1970194262061831170700000000","properties":{"id":"1970194262061831170700000000","pnu":"1221011100101740005","year":1970,"purpose":"단독주택","floors":1,"structure":"벽돌구조"},"geometry":{"type":"MultiPolygon","coordinates":[[[[126.937858,35.147217],[126.937888,35.14714],[126.937812,35.147127],[126.937805,35.147161],[126.937813,35.147163],[126.937803,35.147211],[126.937858,35.147217]]]]}},{"type":"Feature","id":"1970194298981830694900000000","properties":{"id":"1970194298981830694900000000","pnu":"1221011100101720012","purpose":"기타","structure":"블록구조"},"geometry":{"type":"MultiPolygon","coordinates":[[[[126.938247,35.146747],[126.938248,35.146747],[126.938249,35.146747],[126.938249,35.146747],[126.93825,35.146746],[126.938251,35.146746],[126.938251,35.146745],[126.938252,35.146744],[126.938252,35.146743],[126.938252,35.146743],[126.938252,35.146742],[126.938252,35.146741],[126.938251,35.14674],[126.938251,35.14674],[126.93825,35.146739],[126.938249,35.146739],[126.938249,35.146738],[126.938248,35.146738],[126.938247,35.146738],[126.938246,35.146738],[126.938245,35.146738],[126.938244,35.146739],[126.938243,35.146739],[126.938242,35.14674],[126.938242,35.14674],[126.938241,35.146741],[126.938241,35.146742],[126.938241,35.146743],[126.938241,35.146743],[126.938241,35.146744],[126.938242,35.146745],[126.938242,35.146746],[126.938243,35.146746],[126.938244,35.146747],[126.938245,35.146747],[126.938246,35.146747],[126.938247,35.146747]]]]}},{"type":"Feature","id":"1970194306221830826800000000","properties":{"id":"1970194306221830826800000000","pnu":"1221011100101720017","purpose":"단독주택","floors":1,"structure":"벽돌구조"},"geometry":{"type":"MultiPolygon","coordinates":[[[[126.938272,35.146879],[126.938312,35.146905],[126.938354,35.146865],[126.938372,35.146871],[126.938386,35.146847],[126.938321,35.146822],[126.938272,35.146879]]]]}},{"type":"Feature","id":"1970194306971830711500000000","properties":{"id":"1970194306971830711500000000","pnu":"1221011100101720012","purpose":"단독주택","floors":1,"structure":"벽돌구조"},"geometry":{"type":"MultiPolygon","coordinates":[[[[126.938334,35.146812],[126.938393,35.146715],[126.938349,35.146699],[126.938306,35.146763],[126.938287,35.146756],[126.938267,35.146784],[126.938334,35.146812]]]]}},{"type":"Feature","id":"1970194317161830915200000000","properties":{"id":"1970194317161830915200000000","pnu":"1221011100101710028","year":1970,"purpose":"단독주택"},"geometry":{"type":"MultiPolygon","coordinates":[[[[126.938434,35.147004],[126.938513,35.146955],[126.938441,35.146878],[126.938386,35.146914],[126.938421,35.146956],[126.938402,35.146968],[126.938434,35.147004]]]]}},{"type":"Feature","id":"1970194321641830615500000000","properties":{"id":"1970194321641830615500000000","pnu":"1221011100101720011","year":1970,"purpose":"단독주택","floors":1,"structure":"벽돌구조"},"geometry":{"type":"MultiPolygon","coordinates":[[[[126.93854,35.146751],[126.938572,35.146692],[126.938529,35.146676],[126.938561,35.146617],[126.938474,35.146585],[126.93841,35.146705],[126.93854,35.146751]]]]}},{"type":"Feature","id":"1970194333161830810500000000","properties":{"id":"1970194333161830810500000000","pnu":"1221011100101710026","year":1970,"purpose":"단독주택","floors":1,"structure":"일반목구조"},"geometry":{"type":"MultiPolygon","coordinates":[[[[126.938592,35.146898],[126.938687,35.146837],[126.938651,35.146795],[126.938555,35.146859],[126.938592,35.146898]]]]}},{"type":"Feature","id":"1970194348371831147300000000","properties":{"id":"1970194348371831147300000000","pnu":"1221011100101650002","year":1970,"purpose":"단독주택","floors":1,"structure":"일반목구조"},"geometry":{"type":"MultiPolygon","coordinates":[[[[126.938807,35.147205],[126.938853,35.147116],[126.938758,35.147097],[126.938737,35.147142],[126.938754,35.147147],[126.938735,35.147198],[126.938807,35.147205]]]]}},{"type":"Feature","id":"1971193685961831196300000000","properties":{"id":"1971193685961831196300000000","pnu":"1221011100104650003","year":1971,"purpose":"제1종 근린생활시설"},"geometry":{"type":"MultiPolygon","coordinates":[[[[126.931568,35.147221],[126.931557,35.147159],[126.931476,35.147159],[126.931475,35.147221],[126.931568,35.147221]]]]}},{"type":"Feature","id":"1971193686301831289900000000","properties":{"id":"1971193686301831289900000000","pnu":"1221011100104650017","purpose":"단독주택"},"geometry":{"type":"MultiPolygon","coordinates":[[[[126.931481,35.147295],[126.931563,35.147299],[126.931564,35.147253],[126.931481,35.147253],[126.931481,35.147295]]]]}},{"type":"Feature","id":"1971193708131831029600000000","properties":{"id":"1971193708131831029600000000","pnu":"1221011100104880000","year":1971,"purpose":"제1종 근린생활시설","far":58.31,"floors":1,"structure":"벽돌구조"},"geometry":{"type":"MultiPolygon","coordinates":[[[[126.931705,35.147105],[126.931841,35.147102],[126.931856,35.14709],[126.931765,35.146953],[126.9317,35.146968],[126.931705,35.147105]]]]}},{"type":"Feature","id":"1971194018291830929100000000","properties":{"id":"1971194018291830929100000000","pnu":"1221011100101850012","year":1971,"purpose":"단독주택","floors":1,"structure":"벽돌구조"},"geometry":{"type":"MultiPolygon","coordinates":[[[[126.93511,35.14697],[126.935175,35.147007],[126.935197,35.146981],[126.935183,35.14697],[126.935222,35.14693],[126.935167,35.146897],[126.93511,35.14697]]]]}},{"type":"Feature","id":"1971194023221830863400000000","properties":{"id":"1971194023221830863400000000","pnu":"1221011100101850012","purpose":"기타","structure":"블록구조"},"geometry":{"type":"MultiPolygon","coordinates":[[[[126.935246,35.146932],[126.935271,35.146902],[126.935194,35.146854],[126.935169,35.146884],[126.935246,35.146932]]]]}},{"type":"Feature","id":"1971194060711830605300000000","properties":{"id":"1971194060711830605300000000","pnu":"1221011100101790002","year":1971,"purpose":"단독주택","floors":1,"structure":"벽돌구조"},"geometry":{"type":"MultiPolygon","coordinates":[[[[126.935658,35.146616],[126.935581,35.146629],[126.935584,35.146662],[126.935599,35.146662],[126.935619,35.146708],[126.935678,35.146697],[126.935658,35.146616]]]]}},{"type":"Feature","id":"1971194231331831512700000000","properties":{"id":"1971194231331831512700000000","pnu":"1221011100101940003","year":1971,"purpose":"단독주택"},"geometry":{"type":"MultiPolygon","coordinates":[[[[126.937443,35.147522],[126.937528,35.147542],[126.937545,35.147503],[126.937535,35.147498],[126.937561,35.147435],[126.937489,35.147412],[126.937443,35.147522]]]]}},{"type":"Feature","id":"1971194233961831693300000000","properties":{"id":"1971194233961831693300000000","pnu":"1221011100101940013","purpose":"단독주택"},"geometry":{"type":"MultiPolygon","coordinates":[[[[126.937584,35.14769],[126.937607,35.147621],[126.937502,35.147595],[126.937494,35.147611],[126.937477,35.147605],[126.937452,35.147661],[126.937584,35.14769]]]]}},{"type":"Feature","id":"1971194236631831178000000000","properties":{"id":"1971194236631831178000000000","pnu":"1221011100101740012","year":1971,"purpose":"단독주택"},"geometry":{"type":"MultiPolygon","coordinates":[[[[126.937526,35.147167],[126.937562,35.147206],[126.937596,35.147189],[126.937566,35.14715],[126.937526,35.147167]]]]}},{"type":"Feature","id":"1971194240881831604000000000","properties":{"id":"1971194240881831604000000000","pnu":"1221011100101940003","year":1971,"purpose":"단독주택"},"geometry":{"type":"MultiPolygon","coordinates":[[[[126.937612,35.147611],[126.937644,35.147524],[126.937604,35.147513],[126.937573,35.1476],[126.937612,35.147611]]]]}},{"type":"Feature","id":"1971194246161831195000000000","properties":{"id":"1971194246161831195000000000","pnu":"1221011100101740012","year":1971,"purpose":"단독주택"},"geometry":{"type":"MultiPolygon","coordinates":[[[[126.937686,35.14726],[126.937715,35.147139],[126.937633,35.147139],[126.937624,35.147174],[126.937636,35.147175],[126.937627,35.147248],[126.937686,35.14726]]]]}},{"type":"Feature","id":"1971194293411830873400000000","properties":{"id":"1971194293411830873400000000","pnu":"1221011100101720010","purpose":"단독주택","floors":1,"structure":"벽돌구조"},"geometry":{"type":"MultiPolygon","coordinates":[[[[126.938198,35.146955],[126.938233,35.146873],[126.938166,35.146854],[126.938148,35.146887],[126.938161,35.146889],[126.938143,35.14694],[126.938198,35.146955]]]]}},{"type":"Feature","id":"1971194299181830783800000000","properties":{"id":"1971194299181830783800000000","pnu":"1221011100101720018","purpose":"단독주택","floors":1,"structure":"벽돌구조"},"geometry":{"type":"MultiPolygon","coordinates":[[[[126.938255,35.146878],[126.938308,35.146806],[126.938235,35.146767],[126.938212,35.146796],[126.93822,35.146807],[126.938194,35.146847],[126.938255,35.146878]]]]}},{"type":"Feature","id":"1971194302011830597300000000","properties":{"id":"1971194302011830597300000000","pnu":"1221011100101720013","purpose":"기타","structure":"블록구조"},"geometry":{"type":"MultiPolygon","coordinates":[[[[126.938295,35.146685],[126.938297,35.146625],[126.938267,35.146624],[126.938261,35.146682],[126.938295,35.146685]]]]}},{"type":"Feature","id":"1971194312461830578200000000","properties":{"id":"1971194312461830578200000000","pnu":"1221011100101720013","purpose":"단독주택","floors":1,"structure":"벽돌구조"},"geometry":{"type":"MultiPolygon","coordinates":[[[[126.938407,35.146689],[126.93845,35.146593],[126.938403,35.146579],[126.938369,35.146638],[126.938344,35.146634],[126.938332,35.146671],[126.938407,35.146689]]]]}},{"type":"Feature","id":"1972193480011829149700000000","properties":{"id":"1972193480011829149700000000","pnu":"1221011100105090017","year":1972,"purpose":"제2종 근린생활시설","far":95.449,"floors":2,"structure":"벽돌구조"},"geometry":{"type":"MultiPolygon","coordinates":[[[[126.929175,35.145302],[126.929266,35.145432],[126.929347,35.145377],[126.929253,35.145262],[126.929175,35.145302]]]]}},{"type":"Feature","id":"1972193511691827999100000000","properties":{"id":"1972193511691827999100000000","pnu":"1221011800104450004","purpose":"단독주택","far":110.48,"floors":2,"structure":"벽돌구조"},"geometry":{"type":"MultiPolygon","coordinates":[[[[126.929614,35.144374],[126.92968,35.144319],[126.929574,35.144247],[126.929544,35.144267],[126.929614,35.144374]]]]}},{"type":"Feature","id":"1972194194831831236600000000","properties":{"id":"1972194194831831236600000000","pnu":"1221011100101950004","year":1972,"purpose":"단독주택"},"geometry":{"type":"MultiPolygon","coordinates":[[[[126.9371,35.147262],[126.937133,35.147217],[126.937111,35.147203],[126.937073,35.147232],[126.9371,35.147262]]]]}},{"type":"Feature","id":"1972194201291831261700000000","properties":{"id":"1972194201291831261700000000","pnu":"1221011100101950004","year":1972,"purpose":"단독주택"},"geometry":{"type":"MultiPolygon","coordinates":[[[[126.937148,35.147197],[126.937107,35.147258],[126.937199,35.147307],[126.937244,35.147251],[126.937148,35.147197]]]]}},{"type":"Feature","id":"1972194226691831355000000000","properties":{"id":"1972194226691831355000000000","pnu":"1221011100101960008","year":1972,"purpose":"단독주택"},"geometry":{"type":"MultiPolygon","coordinates":[[[[126.937497,35.147387],[126.93752,35.147335],[126.937449,35.147313],[126.937453,35.147299],[126.937416,35.147285],[126.937387,35.14734],[126.937497,35.147387]]]]}},{"type":"Feature","id":"1972194229891831294500000000","properties":{"id":"1972194229891831294500000000","pnu":"1221011100101960008","year":1972,"purpose":"단독주택"},"geometry":{"type":"MultiPolygon","coordinates":[[[[126.937528,35.14732],[126.937543,35.147304],[126.937457,35.147246],[126.937433,35.147266],[126.937528,35.14732]]]]}},{"type":"Feature","id":"1972194299581830898500000000","properties":{"id":"1972194299581830898500000000","pnu":"1221011100101720019","purpose":"단독주택","floors":1,"structure":"벽돌구조"},"geometry":{"type":"MultiPolygon","coordinates":[[[[126.938204,35.146959],[126.938263,35.146972],[126.938284,35.146925],[126.938295,35.146925],[126.938306,35.146901],[126.938242,35.146879],[126.938204,35.146959]]]]}},{"type":"Feature","id":"1973193610781831069900000000","properties":{"id":"1973193610781831069900000000","pnu":"1221011100104800001","year":1973,"purpose":"공동주택","floors":3,"structure":"철근콘크리트구조"},"geometry":{"type":"MultiPolygon","coordinates":[[[[126.93053,35.147172],[126.930781,35.14715],[126.930781,35.147118],[126.930868,35.147106],[126.93086,35.14701],[126.930737,35.147019],[126.930722,35.146956],[126.930622,35.146964],[126.930624,35.147064],[126.930521,35.147084],[126.93053,35.147172]]]]}},{"type":"Feature","id":"1973193627611831677100000000","properties":{"id":"1973193627611831677100000000","pnu":"1221011100104650016","year":1973,"purpose":"단독주택"},"geometry":{"type":"MultiPolygon","coordinates":[[[[126.93093,35.147659],[126.930928,35.147589],[126.930826,35.147589],[126.930829,35.147659],[126.93093,35.147659]]]]}},{"type":"Feature","id":"1973193873831831378500000000","properties":{"id":"1973193873831831378500000000","pnu":"1221011100104580012","year":1973,"purpose":"단독주택","floors":2,"structure":"벽돌구조"},"geometry":{"type":"MultiPolygon","coordinates":[[[[126.933588,35.147412],[126.93364,35.147333],[126.933574,35.147297],[126.933522,35.147385],[126.933588,35.147412]]]]}},{"type":"Feature","id":"1973193996331831746800000000","properties":{"id":"1973193996331831746800000000","pnu":"1221011100106910030","year":1973,"purpose":"제1종 근린생활시설","floors":1,"structure":"벽돌구조"},"geometry":{"type":"MultiPolygon","coordinates":[[[[126.934985,35.147696],[126.934985,35.147694],[126.93489,35.147669],[126.934892,35.147702],[126.934985,35.147696]]]]}},{"type":"Feature","id":"1973194073531830742100000000","properties":{"id":"1973194073531830742100000000","pnu":"1221011100101780051","purpose":"기타","structure":"블록구조"},"geometry":{"type":"MultiPolygon","coordinates":[[[[126.935752,35.146819],[126.935779,35.146821],[126.935794,35.146749],[126.935764,35.146748],[126.935752,35.146819]]]]}},{"type":"Feature","id":"1973194074141830859600000000","properties":{"id":"1973194074141830859600000000","pnu":"1221011100101780051","year":1973,"purpose":"단독주택","floors":1,"structure":"벽돌구조"},"geometry":{"type":"MultiPolygon","coordinates":[[[[126.935729,35.146936],[126.935819,35.146945],[126.935827,35.146897],[126.93581,35.146896],[126.935814,35.146831],[126.935754,35.146826],[126.935729,35.146936]]]]}},{"type":"Feature","id":"1973194163971831568700000000","properties":{"id":"1973194163971831568700000000","pnu":"1221011100101910000","year":1973,"purpose":"제2종 근린생활시설"},"geometry":{"type":"MultiPolygon","coordinates":[[[[126.936685,35.147559],[126.936829,35.14757],[126.936799,35.147464],[126.936686,35.147537],[126.936685,35.147559]]]]}},{"type":"Feature","id":"1973194198821831614800000000","properties":{"id":"1973194198821831614800000000","pnu":"1221011100101940016","year":1973,"purpose":"단독주택"},"geometry":{"type":"MultiPolygon","coordinates":[[[[126.937182,35.147608],[126.937202,35.14754],[126.937159,35.147532],[126.937153,35.147548],[126.9371,35.147544],[126.937089,35.147595],[126.937182,35.147608]]]]}},{"type":"Feature","id":"1973194209231831610200000000","properties":{"id":"1973194209231831610200000000","pnu":"1221011100101940005","year":1973,"purpose":"단독주택","floors":1,"structure":"벽돌구조"},"geometry":{"type":"MultiPolygon","coordinates":[[[[126.937206,35.147597],[126.937284,35.147618],[126.937317,35.147537],[126.937236,35.147517],[126.937206,35.147597]]]]}},{"type":"Feature","id":"1973194249051830937400000000","properties":{"id":"1973194249051830937400000000","pnu":"1221011100101740001","year":1973,"purpose":"단독주택"},"geometry":{"type":"MultiPolygon","coordinates":[[[[126.93769,35.147002],[126.937739,35.146939],[126.937709,35.146922],[126.937658,35.146977],[126.93769,35.147002]]]]}},{"type":"Feature","id":"1973194257841830972600000000","properties":{"id":"1973194257841830972600000000","pnu":"1221011100101740001","year":1973,"purpose":"단독주택"},"geometry":{"type":"MultiPolygon","coordinates":[[[[126.93783,35.147032],[126.937847,35.146967],[126.937772,35.146949],[126.937762,35.146981],[126.937747,35.14698],[126.937739,35.147018],[126.93783,35.147032]]]]}},{"type":"Feature","id":"1973194324771830861700000000","properties":{"id":"1973194324771830861700000000","pnu":"1221011100101710027","purpose":"단독주택"},"geometry":{"type":"MultiPolygon","coordinates":[[[[126.938547,35.14696],[126.9386,35.146922],[126.938517,35.14683],[126.938456,35.14686],[126.938547,35.14696]]]]}},{"type":"Feature","id":"1973194355391831379500000000","properties":{"id":"1973194355391831379500000000","pnu":"1221011100101990002","year":1973,"purpose":"단독주택"},"geometry":{"type":"MultiPolygon","coordinates":[[[[126.938886,35.147404],[126.938931,35.147337],[126.938889,35.147324],[126.938883,35.147338],[126.938825,35.147325],[126.938802,35.147373],[126.938886,35.147404]]]]}},{"type":"Feature","id":"1974193574711829154400000000","properties":{"id":"1974193574711829154400000000","pnu":"1221011100105030013","year":1974,"purpose":"단독주택"},"geometry":{"type":"MultiPolygon","coordinates":[[[[126.930352,35.145403],[126.930376,35.14534],[126.930246,35.145298],[126.930223,35.145358],[126.930352,35.145403]]]]}},{"type":"Feature","id":"1974193641821831349500000000","properties":{"id":"1974193641821831349500000000","pnu":"1221011100104650019","year":1974,"purpose":"단독주택","floors":1,"structure":"벽돌구조"},"geometry":{"type":"MultiPolygon","coordinates":[[[[126.930968,35.147359],[126.931103,35.147347],[126.931099,35.147297],[126.930965,35.147312],[126.930968,35.147359]]]]}},{"type":"Feature","id":"1974193642001831651700000000","properties":{"id":"1974193642001831651700000000","pnu":"1221011100104650018","year":1974,"purpose":"단독주택"},"geometry":{"type":"MultiPolygon","coordinates":[[[[126.930973,35.147638],[126.931096,35.147615],[126.93109,35.147563],[126.931048,35.147563],[126.931048,35.14758],[126.930975,35.147589],[126.930973,35.147638]]]]}},{"type":"Feature","id":"1974193779201831254800000000","properties":{"id":"1974193779201831254800000000","pnu":"1221011100104590003","year":1974,"purpose":"단독주택","floors":1,"structure":"벽돌구조"},"geometry":{"type":"MultiPolygon","coordinates":[[[[126.93249,35.147301],[126.93261,35.147274],[126.932591,35.147189],[126.932506,35.147201],[126.932507,35.147214],[126.932474,35.147222],[126.93249,35.147301]]]]}},{"type":"Feature","id":"1974193791121831163300000000","properties":{"id":"1974193791121831163300000000","pnu":"1221011100104590003","purpose":"기타","structure":"블록구조"},"geometry":{"type":"MultiPolygon","coordinates":[[[[126.932711,35.147187],[126.93271,35.147137],[126.932633,35.14714],[126.932635,35.147184],[126.932711,35.147187]]]]}},{"type":"Feature","id":"1974193954751831711100000000","properties":{"id":"1974193954751831711100000000","pnu":"1221011100106910040","year":1974,"purpose":"제1종 근린생활시설","far":106,"floors":2,"structure":"벽돌구조"},"geometry":{"type":"MultiPolygon","coordinates":[[[[126.934428,35.147684],[126.934511,35.147689],[126.934502,35.147643],[126.934504,35.147628],[126.934436,35.147621],[126.934428,35.147684]]]]}},{"type":"Feature","id":"1974193961841831728800000000","properties":{"id":"1974193961841831728800000000","pnu":"1221011100106910026","year":1974,"purpose":"제1종 근린생활시설","floors":2,"structure":"벽돌구조"},"geometry":{"type":"MultiPolygon","coordinates":[[[[126.934546,35.147677],[126.934547,35.147677],[126.934548,35.147677],[126.934549,35.147676],[126.93455,35.147676],[126.93455,35.147675],[126.934551,35.147675],[126.934551,35.147674],[126.934552,35.147673],[126.934552,35.147673],[126.934552,35.147672],[126.934551,35.147671],[126.934551,35.14767],[126.93455,35.14767],[126.93455,35.147669],[126.934549,35.147669],[126.934548,35.147668],[126.934547,35.147668],[126.934546,35.147668],[126.934545,35.147668],[126.934544,35.147668],[126.934543,35.147669],[126.934543,35.147669],[126.934542,35.14767],[126.934541,35.14767],[126.934541,35.147671],[126.934541,35.147672],[126.934541,35.147672],[126.934541,35.147673],[126.934541,35.147674],[126.934541,35.147675],[126.934542,35.147675],[126.934543,35.147676],[126.934543,35.147676],[126.934544,35.147677],[126.934545,35.147677],[126.934546,35.147677]]]]}},{"type":"Feature","id":"1974194086861830934300000000","properties":{"id":"1974194086861830934300000000","pnu":"1221011100101780002","year":1974,"purpose":"단독주택","floors":1,"structure":"벽돌구조"},"geometry":{"type":"MultiPolygon","coordinates":[[[[126.935851,35.146984],[126.935975,35.146987],[126.935983,35.146928],[126.935943,35.146923],[126.935942,35.146933],[126.935861,35.146927],[126.935851,35.146984]]]]}},{"type":"Feature","id":"1974194089011830848300000000","properties":{"id":"1974194089011830848300000000","pnu":"1221011100101780050","year":1974,"purpose":"단독주택","floors":1,"structure":"벽돌구조"},"geometry":{"type":"MultiPolygon","coordinates":[[[[126.935997,35.146922],[126.936011,35.146846],[126.935965,35.146842],[126.935964,35.146847],[126.935882,35.146844],[126.935868,35.146906],[126.935997,35.146922]]]]}},{"type":"Feature","id":"1974194363871831949300000000","properties":{"id":"1974194363871831949300000000","pnu":"1221011100102200004","year":1974,"purpose":"단독주택","floors":1,"structure":"벽돌구조"},"geometry":{"type":"MultiPolygon","coordinates":[[[[126.939028,35.147904],[126.938976,35.147815],[126.938887,35.147849],[126.9389,35.147884],[126.938912,35.147883],[126.938929,35.147914],[126.938943,35.147911],[126.938954,35.147932],[126.939028,35.147904]]]]}},{"type":"Feature","id":"1975193569401831833900000000","properties":{"id":"1975193569401831833900000000","pnu":"1221011100104660019","year":1975,"purpose":"단독주택"},"geometry":{"type":"MultiPolygon","coordinates":[[[[126.930292,35.147788],[126.930291,35.147742],[126.930187,35.147742],[126.930187,35.147788],[126.930292,35.147788]]]]}},{"type":"Feature","id":"1975193581791831826600000000","properties":{"id":"1975193581791831826600000000","pnu":"1221011100104660012","year":1975,"purpose":"단독주택"},"geometry":{"type":"MultiPolygon","coordinates":[[[[126.930434,35.147792],[126.930422,35.147692],[126.93037,35.147697],[126.93037,35.14774],[126.930302,35.14775],[126.930313,35.147811],[126.930434,35.147792]]]]}},{"type":"Feature","id":"1975193766181831408200000000","properties":{"id":"1975193766181831408200000000","pnu":"1221011100104610011","year":1975,"purpose":"단독주택","floors":2,"structure":"벽돌구조"},"geometry":{"type":"MultiPolygon","coordinates":[[[[126.932483,35.147399],[126.932445,35.147338],[126.932379,35.147353],[126.932373,35.147341],[126.932324,35.147354],[126.932356,35.147433],[126.932483,35.147399]]]]}},{"type":"Feature","id":"1976193563871831713300000000","properties":{"id":"1976193563871831713300000000","pnu":"1221011100104660024","year":1976,"purpose":"단독주택"},"geometry":{"type":"MultiPolygon","coordinates":[[[[126.930214,35.147704],[126.930201,35.147602],[126.930145,35.147608],[126.930155,35.147709],[126.930214,35.147704]]]]}},{"type":"Feature","id":"1976193572361831360200000000","properties":{"id":"1976193572361831360200000000","pnu":"1221011100104660015","year":1976,"purpose":"단독주택"},"geometry":{"type":"MultiPolygon","coordinates":[[[[126.930217,35.147372],[126.930345,35.147364],[126.930339,35.147312],[126.930267,35.147317],[126.930261,35.147297],[126.930207,35.147304],[126.930217,35.147372]]]]}},{"type":"Feature","id":"1976193578601831701800000000","properties":{"id":"1976193578601831701800000000","pnu":"1221011100104660022","year":1976,"purpose":"단독주택"},"geometry":{"type":"MultiPolygon","coordinates":[[[[126.93029,35.147686],[126.930405,35.147661],[126.930391,35.147607],[126.930319,35.147616],[126.93032,35.147625],[126.930273,35.147636],[126.93029,35.147686]]]]}},{"type":"Feature","id":"1976193738131831647300000000","properties":{"id":"1976193738131831647300000000","pnu":"1221011100104620020","year":1976,"purpose":"제1종 근린생활시설","floors":2,"structure":"벽돌구조"},"geometry":{"type":"MultiPolygon","coordinates":[[[[126.932061,35.147643],[126.932154,35.147617],[126.932115,35.147549],[126.93203,35.147584],[126.932061,35.147643]]]]}},{"type":"Feature","id":"1976193784701831354000000000","properties":{"id":"1976193784701831354000000000","pnu":"1221011100104600006","year":1976,"purpose":"단독주택","floors":2,"structure":"벽돌구조"},"geometry":{"type":"MultiPolygon","coordinates":[[[[126.932546,35.147388],[126.932684,35.147354],[126.932652,35.147279],[126.932601,35.147287],[126.932601,35.147294],[126.932557,35.147302],[126.932556,35.147311],[126.932523,35.147321],[126.932546,35.147388]]]]}},{"type":"Feature","id":"1976193851131831740600000000","properties":{"id":"1976193851131831740600000000","pnu":"1221011100104530014","year":1976,"purpose":"제2종 근린생활시설","far":109.1342,"floors":2,"structure":"벽돌구조"},"geometry":{"type":"MultiPolygon","coordinates":[[[[126.933404,35.147713],[126.933398,35.147657],[126.933366,35.14766],[126.933366,35.147646],[126.933328,35.147649],[126.933325,35.147637],[126.933267,35.147641],[126.933278,35.147726],[126.933404,35.147713]]]]}},{"type":"Feature","id":"1976194266321831682300000000","properties":{"id":"1976194266321831682300000000","pnu":"1221011100101970002","year":1976,"purpose":"단독주택","floors":1,"structure":"벽돌구조"},"geometry":{"type":"MultiPolygon","coordinates":[[[[126.937885,35.147687],[126.93795,35.147618],[126.937875,35.147578],[126.937848,35.147609],[126.93786,35.147615],[126.937835,35.147661],[126.937885,35.147687]]]]}},{"type":"Feature","id":"1976194348391830591000000000","properties":{"id":"1976194348391830591000000000","pnu":"1221011100101710020","year":1976,"purpose":"단독주택","floors":1,"structure":"벽돌구조"},"geometry":{"type":"MultiPolygon","coordinates":[[[[126.938756,35.146701],[126.938862,35.146659],[126.938826,35.146596],[126.938712,35.146641],[126.938756,35.146701]]]]}},{"type":"Feature","id":"1976194352391830666600000000","properties":{"id":"1976194352391830666600000000","pnu":"1221011100101710021","year":1976,"purpose":"제2종 근린생활시설","floors":1,"structure":"벽돌구조"},"geometry":{"type":"MultiPolygon","coordinates":[[[[126.938772,35.146713],[126.938806,35.146764],[126.938894,35.146717],[126.938863,35.146673],[126.938772,35.146713]]]]}},{"type":"Feature","id":"1977193478791831724200000000","properties":{"id":"1977193478791831724200000000","pnu":"1221010800101010018","year":1977,"purpose":"단독주택"},"geometry":{"type":"MultiPolygon","coordinates":[[[[126.929261,35.147716],[126.9293,35.147692],[126.929283,35.147659],[126.929296,35.147644],[126.929235,35.147609],[126.929179,35.147675],[126.929261,35.147716]]]]}},{"type":"Feature","id":"1977193489611830305800000000","properties":{"id":"1977193489611830305800000000","pnu":"1221011100105210010","year":1977,"purpose":"단독주택","far":166.02,"floors":4,"structure":"철근콘크리트구조"},"geometry":{"type":"MultiPolygon","coordinates":[[[[126.929368,35.146459],[126.929438,35.14636],[126.92936,35.146316],[126.929292,35.146413],[126.929368,35.146459]]]]}},{"type":"Feature","id":"1977193492731829752800000000","properties":{"id":"1977193492731829752800000000","pnu":"1221011100105200010","year":1977,"purpose":"단독주택"},"geometry":{"type":"MultiPolygon","coordinates":[[[[126.929368,35.145945],[126.929484,35.145895],[126.929439,35.145829],[126.929355,35.145869],[126.929352,35.145864],[126.929311,35.145888],[126.929368,35.145945]]]]}},{"type":"Feature","id":"1977193574001829277600000000","properties":{"id":"1977193574001829277600000000","pnu":"1221011100105030000","year":1977,"purpose":"단독주택"},"geometry":{"type":"MultiPolygon","coordinates":[[[[126.930302,35.145531],[126.93036,35.145418],[126.930278,35.145393],[126.930229,35.145491],[126.930239,35.145496],[126.930235,35.145509],[126.930302,35.145531]]]]}},{"type":"Feature","id":"1977194263491831077500000000","properties":{"id":"1977194263491831077500000000","pnu":"1221011100101740008","year":1977,"purpose":"단독주택","floors":1,"structure":"벽돌구조"},"geometry":{"type":"MultiPolygon","coordinates":[[[[126.93788,35.147133],[126.937903,35.147054],[126.937826,35.147044],[126.937817,35.147075],[126.937827,35.147076],[126.937817,35.147125],[126.93788,35.147133]]]]}},{"type":"Feature","id":"1978193466311830455100000000","properties":{"id":"1978193466311830455100000000","pnu":"1221011100104800000","purpose":"기타","structure":"블록구조"},"geometry":{"type":"MultiPolygon","coordinates":[[[[126.929215,35.146452],[126.929099,35.146418],[126.929059,35.146502],[126.929028,35.146493],[126.928996,35.14656],[126.929035,35.146571],[126.929058,35.146606],[126.929132,35.146625],[126.929215,35.146452]]]]}},{"type":"Feature","id":"1978193522391829560600000000","properties":{"id":"1978193522391829560600000000","pnu":"1221011100104730004","year":1978,"purpose":"단독주택"},"geometry":{"type":"MultiPolygon","coordinates":[[[[126.929713,35.145772],[126.929786,35.145727],[126.929719,35.145655],[126.929678,35.145687],[126.929701,35.14572],[126.92968,35.145736],[126.929713,35.145772]]]]}},{"type":"Feature","id":"1978193545581829859300000000","properties":{"id":"1978193545581829859300000000","pnu":"1221011100104800002","purpose":"기타","structure":"경량철골구조"},"geometry":{"type":"MultiPolygon","coordinates":[[[[126.929965,35.146014],[126.930015,35.145989],[126.929997,35.145957],[126.929943,35.145979],[126.929965,35.146014]]]]}},{"type":"Feature","id":"1978193584851831408400000000","properties":{"id":"1978193584851831408400000000","pnu":"1221011100104660031","year":1978,"purpose":"단독주택"},"geometry":{"type":"MultiPolygon","coordinates":[[[[126.930455,35.147408],[126.930442,35.147341],[126.9304,35.147347],[126.930401,35.147352],[126.930362,35.147357],[126.930374,35.147419],[126.930455,35.147408]]]]}},{"type":"Feature","id":"1978193590631831536800000000","properties":{"id":"1978193590631831536800000000","pnu":"1221011100104660030","year":1978,"purpose":"단독주택"},"geometry":{"type":"MultiPolygon","coordinates":[[[[126.930554,35.147534],[126.930541,35.147452],[126.930468,35.147458],[126.930464,35.147444],[126.930398,35.14745],[126.930413,35.147552],[126.930554,35.147534]]]]}},{"type":"Feature","id":"1978193593341831373600000000","properties":{"id":"1978193593341831373600000000","pnu":"1221011100104660036","year":1978,"purpose":"단독주택"},"geometry":{"type":"MultiPolygon","coordinates":[[[[126.930555,35.147394],[126.93054,35.147304],[126.930505,35.147308],[126.930503,35.147297],[126.930452,35.147302],[126.930469,35.147403],[126.930555,35.147394]]]]}},{"type":"Feature","id":"1978193609491831455400000000","properties":{"id":"1978193609491831455400000000","pnu":"1221011100104660029","purpose":"기타","structure":"벽돌구조"},"geometry":{"type":"MultiPolygon","coordinates":[[[[126.930645,35.147444],[126.930714,35.14744],[126.930713,35.147405],[126.930646,35.147407],[126.930645,35.147444]]]]}},{"type":"Feature","id":"1978193611621831616800000000","properties":{"id":"1978193611621831616800000000","pnu":"1221011100104660028","year":1978,"purpose":"단독주택","floors":2,"structure":"벽돌구조"},"geometry":{"type":"MultiPolygon","coordinates":[[[[126.930628,35.14761],[126.930788,35.147588],[126.930778,35.14753],[126.930619,35.14755],[126.930628,35.14761]]]]}},{"type":"Feature","id":"1978193612131831503400000000","properties":{"id":"1978193612131831503400000000","pnu":"1221011100104660029","year":1978,"purpose":"단독주택","floors":2,"structure":"벽돌구조"},"geometry":{"type":"MultiPolygon","coordinates":[[[[126.930608,35.147504],[126.930776,35.147497],[126.930776,35.147404],[126.930734,35.147404],[126.930732,35.147452],[126.93061,35.147466],[126.930608,35.147504]]]]}},{"type":"Feature","id":"1978193699231832003900000000","properties":{"id":"1978193699231832003900000000","pnu":"1221011100104440003","year":1978,"purpose":"단독주택","floors":2,"structure":"벽돌구조"},"geometry":{"type":"MultiPolygon","coordinates":[[[[126.93172,35.147943],[126.931679,35.147868],[126.931606,35.147896],[126.931652,35.147971],[126.93172,35.147943]]]]}},{"type":"Feature","id":"1978193723711832065800000000","properties":{"id":"1978193723711832065800000000","pnu":"1221011100104440011","year":1978,"purpose":"단독주택","floors":1,"structure":"벽돌구조"},"geometry":{"type":"MultiPolygon","coordinates":[[[[126.931977,35.148017],[126.931989,35.147952],[126.931887,35.147934],[126.931875,35.147996],[126.931977,35.148017]]]]}},{"type":"Feature","id":"1978193724241831675800000000","properties":{"id":"1978193724241831675800000000","pnu":"1221011100104620019","year":1978,"purpose":"단독주택","floors":2,"structure":"벽돌구조"},"geometry":{"type":"MultiPolygon","coordinates":[[[[126.93202,35.147657],[126.93201,35.147581],[126.931925,35.147587],[126.931925,35.147582],[126.931864,35.147582],[126.931868,35.147668],[126.93202,35.147657]]]]}},{"type":"Feature","id":"1978193908991831944800000000","properties":{"id":"1978193908991831944800000000","pnu":"1221011100104530012","year":1978,"purpose":"단독주택","far":79.26,"floors":2,"structure":"벽돌구조"},"geometry":{"type":"MultiPolygon","coordinates":[[[[126.933915,35.147918],[126.934047,35.147876],[126.934025,35.147826],[126.933976,35.147834],[126.93397,35.147826],[126.933893,35.147849],[126.933915,35.147918]]]]}},{"type":"Feature","id":"1978194021881831264900000000","properties":{"id":"1978194021881831264900000000","pnu":"1221011100101860003","year":1978,"purpose":"단독주택","floors":2,"structure":"벽돌구조"},"geometry":{"type":"MultiPolygon","coordinates":[[[[126.935276,35.147261],[126.935201,35.147207],[126.935133,35.147262],[126.935157,35.147281],[126.935172,35.147269],[126.935197,35.147293],[126.935217,35.14728],[126.935234,35.147294],[126.935276,35.147261]]]]}},{"type":"Feature","id":"1978194031541831202000000000","properties":{"id":"1978194031541831202000000000","pnu":"1221011100101880001","year":1978,"purpose":"단독주택","floors":2,"structure":"벽돌구조"},"geometry":{"type":"MultiPolygon","coordinates":[[[[126.935346,35.147244],[126.935373,35.14718],[126.935312,35.147163],[126.935306,35.147168],[126.935268,35.147161],[126.935246,35.147208],[126.935346,35.147244]]]]}},{"type":"Feature","id":"1978194043061831239700000000","properties":{"id":"1978194043061831239700000000","pnu":"1221011100101880006","year":1978,"purpose":"단독주택","floors":2,"structure":"벽돌구조"},"geometry":{"type":"MultiPolygon","coordinates":[[[[126.935487,35.147279],[126.935503,35.147229],[126.935449,35.147207],[126.935453,35.147194],[126.935398,35.147184],[126.935375,35.147247],[126.935487,35.147279]]]]}},{"type":"Feature","id":"1978194068221831175400000000","properties":{"id":"1978194068221831175400000000","pnu":"1221011100101880013","year":1978,"purpose":"단독주택","floors":2,"structure":"벽돌구조"},"geometry":{"type":"MultiPolygon","coordinates":[[[[126.935654,35.147222],[126.935763,35.147233],[126.93577,35.147187],[126.935752,35.147186],[126.935764,35.147123],[126.935681,35.147108],[126.935654,35.147222]]]]}},{"type":"Feature","id":"1978194271581831760200000000","properties":{"id":"1978194271581831760200000000","pnu":"1221011100101980005","year":1978,"purpose":"단독주택","floors":2,"structure":"벽돌구조"},"geometry":{"type":"MultiPolygon","coordinates":[[[[126.937895,35.14775],[126.937946,35.14776],[126.937971,35.147711],[126.937985,35.147712],[126.937995,35.14766],[126.937932,35.14765],[126.937895,35.14775]]]]}},{"type":"Feature","id":"1978194280211831667200000000","properties":{"id":"1978194280211831667200000000","pnu":"1221011100101980007","year":1978,"purpose":"단독주택"},"geometry":{"type":"MultiPolygon","coordinates":[[[[126.938107,35.147661],[126.938115,35.147612],[126.938046,35.147597],[126.93805,35.14758],[126.937989,35.147569],[126.937972,35.147639],[126.938107,35.147661]]]]}},{"type":"Feature","id":"1978194282251831780700000000","properties":{"id":"1978194282251831780700000000","pnu":"1221011100101980006","year":1978,"purpose":"단독주택","floors":2,"structure":"벽돌구조"},"geometry":{"type":"MultiPolygon","coordinates":[[[[126.937998,35.147769],[126.938086,35.147779],[126.938099,35.147733],[126.938114,35.147733],[126.938127,35.147678],[126.938033,35.147664],[126.937998,35.147769]]]]}},{"type":"Feature","id":"1978194287111831543300000000","properties":{"id":"1978194287111831543300000000","pnu":"1221011100101980003","year":1978,"purpose":"단독주택","floors":2,"structure":"벽돌구조"},"geometry":{"type":"MultiPolygon","coordinates":[[[[126.938158,35.147549],[126.93817,35.1475],[126.938136,35.147492],[126.938142,35.147465],[126.938085,35.147455],[126.938067,35.147542],[126.938158,35.147549]]]]}},{"type":"Feature","id":"1979193512331829677400000000","properties":{"id":"1979193512331829677400000000","pnu":"1221011100104730003","year":1979,"purpose":"제2종 근린생활시설","far":61.29,"floors":2,"structure":"벽돌구조"},"geometry":{"type":"MultiPolygon","coordinates":[[[[126.929521,35.145835],[126.929562,35.145903],[126.929597,35.145893],[126.929593,35.145877],[126.929711,35.145805],[126.929662,35.14574],[126.929604,35.145769],[126.929614,35.145783],[126.929521,35.145835]]]]}},{"type":"Feature","id":"1979193558931828982700000000","properties":{"id":"1979193558931828982700000000","pnu":"1221011100105040008","year":1979,"purpose":"단독주택","floors":2,"structure":"벽돌구조"},"geometry":{"type":"MultiPolygon","coordinates":[[[[126.930152,35.145237],[126.930184,35.145179],[126.930114,35.145155],[126.930092,35.14518],[126.930079,35.145176],[126.930064,35.145203],[126.930152,35.145237]]]]}},{"type":"Feature","id":"1979193561661828882800000000","properties":{"id":"1979193561661828882800000000","pnu":"1221011100105040002","year":1979,"purpose":"단독주택","floors":2,"structure":"벽돌구조"},"geometry":{"type":"MultiPolygon","coordinates":[[[[126.930185,35.14515],[126.930215,35.14509],[126.930123,35.145063],[126.930099,35.145115],[126.930185,35.14515]]]]}},{"type":"Feature","id":"1979193664351832055400000000","properties":{"id":"1979193664351832055400000000","pnu":"1221011100104630001","year":1979,"purpose":"단독주택","floors":2,"structure":"벽돌구조"},"geometry":{"type":"MultiPolygon","coordinates":[[[[126.931246,35.148003],[126.93132,35.148],[126.931314,35.147928],[126.931246,35.147927],[126.931246,35.148003]]]]}},{"type":"Feature","id":"1979193664921831836900000000","properties":{"id":"1979193664921831836900000000","pnu":"1221011100104630012","year":1979,"purpose":"단독주택"},"geometry":{"type":"MultiPolygon","coordinates":[[[[126.931227,35.147799],[126.93136,35.147798],[126.93136,35.147748],[126.931279,35.147748],[126.931279,35.147727],[126.931228,35.147727],[126.931227,35.147799]]]]}},{"type":"Feature","id":"1979193668861831948400000000","properties":{"id":"1979193668861831948400000000","pnu":"1221011100104630017","year":1979,"purpose":"단독주택"},"geometry":{"type":"MultiPolygon","coordinates":[[[[126.931227,35.147912],[126.931375,35.147914],[126.931375,35.147905],[126.931418,35.147905],[126.93142,35.147797],[126.931374,35.147796],[126.931374,35.147828],[126.931353,35.147828],[126.931352,35.147853],[126.931279,35.147853],[126.931279,35.147834],[126.931229,35.147833],[126.931227,35.147912]]]]}},{"type":"Feature","id":"1979194036591831085200000000","properties":{"id":"1979194036591831085200000000","pnu":"1221011100101880016","year":1979,"purpose":"단독주택","floors":2,"structure":"벽돌구조"},"geometry":{"type":"MultiPolygon","coordinates":[[[[126.935401,35.147131],[126.935415,35.147063],[126.93536,35.14705],[126.9353,35.147116],[126.935401,35.147131]]]]}},{"type":"Feature","id":"1979194046491830974400000000","properties":{"id":"1979194046491830974400000000","pnu":"1221011100101880018","year":1979,"purpose":"단독주택"},"geometry":{"type":"MultiPolygon","coordinates":[[[[126.935501,35.147038],[126.935517,35.146951],[126.935463,35.146945],[126.935447,35.146995],[126.935428,35.146995],[126.935424,35.147024],[126.935501,35.147038]]]]}},{"type":"Feature","id":"1979194046691831131100000000","properties":{"id":"1979194046691831131100000000","pnu":"1221011100101880015","year":1979,"purpose":"단독주택","floors":2,"structure":"벽돌구조"},"geometry":{"type":"MultiPolygon","coordinates":[[[[126.935413,35.147155],[126.935517,35.147175],[126.935529,35.147098],[126.935477,35.147093],[126.935467,35.147116],[126.935426,35.147113],[126.935413,35.147155]]]]}},{"type":"Feature","id":"1979194058221831160400000000","properties":{"id":"1979194058221831160400000000","pnu":"1221011100101880014","year":1979,"purpose":"단독주택","floors":2,"structure":"벽돌구조"},"geometry":{"type":"MultiPolygon","coordinates":[[[[126.935544,35.147207],[126.935648,35.147218],[126.935656,35.147174],[126.935646,35.147172],[126.935658,35.147113],[126.935572,35.147098],[126.935544,35.147207]]]]}},{"type":"Feature","id":"1979194066821831313800000000","properties":{"id":"1979194066821831313800000000","pnu":"1221011100101880008","year":1979,"purpose":"단독주택","floors":2,"structure":"벽돌구조"},"geometry":{"type":"MultiPolygon","coordinates":[[[[126.935646,35.14735],[126.935739,35.147355],[126.93575,35.147308],[126.935739,35.147306],[126.93575,35.147249],[126.93566,35.14724],[126.935646,35.14735]]]]}},{"type":"Feature","id":"1979194077691831017700000000","properties":{"id":"1979194077691831017700000000","pnu":"1221011100101880021","year":1979,"purpose":"단독주택"},"geometry":{"type":"MultiPolygon","coordinates":[[[[126.935758,35.14708],[126.935843,35.147084],[126.935855,35.147038],[126.935873,35.147038],[126.935886,35.146993],[126.935783,35.146982],[126.935758,35.14708]]]]}},{"type":"Feature","id":"1979194077951831207200000000","properties":{"id":"1979194077951831207200000000","pnu":"1221011100101880012","year":1979,"purpose":"단독주택","floors":2,"structure":"벽돌구조"},"geometry":{"type":"MultiPolygon","coordinates":[[[[126.935764,35.14725],[126.935866,35.147262],[126.935873,35.147217],[126.935857,35.147214],[126.935869,35.147152],[126.93579,35.147136],[126.935764,35.14725]]]]}},{"type":"Feature","id":"1979194079491831362900000000","properties":{"id":"1979194079491831362900000000","pnu":"1221011100101880009","year":1979,"purpose":"단독주택","floors":2,"structure":"벽돌구조"},"geometry":{"type":"MultiPolygon","coordinates":[[[[126.935901,35.147391],[126.935912,35.147326],[126.935859,35.147317],[126.93586,35.147302],[126.935788,35.147291],[126.935762,35.147371],[126.935901,35.147391]]]]}},{"type":"Feature","id":"1979194090661831226600000000","properties":{"id":"1979194090661831226600000000","pnu":"1221011100101880011","year":1979,"purpose":"단독주택","floors":2,"structure":"벽돌구조"},"geometry":{"type":"MultiPolygon","coordinates":[[[[126.935895,35.147268],[126.936022,35.147272],[126.936023,35.147231],[126.935999,35.147229],[126.936007,35.147166],[126.935926,35.147157],[126.935895,35.147268]]]]}},{"type":"Feature","id":"1979194101891830819400000000","properties":{"id":"1979194101891830819400000000","pnu":"1221011100101780000","year":1979,"purpose":"공동주택","floors":2,"structure":"벽돌구조"},"geometry":{"type":"MultiPolygon","coordinates":[[[[126.93599,35.146954],[126.936098,35.146976],[126.936112,35.14694],[126.936104,35.146937],[126.936128,35.146872],[126.936136,35.146875],[126.93617,35.146788],[126.936165,35.146784],[126.936173,35.146754],[126.936083,35.14673],[126.936068,35.146765],[126.936057,35.146763],[126.93599,35.146954]]]]}},{"type":"Feature","id":"1979194292501831023100000000","properties":{"id":"1979194292501831023100000000","pnu":"1221011100101720001","year":1979,"purpose":"단독주택","floors":1,"structure":"벽돌구조"},"geometry":{"type":"MultiPolygon","coordinates":[[[[126.938176,35.1471],[126.938242,35.14701],[126.938172,35.146977],[126.93811,35.147068],[126.938176,35.1471]]]]}},{"type":"Feature","id":"1980193592411831814500000000","properties":{"id":"1980193592411831814500000000","pnu":"1221011100104660033","year":1980,"purpose":"단독주택","floors":2,"structure":"벽돌구조"},"geometry":{"type":"MultiPolygon","coordinates":[[[[126.930456,35.147789],[126.930548,35.147784],[126.930536,35.147719],[126.930499,35.147719],[126.930493,35.147699],[126.93044,35.147706],[126.930456,35.147789]]]]}},{"type":"Feature","id":"1980193739061831959000000000","properties":{"id":"1980193739061831959000000000","pnu":"1221011100104440005","year":1980,"purpose":"단독주택","floors":2,"structure":"벽돌구조"},"geometry":{"type":"MultiPolygon","coordinates":[[[[126.932058,35.14793],[126.932137,35.147937],[126.932138,35.147864],[126.932147,35.147865],[126.932148,35.147828],[126.932064,35.147822],[126.932058,35.14793]]]]}},{"type":"Feature","id":"1980194056821830986100000000","properties":{"id":"1980194056821830986100000000","pnu":"1221011100101880019","year":1980,"purpose":"단독주택"},"geometry":{"type":"MultiPolygon","coordinates":[[[[126.935627,35.147057],[126.935643,35.146964],[126.935548,35.146954],[126.935535,35.14703],[126.935549,35.147031],[126.935549,35.147046],[126.935627,35.147057]]]]}},{"type":"Feature","id":"1980194059251830407800000000","properties":{"id":"1980194059251830407800000000","pnu":"1221011100101790005","year":1980,"purpose":"단독주택","floors":2,"structure":"벽돌구조"},"geometry":{"type":"MultiPolygon","coordinates":[[[[126.935644,35.146529],[126.935675,35.146477],[126.935585,35.146438],[126.935557,35.146484],[126.935644,35.146529]]]]}},{"type":"Feature","id":"1980194066111831003300000000","properties":{"id":"1980194066111831003300000000","pnu":"1221011100101880020","year":1980,"purpose":"단독주택"},"geometry":{"type":"MultiPolygon","coordinates":[[[[126.935639,35.147061],[126.935701,35.147069],[126.935704,35.147056],[126.935719,35.147057],[126.935724,35.147023],[126.935738,35.147023],[126.935747,35.146982],[126.935665,35.146972],[126.935639,35.147061]]]]}},{"type":"Feature","id":"1980194117431830848700000000","properties":{"id":"1980194117431830848700000000","pnu":"1221011100101780058","year":1980,"purpose":"단독주택","floors":2,"structure":"벽돌구조"},"geometry":{"type":"MultiPolygon","coordinates":[[[[126.936302,35.146922],[126.936323,35.146864],[126.936279,35.14685],[126.936274,35.146855],[126.93624,35.146848],[126.936232,35.146854],[126.936194,35.146848],[126.936178,35.146888],[126.936302,35.146922]]]]}},{"type":"Feature","id":"1980194164271831296100000000","properties":{"id":"1980194164271831296100000000","pnu":"1221011100101770003","year":1980,"purpose":"단독주택","floors":2,"structure":"벽돌구조"},"geometry":{"type":"MultiPolygon","coordinates":[[[[126.936709,35.147307],[126.936774,35.147333],[126.936786,35.147319],[126.936797,35.147323],[126.936828,35.147284],[126.93682,35.147262],[126.936743,35.14723],[126.936709,35.147307]]]]}},{"type":"Feature","id":"1980194170711831168800000000","properties":{"id":"1980194170711831168800000000","pnu":"1221011100101770005","year":1980,"purpose":"제1종 근린생활시설"},"geometry":{"type":"MultiPolygon","coordinates":[[[[126.936909,35.147257],[126.936966,35.147167],[126.93684,35.147115],[126.936845,35.147102],[126.936746,35.147072],[126.936744,35.147201],[126.936909,35.147257]]]]}},{"type":"Feature","id":"1980194207831831177200000000","properties":{"id":"1980194207831831177200000000","pnu":"1221011100101950005","year":1980,"purpose":"단독주택","floors":2,"structure":"벽돌구조"},"geometry":{"type":"MultiPolygon","coordinates":[[[[126.937269,35.147233],[126.937319,35.147179],[126.937264,35.147139],[126.937199,35.147138],[126.937165,35.147164],[126.937269,35.147233]]]]}},{"type":"Feature","id":"1981193598361828955900000000","properties":{"id":"1981193598361828955900000000","pnu":"1221011100105030018","year":1981,"purpose":"제1종 근린생활시설","floors":2,"structure":"철근콘크리트구조"},"geometry":{"type":"MultiPolygon","coordinates":[[[[126.930576,35.145261],[126.930621,35.145188],[126.93056,35.145096],[126.930488,35.145134],[126.930576,35.145261]]]]}},{"type":"Feature","id":"1981193666201831713300000000","properties":{"id":"1981193666201831713300000000","pnu":"1221011100104630013","year":1981,"purpose":"단독주택","floors":2,"structure":"벽돌구조"},"geometry":{"type":"MultiPolygon","coordinates":[[[[126.931213,35.147692],[126.931368,35.147694],[126.931368,35.147605],[126.931333,35.147605],[126.931213,35.147656],[126.931213,35.147692]]]]}},{"type":"Feature","id":"1981193667181831512900000000","properties":{"id":"1981193667181831512900000000","pnu":"1221011100104630011","year":1981,"purpose":"공동주택","floors":2,"structure":"벽돌구조"},"geometry":{"type":"MultiPolygon","coordinates":[[[[126.931222,35.147561],[126.931386,35.147487],[126.931375,35.147471],[126.931412,35.147455],[126.931372,35.147393],[126.931298,35.147426],[126.931307,35.147441],[126.931239,35.147471],[126.931255,35.147496],[126.931219,35.147512],[126.931212,35.147548],[126.931222,35.147561]]]]}},{"type":"Feature","id":"1981193686131832034100000000","properties":{"id":"1981193686131832034100000000","pnu":"1221011100106940074","year":1981,"purpose":"단독주택","floors":2,"structure":"벽돌구조"},"geometry":{"type":"MultiPolygon","coordinates":[[[[126.931481,35.147989],[126.931584,35.147963],[126.931562,35.147903],[126.931455,35.147929],[126.931481,35.147989]]]]}},{"type":"Feature","id":"1981194114141830938400000000","properties":{"id":"1981194114141830938400000000","pnu":"1221011100101780057","year":1981,"purpose":"단독주택","floors":2,"structure":"벽돌구조"},"geometry":{"type":"MultiPolygon","coordinates":[[[[126.936144,35.146986],[126.93627,35.14699],[126.936294,35.146945],[126.936246,35.146928],[126.93624,35.146937],[126.936196,35.146926],[126.936188,35.146937],[126.936162,35.146933],[126.936144,35.146986]]]]}},{"type":"Feature","id":"1981194120871830752500000000","properties":{"id":"1981194120871830752500000000","pnu":"1221011100101780059","year":1981,"purpose":"단독주택","floors":2,"structure":"벽돌구조"},"geometry":{"type":"MultiPolygon","coordinates":[[[[126.936218,35.146808],[126.936328,35.146842],[126.936364,35.146774],[126.93631,35.146755],[126.936304,35.146766],[126.936247,35.14675],[126.936218,35.146808]]]]}},{"type":"Feature","id":"1981194359221830530800000000","properties":{"id":"1981194359221830530800000000","pnu":"1221011100101710019","year":1981,"purpose":"단독주택","floors":1,"structure":"일반목구조"},"geometry":{"type":"MultiPolygon","coordinates":[[[[126.938835,35.146595],[126.938868,35.146643],[126.93898,35.146598],[126.938946,35.146546],[126.938835,35.146595]]]]}},{"type":"Feature","id":"1982193770361831853100000000","properties":{"id":"1982193770361831853100000000","pnu":"1221011100104620001","year":1982,"purpose":"제2종 근린생활시설","floors":2,"structure":"철근콘크리트구조"},"geometry":{"type":"MultiPolygon","coordinates":[[[[126.932446,35.14787],[126.93251,35.147808],[126.932455,35.147711],[126.932374,35.147739],[126.932446,35.14787]]]]}},{"type":"Feature","id":"1982193828721831702100000000","properties":{"id":"1982193828721831702100000000","pnu":"1221011100106910003","year":1982,"purpose":"공동주택","floors":4,"structure":"철근콘크리트구조"},"geometry":{"type":"MultiPolygon","coordinates":[[[[126.932916,35.147561],[126.933019,35.147749],[126.933259,35.147723],[126.93324,35.147607],[126.933102,35.147613],[126.93304,35.147516],[126.932916,35.147561]]]]}},{"type":"Feature","id":"1982194169681830998300000000","properties":{"id":"1982194169681830998300000000","pnu":"1221011100101770007","year":1982,"purpose":"공동주택","far":74.3095,"floors":2,"structure":"벽돌구조"},"geometry":{"type":"MultiPolygon","coordinates":[[[[126.936838,35.147098],[126.936912,35.146972],[126.936837,35.146938],[126.936832,35.14695],[126.936803,35.146943],[126.936746,35.14706],[126.936838,35.147098]]]]}},{"type":"Feature","id":"1982194270621830842100000000","properties":{"id":"1982194270621830842100000000","pnu":"1221011100101720008","year":1982,"purpose":"단독주택","floors":1,"structure":"벽돌구조"},"geometry":{"type":"MultiPolygon","coordinates":[[[[126.937874,35.146914],[126.937978,35.146932],[126.93799,35.146888],[126.937979,35.146886],[126.937987,35.146829],[126.937921,35.146816],[126.937893,35.146833],[126.937874,35.146914]]]]}},{"type":"Feature","id":"1982194280561830873000000000","properties":{"id":"1982194280561830873000000000","pnu":"1221011100101720008","year":1982,"purpose":"단독주택","floors":1,"structure":"벽돌구조"},"geometry":{"type":"MultiPolygon","coordinates":[[[[126.93799,35.146938],[126.938082,35.146953],[126.938096,35.146918],[126.93808,35.146916],[126.938093,35.146863],[126.938012,35.146851],[126.93799,35.146938]]]]}},{"type":"Feature","id":"1982194281641830764900000000","properties":{"id":"1982194281641830764900000000","pnu":"1221011100101720026","year":1982,"purpose":"단독주택","floors":1,"structure":"벽돌구조"},"geometry":{"type":"MultiPolygon","coordinates":[[[[126.938127,35.146843],[126.938142,35.146798],[126.937986,35.146769],[126.937968,35.146812],[126.938127,35.146843]]]]}},{"type":"Feature","id":"1982194290421830661800000000","properties":{"id":"1982194290421830661800000000","pnu":"1221011100101720027","year":1982,"purpose":"단독주택","floors":1,"structure":"벽돌구조"},"geometry":{"type":"MultiPolygon","coordinates":[[[[126.938053,35.146741],[126.938178,35.146756],[126.938184,35.146739],[126.938194,35.146739],[126.938198,35.146716],[126.938212,35.146715],[126.938221,35.146654],[126.938168,35.146671],[126.938054,35.146735],[126.938053,35.146741]]]]}},{"type":"Feature","id":"1983193576921828892200000000","properties":{"id":"1983193576921828892200000000","pnu":"1221011100105030003","year":1983,"purpose":"제1종 근린생활시설","floors":3,"structure":"철근콘크리트구조"},"geometry":{"type":"MultiPolygon","coordinates":[[[[126.930345,35.145182],[126.930401,35.145146],[126.930306,35.145042],[126.930247,35.145087],[126.930345,35.145182]]]]}},{"type":"Feature","id":"1983193578681828586700000000","properties":{"id":"1983193578681828586700000000","pnu":"1221011800104190000","year":1983,"purpose":"제2종 근린생활시설","far":175.4942,"floors":4,"structure":"철근콘크리트구조"},"geometry":{"type":"MultiPolygon","coordinates":[[[[126.930341,35.144916],[126.930418,35.144881],[126.930338,35.144758],[126.930273,35.144789],[126.930341,35.144916]]]]}},{"type":"Feature","id":"1983193582191829470200000000","properties":{"id":"1983193582191829470200000000","pnu":"1221011100104760007","year":1983,"purpose":"제2종 근린생활시설","far":141.29,"floors":3,"structure":"철근콘크리트구조"},"geometry":{"type":"MultiPolygon","coordinates":[[[[126.930348,35.145682],[126.930461,35.145638],[126.930446,35.145615],[126.930371,35.145597],[126.930314,35.145615],[126.930348,35.145682]]]]}},{"type":"Feature","id":"1983194089301831042500000000","properties":{"id":"1983194089301831042500000000","pnu":"1221011100101880022","year":1983,"purpose":"단독주택","floors":2,"structure":"벽돌구조"},"geometry":{"type":"MultiPolygon","coordinates":[[[[126.93598,35.147118],[126.936004,35.147004],[126.935912,35.146991],[126.935885,35.147103],[126.93598,35.147118]]]]}},{"type":"Feature","id":"1983194091691831368500000000","properties":{"id":"1983194091691831368500000000","pnu":"1221011100101880010","year":1983,"purpose":"제1종 근린생활시설","floors":2,"structure":"벽돌구조"},"geometry":{"type":"MultiPolygon","coordinates":[[[[126.935922,35.147399],[126.936002,35.147412],[126.936021,35.147295],[126.935938,35.14729],[126.935922,35.147399]]]]}},{"type":"Feature","id":"1983194115391831566100000000","properties":{"id":"1983194115391831566100000000","pnu":"1221011100101870001","year":1983,"purpose":"공동주택","floors":5,"structure":"철근콘크리트구조"},"geometry":{"type":"MultiPolygon","coordinates":[[[[126.936068,35.147587],[126.936399,35.14758],[126.936402,35.14747],[126.93606,35.147472],[126.936068,35.147587]]]]}},{"type":"Feature","id":"1983194129511831328300000000","properties":{"id":"1983194129511831328300000000","pnu":"1221011100101870001","year":1983,"purpose":"공동주택","floors":5,"structure":"철근콘크리트구조"},"geometry":{"type":"MultiPolygon","coordinates":[[[[126.936123,35.147373],[126.936657,35.14736],[126.936655,35.147253],[126.936113,35.147264],[126.936123,35.147373]]]]}},{"type":"Feature","id":"1983194130801831092500000000","properties":{"id":"1983194130801831092500000000","pnu":"1221011100101870001","year":1983,"purpose":"공동주택","floors":5,"structure":"철근콘크리트구조"},"geometry":{"type":"MultiPolygon","coordinates":[[[[126.936701,35.147145],[126.936695,35.147038],[126.936101,35.147054],[126.936108,35.147163],[126.936701,35.147145]]]]}},{"type":"Feature","id":"1984193533121829673900000000","properties":{"id":"1984193533121829673900000000","pnu":"1221011100104730009","year":1984,"purpose":"제1종 근린생활시설"},"geometry":{"type":"MultiPolygon","coordinates":[[[[126.929893,35.145712],[126.929706,35.145792],[126.929812,35.145922],[126.92993,35.145875],[126.929957,35.145816],[126.929893,35.145712]]]]}},{"type":"Feature","id":"1984194145561831526400000000","properties":{"id":"1984194145561831526400000000","pnu":"1221011100106910005","year":1984,"purpose":"제1종 근린생활시설","floors":2,"structure":"벽돌구조"},"geometry":{"type":"MultiPolygon","coordinates":[[[[126.936577,35.147546],[126.936634,35.147486],[126.936568,35.147446],[126.936546,35.147461],[126.93653,35.147449],[126.936487,35.147484],[126.936577,35.147546]]]]}},{"type":"Feature","id":"1985193564621828485500000000","properties":{"id":"1985193564621828485500000000","pnu":"1221011800104190013","year":1985,"purpose":"제2종 근린생활시설","far":142.9417,"floors":4,"structure":"철근콘크리트구조"},"geometry":{"type":"MultiPolygon","coordinates":[[[[126.930252,35.14481],[126.93028,35.144728],[126.930198,35.144713],[126.930189,35.144696],[126.930073,35.144721],[126.930115,35.144756],[126.930252,35.14481]]]]}},{"type":"Feature","id":"1985193660521831194800000000","properties":{"id":"1985193660521831194800000000","pnu":"1221011100104660007","year":1985,"purpose":"단독주택"},"geometry":{"type":"MultiPolygon","coordinates":[[[[126.931268,35.147205],[126.931267,35.147171],[126.931213,35.147175],[126.93121,35.147206],[126.931268,35.147205]]]]}},{"type":"Feature","id":"1985193663601831260000000000","properties":{"id":"1985193663601831260000000000","pnu":"1221011100104660007","year":1985,"purpose":"제1종 근린생활시설"},"geometry":{"type":"MultiPolygon","coordinates":[[[[126.931333,35.147277],[126.931329,35.147212],[126.931275,35.147212],[126.931275,35.147217],[126.93123,35.147218],[126.93123,35.147232],[126.93121,35.147233],[126.931211,35.147281],[126.931333,35.147277]]]]}},{"type":"Feature","id":"1985193714881831241000000000","properties":{"id":"1985193714881831241000000000","pnu":"1221011100104610007","year":1985,"purpose":"제1종 근린생활시설","far":219.52,"floors":4,"structure":"철근콘크리트구조"},"geometry":{"type":"MultiPolygon","coordinates":[[[[126.931941,35.147279],[126.931897,35.14717],[126.93182,35.147161],[126.931758,35.147161],[126.931757,35.147295],[126.931839,35.147298],[126.931941,35.147279]]]]}},{"type":"Feature","id":"1985193716911831361200000000","properties":{"id":"1985193716911831361200000000","pnu":"1221011100104610007","purpose":"기타","structure":"벽돌구조"},"geometry":{"type":"MultiPolygon","coordinates":[[[[126.931991,35.147341],[126.931971,35.147313],[126.931827,35.147335],[126.931816,35.147311],[126.931757,35.147314],[126.931758,35.147367],[126.931899,35.14736],[126.931991,35.147341]]]]}},{"type":"Feature","id":"1985193759271831550800000000","properties":{"id":"1985193759271831550800000000","pnu":"1221011100104620018","year":1985,"purpose":"제2종 근린생활시설","far":155.07,"floors":3,"structure":"철근콘크리트구조"},"geometry":{"type":"MultiPolygon","coordinates":[[[[126.93223,35.147494],[126.93227,35.147577],[126.932419,35.147523],[126.932378,35.147447],[126.93223,35.147494]]]]}},{"type":"Feature","id":"1985194114601832003200000000","properties":{"id":"1985194114601832003200000000","pnu":"1221011100102320019","year":1985,"purpose":"단독주택","floors":1,"structure":"블록구조"},"geometry":{"type":"MultiPolygon","coordinates":[[[[126.936181,35.147895],[126.936194,35.147956],[126.936264,35.147947],[126.936249,35.147884],[126.936181,35.147895]]]]}},{"type":"Feature","id":"1985194180321831046200000000","properties":{"id":"1985194180321831046200000000","pnu":"1221011100101770006","year":1985,"purpose":"단독주택","far":87.08,"floors":2,"structure":"벽돌구조"},"geometry":{"type":"MultiPolygon","coordinates":[[[[126.936947,35.147119],[126.936981,35.147075],[126.936991,35.147079],[126.937016,35.147031],[126.936931,35.146998],[126.936874,35.147088],[126.936912,35.147101],[126.93691,35.14711],[126.936947,35.147119]]]]}},{"type":"Feature","id":"1985194309201830959400000000","properties":{"id":"1985194309201830959400000000","pnu":"1221011100101720024","year":1985,"purpose":"단독주택","far":64.06,"floors":1,"structure":"블록구조"},"geometry":{"type":"MultiPolygon","coordinates":[[[[126.938411,35.147003],[126.938365,35.14694],[126.938304,35.14698],[126.938328,35.147003],[126.938351,35.146996],[126.938367,35.147014],[126.938411,35.147003]]]]}},{"type":"Feature","id":"1985194328601830738700000000","properties":{"id":"1985194328601830738700000000","pnu":"1221011100101710025","year":1985,"purpose":"단독주택","floors":1,"structure":"벽돌구조"},"geometry":{"type":"MultiPolygon","coordinates":[[[[126.938549,35.146843],[126.93862,35.146794],[126.938612,35.14678],[126.938633,35.146767],[126.938595,35.146719],[126.938508,35.14679],[126.938549,35.146843]]]]}},{"type":"Feature","id":"1986193496961831247800000000","properties":{"id":"1986193496961831247800000000","pnu":"1221010800101160003","year":1986,"purpose":"제1종 근린생활시설","floors":4,"structure":"철근콘크리트구조"},"geometry":{"type":"MultiPolygon","coordinates":[[[[126.929432,35.147294],[126.929511,35.147256],[126.929484,35.14721],[126.92943,35.147188],[126.92938,35.1472],[126.929432,35.147294]]]]}},{"type":"Feature","id":"1986193503821831727400000000","properties":{"id":"1986193503821831727400000000","pnu":"1221010800101140008","year":1986,"purpose":"단독주택","far":107.29,"floors":2,"structure":"벽돌구조"},"geometry":{"type":"MultiPolygon","coordinates":[[[[126.929484,35.147717],[126.929592,35.147687],[126.929566,35.147633],[126.929524,35.147643],[126.929511,35.147622],[126.929458,35.147635],[126.929484,35.147717]]]]}},{"type":"Feature","id":"1986193573731828710300000000","properties":{"id":"1986193573731828710300000000","pnu":"1221011100105030011","year":1986,"purpose":"제2종 근린생활시설"},"geometry":{"type":"MultiPolygon","coordinates":[[[[126.930303,35.145014],[126.930388,35.144924],[126.93033,35.144926],[126.930265,35.144885],[126.930206,35.144956],[126.930303,35.145014]]]]}},{"type":"Feature","id":"1987194105991831883300000000","properties":{"id":"1987194105991831883300000000","pnu":"1221011100106910037","purpose":"제1종 근린생활시설","structure":"벽돌구조"},"geometry":{"type":"MultiPolygon","coordinates":[[[[126.936119,35.14781],[126.936125,35.147818],[126.936135,35.147817],[126.936133,35.147807],[126.936119,35.14781]]]]}},{"type":"Feature","id":"1987194108381831818300000000","properties":{"id":"1987194108381831818300000000","pnu":"1221011100106910037","year":1987,"purpose":"제2종 근린생활시설","far":112.25688,"floors":2,"structure":"벽돌구조"},"geometry":{"type":"MultiPolygon","coordinates":[[[[126.936125,35.147795],[126.936207,35.14779],[126.936201,35.147719],[126.93613,35.147717],[126.936089,35.147727],[126.936125,35.147795]]]]}},{"type":"Feature","id":"1987194113321831868300000000","properties":{"id":"1987194113321831868300000000","pnu":"1221011100106910037","purpose":"제1종 근린생활시설","structure":"벽돌구조"},"geometry":{"type":"MultiPolygon","coordinates":[[[[126.936201,35.147795],[126.936204,35.147805],[126.936216,35.147802],[126.936212,35.147794],[126.936201,35.147795]]]]}},{"type":"Feature","id":"1988193488961828020200000000","properties":{"id":"1988193488961828020200000000","pnu":"1221011800104450005","year":1988,"purpose":"제2종 근린생활시설","far":138.79,"floors":3,"structure":"일반철골구조"},"geometry":{"type":"MultiPolygon","coordinates":[[[[126.92935,35.144384],[126.929423,35.144351],[126.929369,35.144269],[126.929296,35.144304],[126.92935,35.144384]]]]}},{"type":"Feature","id":"1988193491201828108400000000","properties":{"id":"1988193491201828108400000000","pnu":"1221011800104450005","year":1988,"purpose":"기타","structure":"벽돌구조"},"geometry":{"type":"MultiPolygon","coordinates":[[[[126.929372,35.144406],[126.929378,35.144414],[126.929396,35.144406],[126.929391,35.144399],[126.929372,35.144406]]]]}},{"type":"Feature","id":"1988193501451828028900000000","properties":{"id":"1988193501451828028900000000","pnu":"1221011800104450018","year":1988,"purpose":"단독주택","far":106.11,"floors":2,"structure":"벽돌구조"},"geometry":{"type":"MultiPolygon","coordinates":[[[[126.929459,35.144388],[126.929546,35.144359],[126.929544,35.144351],[126.929573,35.144342],[126.929533,35.144281],[126.929422,35.144323],[126.929459,35.144388]]]]}},{"type":"Feature","id":"1988193522601831693100000000","properties":{"id":"1988193522601831693100000000","pnu":"1221010800101140015","year":1988,"purpose":"단독주택"},"geometry":{"type":"MultiPolygon","coordinates":[[[[126.929673,35.147687],[126.929796,35.147646],[126.929767,35.147583],[126.929708,35.147605],[126.929713,35.147615],[126.929651,35.147646],[126.929673,35.147687]]]]}},{"type":"Feature","id":"1988193527041831802300000000","properties":{"id":"1988193527041831802300000000","pnu":"1221010800101140000","year":1988,"purpose":"단독주택","far":103.85,"floors":2,"structure":"벽돌구조"},"geometry":{"type":"MultiPolygon","coordinates":[[[[126.929733,35.147781],[126.929837,35.147758],[126.929807,35.147685],[126.929755,35.147699],[126.929756,35.147707],[126.929722,35.14772],[126.929724,35.14773],[126.929712,35.147734],[126.929733,35.147781]]]]}},{"type":"Feature","id":"1988193534571831627800000000","properties":{"id":"1988193534571831627800000000","pnu":"1221010800101140014","year":1988,"purpose":"단독주택","far":77.11,"floors":2,"structure":"벽돌구조"},"geometry":{"type":"MultiPolygon","coordinates":[[[[126.929817,35.147631],[126.929926,35.1476],[126.929894,35.147522],[126.92984,35.147539],[126.929841,35.147547],[126.929785,35.147567],[126.929817,35.147631]]]]}},{"type":"Feature","id":"1988193563721829447600000000","properties":{"id":"1988193563721829447600000000","pnu":"1221011100104760011","year":1988,"purpose":"제2종 근린생활시설","far":145.45,"floors":3,"structure":"철근콘크리트구조"},"geometry":{"type":"MultiPolygon","coordinates":[[[[126.930194,35.145693],[126.930259,35.145575],[126.930168,35.145536],[126.930097,35.145648],[126.930194,35.145693]]]]}},{"type":"Feature","id":"1988193565111828797100000000","properties":{"id":"1988193565111828797100000000","pnu":"1221011100105030007","year":1988,"purpose":"제2종 근린생활시설","far":116.91,"floors":2,"structure":"철근콘크리트구조"},"geometry":{"type":"MultiPolygon","coordinates":[[[[126.930232,35.145082],[126.93027,35.145028],[126.930185,35.144987],[126.930193,35.144973],[126.930172,35.144962],[126.930121,35.145036],[126.930232,35.145082]]]]}},{"type":"Feature","id":"1988193681091830824000000000","properties":{"id":"1988193681091830824000000000","pnu":"1221011100104860003","purpose":"기타","structure":"벽돌구조"},"geometry":{"type":"MultiPolygon","coordinates":[[[[126.931453,35.146857],[126.931475,35.146862],[126.931478,35.146853],[126.931457,35.146848],[126.931453,35.146857]]]]}},{"type":"Feature","id":"1988193682431830763900000000","properties":{"id":"1988193682431830763900000000","pnu":"1221011100104860003","year":1988,"purpose":"제1종 근린생활시설","far":111.89,"floors":2,"structure":"벽돌구조"},"geometry":{"type":"MultiPolygon","coordinates":[[[[126.931563,35.146857],[126.931571,35.146751],[126.931498,35.146741],[126.931487,35.146781],[126.931367,35.146769],[126.931359,35.146822],[126.931563,35.146857]]]]}},{"type":"Feature","id":"1988194055941831291800000000","properties":{"id":"1988194055941831291800000000","pnu":"1221011100101880007","year":1988,"purpose":"단독주택","far":74.19,"floors":2,"structure":"벽돌구조"},"geometry":{"type":"MultiPolygon","coordinates":[[[[126.935619,35.147328],[126.935655,35.147252],[126.935599,35.147238],[126.935594,35.147248],[126.935554,35.14724],[126.935549,35.14725],[126.935522,35.147245],[126.935498,35.147297],[126.935619,35.147328]]]]}},{"type":"Feature","id":"1989193479891830358700000000","properties":{"id":"1989193479891830358700000000","pnu":"1221011100105210010","purpose":"기타","structure":"벽돌구조"},"geometry":{"type":"MultiPolygon","coordinates":[[[[126.92926,35.146475],[126.929307,35.146432],[126.929257,35.146395],[126.92921,35.146436],[126.92926,35.146475]]]]}},{"type":"Feature","id":"1989193490641829847500000000","properties":{"id":"1989193490641829847500000000","pnu":"1221011100105210006","purpose":"제2종 근린생활시설","far":1.815126,"structure":"벽돌구조"},"geometry":{"type":"MultiPolygon","coordinates":[[[[126.929356,35.145976],[126.929362,35.145986],[126.929397,35.145972],[126.929392,35.145962],[126.929356,35.145976]]]]}},{"type":"Feature","id":"1989193499951829877800000000","properties":{"id":"1989193499951829877800000000","pnu":"1221011100105210006","year":1989,"purpose":"제2종 근린생활시설","far":220.82352,"floors":4,"structure":"철근콘크리트구조"},"geometry":{"type":"MultiPolygon","coordinates":[[[[126.929387,35.145979],[126.929446,35.146081],[126.929559,35.14603],[126.929537,35.145992],[126.929553,35.145984],[126.92952,35.145919],[126.929489,35.145929],[126.929495,35.145938],[126.929387,35.145979]]]]}},{"type":"Feature","id":"1989193510271831378000000000","properties":{"id":"1989193510271831378000000000","pnu":"1221010800101160015","year":1989,"purpose":"단독주택"},"geometry":{"type":"MultiPolygon","coordinates":[[[[126.929554,35.14741],[126.929659,35.147374],[126.929658,35.147338],[126.929631,35.147298],[126.92951,35.147339],[126.929554,35.14741]]]]}},{"type":"Feature","id":"1989193518531829776600000000","properties":{"id":"1989193518531829776600000000","pnu":"1221011100104730002","year":1989,"purpose":"제1종 근린생활시설","far":145.74,"floors":3,"structure":"철근콘크리트구조"},"geometry":{"type":"MultiPolygon","coordinates":[[[[126.929809,35.145927],[126.929717,35.145809],[126.929605,35.145873],[126.929614,35.145887],[126.929567,35.145913],[126.929621,35.146004],[126.929809,35.145927]]]]}},{"type":"Feature","id":"1989193519261828097800000000","properties":{"id":"1989193519261828097800000000","pnu":"1221011800104450009","year":1989,"purpose":"제1종 근린생활시설","far":117.2,"floors":2,"structure":"벽돌구조"},"geometry":{"type":"MultiPolygon","coordinates":[[[[126.929654,35.144447],[126.929751,35.144427],[126.929729,35.144347],[126.929635,35.144366],[126.929654,35.144447]]]]}},{"type":"Feature","id":"1989193535571828037000000000","properties":{"id":"1989193535571828037000000000","pnu":"1221011800103500001","year":1989,"purpose":"제1종 근린생활시설","far":182.27,"floors":4,"structure":"철근콘크리트구조"},"geometry":{"type":"MultiPolygon","coordinates":[[[[126.929868,35.144271],[126.929815,35.144343],[126.929804,35.144341],[126.929786,35.144366],[126.929872,35.144411],[126.929955,35.144321],[126.929868,35.144271]]]]}},{"type":"Feature","id":"1989193544741831995100000000","properties":{"id":"1989193544741831995100000000","pnu":"1221010800101120006","year":1989,"purpose":"단독주택"},"geometry":{"type":"MultiPolygon","coordinates":[[[[126.929897,35.147947],[126.93006,35.147931],[126.930054,35.147886],[126.930013,35.147887],[126.930005,35.147875],[126.929957,35.147882],[126.929945,35.147875],[126.929884,35.147886],[126.929897,35.147947]]]]}},{"type":"Feature","id":"1989193676941831226800000000","properties":{"id":"1989193676941831226800000000","pnu":"1221011100104650004","year":1989,"purpose":"제1종 근린생활시설"},"geometry":{"type":"MultiPolygon","coordinates":[[[[126.931469,35.14727],[126.931462,35.147165],[126.931368,35.147165],[126.931383,35.147276],[126.931469,35.14727]]]]}},{"type":"Feature","id":"1989194178881831458900000000","properties":{"id":"1989194178881831458900000000","pnu":"1221011100101950002","year":1989,"purpose":"단독주택","far":96.33,"floors":2,"structure":"벽돌구조"},"geometry":{"type":"MultiPolygon","coordinates":[[[[126.936926,35.14748],[126.936995,35.147444],[126.936961,35.147406],[126.936952,35.14741],[126.936929,35.147384],[126.936919,35.147388],[126.936912,35.147382],[126.936864,35.14742],[126.936926,35.14748]]]]}},{"type":"Feature","id":"1990193492781831905700000000","properties":{"id":"1990193492781831905700000000","pnu":"1221010800101140003","year":1990,"purpose":"단독주택","far":112.76,"floors":2,"structure":"벽돌구조"},"geometry":{"type":"MultiPolygon","coordinates":[[[[126.929322,35.147885],[126.929498,35.147836],[126.929478,35.147774],[126.929299,35.147822],[126.929322,35.147885]]]]}},{"type":"Feature","id":"1990193555041829381900000000","properties":{"id":"1990193555041829381900000000","pnu":"1221011100104760008","year":1990,"purpose":"단독주택","far":131.55,"floors":3,"structure":"벽돌구조"},"geometry":{"type":"MultiPolygon","coordinates":[[[[126.930082,35.145632],[126.93016,35.145507],[126.930091,35.145479],[126.930035,35.14556],[126.930026,35.145558],[126.930005,35.145591],[126.930082,35.145632]]]]}},{"type":"Feature","id":"1990193583471829022700000000","properties":{"id":"1990193583471829022700000000","pnu":"1221011100105030017","year":1990,"purpose":"제2종 근린생활시설","far":160.85,"floors":3,"structure":"철근콘크리트구조"},"geometry":{"type":"MultiPolygon","coordinates":[[[[126.930386,35.145295],[126.93047,35.145231],[126.930402,35.145167],[126.930351,35.145202],[126.930357,35.14521],[126.930325,35.145237],[126.930386,35.145295]]]]}},{"type":"Feature","id":"1990193655891831068000000000","properties":{"id":"1990193655891831068000000000","pnu":"1221011100104850004","year":1990,"purpose":"제2종 근린생활시설"},"geometry":{"type":"MultiPolygon","coordinates":[[[[126.931122,35.147119],[126.931244,35.147096],[126.931265,35.14708],[126.931253,35.147033],[126.931119,35.147056],[126.931122,35.147119]]]]}},{"type":"Feature","id":"1990193781541832015200000000","properties":{"id":"1990193781541832015200000000","pnu":"1221011100104620000","year":1990,"purpose":"제2종 근린생활시설","far":283,"floors":5,"structure":"철근콘크리트구조"},"geometry":{"type":"MultiPolygon","coordinates":[[[[126.932671,35.147939],[126.932667,35.147933],[126.932676,35.147927],[126.932644,35.147896],[126.932634,35.147899],[126.932602,35.147882],[126.932588,35.147872],[126.932549,35.14789],[126.932539,35.147876],[126.932466,35.14791],[126.932497,35.147962],[126.932551,35.147994],[126.932671,35.147939]]]]}},{"type":"Feature","id":"1990193804451831359400000000","properties":{"id":"1990193804451831359400000000","pnu":"1221011100104600002","year":1990,"purpose":"단독주택","far":96.74,"floors":2,"structure":"벽돌구조"},"geometry":{"type":"MultiPolygon","coordinates":[[[[126.932853,35.147411],[126.932864,35.147289],[126.932834,35.147286],[126.932833,35.147281],[126.932775,35.147281],[126.932767,35.147326],[126.932813,35.14741],[126.932853,35.147411]]]]}},{"type":"Feature","id":"1990193948831831990000000000","properties":{"id":"1990193948831831990000000000","pnu":"1221011100102320046","purpose":"제1종 근린생활시설"},"geometry":{"type":"MultiPolygon","coordinates":[[[[126.934365,35.147949],[126.934458,35.147937],[126.934439,35.147865],[126.934351,35.147878],[126.934365,35.147949]]]]}},{"type":"Feature","id":"1990193957151832058700000000","properties":{"id":"1990193957151832058700000000","pnu":"1221011100102320046","year":1990,"purpose":"제1종 근린생활시설","far":95.3,"floors":2,"structure":"철근콘크리트구조"},"geometry":{"type":"MultiPolygon","coordinates":[[[[126.934396,35.148047],[126.93459,35.148018],[126.934558,35.147863],[126.934519,35.147863],[126.934518,35.147898],[126.934464,35.147903],[126.934465,35.147953],[126.934376,35.147969],[126.934396,35.148047]]]]}},{"type":"Feature","id":"1990194010351831521000000000","properties":{"id":"1990194010351831521000000000","pnu":"1221011100101870022","year":1990,"purpose":"단독주택","far":96.25,"floors":2,"structure":"벽돌구조"},"geometry":{"type":"MultiPolygon","coordinates":[[[[126.935036,35.147542],[126.935108,35.147542],[126.935106,35.147483],[126.935137,35.147483],[126.935134,35.147438],[126.935035,35.147437],[126.935036,35.147542]]]]}},{"type":"Feature","id":"1990194023701831530200000000","properties":{"id":"1990194023701831530200000000","pnu":"1221011100101870022","purpose":"기타","structure":"벽돌구조"},"geometry":{"type":"MultiPolygon","coordinates":[[[[126.935168,35.14753],[126.935295,35.147523],[126.935294,35.14748],[126.935275,35.14748],[126.935275,35.147462],[126.935229,35.147463],[126.935227,35.147452],[126.935177,35.147456],[126.935161,35.147488],[126.935168,35.14753]]]]}},{"type":"Feature","id":"1991193504471828290900000000","properties":{"id":"1991193504471828290900000000","pnu":"1221011100105070006","year":1991,"purpose":"제1종 근린생활시설","far":155.09,"floors":4,"structure":"철근콘크리트구조"},"geometry":{"type":"MultiPolygon","coordinates":[[[[126.929505,35.144629],[126.929539,35.144617],[126.92957,35.144606],[126.929593,35.144505],[126.929566,35.144498],[126.929551,35.144527],[126.929444,35.144575],[126.929505,35.144629]]]]}},{"type":"Feature","id":"1991193508271828386400000000","properties":{"id":"1991193508271828386400000000","pnu":"1221011100105070006","year":1991,"purpose":"제1종 근린생활시설","far":155.09,"floors":4,"structure":"철근콘크리트구조"},"geometry":{"type":"MultiPolygon","coordinates":[[[[126.929564,35.14466],[126.929575,35.144663],[126.929579,35.144653],[126.929568,35.144651],[126.929564,35.14466]]]]}},{"type":"Feature","id":"1991193562621829225700000000","properties":{"id":"1991193562621829225700000000","pnu":"1221011100105030014","year":1991,"purpose":"단독주택","far":138.82,"floors":3,"structure":"벽돌구조"},"geometry":{"type":"MultiPolygon","coordinates":[[[[126.9301,35.145454],[126.930175,35.145479],[126.930234,35.145375],[126.930159,35.145348],[126.9301,35.145454]]]]}},{"type":"Feature","id":"1991193730191831940700000000","properties":{"id":"1991193730191831940700000000","pnu":"1221011100104440006","year":1991,"purpose":"단독주택","far":131.9,"floors":3,"structure":"벽돌구조"},"geometry":{"type":"MultiPolygon","coordinates":[[[[126.932042,35.147918],[126.932043,35.147808],[126.931966,35.147804],[126.931964,35.147917],[126.932042,35.147918]]]]}},{"type":"Feature","id":"1991193943861831715400000000","properties":{"id":"1991193943861831715400000000","pnu":"1221011100106910027","year":1991,"purpose":"제1종 근린생활시설","far":203.36363,"floors":3,"structure":"철근콘크리트구조"},"geometry":{"type":"MultiPolygon","coordinates":[[[[126.934277,35.147693],[126.934422,35.14769],[126.934423,35.147631],[126.934279,35.147627],[126.934277,35.147693]]]]}},{"type":"Feature","id":"1991193985331832008300000000","properties":{"id":"1991193985331832008300000000","pnu":"1221011100102320073","year":1991,"purpose":"제2종 근린생활시설","far":211,"floors":4,"structure":"철근콘크리트구조"},"geometry":{"type":"MultiPolygon","coordinates":[[[[126.934839,35.147981],[126.934832,35.147866],[126.934774,35.147865],[126.93477,35.14798],[126.934839,35.147981]]]]}},{"type":"Feature","id":"1991194068471830600000000000","properties":{"id":"1991194068471830600000000000","pnu":"1221011100101790006","year":1991,"purpose":"단독주택","far":139.81,"floors":2,"structure":"벽돌구조"},"geometry":{"type":"MultiPolygon","coordinates":[[[[126.935756,35.146706],[126.935737,35.146597],[126.935683,35.1466],[126.935691,35.146713],[126.935756,35.146706]]]]}},{"type":"Feature","id":"1991194134221831825900000000","properties":{"id":"1991194134221831825900000000","pnu":"1221011100106910009","year":1991,"purpose":"단독주택","far":158.4,"floors":3,"structure":"철근콘크리트구조"},"geometry":{"type":"MultiPolygon","coordinates":[[[[126.936409,35.147806],[126.936469,35.147799],[126.936498,35.147764],[126.936457,35.147725],[126.936385,35.147718],[126.936409,35.147806]]]]}},{"type":"Feature","id":"1991194138191831596800000000","properties":{"id":"1991194138191831596800000000","pnu":"1221011100101900000","year":1991,"purpose":"단독주택","far":234.33,"floors":3,"structure":"벽돌구조"},"geometry":{"type":"MultiPolygon","coordinates":[[[[126.936435,35.147583],[126.936488,35.14758],[126.936549,35.147562],[126.936458,35.147512],[126.936435,35.147583]]]]}},{"type":"Feature","id":"1991194138461831903000000000","properties":{"id":"1991194138461831903000000000","pnu":"1221011100106910009","purpose":"제1종 근린생활시설","structure":"벽돌구조"},"geometry":{"type":"MultiPolygon","coordinates":[[[[126.93647,35.147849],[126.936497,35.147849],[126.936498,35.147812],[126.936471,35.147812],[126.93647,35.147849]]]]}},{"type":"Feature","id":"1991194230401832052300000000","properties":{"id":"1991194230401832052300000000","pnu":"1221011100101930002","year":1991,"purpose":"단독주택","far":30.99,"floors":2,"structure":"벽돌구조"},"geometry":{"type":"MultiPolygon","coordinates":[[[[126.937547,35.148033],[126.937586,35.147951],[126.937442,35.1479],[126.937397,35.147978],[126.937547,35.148033]]]]}},{"type":"Feature","id":"1992193464901830041700000000","properties":{"id":"1992193464901830041700000000","pnu":"1221011100105200001","year":1992,"purpose":"제1종 근린생활시설","far":167.44,"floors":3,"structure":"철근콘크리트구조"},"geometry":{"type":"MultiPolygon","coordinates":[[[[126.929087,35.146223],[126.929163,35.14619],[126.929172,35.146163],[126.929117,35.146078],[126.928991,35.146128],[126.929007,35.146151],[126.929032,35.146144],[126.929087,35.146223]]]]}},{"type":"Feature","id":"1992193550331828550200000000","properties":{"id":"1992193550331828550200000000","pnu":"1221011100105070013","year":1992,"purpose":"제1종 근린생활시설"},"geometry":{"type":"MultiPolygon","coordinates":[[[[126.930077,35.144863],[126.930112,35.144812],[126.930004,35.144749],[126.929946,35.144797],[126.930077,35.144863]]]]}},{"type":"Feature","id":"1992193682291827469800000000","properties":{"id":"1992193682291827469800000000","pnu":"1221011800103590001","year":1992,"purpose":"기타"},"geometry":{"type":"MultiPolygon","coordinates":[[[[126.931482,35.143836],[126.931483,35.143836],[126.931483,35.143836],[126.931484,35.143836],[126.931485,35.143835],[126.931486,35.143835],[126.931486,35.143834],[126.931487,35.143833],[126.931487,35.143833],[126.931487,35.143832],[126.931487,35.143831],[126.931487,35.14383],[126.931486,35.14383],[126.931486,35.143829],[126.931485,35.143828],[126.931484,35.143828],[126.931483,35.143828],[126.931483,35.143827],[126.931482,35.143827],[126.931481,35.143827],[126.93148,35.143828],[126.931479,35.143828],[126.931478,35.143828],[126.931477,35.143829],[126.931477,35.14383],[126.931476,35.14383],[126.931476,35.143831],[126.931476,35.143832],[126.931476,35.143833],[126.931476,35.143833],[126.931477,35.143834],[126.931477,35.143835],[126.931478,35.143835],[126.931479,35.143836],[126.93148,35.143836],[126.931481,35.143836],[126.931482,35.143836]]]]}},{"type":"Feature","id":"1992194052401830867900000000","properties":{"id":"1992194052401830867900000000","pnu":"1221011100101780046","year":1992,"purpose":"단독주택","far":101.58,"floors":2,"structure":"벽돌구조"},"geometry":{"type":"MultiPolygon","coordinates":[[[[126.935589,35.146934],[126.935598,35.146866],[126.935551,35.146862],[126.935551,35.146866],[126.935506,35.146865],[126.935505,35.146876],[126.935486,35.146875],[126.935473,35.146921],[126.935589,35.146934]]]]}},{"type":"Feature","id":"1992194201231831866100000000","properties":{"id":"1992194201231831866100000000","pnu":"1221011100101930001","year":1992,"purpose":"기타","far":147.48,"floors":2,"structure":"철근콘크리트구조"},"geometry":{"type":"MultiPolygon","coordinates":[[[[126.937235,35.147869],[126.937267,35.147762],[126.937086,35.147733],[126.937071,35.147781],[126.9371,35.147786],[126.937099,35.147822],[126.937135,35.147828],[126.937134,35.147855],[126.937235,35.147869]]]]}},{"type":"Feature","id":"1993193460231829910600000000","properties":{"id":"1993193460231829910600000000","pnu":"1221011100105170000","year":1993,"purpose":"기타","far":142.77,"floors":3,"structure":"철근콘크리트구조"},"geometry":{"type":"MultiPolygon","coordinates":[[[[126.929015,35.146072],[126.929016,35.146072],[126.929063,35.146052],[126.92908,35.14607],[126.929105,35.146059],[126.929057,35.145984],[126.928985,35.146013],[126.929015,35.146072]]]]}},{"type":"Feature","id":"1993193504011823713300000000","properties":{"id":"1993193504011823713300000000","pnu":"1221011800103000000","purpose":"기타","floors":3,"structure":"철근콘크리트구조"},"geometry":{"type":"MultiPolygon","coordinates":[[[[126.929123,35.140703],[126.929231,35.140657],[126.92921,35.14062],[126.929428,35.140542],[126.929461,35.14059],[126.929712,35.140497],[126.929683,35.140444],[126.929898,35.140362],[126.929925,35.140405],[126.930034,35.140354],[126.929933,35.140173],[126.929811,35.14022],[126.929832,35.140256],[126.929159,35.140506],[126.929136,35.140468],[126.929014,35.140515],[126.929123,35.140703]]]]}},{"type":"Feature","id":"1993193573041823471500000000","properties":{"id":"1993193573041823471500000000","pnu":"1221011800103000000","year":1993,"purpose":"기타","far":1.76,"floors":1,"structure":"철근콘크리트구조"},"geometry":{"type":"MultiPolygon","coordinates":[[[[126.930347,35.140425],[126.930402,35.140046],[126.93023,35.140029],[126.930201,35.140234],[126.930174,35.140232],[126.930163,35.140291],[126.930186,35.140293],[126.93018,35.140407],[126.930347,35.140425]]]]}},{"type":"Feature","id":"1993193651331831234200000000","properties":{"id":"1993193651331831234200000000","pnu":"1221011100104660005","year":1993,"purpose":"단독주택","far":118.66,"floors":2,"structure":"벽돌구조"},"geometry":{"type":"MultiPolygon","coordinates":[[[[126.931183,35.147253],[126.931181,35.147188],[126.931091,35.1472],[126.931099,35.147261],[126.931183,35.147253]]]]}},{"type":"Feature","id":"1993194008631831658500000000","properties":{"id":"1993194008631831658500000000","pnu":"1221011100101860005","year":1993,"purpose":"단독주택","far":170.67,"floors":3,"structure":"철근콘크리트구조"},"geometry":{"type":"MultiPolygon","coordinates":[[[[126.935013,35.147649],[126.935091,35.147661],[126.935108,35.147571],[126.935026,35.147558],[126.935013,35.147649]]]]}},{"type":"Feature","id":"1993194027531831674500000000","properties":{"id":"1993194027531831674500000000","pnu":"1221011100101860007","year":1993,"purpose":"단독주택","far":238.38,"floors":5,"structure":"철근콘크리트구조"},"geometry":{"type":"MultiPolygon","coordinates":[[[[126.935226,35.147661],[126.935319,35.147657],[126.93531,35.14759],[126.935254,35.14759],[126.935253,35.147586],[126.935216,35.147589],[126.935226,35.147661]]]]}},{"type":"Feature","id":"1993194049321831411800000000","properties":{"id":"1993194049321831411800000000","pnu":"1221011100101870038","year":1993,"purpose":"제2종 근린생활시설","far":148.81,"floors":3,"structure":"철근콘크리트구조"},"geometry":{"type":"MultiPolygon","coordinates":[[[[126.935643,35.147449],[126.935631,35.147354],[126.935475,35.147296],[126.935438,35.147303],[126.935435,35.147292],[126.935388,35.147309],[126.935396,35.14736],[126.935412,35.147473],[126.935643,35.147449]]]]}},{"type":"Feature","id":"1993194335501831281100000000","properties":{"id":"1993194335501831281100000000","pnu":"1221011100101990005","year":1993,"purpose":"기타","far":99.08,"floors":2,"structure":"벽돌구조"},"geometry":{"type":"MultiPolygon","coordinates":[[[[126.938679,35.147316],[126.938715,35.147248],[126.938664,35.147238],[126.938654,35.147249],[126.938627,35.147241],[126.938616,35.14725],[126.938597,35.147246],[126.938561,35.14727],[126.938679,35.147316]]]]}},{"type":"Feature","id":"1993194336761831167100000000","properties":{"id":"1993194336761831167100000000","pnu":"1221011100101660000","year":1993,"purpose":"단독주택","far":134.49,"floors":2,"structure":"벽돌구조"},"geometry":{"type":"MultiPolygon","coordinates":[[[[126.938609,35.147194],[126.938715,35.147189],[126.93871,35.147157],[126.93869,35.147141],[126.938623,35.147144],[126.938615,35.147156],[126.938609,35.147194]]]]}},{"type":"Feature","id":"1993194349631831958600000000","properties":{"id":"1993194349631831958600000000","pnu":"1221011100102200010","year":1993,"purpose":"제2종 근린생활시설","far":161.84,"floors":3,"structure":"철근콘크리트구조"},"geometry":{"type":"MultiPolygon","coordinates":[[[[126.938734,35.147903],[126.93886,35.147925],[126.938856,35.147854],[126.938755,35.14784],[126.938734,35.147903]]]]}},{"type":"Feature","id":"1994193472241829348400000000","properties":{"id":"1994193472241829348400000000","pnu":"1221011100105090003","year":1994,"purpose":"제2종 근린생활시설","far":177.03,"floors":4,"structure":"철근콘크리트구조"},"geometry":{"type":"MultiPolygon","coordinates":[[[[126.929131,35.145592],[126.92927,35.145534],[126.92922,35.145455],[126.929079,35.145516],[126.929131,35.145592]]]]}},{"type":"Feature","id":"1994193515321831546000000000","properties":{"id":"1994193515321831546000000000","pnu":"1221010800101140001","year":1994,"purpose":"단독주택","far":91.41,"floors":2,"structure":"철근콘크리트구조"},"geometry":{"type":"MultiPolygon","coordinates":[[[[126.929604,35.147563],[126.929728,35.14752],[126.929686,35.14745],[126.929569,35.147484],[126.929604,35.147563]]]]}},{"type":"Feature","id":"1994193521971831384500000000","properties":{"id":"1994193521971831384500000000","pnu":"1221010800101160001","year":1994,"purpose":"제1종 근린생활시설","far":102.56,"floors":2,"structure":"벽돌구조"},"geometry":{"type":"MultiPolygon","coordinates":[[[[126.929679,35.147383],[126.929773,35.147385],[126.929774,35.14736],[126.92968,35.147317],[126.929679,35.147383]]]]}},{"type":"Feature","id":"1994193526261827979700000000","properties":{"id":"1994193526261827979700000000","pnu":"1221011800103500002","year":1994,"purpose":"제2종 근린생활시설","far":205.75,"floors":4,"structure":"철근콘크리트구조"},"geometry":{"type":"MultiPolygon","coordinates":[[[[126.92977,35.144346],[126.92983,35.144264],[126.929764,35.144238],[126.92971,35.144315],[126.92977,35.144346]]]]}},{"type":"Feature","id":"1994193541201828699200000000","properties":{"id":"1994193541201828699200000000","pnu":"1221011100105060001","year":1994,"purpose":"제2종 근린생활시설"},"geometry":{"type":"MultiPolygon","coordinates":[[[[126.930033,35.144862],[126.929947,35.144827],[126.929897,35.144922],[126.929875,35.144916],[126.929847,35.145028],[126.929913,35.145053],[126.930033,35.144862]]]]}},{"type":"Feature","id":"1994193549431831557700000000","properties":{"id":"1994193549431831557700000000","pnu":"1221011100104660021","year":1994,"purpose":"제2종 근린생활시설","structure":"철근콘크리트구조"},"geometry":{"type":"MultiPolygon","coordinates":[[[[126.929926,35.147409],[126.930053,35.147672],[126.930124,35.147649],[126.930013,35.14742],[126.930017,35.147371],[126.929945,35.14737],[126.929926,35.147409]]]]}},{"type":"Feature","id":"1994193551961828786700000000","properties":{"id":"1994193551961828786700000000","pnu":"1221011100105070011","year":1994,"purpose":"제2종 근린생활시설"},"geometry":{"type":"MultiPolygon","coordinates":[[[[126.929914,35.145111],[126.930021,35.145159],[126.930204,35.144892],[126.930168,35.144872],[126.93014,35.144905],[126.930125,35.1449],[126.930085,35.144928],[126.930033,35.14492],[126.929914,35.145111]]]]}},{"type":"Feature","id":"1994193554101829113300000000","properties":{"id":"1994193554101829113300000000","pnu":"1221011100105040001","year":1994,"purpose":"단독주택","far":145.8,"floors":3,"structure":"철근콘크리트구조"},"geometry":{"type":"MultiPolygon","coordinates":[[[[126.93001,35.145357],[126.93009,35.145377],[126.930136,35.145269],[126.930061,35.145246],[126.93001,35.145357]]]]}},{"type":"Feature","id":"1994193561971828343800000000","properties":{"id":"1994193561971828343800000000","pnu":"1221011800104190001","year":1994,"purpose":"제1종 근린생활시설","far":171.65,"floors":4,"structure":"철근콘크리트구조"},"geometry":{"type":"MultiPolygon","coordinates":[[[[126.930268,35.144628],[126.930228,35.144566],[126.930204,35.144561],[126.930098,35.14459],[126.930055,35.144609],[126.930104,35.144686],[126.930195,35.144647],[126.930201,35.144657],[126.930268,35.144628]]]]}},{"type":"Feature","id":"1994193567521832039100000000","properties":{"id":"1994193567521832039100000000","pnu":"1221011100104050013","year":1994,"purpose":"단독주택","far":182.68,"floors":3,"structure":"벽돌구조"},"geometry":{"type":"MultiPolygon","coordinates":[[[[126.930269,35.147979],[126.930265,35.147925],[126.930217,35.147926],[126.930215,35.147916],[126.930163,35.147919],[126.930187,35.147982],[126.930269,35.147979]]]]}},{"type":"Feature","id":"1994193589151821104000000000","properties":{"id":"1994193589151821104000000000","pnu":"1221011800102800000","purpose":"기타","far":99.8533,"structure":"철근콘크리트구조"},"geometry":{"type":"MultiPolygon","coordinates":[[[[126.93056,35.13814],[126.930581,35.138043],[126.930378,35.138018],[126.930354,35.138122],[126.930408,35.138129],[126.930402,35.13817],[126.9305,35.138182],[126.930505,35.138132],[126.93056,35.13814]]]]}},{"type":"Feature","id":"1994193590981831930700000000","properties":{"id":"1994193590981831930700000000","pnu":"1221011100104050008","year":1994,"purpose":"단독주택","floors":3,"structure":"철근콘크리트구조"},"geometry":{"type":"MultiPolygon","coordinates":[[[[126.930434,35.147905],[126.930535,35.147863],[126.930529,35.147814],[126.930425,35.147822],[126.930434,35.147905]]]]}},{"type":"Feature","id":"1994193623561831994800000000","properties":{"id":"1994193623561831994800000000","pnu":"1221011100104060007","year":1994,"purpose":"단독주택","far":140.09,"floors":3,"structure":"벽돌구조"},"geometry":{"type":"MultiPolygon","coordinates":[[[[126.930781,35.147941],[126.930892,35.147931],[126.930888,35.147881],[126.930775,35.147889],[126.930781,35.147941]]]]}},{"type":"Feature","id":"1994193802511831231100000000","properties":{"id":"1994193802511831231100000000","pnu":"1221011100104590002","year":1994,"purpose":"단독주택","far":88.53,"floors":2,"structure":"벽돌구조"},"geometry":{"type":"MultiPolygon","coordinates":[[[[126.932864,35.147264],[126.932866,35.147182],[126.9328,35.147177],[126.932798,35.14719],[126.932748,35.14719],[126.932748,35.147199],[126.93272,35.147198],[126.932718,35.147232],[126.932739,35.14726],[126.932864,35.147264]]]]}},{"type":"Feature","id":"1994193815751831320800000000","properties":{"id":"1994193815751831320800000000","pnu":"1221011100104590004","year":1994,"purpose":"단독주택"},"geometry":{"type":"MultiPolygon","coordinates":[[[[126.932889,35.147402],[126.933025,35.147405],[126.933026,35.147342],[126.933013,35.147342],[126.933013,35.147315],[126.93298,35.147314],[126.932982,35.147246],[126.932954,35.147245],[126.932955,35.147199],[126.932967,35.147198],[126.932968,35.147175],[126.932878,35.147173],[126.932877,35.147189],[126.932893,35.147189],[126.932892,35.147208],[126.93288,35.147208],[126.93288,35.147223],[126.932892,35.147223],[126.932891,35.147243],[126.932882,35.147243],[126.932882,35.147258],[126.932891,35.147258],[126.93289,35.14728],[126.932893,35.14728],[126.932889,35.147402]]]]}},{"type":"Feature","id":"1994194004171831905800000000","properties":{"id":"1994194004171831905800000000","pnu":"1221011100106910022","year":1994,"purpose":"제2종 근린생활시설","far":177.14,"floors":3,"structure":"철근콘크리트구조"},"geometry":{"type":"MultiPolygon","coordinates":[[[[126.935082,35.147862],[126.935076,35.147803],[126.934929,35.147813],[126.934932,35.147846],[126.934962,35.147855],[126.935082,35.147862]]]]}},{"type":"Feature","id":"1994194018271832056500000000","properties":{"id":"1994194018271832056500000000","pnu":"1221011100102320061","year":1994,"purpose":"단독주택","far":93.91,"floors":2,"structure":"벽돌구조"},"geometry":{"type":"MultiPolygon","coordinates":[[[[126.935235,35.148018],[126.935237,35.147951],[126.935213,35.14795],[126.935213,35.147937],[126.935155,35.147933],[126.935154,35.147924],[126.935094,35.147923],[126.935094,35.147994],[126.935179,35.147997],[126.935179,35.148015],[126.935235,35.148018]]]]}},{"type":"Feature","id":"1994194082791831917800000000","properties":{"id":"1994194082791831917800000000","pnu":"1221011100106910013","year":1994,"purpose":"단독주택","far":102.13,"floors":2,"structure":"경량철골구조"},"geometry":{"type":"MultiPolygon","coordinates":[[[[126.935963,35.147863],[126.935952,35.147804],[126.935783,35.147824],[126.935795,35.147883],[126.935963,35.147863]]]]}},{"type":"Feature","id":"1994194148611831487100000000","properties":{"id":"1994194148611831487100000000","pnu":"1221011100106910006","purpose":"기타","structure":"벽돌구조"},"geometry":{"type":"MultiPolygon","coordinates":[[[[126.936588,35.147457],[126.936597,35.147462],[126.936604,35.147454],[126.936595,35.147449],[126.936588,35.147457]]]]}},{"type":"Feature","id":"1994194156491831435000000000","properties":{"id":"1994194156491831435000000000","pnu":"1221011100106910006","year":1994,"purpose":"단독주택","far":114.2,"floors":2,"structure":"벽돌구조"},"geometry":{"type":"MultiPolygon","coordinates":[[[[126.936639,35.147476],[126.936782,35.147373],[126.936745,35.147349],[126.936709,35.14734],[126.936698,35.147351],[126.936694,35.147391],[126.936632,35.147408],[126.936576,35.147434],[126.936639,35.147476]]]]}},{"type":"Feature","id":"1994194177841831579200000000","properties":{"id":"1994194177841831579200000000","pnu":"1221011100101940006","year":1994,"purpose":"단독주택","far":177.04,"floors":3,"structure":"벽돌구조"},"geometry":{"type":"MultiPolygon","coordinates":[[[[126.936983,35.14758],[126.936991,35.147579],[126.936957,35.147512],[126.936942,35.147508],[126.936942,35.147492],[126.936877,35.147484],[126.936872,35.147509],[126.93688,35.147509],[126.936874,35.147534],[126.936849,35.147546],[126.936843,35.147556],[126.936842,35.147563],[126.936843,35.147568],[126.936881,35.147569],[126.936881,35.147576],[126.936983,35.14758]]]]}},{"type":"Feature","id":"1994194326831831157900000000","properties":{"id":"1994194326831831157900000000","pnu":"1221011100101680002","year":1994,"purpose":"단독주택","far":88.06,"floors":2,"structure":"벽돌구조"},"geometry":{"type":"MultiPolygon","coordinates":[[[[126.93857,35.14721],[126.938617,35.14713],[126.938537,35.147096],[126.938516,35.147125],[126.938526,35.147135],[126.938495,35.147182],[126.938506,35.14719],[126.938498,35.147204],[126.938542,35.147225],[126.93856,35.147206],[126.93857,35.14721]]]]}},{"type":"Feature","id":"1995193471261829715500000000","properties":{"id":"1995193471261829715500000000","pnu":"1221011100105110006","year":1995,"purpose":"제2종 근린생활시설","far":160.25,"floors":3,"structure":"철근콘크리트구조"},"geometry":{"type":"MultiPolygon","coordinates":[[[[126.929069,35.145845],[126.929118,35.14592],[126.929261,35.145861],[126.929211,35.145791],[126.929069,35.145845]]]]}},{"type":"Feature","id":"1995193476891829815500000000","properties":{"id":"1995193476891829815500000000","pnu":"1221011100105200006","year":1995,"purpose":"제2종 근린생활시설","far":150.12,"floors":3,"structure":"철근콘크리트구조"},"geometry":{"type":"MultiPolygon","coordinates":[[[[126.929135,35.145945],[126.929175,35.146007],[126.929316,35.145946],[126.929278,35.145883],[126.929135,35.145945]]]]}},{"type":"Feature","id":"1995193504221828116000000000","properties":{"id":"1995193504221828116000000000","pnu":"1221011800104450013","year":1995,"purpose":"제2종 근린생활시설","far":58.45,"floors":1,"structure":"경량철골구조"},"geometry":{"type":"MultiPolygon","coordinates":[[[[126.929478,35.144467],[126.929611,35.144419],[126.929581,35.144357],[126.929438,35.144411],[126.929478,35.144467]]]]}},{"type":"Feature","id":"1995193615891829684900000000","properties":{"id":"1995193615891829684900000000","pnu":"1221011100104760000","year":1995,"purpose":"기타","far":151.8,"floors":5,"structure":"철근콘크리트구조"},"geometry":{"type":"MultiPolygon","coordinates":[[[[126.931008,35.145812],[126.930916,35.145781],[126.930922,35.145757],[126.930751,35.145693],[126.93074,35.145707],[126.930688,35.145694],[126.930666,35.145724],[126.930602,35.145712],[126.930588,35.145734],[126.930497,35.145755],[126.93049,35.145772],[126.930504,35.145784],[126.930486,35.145848],[126.930704,35.145931],[126.930709,35.145913],[126.930906,35.145989],[126.931008,35.145812]]]]}},{"type":"Feature","id":"1995193626651832080300000000","properties":{"id":"1995193626651832080300000000","pnu":"1221011100104060006","year":1995,"purpose":"단독주택","far":134.13,"floors":3,"structure":"철근콘크리트구조"},"geometry":{"type":"MultiPolygon","coordinates":[[[[126.930897,35.148006],[126.930898,35.147967],[126.930836,35.147968],[126.930839,35.148008],[126.930897,35.148006]]]]}},{"type":"Feature","id":"1995193642491831433400000000","properties":{"id":"1995193642491831433400000000","pnu":"1221011100104650011","year":1995,"purpose":"단독주택","far":104.09,"floors":2,"structure":"벽돌구조"},"geometry":{"type":"MultiPolygon","coordinates":[[[[126.930981,35.147439],[126.931108,35.147429],[126.931104,35.147372],[126.930977,35.147377],[126.930981,35.147439]]]]}},{"type":"Feature","id":"1995193687781830632000000000","properties":{"id":"1995193687781830632000000000","pnu":"1221011100104870008","year":1995,"purpose":"제1종 근린생활시설","far":114.12,"floors":2,"structure":"철근콘크리트구조"},"geometry":{"type":"MultiPolygon","coordinates":[[[[126.93158,35.146729],[126.931547,35.146621],[126.931522,35.146619],[126.931506,35.146724],[126.93158,35.146729]]]]}},{"type":"Feature","id":"1995194288841831370100000000","properties":{"id":"1995194288841831370100000000","pnu":"1221011100101960014","year":1995,"purpose":"단독주택","far":148.67,"floors":3,"structure":"철근콘크리트구조"},"geometry":{"type":"MultiPolygon","coordinates":[[[[126.938118,35.147402],[126.938217,35.147377],[126.938207,35.147358],[126.938125,35.147288],[126.938058,35.147346],[126.938118,35.147402]]]]}},{"type":"Feature","id":"1995194302141831043200000000","properties":{"id":"1995194302141831043200000000","pnu":"1221011100101720020","year":1995,"purpose":"단독주택","far":97.87,"floors":2,"structure":"벽돌구조"},"geometry":{"type":"MultiPolygon","coordinates":[[[[126.938206,35.147078],[126.938253,35.147107],[126.938263,35.147094],[126.938292,35.147109],[126.938354,35.147041],[126.938283,35.146996],[126.938206,35.147078]]]]}},{"type":"Feature","id":"1995194313861831265600000000","properties":{"id":"1995194313861831265600000000","pnu":"1221011100101670003","year":1995,"purpose":"단독주택","far":173.98,"floors":3,"structure":"철근콘크리트구조"},"geometry":{"type":"MultiPolygon","coordinates":[[[[126.93849,35.147205],[126.938403,35.147179],[126.938338,35.147305],[126.938364,35.147345],[126.938439,35.147295],[126.93849,35.147205]]]]}},{"type":"Feature","id":"1995194318671831131100000000","properties":{"id":"1995194318671831131100000000","pnu":"1221011100101670004","year":1995,"purpose":"단독주택","far":103.94,"floors":2,"structure":"벽돌구조"},"geometry":{"type":"MultiPolygon","coordinates":[[[[126.938486,35.147174],[126.938498,35.14708],[126.938445,35.147114],[126.938429,35.147139],[126.93842,35.147139],[126.938415,35.147163],[126.938486,35.147174]]]]}},{"type":"Feature","id":"1996193460681829095400000000","properties":{"id":"1996193460681829095400000000","pnu":"1221011100105090010","year":1996,"purpose":"제2종 근린생활시설","far":149.58,"floors":3,"structure":"철근콘크리트구조"},"geometry":{"type":"MultiPolygon","coordinates":[[[[126.929015,35.145367],[126.929122,35.145312],[126.929077,35.145248],[126.929062,35.145215],[126.929035,35.145215],[126.929026,35.145274],[126.928978,35.1453],[126.929015,35.145367]]]]}},{"type":"Feature","id":"1996193480651828602800000000","properties":{"id":"1996193480651828602800000000","pnu":"1221011100105070026","year":1996,"purpose":"제2종 근린생활시설"},"geometry":{"type":"MultiPolygon","coordinates":[[[[126.929203,35.144853],[126.929226,35.14487],[126.929206,35.144889],[126.92923,35.144913],[126.929326,35.14487],[126.929333,35.144847],[126.9293,35.144799],[126.929295,35.144801],[126.929276,35.144787],[126.929203,35.144853]]]]}},{"type":"Feature","id":"1996193496921830113100000000","properties":{"id":"1996193496921830113100000000","pnu":"1221011100105210003","year":1996,"purpose":"제1종 근린생활시설","far":92.87,"floors":2,"structure":"철근콘크리트구조"},"geometry":{"type":"MultiPolygon","coordinates":[[[[126.929415,35.146282],[126.929531,35.14622],[126.929572,35.146142],[126.929561,35.146124],[126.92931,35.14623],[126.929332,35.146273],[126.929372,35.146277],[126.929415,35.146282]]]]}},{"type":"Feature","id":"1996193498291829552200000000","properties":{"id":"1996193498291829552200000000","pnu":"1221011100105090014","year":1996,"purpose":"제1종 근린생활시설"},"geometry":{"type":"MultiPolygon","coordinates":[[[[126.929418,35.145626],[126.929398,35.14564],[126.929501,35.145788],[126.929524,35.145775],[126.929418,35.145626]]]]}},{"type":"Feature","id":"1996193632561828636400000000","properties":{"id":"1996193632561828636400000000","pnu":"1221011100104910000","year":1996,"purpose":"기타","far":69.25,"floors":5,"structure":"철근콘크리트구조"},"geometry":{"type":"MultiPolygon","coordinates":[[[[126.930826,35.144994],[126.931109,35.144857],[126.931048,35.144774],[126.930763,35.144905],[126.930826,35.144994]]]]}},{"type":"Feature","id":"1996193690301828972100000000","properties":{"id":"1996193690301828972100000000","pnu":"1221011100104910000","year":1996,"purpose":"기타","far":69.25,"floors":5,"structure":"철근콘크리트구조"},"geometry":{"type":"MultiPolygon","coordinates":[[[[126.931208,35.144775],[126.931821,35.145675],[126.931942,35.145622],[126.93135,35.144775],[126.931445,35.144728],[126.931413,35.144679],[126.931208,35.144775]]]]}},{"type":"Feature","id":"1996193691131829671900000000","properties":{"id":"1996193691131829671900000000","pnu":"1221011100104910000","year":1996,"purpose":"기타","far":69.25,"floors":5,"structure":"철근콘크리트구조"},"geometry":{"type":"MultiPolygon","coordinates":[[[[126.931466,35.145991],[126.931816,35.145806],[126.931688,35.145643],[126.931338,35.145828],[126.931466,35.145991]]]]}},{"type":"Feature","id":"1996193878891831728400000000","properties":{"id":"1996193878891831728400000000","pnu":"1221011100104530020","year":1996,"purpose":"제2종 근린생활시설","far":214.01,"floors":4,"structure":"철근콘크리트구조"},"geometry":{"type":"MultiPolygon","coordinates":[[[[126.933581,35.147719],[126.933697,35.147714],[126.933691,35.147625],[126.933576,35.147628],[126.933581,35.147719]]]]}},{"type":"Feature","id":"1996194003271832028200000000","properties":{"id":"1996194003271832028200000000","pnu":"1221011100102320049","year":1996,"purpose":"단독주택","far":177.34,"floors":4,"structure":"철근콘크리트구조"},"geometry":{"type":"MultiPolygon","coordinates":[[[[126.934932,35.14797],[126.935064,35.14798],[126.935071,35.147921],[126.934943,35.147901],[126.934932,35.14797]]]]}},{"type":"Feature","id":"1996194184771831954800000000","properties":{"id":"1996194184771831954800000000","pnu":"1221011100101920000","year":1996,"purpose":"단독주택","far":210.17,"floors":4,"structure":"철근콘크리트구조"},"geometry":{"type":"MultiPolygon","coordinates":[[[[126.936923,35.147904],[126.937087,35.147917],[126.937089,35.147891],[126.937051,35.147883],[126.937051,35.14786],[126.936922,35.147824],[126.936923,35.147904]]]]}},{"type":"Feature","id":"1996194345821831294600000000","properties":{"id":"1996194345821831294600000000","pnu":"1221011100101990003","year":1996,"purpose":"단독주택","far":144.76,"floors":3,"structure":"철근콘크리트구조"},"geometry":{"type":"MultiPolygon","coordinates":[[[[126.938801,35.147331],[126.938822,35.147253],[126.938725,35.147234],[126.938695,35.147313],[126.938801,35.147331]]]]}},{"type":"Feature","id":"1997193460121829504700000000","properties":{"id":"1997193460121829504700000000","pnu":"1221011100105110008","year":1997,"purpose":"제2종 근린생활시설","far":168.18,"floors":3,"structure":"철근콘크리트구조"},"geometry":{"type":"MultiPolygon","coordinates":[[[[126.929094,35.145599],[126.928948,35.145657],[126.928997,35.145734],[126.929136,35.145665],[126.929094,35.145599]]]]}},{"type":"Feature","id":"1997193465361829603500000000","properties":{"id":"1997193465361829603500000000","pnu":"1221011100105110007","year":1997,"purpose":"제2종 근린생활시설"},"geometry":{"type":"MultiPolygon","coordinates":[[[[126.929007,35.145747],[126.929051,35.145818],[126.929057,35.145819],[126.929192,35.145757],[126.92915,35.145688],[126.929007,35.145747]]]]}},{"type":"Feature","id":"1997193472981822401700000000","properties":{"id":"1997193472981822401700000000","pnu":"1221011800102910000","purpose":"기타","structure":"일반철골구조"},"geometry":{"type":"MultiPolygon","coordinates":[[[[126.929096,35.139154],[126.929174,35.139393],[126.929282,35.139371],[126.929202,35.13913],[126.929096,35.139154]]]]}},{"type":"Feature","id":"1997193477291828073000000000","properties":{"id":"1997193477291828073000000000","pnu":"1221011800104450006","year":1997,"purpose":"제2종 근린생활시설","far":157.82,"floors":3,"structure":"철근콘크리트구조"},"geometry":{"type":"MultiPolygon","coordinates":[[[[126.929288,35.14431],[126.929146,35.144365],[126.929185,35.144442],[126.929244,35.14442],[126.929241,35.144407],[126.929319,35.144378],[126.929288,35.14431]]]]}},{"type":"Feature","id":"1997193551741821728400000000","properties":{"id":"1997193551741821728400000000","pnu":"1221011800102910000","year":1997,"purpose":"기타","far":59.72,"floors":3,"structure":"철근콘크리트구조"},"geometry":{"type":"MultiPolygon","coordinates":[[[[126.929784,35.138609],[126.929829,35.138744],[126.929912,35.138725],[126.929931,35.138795],[126.930139,35.138754],[126.930124,35.138712],[126.930343,35.138665],[126.930307,35.138542],[126.930091,35.138587],[126.930077,35.138549],[126.929784,35.138609]]]]}},{"type":"Feature","id":"1997193583891829278600000000","properties":{"id":"1997193583891829278600000000","pnu":"1221011100105030016","year":1997,"purpose":"기타"},"geometry":{"type":"MultiPolygon","coordinates":[[[[126.930415,35.145553],[126.93047,35.145435],[126.930406,35.145368],[126.930383,35.145358],[126.930369,35.145388],[126.930379,35.145411],[126.930327,35.145517],[126.930415,35.145553]]]]}},{"type":"Feature","id":"1997193593631829284200000000","properties":{"id":"1997193593631829284200000000","pnu":"1221011100105020002","purpose":"제1종 근린생활시설","far":1.1534883,"structure":"벽돌구조"},"geometry":{"type":"MultiPolygon","coordinates":[[[[126.930492,35.145467],[126.930499,35.145477],[126.930524,35.145465],[126.930515,35.145457],[126.930492,35.145467]]]]}},{"type":"Feature","id":"1997193595121829365600000000","properties":{"id":"1997193595121829365600000000","pnu":"1221011100105020002","year":1997,"purpose":"제2종 근린생활시설","far":277.59,"floors":4,"structure":"철근콘크리트구조"},"geometry":{"type":"MultiPolygon","coordinates":[[[[126.930614,35.145546],[126.930568,35.145493],[126.930557,35.145496],[126.930534,35.145469],[126.930487,35.145486],[126.93046,35.145526],[126.930473,35.145535],[126.93045,35.14557],[126.930468,35.145595],[126.930479,35.145601],[126.930504,35.145605],[126.930513,35.145604],[126.930614,35.145546]]]]}},{"type":"Feature","id":"1997193767421823635600000000","properties":{"id":"1997193767421823635600000000","pnu":"1221011800102400000","year":1997,"purpose":"기타","far":115.87,"floors":5,"structure":"철근콘크리트구조"},"geometry":{"type":"MultiPolygon","coordinates":[[[[126.932444,35.14034],[126.932409,35.140335],[126.932394,35.140413],[126.932428,35.140418],[126.932444,35.14034]]]]}},{"type":"Feature","id":"1997193977321831730000000000","properties":{"id":"1997193977321831730000000000","pnu":"1221011100104560000","year":1997,"purpose":"단독주택","far":213.55,"floors":3,"structure":"철근콘크리트구조"},"geometry":{"type":"MultiPolygon","coordinates":[[[[126.934681,35.147699],[126.934754,35.147696],[126.934751,35.147648],[126.934678,35.147651],[126.934681,35.147699]]]]}},{"type":"Feature","id":"1997193986491831730200000000","properties":{"id":"1997193986491831730200000000","pnu":"1221011100104560000","year":1997,"purpose":"단독주택","far":213.55,"floors":3,"structure":"철근콘크리트구조"},"geometry":{"type":"MultiPolygon","coordinates":[[[[126.934772,35.147697],[126.934875,35.147693],[126.934874,35.147666],[126.93477,35.147642],[126.934772,35.147697]]]]}},{"type":"Feature","id":"1997194064781831835500000000","properties":{"id":"1997194064781831835500000000","pnu":"1221011100106910035","year":1997,"purpose":"제1종 근린생활시설","far":156.45,"floors":3,"structure":"철근콘크리트구조"},"geometry":{"type":"MultiPolygon","coordinates":[[[[126.935606,35.147756],[126.935609,35.147796],[126.935744,35.147783],[126.935746,35.147744],[126.935606,35.147756]]]]}},{"type":"Feature","id":"1997194352251830951600000000","properties":{"id":"1997194352251830951600000000","pnu":"1221011100101680001","year":1997,"purpose":"단독주택","far":95.72,"floors":2,"structure":"벽돌구조"},"geometry":{"type":"MultiPolygon","coordinates":[[[[126.938838,35.14705],[126.93893,35.146985],[126.938895,35.146951],[126.938886,35.146955],[126.938843,35.146922],[126.938828,35.146929],[126.938797,35.146906],[126.938734,35.146948],[126.938838,35.14705]]]]}},{"type":"Feature","id":"1997194362651830872900000000","properties":{"id":"1997194362651830872900000000","pnu":"1221011100101680004","year":1997,"purpose":"단독주택","far":96.89,"floors":2,"structure":"벽돌구조"},"geometry":{"type":"MultiPolygon","coordinates":[[[[126.938947,35.146973],[126.939035,35.146915],[126.939002,35.146875],[126.93899,35.146882],[126.938954,35.146855],[126.938934,35.14686],[126.938912,35.14684],[126.938857,35.146877],[126.938947,35.146973]]]]}},{"type":"Feature","id":"1998193499571831604400000000","properties":{"id":"1998193499571831604400000000","pnu":"1221010800101140006","year":1998,"purpose":"단독주택","far":91.77,"floors":2,"structure":"벽돌구조"},"geometry":{"type":"MultiPolygon","coordinates":[[[[126.929445,35.147613],[126.929542,35.147592],[126.929532,35.14756],[126.929524,35.14756],[126.929501,35.147513],[126.929476,35.147516],[126.929467,35.1475],[126.929411,35.147513],[126.929445,35.147613]]]]}},{"type":"Feature","id":"1998193535231829272800000000","properties":{"id":"1998193535231829272800000000","pnu":"1221011100104760010","year":1998,"purpose":"제2종 근린생활시설","far":160.47,"floors":3,"structure":"철근콘크리트구조"},"geometry":{"type":"MultiPolygon","coordinates":[[[[126.929851,35.145399],[126.929817,35.145452],[126.929842,35.14551],[126.929868,35.14552],[126.929928,35.145431],[126.929851,35.145399]]]]}},{"type":"Feature","id":"1998193540051828432400000000","properties":{"id":"1998193540051828432400000000","pnu":"1221011100105070017","year":1998,"purpose":"제2종 근린생활시설","far":210.35,"floors":4,"structure":"철근콘크리트구조"},"geometry":{"type":"MultiPolygon","coordinates":[[[[126.929933,35.144767],[126.92998,35.144721],[126.929961,35.144648],[126.929954,35.14464],[126.929942,35.144634],[126.929931,35.144634],[126.929836,35.1447],[126.929933,35.144767]]]]}},{"type":"Feature","id":"1998193542211829453400000000","properties":{"id":"1998193542211829453400000000","pnu":"1221011100104730007","year":1998,"purpose":"제2종 근린생활시설","far":138.08,"floors":2,"structure":"일반철골구조"},"geometry":{"type":"MultiPolygon","coordinates":[[[[126.929937,35.145655],[126.930001,35.145623],[126.92989,35.145579],[126.929937,35.145655]]]]}},{"type":"Feature","id":"1998193552281829572100000000","properties":{"id":"1998193552281829572100000000","pnu":"1221011100104730015","year":1998,"purpose":"제2종 근린생활시설","far":62.67,"floors":1,"structure":"벽돌구조"},"geometry":{"type":"MultiPolygon","coordinates":[[[[126.9302,35.145743],[126.93011,35.145713],[126.930097,35.145732],[126.930068,35.145717],[126.930078,35.145697],[126.930033,35.145679],[126.93001,35.145631],[126.929941,35.145664],[126.930015,35.145778],[126.930108,35.145795],[126.9302,35.145743]]]]}},{"type":"Feature","id":"1998193622561831917200000000","properties":{"id":"1998193622561831917200000000","pnu":"1221011100104060009","year":1998,"purpose":"단독주택","far":108.53,"floors":2,"structure":"벽돌구조"},"geometry":{"type":"MultiPolygon","coordinates":[[[[126.930774,35.14787],[126.930869,35.147854],[126.930859,35.147803],[126.930774,35.147836],[126.930774,35.14787]]]]}},{"type":"Feature","id":"1999193535391827869400000000","properties":{"id":"1999193535391827869400000000","pnu":"1221011800103510001","year":1999,"purpose":"제1종 근린생활시설","far":11.25,"floors":1,"structure":"일반철골구조"},"geometry":{"type":"MultiPolygon","coordinates":[[[[126.929933,35.144264],[126.929978,35.144189],[126.929812,35.144117],[126.929759,35.144195],[126.929933,35.144264]]]]}},{"type":"Feature","id":"1999193607701830524000000000","properties":{"id":"1999193607701830524000000000","pnu":"1221011100104800000","year":1999,"purpose":"기타","floors":6,"structure":"철근콘크리트구조"},"geometry":{"type":"MultiPolygon","coordinates":[[[[126.930306,35.146747],[126.930522,35.146818],[126.930489,35.146894],[126.93054,35.14691],[126.930577,35.146836],[126.930788,35.146908],[126.9308,35.146882],[126.930872,35.146906],[126.93101,35.146628],[126.930934,35.146603],[126.930929,35.146615],[126.93072,35.146545],[126.930758,35.146472],[126.930706,35.146454],[126.93067,35.146529],[126.930633,35.146516],[126.930857,35.146067],[126.930744,35.14603],[126.93066,35.146202],[126.930602,35.146184],[126.930548,35.146296],[126.930603,35.146315],[126.930518,35.146482],[126.930454,35.146459],[126.930306,35.146747]]]]}},{"type":"Feature","id":"1999193763041828865400000000","properties":{"id":"1999193763041828865400000000","pnu":"1221011800103880000","year":1999,"purpose":"기타","far":31.5,"floors":4,"structure":"철근콘크리트구조"},"geometry":{"type":"MultiPolygon","coordinates":[[[[126.932742,35.145121],[126.93258,35.144843],[126.932466,35.144884],[126.932475,35.144899],[126.932159,35.145003],[126.932127,35.145019],[126.932108,35.145046],[126.932058,35.145021],[126.932022,35.145064],[126.932008,35.14511],[126.932011,35.145145],[126.93202,35.145182],[126.932033,35.145217],[126.93205,35.14525],[126.93207,35.14528],[126.932107,35.145305],[126.932121,35.14531],[126.932193,35.145231],[126.932217,35.145241],[126.932239,35.145241],[126.932268,35.145242],[126.932281,35.145238],[126.932313,35.145291],[126.932742,35.145121]]]]}},{"type":"Feature","id":"1999193786961827880200000000","properties":{"id":"1999193786961827880200000000","pnu":"1221011800103880000","purpose":"기타","floors":2,"structure":"일반목구조"},"geometry":{"type":"MultiPolygon","coordinates":[[[[126.93269,35.144567],[126.932758,35.143851],[126.932576,35.143843],[126.932541,35.144146],[126.932506,35.144151],[126.932501,35.144229],[126.932535,35.144229],[126.932511,35.144556],[126.93269,35.144567]]]]}},{"type":"Feature","id":"2000193481381829548600000000","properties":{"id":"2000193481381829548600000000","pnu":"1221011100105110012","year":2000,"purpose":"제2종 근린생활시설","far":251.04,"floors":5,"structure":"철근콘크리트구조"},"geometry":{"type":"MultiPolygon","coordinates":[[[[126.929388,35.145784],[126.929274,35.145589],[126.92916,35.145638],[126.929278,35.145812],[126.929314,35.145798],[126.929322,35.14581],[126.929388,35.145784]]]]}},{"type":"Feature","id":"2000193492681828771100000000","properties":{"id":"2000193492681828771100000000","pnu":"1221011100105070023","year":2000,"purpose":"제2종 근린생활시설"},"geometry":{"type":"MultiPolygon","coordinates":[[[[126.92932,35.144943],[126.929394,35.145061],[126.929416,35.145058],[126.929427,35.145081],[126.929451,35.145087],[126.929478,35.145073],[126.929403,35.144938],[126.929357,35.144928],[126.92932,35.144943]]]]}},{"type":"Feature","id":"2000193498411823303900000000","properties":{"id":"2000193498411823303900000000","pnu":"1221011800103000000","year":2000,"purpose":"기타","far":6.6,"floors":5,"structure":"철근콘크리트구조"},"geometry":{"type":"MultiPolygon","coordinates":[[[[126.929091,35.140279],[126.929386,35.140189],[126.929405,35.140196],[126.929418,35.140196],[126.929429,35.140191],[126.929437,35.140181],[126.929442,35.140172],[126.929565,35.140139],[126.929594,35.140146],[126.929607,35.140146],[126.929613,35.140139],[126.929618,35.140129],[126.929915,35.14003],[126.929845,35.139883],[126.929627,35.139948],[126.929613,35.139925],[126.929462,35.139972],[126.929463,35.139982],[126.929394,35.140001],[126.929388,35.13999],[126.92924,35.140036],[126.929247,35.140055],[126.929023,35.14013],[126.929091,35.140279]]]]}},{"type":"Feature","id":"2000193505971829029200000000","properties":{"id":"2000193505971829029200000000","pnu":"1221011100105050005","year":2000,"purpose":"제2종 근린생활시설","floors":1,"structure":"경량철골구조"},"geometry":{"type":"MultiPolygon","coordinates":[[[[126.929563,35.145286],[126.929597,35.145248],[126.929551,35.145178],[126.929484,35.145243],[126.929563,35.145286]]]]}},{"type":"Feature","id":"2000193514041828779300000000","properties":{"id":"2000193514041828779300000000","pnu":"1221011100105060005","year":2000,"purpose":"제2종 근린생활시설","far":143.02368,"floors":5,"structure":"철근콘크리트구조"},"geometry":{"type":"MultiPolygon","coordinates":[[[[126.929703,35.145094],[126.929713,35.144942],[126.929566,35.144931],[126.929552,35.145018],[126.929574,35.145083],[126.929703,35.145094]]]]}},{"type":"Feature","id":"2000193514271828934500000000","properties":{"id":"2000193514271828934500000000","pnu":"1221011100105050012","year":2000,"purpose":"제1종 근린생활시설","floors":2,"structure":"일반철골구조"},"geometry":{"type":"MultiPolygon","coordinates":[[[[126.929636,35.145186],[126.929674,35.14514],[126.9296,35.145128],[126.929636,35.145186]]]]}},{"type":"Feature","id":"2000193522141822189200000000","properties":{"id":"2000193522141822189200000000","pnu":"1221011800102910000","year":2000,"purpose":"기타","far":124.32,"floors":6,"structure":"철근콘크리트구조"},"geometry":{"type":"MultiPolygon","coordinates":[[[[126.929282,35.139357],[126.929471,35.13931],[126.929493,35.139376],[126.929568,35.139361],[126.929523,35.139208],[126.929981,35.139117],[126.930029,35.139267],[126.930114,35.139248],[126.930095,35.139185],[126.930283,35.139144],[126.930182,35.138792],[126.929979,35.138832],[126.929991,35.138871],[126.929876,35.138893],[126.929881,35.138919],[126.929741,35.138946],[126.929693,35.138826],[126.929614,35.138841],[126.929654,35.138964],[126.929507,35.138994],[126.929499,35.138963],[126.929382,35.138989],[126.92937,35.138961],[126.929167,35.139007],[126.929282,35.139357]]]]}},{"type":"Feature","id":"2000193527311829138700000000","properties":{"id":"2000193527311829138700000000","pnu":"1221011100105050001","year":2000,"purpose":"제2종 근린생활시설"},"geometry":{"type":"MultiPolygon","coordinates":[[[[126.929804,35.145445],[126.929839,35.145351],[126.929789,35.145251],[126.929702,35.14529],[126.929804,35.145445]]]]}},{"type":"Feature","id":"2000193569401829000300000000","properties":{"id":"2000193569401829000300000000","pnu":"1221011100105030015","year":2000,"purpose":"단독주택","far":79.21,"floors":2,"structure":"철근콘크리트구조"},"geometry":{"type":"MultiPolygon","coordinates":[[[[126.930209,35.145288],[126.93032,35.145209],[126.93024,35.145132],[126.930196,35.145164],[126.93022,35.14519],[126.930184,35.145232],[126.930195,35.145239],[126.930176,35.145255],[126.930209,35.145288]]]]}},{"type":"Feature","id":"2000193587051827700700000000","properties":{"id":"2000193587051827700700000000","pnu":"1221011800103490000","year":2000,"purpose":"기타","far":111.9,"floors":8,"structure":"철근콘크리트구조"},"geometry":{"type":"MultiPolygon","coordinates":[[[[126.930449,35.144294],[126.930496,35.144293],[126.93054,35.144284],[126.93058,35.144266],[126.930627,35.144239],[126.930663,35.144206],[126.930697,35.144169],[126.930722,35.144125],[126.930734,35.144094],[126.930738,35.144061],[126.930735,35.144026],[126.93073,35.143991],[126.930724,35.143962],[126.930712,35.143929],[126.930688,35.143895],[126.930662,35.143868],[126.930626,35.143846],[126.930584,35.143821],[126.930543,35.143808],[126.930502,35.143797],[126.930452,35.143791],[126.930396,35.14379],[126.930352,35.143796],[126.930319,35.143806],[126.930281,35.143823],[126.930239,35.143847],[126.930204,35.143874],[126.930176,35.143908],[126.930155,35.143941],[126.930137,35.143974],[126.930132,35.144007],[126.930129,35.144039],[126.930131,35.144065],[126.930135,35.144088],[126.930148,35.144117],[126.930165,35.144152],[126.93019,35.144182],[126.930224,35.144213],[126.930267,35.144239],[126.930316,35.144262],[126.930369,35.144281],[126.930449,35.144294]]]]}},{"type":"Feature","id":"2000193652681823423400000000","properties":{"id":"2000193652681823423400000000","pnu":"1221011800102900000","year":2000,"purpose":"기타","far":92.31,"floors":7,"structure":"철근콘크리트구조"},"geometry":{"type":"MultiPolygon","coordinates":[[[[126.930636,35.140289],[126.930747,35.1403],[126.930768,35.140184],[126.931551,35.140263],[126.931537,35.140378],[126.931656,35.14039],[126.931689,35.140159],[126.93078,35.140067],[126.93078,35.140035],[126.930697,35.140026],[126.930691,35.140058],[126.930668,35.140057],[126.930636,35.140289]]]]}},{"type":"Feature","id":"2000193829061827903900000000","properties":{"id":"2000193829061827903900000000","pnu":"1221011800103880000","year":2000,"purpose":"기타","floors":6,"structure":"철근콘크리트구조"},"geometry":{"type":"MultiPolygon","coordinates":[[[[126.932964,35.144864],[126.93316,35.144877],[126.933168,35.144793],[126.933093,35.144788],[126.933139,35.144273],[126.933218,35.144276],[126.933226,35.144204],[126.933144,35.144202],[126.933191,35.143679],[126.933265,35.143682],[126.933275,35.143591],[126.933075,35.143582],[126.932964,35.144864]]]]}},{"type":"Feature","id":"2000193856611821744300000000","properties":{"id":"2000193856611821744300000000","pnu":"1221011800102560000","year":2000,"purpose":"기타","floors":5,"structure":"철근콘크리트구조"},"geometry":{"type":"MultiPolygon","coordinates":[[[[126.933585,35.138964],[126.933667,35.138969],[126.933666,35.138992],[126.933716,35.139039],[126.933766,35.139008],[126.933853,35.139009],[126.93389,35.138653],[126.933839,35.138649],[126.933839,35.138635],[126.933793,35.138584],[126.933758,35.13858],[126.93376,35.138513],[126.933107,35.138471],[126.933101,35.138503],[126.932981,35.138501],[126.932979,35.138538],[126.932727,35.138524],[126.932714,35.138603],[126.932681,35.138634],[126.932713,35.138666],[126.932751,35.138667],[126.932749,35.138705],[126.933098,35.138722],[126.933099,35.138691],[126.933652,35.138727],[126.933649,35.138748],[126.933601,35.138746],[126.933585,35.138964]]]]}},{"type":"Feature","id":"2000193944671829869500000000","properties":{"id":"2000193944671829869500000000","pnu":"1221011800200570001","year":2000,"purpose":"기타","far":41.22,"floors":6,"structure":"철근콘크리트구조"},"geometry":{"type":"MultiPolygon","coordinates":[[[[126.934035,35.146476],[126.934427,35.146532],[126.934506,35.146206],[126.934566,35.146211],[126.934643,35.145858],[126.934579,35.145841],[126.934666,35.145517],[126.934267,35.145455],[126.934035,35.146476]]]]}},{"type":"Feature","id":"2000193946861827963900000000","properties":{"id":"2000193946861827963900000000","pnu":"1221011800200570001","year":2000,"purpose":"기타","far":87.92,"floors":6,"structure":"철근콘크리트구조"},"geometry":{"type":"MultiPolygon","coordinates":[[[[126.934363,35.144426],[126.9344,35.144427],[126.934433,35.144421],[126.934475,35.144406],[126.934527,35.14437],[126.934548,35.144342],[126.934567,35.144311],[126.934571,35.14428],[126.934566,35.14425],[126.934554,35.14422],[126.93453,35.144189],[126.934493,35.144161],[126.934464,35.144148],[126.934421,35.144136],[126.934378,35.144135],[126.93433,35.144138],[126.934298,35.144147],[126.934257,35.144169],[126.934229,35.144199],[126.934214,35.144224],[126.934203,35.144257],[126.934203,35.14429],[126.934207,35.144313],[126.934219,35.144345],[126.934234,35.144367],[126.934273,35.144392],[126.934315,35.144416],[126.934363,35.144426]]]]}},{"type":"Feature","id":"2000193977891826244900000000","properties":{"id":"2000193977891826244900000000","pnu":"1221011800200570001","year":2000,"purpose":"기타","far":44.01,"floors":9,"structure":"철근콘크리트구조"},"geometry":{"type":"MultiPolygon","coordinates":[[[[126.934568,35.144131],[126.934606,35.144002],[126.934646,35.144006],[126.934698,35.143753],[126.934675,35.143746],[126.934698,35.143628],[126.934578,35.143603],[126.93475,35.14284],[126.934823,35.142843],[126.93487,35.142632],[126.93483,35.142626],[126.934976,35.141865],[126.935096,35.141882],[126.935128,35.141751],[126.935162,35.141754],[126.935227,35.1415],[126.93519,35.14149],[126.935208,35.141403],[126.934904,35.141356],[126.934873,35.141462],[126.934833,35.141457],[126.934794,35.141709],[126.934819,35.14171],[126.934805,35.141841],[126.934831,35.141843],[126.934694,35.142476],[126.934648,35.142472],[126.934623,35.142603],[126.934582,35.142598],[126.934548,35.142827],[126.934567,35.142829],[126.93455,35.14295],[126.934584,35.142954],[126.934435,35.143594],[126.934378,35.143591],[126.934348,35.143704],[126.934323,35.143703],[126.934279,35.14395],[126.934308,35.14395],[126.934292,35.144084],[126.934568,35.144131]]]]}},{"type":"Feature","id":"2000193978631826772400000000","properties":{"id":"2000193978631826772400000000","pnu":"1221011800200570001","year":2000,"purpose":"기타","floors":1,"structure":"벽돌구조"},"geometry":{"type":"MultiPolygon","coordinates":[[[[126.934659,35.143405],[126.934724,35.14341],[126.934809,35.143009],[126.934743,35.143001],[126.934659,35.143405]]]]}},{"type":"Feature","id":"2000194333801831634100000000","properties":{"id":"2000194333801831634100000000","pnu":"1221011100101980013","year":2000,"purpose":"공동주택","far":191.06,"floors":9,"structure":"철근콘크리트구조"},"geometry":{"type":"MultiPolygon","coordinates":[[[[126.93834,35.147483],[126.938311,35.14759],[126.938861,35.147689],[126.938868,35.147673],[126.938922,35.147683],[126.938951,35.147589],[126.93834,35.147483]]]]}},{"type":"Feature","id":"2001193467121825042600000000","properties":{"id":"2001193467121825042600000000","pnu":"1221011800103000000","year":2001,"purpose":"기타"},"geometry":{"type":"MultiPolygon","coordinates":[[[[126.929076,35.141687],[126.929155,35.141695],[126.929167,35.141595],[126.929092,35.141591],[126.929076,35.141687]]]]}},{"type":"Feature","id":"2001193530521829507300000000","properties":{"id":"2001193530521829507300000000","pnu":"1221011100104730006","year":2001,"purpose":"제2종 근린생활시설","far":58.21,"floors":1,"structure":"경량철골구조"},"geometry":{"type":"MultiPolygon","coordinates":[[[[126.929737,35.145649],[126.929742,35.145657],[126.929756,35.145671],[126.929765,35.145668],[126.929778,35.145691],[126.929784,35.145688],[126.929796,35.145711],[126.929803,35.145708],[126.929816,35.14573],[126.929885,35.145703],[126.929829,35.145606],[126.929747,35.145637],[126.929751,35.145643],[126.929737,35.145649]]]]}},{"type":"Feature","id":"2001193561271831591000000000","properties":{"id":"2001193561271831591000000000","pnu":"1221011100104660018","year":2001,"purpose":"단독주택","far":160.66,"floors":3,"structure":"철근콘크리트구조"},"geometry":{"type":"MultiPolygon","coordinates":[[[[126.930209,35.147568],[126.930196,35.147513],[126.930123,35.147521],[126.930115,35.147516],[126.93009,35.147518],[126.93011,35.147581],[126.930209,35.147568]]]]}},{"type":"Feature","id":"2001193591661829144500000000","properties":{"id":"2001193591661829144500000000","pnu":"1221011100105030004","year":2001,"purpose":"공동주택","far":181.065,"floors":5,"structure":"철근콘크리트구조"},"geometry":{"type":"MultiPolygon","coordinates":[[[[126.930481,35.145424],[126.930529,35.145375],[126.930521,35.145365],[126.930567,35.145318],[126.930508,35.145269],[126.930401,35.145335],[126.930481,35.145424]]]]}},{"type":"Feature","id":"2001193610841831780900000000","properties":{"id":"2001193610841831780900000000","pnu":"1221011100104660001","year":2001,"purpose":"기타","far":275.45,"floors":5,"structure":"철근콘크리트구조"},"geometry":{"type":"MultiPolygon","coordinates":[[[[126.930595,35.147653],[126.930608,35.147828],[126.930641,35.147825],[126.930703,35.147796],[126.930808,35.147727],[126.930805,35.14763],[126.930595,35.147653]]]]}},{"type":"Feature","id":"2001193632671828380600000000","properties":{"id":"2001193632671828380600000000","pnu":"1221011800104160001","year":2001,"purpose":"기타","far":17.68,"floors":2,"structure":"철근콘크리트구조"},"geometry":{"type":"MultiPolygon","coordinates":[[[[126.930709,35.14469],[126.93077,35.144785],[126.930944,35.144708],[126.930968,35.144739],[126.931014,35.144721],[126.930994,35.144688],[126.93116,35.144611],[126.931095,35.144514],[126.930709,35.14469]]]]}},{"type":"Feature","id":"2002193471291829024700000000","properties":{"id":"2002193471291829024700000000","pnu":"1221011100105050007","year":2002,"purpose":"단독주택","floors":2,"structure":"철근콘크리트구조"},"geometry":{"type":"MultiPolygon","coordinates":[[[[126.929217,35.145255],[126.9292,35.145227],[126.929126,35.145187],[126.929115,35.145197],[126.929154,35.145262],[126.929178,35.145268],[126.929217,35.145255]]]]}},{"type":"Feature","id":"2002193475591831551800000000","properties":{"id":"2002193475591831551800000000","pnu":"1221010800101150002","year":2002,"purpose":"단독주택","far":203.723,"floors":4,"structure":"철근콘크리트구조"},"geometry":{"type":"MultiPolygon","coordinates":[[[[126.929121,35.147496],[126.929175,35.147585],[126.929291,35.147519],[126.929287,35.147484],[126.92925,35.147442],[126.929121,35.147496]]]]}},{"type":"Feature","id":"2002193486381828943300000000","properties":{"id":"2002193486381828943300000000","pnu":"1221011100105050007","year":2002,"purpose":"단독주택"},"geometry":{"type":"MultiPolygon","coordinates":[[[[126.929292,35.145257],[126.929436,35.145112],[126.929365,35.145062],[126.929226,35.145206],[126.929292,35.145257]]]]}},{"type":"Feature","id":"2002193493991829003400000000","properties":{"id":"2002193493991829003400000000","pnu":"1221011100105050006","year":2002,"purpose":"단독주택","far":173.33,"floors":3,"structure":"철근콘크리트구조"},"geometry":{"type":"MultiPolygon","coordinates":[[[[126.929454,35.145124],[126.929315,35.145256],[126.929382,35.145304],[126.929513,35.145158],[126.929454,35.145124]]]]}},{"type":"Feature","id":"2002193513491830287100000000","properties":{"id":"2002193513491830287100000000","pnu":"1221011100104800000","year":2002,"purpose":"기타","floors":5,"structure":"철근콘크리트구조"},"geometry":{"type":"MultiPolygon","coordinates":[[[[126.929608,35.146555],[126.929782,35.146196],[126.929678,35.146156],[126.92955,35.146433],[126.929492,35.146416],[126.929453,35.146513],[126.929608,35.146555]]]]}},{"type":"Feature","id":"2002193538741831759200000000","properties":{"id":"2002193538741831759200000000","pnu":"1221010800101140013","year":2002,"purpose":"단독주택"},"geometry":{"type":"MultiPolygon","coordinates":[[[[126.929977,35.147727],[126.929931,35.147634],[126.92983,35.147663],[126.929876,35.147763],[126.929977,35.147727]]]]}},{"type":"Feature","id":"2002193557701831452100000000","properties":{"id":"2002193557701831452100000000","pnu":"1221011100104660016","year":2002,"purpose":"제2종 근린생활시설","far":181.96,"floors":4,"structure":"철근콘크리트구조"},"geometry":{"type":"MultiPolygon","coordinates":[[[[126.930069,35.147475],[126.930175,35.147472],[126.930164,35.14738],[126.930132,35.14738],[126.930125,35.147362],[126.930046,35.147368],[126.930069,35.147475]]]]}},{"type":"Feature","id":"2002193640861831250300000000","properties":{"id":"2002193640861831250300000000","pnu":"1221011100104650020","year":2002,"purpose":"단독주택","far":170.79,"floors":3,"structure":"철근콘크리트구조"},"geometry":{"type":"MultiPolygon","coordinates":[[[[126.931075,35.147259],[126.931074,35.147209],[126.930998,35.147217],[126.930964,35.14724],[126.930969,35.147265],[126.931075,35.147259]]]]}},{"type":"Feature","id":"2002193670691831016400000000","properties":{"id":"2002193670691831016400000000","pnu":"1221011100104860001","year":2002,"purpose":"제2종 근린생활시설","far":240.79,"floors":5,"structure":"철근콘크리트구조"},"geometry":{"type":"MultiPolygon","coordinates":[[[[126.931312,35.146951],[126.931283,35.147095],[126.931372,35.147105],[126.931378,35.147072],[126.931411,35.147074],[126.931417,35.146969],[126.931312,35.146951]]]]}},{"type":"Feature","id":"2002193674921830872100000000","properties":{"id":"2002193674921830872100000000","pnu":"1221011100104860005","year":2002,"purpose":"제2종 근린생활시설","far":183.52,"floors":4,"structure":"철근콘크리트구조"},"geometry":{"type":"MultiPolygon","coordinates":[[[[126.931469,35.146951],[126.93149,35.146865],[126.931323,35.146844],[126.931312,35.146936],[126.931469,35.146951]]]]}},{"type":"Feature","id":"2002193695571831034700000000","properties":{"id":"2002193695571831034700000000","pnu":"1221011100104880003","year":2002,"purpose":"제2종 근린생활시설"},"geometry":{"type":"MultiPolygon","coordinates":[[[[126.931567,35.147093],[126.931681,35.147089],[126.931675,35.146991],[126.931648,35.146992],[126.931649,35.146999],[126.931572,35.147002],[126.931567,35.147093]]]]}},{"type":"Feature","id":"2002193698621831516500000000","properties":{"id":"2002193698621831516500000000","pnu":"1221011100104640004","year":2002,"purpose":"단독주택","far":149.34,"floors":3,"structure":"철근콘크리트구조"},"geometry":{"type":"MultiPolygon","coordinates":[[[[126.931607,35.147518],[126.931708,35.147518],[126.931708,35.147442],[126.931609,35.14744],[126.931607,35.147518]]]]}},{"type":"Feature","id":"2002193700121823008200000000","properties":{"id":"2002193700121823008200000000","pnu":"1221011800102900000","year":2002,"purpose":"기타","far":78.61,"floors":5,"structure":"철근콘크리트구조"},"geometry":{"type":"MultiPolygon","coordinates":[[[[126.931495,35.139976],[126.931816,35.140006],[126.931862,35.139644],[126.931551,35.139612],[126.931495,35.139976]]]]}},{"type":"Feature","id":"2002193755021825266300000000","properties":{"id":"2002193755021825266300000000","pnu":"1221011800102430000","year":2002,"purpose":"기타","far":64.571563,"floors":7,"structure":"철근콘크리트구조"},"geometry":{"type":"MultiPolygon","coordinates":[[[[126.931915,35.142267],[126.932095,35.142288],[126.932103,35.142221],[126.932176,35.142228],[126.932175,35.142236],[126.932375,35.142257],[126.932408,35.142057],[126.932699,35.142079],[126.932741,35.141741],[126.932448,35.141708],[126.93249,35.141396],[126.932283,35.141371],[126.93227,35.141442],[126.932033,35.141419],[126.931915,35.142267]]]]}},{"type":"Feature","id":"2002193764921831683400000000","properties":{"id":"2002193764921831683400000000","pnu":"1221011100104620008","year":2002,"purpose":"단독주택","far":212.07,"floors":4,"structure":"철근콘크리트구조"},"geometry":{"type":"MultiPolygon","coordinates":[[[[126.932293,35.147605],[126.932354,35.147715],[126.932387,35.147702],[126.932386,35.147692],[126.932432,35.147674],[126.932429,35.147662],[126.932478,35.14764],[126.932428,35.147555],[126.932293,35.147605]]]]}},{"type":"Feature","id":"2002193817021829668000000000","properties":{"id":"2002193817021829668000000000","pnu":"1221011800103880000","year":2002,"purpose":"기타","floors":9,"structure":"철근콘크리트구조"},"geometry":{"type":"MultiPolygon","coordinates":[[[[126.932603,35.14596],[126.932752,35.145965],[126.93324,35.145776],[126.933326,35.145679],[126.933239,35.145633],[126.933211,35.145651],[126.933197,35.145645],[126.933152,35.145691],[126.933042,35.145731],[126.933036,35.145721],[126.932992,35.14574],[126.932969,35.14572],[126.932867,35.145759],[126.932879,35.145788],[126.932824,35.145805],[126.932829,35.145811],[126.932715,35.145858],[126.932642,35.145853],[126.93264,35.145868],[126.93261,35.145864],[126.932603,35.14596]]]]}},{"type":"Feature","id":"2002194042321831631200000000","properties":{"id":"2002194042321831631200000000","pnu":"1221011100101870030","year":2002,"purpose":"공동주택","far":231.79,"floors":5,"structure":"철근콘크리트구조"},"geometry":{"type":"MultiPolygon","coordinates":[[[[126.935355,35.147643],[126.935515,35.147633],[126.935498,35.147524],[126.935348,35.147538],[126.935355,35.147643]]]]}},{"type":"Feature","id":"2002194055791831606800000000","properties":{"id":"2002194055791831606800000000","pnu":"1221011100101870042","year":2002,"purpose":"공동주택","far":221.48,"floors":4,"structure":"철근콘크리트구조"},"geometry":{"type":"MultiPolygon","coordinates":[[[[126.935641,35.147624],[126.93563,35.147496],[126.93551,35.147506],[126.935527,35.147628],[126.935641,35.147624]]]]}},{"type":"Feature","id":"2002194071121831553700000000","properties":{"id":"2002194071121831553700000000","pnu":"1221011100101870043","year":2002,"purpose":"제1종 근린생활시설","far":217.93,"floors":4,"structure":"철근콘크리트구조"},"geometry":{"type":"MultiPolygon","coordinates":[[[[126.935837,35.147614],[126.93581,35.147406],[126.935654,35.147414],[126.935679,35.147618],[126.935708,35.147617],[126.935708,35.147627],[126.935837,35.147614]]]]}},{"type":"Feature","id":"2002194262141831396300000000","properties":{"id":"2002194262141831396300000000","pnu":"1221011100101960003","year":2002,"purpose":"단독주택","far":172.05,"floors":4,"structure":"철근콘크리트구조"},"geometry":{"type":"MultiPolygon","coordinates":[[[[126.93779,35.147311],[126.937749,35.147333],[126.93773,35.147378],[126.93789,35.147442],[126.9379,35.147429],[126.93791,35.147431],[126.93794,35.147397],[126.937954,35.147365],[126.93779,35.147311]]]]}},{"type":"Feature","id":"2002194301461831818800000000","properties":{"id":"2002194301461831818800000000","pnu":"1221011100101980017","year":2002,"purpose":"제2종 근린생활시설","far":40.39,"floors":2,"structure":"경량철골구조"},"geometry":{"type":"MultiPolygon","coordinates":[[[[126.938217,35.147696],[126.938192,35.147782],[126.938326,35.147816],[126.938356,35.14773],[126.938217,35.147696]]]]}},{"type":"Feature","id":"2002194364821830614600000000","properties":{"id":"2002194364821830614600000000","pnu":"1221011100101710017","year":2002,"purpose":"단독주택","far":108.25,"floors":2,"structure":"철골철근콘크리트구조"},"geometry":{"type":"MultiPolygon","coordinates":[[[[126.938893,35.146665],[126.938939,35.14673],[126.939046,35.146673],[126.939001,35.146614],[126.938893,35.146665]]]]}},{"type":"Feature","id":"2003193464181829240400000000","properties":{"id":"2003193464181829240400000000","pnu":"1221011100105090007","year":2003,"purpose":"제2종 근린생활시설","far":113.01,"floors":2,"structure":"일반철골구조"},"geometry":{"type":"MultiPolygon","coordinates":[[[[126.929048,35.145503],[126.929187,35.145446],[126.929124,35.145348],[126.928986,35.145409],[126.929048,35.145503]]]]}},{"type":"Feature","id":"2003193475971828545900000000","properties":{"id":"2003193475971828545900000000","pnu":"1221011100105070009","year":2003,"purpose":"제2종 근린생활시설","far":227.43,"floors":3,"structure":"일반철골구조"},"geometry":{"type":"MultiPolygon","coordinates":[[[[126.929275,35.144786],[126.929226,35.14475],[126.929168,35.144803],[126.92918,35.144812],[126.929166,35.144825],[126.929202,35.144853],[126.929275,35.144786]]]]}},{"type":"Feature","id":"2003193483921829950300000000","properties":{"id":"2003193483921829950300000000","pnu":"1221011100105200005","year":2003,"purpose":"제2종 근린생활시설","far":279.82,"floors":5,"structure":"철골철근콘크리트구조"},"geometry":{"type":"MultiPolygon","coordinates":[[[[126.929406,35.146089],[126.929338,35.145987],[126.929204,35.146042],[126.929216,35.146062],[126.92921,35.146065],[126.929254,35.146132],[126.929289,35.146138],[126.929406,35.146089]]]]}},{"type":"Feature","id":"2003193484601831312200000000","properties":{"id":"2003193484601831312200000000","pnu":"1221010800101150013","year":2003,"purpose":"제2종 근린생활시설","far":246.1,"floors":5,"structure":"철근콘크리트구조"},"geometry":{"type":"MultiPolygon","coordinates":[[[[126.929269,35.147365],[126.929402,35.147312],[126.929334,35.14722],[126.929292,35.147232],[126.929297,35.147245],[126.929222,35.14728],[126.929269,35.147365]]]]}},{"type":"Feature","id":"2003193509701829178600000000","properties":{"id":"2003193509701829178600000000","pnu":"1221011100105050003","year":2003,"purpose":"단독주택","far":176.37,"floors":3,"structure":"철근콘크리트구조"},"geometry":{"type":"MultiPolygon","coordinates":[[[[126.929566,35.145435],[126.929658,35.145342],[126.929606,35.145307],[126.929515,35.145402],[126.929566,35.145435]]]]}},{"type":"Feature","id":"2003193516811829439000000000","properties":{"id":"2003193516811829439000000000","pnu":"1221011100105090002","year":2003,"purpose":"제2종 근린생활시설","far":117.04,"floors":2,"structure":"일반철골구조"},"geometry":{"type":"MultiPolygon","coordinates":[[[[126.929737,35.145579],[126.929667,35.145536],[126.929586,35.145624],[126.929672,35.145677],[126.929737,35.145579]]]]}},{"type":"Feature","id":"2003193517421827920200000000","properties":{"id":"2003193517421827920200000000","pnu":"1221011800103500003","year":2003,"purpose":"제2종 근린생활시설","far":194.37,"floors":3,"structure":"철근콘크리트구조"},"geometry":{"type":"MultiPolygon","coordinates":[[[[126.929613,35.144175],[126.92959,35.144229],[126.929699,35.144312],[126.92976,35.144221],[126.929613,35.144175]]]]}},{"type":"Feature","id":"2003193520431828617200000000","properties":{"id":"2003193520431828617200000000","pnu":"1221011100105070015","year":2003,"purpose":"제2종 근린생활시설","far":185.56,"floors":4,"structure":"철근콘크리트구조"},"geometry":{"type":"MultiPolygon","coordinates":[[[[126.929822,35.144895],[126.929752,35.144797],[126.929656,35.144851],[126.929555,35.144871],[126.92956,35.144893],[126.929623,35.144884],[126.929624,35.144904],[126.929822,35.144895]]]]}},{"type":"Feature","id":"2003193565661831934500000000","properties":{"id":"2003193565661831934500000000","pnu":"1221011100104050014","year":2003,"purpose":"단독주택","far":169.5,"floors":3,"structure":"철근콘크리트구조"},"geometry":{"type":"MultiPolygon","coordinates":[[[[126.930264,35.14789],[126.930255,35.147819],[126.930126,35.147823],[126.930125,35.147837],[126.93016,35.147896],[126.930264,35.14789]]]]}},{"type":"Feature","id":"2003193578221831953400000000","properties":{"id":"2003193578221831953400000000","pnu":"1221011100104050011","year":2003,"purpose":"단독주택","far":209.39,"floors":4,"structure":"철근콘크리트구조"},"geometry":{"type":"MultiPolygon","coordinates":[[[[126.930284,35.147943],[126.930346,35.147935],[126.930368,35.147913],[126.930402,35.14791],[126.9304,35.1479],[126.930409,35.1479],[126.930399,35.147815],[126.930335,35.147821],[126.930334,35.147813],[126.930269,35.147818],[126.930284,35.147943]]]]}},{"type":"Feature","id":"2003193607771832059100000000","properties":{"id":"2003193607771832059100000000","pnu":"1221011100104060002","year":2003,"purpose":"단독주택","far":221.36,"floors":4,"structure":"철근콘크리트구조"},"geometry":{"type":"MultiPolygon","coordinates":[[[[126.930627,35.148016],[126.930728,35.148006],[126.930666,35.147913],[126.930613,35.147917],[126.930627,35.148016]]]]}},{"type":"Feature","id":"2003193698531831216100000000","properties":{"id":"2003193698531831216100000000","pnu":"1221011100104650002","year":2003,"purpose":"단독주택","far":177.61,"floors":3,"structure":"철근콘크리트구조"},"geometry":{"type":"MultiPolygon","coordinates":[[[[126.931715,35.147264],[126.931717,35.147181],[126.931724,35.147181],[126.931724,35.147157],[126.931619,35.147156],[126.93159,35.14718],[126.931593,35.147256],[126.931644,35.147254],[126.931644,35.147265],[126.931715,35.147264]]]]}},{"type":"Feature","id":"2003193798001831782700000000","properties":{"id":"2003193798001831782700000000","pnu":"1221011100106940008","year":2003,"purpose":"공동주택","far":263.13,"floors":4,"structure":"철근콘크리트구조"},"geometry":{"type":"MultiPolygon","coordinates":[[[[126.932846,35.147747],[126.932779,35.147672],[126.93279,35.147664],[126.932743,35.147618],[126.932712,35.14764],[126.932721,35.147649],[126.932694,35.147667],[126.932702,35.147674],[126.932663,35.147701],[126.932672,35.147709],[126.932659,35.147718],[126.932694,35.147753],[126.932682,35.147761],[126.932709,35.147787],[126.932723,35.147778],[126.932755,35.14781],[126.932846,35.147747]]]]}},{"type":"Feature","id":"2003193806691831889500000000","properties":{"id":"2003193806691831889500000000","pnu":"1221011100106940007","year":2003,"purpose":"단독주택","far":138.32,"floors":2,"structure":"철근콘크리트구조"},"geometry":{"type":"MultiPolygon","coordinates":[[[[126.93281,35.147876],[126.932928,35.147817],[126.932876,35.147754],[126.932757,35.147821],[126.93281,35.147876]]]]}},{"type":"Feature","id":"2003193810491831759800000000","properties":{"id":"2003193810491831759800000000","pnu":"1221011100106940049","year":2003,"purpose":"공동주택","far":341.58,"floors":4,"structure":"철근콘크리트구조"},"geometry":{"type":"MultiPolygon","coordinates":[[[[126.932956,35.147783],[126.932847,35.147603],[126.932819,35.147615],[126.932882,35.147737],[126.932933,35.147793],[126.932956,35.147783]]]]}},{"type":"Feature","id":"2003194017971831660800000000","properties":{"id":"2003194017971831660800000000","pnu":"1221011100101860001","year":2003,"purpose":"단독주택","far":234.71,"floors":4,"structure":"철근콘크리트구조"},"geometry":{"type":"MultiPolygon","coordinates":[[[[126.935116,35.147647],[126.935203,35.147652],[126.935208,35.147575],[126.935121,35.147573],[126.935116,35.147647]]]]}},{"type":"Feature","id":"2003194085581831551300000000","properties":{"id":"2003194085581831551300000000","pnu":"1221011100101870045","year":2003,"purpose":"기타","far":299.76,"floors":5,"structure":"철근콘크리트구조"},"geometry":{"type":"MultiPolygon","coordinates":[[[[126.935863,35.147615],[126.93596,35.147601],[126.935944,35.147466],[126.935965,35.147464],[126.935962,35.147423],[126.935913,35.147422],[126.935845,35.147431],[126.935863,35.147615]]]]}},{"type":"Feature","id":"2003194097211831869100000000","properties":{"id":"2003194097211831869100000000","pnu":"1221011100106910012","year":2003,"purpose":"공동주택","far":302.99,"floors":4,"structure":"철근콘크리트구조"},"geometry":{"type":"MultiPolygon","coordinates":[[[[126.936115,35.147848],[126.936063,35.147731],[126.935958,35.147769],[126.935967,35.147855],[126.936021,35.147836],[126.936024,35.147842],[126.936043,35.147839],[126.936047,35.147849],[126.93607,35.147846],[126.936075,35.147858],[126.936115,35.147848]]]]}},{"type":"Feature","id":"2003194275321831319200000000","properties":{"id":"2003194275321831319200000000","pnu":"1221011100101960004","year":2003,"purpose":"단독주택","far":90.66,"floors":2,"structure":"철근콘크리트구조"},"geometry":{"type":"MultiPolygon","coordinates":[[[[126.937978,35.147351],[126.938024,35.147313],[126.938038,35.147319],[126.938065,35.147286],[126.938035,35.147269],[126.938013,35.147285],[126.937983,35.14727],[126.937971,35.147283],[126.937961,35.147277],[126.937907,35.147308],[126.937978,35.147351]]]]}},{"type":"Feature","id":"2004193469001828882900000000","properties":{"id":"2004193469001828882900000000","pnu":"1221011100105070003","year":2004,"purpose":"제2종 근린생활시설","far":197.35,"floors":4,"structure":"철근콘크리트구조"},"geometry":{"type":"MultiPolygon","coordinates":[[[[126.929178,35.145178],[126.929242,35.145106],[126.929121,35.145036],[126.929024,35.145098],[126.929066,35.145123],[126.929074,35.145115],[126.929178,35.145178]]]]}},{"type":"Feature","id":"2004193477981828811600000000","properties":{"id":"2004193477981828811600000000","pnu":"1221011100105070031","year":2004,"purpose":"제2종 근린생활시설","far":110.23,"floors":2,"structure":"철근콘크리트구조"},"geometry":{"type":"MultiPolygon","coordinates":[[[[126.929158,35.145027],[126.929268,35.145089],[126.929308,35.145056],[126.929234,35.144994],[126.929158,35.145027]]]]}},{"type":"Feature","id":"2004193483741828775400000000","properties":{"id":"2004193483741828775400000000","pnu":"1221011100105070031","year":2004,"purpose":"제2종 근린생활시설","far":110.23,"floors":2,"structure":"철근콘크리트구조"},"geometry":{"type":"MultiPolygon","coordinates":[[[[126.929233,35.144992],[126.92931,35.145053],[126.929362,35.145026],[126.929337,35.144988],[126.92929,35.144966],[126.929233,35.144992]]]]}},{"type":"Feature","id":"2004193501021829125900000000","properties":{"id":"2004193501021829125900000000","pnu":"1221011100105050005","year":2004,"purpose":"제2종 근린생활시설","floors":2,"structure":"일반철골구조"},"geometry":{"type":"MultiPolygon","coordinates":[[[[126.929477,35.145377],[126.929558,35.145303],[126.929503,35.145269],[126.929425,35.145347],[126.929477,35.145377]]]]}},{"type":"Feature","id":"2004193502591828469000000000","properties":{"id":"2004193502591828469000000000","pnu":"1221011100105070002","year":2004,"purpose":"제2종 근린생활시설","far":218.98,"floors":4,"structure":"철근콘크리트구조"},"geometry":{"type":"MultiPolygon","coordinates":[[[[126.929655,35.144695],[126.929587,35.144659],[126.929558,35.144672],[126.929553,35.144707],[126.929534,35.144713],[126.929506,35.144685],[126.929375,35.144777],[126.929386,35.144791],[126.929431,35.144799],[126.929655,35.144695]]]]}},{"type":"Feature","id":"2004193518541828328100000000","properties":{"id":"2004193518541828328100000000","pnu":"1221011100105070019","year":2004,"purpose":"제2종 근린생활시설","far":242.49,"floors":4,"structure":"철근콘크리트구조"},"geometry":{"type":"MultiPolygon","coordinates":[[[[126.929665,35.144689],[126.929785,35.144633],[126.929791,35.14458],[126.929688,35.14454],[126.929693,35.144521],[126.929638,35.144511],[126.929587,35.144646],[126.929665,35.144689]]]]}},{"type":"Feature","id":"2004193532071828549800000000","properties":{"id":"2004193532071828549800000000","pnu":"1221011100105070016","year":2004,"purpose":"제2종 근린생활시설"},"geometry":{"type":"MultiPolygon","coordinates":[[[[126.92984,35.144869],[126.929885,35.144807],[126.929867,35.144798],[126.929876,35.144787],[126.929817,35.14475],[126.929779,35.14479],[126.92984,35.144869]]]]}},{"type":"Feature","id":"2004193610881831356200000000","properties":{"id":"2004193610881831356200000000","pnu":"1221011100104660032","year":2004,"purpose":"단독주택","far":149.15,"floors":4,"structure":"철근콘크리트구조"},"geometry":{"type":"MultiPolygon","coordinates":[[[[126.930615,35.147386],[126.930777,35.147367],[126.930779,35.147286],[126.930646,35.147295],[126.930645,35.147301],[126.93061,35.147304],[126.930615,35.147386]]]]}},{"type":"Feature","id":"2004193715781831824000000000","properties":{"id":"2004193715781831824000000000","pnu":"1221011100104620002","year":2004,"purpose":"기타","far":91.75,"floors":4,"structure":"일반철골구조"},"geometry":{"type":"MultiPolygon","coordinates":[[[[126.931945,35.147864],[126.931938,35.147787],[126.93195,35.147786],[126.931947,35.14776],[126.931941,35.14776],[126.931936,35.147705],[126.93196,35.147704],[126.931957,35.14767],[126.931906,35.147674],[126.931907,35.147681],[126.93172,35.147693],[126.931732,35.14781],[126.931741,35.14781],[126.931741,35.147818],[126.931863,35.14781],[126.931867,35.147852],[126.93191,35.14785],[126.931912,35.147866],[126.931945,35.147864]]]]}},{"type":"Feature","id":"2004193748711831268700000000","properties":{"id":"2004193748711831268700000000","pnu":"1221011100104610013","year":2004,"purpose":"공동주택","far":241.44,"floors":4,"structure":"철근콘크리트구조"},"geometry":{"type":"MultiPolygon","coordinates":[[[[126.932274,35.147304],[126.932253,35.147201],[126.932139,35.14721],[126.93216,35.147308],[126.932198,35.147302],[126.9322,35.147314],[126.932274,35.147304]]]]}},{"type":"Feature","id":"2004193751291831994200000000","properties":{"id":"2004193751291831994200000000","pnu":"1221011100104440000","year":2004,"purpose":"제2종 근린생활시설","far":96.74,"floors":2,"structure":"일반철골구조"},"geometry":{"type":"MultiPolygon","coordinates":[[[[126.932162,35.147954],[126.932298,35.147974],[126.932318,35.147884],[126.932294,35.14788],[126.932296,35.147869],[126.932239,35.147861],[126.932241,35.147853],[126.932175,35.147843],[126.932159,35.147918],[126.93217,35.14792],[126.932162,35.147954]]]]}},{"type":"Feature","id":"2004193826821831235900000000","properties":{"id":"2004193826821831235900000000","pnu":"1221011100104590001","year":2004,"purpose":"공동주택","far":268.5,"floors":4,"structure":"철근콘크리트구조"},"geometry":{"type":"MultiPolygon","coordinates":[[[[126.933123,35.147293],[126.933148,35.147186],[126.932998,35.147161],[126.932988,35.147218],[126.933001,35.14722],[126.932996,35.147279],[126.933123,35.147293]]]]}},{"type":"Feature","id":"2004193851841831302800000000","properties":{"id":"2004193851841831302800000000","pnu":"1221011100104580008","year":2004,"purpose":"기타","far":273.64,"floors":4,"structure":"철근콘크리트구조"},"geometry":{"type":"MultiPolygon","coordinates":[[[[126.933266,35.147336],[126.933367,35.147362],[126.933413,35.14724],[126.933312,35.147214],[126.933266,35.147336]]]]}},{"type":"Feature","id":"2004193863691831360200000000","properties":{"id":"2004193863691831360200000000","pnu":"1221011100104580006","year":2004,"purpose":"기타","far":266.85,"floors":4,"structure":"철근콘크리트구조"},"geometry":{"type":"MultiPolygon","coordinates":[[[[126.933546,35.147288],[126.933444,35.147261],[126.933393,35.147391],[126.933495,35.147418],[126.933546,35.147288]]]]}},{"type":"Feature","id":"2004193897661831545700000000","properties":{"id":"2004193897661831545700000000","pnu":"1221011100104570003","year":2004,"purpose":"단독주택","far":191.46,"floors":3,"structure":"철근콘크리트구조"},"geometry":{"type":"MultiPolygon","coordinates":[[[[126.933939,35.147539],[126.933807,35.147428],[126.933759,35.147467],[126.933764,35.147471],[126.933748,35.147484],[126.933866,35.147576],[126.933877,35.147566],[126.933893,35.147579],[126.933939,35.147539]]]]}},{"type":"Feature","id":"2004193911691831673400000000","properties":{"id":"2004193911691831673400000000","pnu":"1221011100104570002","year":2004,"purpose":"공동주택","far":245.32,"floors":4,"structure":"철근콘크리트구조"},"geometry":{"type":"MultiPolygon","coordinates":[[[[126.933952,35.147556],[126.93387,35.147647],[126.933955,35.147664],[126.933956,35.14766],[126.934042,35.147677],[126.934048,35.147665],[126.93408,35.147675],[126.934112,35.147608],[126.933952,35.147556]]]]}},{"type":"Feature","id":"2004193928981831713400000000","properties":{"id":"2004193928981831713400000000","pnu":"1221011100104570001","year":2004,"purpose":"단독주택","far":248.02,"floors":4,"structure":"철근콘크리트구조"},"geometry":{"type":"MultiPolygon","coordinates":[[[[126.934112,35.147691],[126.934259,35.147695],[126.934259,35.14763],[126.93423,35.14763],[126.93423,35.147623],[126.934158,35.147623],[126.934158,35.147615],[126.934126,35.147615],[126.934125,35.14764],[126.934112,35.14764],[126.934112,35.147691]]]]}},{"type":"Feature","id":"2004194019811831917800000000","properties":{"id":"2004194019811831917800000000","pnu":"1221011100106910021","year":2004,"purpose":"단독주택","far":191.6,"floors":3,"structure":"철근콘크리트구조"},"geometry":{"type":"MultiPolygon","coordinates":[[[[126.935102,35.147819],[126.935102,35.147869],[126.93525,35.147877],[126.935248,35.147856],[126.935259,35.147855],[126.935255,35.147809],[126.935102,35.147819]]]]}},{"type":"Feature","id":"2004194074191822710900000000","properties":{"id":"2004194074191822710900000000","pnu":"1221011800200640000","year":2004,"purpose":"기타","floors":8,"structure":"철근콘크리트구조"},"geometry":{"type":"MultiPolygon","coordinates":[[[[126.935778,35.139079],[126.935697,35.139335],[126.935527,35.140031],[126.935534,35.140032],[126.935515,35.140105],[126.935643,35.140127],[126.935662,35.140054],[126.935723,35.140064],[126.93582,35.139687],[126.935834,35.13969],[126.93585,35.139627],[126.935855,35.139628],[126.935876,35.139545],[126.935865,35.139543],[126.935879,35.139486],[126.93586,35.139483],[126.935864,35.139466],[126.936025,35.139494],[126.936098,35.139208],[126.936076,35.139204],[126.936078,35.139196],[126.935991,35.139181],[126.936007,35.139119],[126.935778,35.139079]]]]}},{"type":"Feature","id":"2004194110001831928000000000","properties":{"id":"2004194110001831928000000000","pnu":"1221011100106910011","year":2004,"purpose":"공동주택","far":273.11,"floors":4,"structure":"철근콘크리트구조"},"geometry":{"type":"MultiPolygon","coordinates":[[[[126.936227,35.147873],[126.936204,35.147813],[126.936116,35.147835],[126.936134,35.147883],[126.936156,35.147889],[126.936227,35.147873]]]]}},{"type":"Feature","id":"2004194267701830960200000000","properties":{"id":"2004194267701830960200000000","pnu":"1221011100101720014","year":2004,"purpose":"단독주택","far":57.62,"floors":2,"structure":"철근콘크리트구조"},"geometry":{"type":"MultiPolygon","coordinates":[[[[126.937843,35.147023],[126.937937,35.147037],[126.937948,35.146989],[126.937957,35.14699],[126.937968,35.146943],[126.937864,35.146928],[126.937843,35.147023]]]]}},{"type":"Feature","id":"2005193468821828664300000000","properties":{"id":"2005193468821828664300000000","pnu":"1221011100105070001","year":2005,"purpose":"제2종 근린생활시설","far":207.05,"floors":3,"structure":"철근콘크리트구조"},"geometry":{"type":"MultiPolygon","coordinates":[[[[126.929108,35.144967],[126.929189,35.144916],[126.9292,35.144927],[126.929222,35.144915],[126.929148,35.14484],[126.929124,35.144856],[126.929136,35.144868],[126.92906,35.144919],[126.929108,35.144967]]]]}},{"type":"Feature","id":"2005193511861828557500000000","properties":{"id":"2005193511861828557500000000","pnu":"1221011100105070004","year":2005,"purpose":"제2종 근린생활시설","far":109.15,"floors":2,"structure":"철근콘크리트구조"},"geometry":{"type":"MultiPolygon","coordinates":[[[[126.929475,35.144843],[126.929495,35.144871],[126.929547,35.144851],[126.929613,35.144849],[126.929725,35.144797],[126.929688,35.144744],[126.929475,35.144843]]]]}},{"type":"Feature","id":"2005193682431831753600000000","properties":{"id":"2005193682431831753600000000","pnu":"1221011100104630004","year":2005,"purpose":"기타","far":154.25,"floors":3,"structure":"철근콘크리트구조"},"geometry":{"type":"MultiPolygon","coordinates":[[[[126.931535,35.147732],[126.931535,35.147655],[126.931425,35.147655],[126.931424,35.147731],[126.931535,35.147732]]]]}},{"type":"Feature","id":"2005193752041831424300000000","properties":{"id":"2005193752041831424300000000","pnu":"1221011100104610001","year":2005,"purpose":"공동주택","far":262.36,"floors":4,"structure":"철근콘크리트구조"},"geometry":{"type":"MultiPolygon","coordinates":[[[[126.932324,35.147444],[126.932289,35.147315],[126.932169,35.147337],[126.932183,35.14739],[126.932168,35.147392],[126.932186,35.147441],[126.932208,35.147478],[126.932279,35.147466],[126.932324,35.147444]]]]}},{"type":"Feature","id":"2005193828911831412400000000","properties":{"id":"2005193828911831412400000000","pnu":"1221011100104600007","year":2005,"purpose":"공동주택","far":297.11,"floors":4,"structure":"철근콘크리트구조"},"geometry":{"type":"MultiPolygon","coordinates":[[[[126.933044,35.147436],[126.933125,35.147442],[126.933136,35.147336],[126.933081,35.147332],[126.93308,35.147343],[126.933041,35.14734],[126.933044,35.147436]]]]}},{"type":"Feature","id":"2005193837501831413100000000","properties":{"id":"2005193837501831413100000000","pnu":"1221011100104600007","year":2005,"purpose":"공동주택","far":297.11,"floors":4,"structure":"철근콘크리트구조","source":"registry"},"geometry":{"type":"MultiPolygon","coordinates":[[[[126.933127,35.14745],[126.933203,35.147456],[126.933237,35.14738],[126.933242,35.147331],[126.933148,35.147323],[126.933141,35.147333],[126.933127,35.14745]]]]}},{"type":"Feature","id":"2005193927091823251600000000","properties":{"id":"2005193927091823251600000000","pnu":"1221011800102330000","year":2005,"purpose":"기타","far":126.1,"floors":10,"structure":"철근콘크리트구조"},"geometry":{"type":"MultiPolygon","coordinates":[[[[126.934348,35.139493],[126.934322,35.139492],[126.934322,35.139444],[126.934223,35.139443],[126.934223,35.139487],[126.934141,35.139486],[126.934135,35.140138],[126.933857,35.140136],[126.933856,35.140265],[126.933826,35.140265],[126.933825,35.140361],[126.933858,35.140361],[126.933858,35.140401],[126.934242,35.140404],[126.934242,35.140449],[126.934286,35.14045],[126.934287,35.140405],[126.934337,35.140405],[126.934341,35.139978],[126.934355,35.139978],[126.934356,35.139831],[126.934345,35.139831],[126.934348,35.139493]]]]}},{"type":"Feature","id":"2005193929051832065700000000","properties":{"id":"2005193929051832065700000000","pnu":"1221011100104520013","year":2005,"purpose":"공동주택","far":271.63,"floors":4,"structure":"철근콘크리트구조"},"geometry":{"type":"MultiPolygon","coordinates":[[[[126.934215,35.148068],[126.934204,35.147905],[126.934142,35.147915],[126.934195,35.14807],[126.934215,35.148068]]]]}},{"type":"Feature","id":"2005193938461832067400000000","properties":{"id":"2005193938461832067400000000","pnu":"1221011100104520001","year":2005,"purpose":"공동주택","far":245.47,"floors":4,"structure":"철근콘크리트구조"},"geometry":{"type":"MultiPolygon","coordinates":[[[[126.934231,35.14807],[126.934271,35.148068],[126.93427,35.148056],[126.934376,35.14805],[126.934373,35.148018],[126.934366,35.148018],[126.934364,35.14799],[126.934356,35.147991],[126.934353,35.147958],[126.934342,35.147959],[126.934335,35.147881],[126.934292,35.147883],[126.934293,35.14789],[126.934255,35.147892],[126.934256,35.147898],[126.934217,35.1479],[126.934231,35.14807]]]]}},{"type":"Feature","id":"2005193955301821879700000000","properties":{"id":"2005193955301821879700000000","pnu":"1221011800200900001","year":2005,"purpose":"기타","far":74.43,"floors":3,"structure":"철근콘크리트구조"},"geometry":{"type":"MultiPolygon","coordinates":[[[[126.934364,35.138744],[126.934441,35.138902],[126.934458,35.138897],[126.934508,35.138999],[126.934518,35.138995],[126.934527,35.139013],[126.934534,35.139011],[126.934537,35.139018],[126.93465,35.138981],[126.934564,35.138806],[126.934577,35.138801],[126.934533,35.138712],[126.934521,35.138716],[126.934449,35.138568],[126.934326,35.138608],[126.934338,35.138633],[126.934327,35.138637],[126.934377,35.13874],[126.934364,35.138744]]]]}},{"type":"Feature","id":"2005194145061830857200000000","properties":{"id":"2005194145061830857200000000","pnu":"1221011100101870001","year":2005,"purpose":"공동주택","floors":1,"structure":"기타강구조"},"geometry":{"type":"MultiPolygon","coordinates":[[[[126.936617,35.146928],[126.936628,35.146863],[126.936498,35.146848],[126.936487,35.146913],[126.936617,35.146928]]]]}},{"type":"Feature","id":"2006193634491831919700000000","properties":{"id":"2006193634491831919700000000","pnu":"1221011100104070015","year":2006,"purpose":"단독주택","far":139.12,"floors":3,"structure":"철근콘크리트구조"},"geometry":{"type":"MultiPolygon","coordinates":[[[[126.930895,35.147906],[126.93103,35.147893],[126.931014,35.147779],[126.930876,35.147792],[126.930895,35.147906]]]]}},{"type":"Feature","id":"2006193649131829943000000000","properties":{"id":"2006193649131829943000000000","pnu":"1221011100105000000","year":2006,"purpose":"제2종 근린생활시설","far":87.93,"floors":2,"structure":"철근콘크리트구조"},"geometry":{"type":"MultiPolygon","coordinates":[[[[126.931282,35.14622],[126.931064,35.145876],[126.931028,35.145885],[126.930982,35.145978],[126.931088,35.146149],[126.931101,35.146143],[126.931117,35.146168],[126.931135,35.146161],[126.931163,35.146206],[126.931193,35.146194],[126.931225,35.146244],[126.931282,35.14622]]]]}},{"type":"Feature","id":"2006193854831832024000000000","properties":{"id":"2006193854831832024000000000","pnu":"1221011100104530006","year":2006,"purpose":"제2종 근린생활시설","far":272.57,"floors":4,"structure":"철근콘크리트구조"},"geometry":{"type":"MultiPolygon","coordinates":[[[[126.933337,35.148033],[126.933456,35.148006],[126.933413,35.14785],[126.933341,35.147864],[126.933338,35.147853],[126.933285,35.147863],[126.933337,35.148033]]]]}},{"type":"Feature","id":"2006193872051831556900000000","properties":{"id":"2006193872051831556900000000","pnu":"1221011100104580001","year":2006,"purpose":"단독주택","far":193.73,"floors":4,"structure":"철근콘크리트구조"},"geometry":{"type":"MultiPolygon","coordinates":[[[[126.933608,35.147574],[126.933646,35.147508],[126.933572,35.147478],[126.933575,35.147467],[126.933523,35.147453],[126.933479,35.147541],[126.933608,35.147574]]]]}},{"type":"Feature","id":"2006193889211831622600000000","properties":{"id":"2006193889211831622600000000","pnu":"1221011100104580011","year":2006,"purpose":"단독주택","floors":4,"structure":"철근콘크리트구조"},"geometry":{"type":"MultiPolygon","coordinates":[[[[126.933813,35.147622],[126.933829,35.147569],[126.9338,35.147563],[126.933805,35.147549],[126.933701,35.147526],[126.933685,35.147577],[126.933671,35.147574],[126.933664,35.147598],[126.933724,35.147611],[126.933727,35.147603],[126.933813,35.147622]]]]}},{"type":"Feature","id":"2006193894881831969100000000","properties":{"id":"2006193894881831969100000000","pnu":"1221011100104530011","year":2006,"purpose":"공동주택","far":233.63,"floors":4,"structure":"철근콘크리트구조"},"geometry":{"type":"MultiPolygon","coordinates":[[[[126.933768,35.147954],[126.933889,35.147933],[126.933859,35.14783],[126.933734,35.147837],[126.933768,35.147954]]]]}},{"type":"Feature","id":"2006193992771831227900000000","properties":{"id":"2006193992771831227900000000","pnu":"1221011100104930000","year":2006,"purpose":"기타","far":197.67,"floors":7,"structure":"철근콘크리트구조"},"geometry":{"type":"MultiPolygon","coordinates":[[[[126.934851,35.147356],[126.935022,35.147202],[126.935012,35.147195],[126.935035,35.147174],[126.934978,35.147131],[126.934985,35.147125],[126.934929,35.147083],[126.934727,35.147264],[126.934851,35.147356]]]]}},{"type":"Feature","id":"2007193467061827843100000000","properties":{"id":"2007193467061827843100000000","pnu":"1221011800104450008","year":2007,"purpose":"제2종 근린생활시설"},"geometry":{"type":"MultiPolygon","coordinates":[[[[126.929025,35.144241],[126.92924,35.144144],[126.929207,35.144095],[126.929021,35.144178],[126.929006,35.144207],[126.929025,35.144241]]]]}},{"type":"Feature","id":"2007193472261831158900000000","properties":{"id":"2007193472261831158900000000","pnu":"1221010800101160007","year":2007,"purpose":"제2종 근린생활시설"},"geometry":{"type":"MultiPolygon","coordinates":[[[[126.929304,35.147158],[126.929117,35.147085],[126.929112,35.147094],[126.929095,35.147088],[126.929075,35.147123],[126.929065,35.147119],[126.929045,35.147153],[126.92919,35.14721],[126.929183,35.147222],[126.929212,35.147233],[126.929225,35.14721],[126.929243,35.147217],[126.929253,35.147201],[126.92927,35.147207],[126.929304,35.147158]]]]}},{"type":"Feature","id":"2007193527681831479700000000","properties":{"id":"2007193527681831479700000000","pnu":"1221010800101140010","year":2007,"purpose":"제2종 근린생활시설","far":139.44,"floors":3,"structure":"철근콘크리트구조"},"geometry":{"type":"MultiPolygon","coordinates":[[[[126.92986,35.147474],[126.929805,35.147385],[126.92971,35.147412],[126.92975,35.147505],[126.92986,35.147474]]]]}},{"type":"Feature","id":"2007193685341831415900000000","properties":{"id":"2007193685341831415900000000","pnu":"1221011100104640007","year":2007,"purpose":"단독주택","far":174.89,"floors":3,"structure":"철근콘크리트구조"},"geometry":{"type":"MultiPolygon","coordinates":[[[[126.931545,35.147484],[126.931551,35.147312],[126.931518,35.147312],[126.931517,35.147328],[126.931457,35.147326],[126.931456,35.14736],[126.931471,35.14736],[126.931469,35.147407],[126.931479,35.147407],[126.931478,35.147432],[126.931486,35.147432],[126.931486,35.147444],[126.93151,35.147444],[126.931509,35.147483],[126.931545,35.147484]]]]}},{"type":"Feature","id":"2007193883071831441600000000","properties":{"id":"2007193883071831441600000000","pnu":"1221011100104580015","year":2007,"purpose":"단독주택","far":140.19,"floors":4,"structure":"철근콘크리트구조"},"geometry":{"type":"MultiPolygon","coordinates":[[[[126.933701,35.147483],[126.933767,35.1474],[126.933658,35.147343],[126.933623,35.147388],[126.933608,35.147435],[126.933701,35.147483]]]]}},{"type":"Feature","id":"2007193883091831980700000000","properties":{"id":"2007193883091831980700000000","pnu":"1221011100104530010","year":2007,"purpose":"제2종 근린생활시설","far":199.25,"floors":4,"structure":"철근콘크리트구조"},"geometry":{"type":"MultiPolygon","coordinates":[[[[126.933645,35.147965],[126.933758,35.147944],[126.933735,35.147868],[126.933719,35.147871],[126.933711,35.147833],[126.933609,35.147848],[126.933645,35.147965]]]]}},{"type":"Feature","id":"2007194331581831372900000000","properties":{"id":"2007194331581831372900000000","pnu":"1221011100101980015","year":2007,"purpose":"단독주택","far":72.2,"floors":2,"structure":"철근콘크리트구조"},"geometry":{"type":"MultiPolygon","coordinates":[[[[126.938694,35.147395],[126.938703,35.147358],[126.938617,35.147342],[126.938622,35.147325],[126.938533,35.147309],[126.938518,35.147364],[126.938694,35.147395]]]]}},{"type":"Feature","id":"2008193458731832081200000000","properties":{"id":"2008193458731832081200000000","pnu":"1221010800101010008","year":2008,"purpose":"제2종 근린생활시설","far":268.78,"floors":8,"structure":"철근콘크리트구조"},"geometry":{"type":"MultiPolygon","coordinates":[[[[126.928957,35.148075],[126.929097,35.148078],[126.929094,35.147902],[126.928951,35.147895],[126.928957,35.148075]]]]}},{"type":"Feature","id":"2008193507731831841600000000","properties":{"id":"2008193507731831841600000000","pnu":"1221010800101140002","year":2008,"purpose":"단독주택","far":148.7,"floors":3,"structure":"철근콘크리트구조"},"geometry":{"type":"MultiPolygon","coordinates":[[[[126.929491,35.147747],[126.929518,35.147802],[126.929511,35.147805],[126.929523,35.147827],[126.929556,35.147816],[126.929557,35.147819],[126.929623,35.147797],[126.929623,35.147796],[126.929635,35.147792],[126.929634,35.14779],[126.929636,35.147789],[126.929602,35.147721],[126.92957,35.147731],[126.929564,35.14772],[126.929522,35.147734],[126.929523,35.147736],[126.929491,35.147747]]]]}},{"type":"Feature","id":"2008193545971829347800000000","properties":{"id":"2008193545971829347800000000","pnu":"1221011100104760009","year":2008,"purpose":"단독주택","far":164.09,"floors":4,"structure":"철근콘크리트구조"},"geometry":{"type":"MultiPolygon","coordinates":[[[[126.929909,35.145552],[126.929985,35.145587],[126.929999,35.145586],[126.930028,35.145545],[126.930023,35.145543],[126.930058,35.145492],[126.930027,35.145478],[126.930025,35.14548],[126.929975,35.145457],[126.929909,35.145552]]]]}},{"type":"Feature","id":"2008193548661828188700000000","properties":{"id":"2008193548661828188700000000","pnu":"1221011800104190009","year":2008,"purpose":"제2종 근린생활시설","far":164.298,"floors":3,"structure":"철근콘크리트구조"},"geometry":{"type":"MultiPolygon","coordinates":[[[[126.929899,35.144474],[126.929923,35.144511],[126.92993,35.144508],[126.929966,35.144566],[126.930116,35.144502],[126.930091,35.144461],[126.930101,35.144457],[126.930067,35.144383],[126.930044,35.144394],[126.930034,35.144399],[126.930024,35.144406],[126.930013,35.144413],[126.930002,35.14442],[126.929993,35.144427],[126.929983,35.144436],[126.929979,35.144441],[126.929899,35.144474]]]]}},{"type":"Feature","id":"2008193687951831892500000000","properties":{"id":"2008193687951831892500000000","pnu":"1221011100104630008","year":2008,"purpose":"단독주택"},"geometry":{"type":"MultiPolygon","coordinates":[[[[126.931451,35.147869],[126.931603,35.147868],[126.931603,35.147841],[126.931644,35.147841],[126.931644,35.147785],[126.931617,35.147785],[126.931617,35.14777],[126.931449,35.147772],[126.931451,35.147869]]]]}},{"type":"Feature","id":"2008193691221830924000000000","properties":{"id":"2008193691221830924000000000","pnu":"1221011100104880004","year":2008,"purpose":"제2종 근린생활시설","far":191.52,"floors":5,"structure":"철근콘크리트구조"},"geometry":{"type":"MultiPolygon","coordinates":[[[[126.931477,35.147082],[126.931534,35.147091],[126.931566,35.146959],[126.931586,35.146962],[126.931655,35.146948],[126.931678,35.146852],[126.931647,35.146803],[126.931625,35.146799],[126.931598,35.14691],[126.931576,35.146906],[126.931518,35.146911],[126.931477,35.147082]]]]}},{"type":"Feature","id":"2008193977111832011300000000","properties":{"id":"2008193977111832011300000000","pnu":"1221011100102320008","year":2008,"purpose":"단독주택","far":161.43,"floors":3,"structure":"철근콘크리트구조"},"geometry":{"type":"MultiPolygon","coordinates":[[[[126.934748,35.147988],[126.934754,35.147872],[126.934675,35.14787],[126.934672,35.147927],[126.934685,35.147988],[126.934748,35.147988]]]]}},{"type":"Feature","id":"2008194337911831022400000000","properties":{"id":"2008194337911831022400000000","pnu":"1221011100101680000","year":2008,"purpose":"제2종 근린생활시설","far":144.17,"floors":3,"structure":"철근콘크리트구조"},"geometry":{"type":"MultiPolygon","coordinates":[[[[126.938777,35.147034],[126.938732,35.146984],[126.938723,35.14699],[126.938702,35.146968],[126.93868,35.146982],[126.938674,35.146976],[126.938564,35.147042],[126.938625,35.147098],[126.938641,35.147087],[126.938653,35.147099],[126.938667,35.1471],[126.93868,35.14709],[126.938689,35.147098],[126.938777,35.147034]]]]}},{"type":"Feature","id":"2009193538951828997300000000","properties":{"id":"2009193538951828997300000000","pnu":"1221011100105040005","year":2009,"purpose":"단독주택"},"geometry":{"type":"MultiPolygon","coordinates":[[[[126.92998,35.145271],[126.929998,35.145218],[126.929909,35.145183],[126.929916,35.14515],[126.929865,35.145134],[126.929824,35.145221],[126.92998,35.145271]]]]}},{"type":"Feature","id":"2009193561621826125400000000","properties":{"id":"2009193561621826125400000000","pnu":"1221011800103130000","year":2009,"purpose":"기타","far":0.002,"floors":1,"structure":"일반목구조"},"geometry":{"type":"MultiPolygon","coordinates":[[[[126.930158,35.142624],[126.930159,35.142624],[126.93016,35.142624],[126.930161,35.142623],[126.930162,35.142623],[126.930163,35.142622],[126.930163,35.142622],[126.930164,35.142621],[126.930164,35.14262],[126.930164,35.142619],[126.930164,35.142619],[126.930164,35.142618],[126.930163,35.142617],[126.930163,35.142616],[126.930162,35.142616],[126.930161,35.142615],[126.93016,35.142615],[126.930159,35.142615],[126.930158,35.142615],[126.930158,35.142615],[126.930157,35.142615],[126.930156,35.142615],[126.930155,35.142616],[126.930154,35.142616],[126.930154,35.142617],[126.930153,35.142618],[126.930153,35.142619],[126.930153,35.142619],[126.930153,35.14262],[126.930153,35.142621],[126.930154,35.142622],[126.930154,35.142622],[126.930155,35.142623],[126.930156,35.142623],[126.930157,35.142624],[126.930158,35.142624],[126.930158,35.142624]]]]}},{"type":"Feature","id":"2009193577011831529900000000","properties":{"id":"2009193577011831529900000000","pnu":"1221011100104660014","year":2009,"purpose":"단독주택"},"geometry":{"type":"MultiPolygon","coordinates":[[[[126.930279,35.147557],[126.930392,35.147541],[126.930367,35.147424],[126.930254,35.147441],[126.930279,35.147557]]]]}},{"type":"Feature","id":"2009193680551831643500000000","properties":{"id":"2009193680551831643500000000","pnu":"1221011100104640002","year":2009,"purpose":"단독주택"},"geometry":{"type":"MultiPolygon","coordinates":[[[[126.931417,35.147622],[126.93148,35.147619],[126.931481,35.147624],[126.931521,35.14762],[126.931497,35.147586],[126.931495,35.147586],[126.93148,35.147565],[126.931437,35.147558],[126.931418,35.147562],[126.931417,35.147622]]]]}},{"type":"Feature","id":"2009193697291831637500000000","properties":{"id":"2009193697291831637500000000","pnu":"1221011100104630006","year":2009,"purpose":"단독주택","far":178.56,"floors":3,"structure":"철근콘크리트구조"},"geometry":{"type":"MultiPolygon","coordinates":[[[[126.931617,35.147631],[126.931683,35.147632],[126.931684,35.14758],[126.931689,35.14758],[126.93169,35.147552],[126.931596,35.14755],[126.931594,35.147597],[126.931606,35.147597],[126.931606,35.147618],[126.931618,35.147618],[126.931617,35.147631]]]]}},{"type":"Feature","id":"2009193708561831678400000000","properties":{"id":"2009193708561831678400000000","pnu":"1221011100104620010","year":2009,"purpose":"단독주택","far":141.12,"floors":4,"structure":"철근콘크리트구조"},"geometry":{"type":"MultiPolygon","coordinates":[[[[126.9317,35.147671],[126.931835,35.147665],[126.931827,35.147575],[126.931709,35.147587],[126.93171,35.147609],[126.931695,35.14761],[126.9317,35.147671]]]]}},{"type":"Feature","id":"2010193475921827939200000000","properties":{"id":"2010193475921827939200000000","pnu":"1221011800104450007","year":2010,"purpose":"제2종 근린생활시설","far":199.82,"floors":5,"structure":"철근콘크리트구조"},"geometry":{"type":"MultiPolygon","coordinates":[[[[126.929324,35.144238],[126.92935,35.144225],[126.929304,35.14416],[126.929129,35.144245],[126.929129,35.144244],[126.929113,35.144252],[126.929124,35.144267],[126.929094,35.144281],[126.929143,35.144349],[126.929247,35.144299],[126.929234,35.144281],[126.929324,35.144238],[126.929324,35.144238]]]]}},{"type":"Feature","id":"2011193469141831357900000000","properties":{"id":"2011193469141831357900000000","pnu":"1221010800101150009","year":2011,"purpose":"단독주택","far":153.64,"floors":3,"structure":"철근콘크리트구조"},"geometry":{"type":"MultiPolygon","coordinates":[[[[126.929149,35.147408],[126.929223,35.147379],[126.92917,35.14729],[126.92915,35.147263],[126.929053,35.147301],[126.929098,35.147377],[126.929124,35.147367],[126.929149,35.147408]]]]}},{"type":"Feature","id":"2011193497201827843900000000","properties":{"id":"2011193497201827843900000000","pnu":"1221011800104450012","year":2011,"purpose":"숙박시설"},"geometry":{"type":"MultiPolygon","coordinates":[[[[126.929415,35.144129],[126.929387,35.144087],[126.929335,35.144111],[126.929434,35.144256],[126.929562,35.144197],[126.929496,35.1441],[126.929462,35.144116],[126.929457,35.144109],[126.929415,35.144129]]]]}},{"type":"Feature","id":"2012193491771832001100000000","properties":{"id":"2012193491771832001100000000","pnu":"1221010800101130027","year":2012,"purpose":"단독주택","far":149.72,"floors":3,"structure":"철근콘크리트구조"},"geometry":{"type":"MultiPolygon","coordinates":[[[[126.929311,35.147888],[126.929314,35.1479],[126.929306,35.147901],[126.929309,35.147913],[126.929302,35.147914],[126.929305,35.14793],[126.929294,35.147932],[126.929302,35.147966],[126.929454,35.147942],[126.929453,35.147937],[126.929481,35.147933],[126.929464,35.147863],[126.929311,35.147888]]]]}},{"type":"Feature","id":"2012193534211830963000000000","properties":{"id":"2012193534211830963000000000","pnu":"1221011100104800000","year":2012,"purpose":"기타","floors":4,"structure":"철근콘크리트구조"},"geometry":{"type":"MultiPolygon","coordinates":[[[[126.930379,35.147222],[126.930443,35.147101],[126.930334,35.147069],[126.930447,35.146827],[126.930331,35.146795],[126.930206,35.147041],[126.929303,35.14676],[126.929206,35.146969],[126.929466,35.147051],[126.929512,35.146955],[126.929657,35.147001],[126.929646,35.147039],[126.929709,35.147061],[126.929737,35.147021],[126.930379,35.147222]]]]}},{"type":"Feature","id":"2012194032741830770700000000","properties":{"id":"2012194032741830770700000000","pnu":"1221011100101850003","year":2012,"purpose":"단독주택","far":133.34,"floors":3,"structure":"철근콘크리트구조"},"geometry":{"type":"MultiPolygon","coordinates":[[[[126.935362,35.146916],[126.935404,35.146871],[126.935396,35.146866],[126.935437,35.146822],[126.935257,35.146709],[126.935205,35.146765],[126.935306,35.146829],[126.935283,35.146854],[126.935362,35.146916]]]]}},{"type":"Feature","id":"2012194040361830663100000000","properties":{"id":"2012194040361830663100000000","pnu":"1221011100101850017","year":2012,"purpose":"단독주택","far":133.3,"floors":3,"structure":"철근콘크리트구조"},"geometry":{"type":"MultiPolygon","coordinates":[[[[126.935446,35.14681],[126.935486,35.146767],[126.935478,35.146762],[126.935521,35.146716],[126.935422,35.146655],[126.935415,35.146662],[126.935366,35.146632],[126.935357,35.146642],[126.935332,35.146626],[126.935287,35.146675],[126.935382,35.146734],[126.935361,35.146757],[126.935446,35.14681]]]]}},{"type":"Feature","id":"2013193490441831458300000000","properties":{"id":"2013193490441831458300000000","pnu":"1221010800101150000","year":2013,"purpose":"단독주택","far":149.7119,"floors":4,"structure":"철근콘크리트구조"},"geometry":{"type":"MultiPolygon","coordinates":[[[[126.929298,35.147411],[126.929308,35.147429],[126.929293,35.147434],[126.929307,35.147459],[126.929321,35.147453],[126.929334,35.147476],[126.929445,35.147433],[126.929432,35.147411],[126.929446,35.147405],[126.929432,35.147381],[126.929417,35.147386],[126.929408,35.147369],[126.929395,35.147374],[126.929398,35.147381],[126.929372,35.147391],[126.929378,35.147402],[126.929348,35.147413],[126.929342,35.147403],[126.929315,35.147413],[126.929311,35.147406],[126.929298,35.147411]]]]}},{"type":"Feature","id":"2013193509631831987300000000","properties":{"id":"2013193509631831987300000000","pnu":"1221010800101130097","year":2013,"purpose":"단독주택","far":149.17,"floors":4,"structure":"철근콘크리트구조"},"geometry":{"type":"MultiPolygon","coordinates":[[[[126.929634,35.147837],[126.929508,35.14786],[126.92953,35.147939],[126.929516,35.147942],[126.929524,35.14797],[126.929645,35.147948],[126.929637,35.147919],[126.929669,35.147913],[126.929663,35.147891],[126.929649,35.147893],[126.929634,35.147837]]]]}},{"type":"Feature","id":"2013193526651831946200000000","properties":{"id":"2013193526651831946200000000","pnu":"1221010800101130098","year":2013,"purpose":"단독주택","far":147.75,"floors":4,"structure":"철근콘크리트구조"},"geometry":{"type":"MultiPolygon","coordinates":[[[[126.929706,35.147838],[126.929703,35.147827],[126.929672,35.147834],[126.929693,35.147904],[126.929719,35.147898],[126.929728,35.147926],[126.929861,35.147898],[126.929832,35.147801],[126.92983,35.147802],[126.929706,35.147838]]]]}},{"type":"Feature","id":"2013193530901832079300000000","properties":{"id":"2013193530901832079300000000","pnu":"1221010800101130099","year":2013,"purpose":"단독주택","far":149.16,"floors":4,"structure":"철근콘크리트구조"},"geometry":{"type":"MultiPolygon","coordinates":[[[[126.92976,35.148045],[126.929896,35.148023],[126.929885,35.147983],[126.929891,35.147981],[126.929877,35.147926],[126.929733,35.147952],[126.92976,35.148045]]]]}},{"type":"Feature","id":"2013193534361828291900000000","properties":{"id":"2013193534361828291900000000","pnu":"1221011100105070027","year":2013,"purpose":"제1종 근린생활시설","far":210.1021,"floors":4,"structure":"철근콘크리트구조"},"geometry":{"type":"MultiPolygon","coordinates":[[[[126.92982,35.144628],[126.929827,35.144636],[126.929898,35.144603],[126.929879,35.144511],[126.92984,35.144508],[126.92982,35.144628]]]]}},{"type":"Feature","id":"2013193993041831625300000000","properties":{"id":"2013193993041831625300000000","pnu":"1221011100101860000","year":2013,"purpose":"단독주택","far":182.52,"floors":4,"structure":"철골콘크리트구조"},"geometry":{"type":"MultiPolygon","coordinates":[[[[126.934783,35.14759],[126.934967,35.147638],[126.934994,35.147569],[126.93481,35.147521],[126.934783,35.14759]]]]}},{"type":"Feature","id":"road:2911011100104600004028456:8358","properties":{"id":"road:2911011100104600004028456:8358","pnu":"1221011100104600004","purpose":"공동주택","year":2005},"geometry":{"type":"MultiPolygon","coordinates":[[[[126.933249,35.147328],[126.933159,35.147316],[126.933153,35.147327],[126.933136,35.147435],[126.933206,35.147445],[126.933243,35.147364],[126.933249,35.147328]]]]}}]}
