{"type":"FeatureCollection","features":[{"type":"Feature","id":"0000194366361812849700000000","properties":{"id":"0000194366361812849700000000","pnu":"1221011900107690002","purpose":"기타"},"geometry":{"type":"MultiPolygon","coordinates":[[[[126.939063,35.130662],[126.939019,35.130616],[126.938956,35.130615],[126.93894,35.130623],[126.938965,35.130659],[126.938945,35.130667],[126.938993,35.130717],[126.939063,35.130662]]]]}},{"type":"Feature","id":"0000194370121819231700000000","properties":{"id":"0000194370121819231700000000","pnu":"1221012200102300002","purpose":"기타"},"geometry":{"type":"MultiPolygon","coordinates":[[[[126.938996,35.136378],[126.93898,35.136418],[126.939074,35.136443],[126.93909,35.136404],[126.938996,35.136378]]]]}},{"type":"Feature","id":"0000194370431813076400000000","properties":{"id":"0000194370431813076400000000","pnu":"1221011900107690002","purpose":"기타"},"geometry":{"type":"MultiPolygon","coordinates":[[[[126.939091,35.130861],[126.939061,35.130825],[126.938994,35.130864],[126.939025,35.130899],[126.939091,35.130861]]]]}},{"type":"Feature","id":"0000194371161818518100000000","properties":{"id":"0000194371161818518100000000","pnu":"1221012200102430002","purpose":"기타"},"geometry":{"type":"MultiPolygon","coordinates":[[[[126.939009,35.135786],[126.939086,35.13578],[126.939084,35.135749],[126.939008,35.135755],[126.939009,35.135786]]]]}},{"type":"Feature","id":"0000194378001812557500000000","properties":{"id":"0000194378001812557500000000","pnu":"1221011900107720000","purpose":"기타"},"geometry":{"type":"MultiPolygon","coordinates":[[[[126.93914,35.130473],[126.939193,35.130441],[126.939128,35.130344],[126.939142,35.130334],[126.939123,35.13031],[126.939066,35.130345],[126.939091,35.130381],[126.939073,35.130393],[126.93914,35.130473]]]]}},{"type":"Feature","id":"0000194386881812753800000000","properties":{"id":"0000194386881812753800000000","pnu":"1221011900107710005","purpose":"기타"},"geometry":{"type":"MultiPolygon","coordinates":[[[[126.939208,35.130544],[126.939205,35.130598],[126.939239,35.1306],[126.939242,35.130545],[126.939208,35.130544]]]]}},{"type":"Feature","id":"0000194386951812529600000000","properties":{"id":"0000194386951812529600000000","pnu":"1221011900107720001","purpose":"기타"},"geometry":{"type":"MultiPolygon","coordinates":[[[[126.939211,35.130414],[126.939274,35.130379],[126.939239,35.130326],[126.939174,35.130361],[126.939211,35.130414]]]]}},{"type":"Feature","id":"0000194429101814889200000000","properties":{"id":"0000194429101814889200000000","pnu":"1221012100108830000","purpose":"기타"},"geometry":{"type":"MultiPolygon","coordinates":[[[[126.939656,35.132514],[126.939715,35.132511],[126.939714,35.132479],[126.939655,35.132484],[126.939656,35.132514]]]]}},{"type":"Feature","id":"0000194435861811216400000000","properties":{"id":"0000194435861811216400000000","pnu":"1221011900107790002","purpose":"기타"},"geometry":{"type":"MultiPolygon","coordinates":[[[[126.939767,35.12921],[126.939792,35.129179],[126.939754,35.129159],[126.939744,35.129172],[126.939741,35.129209],[126.939767,35.12921]]]]}},{"type":"Feature","id":"0000194437871810615800000000","properties":{"id":"0000194437871810615800000000","pnu":"1221011900108550039","purpose":"기타"},"geometry":{"type":"MultiPolygon","coordinates":[[[[126.939782,35.128595],[126.939745,35.128697],[126.939782,35.128706],[126.939826,35.128583],[126.939782,35.128595]]]]}},{"type":"Feature","id":"0000194440721811136000000000","properties":{"id":"0000194440721811136000000000","pnu":"1221011900107790001","purpose":"기타"},"geometry":{"type":"MultiPolygon","coordinates":[[[[126.939762,35.129153],[126.93981,35.129174],[126.939866,35.129075],[126.939825,35.129052],[126.939762,35.129153]]]]}},{"type":"Feature","id":"0000194442311818616500000000","properties":{"id":"0000194442311818616500000000","pnu":"1221012200102370000","purpose":"기타"},"geometry":{"type":"MultiPolygon","coordinates":[[[[126.939844,35.135883],[126.939852,35.135835],[126.939812,35.13583],[126.939803,35.135878],[126.939844,35.135883]]]]}},{"type":"Feature","id":"0000194442821811453600000000","properties":{"id":"0000194442821811453600000000","pnu":"1221011900107750000","purpose":"기타"},"geometry":{"type":"MultiPolygon","coordinates":[[[[126.939863,35.12936],[126.939783,35.129401],[126.939813,35.12944],[126.939893,35.129399],[126.939863,35.12936]]]]}},{"type":"Feature","id":"0000194443451810812600000000","properties":{"id":"0000194443451810812600000000","pnu":"1221011900107790004","purpose":"기타"},"geometry":{"type":"MultiPolygon","coordinates":[[[[126.939774,35.128914],[126.939942,35.128906],[126.939922,35.128766],[126.93986,35.128732],[126.939761,35.128716],[126.939774,35.128914]]]]}},{"type":"Feature","id":"0000194444781810943200000000","properties":{"id":"0000194444781810943200000000","pnu":"1221011900107810000","purpose":"기타"},"geometry":{"type":"MultiPolygon","coordinates":[[[[126.939774,35.128914],[126.939776,35.128978],[126.939957,35.12896],[126.939942,35.128906],[126.939774,35.128914]]]]}},{"type":"Feature","id":"0000194445621811237500000000","properties":{"id":"0000194445621811237500000000","pnu":"1221011900107800000","purpose":"기타"},"geometry":{"type":"MultiPolygon","coordinates":[[[[126.939965,35.129183],[126.939926,35.12914],[126.939905,35.129161],[126.939863,35.129133],[126.939772,35.129224],[126.939862,35.129285],[126.939965,35.129183]]]]}},{"type":"Feature","id":"0000194447621811136200000000","properties":{"id":"0000194447621811136200000000","pnu":"1221011900107800000","purpose":"기타"},"geometry":{"type":"MultiPolygon","coordinates":[[[[126.939904,35.129159],[126.939928,35.129137],[126.939886,35.12907],[126.939866,35.129081],[126.939855,35.129103],[126.939904,35.129159]]]]}},{"type":"Feature","id":"0000194450581814780400000000","properties":{"id":"0000194450581814780400000000","pnu":"1221012100108910000","purpose":"기타"},"geometry":{"type":"MultiPolygon","coordinates":[[[[126.939871,35.132444],[126.93997,35.132441],[126.939972,35.132355],[126.939872,35.132356],[126.939871,35.132444]]]]}},{"type":"Feature","id":"0000194453101812220600000000","properties":{"id":"0000194453101812220600000000","pnu":"1221011900108550038","purpose":"기타"},"geometry":{"type":"MultiPolygon","coordinates":[[[[126.939921,35.130129],[126.939961,35.130134],[126.939978,35.130051],[126.939942,35.130048],[126.939921,35.130129]]]]}},{"type":"Feature","id":"0000194454651817897000000000","properties":{"id":"0000194454651817897000000000","pnu":"1221012200102530002","purpose":"기타"},"geometry":{"type":"MultiPolygon","coordinates":[[[[126.940019,35.135248],[126.940034,35.135187],[126.939907,35.135169],[126.939894,35.135229],[126.940019,35.135248]]]]}},{"type":"Feature","id":"0000194456131818941700000000","properties":{"id":"0000194456131818941700000000","pnu":"1221012200102340000","purpose":"기타"},"geometry":{"type":"MultiPolygon","coordinates":[[[[126.939956,35.13617],[126.939997,35.136172],[126.940002,35.136129],[126.939961,35.136127],[126.939956,35.13617]]]]}},{"type":"Feature","id":"0000194462311812236200000000","properties":{"id":"0000194462311812236200000000","pnu":"1221011900107910001","purpose":"기타"},"geometry":{"type":"MultiPolygon","coordinates":[[[[126.940017,35.130162],[126.940106,35.13014],[126.940079,35.130052],[126.939993,35.130068],[126.939996,35.130091],[126.940017,35.130091],[126.940028,35.130132],[126.940004,35.130139],[126.940017,35.130162]]]]}},{"type":"Feature","id":"0000194462421819235600000000","properties":{"id":"0000194462421819235600000000","pnu":"1221012200102230001","purpose":"기타"},"geometry":{"type":"MultiPolygon","coordinates":[[[[126.939975,35.136427],[126.94003,35.136475],[126.940122,35.136401],[126.940065,35.136355],[126.939975,35.136427]]]]}},{"type":"Feature","id":"0000194468351812156800000000","properties":{"id":"0000194468351812156800000000","pnu":"1221011900107900000","purpose":"기타"},"geometry":{"type":"MultiPolygon","coordinates":[[[[126.940096,35.130063],[126.940154,35.130043],[126.940139,35.130006],[126.940082,35.130024],[126.940096,35.130063]]]]}},{"type":"Feature","id":"0000194473981812428700000000","properties":{"id":"0000194473981812428700000000","pnu":"1221011900107930002","purpose":"기타"},"geometry":{"type":"MultiPolygon","coordinates":[[[[126.940143,35.130321],[126.940191,35.130321],[126.940196,35.130267],[126.940236,35.130265],[126.940236,35.130245],[126.940152,35.130248],[126.940143,35.130321]]]]}},{"type":"Feature","id":"0000194476501811438400000000","properties":{"id":"0000194476501811438400000000","pnu":"1221011900107860001","purpose":"기타"},"geometry":{"type":"MultiPolygon","coordinates":[[[[126.94021,35.129312],[126.940131,35.129353],[126.940203,35.12946],[126.940285,35.129422],[126.94021,35.129312]]]]}},{"type":"Feature","id":"0000194481131811505900000000","properties":{"id":"0000194481131811505900000000","pnu":"1221011900107860001","purpose":"기타"},"geometry":{"type":"MultiPolygon","coordinates":[[[[126.940298,35.129442],[126.940287,35.129424],[126.940219,35.129453],[126.94023,35.129471],[126.940298,35.129442]]]]}},{"type":"Feature","id":"0000194481511812463200000000","properties":{"id":"0000194481511812463200000000","pnu":"1221011900107930002","purpose":"기타"},"geometry":{"type":"MultiPolygon","coordinates":[[[[126.940201,35.130333],[126.940266,35.130359],[126.940322,35.130291],[126.940259,35.13026],[126.940201,35.130333]]]]}},{"type":"Feature","id":"0000194483971817466200000000","properties":{"id":"0000194483971817466200000000","pnu":"1221012200102540003","purpose":"기타"},"geometry":{"type":"MultiPolygon","coordinates":[[[[126.940223,35.134802],[126.94022,35.134836],[126.940297,35.134839],[126.940297,35.134831],[126.940359,35.134833],[126.940361,35.134807],[126.940223,35.134802]]]]}},{"type":"Feature","id":"0000194491131811282900000000","properties":{"id":"0000194491131811282900000000","pnu":"1221011900202680001","purpose":"기타"},"geometry":{"type":"MultiPolygon","coordinates":[[[[126.940309,35.129272],[126.94038,35.129298],[126.940424,35.129217],[126.940362,35.129195],[126.940309,35.129272]]]]}},{"type":"Feature","id":"0000194491711811113000000000","properties":{"id":"0000194491711811113000000000","pnu":"1221011900107860002","purpose":"기타"},"geometry":{"type":"MultiPolygon","coordinates":[[[[126.940368,35.129124],[126.940412,35.129088],[126.940381,35.129062],[126.940337,35.129099],[126.940368,35.129124]]]]}},{"type":"Feature","id":"0000194494051812541300000000","properties":{"id":"0000194494051812541300000000","pnu":"1221011900107930001","purpose":"기타"},"geometry":{"type":"MultiPolygon","coordinates":[[[[126.940368,35.130388],[126.94041,35.130406],[126.940431,35.130373],[126.940389,35.130356],[126.940368,35.130388]]]]}},{"type":"Feature","id":"0000194500261812189900000000","properties":{"id":"0000194500261812189900000000","pnu":"1221011900108270000","purpose":"기타"},"geometry":{"type":"MultiPolygon","coordinates":[[[[126.940381,35.130088],[126.940556,35.130075],[126.940552,35.13004],[126.940383,35.130053],[126.940381,35.130088]]]]}},{"type":"Feature","id":"0000194500981811983400000000","properties":{"id":"0000194500981811983400000000","pnu":"1221011900108270000","purpose":"기타"},"geometry":{"type":"MultiPolygon","coordinates":[[[[126.940464,35.129923],[126.940531,35.129872],[126.940494,35.129832],[126.940419,35.129883],[126.940464,35.129923]]]]}},{"type":"Feature","id":"0000194501631811024600000000","properties":{"id":"0000194501631811024600000000","pnu":"1221011900107870000","purpose":"단독주택","floors":1,"structure":"일반목구조"},"geometry":{"type":"MultiPolygon","coordinates":[[[[126.940464,35.129057],[126.940534,35.129034],[126.940504,35.128971],[126.940434,35.128993],[126.940464,35.129057]]]]}},{"type":"Feature","id":"0000194505751817796500000000","properties":{"id":"0000194505751817796500000000","pnu":"1221012200102360003","purpose":"기타"},"geometry":{"type":"MultiPolygon","coordinates":[[[[126.940462,35.13514],[126.940474,35.135149],[126.940586,35.135149],[126.940589,35.135099],[126.940571,35.135088],[126.940477,35.135082],[126.940464,35.135091],[126.940462,35.13514]]]]}},{"type":"Feature","id":"0000194505841812488300000000","properties":{"id":"0000194505841812488300000000","pnu":"1221011900108250000","purpose":"기타"},"geometry":{"type":"MultiPolygon","coordinates":[[[[126.940461,35.130354],[126.940591,35.13036],[126.9406,35.130315],[126.940468,35.130304],[126.940461,35.130354]]]]}},{"type":"Feature","id":"0000194516621812578900000000","properties":{"id":"0000194516621812578900000000","pnu":"1221011900108580000","purpose":"기타"},"geometry":{"type":"MultiPolygon","coordinates":[[[[126.940655,35.130467],[126.940702,35.130434],[126.940639,35.130362],[126.940592,35.130396],[126.940655,35.130467]]]]}},{"type":"Feature","id":"0000194517561816986100000000","properties":{"id":"0000194517561816986100000000","pnu":"1221012100106030000","purpose":"기타"},"geometry":{"type":"MultiPolygon","coordinates":[[[[126.940614,35.134405],[126.940694,35.134406],[126.940695,35.134369],[126.940614,35.134369],[126.940614,35.134405]]]]}},{"type":"Feature","id":"0000194518751812108200000000","properties":{"id":"0000194518751812108200000000","pnu":"1221011900108270000","purpose":"기타"},"geometry":{"type":"MultiPolygon","coordinates":[[[[126.940606,35.130008],[126.940668,35.130045],[126.940735,35.129975],[126.940674,35.129935],[126.940606,35.130008]]]]}},{"type":"Feature","id":"0000194524201812530400000000","properties":{"id":"0000194524201812530400000000","pnu":"1221011900108230000","purpose":"기타"},"geometry":{"type":"MultiPolygon","coordinates":[[[[126.940708,35.130432],[126.940759,35.130451],[126.940801,35.130355],[126.940659,35.130303],[126.940643,35.13034],[126.940732,35.130378],[126.940708,35.130432]]]]}},{"type":"Feature","id":"0000194542351812775800000000","properties":{"id":"0000194542351812775800000000","pnu":"1221011900108020000","purpose":"기타"},"geometry":{"type":"MultiPolygon","coordinates":[[[[126.940823,35.130583],[126.940912,35.130628],[126.941022,35.130632],[126.941018,35.130572],[126.94094,35.130571],[126.940858,35.130541],[126.940823,35.130583]]]]}},{"type":"Feature","id":"0000194552101812584000000000","properties":{"id":"0000194552101812584000000000","pnu":"1221011900108220000","purpose":"기타"},"geometry":{"type":"MultiPolygon","coordinates":[[[[126.941006,35.130381],[126.941003,35.130458],[126.941071,35.130454],[126.941068,35.130384],[126.941006,35.130381]]]]}},{"type":"Feature","id":"0000194559251812390200000000","properties":{"id":"0000194559251812390200000000","pnu":"1221011900108220000","purpose":"기타"},"geometry":{"type":"MultiPolygon","coordinates":[[[[126.941071,35.13029],[126.941111,35.130304],[126.94116,35.1302],[126.941117,35.130187],[126.941071,35.13029]]]]}},{"type":"Feature","id":"0000194560201812909900000000","properties":{"id":"0000194560201812909900000000","pnu":"1221011900108550038","purpose":"기타"},"geometry":{"type":"MultiPolygon","coordinates":[[[[126.94106,35.130749],[126.941176,35.130756],[126.941189,35.130677],[126.941075,35.130671],[126.94106,35.130749]]]]}},{"type":"Feature","id":"0000194568961812366000000000","properties":{"id":"0000194568961812366000000000","pnu":"1221011900108200000","purpose":"기타"},"geometry":{"type":"MultiPolygon","coordinates":[[[[126.941184,35.130244],[126.941199,35.130257],[126.941264,35.130223],[126.94125,35.130199],[126.94122,35.130195],[126.941202,35.130203],[126.941184,35.130244]]]]}},{"type":"Feature","id":"0000194573241812503600000000","properties":{"id":"0000194573241812503600000000","pnu":"1221011900108200000","purpose":"기타"},"geometry":{"type":"MultiPolygon","coordinates":[[[[126.941252,35.130379],[126.941303,35.130361],[126.941282,35.130317],[126.941236,35.130332],[126.941252,35.130379]]]]}},{"type":"Feature","id":"0000194575431812826200000000","properties":{"id":"0000194575431812826200000000","pnu":"1221011900108030002","purpose":"기타"},"geometry":{"type":"MultiPolygon","coordinates":[[[[126.941256,35.130678],[126.941336,35.13067],[126.941338,35.130624],[126.941303,35.130623],[126.941301,35.130589],[126.941259,35.130594],[126.941256,35.130678]]]]}},{"type":"Feature","id":"0000194576111812736300000000","properties":{"id":"0000194576111812736300000000","pnu":"1221011900108050000","purpose":"기타"},"geometry":{"type":"MultiPolygon","coordinates":[[[[126.941247,35.130554],[126.941262,35.130588],[126.941351,35.130562],[126.941337,35.130525],[126.941247,35.130554]]]]}},{"type":"Feature","id":"0000194576201813671100000000","properties":{"id":"0000194576201813671100000000","pnu":"1221011900107610003","purpose":"기타"},"geometry":{"type":"MultiPolygon","coordinates":[[[[126.94133,35.131368],[126.941254,35.131413],[126.94127,35.131431],[126.941346,35.131387],[126.94133,35.131368]]]]}},{"type":"Feature","id":"0000194585161812610200000000","properties":{"id":"0000194585161812610200000000","pnu":"1221011900108050000","purpose":"기타"},"geometry":{"type":"MultiPolygon","coordinates":[[[[126.941381,35.130462],[126.94142,35.130459],[126.941417,35.130425],[126.941378,35.130427],[126.941381,35.130462]]]]}},{"type":"Feature","id":"0000194588501812740000000000","properties":{"id":"0000194588501812740000000000","pnu":"1221011900108030002","purpose":"기타"},"geometry":{"type":"MultiPolygon","coordinates":[[[[126.941358,35.130521],[126.941364,35.130573],[126.941415,35.130569],[126.941421,35.130619],[126.941501,35.130607],[126.941488,35.130518],[126.941418,35.130522],[126.941416,35.130511],[126.941358,35.130521]]]]}},{"type":"Feature","id":"0000194597921812620200000000","properties":{"id":"0000194597921812620200000000","pnu":"1221011900108050000","purpose":"기타"},"geometry":{"type":"MultiPolygon","coordinates":[[[[126.941494,35.13047],[126.941583,35.130469],[126.941585,35.130434],[126.941494,35.130436],[126.941494,35.13047]]]]}},{"type":"Feature","id":"0000194598501817795800000000","properties":{"id":"0000194598501817795800000000","pnu":"1221012100105950000","purpose":"기타"},"geometry":{"type":"MultiPolygon","coordinates":[[[[126.941506,35.135175],[126.941581,35.135171],[126.941578,35.13506],[126.941504,35.135063],[126.941506,35.135175]]]]}},{"type":"Feature","id":"0000194598661812729200000000","properties":{"id":"0000194598661812729200000000","pnu":"1221011900108050000","purpose":"기타"},"geometry":{"type":"MultiPolygon","coordinates":[[[[126.941516,35.130595],[126.941598,35.13058],[126.941578,35.130507],[126.941498,35.13052],[126.941516,35.130595]]]]}},{"type":"Feature","id":"0000194601931812250500000000","properties":{"id":"0000194601931812250500000000","pnu":"1221011900108160000","purpose":"기타"},"geometry":{"type":"MultiPolygon","coordinates":[[[[126.941529,35.130085],[126.941566,35.130175],[126.941637,35.130155],[126.941602,35.130064],[126.941529,35.130085]]]]}},{"type":"Feature","id":"0000194603201812484000000000","properties":{"id":"0000194603201812484000000000","pnu":"1221011900108070000","purpose":"기타"},"geometry":{"type":"MultiPolygon","coordinates":[[[[126.941504,35.130336],[126.941509,35.130349],[126.941639,35.130349],[126.941671,35.130339],[126.941641,35.130295],[126.941504,35.130336]]]]}},{"type":"Feature","id":"0000194604921812376400000000","properties":{"id":"0000194604921812376400000000","pnu":"1221011900108160000","purpose":"기타"},"geometry":{"type":"MultiPolygon","coordinates":[[[[126.941567,35.13023],[126.941595,35.130272],[126.941667,35.130234],[126.941636,35.130195],[126.941567,35.13023]]]]}},{"type":"Feature","id":"0000194608031818024800000000","properties":{"id":"0000194608031818024800000000","pnu":"1221012100105940000","purpose":"기타"},"geometry":{"type":"MultiPolygon","coordinates":[[[[126.941545,35.13537],[126.941748,35.135374],[126.941749,35.135279],[126.941545,35.135273],[126.941545,35.13537]]]]}},{"type":"Feature","id":"0000194609771812051800000000","properties":{"id":"0000194609771812051800000000","pnu":"1221011900108140000","purpose":"기타"},"geometry":{"type":"MultiPolygon","coordinates":[[[[126.941639,35.129911],[126.941667,35.129977],[126.941701,35.129968],[126.941669,35.129903],[126.941639,35.129911]]]]}},{"type":"Feature","id":"0000194610031812600200000000","properties":{"id":"0000194610031812600200000000","pnu":"1221011900108050000","purpose":"기타"},"geometry":{"type":"MultiPolygon","coordinates":[[[[126.941623,35.130474],[126.941734,35.130457],[126.941721,35.130397],[126.941612,35.13041],[126.941623,35.130474]]]]}},{"type":"Feature","id":"0000194612041817190800000000","properties":{"id":"0000194612041817190800000000","pnu":"1221012100105960001","purpose":"기타"},"geometry":{"type":"MultiPolygon","coordinates":[[[[126.941672,35.134601],[126.941712,35.134598],[126.94171,35.134545],[126.941671,35.134545],[126.941672,35.134601]]]]}},{"type":"Feature","id":"0000194613061814047500000000","properties":{"id":"0000194613061814047500000000","pnu":"1221012100108380021","purpose":"기타"},"geometry":{"type":"MultiPolygon","coordinates":[[[[126.941663,35.13174],[126.941709,35.131771],[126.941743,35.131736],[126.941704,35.131708],[126.941663,35.13174]]]]}},{"type":"Feature","id":"0000194613681812143200000000","properties":{"id":"0000194613681812143200000000","pnu":"1221011900108150000","purpose":"기타"},"geometry":{"type":"MultiPolygon","coordinates":[[[[126.941682,35.13006],[126.94175,35.130053],[126.941741,35.129985],[126.941676,35.129992],[126.941682,35.13006]]]]}},{"type":"Feature","id":"0000194614081812445600000000","properties":{"id":"0000194614081812445600000000","pnu":"1221011900108070000","purpose":"기타"},"geometry":{"type":"MultiPolygon","coordinates":[[[[126.941673,35.130336],[126.941752,35.130324],[126.941775,35.130283],[126.941761,35.130245],[126.941647,35.130293],[126.941673,35.130336]]]]}},{"type":"Feature","id":"0000194618911812313400000000","properties":{"id":"0000194618911812313400000000","pnu":"1221011900108150000","purpose":"기타"},"geometry":{"type":"MultiPolygon","coordinates":[[[[126.941688,35.13016],[126.941696,35.130192],[126.941799,35.13022],[126.941839,35.130215],[126.94186,35.130168],[126.941708,35.130126],[126.941688,35.13016]]]]}},{"type":"Feature","id":"0000194620241812045400000000","properties":{"id":"0000194620241812045400000000","pnu":"1221011900108140000","purpose":"기타"},"geometry":{"type":"MultiPolygon","coordinates":[[[[126.941717,35.129913],[126.941738,35.129978],[126.941849,35.129958],[126.941832,35.12989],[126.941717,35.129913]]]]}},{"type":"Feature","id":"0000194622751812393900000000","properties":{"id":"0000194622751812393900000000","pnu":"1221011900108070000","purpose":"기타"},"geometry":{"type":"MultiPolygon","coordinates":[[[[126.941794,35.130274],[126.941843,35.130256],[126.941831,35.130224],[126.941779,35.130241],[126.941794,35.130274]]]]}},{"type":"Feature","id":"0000194623191812581400000000","properties":{"id":"0000194623191812581400000000","pnu":"1221011900108050000","purpose":"기타"},"geometry":{"type":"MultiPolygon","coordinates":[[[[126.941768,35.130397],[126.94179,35.130446],[126.94182,35.130439],[126.941823,35.130452],[126.941867,35.130436],[126.941862,35.130409],[126.941836,35.13041],[126.94182,35.13038],[126.941768,35.130397]]]]}},{"type":"Feature","id":"0000194625541812115700000000","properties":{"id":"0000194625541812115700000000","pnu":"1221011900108150000","purpose":"기타"},"geometry":{"type":"MultiPolygon","coordinates":[[[[126.941844,35.130026],[126.941871,35.130008],[126.94184,35.12997],[126.941814,35.129986],[126.941844,35.130026]]]]}},{"type":"Feature","id":"0000194632601812437800000000","properties":{"id":"0000194632601812437800000000","pnu":"1221011900108060000","purpose":"기타"},"geometry":{"type":"MultiPolygon","coordinates":[[[[126.941855,35.130274],[126.94188,35.130334],[126.941984,35.130302],[126.941959,35.130243],[126.941855,35.130274]]]]}},{"type":"Feature","id":"0000194635131814105900000000","properties":{"id":"0000194635131814105900000000","pnu":"1221012100106400001","purpose":"기타"},"geometry":{"type":"MultiPolygon","coordinates":[[[[126.94187,35.13181],[126.941992,35.131818],[126.94201,35.131795],[126.941945,35.13175],[126.94187,35.13181]]]]}},{"type":"Feature","id":"0000194636631813943900000000","properties":{"id":"0000194636631813943900000000","pnu":"1221012100106420000","purpose":"기타"},"geometry":{"type":"MultiPolygon","coordinates":[[[[126.941954,35.131704],[126.942039,35.131622],[126.941985,35.131586],[126.941923,35.131645],[126.941904,35.131635],[126.94188,35.13166],[126.941954,35.131704]]]]}},{"type":"Feature","id":"0000194638431811812200000000","properties":{"id":"0000194638431811812200000000","pnu":"1221011900108340000","purpose":"기타"},"geometry":{"type":"MultiPolygon","coordinates":[[[[126.941963,35.129705],[126.941953,35.129721],[126.942005,35.129743],[126.942015,35.129728],[126.941963,35.129705]]]]}},{"type":"Feature","id":"0000194642871814035200000000","properties":{"id":"0000194642871814035200000000","pnu":"1221012100106400001","purpose":"기타"},"geometry":{"type":"MultiPolygon","coordinates":[[[[126.941958,35.131744],[126.94203,35.131797],[126.9421,35.131699],[126.942043,35.131663],[126.941958,35.131744]]]]}},{"type":"Feature","id":"0000194650561812425300000000","properties":{"id":"0000194650561812425300000000","pnu":"1221011900108060000","purpose":"기타"},"geometry":{"type":"MultiPolygon","coordinates":[[[[126.942057,35.130291],[126.942092,35.130302],[126.942095,35.130297],[126.942153,35.130316],[126.942176,35.130266],[126.942085,35.130238],[126.942057,35.130291]]]]}},{"type":"Feature","id":"0000194650861817753600000000","properties":{"id":"0000194650861817753600000000","pnu":"1221012100105930000","purpose":"기타"},"geometry":{"type":"MultiPolygon","coordinates":[[[[126.942222,35.135102],[126.94222,35.135054],[126.94201,35.135059],[126.942011,35.135104],[126.942222,35.135102]]]]}},{"type":"Feature","id":"0000194651951814089100000000","properties":{"id":"0000194651951814089100000000","pnu":"1221012100106390003","purpose":"기타"},"geometry":{"type":"MultiPolygon","coordinates":[[[[126.942059,35.131806],[126.942166,35.131837],[126.942197,35.131785],[126.942156,35.131729],[126.942115,35.131702],[126.942059,35.131806]]]]}},{"type":"Feature","id":"0000194654411812320400000000","properties":{"id":"0000194654411812320400000000","pnu":"1221011900108080000","purpose":"기타"},"geometry":{"type":"MultiPolygon","coordinates":[[[[126.942073,35.130182],[126.942133,35.130207],[126.942125,35.130227],[126.942202,35.13025],[126.942222,35.130211],[126.942206,35.130205],[126.94222,35.130179],[126.942208,35.130175],[126.942208,35.130129],[126.942135,35.130126],[126.942133,35.130149],[126.942103,35.13014],[126.942073,35.130182]]]]}},{"type":"Feature","id":"0000194668011818531000000000","properties":{"id":"0000194668011818531000000000","pnu":"1221012100105650007","purpose":"기타"},"geometry":{"type":"MultiPolygon","coordinates":[[[[126.942278,35.135796],[126.942327,35.135799],[126.94233,35.135765],[126.942281,35.135762],[126.942278,35.135796]]]]}},{"type":"Feature","id":"0000194668331816572500000000","properties":{"id":"0000194668331816572500000000","pnu":"1221012100105890005","purpose":"기타"},"geometry":{"type":"MultiPolygon","coordinates":[[[[126.942238,35.134038],[126.942352,35.134039],[126.942352,35.134029],[126.942384,35.134028],[126.942385,35.133993],[126.942238,35.133995],[126.942238,35.134038]]]]}},{"type":"Feature","id":"0000194679941817200500000000","properties":{"id":"0000194679941817200500000000","pnu":"1221012100105900000","purpose":"기타"},"geometry":{"type":"MultiPolygon","coordinates":[[[[126.942412,35.1346],[126.94246,35.1346],[126.94246,35.134563],[126.942413,35.134562],[126.942412,35.1346]]]]}},{"type":"Feature","id":"0000194687631813312000000000","properties":{"id":"0000194687631813312000000000","pnu":"1221012100108380020","purpose":"기타"},"geometry":{"type":"MultiPolygon","coordinates":[[[[126.942566,35.13107],[126.942547,35.131047],[126.94248,35.131083],[126.942498,35.131106],[126.942566,35.13107]]]]}},{"type":"Feature","id":"0000194693301817940100000000","properties":{"id":"0000194693301817940100000000","pnu":"1221012100105690001","purpose":"기타"},"geometry":{"type":"MultiPolygon","coordinates":[[[[126.94256,35.135274],[126.942599,35.135276],[126.942604,35.135222],[126.942565,35.13522],[126.94256,35.135274]]]]}},{"type":"Feature","id":"0000194700191819076500000000","properties":{"id":"0000194700191819076500000000","pnu":"1221012100105620000","purpose":"기타"},"geometry":{"type":"MultiPolygon","coordinates":[[[[126.942546,35.136248],[126.942724,35.136351],[126.942767,35.136294],[126.942588,35.136195],[126.942546,35.136248]]]]}},{"type":"Feature","id":"0000194708501813186600000000","properties":{"id":"0000194708501813186600000000","pnu":"1221012100108380020","purpose":"기타"},"geometry":{"type":"MultiPolygon","coordinates":[[[[126.942724,35.131006],[126.942817,35.130962],[126.9428,35.130938],[126.942786,35.130945],[126.942771,35.130923],[126.942692,35.130961],[126.942724,35.131006]]]]}},{"type":"Feature","id":"0000194716461816841600000000","properties":{"id":"0000194716461816841600000000","pnu":"1221012100105830000","purpose":"기타"},"geometry":{"type":"MultiPolygon","coordinates":[[[[126.942808,35.134305],[126.94287,35.134301],[126.942863,35.134209],[126.942807,35.134214],[126.942808,35.134305]]]]}},{"type":"Feature","id":"0000194732301818510800000000","properties":{"id":"0000194732301818510800000000","pnu":"1221012100105670006","purpose":"기타"},"geometry":{"type":"MultiPolygon","coordinates":[[[[126.942959,35.135779],[126.943059,35.135776],[126.94306,35.135747],[126.942962,35.135749],[126.942959,35.135779]]]]}},{"type":"Feature","id":"0000194737301814720200000000","properties":{"id":"0000194737301814720200000000","pnu":"1221012100106590003","purpose":"기타"},"geometry":{"type":"MultiPolygon","coordinates":[[[[126.943036,35.132361],[126.943093,35.132366],[126.943098,35.132332],[126.943041,35.132326],[126.943036,35.132361]]]]}},{"type":"Feature","id":"0000194744281814682200000000","properties":{"id":"0000194744281814682200000000","pnu":"1221012100106590003","purpose":"기타"},"geometry":{"type":"MultiPolygon","coordinates":[[[[126.943117,35.132326],[126.94317,35.132321],[126.943172,35.132297],[126.943115,35.132304],[126.943117,35.132326]]]]}},{"type":"Feature","id":"0000194745261818443900000000","properties":{"id":"0000194745261818443900000000","pnu":"1221012100105660000","purpose":"기타"},"geometry":{"type":"MultiPolygon","coordinates":[[[[126.943096,35.135733],[126.943205,35.135733],[126.943207,35.135672],[126.943099,35.135672],[126.943096,35.135733]]]]}},{"type":"Feature","id":"0000194745991814170900000000","properties":{"id":"0000194745991814170900000000","pnu":"1221012100106490007","purpose":"기타"},"geometry":{"type":"MultiPolygon","coordinates":[[[[126.943133,35.131854],[126.94315,35.131874],[126.943193,35.131848],[126.943175,35.131828],[126.943133,35.131854]]]]}},{"type":"Feature","id":"0000194752361814782300000000","properties":{"id":"0000194752361814782300000000","pnu":"1221012100106510001","purpose":"기타"},"geometry":{"type":"MultiPolygon","coordinates":[[[[126.943199,35.132429],[126.943275,35.132412],[126.943265,35.132376],[126.943192,35.13239],[126.943199,35.132429]]]]}},{"type":"Feature","id":"0000194761581817448800000000","properties":{"id":"0000194761581817448800000000","pnu":"1221012100105740000","purpose":"기타"},"geometry":{"type":"MultiPolygon","coordinates":[[[[126.943273,35.134844],[126.943394,35.134836],[126.943388,35.134766],[126.94327,35.134776],[126.943273,35.134844]]]]}},{"type":"Feature","id":"0000194768581817560400000000","properties":{"id":"0000194768581817560400000000","pnu":"1221012100105750000","purpose":"기타"},"geometry":{"type":"MultiPolygon","coordinates":[[[[126.943347,35.134925],[126.943456,35.13494],[126.94347,35.134887],[126.94336,35.134873],[126.943347,35.134925]]]]}},{"type":"Feature","id":"0000194784641817435100000000","properties":{"id":"0000194784641817435100000000","pnu":"1221012100105740000","purpose":"기타"},"geometry":{"type":"MultiPolygon","coordinates":[[[[126.943573,35.134806],[126.943598,35.134805],[126.943597,35.134781],[126.943571,35.134782],[126.943573,35.134806]]]]}},{"type":"Feature","id":"0000194786721817547400000000","properties":{"id":"0000194786721817547400000000","pnu":"1221012100105750000","purpose":"기타"},"geometry":{"type":"MultiPolygon","coordinates":[[[[126.943553,35.134917],[126.943665,35.134912],[126.943663,35.134874],[126.943551,35.134876],[126.943553,35.134917]]]]}},{"type":"Feature","id":"0000194794351817367600000000","properties":{"id":"0000194794351817367600000000","pnu":"1221012100105740000","purpose":"기타"},"geometry":{"type":"MultiPolygon","coordinates":[[[[126.943674,35.134774],[126.943743,35.134721],[126.943709,35.134692],[126.943639,35.134744],[126.943674,35.134774]]]]}},{"type":"Feature","id":"0000194802521817465500000000","properties":{"id":"0000194802521817465500000000","pnu":"1221012100105750000","purpose":"기타"},"geometry":{"type":"MultiPolygon","coordinates":[[[[126.943696,35.134836],[126.943752,35.134888],[126.943867,35.134805],[126.943809,35.134755],[126.943696,35.134836]]]]}},{"type":"Feature","id":"0000194807731817067300000000","properties":{"id":"0000194807731817067300000000","pnu":"1221012100105830000","purpose":"기타"},"geometry":{"type":"MultiPolygon","coordinates":[[[[126.943778,35.134478],[126.943804,35.134479],[126.943825,35.1345],[126.943873,35.134496],[126.94388,35.134481],[126.943902,35.134477],[126.943902,35.134453],[126.943876,35.134451],[126.943876,35.134429],[126.943785,35.134431],[126.943778,35.134478]]]]}},{"type":"Feature","id":"0000194821141817479000000000","properties":{"id":"0000194821141817479000000000","pnu":"1221012100200030001","purpose":"기타"},"geometry":{"type":"MultiPolygon","coordinates":[[[[126.943938,35.134828],[126.943965,35.134866],[126.944028,35.134843],[126.944009,35.134799],[126.943938,35.134828]]]]}},{"type":"Feature","id":"0000194829191817528400000000","properties":{"id":"0000194829191817528400000000","pnu":"1221012100105750002","purpose":"기타"},"geometry":{"type":"MultiPolygon","coordinates":[[[[126.944004,35.134864],[126.944021,35.134923],[126.944143,35.134892],[126.944124,35.134832],[126.944004,35.134864]]]]}},{"type":"Feature","id":"0000194831321816165700000000","properties":{"id":"0000194831321816165700000000","pnu":"1221012100105750010","purpose":"기타"},"geometry":{"type":"MultiPolygon","coordinates":[[[[126.944102,35.133694],[126.944153,35.133656],[126.944089,35.133604],[126.944044,35.133644],[126.944102,35.133694]]]]}},{"type":"Feature","id":"0000194832541813085800000000","properties":{"id":"0000194832541813085800000000","pnu":"1221012100106930000","purpose":"기타"},"geometry":{"type":"MultiPolygon","coordinates":[[[[126.944133,35.130907],[126.944138,35.130842],[126.944092,35.13084],[126.944088,35.130905],[126.944133,35.130907]]]]}},{"type":"Feature","id":"0000194844801814948000000000","properties":{"id":"0000194844801814948000000000","pnu":"1221012100106810000","purpose":"기타"},"geometry":{"type":"MultiPolygon","coordinates":[[[[126.944216,35.132569],[126.944273,35.132572],[126.944276,35.132535],[126.944219,35.132532],[126.944216,35.132569]]]]}},{"type":"Feature","id":"0000194868831813122000000000","properties":{"id":"0000194868831813122000000000","pnu":"1221012100106930000","purpose":"기타"},"geometry":{"type":"MultiPolygon","coordinates":[[[[126.944541,35.130912],[126.944517,35.130882],[126.944481,35.130901],[126.944505,35.130931],[126.944541,35.130912]]]]}},{"type":"Feature","id":"0000194887981813127100000000","properties":{"id":"0000194887981813127100000000","pnu":"1221012100106930000","purpose":"기타"},"geometry":{"type":"MultiPolygon","coordinates":[[[[126.944694,35.130914],[126.944718,35.130933],[126.944748,35.130908],[126.944724,35.130889],[126.944694,35.130914]]]]}},{"type":"Feature","id":"0000194993431815437800000000","properties":{"id":"0000194993431815437800000000","pnu":"1221012100106860002","purpose":"기타"},"geometry":{"type":"MultiPolygon","coordinates":[[[[126.945862,35.133013],[126.945903,35.133002],[126.945893,35.132976],[126.94585,35.132987],[126.945862,35.133013]]]]}},{"type":"Feature","id":"0000194997641815424000000000","properties":{"id":"0000194997641815424000000000","pnu":"1221012100106860002","purpose":"기타"},"geometry":{"type":"MultiPolygon","coordinates":[[[[126.945912,35.133017],[126.945953,35.133002],[126.945939,35.132951],[126.945891,35.132958],[126.945912,35.133017]]]]}},{"type":"Feature","id":"0000195023791813970400000000","properties":{"id":"0000195023791813970400000000","pnu":"1221012100108380019","purpose":"기타"},"geometry":{"type":"MultiPolygon","coordinates":[[[[126.946214,35.131645],[126.946187,35.131654],[126.946207,35.131698],[126.946235,35.13169],[126.946214,35.131645]]]]}},{"type":"Feature","id":"0000195053421812837900000000","properties":{"id":"0000195053421812837900000000","pnu":"1221012100202720001","purpose":"기타"},"geometry":{"type":"MultiPolygon","coordinates":[[[[126.946443,35.13063],[126.946453,35.130684],[126.946556,35.130659],[126.946566,35.130693],[126.946592,35.130689],[126.946598,35.130715],[126.946618,35.130712],[126.946595,35.130607],[126.946443,35.13063]]]]}},{"type":"Feature","id":"0000195105061812822900000000","properties":{"id":"0000195105061812822900000000","pnu":"1221012100104610000","purpose":"기타"},"geometry":{"type":"MultiPolygon","coordinates":[[[[126.947115,35.130619],[126.947079,35.130629],[126.947091,35.130657],[126.947127,35.130647],[126.947115,35.130619]]]]}},{"type":"Feature","id":"0000195129881814677700000000","properties":{"id":"0000195129881814677700000000","pnu":"1221012100108380002","purpose":"기타"},"geometry":{"type":"MultiPolygon","coordinates":[[[[126.947417,35.132246],[126.947287,35.132297],[126.947303,35.132325],[126.947289,35.13233],[126.947302,35.132352],[126.947311,35.132349],[126.947327,35.132375],[126.947465,35.13232],[126.947449,35.132291],[126.947458,35.132287],[126.947444,35.132265],[126.947431,35.13227],[126.947417,35.132246]]]]}},{"type":"Feature","id":"0000195143291814602200000000","properties":{"id":"0000195143291814602200000000","pnu":"1221012100108380002","purpose":"기타"},"geometry":{"type":"MultiPolygon","coordinates":[[[[126.947485,35.132229],[126.947511,35.132272],[126.947558,35.132254],[126.947532,35.132212],[126.947485,35.132229]]]]}},{"type":"Feature","id":"0000195154081814515800000000","properties":{"id":"0000195154081814515800000000","pnu":"1221012100104700000","purpose":"기타"},"geometry":{"type":"MultiPolygon","coordinates":[[[[126.947584,35.132132],[126.947624,35.132218],[126.947698,35.132196],[126.947653,35.132109],[126.947584,35.132132]]]]}},{"type":"Feature","id":"0000195156551814069700000000","properties":{"id":"0000195156551814069700000000","pnu":"1221012100104380000","purpose":"기타"},"geometry":{"type":"MultiPolygon","coordinates":[[[[126.947647,35.131798],[126.947684,35.131799],[126.947687,35.131726],[126.947651,35.131725],[126.947647,35.131798]]]]}},{"type":"Feature","id":"0000195161621815826300000000","properties":{"id":"0000195161621815826300000000","pnu":"1221012100104820002","purpose":"기타"},"geometry":{"type":"MultiPolygon","coordinates":[[[[126.947696,35.133325],[126.947687,35.13335],[126.947748,35.133365],[126.947757,35.133341],[126.947696,35.133325]]]]}},{"type":"Feature","id":"0000195182101813286200000000","properties":{"id":"0000195182101813286200000000","pnu":"1221012100104540001","purpose":"기타"},"geometry":{"type":"MultiPolygon","coordinates":[[[[126.947789,35.131046],[126.94782,35.131114],[126.947876,35.131103],[126.947882,35.131118],[126.947963,35.131115],[126.947963,35.131092],[126.948105,35.131055],[126.948087,35.130988],[126.947789,35.131046]]]]}},{"type":"Feature","id":"0000195206561813221700000000","properties":{"id":"0000195206561813221700000000","pnu":"1221012100104530000","purpose":"단독주택","floors":1,"structure":"일반목구조"},"geometry":{"type":"MultiPolygon","coordinates":[[[[126.948242,35.131047],[126.948284,35.131028],[126.948258,35.130951],[126.948134,35.130985],[126.948154,35.131028],[126.94822,35.131014],[126.948242,35.131047]]]]}},{"type":"Feature","id":"0000195208131813310000000000","properties":{"id":"0000195208131813310000000000","pnu":"1221012100104540000","purpose":"단독주택"},"geometry":{"type":"MultiPolygon","coordinates":[[[[126.948159,35.13107],[126.948173,35.131109],[126.948311,35.131083],[126.948295,35.131047],[126.948159,35.13107]]]]}},{"type":"Feature","id":"0000195217381813453900000000","properties":{"id":"0000195217381813453900000000","pnu":"1221012100108530000","purpose":"기타"},"geometry":{"type":"MultiPolygon","coordinates":[[[[126.948329,35.131245],[126.948371,35.131235],[126.94834,35.131161],[126.948298,35.131195],[126.948329,35.131245]]]]}},{"type":"Feature","id":"0000195222691814109800000000","properties":{"id":"0000195222691814109800000000","pnu":"1221012100104380000","purpose":"기타"},"geometry":{"type":"MultiPolygon","coordinates":[[[[126.948351,35.131771],[126.948358,35.131789],[126.948375,35.131797],[126.948395,35.131845],[126.94843,35.131834],[126.948397,35.131755],[126.948351,35.131771]]]]}},{"type":"Feature","id":"0000195228241813370100000000","properties":{"id":"0000195228241813370100000000","pnu":"1221012100104420000","purpose":"기타"},"geometry":{"type":"MultiPolygon","coordinates":[[[[126.948382,35.131146],[126.948406,35.131178],[126.948525,35.131118],[126.948505,35.131085],[126.948382,35.131146]]]]}},{"type":"Feature","id":"0000195233331813135600000000","properties":{"id":"0000195233331813135600000000","pnu":"1221012100104530001","purpose":"기타"},"geometry":{"type":"MultiPolygon","coordinates":[[[[126.948458,35.13088],[126.948498,35.130981],[126.948562,35.130961],[126.948522,35.130859],[126.948458,35.13088]]]]}},{"type":"Feature","id":"0000195236241813448100000000","properties":{"id":"0000195236241813448100000000","pnu":"1221012100104420000","purpose":"기타"},"geometry":{"type":"MultiPolygon","coordinates":[[[[126.948456,35.131198],[126.948498,35.131271],[126.948629,35.131212],[126.948578,35.131132],[126.948519,35.131154],[126.948524,35.131164],[126.948456,35.131198]]]]}},{"type":"Feature","id":"0000195240161813312100000000","properties":{"id":"0000195240161813312100000000","pnu":"1221012100104420000","purpose":"기타"},"geometry":{"type":"MultiPolygon","coordinates":[[[[126.948516,35.131088],[126.94854,35.131122],[126.948656,35.131069],[126.94863,35.131038],[126.948516,35.131088]]]]}},{"type":"Feature","id":"0000195241311816296100000000","properties":{"id":"0000195241311816296100000000","pnu":"1221012100104900000","purpose":"기타"},"geometry":{"type":"MultiPolygon","coordinates":[[[[126.948551,35.133751],[126.948548,35.13378],[126.948641,35.133787],[126.948644,35.133758],[126.948551,35.133751]]]]}},{"type":"Feature","id":"0000195245681813392700000000","properties":{"id":"0000195245681813392700000000","pnu":"1221012100104420000","purpose":"기타"},"geometry":{"type":"MultiPolygon","coordinates":[[[[126.948646,35.131201],[126.948699,35.131167],[126.948645,35.131104],[126.948592,35.131137],[126.948646,35.131201]]]]}},{"type":"Feature","id":"0000195248151814105800000000","properties":{"id":"0000195248151814105800000000","pnu":"1221012100201860002","purpose":"기타"},"geometry":{"type":"MultiPolygon","coordinates":[[[[126.948638,35.131783],[126.948672,35.131826],[126.948707,35.131807],[126.948673,35.131764],[126.948638,35.131783]]]]}},{"type":"Feature","id":"0000195248401812767900000000","properties":{"id":"0000195248401812767900000000","pnu":"1221012100104570001","purpose":"기타"},"geometry":{"type":"MultiPolygon","coordinates":[[[[126.948622,35.130605],[126.948643,35.130628],[126.94873,35.130573],[126.948708,35.13055],[126.948622,35.130605]]]]}},{"type":"Feature","id":"0000195249911813253500000000","properties":{"id":"0000195249911813253500000000","pnu":"1221012100104430000","purpose":"기타"},"geometry":{"type":"MultiPolygon","coordinates":[[[[126.948642,35.131037],[126.94866,35.131062],[126.948743,35.131016],[126.948723,35.130992],[126.948642,35.131037]]]]}},{"type":"Feature","id":"0000195251811813316100000000","properties":{"id":"0000195251811813316100000000","pnu":"1221012100104420000","purpose":"기타"},"geometry":{"type":"MultiPolygon","coordinates":[[[[126.948663,35.131076],[126.948702,35.13112],[126.948764,35.131089],[126.948747,35.131056],[126.948719,35.131068],[126.948702,35.131048],[126.948663,35.131076]]]]}},{"type":"Feature","id":"0000195255301813046900000000","properties":{"id":"0000195255301813046900000000","pnu":"1221012100104510000","purpose":"기타"},"geometry":{"type":"MultiPolygon","coordinates":[[[[126.948702,35.130848],[126.948734,35.130876],[126.9488,35.130835],[126.948769,35.130804],[126.948702,35.130848]]]]}},{"type":"Feature","id":"0000195260441812593400000000","properties":{"id":"0000195260441812593400000000","pnu":"1221012100104570001","purpose":"기타"},"geometry":{"type":"MultiPolygon","coordinates":[[[[126.948754,35.130395],[126.948826,35.130489],[126.948862,35.130472],[126.948793,35.130375],[126.948754,35.130395]]]]}},{"type":"Feature","id":"0000195277221812680600000000","properties":{"id":"0000195277221812680600000000","pnu":"1221012100104500002","purpose":"기타"},"geometry":{"type":"MultiPolygon","coordinates":[[[[126.948892,35.130476],[126.949046,35.130591],[126.949091,35.130543],[126.94894,35.13043],[126.948892,35.130476]]]]}},{"type":"Feature","id":"1931194777101817705400000000","properties":{"id":"1931194777101817705400000000","pnu":"1221012100200020005","purpose":"기타","floors":1,"structure":"일반목구조"},"geometry":{"type":"MultiPolygon","coordinates":[[[[126.943442,35.135011],[126.943515,35.135091],[126.943562,35.135065],[126.94349,35.134983],[126.943442,35.135011]]]]}},{"type":"Feature","id":"1945194532551812605000000000","properties":{"id":"1945194532551812605000000000","pnu":"1221011900108230000","purpose":"단독주택","floors":1,"structure":"벽돌구조"},"geometry":{"type":"MultiPolygon","coordinates":[[[[126.94075,35.130494],[126.940796,35.130512],[126.940809,35.130496],[126.940838,35.130503],[126.940892,35.130387],[126.940817,35.130361],[126.94075,35.130494]]]]}},{"type":"Feature","id":"1946194510001812380200000000","properties":{"id":"1946194510001812380200000000","pnu":"1221011900108250000","purpose":"단독주택","floors":1,"structure":"일반목구조"},"geometry":{"type":"MultiPolygon","coordinates":[[[[126.940511,35.130282],[126.9406,35.130305],[126.940644,35.130195],[126.940543,35.130167],[126.940526,35.130208],[126.940534,35.130211],[126.940511,35.130282]]]]}},{"type":"Feature","id":"1952195275411813155800000000","properties":{"id":"1952195275411813155800000000","pnu":"1221012100201890004","purpose":"단독주택","floors":1,"structure":"일반목구조"},"geometry":{"type":"MultiPolygon","coordinates":[[[[126.948883,35.130931],[126.948948,35.131006],[126.949059,35.130928],[126.949018,35.130877],[126.948951,35.130915],[126.948939,35.130901],[126.948883,35.130931]]]]}},{"type":"Feature","id":"1961194374081815071100000000","properties":{"id":"1961194374081815071100000000","pnu":"1221012100108730000","purpose":"기타","floors":1,"structure":"벽돌구조"},"geometry":{"type":"MultiPolygon","coordinates":[[[[126.939106,35.132669],[126.939091,35.13264],[126.939057,35.132652],[126.939072,35.132681],[126.939106,35.132669]]]]}},{"type":"Feature","id":"1964194451781818623700000000","properties":{"id":"1964194451781818623700000000","pnu":"1221012200102360000","purpose":"단독주택","floors":1,"structure":"일반목구조","source":"registry"},"geometry":{"type":"MultiPolygon","coordinates":[[[[126.939874,35.135892],[126.939929,35.135918],[126.93999,35.135837],[126.939931,35.135808],[126.939874,35.135892]]]]}},{"type":"Feature","id":"1964194455201819010100000000","properties":{"id":"1964194455201819010100000000","pnu":"1221012200102340000","purpose":"단독주택","floors":1,"structure":"일반목구조"},"geometry":{"type":"MultiPolygon","coordinates":[[[[126.939914,35.136228],[126.940014,35.13624],[126.940023,35.136195],[126.939927,35.136181],[126.939914,35.136228]]]]}},{"type":"Feature","id":"1964194455891818840300000000","properties":{"id":"1964194455891818840300000000","pnu":"1221012200102340001","purpose":"단독주택","floors":1,"structure":"일반목구조"},"geometry":{"type":"MultiPolygon","coordinates":[[[[126.93992,35.136099],[126.939991,35.136116],[126.940031,35.136017],[126.939965,35.136],[126.93992,35.136099]]]]}},{"type":"Feature","id":"1964194521231812422900000000","properties":{"id":"1964194521231812422900000000","pnu":"1221011900108240002","purpose":"단독주택","floors":1,"structure":"일반목구조"},"geometry":{"type":"MultiPolygon","coordinates":[[[[126.94065,35.130289],[126.940734,35.130307],[126.940746,35.130258],[126.940658,35.130243],[126.94065,35.130289]]]]}},{"type":"Feature","id":"1966195194301813330300000000","properties":{"id":"1966195194301813330300000000","pnu":"1221012100104540001","purpose":"단독주택"},"geometry":{"type":"MultiPolygon","coordinates":[[[[126.948102,35.131068],[126.948076,35.131067],[126.948076,35.131101],[126.948046,35.131104],[126.948048,35.131118],[126.948103,35.131112],[126.948102,35.131068]]]]}},{"type":"Feature","id":"1966195198511813249200000000","properties":{"id":"1966195198511813249200000000","pnu":"1221012100104540000","purpose":"단독주택"},"geometry":{"type":"MultiPolygon","coordinates":[[[[126.94813,35.131061],[126.948156,35.13105],[126.948129,35.130985],[126.9481,35.130995],[126.94813,35.131061]]]]}},{"type":"Feature","id":"1967194995901818227400000000","properties":{"id":"1967194995901818227400000000","pnu":"1221012100200060003","purpose":"단독주택","floors":2,"structure":"블록구조"},"geometry":{"type":"MultiPolygon","coordinates":[[[[126.94585,35.135543],[126.945941,35.135552],[126.94595,35.135471],[126.945867,35.135466],[126.94585,35.135543]]]]}},{"type":"Feature","id":"1967195004271818259800000000","properties":{"id":"1967195004271818259800000000","pnu":"1221012100200060003","purpose":"단독주택","floors":2,"structure":"블록구조"},"geometry":{"type":"MultiPolygon","coordinates":[[[[126.945944,35.135586],[126.946026,35.135593],[126.946046,35.135504],[126.946023,35.135498],[126.946024,35.135485],[126.945962,35.135481],[126.945944,35.135586]]]]}},{"type":"Feature","id":"1969194372651813965600000000","properties":{"id":"1969194372651813965600000000","pnu":"1221011900107630004","year":1969,"purpose":"제2종 근린생활시설"},"geometry":{"type":"MultiPolygon","coordinates":[[[[126.939104,35.131702],[126.939126,35.13167],[126.939029,35.131626],[126.939007,35.131658],[126.939104,35.131702]]]]}},{"type":"Feature","id":"1969194374271814057200000000","properties":{"id":"1969194374271814057200000000","pnu":"1221011900107630004","year":1969,"purpose":"제2종 근린생활시설"},"geometry":{"type":"MultiPolygon","coordinates":[[[[126.939212,35.131757],[126.939008,35.131661],[126.938956,35.131736],[126.93916,35.131832],[126.939212,35.131757]]]]}},{"type":"Feature","id":"1969194383041812437700000000","properties":{"id":"1969194383041812437700000000","pnu":"1221011900107720001","year":1969,"purpose":"단독주택"},"geometry":{"type":"MultiPolygon","coordinates":[[[[126.939174,35.130342],[126.939237,35.130291],[126.939185,35.130231],[126.93914,35.130263],[126.939155,35.130278],[126.939131,35.130299],[126.939174,35.130342]]]]}},{"type":"Feature","id":"1969194461311812325700000000","properties":{"id":"1969194461311812325700000000","pnu":"1221011900107910001","purpose":"단독주택","floors":1,"structure":"일반목구조"},"geometry":{"type":"MultiPolygon","coordinates":[[[[126.939928,35.13015],[126.939995,35.130235],[126.940016,35.130235],[126.940153,35.1302],[126.940121,35.130146],[126.940012,35.130167],[126.93999,35.13014],[126.939928,35.13015]]]]}},{"type":"Feature","id":"1969194475291812269600000000","properties":{"id":"1969194475291812269600000000","pnu":"1221011900107900000","purpose":"단독주택","floors":1,"structure":"일반목구조"},"geometry":{"type":"MultiPolygon","coordinates":[[[[126.940119,35.130142],[126.940161,35.130195],[126.940269,35.130126],[126.940229,35.130078],[126.940119,35.130142]]]]}},{"type":"Feature","id":"1969194494311812041200000000","properties":{"id":"1969194494311812041200000000","pnu":"1221011900108270000","purpose":"단독주택","floors":1,"structure":"일반목구조"},"geometry":{"type":"MultiPolygon","coordinates":[[[[126.940397,35.129971],[126.94045,35.12993],[126.940411,35.129888],[126.940354,35.129931],[126.940397,35.129971]]]]}},{"type":"Feature","id":"1969194535911812421200000000","properties":{"id":"1969194535911812421200000000","pnu":"1221011900108240001","purpose":"단독주택","floors":1,"structure":"일반목구조"},"geometry":{"type":"MultiPolygon","coordinates":[[[[126.940793,35.130323],[126.94088,35.130342],[126.940923,35.130222],[126.94084,35.130203],[126.940793,35.130323]]]]}},{"type":"Feature","id":"1969194560871812176100000000","properties":{"id":"1969194560871812176100000000","pnu":"1221011900108290000","purpose":"단독주택","floors":1,"structure":"일반목구조"},"geometry":{"type":"MultiPolygon","coordinates":[[[[126.941055,35.130037],[126.941169,35.130113],[126.941211,35.130068],[126.941098,35.129991],[126.941055,35.130037]]]]}},{"type":"Feature","id":"1969194569571812439500000000","properties":{"id":"1969194569571812439500000000","pnu":"1221011900108200000","purpose":"단독주택","floors":1,"structure":"일반목구조"},"geometry":{"type":"MultiPolygon","coordinates":[[[[126.941182,35.130275],[126.941206,35.130325],[126.941276,35.130303],[126.941249,35.130254],[126.941182,35.130275]]]]}},{"type":"Feature","id":"1969195223661813487600000000","properties":{"id":"1969195223661813487600000000","pnu":"1221012100104420000","purpose":"단독주택","floors":1,"structure":"일반목구조"},"geometry":{"type":"MultiPolygon","coordinates":[[[[126.948397,35.131292],[126.948451,35.131275],[126.948408,35.131183],[126.948359,35.131197],[126.948397,35.131292]]]]}},{"type":"Feature","id":"1969195260221813263300000000","properties":{"id":"1969195260221813263300000000","pnu":"1221012100104430000","purpose":"단독주택"},"geometry":{"type":"MultiPolygon","coordinates":[[[[126.948743,35.131045],[126.948769,35.131081],[126.948866,35.131029],[126.948835,35.130989],[126.948803,35.131001],[126.948809,35.131013],[126.948743,35.131045]]]]}},{"type":"Feature","id":"1969195267171813205600000000","properties":{"id":"1969195267171813205600000000","pnu":"1221012100104430000","year":1969,"purpose":"단독주택"},"geometry":{"type":"MultiPolygon","coordinates":[[[[126.948828,35.130962],[126.948886,35.131033],[126.948936,35.131005],[126.948873,35.130934],[126.948828,35.130962]]]]}},{"type":"Feature","id":"1972195088881813528600000000","properties":{"id":"1972195088881813528600000000","pnu":"1221012100104640000","year":1972,"purpose":"제2종 근린생활시설"},"geometry":{"type":"MultiPolygon","coordinates":[[[[126.94695,35.131387],[126.947036,35.131341],[126.946907,35.131162],[126.946812,35.13121],[126.94695,35.131387]]]]}},{"type":"Feature","id":"1972195097451813657000000000","properties":{"id":"1972195097451813657000000000","pnu":"1221012100104640000","year":1972,"purpose":"단독주택"},"geometry":{"type":"MultiPolygon","coordinates":[[[[126.947046,35.131349],[126.946963,35.131392],[126.946992,35.13143],[126.947075,35.131387],[126.947046,35.131349]]]]}},{"type":"Feature","id":"1972195117341813478500000000","properties":{"id":"1972195117341813478500000000","pnu":"1221012100104640000","year":1972,"purpose":"제2종 근린생활시설"},"geometry":{"type":"MultiPolygon","coordinates":[[[[126.947333,35.131116],[126.94709,35.131293],[126.947146,35.13134],[126.947383,35.131164],[126.947333,35.131116]]]]}},{"type":"Feature","id":"1972195128661813287900000000","properties":{"id":"1972195128661813287900000000","pnu":"1221012100104640000","year":1972,"purpose":"단독주택"},"geometry":{"type":"MultiPolygon","coordinates":[[[[126.947343,35.131094],[126.947385,35.131092],[126.94738,35.131019],[126.947339,35.131022],[126.947343,35.131094]]]]}},{"type":"Feature","id":"1973194550461812401300000000","properties":{"id":"1973194550461812401300000000","pnu":"1221011900108220000","year":1973,"purpose":"단독주택"},"geometry":{"type":"MultiPolygon","coordinates":[[[[126.940957,35.13028],[126.941042,35.130309],[126.941081,35.130231],[126.940994,35.130201],[126.940957,35.13028]]]]}},{"type":"Feature","id":"1973194750601814729600000000","properties":{"id":"1973194750601814729600000000","pnu":"1221012100106580001","year":1973,"purpose":"제1종 근린생활시설","floors":1,"structure":"벽돌구조"},"geometry":{"type":"MultiPolygon","coordinates":[[[[126.943184,35.132378],[126.943251,35.132366],[126.943244,35.132334],[126.943175,35.132341],[126.943184,35.132378]]]]}},{"type":"Feature","id":"1973194765921814698300000000","properties":{"id":"1973194765921814698300000000","pnu":"1221012100106580001","year":1973,"purpose":"제1종 근린생활시설","floors":1,"structure":"벽돌구조"},"geometry":{"type":"MultiPolygon","coordinates":[[[[126.943325,35.132341],[126.943437,35.13234],[126.943437,35.132311],[126.943324,35.132314],[126.943325,35.132341]]]]}},{"type":"Feature","id":"1973195219451813177300000000","properties":{"id":"1973195219451813177300000000","pnu":"1221012100104530000","purpose":"단독주택"},"geometry":{"type":"MultiPolygon","coordinates":[[[[126.948277,35.130939],[126.948281,35.130997],[126.9483,35.131036],[126.948357,35.131012],[126.948348,35.130987],[126.948462,35.130952],[126.948437,35.130894],[126.948277,35.130939]]]]}},{"type":"Feature","id":"1975194584031812431500000000","properties":{"id":"1975194584031812431500000000","pnu":"1221011900108190000","year":1975,"purpose":"단독주택"},"geometry":{"type":"MultiPolygon","coordinates":[[[[126.941316,35.130271],[126.941336,35.130328],[126.94146,35.130294],[126.941434,35.130236],[126.941316,35.130271]]]]}},{"type":"Feature","id":"1975194593181812353900000000","properties":{"id":"1975194593181812353900000000","pnu":"1221011900108190000","year":1975,"purpose":"단독주택"},"geometry":{"type":"MultiPolygon","coordinates":[[[[126.941493,35.1303],[126.941558,35.130273],[126.94148,35.130123],[126.941417,35.130153],[126.941493,35.1303]]]]}},{"type":"Feature","id":"1976195122601814373200000000","properties":{"id":"1976195122601814373200000000","pnu":"1221012100104710000","year":1976,"purpose":"제2종 근린생활시설","far":19.64,"floors":1,"structure":"벽돌구조"},"geometry":{"type":"MultiPolygon","coordinates":[[[[126.947165,35.131999],[126.947321,35.132147],[126.94742,35.132067],[126.947274,35.131927],[126.947165,35.131999]]]]}},{"type":"Feature","id":"1976195135871814501800000000","properties":{"id":"1976195135871814501800000000","pnu":"1221012100104710000","year":1976,"purpose":"제2종 근린생활시설"},"geometry":{"type":"MultiPolygon","coordinates":[[[[126.947362,35.132158],[126.947426,35.132214],[126.947517,35.132146],[126.947456,35.132088],[126.947362,35.132158]]]]}},{"type":"Feature","id":"1976195148831814317400000000","properties":{"id":"1976195148831814317400000000","pnu":"1221012100104700000","year":1976,"purpose":"제2종 근린생활시설"},"geometry":{"type":"MultiPolygon","coordinates":[[[[126.947472,35.131975],[126.947523,35.13204],[126.94758,35.132016],[126.947616,35.13206],[126.947686,35.132022],[126.947601,35.131902],[126.947472,35.131975]]]]}},{"type":"Feature","id":"1977194368891814321500000000","properties":{"id":"1977194368891814321500000000","pnu":"1221011900107640001","year":1977,"purpose":"제2종 근린생활시설"},"geometry":{"type":"MultiPolygon","coordinates":[[[[126.938981,35.131987],[126.939066,35.132012],[126.939074,35.131993],[126.938993,35.131953],[126.938981,35.131987]]]]}},{"type":"Feature","id":"1977194506281811186900000000","properties":{"id":"1977194506281811186900000000","pnu":"1221011900202680001","year":1977,"purpose":"기타","far":3.38,"floors":1,"structure":"벽돌구조"},"geometry":{"type":"MultiPolygon","coordinates":[[[[126.940469,35.129184],[126.940505,35.129188],[126.940504,35.129217],[126.940577,35.129224],[126.940593,35.12911],[126.940486,35.129105],[126.940469,35.129184]]]]}},{"type":"Feature","id":"1978194526551812236300000000","properties":{"id":"1978194526551812236300000000","pnu":"1221011900108280000","year":1978,"purpose":"단독주택"},"geometry":{"type":"MultiPolygon","coordinates":[[[[126.940715,35.130144],[126.94078,35.130157],[126.940804,35.130075],[126.940716,35.130057],[126.940714,35.130071],[126.940727,35.1301],[126.940715,35.130144]]]]}},{"type":"Feature","id":"1978194533941812289800000000","properties":{"id":"1978194533941812289800000000","pnu":"1221011900108280000","year":1978,"purpose":"단독주택"},"geometry":{"type":"MultiPolygon","coordinates":[[[[126.940797,35.130167],[126.940865,35.130183],[126.940877,35.130141],[126.940809,35.130126],[126.940797,35.130167]]]]}},{"type":"Feature","id":"1978194539411812126600000000","properties":{"id":"1978194539411812126600000000","pnu":"1221011900108280000","year":1978,"purpose":"단독주택"},"geometry":{"type":"MultiPolygon","coordinates":[[[[126.940862,35.130054],[126.94094,35.130042],[126.940934,35.129962],[126.940855,35.129971],[126.940862,35.130054]]]]}},{"type":"Feature","id":"1978194543601812264400000000","properties":{"id":"1978194543601812264400000000","pnu":"1221011900108280000","year":1978,"purpose":"단독주택"},"geometry":{"type":"MultiPolygon","coordinates":[[[[126.940883,35.130191],[126.940993,35.130175],[126.940981,35.130059],[126.940917,35.130069],[126.940927,35.130131],[126.940881,35.130138],[126.940883,35.130191]]]]}},{"type":"Feature","id":"1978195157601814279100000000","properties":{"id":"1978195157601814279100000000","pnu":"1221012100104700001","year":1978,"purpose":"제2종 근린생활시설"},"geometry":{"type":"MultiPolygon","coordinates":[[[[126.947715,35.131968],[126.947683,35.131916],[126.947642,35.131933],[126.947675,35.131985],[126.947715,35.131968]]]]}},{"type":"Feature","id":"1978195166131814311700000000","properties":{"id":"1978195166131814311700000000","pnu":"1221012100104700001","year":1978,"purpose":"제2종 근린생활시설"},"geometry":{"type":"MultiPolygon","coordinates":[[[[126.947685,35.131981],[126.947719,35.132034],[126.947861,35.131977],[126.947826,35.131927],[126.947685,35.131981]]]]}},{"type":"Feature","id":"1978195181681814449600000000","properties":{"id":"1978195181681814449600000000","pnu":"1221012100104700001","year":1978,"purpose":"제2종 근린생활시설","far":17.09,"floors":1,"structure":"일반목구조"},"geometry":{"type":"MultiPolygon","coordinates":[[[[126.947912,35.132211],[126.948015,35.132187],[126.947975,35.131998],[126.94787,35.132022],[126.947912,35.132211]]]]}},{"type":"Feature","id":"1978195253201812668700000000","properties":{"id":"1978195253201812668700000000","pnu":"1221012100104570001","year":1978,"purpose":"제2종 근린생활시설"},"geometry":{"type":"MultiPolygon","coordinates":[[[[126.948647,35.130501],[126.948686,35.130556],[126.948811,35.130493],[126.948775,35.130445],[126.948647,35.130501]]]]}},{"type":"Feature","id":"1978195255041812457900000000","properties":{"id":"1978195255041812457900000000","pnu":"1221012100104570001","purpose":"기타","structure":"벽돌구조"},"geometry":{"type":"MultiPolygon","coordinates":[[[[126.948722,35.130307],[126.948736,35.130329],[126.948775,35.130312],[126.948762,35.13029],[126.948722,35.130307]]]]}},{"type":"Feature","id":"1978195265171812567100000000","properties":{"id":"1978195265171812567100000000","pnu":"1221012100104570001","year":1978,"purpose":"제1종 근린생활시설"},"geometry":{"type":"MultiPolygon","coordinates":[[[[126.948803,35.130376],[126.948876,35.130464],[126.948916,35.130436],[126.948843,35.130353],[126.948803,35.130376]]]]}},{"type":"Feature","id":"1978195267611812482600000000","properties":{"id":"1978195267611812482600000000","pnu":"1221012100104570001","year":1978,"purpose":"제2종 근린생활시설"},"geometry":{"type":"MultiPolygon","coordinates":[[[[126.948819,35.130298],[126.948852,35.130349],[126.948876,35.13034],[126.948917,35.1304],[126.948954,35.13038],[126.948876,35.130271],[126.948819,35.130298]]]]}},{"type":"Feature","id":"1978195273731812458400000000","properties":{"id":"1978195273731812458400000000","pnu":"1221012100104570001","year":1978,"purpose":"제2종 근린생활시설","far":14.41,"floors":1,"structure":"블록구조"},"geometry":{"type":"MultiPolygon","coordinates":[[[[126.948965,35.130382],[126.949022,35.13035],[126.948945,35.13024],[126.948884,35.130268],[126.948965,35.130382]]]]}},{"type":"Feature","id":"1979194451801811783100000000","properties":{"id":"1979194451801811783100000000","pnu":"1221011900107740006","year":1979,"purpose":"단독주택","floors":1,"structure":"블록구조"},"geometry":{"type":"MultiPolygon","coordinates":[[[[126.939853,35.12969],[126.939886,35.129752],[126.940021,35.129703],[126.939986,35.129643],[126.939853,35.12969]]]]}},{"type":"Feature","id":"1979194514781811922000000000","properties":{"id":"1979194514781811922000000000","pnu":"1221011900108270000","year":1979,"purpose":"단독주택","floors":1,"structure":"벽돌구조"},"geometry":{"type":"MultiPolygon","coordinates":[[[[126.940629,35.129903],[126.940719,35.129839],[126.940629,35.129745],[126.940533,35.129804],[126.940629,35.129903]]]]}},{"type":"Feature","id":"1979194767781814856900000000","properties":{"id":"1979194767781814856900000000","pnu":"1221012100106570000","year":1979,"purpose":"제2종 근린생활시설","far":66.12,"floors":1,"structure":"벽돌구조"},"geometry":{"type":"MultiPolygon","coordinates":[[[[126.943321,35.132438],[126.943342,35.132519],[126.943484,35.132495],[126.943473,35.132429],[126.9434,35.132435],[126.943394,35.132426],[126.943321,35.132438]]]]}},{"type":"Feature","id":"1979194776111814759400000000","properties":{"id":"1979194776111814759400000000","pnu":"1221012100106570000","year":1979,"purpose":"제2종 근린생활시설","far":66.12,"floors":1,"structure":"벽돌구조"},"geometry":{"type":"MultiPolygon","coordinates":[[[[126.94345,35.132411],[126.943542,35.1324],[126.943533,35.132354],[126.943448,35.132361],[126.94345,35.132411]]]]}},{"type":"Feature","id":"1979195219081816747200000000","properties":{"id":"1979195219081816747200000000","pnu":"1221012100104900000","year":1979,"purpose":"기타","far":24.93,"floors":2,"structure":"벽돌구조"},"geometry":{"type":"MultiPolygon","coordinates":[[[[126.948291,35.134098],[126.948289,35.134185],[126.948306,35.134194],[126.948309,35.134277],[126.948386,35.134272],[126.94839,35.134201],[126.948423,35.13416],[126.94842,35.134107],[126.948408,35.134097],[126.948291,35.134098]]]]}},{"type":"Feature","id":"1979195250491812956900000000","properties":{"id":"1979195250491812956900000000","pnu":"1221012100104500000","year":1979,"purpose":"단독주택","floors":1,"structure":"블록구조"},"geometry":{"type":"MultiPolygon","coordinates":[[[[126.948624,35.13074],[126.948699,35.130824],[126.948772,35.130772],[126.948702,35.130699],[126.948624,35.13074]]]]}},{"type":"Feature","id":"1979195267201812737500000000","properties":{"id":"1979195267201812737500000000","pnu":"1221012100104500001","year":1979,"purpose":"단독주택","floors":1,"structure":"벽돌구조"},"geometry":{"type":"MultiPolygon","coordinates":[[[[126.948805,35.13055],[126.948889,35.130624],[126.94896,35.130574],[126.948874,35.130498],[126.948805,35.13055]]]]}},{"type":"Feature","id":"1979195272851812812400000000","properties":{"id":"1979195272851812812400000000","pnu":"1221012100104500001","purpose":"기타","structure":"벽돌구조"},"geometry":{"type":"MultiPolygon","coordinates":[[[[126.948887,35.130652],[126.948926,35.130675],[126.949,35.130607],[126.948964,35.130582],[126.948887,35.130652]]]]}},{"type":"Feature","id":"1979195276721812575600000000","properties":{"id":"1979195276721812575600000000","pnu":"1221012100104500002","purpose":"기타"},"geometry":{"type":"MultiPolygon","coordinates":[[[[126.94894,35.130417],[126.948985,35.130456],[126.949031,35.130412],[126.948993,35.130376],[126.94894,35.130417]]]]}},{"type":"Feature","id":"1980194437371812224800000000","properties":{"id":"1980194437371812224800000000","pnu":"1221011900107740004","year":1980,"purpose":"단독주택","floors":1,"structure":"벽돌구조"},"geometry":{"type":"MultiPolygon","coordinates":[[[[126.939727,35.130065],[126.939696,35.130135],[126.939712,35.130166],[126.939874,35.130095],[126.939848,35.130052],[126.939833,35.130057],[126.939812,35.13003],[126.939727,35.130065]]]]}},{"type":"Feature","id":"1980194898951814757900000000","properties":{"id":"1980194898951814757900000000","pnu":"1221012100106900007","year":1980,"purpose":"단독주택","far":128.88,"floors":3,"structure":"벽돌구조"},"geometry":{"type":"MultiPolygon","coordinates":[[[[126.944783,35.13241],[126.944894,35.132411],[126.944896,35.132351],[126.944789,35.132351],[126.944783,35.13241]]]]}},{"type":"Feature","id":"1980195229161816418900000000","properties":{"id":"1980195229161816418900000000","pnu":"1221012100104900000","purpose":"기타","structure":"벽돌구조"},"geometry":{"type":"MultiPolygon","coordinates":[[[[126.948396,35.133839],[126.948391,35.133923],[126.948503,35.133926],[126.948504,35.133904],[126.948536,35.133904],[126.94854,35.13384],[126.948396,35.133839]]]]}},{"type":"Feature","id":"1981194444541819923300000000","properties":{"id":"1981194444541819923300000000","pnu":"1221012200102210000","year":1981,"purpose":"제1종 근린생활시설","floors":1,"structure":"벽돌구조"},"geometry":{"type":"MultiPolygon","coordinates":[[[[126.939795,35.13702],[126.939873,35.137081],[126.939917,35.137044],[126.93991,35.137015],[126.939875,35.137043],[126.939794,35.136976],[126.939795,35.13702]]]]}},{"type":"Feature","id":"1982194514241820691800000000","properties":{"id":"1982194514241820691800000000","pnu":"1221012200101880000","year":1982,"purpose":"단독주택","far":19.69,"floors":1,"structure":"벽돌구조"},"geometry":{"type":"MultiPolygon","coordinates":[[[[126.940601,35.137719],[126.940617,35.137743],[126.94063,35.137736],[126.940615,35.137712],[126.940601,35.137719]]]]}},{"type":"Feature","id":"1983194368041818764400000000","properties":{"id":"1983194368041818764400000000","pnu":"1221012200102430003","year":1983,"purpose":"단독주택"},"geometry":{"type":"MultiPolygon","coordinates":[[[[126.938962,35.136015],[126.939058,35.13602],[126.939061,35.135963],[126.938969,35.135959],[126.938962,35.136015]]]]}},{"type":"Feature","id":"1983194374461818763400000000","properties":{"id":"1983194374461818763400000000","pnu":"1221012200102430003","year":1983,"purpose":"단독주택"},"geometry":{"type":"MultiPolygon","coordinates":[[[[126.93906,35.13604],[126.939083,35.136045],[126.939106,35.135938],[126.939084,35.135932],[126.93906,35.13604]]]]}},{"type":"Feature","id":"1983194442591818521100000000","properties":{"id":"1983194442591818521100000000","pnu":"1221012200102380000","year":1983,"purpose":"단독주택","floors":2,"structure":"벽돌구조"},"geometry":{"type":"MultiPolygon","coordinates":[[[[126.939797,35.135826],[126.939867,35.135822],[126.939866,35.135765],[126.93987,35.135717],[126.939792,35.135722],[126.939797,35.135826]]]]}},{"type":"Feature","id":"1983194741291819397900000000","properties":{"id":"1983194741291819397900000000","pnu":"1221012100105580000","year":1983,"purpose":"기타","far":21.8432,"floors":2,"structure":"철근콘크리트구조"},"geometry":{"type":"MultiPolygon","coordinates":[[[[126.943028,35.136559],[126.943136,35.136623],[126.943184,35.136562],[126.943084,35.136504],[126.943028,35.136559]]]]}},{"type":"Feature","id":"1983194752821819629400000000","properties":{"id":"1983194752821819629400000000","pnu":"1221012100105580000","year":1983,"purpose":"기타","far":21.8432,"floors":2,"structure":"철근콘크리트구조"},"geometry":{"type":"MultiPolygon","coordinates":[[[[126.943276,35.136874],[126.943277,35.136875],[126.943337,35.136835],[126.943333,35.136831],[126.943369,35.136807],[126.943349,35.136786],[126.943336,35.136795],[126.943189,35.136645],[126.943105,35.136701],[126.943218,35.136815],[126.943198,35.136828],[126.943211,35.136867],[126.943241,35.136897],[126.943276,35.136874]]]]}},{"type":"Feature","id":"1983194763771819032200000000","properties":{"id":"1983194763771819032200000000","pnu":"1221012100105580000","year":1983,"purpose":"기타","far":21.8432,"floors":2,"structure":"철근콘크리트구조"},"geometry":{"type":"MultiPolygon","coordinates":[[[[126.943305,35.136256],[126.943408,35.136254],[126.943404,35.13621],[126.943303,35.136211],[126.943305,35.136256]]]]}},{"type":"Feature","id":"1983194776911819629000000000","properties":{"id":"1983194776911819629000000000","pnu":"1221012100105580000","year":1983,"purpose":"기타","far":21.8432,"floors":2,"structure":"철근콘크리트구조"},"geometry":{"type":"MultiPolygon","coordinates":[[[[126.943364,35.136769],[126.943463,35.136881],[126.943634,35.136771],[126.943534,35.136662],[126.943364,35.136769]]]]}},{"type":"Feature","id":"1984194799161814821700000000","properties":{"id":"1984194799161814821700000000","pnu":"1221012100108580003","year":1984,"purpose":"기타"},"geometry":{"type":"MultiPolygon","coordinates":[[[[126.943663,35.132415],[126.943699,35.132495],[126.943831,35.132457],[126.943804,35.132397],[126.943786,35.132401],[126.94378,35.132384],[126.943663,35.132415]]]]}},{"type":"Feature","id":"1984194823371816381600000000","properties":{"id":"1984194823371816381600000000","pnu":"1221012100105750010","year":1984,"purpose":"제2종 근린생활시설","floors":1,"structure":"일반목구조"},"geometry":{"type":"MultiPolygon","coordinates":[[[[126.943924,35.133844],[126.94398,35.133909],[126.944097,35.133841],[126.944042,35.133781],[126.943924,35.133844]]]]}},{"type":"Feature","id":"1984195240811816088100000000","properties":{"id":"1984195240811816088100000000","pnu":"1221012100104900001","year":1984,"purpose":"단독주택","floors":2,"structure":"벽돌구조"},"geometry":{"type":"MultiPolygon","coordinates":[[[[126.94849,35.133545],[126.948521,35.133559],[126.948484,35.13361],[126.948554,35.133643],[126.948565,35.133631],[126.948681,35.133674],[126.948721,35.13361],[126.948612,35.133564],[126.948638,35.133516],[126.948531,35.133478],[126.94849,35.133545]]]]}},{"type":"Feature","id":"1984195264601812972800000000","properties":{"id":"1984195264601812972800000000","pnu":"1221012100108380005","purpose":"단독주택","floors":1,"structure":"일반목구조"},"geometry":{"type":"MultiPolygon","coordinates":[[[[126.9488,35.13078],[126.948827,35.130813],[126.948908,35.130765],[126.94888,35.130736],[126.9488,35.13078]]]]}},{"type":"Feature","id":"1984195271311812996500000000","properties":{"id":"1984195271311812996500000000","pnu":"1221012100108380005","year":1984,"purpose":"단독주택","floors":1,"structure":"블록구조"},"geometry":{"type":"MultiPolygon","coordinates":[[[[126.948871,35.130807],[126.9489,35.130835],[126.948979,35.130793],[126.948947,35.130752],[126.948917,35.130767],[126.948925,35.130776],[126.948871,35.130807]]]]}},{"type":"Feature","id":"1984195276341812864200000000","properties":{"id":"1984195276341812864200000000","pnu":"1221012100108380006","year":1984,"purpose":"단독주택","floors":1,"structure":"블록구조"},"geometry":{"type":"MultiPolygon","coordinates":[[[[126.948916,35.130698],[126.948975,35.130733],[126.949028,35.130669],[126.949035,35.130633],[126.949006,35.130616],[126.948916,35.130698]]]]}},{"type":"Feature","id":"1985194459481811455400000000","properties":{"id":"1985194459481811455400000000","pnu":"1221011900107740016","year":1985,"purpose":"단독주택","floors":1,"structure":"블록구조"},"geometry":{"type":"MultiPolygon","coordinates":[[[[126.939973,35.129432],[126.940069,35.129427],[126.940069,35.129371],[126.939973,35.129378],[126.939973,35.129432]]]]}},{"type":"Feature","id":"1985194533291811935000000000","properties":{"id":"1985194533291811935000000000","pnu":"1221011900108300000","year":1985,"purpose":"단독주택","floors":1,"structure":"벽돌구조"},"geometry":{"type":"MultiPolygon","coordinates":[[[[126.940797,35.129904],[126.940866,35.129903],[126.940864,35.129765],[126.940795,35.129766],[126.940797,35.129904]]]]}},{"type":"Feature","id":"1985194592361811853100000000","properties":{"id":"1985194592361811853100000000","pnu":"1221011900108320000","purpose":"기타","structure":"블록구조"},"geometry":{"type":"MultiPolygon","coordinates":[[[[126.941437,35.129769],[126.9415,35.129792],[126.941523,35.129754],[126.941453,35.12973],[126.941437,35.129769]]]]}},{"type":"Feature","id":"1985194601451811936100000000","properties":{"id":"1985194601451811936100000000","pnu":"1221011900108320000","purpose":"기타","structure":"블록구조"},"geometry":{"type":"MultiPolygon","coordinates":[[[[126.94153,35.129823],[126.941582,35.129879],[126.941626,35.129848],[126.941576,35.129793],[126.94153,35.129823]]]]}},{"type":"Feature","id":"1985194610021811925800000000","properties":{"id":"1985194610021811925800000000","pnu":"1221011900108320000","year":1985,"purpose":"단독주택","far":10.02,"floors":1,"structure":"일반목구조"},"geometry":{"type":"MultiPolygon","coordinates":[[[[126.941644,35.129874],[126.941735,35.129834],[126.941701,35.12978],[126.94161,35.129817],[126.941644,35.129874]]]]}},{"type":"Feature","id":"1985195141341812611800000000","properties":{"id":"1985195141341812611800000000","pnu":"1221012100202720001","year":1985,"purpose":"단독주택"},"geometry":{"type":"MultiPolygon","coordinates":[[[[126.947395,35.130463],[126.947464,35.130525],[126.947606,35.130432],[126.947543,35.130371],[126.947395,35.130463]]]]}},{"type":"Feature","id":"1985195172641812436500000000","properties":{"id":"1985195172641812436500000000","pnu":"1221012100202720001","year":1985,"purpose":"단독주택"},"geometry":{"type":"MultiPolygon","coordinates":[[[[126.947869,35.130315],[126.947866,35.130263],[126.947821,35.130264],[126.947824,35.130317],[126.947869,35.130315]]]]}},{"type":"Feature","id":"1985195182991812444200000000","properties":{"id":"1985195182991812444200000000","pnu":"1221012100202720001","year":1985,"purpose":"단독주택"},"geometry":{"type":"MultiPolygon","coordinates":[[[[126.947906,35.130329],[126.948009,35.130325],[126.948009,35.130265],[126.94791,35.130268],[126.947906,35.130329]]]]}},{"type":"Feature","id":"1985195198291812363300000000","properties":{"id":"1985195198291812363300000000","pnu":"1221012100202720001","year":1985,"purpose":"단독주택","floors":1,"structure":"블록구조"},"geometry":{"type":"MultiPolygon","coordinates":[[[[126.948044,35.130291],[126.948236,35.130212],[126.948206,35.130159],[126.948021,35.130233],[126.948044,35.130291]]]]}},{"type":"Feature","id":"1985195214241812272500000000","properties":{"id":"1985195214241812272500000000","pnu":"1221012100202720001","year":1985,"purpose":"단독주택"},"geometry":{"type":"MultiPolygon","coordinates":[[[[126.948289,35.130172],[126.948315,35.130172],[126.948314,35.130113],[126.948288,35.130113],[126.948289,35.130172]]]]}},{"type":"Feature","id":"1985195216521813604600000000","properties":{"id":"1985195216521813604600000000","pnu":"1221012100104410000","year":1985,"purpose":"단독주택","floors":1,"structure":"일반목구조"},"geometry":{"type":"MultiPolygon","coordinates":[[[[126.948271,35.13137],[126.948351,35.131394],[126.948381,35.131314],[126.948298,35.131294],[126.948271,35.13137]]]]}},{"type":"Feature","id":"1985195221081812265300000000","properties":{"id":"1985195221081812265300000000","pnu":"1221012100202720001","year":1985,"purpose":"단독주택"},"geometry":{"type":"MultiPolygon","coordinates":[[[[126.948341,35.130174],[126.948426,35.130148],[126.948415,35.130099],[126.948325,35.130121],[126.948341,35.130174]]]]}},{"type":"Feature","id":"1985195223181813259500000000","properties":{"id":"1985195223181813259500000000","pnu":"1221012100108380059","year":1985,"purpose":"단독주택"},"geometry":{"type":"MultiPolygon","coordinates":[[[[126.948316,35.13105],[126.948338,35.131081],[126.948484,35.131014],[126.948471,35.13099],[126.948447,35.131003],[126.948436,35.13099],[126.948356,35.131025],[126.94836,35.131035],[126.948316,35.13105]]]]}},{"type":"Feature","id":"1985195272981812035200000000","properties":{"id":"1985195272981812035200000000","pnu":"1221012100202720001","year":1985,"purpose":"단독주택"},"geometry":{"type":"MultiPolygon","coordinates":[[[[126.948908,35.129977],[126.949014,35.12993],[126.948984,35.12988],[126.948878,35.129927],[126.948908,35.129977]]]]}},{"type":"Feature","id":"1987195237461812990100000000","properties":{"id":"1987195237461812990100000000","pnu":"1221012100104520000","purpose":"단독주택","far":77.158108,"floors":2,"structure":"벽돌구조"},"geometry":{"type":"MultiPolygon","coordinates":[[[[126.948487,35.130828],[126.948548,35.130852],[126.948585,35.130805],[126.948607,35.130817],[126.948633,35.130776],[126.948541,35.130721],[126.948487,35.130828]]]]}},{"type":"Feature","id":"1987195245811813113800000000","properties":{"id":"1987195245811813113800000000","pnu":"1221012100104520000","purpose":"단독주택"},"geometry":{"type":"MultiPolygon","coordinates":[[[[126.948568,35.130883],[126.948638,35.130951],[126.948728,35.130916],[126.948701,35.130873],[126.948664,35.130883],[126.948631,35.130848],[126.948568,35.130883]]]]}},{"type":"Feature","id":"1988194607111816678500000000","properties":{"id":"1988194607111816678500000000","pnu":"1221012100106010003","year":1988,"purpose":"단독주택","far":30.48,"floors":2,"structure":"벽돌구조"},"geometry":{"type":"MultiPolygon","coordinates":[[[[126.941551,35.134187],[126.941631,35.134184],[126.941632,35.134155],[126.941704,35.134151],[126.941704,35.134117],[126.941734,35.134112],[126.941734,35.134045],[126.941639,35.134044],[126.941636,35.134065],[126.941577,35.134065],[126.941556,35.134078],[126.941551,35.134187]]]]}},{"type":"Feature","id":"1988194773041818737100000000","properties":{"id":"1988194773041818737100000000","pnu":"1221012100105580002","year":1988,"purpose":"기타","far":13.43,"floors":1,"structure":"일반목구조"},"geometry":{"type":"MultiPolygon","coordinates":[[[[126.943412,35.136012],[126.943511,35.136001],[126.9435,35.135923],[126.943404,35.135931],[126.943412,35.136012]]]]}},{"type":"Feature","id":"1988194776821818511900000000","properties":{"id":"1988194776821818511900000000","pnu":"1221012100105580002","year":1988,"purpose":"기타","far":13.43,"floors":1,"structure":"일반목구조"},"geometry":{"type":"MultiPolygon","coordinates":[[[[126.943449,35.135788],[126.943501,35.135808],[126.943546,35.135739],[126.943498,35.13572],[126.943449,35.135788]]]]}},{"type":"Feature","id":"1988194793441818489700000000","properties":{"id":"1988194793441818489700000000","pnu":"1221012100105580002","year":1988,"purpose":"기타","far":13.43,"floors":1,"structure":"일반목구조"},"geometry":{"type":"MultiPolygon","coordinates":[[[[126.943581,35.135789],[126.943694,35.135839],[126.943779,35.135694],[126.943667,35.135651],[126.943581,35.135789]]]]}},{"type":"Feature","id":"1989194368911819313400000000","properties":{"id":"1989194368911819313400000000","pnu":"1221012200102300000","purpose":"단독주택","floors":1,"structure":"벽돌구조"},"geometry":{"type":"MultiPolygon","coordinates":[[[[126.938993,35.136534],[126.939098,35.136475],[126.939045,35.136436],[126.93895,35.136491],[126.938993,35.136534]]]]}},{"type":"Feature","id":"1989195041351813234300000000","properties":{"id":"1989195041351813234300000000","pnu":"1221012100104630001","year":1989,"purpose":"제2종 근린생활시설"},"geometry":{"type":"MultiPolygon","coordinates":[[[[126.946327,35.130981],[126.946352,35.131065],[126.946482,35.131035],[126.946455,35.130952],[126.946327,35.130981]]]]}},{"type":"Feature","id":"1989195055201813227100000000","properties":{"id":"1989195055201813227100000000","pnu":"1221012100104630001","purpose":"기타"},"geometry":{"type":"MultiPolygon","coordinates":[[[[126.946489,35.131041],[126.946551,35.131031],[126.946558,35.131047],[126.946635,35.131032],[126.946612,35.130954],[126.946472,35.130978],[126.946489,35.131041]]]]}},{"type":"Feature","id":"1990194457901816615100000000","properties":{"id":"1990194457901816615100000000","pnu":"1221012100106030000","year":1990,"purpose":"공동주택","floors":15,"structure":"철근콘크리트구조"},"geometry":{"type":"MultiPolygon","coordinates":[[[[126.939611,35.134101],[126.940397,35.134116],[126.940403,35.134009],[126.939614,35.133984],[126.939611,35.134101]]]]}},{"type":"Feature","id":"1990194464741817149200000000","properties":{"id":"1990194464741817149200000000","pnu":"1221012100106030000","year":1990,"purpose":"공동주택","floors":15,"structure":"철근콘크리트구조"},"geometry":{"type":"MultiPolygon","coordinates":[[[[126.939724,35.134473],[126.939719,35.134576],[126.940433,35.134593],[126.940433,35.134494],[126.939724,35.134473]]]]}},{"type":"Feature","id":"1990194539931816722000000000","properties":{"id":"1990194539931816722000000000","pnu":"1221012100106030000","year":1990,"purpose":"공동주택","floors":20,"structure":"철근콘크리트구조"},"geometry":{"type":"MultiPolygon","coordinates":[[[[126.940457,35.134199],[126.941117,35.134225],[126.941118,35.134184],[126.94135,35.134192],[126.941355,35.134092],[126.941271,35.134089],[126.941271,35.134079],[126.941201,35.134079],[126.9412,35.134088],[126.94111,35.134084],[126.94111,35.134111],[126.941025,35.134109],[126.941024,35.134091],[126.940886,35.13409],[126.940887,35.134102],[126.9407,35.134098],[126.940699,35.134083],[126.940567,35.134084],[126.940566,35.134092],[126.940468,35.134095],[126.940457,35.134199]]]]}},{"type":"Feature","id":"1990194544521817006900000000","properties":{"id":"1990194544521817006900000000","pnu":"1221012100106030000","year":1990,"purpose":"제1종 근린생활시설","floors":2,"structure":"철근콘크리트구조"},"geometry":{"type":"MultiPolygon","coordinates":[[[[126.940808,35.134467],[126.940901,35.134468],[126.940903,35.134437],[126.941015,35.13444],[126.941016,35.134427],[126.941125,35.13443],[126.941127,35.134369],[126.940817,35.134361],[126.940808,35.134467]]]]}},{"type":"Feature","id":"1990194563881816993900000000","properties":{"id":"1990194563881816993900000000","pnu":"1221012100106030000","year":1990,"purpose":"제1종 근린생활시설","floors":2,"structure":"철근콘크리트구조"},"geometry":{"type":"MultiPolygon","coordinates":[[[[126.941138,35.13442],[126.941188,35.134405],[126.941189,35.134385],[126.941183,35.134376],[126.941143,35.134375],[126.941138,35.13442]]]]}},{"type":"Feature","id":"1990195110581814714700000000","properties":{"id":"1990195110581814714700000000","pnu":"1221012100108380002","year":1990,"purpose":"제2종 근린생활시설","far":23.48,"floors":2,"structure":"경량철골구조"},"geometry":{"type":"MultiPolygon","coordinates":[[[[126.947118,35.132367],[126.9472,35.132373],[126.947208,35.132319],[126.947124,35.132314],[126.947118,35.132367]]]]}},{"type":"Feature","id":"1990195152081814748500000000","properties":{"id":"1990195152081814748500000000","pnu":"1221012100108380002","year":1990,"purpose":"제2종 근린생활시설","far":23.48,"floors":2,"structure":"경량철골구조"},"geometry":{"type":"MultiPolygon","coordinates":[[[[126.947719,35.132278],[126.947549,35.132329],[126.947551,35.13234],[126.947483,35.132362],[126.947489,35.132389],[126.947463,35.132402],[126.947487,35.132451],[126.947531,35.132442],[126.947546,35.132462],[126.947769,35.132385],[126.947719,35.132278]]]]}},{"type":"Feature","id":"1990195183621814640600000000","properties":{"id":"1990195183621814640600000000","pnu":"1221012100108380002","year":1990,"purpose":"제2종 근린생활시설","far":23.48,"floors":2,"structure":"경량철골구조"},"geometry":{"type":"MultiPolygon","coordinates":[[[[126.947841,35.132282],[126.94789,35.132348],[126.948085,35.132271],[126.948044,35.132205],[126.947841,35.132282]]]]}},{"type":"Feature","id":"1991194717461816514000000000","properties":{"id":"1991194717461816514000000000","pnu":"1221012100105830000","year":1991,"purpose":"제1종 근린생활시설","floors":2,"structure":"철근콘크리트구조"},"geometry":{"type":"MultiPolygon","coordinates":[[[[126.942799,35.134119],[126.942888,35.134119],[126.942895,35.133803],[126.942811,35.133803],[126.942799,35.134119]]]]}},{"type":"Feature","id":"1991194723311814708400000000","properties":{"id":"1991194723311814708400000000","pnu":"1221012100106600001","year":1991,"purpose":"제1종 근린생활시설","far":76.53,"floors":2,"structure":"벽돌구조"},"geometry":{"type":"MultiPolygon","coordinates":[[[[126.942872,35.132359],[126.942954,35.132357],[126.942952,35.132311],[126.942876,35.132313],[126.942872,35.132359]]]]}},{"type":"Feature","id":"1991194724751814788300000000","properties":{"id":"1991194724751814788300000000","pnu":"1221012100106500001","year":1991,"purpose":"제1종 근린생활시설","far":78.2,"floors":2,"structure":"벽돌구조"},"geometry":{"type":"MultiPolygon","coordinates":[[[[126.942872,35.132443],[126.942925,35.132444],[126.942926,35.132437],[126.942958,35.132439],[126.942957,35.132428],[126.943002,35.132425],[126.943002,35.132387],[126.94295,35.132385],[126.942952,35.132373],[126.942874,35.132372],[126.942872,35.132443]]]]}},{"type":"Feature","id":"1991194725411814842000000000","properties":{"id":"1991194725411814842000000000","pnu":"1221012100106500001","purpose":"기타","structure":"벽돌구조"},"geometry":{"type":"MultiPolygon","coordinates":[[[[126.942929,35.132453],[126.942932,35.132461],[126.942944,35.132459],[126.942941,35.13245],[126.942929,35.132453]]]]}},{"type":"Feature","id":"1991194736161814814900000000","properties":{"id":"1991194736161814814900000000","pnu":"1221012100106500001","purpose":"기타","structure":"벽돌구조"},"geometry":{"type":"MultiPolygon","coordinates":[[[[126.943049,35.13244],[126.943061,35.132441],[126.943061,35.132422],[126.943048,35.132423],[126.943049,35.13244]]]]}},{"type":"Feature","id":"1991194759351816105600000000","properties":{"id":"1991194759351816105600000000","pnu":"1221012100105830000","year":1991,"purpose":"공동주택","floors":11,"structure":"철근콘크리트구조"},"geometry":{"type":"MultiPolygon","coordinates":[[[[126.942879,35.133638],[126.943732,35.133666],[126.943734,35.133552],[126.942886,35.133524],[126.942879,35.133638]]]]}},{"type":"Feature","id":"1991194764081816950700000000","properties":{"id":"1991194764081816950700000000","pnu":"1221012100105830000","year":1991,"purpose":"공동주택","floors":11,"structure":"철근콘크리트구조"},"geometry":{"type":"MultiPolygon","coordinates":[[[[126.942914,35.134289],[126.942911,35.134403],[126.943803,35.134425],[126.943807,35.13431],[126.942914,35.134289]]]]}},{"type":"Feature","id":"1991194765531816535100000000","properties":{"id":"1991194765531816535100000000","pnu":"1221012100105830000","year":1991,"purpose":"공동주택","floors":11,"structure":"철근콘크리트구조"},"geometry":{"type":"MultiPolygon","coordinates":[[[[126.942964,35.133916],[126.942958,35.134021],[126.943177,35.134024],[126.943179,35.134041],[126.943766,35.134053],[126.943766,35.13393],[126.942964,35.133916]]]]}},{"type":"Feature","id":"1992194436541814703300000000","properties":{"id":"1992194436541814703300000000","pnu":"1221012100108890000","year":1992,"purpose":"제2종 근린생활시설","far":6.77,"floors":1,"structure":"벽돌구조"},"geometry":{"type":"MultiPolygon","coordinates":[[[[126.939701,35.132355],[126.939834,35.132355],[126.939834,35.132302],[126.939697,35.132305],[126.939701,35.132355]]]]}},{"type":"Feature","id":"1992194488751817794000000000","properties":{"id":"1992194488751817794000000000","pnu":"1221012100105970000","year":1992,"purpose":"제1종 근린생활시설","floors":1,"structure":"철근콘크리트구조"},"geometry":{"type":"MultiPolygon","coordinates":[[[[126.940274,35.135149],[126.940398,35.135148],[126.940398,35.135091],[126.940384,35.135081],[126.940302,35.135077],[126.940277,35.135103],[126.940274,35.135149]]]]}},{"type":"Feature","id":"1992194519991818037200000000","properties":{"id":"1992194519991818037200000000","pnu":"1221012100105970000","year":1992,"purpose":"공동주택","floors":20,"structure":"철근콘크리트구조"},"geometry":{"type":"MultiPolygon","coordinates":[[[[126.940199,35.135398],[126.940273,35.135398],[126.940277,35.135379],[126.940305,35.135381],[126.940306,35.135363],[126.940474,35.13537],[126.940474,35.135396],[126.940533,35.135395],[126.940533,35.135375],[126.940705,35.13538],[126.940704,35.135407],[126.94078,35.135409],[126.940779,35.135397],[126.94098,35.135406],[126.940981,35.135419],[126.941037,35.135419],[126.941038,35.135408],[126.941145,35.135411],[126.941152,35.135295],[126.940237,35.135257],[126.94021,35.135276],[126.940199,35.135398]]]]}},{"type":"Feature","id":"1992194767501815687400000000","properties":{"id":"1992194767501815687400000000","pnu":"1221012100106540000","year":1992,"purpose":"공동주택","floors":11,"structure":"철근콘크리트구조"},"geometry":{"type":"MultiPolygon","coordinates":[[[[126.942952,35.133268],[126.943843,35.133286],[126.943843,35.133169],[126.942957,35.133149],[126.942952,35.133268]]]]}},{"type":"Feature","id":"1992194770381815263900000000","properties":{"id":"1992194770381815263900000000","pnu":"1221012100106540000","year":1992,"purpose":"공동주택","floors":11,"structure":"철근콘크리트구조"},"geometry":{"type":"MultiPolygon","coordinates":[[[[126.942956,35.13277],[126.942957,35.132885],[126.943904,35.132903],[126.943901,35.132788],[126.942956,35.13277]]]]}},{"type":"Feature","id":"1992194813891816258100000000","properties":{"id":"1992194813891816258100000000","pnu":"1221012100105750010","purpose":"제2종 근린생활시설","structure":"일반목구조"},"geometry":{"type":"MultiPolygon","coordinates":[[[[126.943906,35.133737],[126.943907,35.133737],[126.943908,35.133737],[126.943909,35.133737],[126.94391,35.133736],[126.94391,35.133736],[126.943911,35.133735],[126.943911,35.133734],[126.943912,35.133734],[126.943912,35.133733],[126.943912,35.133732],[126.943911,35.133731],[126.943911,35.13373],[126.94391,35.13373],[126.94391,35.133729],[126.943909,35.133729],[126.943908,35.133728],[126.943907,35.133728],[126.943906,35.133728],[126.943905,35.133728],[126.943904,35.133728],[126.943904,35.133729],[126.943903,35.133729],[126.943902,35.13373],[126.943902,35.13373],[126.943901,35.133731],[126.943901,35.133732],[126.943901,35.133733],[126.943901,35.133734],[126.943901,35.133734],[126.943902,35.133735],[126.943902,35.133736],[126.943903,35.133736],[126.943904,35.133737],[126.943904,35.133737],[126.943905,35.133737],[126.943906,35.133737]]]]}},{"type":"Feature","id":"1992194848211815821900000000","properties":{"id":"1992194848211815821900000000","pnu":"1221012100106540000","year":1992,"purpose":"제1종 근린생활시설","floors":3,"structure":"철근콘크리트구조"},"geometry":{"type":"MultiPolygon","coordinates":[[[[126.944029,35.133378],[126.944525,35.133395],[126.944528,35.133296],[126.944032,35.13329],[126.944029,35.133378]]]]}},{"type":"Feature","id":"1992194870991815608100000000","properties":{"id":"1992194870991815608100000000","pnu":"1221012100106540000","year":1992,"purpose":"공동주택","floors":20,"structure":"철근콘크리트구조"},"geometry":{"type":"MultiPolygon","coordinates":[[[[126.943917,35.133069],[126.943911,35.133191],[126.944511,35.133215],[126.944512,35.133197],[126.945179,35.133222],[126.945181,35.133107],[126.943917,35.133069]]]]}},{"type":"Feature","id":"1993194443601811924400000000","properties":{"id":"1993194443601811924400000000","pnu":"1221011900107740003","year":1993,"purpose":"기타"},"geometry":{"type":"MultiPolygon","coordinates":[[[[126.939743,35.129922],[126.939768,35.129927],[126.939779,35.129884],[126.939942,35.129916],[126.939967,35.12981],[126.9398,35.12971],[126.93977,35.129709],[126.939743,35.129922]]]]}},{"type":"Feature","id":"1993194631161814188900000000","properties":{"id":"1993194631161814188900000000","pnu":"1221012100106400001","year":1993,"purpose":"제2종 근린생활시설","far":50.42,"floors":3,"structure":"철근콘크리트구조"},"geometry":{"type":"MultiPolygon","coordinates":[[[[126.941786,35.131903],[126.941972,35.131908],[126.941994,35.131827],[126.941869,35.131819],[126.941786,35.131903]]]]}},{"type":"Feature","id":"1993194796201814726300000000","properties":{"id":"1993194796201814726300000000","pnu":"1221012100106690003","year":1993,"purpose":"제1종 근린생활시설"},"geometry":{"type":"MultiPolygon","coordinates":[[[[126.943647,35.132375],[126.943778,35.132375],[126.943779,35.132329],[126.943649,35.132328],[126.943647,35.132375]]]]}},{"type":"Feature","id":"1993194839961816273500000000","properties":{"id":"1993194839961816273500000000","pnu":"1221012100105750010","year":1993,"purpose":"단독주택","far":18.1,"floors":1,"structure":"벽돌구조"},"geometry":{"type":"MultiPolygon","coordinates":[[[[126.944105,35.133728],[126.944208,35.13382],[126.944281,35.133765],[126.944172,35.133673],[126.944105,35.133728]]]]}},{"type":"Feature","id":"1994194443601812400200000000","properties":{"id":"1994194443601812400200000000","pnu":"1221011900107730000","year":1994,"purpose":"단독주택","far":102.32,"floors":2,"structure":"벽돌구조"},"geometry":{"type":"MultiPolygon","coordinates":[[[[126.939763,35.130284],[126.939775,35.130295],[126.939849,35.130297],[126.939901,35.13026],[126.93989,35.130249],[126.939919,35.130222],[126.939873,35.130193],[126.939763,35.130284]]]]}},{"type":"Feature","id":"1994194451881812396700000000","properties":{"id":"1994194451881812396700000000","pnu":"1221011900107730000","purpose":"단독주택","structure":"벽돌구조"},"geometry":{"type":"MultiPolygon","coordinates":[[[[126.939928,35.130249],[126.939938,35.130258],[126.939946,35.130252],[126.939937,35.130243],[126.939928,35.130249]]]]}},{"type":"Feature","id":"1994194566381815004500000000","properties":{"id":"1994194566381815004500000000","pnu":"1221012100106280000","year":1994,"purpose":"공동주택","floors":9,"structure":"철근콘크리트구조"},"geometry":{"type":"MultiPolygon","coordinates":[[[[126.940764,35.13266],[126.940765,35.132681],[126.941435,35.132705],[126.94145,35.132392],[126.941328,35.132391],[126.941316,35.1326],[126.940946,35.132592],[126.940943,35.132555],[126.940901,35.132555],[126.940764,35.13266]]]]}},{"type":"Feature","id":"1994194577211814680700000000","properties":{"id":"1994194577211814680700000000","pnu":"1221012100106280000","year":1994,"purpose":"제1종 근린생활시설","floors":2,"structure":"철근콘크리트구조"},"geometry":{"type":"MultiPolygon","coordinates":[[[[126.941157,35.132362],[126.94126,35.132362],[126.941266,35.132332],[126.941291,35.132333],[126.941292,35.132324],[126.941466,35.13233],[126.94147,35.132295],[126.941457,35.132275],[126.941255,35.132268],[126.941163,35.132331],[126.941157,35.132362]]]]}},{"type":"Feature","id":"1994194874521815016700000000","properties":{"id":"1994194874521815016700000000","pnu":"1221012100106810000","year":1994,"purpose":"공동주택","far":159.1,"floors":8,"structure":"철근콘크리트구조"},"geometry":{"type":"MultiPolygon","coordinates":[[[[126.944325,35.132719],[126.944459,35.132723],[126.944461,35.132707],[126.944641,35.132715],[126.944645,35.132624],[126.944811,35.132628],[126.944817,35.132495],[126.944672,35.132488],[126.944669,35.132504],[126.944628,35.132504],[126.944628,35.132517],[126.944607,35.132518],[126.944607,35.132575],[126.944447,35.13257],[126.944445,35.132588],[126.944332,35.132586],[126.944325,35.132719]]]]}},{"type":"Feature","id":"1995194441771812931800000000","properties":{"id":"1995194441771812931800000000","pnu":"1221011900107950000","year":1995,"purpose":"단독주택","far":152.24,"floors":3,"structure":"철근콘크리트구조"},"geometry":{"type":"MultiPolygon","coordinates":[[[[126.939767,35.130704],[126.939773,35.130775],[126.939821,35.130776],[126.939893,35.130737],[126.939887,35.130693],[126.939767,35.130704]]]]}},{"type":"Feature","id":"1995194586681815919800000000","properties":{"id":"1995194586681815919800000000","pnu":"1221012100106190000","year":1995,"purpose":"기타"},"geometry":{"type":"MultiPolygon","coordinates":[[[[126.941392,35.133453],[126.941431,35.133453],[126.941436,35.133401],[126.941396,35.1334],[126.941392,35.133453]]]]}},{"type":"Feature","id":"1995194610451816382000000000","properties":{"id":"1995194610451816382000000000","pnu":"1221012100106500000","purpose":"기타"},"geometry":{"type":"MultiPolygon","coordinates":[[[[126.941605,35.133869],[126.941739,35.133868],[126.941741,35.133818],[126.941612,35.133817],[126.941605,35.133869]]]]}},{"type":"Feature","id":"1995194621561814092000000000","properties":{"id":"1995194621561814092000000000","pnu":"1221012100106420000","year":1995,"purpose":"제1종 근린생활시설","far":56.331717,"floors":3,"structure":"철근콘크리트구조"},"geometry":{"type":"MultiPolygon","coordinates":[[[[126.941653,35.131832],[126.941738,35.131896],[126.941945,35.131708],[126.941877,35.131668],[126.941843,35.131696],[126.941825,35.131687],[126.941715,35.131799],[126.941702,35.131789],[126.941653,35.131832]]]]}},{"type":"Feature","id":"1995194636811816386700000000","properties":{"id":"1995194636811816386700000000","pnu":"1221012100106500000","purpose":"기타"},"geometry":{"type":"MultiPolygon","coordinates":[[[[126.941873,35.133863],[126.942052,35.133862],[126.942054,35.133833],[126.941875,35.133834],[126.941873,35.133863]]]]}},{"type":"Feature","id":"1995194638611816020100000000","properties":{"id":"1995194638611816020100000000","pnu":"1221012100106500000","year":1995,"purpose":"기타","far":54.528665,"floors":3,"structure":"철근콘크리트구조"},"geometry":{"type":"MultiPolygon","coordinates":[[[[126.941894,35.133358],[126.941899,35.133087],[126.941647,35.133083],[126.941635,35.133356],[126.941672,35.133357],[126.941672,35.133412],[126.941579,35.133418],[126.941582,35.133508],[126.941665,35.133509],[126.94166,35.133697],[126.941629,35.133697],[126.941627,35.13373],[126.941573,35.13373],[126.941572,35.133799],[126.942601,35.133828],[126.942603,35.133765],[126.942568,35.133764],[126.942569,35.133734],[126.941776,35.133709],[126.941785,35.133515],[126.942058,35.133524],[126.942061,35.133579],[126.94214,35.133579],[126.942143,35.13353],[126.942613,35.133541],[126.942615,35.133441],[126.941797,35.133412],[126.9418,35.133361],[126.941894,35.133358]]]]}},{"type":"Feature","id":"1995194655471816381700000000","properties":{"id":"1995194655471816381700000000","pnu":"1221012100106500000","purpose":"기타"},"geometry":{"type":"MultiPolygon","coordinates":[[[[126.942127,35.13386],[126.94221,35.133853],[126.942207,35.133827],[126.942128,35.133833],[126.942127,35.13386]]]]}},{"type":"Feature","id":"1995194661651816803900000000","properties":{"id":"1995194661651816803900000000","pnu":"1221012100105880000","year":1995,"purpose":"공동주택","floors":19,"structure":"철근콘크리트구조"},"geometry":{"type":"MultiPolygon","coordinates":[[[[126.941884,35.134163],[126.94188,35.13427],[126.942367,35.134286],[126.942363,35.134351],[126.942485,35.13435],[126.942495,35.134105],[126.942368,35.134104],[126.942369,35.134171],[126.941884,35.134163]]]]}},{"type":"Feature","id":"1995194672501815768600000000","properties":{"id":"1995194672501815768600000000","pnu":"1221012100106500000","purpose":"기타"},"geometry":{"type":"MultiPolygon","coordinates":[[[[126.942185,35.1333],[126.942523,35.133316],[126.942525,35.133281],[126.942187,35.133265],[126.942185,35.1333]]]]}},{"type":"Feature","id":"1995194697131816683200000000","properties":{"id":"1995194697131816683200000000","pnu":"1221012100105880000","year":1995,"purpose":"공동주택","floors":2,"structure":"철근콘크리트구조"},"geometry":{"type":"MultiPolygon","coordinates":[[[[126.942588,35.134189],[126.942658,35.134189],[126.942661,35.13404],[126.942592,35.134043],[126.942588,35.134189]]]]}},{"type":"Feature","id":"1995194889621816043400000000","properties":{"id":"1995194889621816043400000000","pnu":"1221012100106750000","year":1995,"purpose":"제2종 근린생활시설","far":41.78,"floors":2,"structure":"철근콘크리트구조"},"geometry":{"type":"MultiPolygon","coordinates":[[[[126.944629,35.133559],[126.944704,35.133566],[126.944705,35.133583],[126.944724,35.133583],[126.944726,35.133612],[126.944817,35.133614],[126.944823,35.133486],[126.944639,35.133481],[126.944629,35.133559]]]]}},{"type":"Feature","id":"1995195011441815086100000000","properties":{"id":"1995195011441815086100000000","pnu":"1221012100104820000","year":1995,"purpose":"기타"},"geometry":{"type":"MultiPolygon","coordinates":[[[[126.945973,35.132846],[126.946157,35.13285],[126.94618,35.132512],[126.945987,35.132507],[126.945973,35.132846]]]]}},{"type":"Feature","id":"1995195013891815432200000000","properties":{"id":"1995195013891815432200000000","pnu":"1221012100104820000","purpose":"기타","structure":"철근콘크리트구조"},"geometry":{"type":"MultiPolygon","coordinates":[[[[126.946213,35.132927],[126.946054,35.132917],[126.946053,35.132925],[126.945991,35.132921],[126.945985,35.132985],[126.946002,35.132986],[126.945996,35.133053],[126.9462,35.133065],[126.946213,35.132927]]]]}},{"type":"Feature","id":"1995195109151815748100000000","properties":{"id":"1995195109151815748100000000","pnu":"1221012100104820000","year":1995,"purpose":"기타"},"geometry":{"type":"MultiPolygon","coordinates":[[[[126.946689,35.133236],[126.946795,35.133274],[126.946813,35.133251],[126.946976,35.13331],[126.946953,35.133352],[126.947097,35.133416],[126.94714,35.13334],[126.947217,35.133366],[126.947206,35.133386],[126.947257,35.13341],[126.947272,35.133388],[126.947421,35.13344],[126.947572,35.133161],[126.947471,35.133124],[126.947351,35.133316],[126.947049,35.13319],[126.947031,35.133213],[126.946759,35.13311],[126.946689,35.133236]]]]}},{"type":"Feature","id":"1995195148851815521700000000","properties":{"id":"1995195148851815521700000000","pnu":"1221012100104820000","purpose":"기타","structure":"철근콘크리트구조"},"geometry":{"type":"MultiPolygon","coordinates":[[[[126.947441,35.133078],[126.947665,35.133163],[126.947721,35.133061],[126.9475,35.132979],[126.947441,35.133078]]]]}},{"type":"Feature","id":"1996194448401818239800000000","properties":{"id":"1996194448401818239800000000","pnu":"1221012200102520001","year":1996,"purpose":"단독주택","far":74.79,"floors":2,"structure":"철근콘크리트구조"},"geometry":{"type":"MultiPolygon","coordinates":[[[[126.939805,35.135558],[126.939985,35.135559],[126.939988,35.135475],[126.939826,35.13547],[126.939823,35.135513],[126.939776,35.135512],[126.939805,35.135558]]]]}},{"type":"Feature","id":"1996194463551811661100000000","properties":{"id":"1996194463551811661100000000","pnu":"1221011900107740002","year":1996,"purpose":"단독주택","far":70.38,"floors":2,"structure":"철근콘크리트구조"},"geometry":{"type":"MultiPolygon","coordinates":[[[[126.939955,35.129612],[126.939994,35.129614],[126.939996,35.129649],[126.940132,35.129649],[126.940132,35.129625],[126.940153,35.129624],[126.940154,35.129577],[126.940169,35.129576],[126.940165,35.12953],[126.939983,35.129534],[126.939981,35.12957],[126.939956,35.129569],[126.939955,35.129612]]]]}},{"type":"Feature","id":"1996194710971814303800000000","properties":{"id":"1996194710971814303800000000","pnu":"1221012100106480001","year":1996,"purpose":"제1종 근린생활시설","far":80.47,"floors":2,"structure":"일반철골구조"},"geometry":{"type":"MultiPolygon","coordinates":[[[[126.942657,35.132002],[126.942735,35.132004],[126.942774,35.132033],[126.942896,35.131931],[126.942874,35.131911],[126.942849,35.131932],[126.942734,35.131936],[126.942657,35.132002]]]]}},{"type":"Feature","id":"1996194839791815134800000000","properties":{"id":"1996194839791815134800000000","pnu":"1221012100106780002","year":1996,"purpose":"제2종 근린생활시설","far":230,"floors":4,"structure":"철근콘크리트구조"},"geometry":{"type":"MultiPolygon","coordinates":[[[[126.944125,35.13265],[126.944126,35.132773],[126.94417,35.132794],[126.944254,35.132797],[126.944253,35.132647],[126.944125,35.13265]]]]}},{"type":"Feature","id":"1997194467571812016000000000","properties":{"id":"1997194467571812016000000000","pnu":"1221011900107890000","year":1997,"purpose":"기타"},"geometry":{"type":"MultiPolygon","coordinates":[[[[126.940029,35.129976],[126.940143,35.129997],[126.940152,35.129977],[126.940171,35.129981],[126.940181,35.129938],[126.940198,35.129934],[126.940209,35.129928],[126.940212,35.129922],[126.940216,35.129912],[126.940216,35.129903],[126.940206,35.129889],[126.940196,35.129886],[126.940202,35.129854],[126.940028,35.129823],[126.940004,35.129893],[126.940052,35.129902],[126.940029,35.129976]]]]}},{"type":"Feature","id":"1997194505531817588700000000","properties":{"id":"1997194505531817588700000000","pnu":"1221012200102360005","year":1997,"purpose":"제2종 근린생활시설","far":213.0703,"floors":4,"structure":"경량철골구조"},"geometry":{"type":"MultiPolygon","coordinates":[[[[126.940461,35.134961],[126.940485,35.134988],[126.94056,35.134996],[126.940588,35.134905],[126.940555,35.134898],[126.940557,35.134875],[126.94054,35.134871],[126.94054,35.134864],[126.940491,35.134857],[126.940461,35.134961]]]]}},{"type":"Feature","id":"1997194622271817794500000000","properties":{"id":"1997194622271817794500000000","pnu":"1221012100105670001","year":1997,"purpose":"공동주택","floors":19,"structure":"철근콘크리트구조"},"geometry":{"type":"MultiPolygon","coordinates":[[[[126.941731,35.135274],[126.941862,35.135279],[126.941873,35.134956],[126.941744,35.134954],[126.941731,35.135274]]]]}},{"type":"Feature","id":"1997194642241815755200000000","properties":{"id":"1997194642241815755200000000","pnu":"1221012100106500000","purpose":"기타","structure":"철근콘크리트구조"},"geometry":{"type":"MultiPolygon","coordinates":[[[[126.941979,35.133294],[126.942068,35.133294],[126.942069,35.133262],[126.941976,35.133263],[126.941979,35.133294]]]]}},{"type":"Feature","id":"1997194647681814195200000000","properties":{"id":"1997194647681814195200000000","pnu":"1221012100106390003","year":1997,"purpose":"제1종 근린생활시설","far":95.1,"floors":3,"structure":"철근콘크리트구조"},"geometry":{"type":"MultiPolygon","coordinates":[[[[126.942,35.131883],[126.942006,35.1319],[126.942016,35.131911],[126.942138,35.131914],[126.942173,35.131841],[126.942142,35.13183],[126.942135,35.131845],[126.942045,35.131821],[126.942,35.131883]]]]}},{"type":"Feature","id":"1997194650881817465700000000","properties":{"id":"1997194650881817465700000000","pnu":"1221012100105670001","year":1997,"purpose":"공동주택","floors":18,"structure":"철근콘크리트구조"},"geometry":{"type":"MultiPolygon","coordinates":[[[[126.941565,35.134838],[126.942406,35.134867],[126.942398,35.135032],[126.942528,35.135035],[126.942536,35.134872],[126.942517,35.134871],[126.942519,35.134747],[126.941573,35.134725],[126.941565,35.134838]]]]}},{"type":"Feature","id":"1997194663181818110400000000","properties":{"id":"1997194663181818110400000000","pnu":"1221012100105670001","year":1997,"purpose":"공동주택","floors":18,"structure":"철근콘크리트구조"},"geometry":{"type":"MultiPolygon","coordinates":[[[[126.941871,35.135408],[126.942419,35.135432],[126.942407,35.135592],[126.942529,35.135595],[126.942545,35.13544],[126.942487,35.135436],[126.942493,35.135325],[126.94188,35.135304],[126.941871,35.135408]]]]}},{"type":"Feature","id":"1997194692611817244200000000","properties":{"id":"1997194692611817244200000000","pnu":"1221012100105670001","year":1997,"purpose":"제1종 근린생활시설","floors":3,"structure":"철근콘크리트구조"},"geometry":{"type":"MultiPolygon","coordinates":[[[[126.942478,35.134618],[126.942528,35.134618],[126.942576,35.134657],[126.942576,35.1347],[126.942642,35.1347],[126.942646,35.134607],[126.942591,35.134565],[126.94248,35.134562],[126.942478,35.134618]]]]}},{"type":"Feature","id":"1997194810781814958700000000","properties":{"id":"1997194810781814958700000000","pnu":"1221012100106700000","year":1997,"purpose":"제2종 근린생활시설","far":185.5132,"floors":4,"structure":"철근콘크리트구조"},"geometry":{"type":"MultiPolygon","coordinates":[[[[126.943768,35.132483],[126.943764,35.132627],[126.943825,35.132626],[126.943868,35.132653],[126.943958,35.132648],[126.943954,35.132602],[126.943986,35.132597],[126.943981,35.132501],[126.943947,35.132501],[126.943949,35.132481],[126.943768,35.132483]]]]}},{"type":"Feature","id":"1997194813371814741700000000","properties":{"id":"1997194813371814741700000000","pnu":"1221012100106690008","year":1997,"purpose":"제2종 근린생활시설"},"geometry":{"type":"MultiPolygon","coordinates":[[[[126.943793,35.132393],[126.943817,35.132394],[126.943819,35.132417],[126.943903,35.132413],[126.943905,35.132399],[126.944016,35.132398],[126.944015,35.132324],[126.943789,35.132329],[126.943793,35.132393]]]]}},{"type":"Feature","id":"1997195051111812910900000000","properties":{"id":"1997195051111812910900000000","pnu":"1221012100104630005","year":1997,"purpose":"제2종 근린생활시설"},"geometry":{"type":"MultiPolygon","coordinates":[[[[126.946424,35.130691],[126.946452,35.130772],[126.946602,35.130741],[126.946592,35.13069],[126.946565,35.130694],[126.946555,35.13066],[126.946424,35.130691]]]]}},{"type":"Feature","id":"1998194374281819071300000000","properties":{"id":"1998194374281819071300000000","pnu":"1221012200102300003","year":1998,"purpose":"제1종 근린생활시설"},"geometry":{"type":"MultiPolygon","coordinates":[[[[126.939017,35.13631],[126.939101,35.136332],[126.939131,35.136208],[126.939084,35.136193],[126.939017,35.13631]]]]}},{"type":"Feature","id":"1998194439921819428900000000","properties":{"id":"1998194439921819428900000000","pnu":"1221012200102230000","year":1998,"purpose":"단독주택","far":46.56,"floors":2,"structure":"벽돌구조"},"geometry":{"type":"MultiPolygon","coordinates":[[[[126.939773,35.136647],[126.939865,35.136622],[126.939846,35.13656],[126.939816,35.136569],[126.939802,35.136527],[126.939745,35.136541],[126.939773,35.136647]]]]}},{"type":"Feature","id":"1998194451001819116100000000","properties":{"id":"1998194451001819116100000000","pnu":"1221012200102230002","year":1998,"purpose":"단독주택","far":23.9,"floors":1,"structure":"벽돌구조"},"geometry":{"type":"MultiPolygon","coordinates":[[[[126.939842,35.136317],[126.939911,35.136369],[126.940007,35.136287],[126.939976,35.136267],[126.939964,35.136273],[126.93993,35.136248],[126.939842,35.136317]]]]}},{"type":"Feature","id":"1998194479751811842000000000","properties":{"id":"1998194479751811842000000000","pnu":"1221011900108270007","year":1998,"purpose":"단독주택","far":45.14,"floors":1,"structure":"경량철골구조"},"geometry":{"type":"MultiPolygon","coordinates":[[[[126.940178,35.129807],[126.940301,35.129809],[126.940308,35.129695],[126.940186,35.129691],[126.940178,35.129807]]]]}},{"type":"Feature","id":"1998194735401814116300000000","properties":{"id":"1998194735401814116300000000","pnu":"1221012100106470000","year":1998,"purpose":"기타","far":72.18,"floors":3,"structure":"철근콘크리트구조"},"geometry":{"type":"MultiPolygon","coordinates":[[[[126.942949,35.1318],[126.943001,35.131874],[126.9431,35.131829],[126.943089,35.131811],[126.943145,35.131778],[126.943113,35.131732],[126.942949,35.1318]]]]}},{"type":"Feature","id":"1998194742351818334900000000","properties":{"id":"1998194742351818334900000000","pnu":"1221012100105660002","year":1998,"purpose":"제2종 근린생활시설","far":53.53,"floors":1,"structure":"일반목구조"},"geometry":{"type":"MultiPolygon","coordinates":[[[[126.943039,35.135661],[126.943201,35.135664],[126.943206,35.135588],[126.943176,35.135586],[126.943175,35.13554],[126.943053,35.135537],[126.943039,35.135661]]]]}},{"type":"Feature","id":"1998194778161818921400000000","properties":{"id":"1998194778161818921400000000","pnu":"1221012100105580001","year":1998,"purpose":"기타","far":10.38,"floors":1,"structure":"일반목구조"},"geometry":{"type":"MultiPolygon","coordinates":[[[[126.943485,35.136166],[126.943543,35.136165],[126.943541,35.1361],[126.943482,35.136102],[126.943485,35.136166]]]]}},{"type":"Feature","id":"1998194784601819138100000000","properties":{"id":"1998194784601819138100000000","pnu":"1221012100105580001","year":1998,"purpose":"기타","far":10.38,"floors":1,"structure":"일반목구조"},"geometry":{"type":"MultiPolygon","coordinates":[[[[126.943567,35.136374],[126.943627,35.136353],[126.943599,35.136286],[126.94354,35.136299],[126.943567,35.136374]]]]}},{"type":"Feature","id":"1998194794401819260100000000","properties":{"id":"1998194794401819260100000000","pnu":"1221012100105580001","year":1998,"purpose":"기타","far":10.38,"floors":1,"structure":"일반목구조"},"geometry":{"type":"MultiPolygon","coordinates":[[[[126.943595,35.136479],[126.943786,35.136479],[126.943785,35.136397],[126.943594,35.136399],[126.943595,35.136479]]]]}},{"type":"Feature","id":"1998194809221819154000000000","properties":{"id":"1998194809221819154000000000","pnu":"1221012100105580001","year":1998,"purpose":"기타","far":10.38,"floors":1,"structure":"일반목구조"},"geometry":{"type":"MultiPolygon","coordinates":[[[[126.943818,35.136385],[126.943887,35.136386],[126.943885,35.136297],[126.943823,35.1363],[126.943818,35.136385]]]]}},{"type":"Feature","id":"1998194824941819164200000000","properties":{"id":"1998194824941819164200000000","pnu":"1221012100105580001","year":1998,"purpose":"기타","far":10.38,"floors":1,"structure":"일반목구조"},"geometry":{"type":"MultiPolygon","coordinates":[[[[126.943973,35.136402],[126.94407,35.136403],[126.944076,35.136301],[126.943984,35.136301],[126.943973,35.136402]]]]}},{"type":"Feature","id":"1998194842551814794400000000","properties":{"id":"1998194842551814794400000000","pnu":"1221012100106700004","year":1998,"purpose":"제2종 근린생활시설","far":111.43,"floors":4,"structure":"철근콘크리트구조"},"geometry":{"type":"MultiPolygon","coordinates":[[[[126.944131,35.132478],[126.944316,35.132479],[126.944316,35.132438],[126.944305,35.132438],[126.944303,35.132345],[126.944139,35.132346],[126.944131,35.132478]]]]}},{"type":"Feature","id":"1998194974701815493300000000","properties":{"id":"1998194974701815493300000000","pnu":"1221012100106860002","year":1998,"purpose":"단독주택","far":19.25,"floors":1,"structure":"벽돌구조"},"geometry":{"type":"MultiPolygon","coordinates":[[[[126.945575,35.13302],[126.945613,35.133105],[126.945785,35.133045],[126.945762,35.133002],[126.945719,35.133015],[126.94571,35.133003],[126.945684,35.133012],[126.945675,35.133001],[126.945638,35.133015],[126.945628,35.133002],[126.945575,35.13302]]]]}},{"type":"Feature","id":"1998195015331813902900000000","properties":{"id":"1998195015331813902900000000","pnu":"1221012100108380019","year":1998,"purpose":"제2종 근린생활시설"},"geometry":{"type":"MultiPolygon","coordinates":[[[[126.946048,35.131555],[126.946119,35.131678],[126.946196,35.131644],[126.946173,35.131605],[126.946143,35.131616],[126.946095,35.131536],[126.946048,35.131555]]]]}},{"type":"Feature","id":"1999194373261814888700000000","properties":{"id":"1999194373261814888700000000","pnu":"1221012100108760000","year":1999,"purpose":"제2종 근린생활시설","far":53.07,"floors":2,"structure":"철근콘크리트구조"},"geometry":{"type":"MultiPolygon","coordinates":[[[[126.938953,35.132536],[126.939038,35.13254],[126.939039,35.132549],[126.939091,35.13255],[126.939092,35.13254],[126.939184,35.132542],[126.939189,35.132453],[126.938965,35.132447],[126.938953,35.132536]]]]}},{"type":"Feature","id":"2000194715911818232600000000","properties":{"id":"2000194715911818232600000000","pnu":"1221012100105680004","year":2000,"purpose":"기타","far":119.14,"floors":3,"structure":"철근콘크리트구조"},"geometry":{"type":"MultiPolygon","coordinates":[[[[126.942743,35.135447],[126.942737,35.135565],[126.942761,35.135567],[126.942762,35.135596],[126.94284,35.135597],[126.942841,35.13558],[126.942871,35.135579],[126.942872,35.135548],[126.942921,35.135546],[126.942923,35.1355],[126.942942,35.135497],[126.942941,35.135448],[126.942743,35.135447]]]]}},{"type":"Feature","id":"2000194721871818037800000000","properties":{"id":"2000194721871818037800000000","pnu":"1221012100105680000","year":2000,"purpose":"기타","far":56.98,"floors":2,"structure":"일반철골구조"},"geometry":{"type":"MultiPolygon","coordinates":[[[[126.942778,35.135411],[126.943043,35.135417],[126.943044,35.135351],[126.943014,35.135349],[126.943012,35.135312],[126.942988,35.135311],[126.942987,35.135281],[126.942946,35.135279],[126.942946,35.135243],[126.942777,35.135245],[126.942778,35.135411]]]]}},{"type":"Feature","id":"2001194435101812361700000000","properties":{"id":"2001194435101812361700000000","pnu":"1221011900107740000","year":2001,"purpose":"단독주택","far":44.88,"floors":1,"structure":"벽돌구조"},"geometry":{"type":"MultiPolygon","coordinates":[[[[126.939656,35.130214],[126.939677,35.130286],[126.939735,35.130293],[126.93987,35.130182],[126.939829,35.130145],[126.939781,35.130174],[126.939764,35.130157],[126.939656,35.130214]]]]}},{"type":"Feature","id":"2001194598781818288000000000","properties":{"id":"2001194598781818288000000000","pnu":"1221012100105650006","year":2001,"purpose":"제2종 근린생활시설","far":157.73,"floors":3,"structure":"일반철골구조"},"geometry":{"type":"MultiPolygon","coordinates":[[[[126.94148,35.135472],[126.941474,35.135561],[126.94155,35.13562],[126.941624,35.135615],[126.941634,35.135613],[126.941634,35.135583],[126.94148,35.135472]]]]}},{"type":"Feature","id":"2001194935201816763800000000","properties":{"id":"2001194935201816763800000000","pnu":"1221012100105770005","year":2001,"purpose":"단독주택","far":19.89,"floors":1,"structure":"벽돌구조"},"geometry":{"type":"MultiPolygon","coordinates":[[[[126.945137,35.134173],[126.945179,35.13427],[126.945339,35.134201],[126.945297,35.134111],[126.945137,35.134173]]]]}},{"type":"Feature","id":"2001194941031816945100000000","properties":{"id":"2001194941031816945100000000","pnu":"1221012100105770004","year":2001,"purpose":"단독주택","far":19.04,"floors":1,"structure":"벽돌구조"},"geometry":{"type":"MultiPolygon","coordinates":[[[[126.945235,35.134408],[126.94529,35.13439],[126.945292,35.134394],[126.945369,35.134367],[126.945364,35.134356],[126.945381,35.13435],[126.945356,35.134299],[126.945316,35.134312],[126.945312,35.134304],[126.945258,35.134322],[126.945265,35.134337],[126.945246,35.134343],[126.945252,35.134355],[126.945215,35.134368],[126.945235,35.134408]]]]}},{"type":"Feature","id":"2001194955471817110700000000","properties":{"id":"2001194955471817110700000000","pnu":"1221012100105770003","year":2001,"purpose":"단독주택","far":18.54,"floors":1,"structure":"벽돌구조"},"geometry":{"type":"MultiPolygon","coordinates":[[[[126.945362,35.134498],[126.945386,35.134553],[126.945461,35.134529],[126.945468,35.13454],[126.945555,35.13451],[126.945529,35.134453],[126.94548,35.134466],[126.945475,35.134457],[126.945362,35.134498]]]]}},{"type":"Feature","id":"2001195040471813872500000000","properties":{"id":"2001195040471813872500000000","pnu":"1221012100104680003","purpose":"기타","structure":"벽돌구조"},"geometry":{"type":"MultiPolygon","coordinates":[[[[126.946382,35.131614],[126.946427,35.131589],[126.946406,35.131553],[126.94636,35.131578],[126.946382,35.131614]]]]}},{"type":"Feature","id":"2001195062751814343800000000","properties":{"id":"2001195062751814343800000000","pnu":"1221012100104680003","year":2001,"purpose":"제2종 근린생활시설"},"geometry":{"type":"MultiPolygon","coordinates":[[[[126.946392,35.131981],[126.946767,35.132225],[126.946886,35.132108],[126.946748,35.132015],[126.94676,35.132],[126.946674,35.131942],[126.946719,35.131892],[126.946609,35.131773],[126.946392,35.131981]]]]}},{"type":"Feature","id":"2001195072721818987400000000","properties":{"id":"2001195072721818987400000000","pnu":"1221012100105080001","year":2001,"purpose":"단독주택","far":15.99,"floors":2,"structure":"벽돌구조"},"geometry":{"type":"MultiPolygon","coordinates":[[[[126.946621,35.136209],[126.946705,35.136273],[126.946714,35.136268],[126.946736,35.136286],[126.946866,35.136181],[126.946764,35.136098],[126.946621,35.136209]]]]}},{"type":"Feature","id":"2002194715071816989600000000","properties":{"id":"2002194715071816989600000000","pnu":"1221012100105910005","year":2002,"purpose":"제1종 근린생활시설","far":56.51,"floors":1,"structure":"경량철골구조"},"geometry":{"type":"MultiPolygon","coordinates":[[[[126.942798,35.134315],[126.942795,35.134421],[126.942803,35.134422],[126.942804,35.134477],[126.942844,35.134473],[126.942845,35.134313],[126.942798,35.134315]]]]}},{"type":"Feature","id":"2002194745681819300000000000","properties":{"id":"2002194745681819300000000000","pnu":"1221012100105630000","year":2002,"purpose":"단독주택"},"geometry":{"type":"MultiPolygon","coordinates":[[[[126.943085,35.136486],[126.943103,35.136498],[126.94313,35.1365],[126.94313,35.136519],[126.943215,35.13652],[126.943219,35.136438],[126.943092,35.136432],[126.943085,35.136486]]]]}},{"type":"Feature","id":"2002194748231819145900000000","properties":{"id":"2002194748231819145900000000","pnu":"1221012100105630000","year":2002,"purpose":"제2종 근린생활시설","far":25.53,"floors":2,"structure":"철근콘크리트구조"},"geometry":{"type":"MultiPolygon","coordinates":[[[[126.943089,35.136387],[126.943259,35.136401],[126.943277,35.136278],[126.943199,35.136272],[126.943198,35.136291],[126.943174,35.136289],[126.943157,35.136269],[126.943124,35.13627],[126.943102,35.136293],[126.943089,35.136387]]]]}},{"type":"Feature","id":"2002195068611812937700000000","properties":{"id":"2002195068611812937700000000","pnu":"1221012100104620000","year":2002,"purpose":"제2종 근린생활시설","far":28.24,"floors":2,"structure":"철근콘크리트구조"},"geometry":{"type":"MultiPolygon","coordinates":[[[[126.946639,35.130687],[126.946657,35.130757],[126.946639,35.13076],[126.946648,35.130798],[126.946667,35.130795],[126.94667,35.130811],[126.946774,35.130791],[126.94674,35.130667],[126.946639,35.130687]]]]}},{"type":"Feature","id":"2002195081621812853900000000","properties":{"id":"2002195081621812853900000000","pnu":"1221012100104620000","year":2002,"purpose":"제2종 근린생활시설"},"geometry":{"type":"MultiPolygon","coordinates":[[[[126.946788,35.130721],[126.946925,35.130687],[126.946909,35.130612],[126.946764,35.130644],[126.946788,35.130721]]]]}},{"type":"Feature","id":"2002195233691813936800000000","properties":{"id":"2002195233691813936800000000","pnu":"1221012100104380001","year":2002,"purpose":"제2종 근린생활시설","far":23.98,"floors":2,"structure":"일반목구조"},"geometry":{"type":"MultiPolygon","coordinates":[[[[126.948419,35.131591],[126.948465,35.13173],[126.94861,35.131696],[126.948558,35.131552],[126.948419,35.131591]]]]}},{"type":"Feature","id":"2002195247891813986300000000","properties":{"id":"2002195247891813986300000000","pnu":"1221012100104380001","purpose":"기타","floors":1,"structure":"벽돌구조"},"geometry":{"type":"MultiPolygon","coordinates":[[[[126.948661,35.131723],[126.948707,35.131708],[126.948678,35.131651],[126.948632,35.131667],[126.948661,35.131723]]]]}},{"type":"Feature","id":"2003194373851817569100000000","properties":{"id":"2003194373851817569100000000","pnu":"1221012200102570018","year":2003,"purpose":"제2종 근린생활시설"},"geometry":{"type":"MultiPolygon","coordinates":[[[[126.939023,35.134806],[126.939006,35.134814],[126.938998,35.134824],[126.938994,35.134841],[126.938996,35.134855],[126.939004,35.134866],[126.939022,35.134873],[126.939031,35.134872],[126.93904,35.134881],[126.939032,35.134885],[126.939029,35.134894],[126.939026,35.134902],[126.93902,35.134901],[126.938999,35.134901],[126.938986,35.134909],[126.938981,35.134921],[126.938983,35.134939],[126.938992,35.134949],[126.939007,35.134952],[126.939024,35.134949],[126.93903,35.134942],[126.939041,35.134957],[126.939053,35.134965],[126.939047,35.134972],[126.939044,35.134987],[126.939049,35.135002],[126.939066,35.135015],[126.939087,35.135021],[126.939115,35.135017],[126.939143,35.135008],[126.939152,35.134994],[126.939155,35.134978],[126.939141,35.134958],[126.939153,35.134952],[126.939162,35.134934],[126.939161,35.134912],[126.939152,35.134891],[126.939133,35.134871],[126.939119,35.134866],[126.939127,35.134852],[126.939126,35.134836],[126.93911,35.134822],[126.939093,35.134817],[126.93907,35.134819],[126.939063,35.134825],[126.939061,35.134816],[126.939049,35.134806],[126.939037,35.134804],[126.939023,35.134806]]]]}},{"type":"Feature","id":"2003194456601818069700000000","properties":{"id":"2003194456601818069700000000","pnu":"1221012200102530000","year":2003,"purpose":"제2종 근린생활시설","far":90.695,"floors":3,"structure":"철근콘크리트구조"},"geometry":{"type":"MultiPolygon","coordinates":[[[[126.939839,35.135368],[126.939992,35.135425],[126.939986,35.135436],[126.94,35.135441],[126.939991,35.135459],[126.940032,35.135502],[126.940088,35.135401],[126.940083,35.135398],[126.940091,35.135383],[126.940049,35.135367],[126.940077,35.135274],[126.939998,35.135258],[126.939966,35.135315],[126.939974,35.135318],[126.93997,35.135326],[126.939941,35.135314],[126.93994,35.135317],[126.939873,35.135292],[126.939851,35.135331],[126.939859,35.135334],[126.939839,35.135368]]]]}},{"type":"Feature","id":"2003194671281818603500000000","properties":{"id":"2003194671281818603500000000","pnu":"1221012100105650007","year":2003,"purpose":"단독주택"},"geometry":{"type":"MultiPolygon","coordinates":[[[[126.942302,35.135828],[126.942359,35.135879],[126.942379,35.135864],[126.942322,35.135813],[126.942302,35.135828]]]]}},{"type":"Feature","id":"2003194732681818349700000000","properties":{"id":"2003194732681818349700000000","pnu":"1221012100105660003","year":2003,"purpose":"제2종 근린생활시설","far":10.86,"floors":1,"structure":"벽돌구조"},"geometry":{"type":"MultiPolygon","coordinates":[[[[126.942991,35.135675],[126.943027,35.135677],[126.943037,35.13556],[126.943001,35.135558],[126.942991,35.135675]]]]}},{"type":"Feature","id":"2003194750601814315500000000","properties":{"id":"2003194750601814315500000000","pnu":"1221012100106490007","year":2003,"purpose":"제1종 근린생활시설","far":66.93,"floors":4,"structure":"일반철골구조"},"geometry":{"type":"MultiPolygon","coordinates":[[[[126.943347,35.132048],[126.943346,35.131968],[126.943277,35.131969],[126.943249,35.131934],[126.943218,35.131944],[126.94317,35.131879],[126.943076,35.13193],[126.943164,35.132049],[126.943192,35.132034],[126.943207,35.132052],[126.943347,35.132048]]]]}},{"type":"Feature","id":"2003194780321814341400000000","properties":{"id":"2003194780321814341400000000","pnu":"1221012100106590001","year":2003,"purpose":"제2종 근린생활시설","far":149.595,"floors":3,"structure":"일반철골구조"},"geometry":{"type":"MultiPolygon","coordinates":[[[[126.943591,35.132053],[126.9436,35.131944],[126.943559,35.131943],[126.943467,35.132],[126.943467,35.132051],[126.943591,35.132053]]]]}},{"type":"Feature","id":"2003194861831816215500000000","properties":{"id":"2003194861831816215500000000","pnu":"1221012100105820000","year":2003,"purpose":"공동주택","far":200.195,"floors":7,"structure":"철근콘크리트구조"},"geometry":{"type":"MultiPolygon","coordinates":[[[[126.944188,35.13355],[126.94429,35.133647],[126.944299,35.13364],[126.94436,35.133695],[126.94435,35.133704],[126.944448,35.133791],[126.944422,35.133809],[126.944465,35.133851],[126.944452,35.133858],[126.944528,35.133922],[126.944542,35.133911],[126.944563,35.133926],[126.944634,35.133867],[126.944609,35.133839],[126.944626,35.133821],[126.944539,35.133736],[126.94457,35.13371],[126.944528,35.133676],[126.944545,35.133661],[126.94436,35.133504],[126.944331,35.133522],[126.944306,35.133497],[126.944277,35.13352],[126.944248,35.1335],[126.944188,35.13355]]]]}},{"type":"Feature","id":"2003194862101814798200000000","properties":{"id":"2003194862101814798200000000","pnu":"1221012100108590007","year":2003,"purpose":"제2종 근린생활시설","far":105.85,"floors":3,"structure":"철근콘크리트구조"},"geometry":{"type":"MultiPolygon","coordinates":[[[[126.944547,35.132405],[126.94451,35.132404],[126.944511,35.132361],[126.944445,35.13236],[126.944446,35.132339],[126.944379,35.132338],[126.944377,35.132407],[126.944341,35.132406],[126.944339,35.132466],[126.944358,35.132466],[126.944358,35.132484],[126.944434,35.132486],[126.944434,35.132481],[126.944457,35.132481],[126.944457,35.132457],[126.944545,35.132459],[126.944547,35.132405]]]]}},{"type":"Feature","id":"2003194870291816085500000000","properties":{"id":"2003194870291816085500000000","pnu":"1221012100105820000","year":2003,"purpose":"공동주택"},"geometry":{"type":"MultiPolygon","coordinates":[[[[126.944525,35.133582],[126.944526,35.133582],[126.944527,35.133582],[126.944528,35.133581],[126.944529,35.133581],[126.944529,35.13358],[126.94453,35.13358],[126.94453,35.133579],[126.944531,35.133578],[126.944531,35.133577],[126.944531,35.133577],[126.94453,35.133576],[126.94453,35.133575],[126.944529,35.133575],[126.944529,35.133574],[126.944528,35.133574],[126.944527,35.133573],[126.944526,35.133573],[126.944525,35.133573],[126.944524,35.133573],[126.944523,35.133573],[126.944523,35.133574],[126.944522,35.133574],[126.944521,35.133575],[126.944521,35.133575],[126.94452,35.133576],[126.94452,35.133577],[126.94452,35.133577],[126.94452,35.133578],[126.94452,35.133579],[126.944521,35.13358],[126.944521,35.13358],[126.944522,35.133581],[126.944523,35.133581],[126.944523,35.133582],[126.944524,35.133582],[126.944525,35.133582]]]]}},{"type":"Feature","id":"2003195219031813019200000000","properties":{"id":"2003195219031813019200000000","pnu":"1221012100104550000","year":2003,"purpose":"기타","far":25.87,"floors":2,"structure":"일반철골구조"},"geometry":{"type":"MultiPolygon","coordinates":[[[[126.948279,35.130933],[126.94845,35.130885],[126.948467,35.130844],[126.948442,35.13078],[126.948487,35.130768],[126.948459,35.130701],[126.948211,35.130769],[126.948279,35.130933]]]]}},{"type":"Feature","id":"2004194464861817775200000000","properties":{"id":"2004194464861817775200000000","pnu":"1221012200102540001","year":2004,"purpose":"단독주택","far":147.59,"floors":3,"structure":"철근콘크리트구조"},"geometry":{"type":"MultiPolygon","coordinates":[[[[126.939992,35.135064],[126.939989,35.135096],[126.939981,35.135096],[126.93998,35.135134],[126.940032,35.135135],[126.940032,35.135143],[126.940089,35.135151],[126.94009,35.135113],[126.940134,35.135114],[126.940135,35.135101],[126.940189,35.135103],[126.940207,35.135089],[126.940208,35.13507],[126.939992,35.135064]]]]}},{"type":"Feature","id":"2004194481111817572300000000","properties":{"id":"2004194481111817572300000000","pnu":"1221012200102540003","year":2004,"purpose":"제2종 근린생활시설","far":57.07,"floors":2,"structure":"경량철골구조"},"geometry":{"type":"MultiPolygon","coordinates":[[[[126.940372,35.134849],[126.940197,35.134843],[126.940194,35.134896],[126.940138,35.134894],[126.940134,35.134979],[126.940306,35.134984],[126.940357,35.134933],[126.940372,35.134849]]]]}},{"type":"Feature","id":"2004194487451814714100000000","properties":{"id":"2004194487451814714100000000","pnu":"1221012100108920000","year":2004,"purpose":"제1종 근린생활시설","far":198.73,"floors":4,"structure":"철근콘크리트구조"},"geometry":{"type":"MultiPolygon","coordinates":[[[[126.940202,35.132416],[126.940552,35.132324],[126.94055,35.132299],[126.940162,35.132299],[126.940202,35.132416]]]]}},{"type":"Feature","id":"2004194978481813001000000000","properties":{"id":"2004194978481813001000000000","pnu":"1221012100107000000","year":2004,"purpose":"기타","far":58.524654,"floors":3,"structure":"철골콘크리트구조"},"geometry":{"type":"MultiPolygon","coordinates":[[[[126.946023,35.1309],[126.946035,35.130819],[126.946099,35.130825],[126.946109,35.130762],[126.945389,35.130686],[126.945366,35.13083],[126.945554,35.13085],[126.945546,35.130902],[126.945661,35.130914],[126.945669,35.130862],[126.946023,35.1309]]]]}},{"type":"Feature","id":"2005194376361817106100000000","properties":{"id":"2005194376361817106100000000","pnu":"1221012100106100000","year":2005,"purpose":"제2종 근린생활시설","far":148.96,"floors":3,"structure":"일반철골구조"},"geometry":{"type":"MultiPolygon","coordinates":[[[[126.939159,35.134465],[126.939122,35.134434],[126.939058,35.134434],[126.939058,35.134459],[126.939051,35.134459],[126.939051,35.134479],[126.939059,35.134479],[126.939059,35.13455],[126.939149,35.134557],[126.939159,35.134465]]]]}},{"type":"Feature","id":"2005194900271816944800000000","properties":{"id":"2005194900271816944800000000","pnu":"1221012100105800000","year":2005,"purpose":"단독주택","far":31.78,"floors":2,"structure":"철근콘크리트구조"},"geometry":{"type":"MultiPolygon","coordinates":[[[[126.944768,35.134308],[126.944796,35.134349],[126.944796,35.13435],[126.944797,35.13435],[126.944809,35.134367],[126.944819,35.134363],[126.94483,35.134368],[126.944843,35.134352],[126.944855,35.134359],[126.944842,35.134375],[126.94491,35.134413],[126.944942,35.134375],[126.944817,35.134305],[126.944807,35.13429],[126.944768,35.134308]]]]}},{"type":"Feature","id":"2005194913581815100900000000","properties":{"id":"2005194913581815100900000000","pnu":"1221012100106890000","year":2005,"purpose":"공동주택"},"geometry":{"type":"MultiPolygon","coordinates":[[[[126.945037,35.132732],[126.945047,35.132651],[126.944987,35.132646],[126.944985,35.132663],[126.944959,35.132661],[126.944952,35.132725],[126.945037,35.132732]]]]}},{"type":"Feature","id":"2005194946131814886900000000","properties":{"id":"2005194946131814886900000000","pnu":"1221012100106890000","year":2005,"purpose":"공동주택","far":240.47,"floors":12,"structure":"철근콘크리트구조"},"geometry":{"type":"MultiPolygon","coordinates":[[[[126.945797,35.132449],[126.944929,35.132429],[126.944928,35.132552],[126.945196,35.132556],[126.945199,35.132529],[126.945247,35.132531],[126.945248,35.132552],[126.945325,35.132554],[126.945325,35.132565],[126.945397,35.132568],[126.945398,35.132555],[126.945478,35.132557],[126.945479,35.132534],[126.945519,35.132535],[126.945519,35.132559],[126.945795,35.132565],[126.945797,35.132449]]]]}},{"type":"Feature","id":"2005195073081813178900000000","properties":{"id":"2005195073081813178900000000","pnu":"1221012100104630006","year":2005,"purpose":"기타","far":19.32,"floors":1,"structure":"일반철골구조"},"geometry":{"type":"MultiPolygon","coordinates":[[[[126.946831,35.131033],[126.946785,35.130857],[126.946678,35.130876],[126.946712,35.131006],[126.946689,35.13101],[126.946701,35.131056],[126.946831,35.131033]]]]}},{"type":"Feature","id":"2006194375081817805900000000","properties":{"id":"2006194375081817805900000000","pnu":"1221012200102500006","year":2006,"purpose":"기타","far":111.74,"floors":3,"structure":"철근콘크리트구조"},"geometry":{"type":"MultiPolygon","coordinates":[[[[126.939023,35.135194],[126.939076,35.135187],[126.939078,35.135198],[126.93917,35.135186],[126.939152,35.13505],[126.93901,35.135068],[126.939023,35.135194]]]]}},{"type":"Feature","id":"2006194547551817211900000000","properties":{"id":"2006194547551817211900000000","pnu":"1221012100105980000","year":2006,"purpose":"공동주택"},"geometry":{"type":"MultiPolygon","coordinates":[[[[126.940967,35.134608],[126.94101,35.134593],[126.940999,35.134574],[126.940957,35.134589],[126.940967,35.134608]]]]}},{"type":"Feature","id":"2006194550351817448200000000","properties":{"id":"2006194550351817448200000000","pnu":"1221012100105980000","year":2006,"purpose":"공동주택","floors":13,"structure":"철근콘크리트구조"},"geometry":{"type":"MultiPolygon","coordinates":[[[[126.941235,35.134637],[126.941131,35.134641],[126.941124,35.134677],[126.941065,35.134675],[126.941061,35.134693],[126.941005,35.13469],[126.94099,35.134752],[126.940865,35.13475],[126.940863,35.134745],[126.940751,35.13474],[126.940747,35.134759],[126.940708,35.134758],[126.940701,35.134793],[126.940658,35.13479],[126.940651,35.13486],[126.940669,35.134861],[126.940666,35.134898],[126.940795,35.134905],[126.940795,35.134888],[126.940968,35.134885],[126.940967,35.134875],[126.941058,35.134879],[126.941064,35.134818],[126.941096,35.134818],[126.941089,35.134869],[126.941188,35.134948],[126.941256,35.134948],[126.941313,35.134893],[126.941309,35.134878],[126.941247,35.134828],[126.941251,35.13465],[126.941235,35.134648],[126.941235,35.134637]]]]}},{"type":"Feature","id":"2006194581581817163700000000","properties":{"id":"2006194581581817163700000000","pnu":"1221012100105980000","year":2006,"purpose":"공동주택"},"geometry":{"type":"MultiPolygon","coordinates":[[[[126.941328,35.134565],[126.941391,35.134562],[126.941391,35.134549],[126.941368,35.134529],[126.941331,35.134528],[126.941328,35.134565]]]]}},{"type":"Feature","id":"2007194729731817651100000000","properties":{"id":"2007194729731817651100000000","pnu":"1221012100105700000","year":2007,"purpose":"공동주택","far":170.6,"floors":10,"structure":"철근콘크리트구조"},"geometry":{"type":"MultiPolygon","coordinates":[[[[126.942809,35.13491],[126.942806,35.135011],[126.942829,35.135012],[126.94283,35.135027],[126.942939,35.135042],[126.94294,35.135069],[126.943089,35.135074],[126.94309,35.135063],[126.943128,35.135066],[126.94313,35.13505],[126.943157,35.135049],[126.94316,35.135046],[126.943161,35.135042],[126.943161,35.135035],[126.94316,35.135029],[126.943159,35.135026],[126.943159,35.135025],[126.943161,35.134952],[126.943113,35.134948],[126.943108,35.13494],[126.943106,35.134936],[126.943097,35.134931],[126.943092,35.13493],[126.943086,35.134931],[126.94308,35.134932],[126.943075,35.134933],[126.943071,35.134936],[126.943067,35.13494],[126.942988,35.134939],[126.942988,35.134907],[126.94292,35.134907],[126.942916,35.1349],[126.94291,35.134897],[126.942899,35.134894],[126.942887,35.134894],[126.94287,35.134896],[126.942866,35.134898],[126.942862,35.134899],[126.942858,35.134902],[126.942858,35.134914],[126.942809,35.13491]]]]}},{"type":"Feature","id":"2008194373091816846400000000","properties":{"id":"2008194373091816846400000000","pnu":"1221012100106100002","year":2008,"purpose":"제1종 근린생활시설","far":78.73,"floors":1,"structure":"경량철골구조"},"geometry":{"type":"MultiPolygon","coordinates":[[[[126.939035,35.134332],[126.939097,35.134335],[126.93911,35.13419],[126.939049,35.134186],[126.939047,35.134205],[126.939041,35.134205],[126.939039,35.134232],[126.939034,35.134231],[126.939029,35.134285],[126.939034,35.134285],[126.939032,35.134312],[126.939037,35.134313],[126.939035,35.134332]]]]}},{"type":"Feature","id":"2008194500371815819000000000","properties":{"id":"2008194500371815819000000000","pnu":"1221012100106190000","year":2008,"purpose":"기타","far":76.37,"floors":6,"structure":"철골콘크리트구조"},"geometry":{"type":"MultiPolygon","coordinates":[[[[126.94004,35.132927],[126.940036,35.133351],[126.940183,35.133441],[126.940352,35.133517],[126.940499,35.133573],[126.940618,35.133612],[126.940603,35.133648],[126.940708,35.133684],[126.940834,35.133711],[126.940997,35.133739],[126.941008,35.133692],[126.941116,35.133705],[126.941308,35.133714],[126.941312,35.133604],[126.941144,35.133599],[126.94096,35.133577],[126.940751,35.133541],[126.940563,35.133478],[126.940401,35.133415],[126.940261,35.133346],[126.940289,35.133311],[126.940465,35.133395],[126.940489,35.132942],[126.94004,35.132927]]]]}},{"type":"Feature","id":"2008194713901817895600000000","properties":{"id":"2008194713901817895600000000","pnu":"1221012100105680000","year":2008,"purpose":"기타","structure":"철근콘크리트구조"},"geometry":{"type":"MultiPolygon","coordinates":[[[[126.942758,35.135231],[126.942856,35.135233],[126.942858,35.135186],[126.942761,35.135183],[126.942758,35.135231]]]]}},{"type":"Feature","id":"2008194726501818851400000000","properties":{"id":"2008194726501818851400000000","pnu":"1221012100105670000","year":2008,"purpose":"단독주택","far":13.49,"floors":1,"structure":"철근콘크리트구조"},"geometry":{"type":"MultiPolygon","coordinates":[[[[126.94303,35.136147],[126.943039,35.136002],[126.942899,35.135995],[126.942898,35.136014],[126.942861,35.136012],[126.94286,35.136032],[126.942837,35.136031],[126.942834,35.136083],[126.942856,35.136084],[126.942855,35.1361],[126.942878,35.136101],[126.942875,35.13614],[126.94303,35.136147]]]]}},{"type":"Feature","id":"2008194732301819082300000000","properties":{"id":"2008194732301819082300000000","pnu":"1221012100105670000","year":2008,"purpose":"단독주택","structure":"철근콘크리트구조"},"geometry":{"type":"MultiPolygon","coordinates":[[[[126.943009,35.136282],[126.94301,35.136282],[126.943011,35.136282],[126.943012,35.136282],[126.943013,35.136281],[126.943013,35.136281],[126.943014,35.13628],[126.943014,35.136279],[126.943015,35.136279],[126.943015,35.136278],[126.943015,35.136277],[126.943014,35.136276],[126.943014,35.136276],[126.943013,35.136275],[126.943013,35.136274],[126.943012,35.136274],[126.943011,35.136274],[126.94301,35.136273],[126.943009,35.136273],[126.943008,35.136273],[126.943007,35.136274],[126.943007,35.136274],[126.943006,35.136274],[126.943005,35.136275],[126.943005,35.136276],[126.943004,35.136276],[126.943004,35.136277],[126.943004,35.136278],[126.943004,35.136279],[126.943004,35.136279],[126.943005,35.13628],[126.943005,35.136281],[126.943006,35.136281],[126.943007,35.136282],[126.943007,35.136282],[126.943008,35.136282],[126.943009,35.136282]]]]}},{"type":"Feature","id":"2008194861891813341900000000","properties":{"id":"2008194861891813341900000000","pnu":"1221012100106660011","year":2008,"purpose":"단독주택","far":21.1288,"floors":1,"structure":"경량철골구조"},"geometry":{"type":"MultiPolygon","coordinates":[[[[126.944364,35.131145],[126.944497,35.131148],[126.944498,35.131109],[126.944521,35.13111],[126.944522,35.131074],[126.94442,35.13107],[126.944421,35.131056],[126.944367,35.131055],[126.944364,35.131145]]]]}},{"type":"Feature","id":"2008194978491815219100000000","properties":{"id":"2008194978491815219100000000","pnu":"1221012100104750004","year":2008,"purpose":"단독주택","far":35.37,"floors":3,"structure":"철근콘크리트구조"},"geometry":{"type":"MultiPolygon","coordinates":[[[[126.945621,35.132846],[126.945758,35.132849],[126.945812,35.132812],[126.945813,35.132752],[126.945624,35.132748],[126.945621,35.132846]]]]}},{"type":"Feature","id":"2009194492961814291700000000","properties":{"id":"2009194492961814291700000000","pnu":"1221011900107610003","year":2009,"purpose":"공동주택","floors":10,"structure":"철근콘크리트구조"},"geometry":{"type":"MultiPolygon","coordinates":[[[[126.940753,35.131882],[126.940015,35.1319],[126.94002,35.132035],[126.940758,35.132018],[126.940753,35.131882]]]]}},{"type":"Feature","id":"2009194591531813802100000000","properties":{"id":"2009194591531813802100000000","pnu":"1221011900107610003","year":2009,"purpose":"공동주택","floors":10,"structure":"철근콘크리트구조"},"geometry":{"type":"MultiPolygon","coordinates":[[[[126.940972,35.131722],[126.941071,35.131836],[126.941964,35.131314],[126.941865,35.1312],[126.940972,35.131722]]]]}},{"type":"Feature","id":"2009194641821813539000000000","properties":{"id":"2009194641821813539000000000","pnu":"1221011900107610003","year":2009,"purpose":"공동주택"},"geometry":{"type":"MultiPolygon","coordinates":[[[[126.941973,35.131276],[126.941983,35.131305],[126.942067,35.131286],[126.942057,35.131256],[126.941973,35.131276]]]]}},{"type":"Feature","id":"2009194649051813521000000000","properties":{"id":"2009194649051813521000000000","pnu":"1221011900107610003","year":2009,"purpose":"공동주택"},"geometry":{"type":"MultiPolygon","coordinates":[[[[126.942064,35.131259],[126.942083,35.131291],[126.942135,35.13127],[126.942116,35.131239],[126.942064,35.131259]]]]}},{"type":"Feature","id":"2009194846401813778800000000","properties":{"id":"2009194846401813778800000000","pnu":"1221012100106660005","year":2009,"purpose":"단독주택","far":39.79,"floors":1,"structure":"철근콘크리트구조"},"geometry":{"type":"MultiPolygon","coordinates":[[[[126.944177,35.131522],[126.944214,35.131522],[126.944214,35.131538],[126.944339,35.131538],[126.944338,35.131453],[126.944286,35.131453],[126.944286,35.131465],[126.94418,35.131466],[126.944181,35.131495],[126.944177,35.131495],[126.944177,35.131522]]]]}},{"type":"Feature","id":"2009194862391813895100000000","properties":{"id":"2009194862391813895100000000","pnu":"1221012100106660004","year":2009,"purpose":"단독주택","far":136.12,"floors":4,"structure":"철근콘크리트구조"},"geometry":{"type":"MultiPolygon","coordinates":[[[[126.944351,35.131665],[126.944522,35.131669],[126.944526,35.13154],[126.944355,35.131537],[126.944354,35.131563],[126.944368,35.131563],[126.944368,35.131589],[126.944353,35.131589],[126.944351,35.131665]]]]}},{"type":"Feature","id":"2009194866611814274100000000","properties":{"id":"2009194866611814274100000000","pnu":"1221012100106610006","year":2009,"purpose":"제2종 근린생활시설","far":58.0799,"floors":2,"structure":"경량철골구조"},"geometry":{"type":"MultiPolygon","coordinates":[[[[126.944441,35.131975],[126.944529,35.131977],[126.944531,35.131914],[126.944443,35.131912],[126.944441,35.131975]]]]}},{"type":"Feature","id":"2009194868621814273200000000","properties":{"id":"2009194868621814273200000000","pnu":"1221012100106610006","year":2009,"purpose":"제2종 근린생활시설","far":58.0799,"floors":2,"structure":"경량철골구조"},"geometry":{"type":"MultiPolygon","coordinates":[[[[126.944438,35.131978],[126.944576,35.13198],[126.944578,35.13191],[126.94444,35.131907],[126.944438,35.131978]]]]}},{"type":"Feature","id":"2009194891251813343000000000","properties":{"id":"2009194891251813343000000000","pnu":"1221012100106670011","year":2009,"purpose":"단독주택","far":119.42,"floors":2,"structure":"철근콘크리트구조"},"geometry":{"type":"MultiPolygon","coordinates":[[[[126.944681,35.13115],[126.944824,35.131153],[126.944828,35.131058],[126.944723,35.131055],[126.944683,35.131086],[126.944681,35.13115]]]]}},{"type":"Feature","id":"2009194927821814282700000000","properties":{"id":"2009194927821814282700000000","pnu":"1221012100106610010","year":2009,"purpose":"제2종 근린생활시설"},"geometry":{"type":"MultiPolygon","coordinates":[[[[126.945084,35.13199],[126.94523,35.131993],[126.945232,35.131915],[126.945086,35.131913],[126.945084,35.13199]]]]}},{"type":"Feature","id":"2009195033501812943200000000","properties":{"id":"2009195033501812943200000000","pnu":"1221012100107000000","year":2009,"purpose":"기타"},"geometry":{"type":"MultiPolygon","coordinates":[[[[126.946407,35.130769],[126.946391,35.130699],[126.946229,35.130723],[126.946244,35.130793],[126.946407,35.130769]]]]}},{"type":"Feature","id":"2010194801271813326800000000","properties":{"id":"2010194801271813326800000000","pnu":"1221012100106650011","year":2010,"purpose":"제2종 근린생활시설","far":57.5361,"floors":1,"structure":"경량철골구조"},"geometry":{"type":"MultiPolygon","coordinates":[[[[126.943686,35.131127],[126.94385,35.131131],[126.943853,35.131054],[126.943689,35.13105],[126.943686,35.131127]]]]}},{"type":"Feature","id":"2010194815831814039200000000","properties":{"id":"2010194815831814039200000000","pnu":"1221012100106650002","year":2010,"purpose":"단독주택"},"geometry":{"type":"MultiPolygon","coordinates":[[[[126.94399,35.131781],[126.943992,35.131748],[126.944009,35.131748],[126.944011,35.131691],[126.943972,35.13169],[126.943856,35.131687],[126.943852,35.131777],[126.94399,35.131781]]]]}},{"type":"Feature","id":"2010194881991814322600000000","properties":{"id":"2010194881991814322600000000","pnu":"1221012100106610007","year":2010,"purpose":"제2종 근린생활시설","far":99.3913,"floors":2,"structure":"철근콘크리트구조"},"geometry":{"type":"MultiPolygon","coordinates":[[[[126.944586,35.132037],[126.94472,35.13204],[126.944723,35.13194],[126.94459,35.131936],[126.944586,35.132037]]]]}},{"type":"Feature","id":"2010194907531813770400000000","properties":{"id":"2010194907531813770400000000","pnu":"1221012100106670006","year":2010,"purpose":"단독주택","far":160.6882,"floors":3,"structure":"철근콘크리트구조"},"geometry":{"type":"MultiPolygon","coordinates":[[[[126.944846,35.131528],[126.945021,35.131533],[126.945024,35.131453],[126.94485,35.131449],[126.944846,35.131528]]]]}},{"type":"Feature","id":"2010194908431813325500000000","properties":{"id":"2010194908431813325500000000","pnu":"1221012100106670012","year":2010,"purpose":"단독주택","far":149.37,"floors":3,"structure":"철근콘크리트구조"},"geometry":{"type":"MultiPolygon","coordinates":[[[[126.94486,35.131125],[126.945036,35.131131],[126.945038,35.131085],[126.944999,35.13105],[126.944862,35.131047],[126.94486,35.131099],[126.944861,35.131099],[126.94486,35.131125]]]]}},{"type":"Feature","id":"2010194933801813795000000000","properties":{"id":"2010194933801813795000000000","pnu":"1221012100106680003","year":2010,"purpose":"제2종 근린생활시설","far":117.22,"floors":2,"structure":"일반철골구조"},"geometry":{"type":"MultiPolygon","coordinates":[[[[126.945142,35.131554],[126.945309,35.131558],[126.945309,35.131558],[126.945311,35.131504],[126.94531,35.131504],[126.94529,35.131503],[126.945291,35.131472],[126.945252,35.131471],[126.945252,35.131465],[126.945191,35.131463],[126.945191,35.13147],[126.945145,35.131469],[126.945142,35.131554]]]]}},{"type":"Feature","id":"2010194934081813474400000000","properties":{"id":"2010194934081813474400000000","pnu":"1221012100106680005","year":2010,"purpose":"제2종 근린생활시설","far":111.3323,"floors":2,"structure":"철근콘크리트구조"},"geometry":{"type":"MultiPolygon","coordinates":[[[[126.945314,35.131275],[126.945315,35.131204],[126.945301,35.131204],[126.945293,35.13119],[126.945278,35.131179],[126.945259,35.131175],[126.945259,35.131169],[126.945148,35.131168],[126.945147,35.131274],[126.945314,35.131275]]]]}},{"type":"Feature","id":"2010194934921814073600000000","properties":{"id":"2010194934921814073600000000","pnu":"1221012100106680001","year":2010,"purpose":"단독주택"},"geometry":{"type":"MultiPolygon","coordinates":[[[[126.945161,35.131814],[126.945307,35.131817],[126.94531,35.131715],[126.945165,35.131711],[126.945161,35.131814],[126.945161,35.131814]]]]}},{"type":"Feature","id":"2011194801101814041500000000","properties":{"id":"2011194801101814041500000000","pnu":"1221012100106650001","year":2011,"purpose":"단독주택","far":144.85,"floors":3,"structure":"철근콘크리트구조"},"geometry":{"type":"MultiPolygon","coordinates":[[[[126.943689,35.131749],[126.9437,35.131749],[126.943699,35.131779],[126.943838,35.131783],[126.943842,35.131694],[126.943814,35.131693],[126.943814,35.131687],[126.943759,35.131685],[126.943759,35.131692],[126.943692,35.13169],[126.943689,35.131749]]]]}},{"type":"Feature","id":"2011194841181814313800000000","properties":{"id":"2011194841181814313800000000","pnu":"1221012100106610004","year":2011,"purpose":"단독주택","far":149.06,"floors":3,"structure":"철근콘크리트구조"},"geometry":{"type":"MultiPolygon","coordinates":[[[[126.944135,35.132035],[126.944275,35.132039],[126.944279,35.131926],[126.944139,35.131922],[126.944138,35.13195],[126.944138,35.13195],[126.944135,35.132035]]]]}},{"type":"Feature","id":"2012194612421816973100000000","properties":{"id":"2012194612421816973100000000","pnu":"1221012100105890001","year":2012,"purpose":"제1종 근린생활시설","far":49.27,"floors":1,"structure":"철근콘크리트구조"},"geometry":{"type":"MultiPolygon","coordinates":[[[[126.941809,35.134461],[126.941813,35.134369],[126.941764,35.134367],[126.941766,35.134311],[126.941799,35.134312],[126.9418,35.13429],[126.941624,35.134284],[126.941595,35.134306],[126.941588,35.134453],[126.941809,35.134461]]]]}},{"type":"Feature","id":"2012194696841814002200000000","properties":{"id":"2012194696841814002200000000","pnu":"1221012100106640004","year":2012,"purpose":"단독주택","far":118.87,"floors":2,"structure":"일반목구조"},"geometry":{"type":"MultiPolygon","coordinates":[[[[126.942627,35.131774],[126.942711,35.131722],[126.94262,35.131623],[126.942536,35.131675],[126.942627,35.131774]]]]}},{"type":"Feature","id":"2012194796811814302700000000","properties":{"id":"2012194796811814302700000000","pnu":"1221012100106610001","year":2012,"purpose":"단독주택","far":146.11,"floors":3,"structure":"철근콘크리트구조"},"geometry":{"type":"MultiPolygon","coordinates":[[[[126.94365,35.132021],[126.943785,35.132024],[126.943791,35.131919],[126.943654,35.131917],[126.94365,35.132021]]]]}},{"type":"Feature","id":"2012194801351813884600000000","properties":{"id":"2012194801351813884600000000","pnu":"1221012100106650003","year":2012,"purpose":"단독주택","far":149.0349,"floors":3,"structure":"철근콘크리트구조"},"geometry":{"type":"MultiPolygon","coordinates":[[[[126.943691,35.131632],[126.943786,35.131635],[126.943785,35.131647],[126.943809,35.131648],[126.943809,35.131649],[126.943841,35.13165],[126.943845,35.131548],[126.943787,35.131547],[126.943787,35.131548],[126.94374,35.131547],[126.943741,35.131545],[126.943694,35.131544],[126.943691,35.131632]]]]}},{"type":"Feature","id":"2012194814991813589200000000","properties":{"id":"2012194814991813589200000000","pnu":"1221012100106650008","year":2012,"purpose":"단독주택","far":140.61,"floors":3,"structure":"철근콘크리트구조"},"geometry":{"type":"MultiPolygon","coordinates":[[[[126.943868,35.131271],[126.943865,35.13138],[126.943972,35.131383],[126.943975,35.131274],[126.943868,35.131271]]]]}},{"type":"Feature","id":"2012194888921814068300000000","properties":{"id":"2012194888921814068300000000","pnu":"1221012100106670001","year":2012,"purpose":"단독주택","far":149.71,"floors":3,"structure":"철근콘크리트구조"},"geometry":{"type":"MultiPolygon","coordinates":[[[[126.944807,35.131716],[126.944662,35.131711],[126.944662,35.131711],[126.944655,35.131711],[126.944652,35.131777],[126.944685,35.131806],[126.944803,35.13181],[126.944803,35.131804],[126.944803,35.131804],[126.944807,35.131716]]]]}},{"type":"Feature","id":"2012194969771814356400000000","properties":{"id":"2012194969771814356400000000","pnu":"1221012100106610013","year":2012,"purpose":"제1종 근린생활시설"},"geometry":{"type":"MultiPolygon","coordinates":[[[[126.94556,35.132046],[126.945673,35.132049],[126.945675,35.131992],[126.945562,35.131989],[126.94556,35.132046]]]]}},{"type":"Feature","id":"2013194675081813935300000000","properties":{"id":"2013194675081813935300000000","pnu":"1221012100106640001","year":2013,"purpose":"단독주택","far":147.84,"floors":3,"structure":"철근콘크리트구조"},"geometry":{"type":"MultiPolygon","coordinates":[[[[126.942318,35.131658],[126.942364,35.131707],[126.942467,35.131643],[126.942399,35.131569],[126.942325,35.131615],[126.942318,35.131658]]]]}},{"type":"Feature","id":"2013194698951813756900000000","properties":{"id":"2013194698951813756900000000","pnu":"1221012100106640005","year":2013,"purpose":"단독주택","far":127.12,"floors":3,"structure":"철근콘크리트구조"},"geometry":{"type":"MultiPolygon","coordinates":[[[[126.942638,35.131546],[126.942729,35.131489],[126.942656,35.131409],[126.942564,35.131467],[126.942638,35.131546]]]]}},{"type":"Feature","id":"2013194721931813815500000000","properties":{"id":"2013194721931813815500000000","pnu":"1221012100106640008","year":2013,"purpose":"단독주택","far":149.65,"floors":4,"structure":"철근콘크리트구조"},"geometry":{"type":"MultiPolygon","coordinates":[[[[126.94281,35.131503],[126.942904,35.131608],[126.942981,35.131561],[126.942955,35.131534],[126.942974,35.131529],[126.942923,35.131476],[126.942908,35.131483],[126.942882,35.131459],[126.94281,35.131503]]]]}},{"type":"Feature","id":"2013194819071813445600000000","properties":{"id":"2013194819071813445600000000","pnu":"1221012100106650010","year":2013,"purpose":"단독주택","far":116.26,"floors":2,"structure":"철근콘크리트구조"},"geometry":{"type":"MultiPolygon","coordinates":[[[[126.943892,35.131243],[126.944038,35.131242],[126.944037,35.131152],[126.943892,35.131153],[126.943892,35.131243]]]]}},{"type":"Feature","id":"2013194824051814309300000000","properties":{"id":"2013194824051814309300000000","pnu":"1221012100106610003","year":2013,"purpose":"단독주택","far":140.46,"floors":3,"structure":"철근콘크리트구조"},"geometry":{"type":"MultiPolygon","coordinates":[[[[126.944065,35.132026],[126.944065,35.132019],[126.944088,35.132019],[126.94409,35.13196],[126.944078,35.131959],[126.944087,35.131938],[126.944035,35.131923],[126.944028,35.13194],[126.944002,35.13194],[126.944002,35.131926],[126.943953,35.131925],[126.94395,35.132016],[126.943999,35.132017],[126.943999,35.132024],[126.944065,35.132026]]]]}},{"type":"Feature","id":"2013194845111813589600000000","properties":{"id":"2013194845111813589600000000","pnu":"1221012100106660007","year":2013,"purpose":"단독주택","far":149.6,"floors":4,"structure":"철근콘크리트구조"},"geometry":{"type":"MultiPolygon","coordinates":[[[[126.944158,35.131334],[126.944186,35.131335],[126.944184,35.131377],[126.944282,35.131379],[126.944284,35.13136],[126.944338,35.131362],[126.944338,35.131288],[126.944162,35.131284],[126.944158,35.131334]]]]}},{"type":"Feature","id":"2013194845481813900600000000","properties":{"id":"2013194845481813900600000000","pnu":"1221012100106660003","year":2013,"purpose":"단독주택","far":148.52,"floors":3,"structure":"철근콘크리트구조"},"geometry":{"type":"MultiPolygon","coordinates":[[[[126.94417,35.13165],[126.944289,35.131654],[126.94429,35.13166],[126.944334,35.131661],[126.944338,35.131588],[126.944329,35.13159],[126.944332,35.131562],[126.944173,35.131559],[126.94417,35.13165]]]]}},{"type":"Feature","id":"2013194854751814326700000000","properties":{"id":"2013194854751814326700000000","pnu":"1221012100106610005","year":2013,"purpose":"단독주택","far":147.68,"floors":3,"structure":"철근콘크리트구조"},"geometry":{"type":"MultiPolygon","coordinates":[[[[126.944291,35.132039],[126.944351,35.13204],[126.944351,35.132028],[126.944424,35.132029],[126.944426,35.131952],[126.944293,35.131949],[126.944291,35.132039]]]]}},{"type":"Feature","id":"2013194884081815233600000000","properties":{"id":"2013194884081815233600000000","pnu":"1221012100106760007","year":2013,"purpose":"제1종 근린생활시설","far":85.66,"floors":2,"structure":"일반철골구조"},"geometry":{"type":"MultiPolygon","coordinates":[[[[126.944682,35.132792],[126.944667,35.132791],[126.944645,35.132798],[126.944644,35.132822],[126.944712,35.132824],[126.944713,35.132808],[126.944682,35.132792]]]]}},{"type":"Feature","id":"road:2911011900107970000000001:31127","properties":{"id":"road:2911011900107970000000001:31127","pnu":"1221011900111080000","purpose":"공동주택","year":2018},"geometry":{"type":"MultiPolygon","coordinates":[[[[126.939924,35.130887],[126.940149,35.130887],[126.940149,35.130914],[126.940173,35.130914],[126.940173,35.130919],[126.940197,35.130919],[126.940197,35.130892],[126.940423,35.130892],[126.940423,35.130919],[126.940471,35.130919],[126.940471,35.130892],[126.940696,35.130892],[126.940696,35.130919],[126.94072,35.130919],[126.94072,35.130977],[126.940698,35.130977],[126.940698,35.130981],[126.940678,35.130981],[126.940678,35.130975],[126.940647,35.130975],[126.940647,35.130958],[126.940619,35.130958],[126.940619,35.130962],[126.940548,35.130962],[126.940548,35.130958],[126.94052,35.130958],[126.94052,35.130975],[126.940489,35.130975],[126.940489,35.13098],[126.940469,35.13098],[126.940469,35.130977],[126.940424,35.130977],[126.940424,35.13098],[126.940405,35.13098],[126.940405,35.130975],[126.940374,35.130975],[126.940374,35.130958],[126.940346,35.130958],[126.940346,35.130962],[126.940274,35.130962],[126.940274,35.130958],[126.940246,35.130958],[126.940246,35.130975],[126.940215,35.130975],[126.940215,35.13098],[126.940196,35.13098],[126.940196,35.130977],[126.940173,35.130977],[126.940173,35.130971],[126.94015,35.130971],[126.94015,35.130975],[126.940131,35.130975],[126.940131,35.130969],[126.9401,35.130969],[126.9401,35.130953],[126.940072,35.130953],[126.940072,35.130957],[126.94,35.130957],[126.94,35.130952],[126.939972,35.130952],[126.939972,35.130969],[126.939941,35.130969],[126.939941,35.130975],[126.939922,35.130975],[126.939922,35.130971],[126.939899,35.130971],[126.939899,35.130913],[126.939924,35.130913],[126.939924,35.130887]]]]}},{"type":"Feature","id":"road:2911011900107970000000002:31128","properties":{"id":"road:2911011900107970000000002:31128","pnu":"1221011900111080000","purpose":"공동주택","year":2018},"geometry":{"type":"MultiPolygon","coordinates":[[[[126.941066,35.130902],[126.941066,35.130875],[126.941292,35.130876],[126.941292,35.130902],[126.941316,35.130902],[126.941316,35.13096],[126.941293,35.13096],[126.941293,35.130964],[126.941274,35.130964],[126.941274,35.130958],[126.941243,35.130958],[126.941243,35.130941],[126.941215,35.130941],[126.941215,35.130945],[126.941143,35.130945],[126.941143,35.130941],[126.941115,35.130941],[126.941115,35.130958],[126.941084,35.130958],[126.941084,35.130964],[126.941065,35.130964],[126.941065,35.13096],[126.941042,35.13096],[126.94102,35.13096],[126.94102,35.130964],[126.941,35.130964],[126.941,35.130958],[126.940969,35.130958],[126.940969,35.130941],[126.940941,35.130941],[126.940941,35.130945],[126.94087,35.130945],[126.94087,35.130941],[126.940842,35.130941],[126.940842,35.130958],[126.940811,35.130958],[126.940811,35.130964],[126.940791,35.130963],[126.940791,35.13096],[126.940769,35.13096],[126.940769,35.130902],[126.940793,35.130902],[126.940793,35.130875],[126.941018,35.130875],[126.941018,35.130902],[126.941042,35.130902],[126.941066,35.130902]]]]}},{"type":"Feature","id":"road:2911011900107970000000003:31129","properties":{"id":"road:2911011900107970000000003:31129","pnu":"1221011900111080000","purpose":"공동주택","year":2018},"geometry":{"type":"MultiPolygon","coordinates":[[[[126.941615,35.130733],[126.94162,35.130741],[126.941815,35.130648],[126.941832,35.130671],[126.941853,35.130662],[126.941888,35.130712],[126.941868,35.130721],[126.94187,35.130724],[126.941853,35.130732],[126.94185,35.130727],[126.941823,35.13074],[126.941813,35.130725],[126.941789,35.130737],[126.941791,35.13074],[126.941729,35.13077],[126.941727,35.130766],[126.941702,35.130778],[126.941713,35.130792],[126.941686,35.130805],[126.941689,35.13081],[126.941672,35.130818],[126.94167,35.130815],[126.941651,35.130824],[126.941629,35.130793],[126.941609,35.130802],[126.941611,35.130805],[126.941594,35.130813],[126.941591,35.130808],[126.941564,35.130821],[126.941554,35.130806],[126.94153,35.130818],[126.941532,35.130821],[126.94147,35.130851],[126.941468,35.130847],[126.941443,35.130859],[126.941454,35.130873],[126.941427,35.130886],[126.94143,35.130891],[126.941413,35.130899],[126.941411,35.130896],[126.941392,35.130905],[126.941357,35.130855],[126.941377,35.130845],[126.941361,35.130822],[126.941556,35.130729],[126.941573,35.130753],[126.941594,35.130743],[126.941615,35.130733]]]]}},{"type":"Feature","id":"road:2911011900107970000000004:31130","properties":{"id":"road:2911011900107970000000004:31130","pnu":"1221011900111080000","purpose":"공동주택","year":2018},"geometry":{"type":"MultiPolygon","coordinates":[[[[126.940469,35.130699],[126.940469,35.130672],[126.940694,35.130672],[126.940694,35.130699],[126.940718,35.130699],[126.940718,35.130757],[126.940695,35.130757],[126.940695,35.13076],[126.940676,35.13076],[126.940676,35.130755],[126.940645,35.130754],[126.940645,35.130738],[126.940617,35.130738],[126.940617,35.130742],[126.940545,35.130742],[126.940545,35.130738],[126.940517,35.130738],[126.940517,35.130754],[126.940486,35.130754],[126.940486,35.13076],[126.940467,35.13076],[126.940467,35.130757],[126.940444,35.130757],[126.940422,35.130757],[126.940422,35.13076],[126.940402,35.13076],[126.940402,35.130754],[126.940371,35.130754],[126.940371,35.130738],[126.940343,35.130738],[126.940343,35.130742],[126.940272,35.130742],[126.940272,35.130738],[126.940244,35.130738],[126.940244,35.130754],[126.940213,35.130754],[126.940213,35.13076],[126.940193,35.13076],[126.940193,35.130756],[126.940171,35.130756],[126.940171,35.130699],[126.940195,35.130699],[126.940195,35.130672],[126.94042,35.130672],[126.94042,35.130699],[126.940444,35.130699],[126.940469,35.130699]]]]}},{"type":"Feature","id":"road:2911012200102360001000001:28846","properties":{"id":"road:2911012200102360001000001:28846","pnu":"1221012200102360001","purpose":"공동주택","year":2013},"geometry":{"type":"MultiPolygon","coordinates":[[[[126.940071,35.135668],[126.940139,35.135669],[126.940138,35.135685],[126.940182,35.135684],[126.940182,35.135667],[126.940228,35.135669],[126.940228,35.135724],[126.94018,35.135726],[126.940183,35.135736],[126.94014,35.135733],[126.940139,35.135721],[126.940069,35.135725],[126.940071,35.135668]]]]}},{"type":"Feature","id":"road:2911012200102360001000002:28847","properties":{"id":"road:2911012200102360001000002:28847","pnu":"1221012200102360001","purpose":"공동주택","year":2013},"geometry":{"type":"MultiPolygon","coordinates":[[[[126.940015,35.135896],[126.940016,35.135834],[126.9401,35.135829],[126.940093,35.135856],[126.94014,35.135851],[126.940141,35.135824],[126.940216,35.135821],[126.940213,35.135886],[126.940147,35.135887],[126.940145,35.135907],[126.940092,35.13591],[126.940088,35.135893],[126.940087,35.135893],[126.940015,35.135896]]]]}}]}
