{"type":"FeatureCollection","features":[{"type":"Feature","id":"0000194383221833176000000000","properties":{"id":"0000194383221833176000000000","pnu":"1221011100102860000","purpose":"기타"},"geometry":{"type":"MultiPolygon","coordinates":[[[[126.939145,35.149023],[126.939226,35.148968],[126.9392,35.14894],[126.939114,35.148981],[126.939145,35.149023]]]]}},{"type":"Feature","id":"0000194384331833398300000000","properties":{"id":"0000194384331833398300000000","pnu":"1221011100102730002","purpose":"단독주택"},"geometry":{"type":"MultiPolygon","coordinates":[[[[126.939221,35.149175],[126.939204,35.149152],[126.939142,35.149185],[126.939159,35.149207],[126.939221,35.149175]]]]}},{"type":"Feature","id":"0000194389071833138400000000","properties":{"id":"0000194389071833138400000000","pnu":"1221011100102860000","purpose":"기타"},"geometry":{"type":"MultiPolygon","coordinates":[[[[126.939242,35.148976],[126.939266,35.148953],[126.939231,35.148919],[126.939198,35.148933],[126.939242,35.148976]]]]}},{"type":"Feature","id":"0000194389401839855700000000","properties":{"id":"0000194389401839855700000000","pnu":"1221011000200660004","purpose":"기타"},"geometry":{"type":"MultiPolygon","coordinates":[[[[126.939205,35.155057],[126.93925,35.15506],[126.93926,35.154943],[126.939215,35.15494],[126.939205,35.155057]]]]}},{"type":"Feature","id":"0000194392631833731500000000","properties":{"id":"0000194392631833731500000000","pnu":"1221011100102680007","purpose":"기타"},"geometry":{"type":"MultiPolygon","coordinates":[[[[126.93932,35.149507],[126.939322,35.149457],[126.939225,35.149454],[126.939223,35.149504],[126.93932,35.149507]]]]}},{"type":"Feature","id":"0000194395741833521800000000","properties":{"id":"0000194395741833521800000000","pnu":"1221011100102720001","purpose":"기타"},"geometry":{"type":"MultiPolygon","coordinates":[[[[126.939241,35.149312],[126.939372,35.149313],[126.939372,35.149267],[126.939233,35.149274],[126.939241,35.149312]]]]}},{"type":"Feature","id":"0000194399161832345200000000","properties":{"id":"0000194399161832345200000000","pnu":"1221011100107020000","purpose":"기타"},"geometry":{"type":"MultiPolygon","coordinates":[[[[126.93929,35.14821],[126.939296,35.148254],[126.939392,35.148255],[126.939397,35.148205],[126.93929,35.14821]]]]}},{"type":"Feature","id":"0000194399701833970400000000","properties":{"id":"0000194399701833970400000000","pnu":"1221011100100950011","purpose":"기타"},"geometry":{"type":"MultiPolygon","coordinates":[[[[126.9393,35.149663],[126.939303,35.149726],[126.939398,35.149725],[126.9394,35.149669],[126.9393,35.149663]]]]}},{"type":"Feature","id":"0000194411001833665400000000","properties":{"id":"0000194411001833665400000000","pnu":"1221011100103080000","purpose":"기타"},"geometry":{"type":"MultiPolygon","coordinates":[[[[126.939487,35.149475],[126.939526,35.149459],[126.939473,35.149372],[126.939414,35.149396],[126.939429,35.14942],[126.939449,35.149412],[126.939487,35.149475]]]]}},{"type":"Feature","id":"0000194417661840453200000000","properties":{"id":"0000194417661840453200000000","pnu":"1221011000100780001","purpose":"기타"},"geometry":{"type":"MultiPolygon","coordinates":[[[[126.939498,35.155544],[126.939574,35.155563],[126.939585,35.155533],[126.939513,35.155516],[126.939498,35.155544]]]]}},{"type":"Feature","id":"0000194425341832789400000000","properties":{"id":"0000194425341832789400000000","pnu":"1221011100102930001","purpose":"기타"},"geometry":{"type":"MultiPolygon","coordinates":[[[[126.939691,35.148511],[126.939641,35.148512],[126.939607,35.148577],[126.939585,35.148589],[126.939542,35.148664],[126.939563,35.148676],[126.939541,35.1487],[126.93958,35.148723],[126.939602,35.148697],[126.939684,35.148746],[126.939691,35.148511]]]]}},{"type":"Feature","id":"0000194434261840318500000000","properties":{"id":"0000194434261840318500000000","pnu":"1221011000100780001","purpose":"기타"},"geometry":{"type":"MultiPolygon","coordinates":[[[[126.939739,35.155451],[126.939766,35.15541],[126.93971,35.155385],[126.939683,35.155425],[126.939739,35.155451]]]]}},{"type":"Feature","id":"0000194467071842399400000000","properties":{"id":"0000194467071842399400000000","pnu":"1221011000104980003","purpose":"기타"},"geometry":{"type":"MultiPolygon","coordinates":[[[[126.940136,35.157312],[126.940051,35.157254],[126.940031,35.157274],[126.940115,35.157333],[126.940136,35.157312]]]]}},{"type":"Feature","id":"0000194493711833144400000000","properties":{"id":"0000194493711833144400000000","pnu":"1221011100103030001","purpose":"기타"},"geometry":{"type":"MultiPolygon","coordinates":[[[[126.940426,35.148938],[126.940343,35.14893],[126.940338,35.148965],[126.940421,35.148973],[126.940426,35.148938]]]]}},{"type":"Feature","id":"0000194493881842289300000000","properties":{"id":"0000194493881842289300000000","pnu":"1221011000104970025","purpose":"기타"},"geometry":{"type":"MultiPolygon","coordinates":[[[[126.940396,35.157232],[126.940423,35.157213],[126.940363,35.157156],[126.940332,35.15718],[126.940396,35.157232]]]]}},{"type":"Feature","id":"0000194494471832430100000000","properties":{"id":"0000194494471832430100000000","pnu":"1221011100100890005","purpose":"기타"},"geometry":{"type":"MultiPolygon","coordinates":[[[[126.940408,35.148343],[126.940408,35.148272],[126.940374,35.148272],[126.940373,35.148343],[126.940408,35.148343]]]]}},{"type":"Feature","id":"0000194498011841942600000000","properties":{"id":"0000194498011841942600000000","pnu":"1221011000100790002","purpose":"기타"},"geometry":{"type":"MultiPolygon","coordinates":[[[[126.940437,35.156928],[126.940478,35.156901],[126.940409,35.156836],[126.940368,35.156862],[126.940437,35.156928]]]]}},{"type":"Feature","id":"0000194501851842610600000000","properties":{"id":"0000194501851842610600000000","pnu":"1221011000104980003","purpose":"기타"},"geometry":{"type":"MultiPolygon","coordinates":[[[[126.940479,35.157535],[126.940531,35.157495],[126.940475,35.157436],[126.940387,35.157473],[126.940479,35.157535]]]]}},{"type":"Feature","id":"0000194502861842043200000000","properties":{"id":"0000194502861842043200000000","pnu":"1221011000100790002","purpose":"기타"},"geometry":{"type":"MultiPolygon","coordinates":[[[[126.940513,35.156998],[126.940472,35.156936],[126.940442,35.156953],[126.940477,35.157005],[126.940513,35.156998]]]]}},{"type":"Feature","id":"0000194508861842651300000000","properties":{"id":"0000194508861842651300000000","pnu":"1221011000104980003","purpose":"기타"},"geometry":{"type":"MultiPolygon","coordinates":[[[[126.940508,35.157517],[126.94055,35.157548],[126.940575,35.157525],[126.940534,35.157494],[126.940508,35.157517]]]]}},{"type":"Feature","id":"0000194514051842123200000000","properties":{"id":"0000194514051842123200000000","pnu":"1221011000100790002","purpose":"기타"},"geometry":{"type":"MultiPolygon","coordinates":[[[[126.940592,35.157088],[126.940637,35.157078],[126.94061,35.157003],[126.940559,35.157014],[126.940592,35.157088]]]]}},{"type":"Feature","id":"0000194514531842718500000000","properties":{"id":"0000194514531842718500000000","pnu":"1221011000100010008","purpose":"기타"},"geometry":{"type":"MultiPolygon","coordinates":[[[[126.940543,35.15759],[126.940622,35.157626],[126.940664,35.157577],[126.94059,35.157535],[126.940543,35.15759]]]]}},{"type":"Feature","id":"0000194515011842491900000000","properties":{"id":"0000194515011842491900000000","pnu":"1221011000100010006","purpose":"기타"},"geometry":{"type":"MultiPolygon","coordinates":[[[[126.940604,35.15741],[126.94065,35.157375],[126.940611,35.157346],[126.940571,35.157376],[126.940604,35.15741]]]]}},{"type":"Feature","id":"0000194516231839748000000000","properties":{"id":"0000194516231839748000000000","pnu":"1221011000100030000","purpose":"기타"},"geometry":{"type":"MultiPolygon","coordinates":[[[[126.940636,35.154918],[126.940645,35.1549],[126.940614,35.154889],[126.940605,35.154908],[126.940636,35.154918]]]]}},{"type":"Feature","id":"0000194519181833221300000000","properties":{"id":"0000194519181833221300000000","pnu":"1221011100200220007","purpose":"기타"},"geometry":{"type":"MultiPolygon","coordinates":[[[[126.940717,35.149032],[126.940622,35.148987],[126.940606,35.14901],[126.940701,35.149055],[126.940717,35.149032]]]]}},{"type":"Feature","id":"0000194540161836435800000000","properties":{"id":"0000194540161836435800000000","pnu":"1221011100200030002","purpose":"기타"},"geometry":{"type":"MultiPolygon","coordinates":[[[[126.940855,35.151938],[126.940912,35.151947],[126.940924,35.151899],[126.940867,35.15189],[126.940855,35.151938]]]]}},{"type":"Feature","id":"0000194552981838481700000000","properties":{"id":"0000194552981838481700000000","pnu":"1221011000100080000","purpose":"기타"},"geometry":{"type":"MultiPolygon","coordinates":[[[[126.941034,35.153802],[126.94107,35.153777],[126.941029,35.153726],[126.940985,35.153746],[126.941034,35.153802]]]]}},{"type":"Feature","id":"0000194558301842572900000000","properties":{"id":"0000194558301842572900000000","pnu":"1221011000100790002","purpose":"기타"},"geometry":{"type":"MultiPolygon","coordinates":[[[[126.941117,35.157473],[126.941129,35.157456],[126.941051,35.157427],[126.941042,35.157445],[126.941117,35.157473]]]]}},{"type":"Feature","id":"0000194559121842843400000000","properties":{"id":"0000194559121842843400000000","pnu":"1221011000100010004","purpose":"단독주택","far":37.51,"floors":2,"structure":"일반철골구조"},"geometry":{"type":"MultiPolygon","coordinates":[[[[126.941039,35.157707],[126.941129,35.15773],[126.941148,35.157681],[126.941058,35.157658],[126.941039,35.157707]]]]}},{"type":"Feature","id":"0000194575651832430400000000","properties":{"id":"0000194575651832430400000000","pnu":"1221011100100950006","purpose":"기타"},"geometry":{"type":"MultiPolygon","coordinates":[[[[126.941315,35.148344],[126.94133,35.148301],[126.941246,35.148276],[126.941232,35.148312],[126.941315,35.148344]]]]}},{"type":"Feature","id":"0000194580401833539500000000","properties":{"id":"0000194580401833539500000000","pnu":"1221011100200220005","purpose":"기타"},"geometry":{"type":"MultiPolygon","coordinates":[[[[126.941366,35.149336],[126.941371,35.149288],[126.941301,35.149279],[126.941294,35.149329],[126.941366,35.149336]]]]}},{"type":"Feature","id":"0000194582581832368200000000","properties":{"id":"0000194582581832368200000000","pnu":"1221011100100950002","purpose":"기타"},"geometry":{"type":"MultiPolygon","coordinates":[[[[126.94132,35.148283],[126.941379,35.148293],[126.941395,35.148222],[126.941337,35.148211],[126.94132,35.148283]]]]}},{"type":"Feature","id":"0000194593381832466200000000","properties":{"id":"0000194593381832466200000000","pnu":"1221011100100950001","purpose":"기타"},"geometry":{"type":"MultiPolygon","coordinates":[[[[126.941505,35.148383],[126.94153,35.148346],[126.941447,35.148299],[126.941422,35.148334],[126.941505,35.148383]]]]}},{"type":"Feature","id":"0000194594891842913200000000","properties":{"id":"0000194594891842913200000000","pnu":"1221011000104970025","purpose":"단독주택","floors":1,"structure":"블록구조"},"geometry":{"type":"MultiPolygon","coordinates":[[[[126.941481,35.15781],[126.941532,35.157786],[126.941493,35.157708],[126.941439,35.157724],[126.941481,35.15781]]]]}},{"type":"Feature","id":"0000194595121832546900000000","properties":{"id":"0000194595121832546900000000","pnu":"1221011100100950000","purpose":"기타"},"geometry":{"type":"MultiPolygon","coordinates":[[[[126.941586,35.148426],[126.941456,35.148366],[126.941415,35.148408],[126.941494,35.14845],[126.941512,35.148438],[126.941536,35.148455],[126.941586,35.148426]]]]}},{"type":"Feature","id":"0000194599301832783900000000","properties":{"id":"0000194599301832783900000000","pnu":"1221011100100940007","purpose":"기타"},"geometry":{"type":"MultiPolygon","coordinates":[[[[126.941593,35.148674],[126.941563,35.148562],[126.9415,35.148572],[126.941513,35.148642],[126.94149,35.148644],[126.941501,35.148683],[126.941593,35.148674]]]]}},{"type":"Feature","id":"0000194601141842735100000000","properties":{"id":"0000194601141842735100000000","pnu":"1221011000200520001","purpose":"기타"},"geometry":{"type":"MultiPolygon","coordinates":[[[[126.941534,35.157608],[126.941569,35.157614],[126.941576,35.157586],[126.941541,35.15758],[126.941534,35.157608]]]]}},{"type":"Feature","id":"0000194601351842855700000000","properties":{"id":"0000194601351842855700000000","pnu":"1221011000200520001","purpose":"기타"},"geometry":{"type":"MultiPolygon","coordinates":[[[[126.94154,35.15773],[126.941588,35.157711],[126.941577,35.157682],[126.941524,35.157698],[126.94154,35.15773]]]]}},{"type":"Feature","id":"0000194602911842245500000000","properties":{"id":"0000194602911842245500000000","pnu":"1221011000200520001","purpose":"기타"},"geometry":{"type":"MultiPolygon","coordinates":[[[[126.941581,35.15718],[126.941604,35.157162],[126.941567,35.157131],[126.941545,35.157149],[126.941581,35.15718]]]]}},{"type":"Feature","id":"0000194603751832328700000000","properties":{"id":"0000194603751832328700000000","pnu":"1221011100100950004","purpose":"기타"},"geometry":{"type":"MultiPolygon","coordinates":[[[[126.9416,35.148271],[126.941627,35.148171],[126.941579,35.148167],[126.941553,35.148258],[126.9416,35.148271]]]]}},{"type":"Feature","id":"0000194604911833658500000000","properties":{"id":"0000194604911833658500000000","pnu":"1221011100200220014","purpose":"기타"},"geometry":{"type":"MultiPolygon","coordinates":[[[[126.941517,35.149335],[126.941487,35.149379],[126.94169,35.149496],[126.941718,35.149455],[126.941517,35.149335]]]]}},{"type":"Feature","id":"0000194605211832162600000000","properties":{"id":"0000194605211832162600000000","pnu":"1221011100200840009","purpose":"기타"},"geometry":{"type":"MultiPolygon","coordinates":[[[[126.941593,35.148113],[126.941651,35.148041],[126.941621,35.14802],[126.94156,35.148094],[126.941593,35.148113]]]]}},{"type":"Feature","id":"0000194609501832324900000000","properties":{"id":"0000194609501832324900000000","pnu":"1221011100100990002","purpose":"기타"},"geometry":{"type":"MultiPolygon","coordinates":[[[[126.941629,35.148193],[126.941622,35.148231],[126.94168,35.148232],[126.941684,35.148198],[126.941629,35.148193]]]]}},{"type":"Feature","id":"0000194622491834516600000000","properties":{"id":"0000194622491834516600000000","pnu":"1221011100100560006","purpose":"기타"},"geometry":{"type":"MultiPolygon","coordinates":[[[[126.941794,35.150223],[126.941834,35.150181],[126.941795,35.150155],[126.941755,35.150197],[126.941794,35.150223]]]]}},{"type":"Feature","id":"0000194623471833791600000000","properties":{"id":"0000194623471833791600000000","pnu":"1221011100200220013","purpose":"기타"},"geometry":{"type":"MultiPolygon","coordinates":[[[[126.941722,35.149467],[126.941698,35.149501],[126.941781,35.149541],[126.941846,35.149613],[126.941902,35.149549],[126.941722,35.149467]]]]}},{"type":"Feature","id":"0000194631021834608900000000","properties":{"id":"0000194631021834608900000000","pnu":"1221011100200220017","purpose":"기타"},"geometry":{"type":"MultiPolygon","coordinates":[[[[126.941915,35.150345],[126.941977,35.150251],[126.94186,35.150199],[126.941798,35.150294],[126.941915,35.150345]]]]}},{"type":"Feature","id":"0000194632621838414000000000","properties":{"id":"0000194632621838414000000000","pnu":"1221011000100090000","purpose":"기타"},"geometry":{"type":"MultiPolygon","coordinates":[[[[126.941894,35.153785],[126.941994,35.153706],[126.94191,35.153624],[126.941814,35.153689],[126.941894,35.153785]]]]}},{"type":"Feature","id":"0000194634001842824500000000","properties":{"id":"0000194634001842824500000000","pnu":"1221011000200520001","purpose":"기타"},"geometry":{"type":"MultiPolygon","coordinates":[[[[126.94186,35.157716],[126.941942,35.157727],[126.941971,35.157638],[126.941887,35.157629],[126.94186,35.157716]]]]}},{"type":"Feature","id":"0000194634491833887100000000","properties":{"id":"0000194634491833887100000000","pnu":"1221011100200220013","purpose":"기타"},"geometry":{"type":"MultiPolygon","coordinates":[[[[126.941886,35.149581],[126.941864,35.149633],[126.941964,35.149664],[126.94199,35.14961],[126.941886,35.149581]]]]}},{"type":"Feature","id":"0000194641811842829500000000","properties":{"id":"0000194641811842829500000000","pnu":"1221011000200520001","purpose":"기타"},"geometry":{"type":"MultiPolygon","coordinates":[[[[126.941975,35.157693],[126.942012,35.157704],[126.942027,35.157671],[126.94199,35.15766],[126.941975,35.157693]]]]}},{"type":"Feature","id":"0000194653931833894600000000","properties":{"id":"0000194653931833894600000000","pnu":"1221011100200220013","purpose":"기타"},"geometry":{"type":"MultiPolygon","coordinates":[[[[126.942187,35.149645],[126.942176,35.149595],[126.942091,35.149611],[126.942107,35.149664],[126.942187,35.149645]]]]}},{"type":"Feature","id":"0000194658551834784500000000","properties":{"id":"0000194658551834784500000000","pnu":"1221011100100850006","purpose":"제2종 근린생활시설"},"geometry":{"type":"MultiPolygon","coordinates":[[[[126.942209,35.150457],[126.942215,35.150408],[126.94217,35.150404],[126.942165,35.150454],[126.942209,35.150457]]]]}},{"type":"Feature","id":"0000194660771833901400000000","properties":{"id":"0000194660771833901400000000","pnu":"1221011100200220013","purpose":"기타"},"geometry":{"type":"MultiPolygon","coordinates":[[[[126.942189,35.149665],[126.942237,35.149666],[126.942242,35.149606],[126.942191,35.149604],[126.942189,35.149665]]]]}},{"type":"Feature","id":"0000194673791842617700000000","properties":{"id":"0000194673791842617700000000","pnu":"1221011000200520001","purpose":"기타"},"geometry":{"type":"MultiPolygon","coordinates":[[[[126.94236,35.157541],[126.94241,35.157507],[126.942344,35.157442],[126.942294,35.157475],[126.94236,35.157541]]]]}},{"type":"Feature","id":"0000194676511842585200000000","properties":{"id":"0000194676511842585200000000","pnu":"1221011000200520001","purpose":"기타"},"geometry":{"type":"MultiPolygon","coordinates":[[[[126.942435,35.157502],[126.942348,35.157411],[126.942331,35.157422],[126.942345,35.157441],[126.942411,35.157506],[126.942419,35.157514],[126.942435,35.157502]]]]}},{"type":"Feature","id":"0000194697251832954000000000","properties":{"id":"0000194697251832954000000000","pnu":"1221011100101080000","purpose":"기타"},"geometry":{"type":"MultiPolygon","coordinates":[[[[126.942578,35.148842],[126.942725,35.148781],[126.942691,35.148726],[126.942622,35.148755],[126.942606,35.148729],[126.94253,35.148761],[126.942537,35.148773],[126.942515,35.148782],[126.942543,35.148828],[126.942564,35.148819],[126.942578,35.148842]]]]}},{"type":"Feature","id":"0000194711951838437500000000","properties":{"id":"0000194711951838437500000000","pnu":"1221011100100200008","purpose":"기타"},"geometry":{"type":"MultiPolygon","coordinates":[[[[126.942753,35.153757],[126.942819,35.153719],[126.942794,35.15369],[126.942728,35.153728],[126.942753,35.153757]]]]}},{"type":"Feature","id":"0000194713741842442200000000","properties":{"id":"0000194713741842442200000000","pnu":"1221011000200520001","purpose":"기타"},"geometry":{"type":"MultiPolygon","coordinates":[[[[126.942775,35.157389],[126.942848,35.157366],[126.942806,35.157278],[126.942733,35.157301],[126.942775,35.157389]]]]}},{"type":"Feature","id":"0000194715481842954700000000","properties":{"id":"0000194715481842954700000000","pnu":"1221011000200470004","purpose":"기타"},"geometry":{"type":"MultiPolygon","coordinates":[[[[126.942796,35.157819],[126.94284,35.157791],[126.942822,35.157772],[126.942778,35.1578],[126.942796,35.157819]]]]}},{"type":"Feature","id":"0000194716391833773400000000","properties":{"id":"0000194716391833773400000000","pnu":"1221011100100770001","purpose":"기타"},"geometry":{"type":"MultiPolygon","coordinates":[[[[126.942838,35.149557],[126.942872,35.149522],[126.942813,35.149482],[126.942778,35.149518],[126.942838,35.149557]]]]}},{"type":"Feature","id":"0000194721101843060800000000","properties":{"id":"0000194721101843060800000000","pnu":"1221011000200470004","purpose":"기타"},"geometry":{"type":"MultiPolygon","coordinates":[[[[126.942826,35.157915],[126.94292,35.157905],[126.942917,35.15787],[126.942827,35.157872],[126.942826,35.157915]]]]}},{"type":"Feature","id":"0000194722071832369900000000","properties":{"id":"0000194722071832369900000000","pnu":"1221011100100990001","purpose":"기타"},"geometry":{"type":"MultiPolygon","coordinates":[[[[126.94284,35.148295],[126.94295,35.14828],[126.942937,35.148214],[126.942827,35.148229],[126.94284,35.148295]]]]}},{"type":"Feature","id":"0000194723001834336800000000","properties":{"id":"0000194723001834336800000000","pnu":"1221011100100830001","purpose":"기타"},"geometry":{"type":"MultiPolygon","coordinates":[[[[126.94283,35.15],[126.942892,35.15009],[126.942971,35.150042],[126.942948,35.150008],[126.942937,35.150014],[126.942927,35.150004],[126.942914,35.150002],[126.942913,35.150001],[126.94289,35.149968],[126.942827,35.149997],[126.94283,35.15]]]]}},{"type":"Feature","id":"0000194729531842940400000000","properties":{"id":"0000194729531842940400000000","pnu":"1221011000100010011","purpose":"기타"},"geometry":{"type":"MultiPolygon","coordinates":[[[[126.942921,35.157813],[126.942963,35.157829],[126.943006,35.157752],[126.942963,35.157736],[126.942921,35.157813]]]]}},{"type":"Feature","id":"0000194734241842971000000000","properties":{"id":"0000194734241842971000000000","pnu":"1221011000100010011","purpose":"기타"},"geometry":{"type":"MultiPolygon","coordinates":[[[[126.942961,35.157836],[126.943031,35.157859],[126.943065,35.157785],[126.943007,35.157758],[126.942961,35.157836]]]]}},{"type":"Feature","id":"0000194736121837886500000000","properties":{"id":"0000194736121837886500000000","pnu":"1221011100100200008","purpose":"기타"},"geometry":{"type":"MultiPolygon","coordinates":[[[[126.943074,35.153244],[126.943026,35.153195],[126.943004,35.15321],[126.943052,35.153259],[126.943074,35.153244]]]]}},{"type":"Feature","id":"0000194738771842886400000000","properties":{"id":"0000194738771842886400000000","pnu":"1221011000100010011","purpose":"기타"},"geometry":{"type":"MultiPolygon","coordinates":[[[[126.942953,35.157661],[126.942936,35.157695],[126.942973,35.157707],[126.942965,35.157729],[126.943165,35.157804],[126.943191,35.157752],[126.942953,35.157661]]]]}},{"type":"Feature","id":"0000194746241834461800000000","properties":{"id":"0000194746241834461800000000","pnu":"1221011100100570000","purpose":"기타"},"geometry":{"type":"MultiPolygon","coordinates":[[[[126.943107,35.150142],[126.943127,35.150171],[126.943198,35.150139],[126.943178,35.15011],[126.943107,35.150142]]]]}},{"type":"Feature","id":"0000194775261835685200000000","properties":{"id":"0000194775261835685200000000","pnu":"1221011100100490000","purpose":"단독주택","floors":1,"structure":"일반목구조"},"geometry":{"type":"MultiPolygon","coordinates":[[[[126.94347,35.151248],[126.943471,35.151248],[126.943472,35.151247],[126.943473,35.151247],[126.943474,35.151247],[126.943474,35.151246],[126.943475,35.151245],[126.943475,35.151245],[126.943476,35.151244],[126.943476,35.151243],[126.943476,35.151242],[126.943475,35.151242],[126.943475,35.151241],[126.943474,35.15124],[126.943474,35.15124],[126.943473,35.151239],[126.943472,35.151239],[126.943471,35.151239],[126.94347,35.151239],[126.943469,35.151239],[126.943468,35.151239],[126.943467,35.151239],[126.943467,35.15124],[126.943466,35.15124],[126.943465,35.151241],[126.943465,35.151242],[126.943465,35.151242],[126.943465,35.151243],[126.943465,35.151244],[126.943465,35.151245],[126.943465,35.151245],[126.943466,35.151246],[126.943467,35.151247],[126.943467,35.151247],[126.943468,35.151247],[126.943469,35.151248],[126.94347,35.151248]]]]}},{"type":"Feature","id":"0000194786791833824000000000","properties":{"id":"0000194786791833824000000000","pnu":"1221011100100760001","purpose":"기타"},"geometry":{"type":"MultiPolygon","coordinates":[[[[126.943589,35.149543],[126.943572,35.149576],[126.943606,35.149588],[126.943624,35.149556],[126.943589,35.149543]]]]}},{"type":"Feature","id":"0000194798851832487200000000","properties":{"id":"0000194798851832487200000000","pnu":"1221011100101130001","purpose":"기타"},"geometry":{"type":"MultiPolygon","coordinates":[[[[126.943792,35.148351],[126.943713,35.148312],[126.94367,35.148371],[126.943749,35.14841],[126.943792,35.148351]]]]}},{"type":"Feature","id":"0000194798851838151600000000","properties":{"id":"0000194798851838151600000000","pnu":"1221011100100200008","purpose":"기타"},"geometry":{"type":"MultiPolygon","coordinates":[[[[126.943727,35.153531],[126.94378,35.153515],[126.943731,35.153403],[126.943673,35.153421],[126.943727,35.153531]]]]}},{"type":"Feature","id":"0000194801331835711400000000","properties":{"id":"0000194801331835711400000000","pnu":"1221011100106910065","purpose":"기타"},"geometry":{"type":"MultiPolygon","coordinates":[[[[126.943725,35.151303],[126.943782,35.151303],[126.943789,35.151232],[126.943728,35.151232],[126.943725,35.151303]]]]}},{"type":"Feature","id":"0000194806321838094400000000","properties":{"id":"0000194806321838094400000000","pnu":"1221011100100200008","purpose":"기타"},"geometry":{"type":"MultiPolygon","coordinates":[[[[126.943796,35.153481],[126.943878,35.153458],[126.94382,35.153347],[126.943742,35.153372],[126.943796,35.153481]]]]}},{"type":"Feature","id":"0000194806351838001100000000","properties":{"id":"0000194806351838001100000000","pnu":"1221011100100200008","purpose":"기타"},"geometry":{"type":"MultiPolygon","coordinates":[[[[126.943801,35.15335],[126.943832,35.153339],[126.943819,35.153312],[126.943788,35.153322],[126.943801,35.15335]]]]}},{"type":"Feature","id":"0000194806991832758700000000","properties":{"id":"0000194806991832758700000000","pnu":"1221011100101130001","purpose":"기타"},"geometry":{"type":"MultiPolygon","coordinates":[[[[126.943791,35.148636],[126.943857,35.14863],[126.943849,35.148575],[126.943784,35.148581],[126.943791,35.148636]]]]}},{"type":"Feature","id":"0000194809851832569100000000","properties":{"id":"0000194809851832569100000000","pnu":"1221011100101130001","purpose":"기타"},"geometry":{"type":"MultiPolygon","coordinates":[[[[126.943881,35.148437],[126.943839,35.148412],[126.943822,35.148432],[126.943864,35.148457],[126.943881,35.148437]]]]}},{"type":"Feature","id":"0000194813571837970700000000","properties":{"id":"0000194813571837970700000000","pnu":"1221011100100200008","purpose":"기타"},"geometry":{"type":"MultiPolygon","coordinates":[[[[126.94384,35.153334],[126.943947,35.153304],[126.943934,35.153272],[126.943829,35.153307],[126.94384,35.153334]]]]}},{"type":"Feature","id":"0000194816541833554000000000","properties":{"id":"0000194816541833554000000000","pnu":"1221011100101120003","purpose":"기타"},"geometry":{"type":"MultiPolygon","coordinates":[[[[126.943939,35.14931],[126.943905,35.149316],[126.94391,35.149335],[126.943944,35.149329],[126.943939,35.14931]]]]}},{"type":"Feature","id":"0000194816691834858100000000","properties":{"id":"0000194816691834858100000000","pnu":"1221011100100540001","purpose":"기타"},"geometry":{"type":"MultiPolygon","coordinates":[[[[126.943872,35.150476],[126.943893,35.150542],[126.943979,35.150519],[126.943957,35.150454],[126.943872,35.150476]]]]}},{"type":"Feature","id":"0000194818111832485300000000","properties":{"id":"0000194818111832485300000000","pnu":"1221011100101180000","purpose":"기타"},"geometry":{"type":"MultiPolygon","coordinates":[[[[126.943978,35.148362],[126.943922,35.148334],[126.943906,35.148356],[126.943962,35.148384],[126.943978,35.148362]]]]}},{"type":"Feature","id":"0000194818981834744600000000","properties":{"id":"0000194818981834744600000000","pnu":"1221011100100540002","purpose":"기타"},"geometry":{"type":"MultiPolygon","coordinates":[[[[126.943902,35.150349],[126.943928,35.150453],[126.943999,35.150443],[126.943973,35.150338],[126.943902,35.150349]]]]}},{"type":"Feature","id":"0000194820241832938900000000","properties":{"id":"0000194820241832938900000000","pnu":"1221011100101130001","purpose":"기타"},"geometry":{"type":"MultiPolygon","coordinates":[[[[126.94401,35.148804],[126.943977,35.148719],[126.94392,35.148733],[126.943956,35.148817],[126.94401,35.148804]]]]}},{"type":"Feature","id":"0000194821251833579100000000","properties":{"id":"0000194821251833579100000000","pnu":"1221011100106910081","purpose":"기타"},"geometry":{"type":"MultiPolygon","coordinates":[[[[126.944007,35.149355],[126.943996,35.149323],[126.943945,35.149335],[126.943957,35.149367],[126.944007,35.149355]]]]}},{"type":"Feature","id":"0000194825771833564700000000","properties":{"id":"0000194825771833564700000000","pnu":"1221011100101150000","purpose":"기타"},"geometry":{"type":"MultiPolygon","coordinates":[[[[126.94401,35.149353],[126.944053,35.149342],[126.944042,35.149312],[126.943999,35.149322],[126.94401,35.149353]]]]}},{"type":"Feature","id":"0000194834351833056600000000","properties":{"id":"0000194834351833056600000000","pnu":"1221011100101140001","purpose":"기타"},"geometry":{"type":"MultiPolygon","coordinates":[[[[126.94417,35.148878],[126.944159,35.148848],[126.94407,35.14887],[126.944082,35.148901],[126.94417,35.148878]]]]}},{"type":"Feature","id":"0000194835351832939200000000","properties":{"id":"0000194835351832939200000000","pnu":"1221011100101170000","purpose":"기타"},"geometry":{"type":"MultiPolygon","coordinates":[[[[126.944177,35.148805],[126.944181,35.148743],[126.944084,35.148735],[126.944079,35.14879],[126.944177,35.148805]]]]}},{"type":"Feature","id":"0000194837711832886600000000","properties":{"id":"0000194837711832886600000000","pnu":"1221011100101170000","purpose":"기타"},"geometry":{"type":"MultiPolygon","coordinates":[[[[126.944239,35.148752],[126.944247,35.148717],[126.944076,35.14869],[126.944068,35.148725],[126.944239,35.148752]]]]}},{"type":"Feature","id":"0000194843391835136300000000","properties":{"id":"0000194843391835136300000000","pnu":"1221011100100530004","purpose":"기타"},"geometry":{"type":"MultiPolygon","coordinates":[[[[126.94421,35.150764],[126.944234,35.150759],[126.944227,35.150733],[126.944202,35.150738],[126.94421,35.150764]]]]}},{"type":"Feature","id":"0000194843661832831900000000","properties":{"id":"0000194843661832831900000000","pnu":"1221011100200680031","purpose":"기타"},"geometry":{"type":"MultiPolygon","coordinates":[[[[126.944307,35.148699],[126.944311,35.148663],[126.944141,35.148644],[126.944133,35.148681],[126.944307,35.148699]]]]}},{"type":"Feature","id":"0000194844691834919700000000","properties":{"id":"0000194844691834919700000000","pnu":"1221011100100520013","purpose":"기타"},"geometry":{"type":"MultiPolygon","coordinates":[[[[126.944253,35.150576],[126.944243,35.150528],[126.944212,35.150532],[126.944222,35.150579],[126.944253,35.150576]]]]}},{"type":"Feature","id":"0000194847711832963900000000","properties":{"id":"0000194847711832963900000000","pnu":"1221011100101170000","purpose":"기타"},"geometry":{"type":"MultiPolygon","coordinates":[[[[126.944218,35.148811],[126.944309,35.148819],[126.944316,35.14877],[126.944224,35.148762],[126.944218,35.148811]]]]}},{"type":"Feature","id":"0000194869761833871000000000","properties":{"id":"0000194869761833871000000000","pnu":"1221011100100720000","purpose":"기타"},"geometry":{"type":"MultiPolygon","coordinates":[[[[126.944549,35.149612],[126.944524,35.149578],[126.94447,35.149602],[126.944492,35.149641],[126.944549,35.149612]]]]}},{"type":"Feature","id":"0000194876841833313500000000","properties":{"id":"0000194876841833313500000000","pnu":"1221011100101160000","purpose":"기타"},"geometry":{"type":"MultiPolygon","coordinates":[[[[126.944609,35.149133],[126.944611,35.14908],[126.944564,35.149079],[126.944561,35.149132],[126.944609,35.149133]]]]}},{"type":"Feature","id":"0000194878101833847000000000","properties":{"id":"0000194878101833847000000000","pnu":"1221011100100720000","purpose":"기타"},"geometry":{"type":"MultiPolygon","coordinates":[[[[126.944533,35.149585],[126.944573,35.149638],[126.944669,35.149584],[126.944626,35.149538],[126.944533,35.149585]]]]}},{"type":"Feature","id":"0000194880851834487000000000","properties":{"id":"0000194880851834487000000000","pnu":"1221011100200460003","purpose":"기타"},"geometry":{"type":"MultiPolygon","coordinates":[[[[126.944561,35.15016],[126.9446,35.150214],[126.944696,35.150172],[126.944659,35.150111],[126.944561,35.15016]]]]}},{"type":"Feature","id":"0000194882901833778700000000","properties":{"id":"0000194882901833778700000000","pnu":"1221011100100720000","purpose":"기타"},"geometry":{"type":"MultiPolygon","coordinates":[[[[126.944653,35.149562],[126.944687,35.149542],[126.944655,35.14949],[126.944617,35.149508],[126.944653,35.149562]]]]}},{"type":"Feature","id":"0000194887721834318200000000","properties":{"id":"0000194887721834318200000000","pnu":"1221011100200460009","purpose":"기타"},"geometry":{"type":"MultiPolygon","coordinates":[[[[126.944633,35.15],[126.944699,35.150089],[126.94479,35.150028],[126.944766,35.15],[126.944716,35.149943],[126.944619,35.149981],[126.944633,35.15]]]]}},{"type":"Feature","id":"0000194887801832977900000000","properties":{"id":"0000194887801832977900000000","pnu":"1221011100200680012","purpose":"기타"},"geometry":{"type":"MultiPolygon","coordinates":[[[[126.94462,35.148843],[126.944771,35.148862],[126.944796,35.148767],[126.944643,35.148744],[126.94462,35.148843]]]]}},{"type":"Feature","id":"0000194893451834259800000000","properties":{"id":"0000194893451834259800000000","pnu":"1221011100200460009","purpose":"기타"},"geometry":{"type":"MultiPolygon","coordinates":[[[[126.944813,35.149978],[126.944786,35.149925],[126.944716,35.149943],[126.944762,35.149995],[126.944813,35.149978]]]]}},{"type":"Feature","id":"0000194899491834305000000000","properties":{"id":"0000194899491834305000000000","pnu":"1221011100200460009","purpose":"기타"},"geometry":{"type":"MultiPolygon","coordinates":[[[[126.944794,35.15],[126.944812,35.150032],[126.944878,35.150006],[126.944875,35.15],[126.944857,35.149968],[126.94479,35.149993],[126.944794,35.15]]]]}},{"type":"Feature","id":"0000194904851833141000000000","properties":{"id":"0000194904851833141000000000","pnu":"1221011100101160000","purpose":"기타"},"geometry":{"type":"MultiPolygon","coordinates":[[[[126.944706,35.148963],[126.94505,35.14901],[126.945074,35.148934],[126.944769,35.148896],[126.944765,35.148912],[126.944717,35.148907],[126.944706,35.148963]]]]}},{"type":"Feature","id":"0000194909031834158900000000","properties":{"id":"0000194909031834158900000000","pnu":"1221011100100670011","purpose":"기타"},"geometry":{"type":"MultiPolygon","coordinates":[[[[126.944929,35.149851],[126.944915,35.149869],[126.944949,35.149886],[126.944963,35.149868],[126.944929,35.149851]]]]}},{"type":"Feature","id":"0000194953501834098900000000","properties":{"id":"0000194953501834098900000000","pnu":"1221011100100670014","purpose":"기타"},"geometry":{"type":"MultiPolygon","coordinates":[[[[126.945398,35.149847],[126.945474,35.149819],[126.94545,35.149783],[126.945386,35.149806],[126.945398,35.149847]]]]}},{"type":"Feature","id":"0000194955971833755200000000","properties":{"id":"0000194955971833755200000000","pnu":"1221011100100680000","purpose":"기타"},"geometry":{"type":"MultiPolygon","coordinates":[[[[126.945439,35.149581],[126.945516,35.149537],[126.945471,35.149425],[126.945417,35.149429],[126.945421,35.149525],[126.945395,35.149558],[126.945409,35.149575],[126.945433,35.149566],[126.945439,35.149581]]]]}},{"type":"Feature","id":"0000194985431832701500000000","properties":{"id":"0000194985431832701500000000","pnu":"1221011100200680026","purpose":"기타"},"geometry":{"type":"MultiPolygon","coordinates":[[[[126.945837,35.148621],[126.945846,35.148571],[126.945837,35.14857],[126.945845,35.148504],[126.945725,35.148486],[126.945707,35.148604],[126.945837,35.148621]]]]}},{"type":"Feature","id":"0000195137511834053500000000","properties":{"id":"0000195137511834053500000000","pnu":"1221011100100100000","purpose":"기타"},"geometry":{"type":"MultiPolygon","coordinates":[[[[126.947457,35.149886],[126.947578,35.149738],[126.947443,35.149663],[126.947311,35.149807],[126.947457,35.149886]]]]}},{"type":"Feature","id":"0000195140291833065700000000","properties":{"id":"0000195140291833065700000000","pnu":"1221011100200630001","purpose":"기타"},"geometry":{"type":"MultiPolygon","coordinates":[[[[126.9474,35.148994],[126.947642,35.148858],[126.947589,35.148781],[126.947471,35.148841],[126.947452,35.14882],[126.947321,35.148888],[126.9474,35.148994]]]]}},{"type":"Feature","id":"0000195175161834490300000000","properties":{"id":"0000195175161834490300000000","pnu":"1221011100100160000","purpose":"기타"},"geometry":{"type":"MultiPolygon","coordinates":[[[[126.947751,35.150211],[126.947913,35.150262],[126.94797,35.150125],[126.947804,35.150075],[126.947751,35.150211]]]]}},{"type":"Feature","id":"1941194497841842674100000000","properties":{"id":"1941194497841842674100000000","pnu":"1221011000100020000","purpose":"단독주택"},"geometry":{"type":"MultiPolygon","coordinates":[[[[126.94045,35.157584],[126.940479,35.157558],[126.940385,35.157498],[126.940364,35.157522],[126.94045,35.157584]]]]}},{"type":"Feature","id":"1941194817061834188500000000","properties":{"id":"1941194817061834188500000000","pnu":"1221011100100660001","year":1941,"purpose":"제2종 근린생활시설"},"geometry":{"type":"MultiPolygon","coordinates":[[[[126.943894,35.149935],[126.94399,35.149903],[126.943963,35.149852],[126.943869,35.149888],[126.943894,35.149935]]]]}},{"type":"Feature","id":"1951194375811833307000000000","properties":{"id":"1951194375811833307000000000","pnu":"1221011100102730000","year":1951,"purpose":"단독주택"},"geometry":{"type":"MultiPolygon","coordinates":[[[[126.939054,35.149125],[126.939121,35.149129],[126.939122,35.149068],[126.939054,35.149067],[126.939054,35.149125]]]]}},{"type":"Feature","id":"1951194376071833224300000000","properties":{"id":"1951194376071833224300000000","pnu":"1221011100102730000","year":1951,"purpose":"단독주택"},"geometry":{"type":"MultiPolygon","coordinates":[[[[126.939088,35.149062],[126.939131,35.149042],[126.939091,35.148983],[126.939052,35.149002],[126.939088,35.149062]]]]}},{"type":"Feature","id":"1951194392301833196800000000","properties":{"id":"1951194392301833196800000000","pnu":"1221011100102880001","purpose":"단독주택","floors":1,"structure":"일반목구조"},"geometry":{"type":"MultiPolygon","coordinates":[[[[126.939156,35.149041],[126.939188,35.149077],[126.939384,35.148956],[126.939346,35.148921],[126.939156,35.149041]]]]}},{"type":"Feature","id":"1951194399141833603400000000","properties":{"id":"1951194399141833603400000000","pnu":"1221011100102720001","purpose":"단독주택","far":28.85,"floors":1,"structure":"일반목구조"},"geometry":{"type":"MultiPolygon","coordinates":[[[[126.939448,35.149344],[126.93942,35.149306],[126.93932,35.149357],[126.939241,35.149361],[126.939245,35.149405],[126.939353,35.149399],[126.939448,35.149344]]]]}},{"type":"Feature","id":"1951194604921832456100000000","properties":{"id":"1951194604921832456100000000","pnu":"1221011100100960001","year":1951,"purpose":"단독주택"},"geometry":{"type":"MultiPolygon","coordinates":[[[[126.941629,35.148385],[126.94167,35.148331],[126.941579,35.148281],[126.941533,35.148328],[126.941629,35.148385]]]]}},{"type":"Feature","id":"1951194614751832518000000000","properties":{"id":"1951194614751832518000000000","pnu":"1221011100100960002","purpose":"단독주택","floors":1,"structure":"일반목구조"},"geometry":{"type":"MultiPolygon","coordinates":[[[[126.941689,35.14844],[126.94177,35.148369],[126.941731,35.148335],[126.941651,35.148408],[126.941689,35.14844]]]]}},{"type":"Feature","id":"1951194636581832758700000000","properties":{"id":"1951194636581832758700000000","pnu":"1221011100101020000","year":1951,"purpose":"단독주택"},"geometry":{"type":"MultiPolygon","coordinates":[[[[126.941974,35.148635],[126.94199,35.148595],[126.941924,35.148577],[126.941908,35.148609],[126.941974,35.148635]]]]}},{"type":"Feature","id":"1951194642201832858000000000","properties":{"id":"1951194642201832858000000000","pnu":"1221011100101020000","year":1951,"purpose":"단독주택"},"geometry":{"type":"MultiPolygon","coordinates":[[[[126.941941,35.148735],[126.942036,35.148757],[126.942072,35.148643],[126.942009,35.148624],[126.941976,35.148695],[126.941952,35.148691],[126.941941,35.148735]]]]}},{"type":"Feature","id":"1951194727831834256700000000","properties":{"id":"1951194727831834256700000000","pnu":"1221011100100830001","purpose":"단독주택"},"geometry":{"type":"MultiPolygon","coordinates":[[[[126.942944,35.149923],[126.942911,35.149953],[126.942957,35.149988],[126.94299,35.149958],[126.942944,35.149923]]]]}},{"type":"Feature","id":"1951194885371834020800000000","properties":{"id":"1951194885371834020800000000","pnu":"1221011100100670000","purpose":"단독주택"},"geometry":{"type":"MultiPolygon","coordinates":[[[[126.944737,35.149719],[126.944629,35.149713],[126.944625,35.14977],[126.944727,35.149774],[126.944737,35.149719]]]]}},{"type":"Feature","id":"1956194879901834205000000000","properties":{"id":"1956194879901834205000000000","pnu":"1221011100100720001","purpose":"단독주택"},"geometry":{"type":"MultiPolygon","coordinates":[[[[126.944677,35.14987],[126.944546,35.149893],[126.944563,35.14995],[126.944692,35.149926],[126.944677,35.14987]]]]}},{"type":"Feature","id":"1958194590531832318800000000","properties":{"id":"1958194590531832318800000000","pnu":"1221011100100950002","purpose":"단독주택"},"geometry":{"type":"MultiPolygon","coordinates":[[[[126.94141,35.148171],[126.941394,35.148218],[126.941477,35.148244],[126.941499,35.148199],[126.94141,35.148171]]]]}},{"type":"Feature","id":"1960194403691833702200000000","properties":{"id":"1960194403691833702200000000","pnu":"1221011100103080000","purpose":"단독주택"},"geometry":{"type":"MultiPolygon","coordinates":[[[[126.93934,35.149478],[126.939437,35.149489],[126.939447,35.14943],[126.939351,35.149418],[126.93934,35.149478]]]]}},{"type":"Feature","id":"1961194511841842572900000000","properties":{"id":"1961194511841842572900000000","pnu":"1221011000100010006","purpose":"단독주택","floors":1,"structure":"일반목구조"},"geometry":{"type":"MultiPolygon","coordinates":[[[[126.940535,35.157408],[126.940537,35.157491],[126.940614,35.157491],[126.940613,35.15741],[126.940535,35.157408]]]]}},{"type":"Feature","id":"1961194888631833912400000000","properties":{"id":"1961194888631833912400000000","pnu":"1221011100100670021","purpose":"단독주택","floors":1,"structure":"일반목구조"},"geometry":{"type":"MultiPolygon","coordinates":[[[[126.944769,35.149664],[126.944761,35.149623],[126.944666,35.149625],[126.94467,35.149672],[126.944769,35.149664]]]]}},{"type":"Feature","id":"1961195095611834587600000000","properties":{"id":"1961195095611834587600000000","pnu":"1221011100100090001","purpose":"단독주택","floors":1,"structure":"일반목구조"},"geometry":{"type":"MultiPolygon","coordinates":[[[[126.946938,35.150241],[126.946986,35.150297],[126.947034,35.15027],[126.946987,35.150214],[126.946938,35.150241]]]]}},{"type":"Feature","id":"1965194571831842872100000000","properties":{"id":"1965194571831842872100000000","pnu":"1221011000100010003","purpose":"단독주택","floors":1,"structure":"블록구조"},"geometry":{"type":"MultiPolygon","coordinates":[[[[126.941214,35.157771],[126.9413,35.157711],[126.941246,35.157669],[126.941168,35.157731],[126.941214,35.157771]]]]}},{"type":"Feature","id":"1966194502771842141000000000","properties":{"id":"1966194502771842141000000000","pnu":"1221011000100790002","purpose":"단독주택"},"geometry":{"type":"MultiPolygon","coordinates":[[[[126.940489,35.157117],[126.940521,35.157014],[126.940465,35.157005],[126.940427,35.157103],[126.940489,35.157117]]]]}},{"type":"Feature","id":"1966194503031842354400000000","properties":{"id":"1966194503031842354400000000","pnu":"1221011000100790002","purpose":"단독주택"},"geometry":{"type":"MultiPolygon","coordinates":[[[[126.940507,35.157314],[126.940547,35.157268],[126.940457,35.157195],[126.940404,35.157236],[126.940507,35.157314]]]]}},{"type":"Feature","id":"1966194506681841856400000000","properties":{"id":"1966194506681841856400000000","pnu":"1221011000100790002","purpose":"단독주택"},"geometry":{"type":"MultiPolygon","coordinates":[[[[126.940533,35.156859],[126.940582,35.156813],[126.940499,35.156751],[126.940455,35.156791],[126.940533,35.156859]]]]}},{"type":"Feature","id":"1966194509581842011400000000","properties":{"id":"1966194509581842011400000000","pnu":"1221011000100790002","purpose":"단독주택"},"geometry":{"type":"MultiPolygon","coordinates":[[[[126.94056,35.156994],[126.940606,35.156966],[126.940544,35.156893],[126.940493,35.156927],[126.94056,35.156994]]]]}},{"type":"Feature","id":"1966194510181842229800000000","properties":{"id":"1966194510181842229800000000","pnu":"1221011000100790002","purpose":"단독주택"},"geometry":{"type":"MultiPolygon","coordinates":[[[[126.940577,35.157193],[126.940596,35.157099],[126.940539,35.157089],[126.940515,35.15718],[126.940577,35.157193]]]]}},{"type":"Feature","id":"1966194517951842310400000000","properties":{"id":"1966194517951842310400000000","pnu":"1221011000100790002","purpose":"단독주택"},"geometry":{"type":"MultiPolygon","coordinates":[[[[126.940684,35.157249],[126.9407,35.157202],[126.940595,35.157181],[126.940582,35.157221],[126.940684,35.157249]]]]}},{"type":"Feature","id":"1966194519211842231000000000","properties":{"id":"1966194519211842231000000000","pnu":"1221011000100790002","purpose":"단독주택"},"geometry":{"type":"MultiPolygon","coordinates":[[[[126.940611,35.157096],[126.940593,35.157169],[126.940698,35.157188],[126.940722,35.157118],[126.940611,35.157096]]]]}},{"type":"Feature","id":"1966194556411842648600000000","properties":{"id":"1966194556411842648600000000","pnu":"1221011000100790002","purpose":"단독주택"},"geometry":{"type":"MultiPolygon","coordinates":[[[[126.941125,35.157558],[126.941141,35.157515],[126.941021,35.157479],[126.940974,35.15752],[126.941125,35.157558]]]]}},{"type":"Feature","id":"1967194459151842343900000000","properties":{"id":"1967194459151842343900000000","pnu":"1221011000200430001","purpose":"단독주택"},"geometry":{"type":"MultiPolygon","coordinates":[[[[126.939943,35.157233],[126.940007,35.157288],[126.94005,35.157253],[126.939986,35.157199],[126.939943,35.157233]]]]}},{"type":"Feature","id":"1967194762871835771900000000","properties":{"id":"1967194762871835771900000000","pnu":"1221011100100440000","purpose":"제2종 근린생활시설","far":5.55,"floors":1,"structure":"일반목구조"},"geometry":{"type":"MultiPolygon","coordinates":[[[[126.943313,35.151371],[126.943397,35.151316],[126.943355,35.151272],[126.943271,35.151327],[126.943313,35.151371]]]]}},{"type":"Feature","id":"1968194377241832985700000000","properties":{"id":"1968194377241832985700000000","pnu":"1221011100102850001","year":1968,"purpose":"단독주택","floors":1,"structure":"벽돌구조"},"geometry":{"type":"MultiPolygon","coordinates":[[[[126.939071,35.148866],[126.939173,35.148808],[126.939124,35.14875],[126.939087,35.148764],[126.939093,35.148778],[126.939038,35.148814],[126.939071,35.148866]]]]}},{"type":"Feature","id":"1968194383831833077800000000","properties":{"id":"1968194383831833077800000000","pnu":"1221011100102850003","year":1968,"purpose":"단독주택"},"geometry":{"type":"MultiPolygon","coordinates":[[[[126.939246,35.148903],[126.939205,35.148831],[126.939158,35.148849],[126.939165,35.14886],[126.939105,35.148898],[126.939132,35.148945],[126.939246,35.148903]]]]}},{"type":"Feature","id":"1968194385971832915100000000","properties":{"id":"1968194385971832915100000000","pnu":"1221011100102850002","year":1968,"purpose":"단독주택","floors":1,"structure":"벽돌구조"},"geometry":{"type":"MultiPolygon","coordinates":[[[[126.939181,35.1488],[126.939274,35.148741],[126.939232,35.148692],[126.939174,35.148725],[126.939158,35.148715],[126.939124,35.148735],[126.939181,35.1488]]]]}},{"type":"Feature","id":"1968194393561833010400000000","properties":{"id":"1968194393561833010400000000","pnu":"1221011100102850004","year":1968,"purpose":"단독주택","floors":1,"structure":"블록구조"},"geometry":{"type":"MultiPolygon","coordinates":[[[[126.939352,35.148817],[126.939306,35.148777],[126.939263,35.148814],[126.939245,35.1488],[126.939214,35.148832],[126.939273,35.148886],[126.939352,35.148817]]]]}},{"type":"Feature","id":"1968194398321833876100000000","properties":{"id":"1968194398321833876100000000","pnu":"1221011100100950010","purpose":"단독주택"},"geometry":{"type":"MultiPolygon","coordinates":[[[[126.939292,35.149587],[126.939294,35.149633],[126.93938,35.149629],[126.939378,35.149592],[126.939292,35.149587]]]]}},{"type":"Feature","id":"1968194647591834370400000000","properties":{"id":"1968194647591834370400000000","pnu":"1221011100100850006","year":1968,"purpose":"제2종 근린생활시설"},"geometry":{"type":"MultiPolygon","coordinates":[[[[126.942119,35.150066],[126.942038,35.150025],[126.942023,35.150051],[126.942101,35.150089],[126.942119,35.150066]]]]}},{"type":"Feature","id":"1968194649661834324100000000","properties":{"id":"1968194649661834324100000000","pnu":"1221011100100850006","year":1968,"purpose":"단독주택"},"geometry":{"type":"MultiPolygon","coordinates":[[[[126.942052,35.15],[126.942039,35.15002],[126.942125,35.150066],[126.942145,35.150029],[126.942108,35.150011],[126.942111,35.150001],[126.942118,35.149981],[126.942075,35.149966],[126.942052,35.15]]]]}},{"type":"Feature","id":"1968194654261834586400000000","properties":{"id":"1968194654261834586400000000","pnu":"1221011100100850006","year":1968,"purpose":"제2종 근린생활시설"},"geometry":{"type":"MultiPolygon","coordinates":[[[[126.942194,35.150298],[126.942219,35.150264],[126.942093,35.150206],[126.942067,35.150242],[126.942194,35.150298]]]]}},{"type":"Feature","id":"1968194659871834705000000000","properties":{"id":"1968194659871834705000000000","pnu":"1221011100100850006","year":1968,"purpose":"단독주택"},"geometry":{"type":"MultiPolygon","coordinates":[[[[126.942227,35.150403],[126.94226,35.150331],[126.942197,35.150315],[126.942184,35.150342],[126.942162,35.150339],[126.942145,35.15038],[126.942227,35.150403]]]]}},{"type":"Feature","id":"1968194660411834377000000000","properties":{"id":"1968194660411834377000000000","pnu":"1221011100100850006","year":1968,"purpose":"제2종 근린생활시설"},"geometry":{"type":"MultiPolygon","coordinates":[[[[126.942248,35.150109],[126.942282,35.150056],[126.942169,35.150018],[126.942142,35.150073],[126.942248,35.150109]]]]}},{"type":"Feature","id":"1969194615541833008200000000","properties":{"id":"1969194615541833008200000000","pnu":"1221011100100940005","purpose":"단독주택","floors":1,"structure":"블록구조"},"geometry":{"type":"MultiPolygon","coordinates":[[[[126.94169,35.148866],[126.941772,35.148843],[126.941753,35.148793],[126.941663,35.148817],[126.94169,35.148866]]]]}},{"type":"Feature","id":"1970194371501832207300000000","properties":{"id":"1970194371501832207300000000","pnu":"1221011100102200007","year":1970,"purpose":"단독주택"},"geometry":{"type":"MultiPolygon","coordinates":[[[[126.938955,35.148061],[126.938965,35.148095],[126.938976,35.148095],[126.938982,35.148135],[126.939139,35.148138],[126.939111,35.148092],[126.938955,35.148061]]]]}},{"type":"Feature","id":"1970194375461832636000000000","properties":{"id":"1970194375461832636000000000","pnu":"1221011100102840008","purpose":"단독주택","floors":1,"structure":"벽돌구조"},"geometry":{"type":"MultiPolygon","coordinates":[[[[126.939076,35.148551],[126.939149,35.148474],[126.939069,35.148434],[126.939051,35.148457],[126.939073,35.14847],[126.939025,35.148519],[126.939076,35.148551]]]]}},{"type":"Feature","id":"1970194381901832702900000000","properties":{"id":"1970194381901832702900000000","pnu":"1221011100102840007","purpose":"단독주택","floors":1,"structure":"벽돌구조"},"geometry":{"type":"MultiPolygon","coordinates":[[[[126.939156,35.148613],[126.939215,35.148526],[126.939149,35.148494],[126.939124,35.148526],[126.939136,35.148534],[126.939095,35.148583],[126.939156,35.148613]]]]}},{"type":"Feature","id":"1970194404211833240400000000","properties":{"id":"1970194404211833240400000000","pnu":"1221011100102870004","year":1970,"purpose":"단독주택","floors":1,"structure":"블록구조"},"geometry":{"type":"MultiPolygon","coordinates":[[[[126.939392,35.149104],[126.939477,35.149042],[126.939396,35.148967],[126.939359,35.148996],[126.939368,35.149011],[126.939325,35.149043],[126.939392,35.149104]]]]}},{"type":"Feature","id":"1970194503161832149700000000","properties":{"id":"1970194503161832149700000000","pnu":"1221011100102170001","year":1970,"purpose":"단독주택"},"geometry":{"type":"MultiPolygon","coordinates":[[[[126.940556,35.14809],[126.940558,35.148029],[126.940482,35.14803],[126.940477,35.14803],[126.940475,35.148009],[126.940426,35.148011],[126.940423,35.148089],[126.940556,35.14809]]]]}},{"type":"Feature","id":"1970194589171832783300000000","properties":{"id":"1970194589171832783300000000","pnu":"1221011100100940007","year":1970,"purpose":"단독주택","floors":1,"structure":"벽돌구조"},"geometry":{"type":"MultiPolygon","coordinates":[[[[126.941408,35.148675],[126.941493,35.148606],[126.941467,35.148576],[126.941362,35.148643],[126.941408,35.148675]]]]}},{"type":"Feature","id":"1970194775071833732600000000","properties":{"id":"1970194775071833732600000000","pnu":"1221011100100760007","year":1970,"purpose":"단독주택"},"geometry":{"type":"MultiPolygon","coordinates":[[[[126.943479,35.149536],[126.943523,35.149456],[126.94346,35.149428],[126.943429,35.149482],[126.943435,35.149483],[126.943421,35.149521],[126.943479,35.149536]]]]}},{"type":"Feature","id":"1970194780141833831000000000","properties":{"id":"1970194780141833831000000000","pnu":"1221011100100760004","year":1970,"purpose":"단독주택"},"geometry":{"type":"MultiPolygon","coordinates":[[[[126.943569,35.149569],[126.943505,35.149539],[126.94348,35.149575],[126.943544,35.149605],[126.943569,35.149569]]]]}},{"type":"Feature","id":"1970194784451833752800000000","properties":{"id":"1970194784451833752800000000","pnu":"1221011100100760004","year":1970,"purpose":"제1종 근린생활시설"},"geometry":{"type":"MultiPolygon","coordinates":[[[[126.943573,35.149557],[126.943633,35.149473],[126.943563,35.149449],[126.943532,35.149495],[126.943541,35.149498],[126.943515,35.149534],[126.943573,35.149557]]]]}},{"type":"Feature","id":"1970194789561833654400000000","properties":{"id":"1970194789561833654400000000","pnu":"1221011100100760005","year":1970,"purpose":"제2종 근린생활시설","floors":1,"structure":"벽돌구조"},"geometry":{"type":"MultiPolygon","coordinates":[[[[126.943574,35.149442],[126.943636,35.149468],[126.943683,35.14938],[126.943621,35.149359],[126.943574,35.149442]]]]}},{"type":"Feature","id":"1970194797321833705000000000","properties":{"id":"1970194797321833705000000000","pnu":"1221011100100760003","year":1970,"purpose":"제2종 근린생활시설","floors":1,"structure":"벽돌구조"},"geometry":{"type":"MultiPolygon","coordinates":[[[[126.94364,35.149473],[126.943746,35.149513],[126.943786,35.149448],[126.943686,35.149401],[126.94364,35.149473]]]]}},{"type":"Feature","id":"1971194407861833833700000000","properties":{"id":"1971194407861833833700000000","pnu":"1221011100100950007","year":1971,"purpose":"단독주택"},"geometry":{"type":"MultiPolygon","coordinates":[[[[126.939395,35.149556],[126.939392,35.149579],[126.93948,35.149591],[126.939485,35.149563],[126.939395,35.149556]]]]}},{"type":"Feature","id":"1971194617411833078200000000","properties":{"id":"1971194617411833078200000000","pnu":"1221011100100940001","year":1971,"purpose":"단독주택","floors":1,"structure":"벽돌구조"},"geometry":{"type":"MultiPolygon","coordinates":[[[[126.941789,35.148849],[126.941663,35.148881],[126.94168,35.148929],[126.941769,35.148913],[126.941771,35.148926],[126.941809,35.148919],[126.941789,35.148849]]]]}},{"type":"Feature","id":"1972194383011833586800000000","properties":{"id":"1972194383011833586800000000","pnu":"1221011100102720002","purpose":"단독주택","floors":1,"structure":"벽돌구조"},"geometry":{"type":"MultiPolygon","coordinates":[[[[126.939231,35.149376],[126.939221,35.149331],[126.939164,35.14933],[126.939162,35.149305],[126.939114,35.149307],[126.939127,35.149388],[126.939231,35.149376]]]]}},{"type":"Feature","id":"1972194395621833316700000000","properties":{"id":"1972194395621833316700000000","pnu":"1221011100102870003","year":1972,"purpose":"단독주택","floors":1,"structure":"일반목구조"},"geometry":{"type":"MultiPolygon","coordinates":[[[[126.939279,35.149164],[126.939378,35.149102],[126.939311,35.149044],[126.939284,35.149063],[126.939295,35.149076],[126.939235,35.149124],[126.939279,35.149164]]]]}},{"type":"Feature","id":"1972194415801832760000000000","properties":{"id":"1972194415801832760000000000","pnu":"1221011100102930002","year":1972,"purpose":"단독주택","floors":1,"structure":"벽돌구조"},"geometry":{"type":"MultiPolygon","coordinates":[[[[126.939536,35.148663],[126.939582,35.148576],[126.939508,35.14855],[126.939492,35.14858],[126.939504,35.148586],[126.939475,35.148632],[126.939536,35.148663]]]]}},{"type":"Feature","id":"1972194607311842894800000000","properties":{"id":"1972194607311842894800000000","pnu":"1221011000100010000","purpose":"단독주택","floors":1,"structure":"일반목구조"},"geometry":{"type":"MultiPolygon","coordinates":[[[[126.941612,35.157768],[126.941651,35.157757],[126.941632,35.157713],[126.941594,35.157724],[126.941612,35.157768]]]]}},{"type":"Feature","id":"1972194857351834115500000000","properties":{"id":"1972194857351834115500000000","pnu":"1221011100100720004","purpose":"단독주택"},"geometry":{"type":"MultiPolygon","coordinates":[[[[126.944429,35.14984],[126.944414,35.149796],[126.944318,35.149814],[126.94433,35.149864],[126.944429,35.14984]]]]}},{"type":"Feature","id":"1973194373421833906600000000","properties":{"id":"1973194373421833906600000000","pnu":"1221011100103090010","year":1973,"purpose":"단독주택","floors":1,"structure":"벽돌구조"},"geometry":{"type":"MultiPolygon","coordinates":[[[[126.939045,35.1497],[126.939137,35.149626],[126.939073,35.149577],[126.938989,35.149648],[126.939045,35.1497]]]]}},{"type":"Feature","id":"1973194381891834158800000000","properties":{"id":"1973194381891834158800000000","pnu":"1221011100103090007","year":1973,"purpose":"단독주택","floors":1,"structure":"벽돌구조"},"geometry":{"type":"MultiPolygon","coordinates":[[[[126.939141,35.149921],[126.939225,35.149847],[126.939169,35.149809],[126.939121,35.149855],[126.939112,35.149853],[126.939084,35.149884],[126.939141,35.149921]]]]}},{"type":"Feature","id":"1973194419971832678300000000","properties":{"id":"1973194419971832678300000000","pnu":"1221011100102930003","year":1973,"purpose":"단독주택","floors":1,"structure":"벽돌구조"},"geometry":{"type":"MultiPolygon","coordinates":[[[[126.939599,35.148581],[126.939638,35.148515],[126.939597,35.148494],[126.93958,35.14851],[126.939529,35.148494],[126.939501,35.14853],[126.939599,35.148581]]]]}},{"type":"Feature","id":"1973194761521834622600000000","properties":{"id":"1973194761521834622600000000","pnu":"1221011100100580000","year":1973,"purpose":"제2종 근린생활시설","far":38.92,"floors":1,"structure":"벽돌구조"},"geometry":{"type":"MultiPolygon","coordinates":[[[[126.943223,35.150456],[126.943377,35.150362],[126.943374,35.150319],[126.943488,35.150257],[126.943455,35.150121],[126.943405,35.150119],[126.943409,35.150145],[126.943207,35.150238],[126.943196,35.150318],[126.943161,35.15034],[126.943176,35.150365],[126.943154,35.150378],[126.943223,35.150456]]]]}},{"type":"Feature","id":"1974194382421833982100000000","properties":{"id":"1974194382421833982100000000","pnu":"1221011100103090009","year":1974,"purpose":"단독주택","floors":1,"structure":"벽돌구조"},"geometry":{"type":"MultiPolygon","coordinates":[[[[126.939144,35.149764],[126.939225,35.149689],[126.939157,35.149649],[126.939126,35.149686],[126.939135,35.149697],[126.939102,35.149736],[126.939144,35.149764]]]]}},{"type":"Feature","id":"1975194494731842547000000000","properties":{"id":"1975194494731842547000000000","pnu":"1221011000100990015","year":1975,"purpose":"제2종 근린생활시설","floors":1,"structure":"벽돌구조"},"geometry":{"type":"MultiPolygon","coordinates":[[[[126.940331,35.157445],[126.940361,35.157461],[126.940439,35.157415],[126.940411,35.157389],[126.940331,35.157445]]]]}},{"type":"Feature","id":"1975194601121843008600000000","properties":{"id":"1975194601121843008600000000","pnu":"1221011000200470001","purpose":"단독주택","floors":1,"structure":"일반목구조"},"geometry":{"type":"MultiPolygon","coordinates":[[[[126.941481,35.157858],[126.941524,35.157899],[126.941627,35.15783],[126.941585,35.157786],[126.941481,35.157858]]]]}},{"type":"Feature","id":"1976194508061832466300000000","properties":{"id":"1976194508061832466300000000","pnu":"1221011100100890008","year":1976,"purpose":"단독주택"},"geometry":{"type":"MultiPolygon","coordinates":[[[[126.940542,35.148397],[126.940603,35.148319],[126.940529,35.148285],[126.940482,35.148366],[126.940542,35.148397]]]]}},{"type":"Feature","id":"1977194844821834821000000000","properties":{"id":"1977194844821834821000000000","pnu":"1221011100100520013","year":1977,"purpose":"기타"},"geometry":{"type":"MultiPolygon","coordinates":[[[[126.944246,35.150528],[126.944267,35.150408],[126.944223,35.150399],[126.944201,35.150523],[126.944246,35.150528]]]]}},{"type":"Feature","id":"1977195082231834195200000000","properties":{"id":"1977195082231834195200000000","pnu":"1221011100100090002","year":1977,"purpose":"제2종 근린생활시설","far":58.18,"floors":3,"structure":"철근콘크리트구조"},"geometry":{"type":"MultiPolygon","coordinates":[[[[126.946659,35.15],[126.946668,35.150015],[126.946713,35.150001],[126.946719,35.150008],[126.946742,35.15],[126.946795,35.149982],[126.946802,35.149988],[126.946959,35.149918],[126.946994,35.149947],[126.947065,35.149911],[126.946967,35.149775],[126.946611,35.14992],[126.946659,35.15]]]]}},{"type":"Feature","id":"1978194371991833593200000000","properties":{"id":"1978194371991833593200000000","pnu":"1221011100102720003","year":1978,"purpose":"단독주택","floors":1,"structure":"벽돌구조"},"geometry":{"type":"MultiPolygon","coordinates":[[[[126.939108,35.149383],[126.939101,35.149316],[126.93898,35.149331],[126.938992,35.149393],[126.939108,35.149383]]]]}},{"type":"Feature","id":"1978194404931832968600000000","properties":{"id":"1978194404931832968600000000","pnu":"1221011100102900000","year":1978,"purpose":"단독주택"},"geometry":{"type":"MultiPolygon","coordinates":[[[[126.939426,35.148832],[126.939451,35.148807],[126.939385,35.148753],[126.939365,35.148775],[126.939426,35.148832]]]]}},{"type":"Feature","id":"1978194410701832935100000000","properties":{"id":"1978194410701832935100000000","pnu":"1221011100102900000","year":1978,"purpose":"단독주택"},"geometry":{"type":"MultiPolygon","coordinates":[[[[126.939466,35.148818],[126.93953,35.148756],[126.939468,35.148708],[126.939441,35.148728],[126.939447,35.148741],[126.939417,35.148775],[126.939466,35.148818]]]]}},{"type":"Feature","id":"1978194411061832837000000000","properties":{"id":"1978194411061832837000000000","pnu":"1221011100102900000","year":1978,"purpose":"단독주택"},"geometry":{"type":"MultiPolygon","coordinates":[[[[126.939475,35.148679],[126.939476,35.148678],[126.939477,35.148678],[126.939478,35.148678],[126.939479,35.148677],[126.939479,35.148677],[126.93948,35.148676],[126.93948,35.148676],[126.93948,35.148675],[126.939481,35.148674],[126.93948,35.148673],[126.93948,35.148672],[126.93948,35.148672],[126.939479,35.148671],[126.939479,35.148671],[126.939478,35.14867],[126.939477,35.14867],[126.939476,35.14867],[126.939475,35.14867],[126.939474,35.14867],[126.939473,35.14867],[126.939472,35.14867],[126.939472,35.148671],[126.939471,35.148671],[126.93947,35.148672],[126.93947,35.148672],[126.93947,35.148673],[126.93947,35.148674],[126.93947,35.148675],[126.93947,35.148676],[126.93947,35.148676],[126.939471,35.148677],[126.939472,35.148677],[126.939472,35.148678],[126.939473,35.148678],[126.939474,35.148678],[126.939475,35.148679]]]]}},{"type":"Feature","id":"1978194898581833739300000000","properties":{"id":"1978194898581833739300000000","pnu":"1221011100100710000","year":1978,"purpose":"제1종 근린생활시설","far":38.77,"floors":1,"structure":"벽돌구조"},"geometry":{"type":"MultiPolygon","coordinates":[[[[126.944638,35.149429],[126.94472,35.149572],[126.945025,35.1495],[126.944959,35.149424],[126.944852,35.149447],[126.94484,35.149425],[126.944719,35.149468],[126.94467,35.149419],[126.944638,35.149429]]]]}},{"type":"Feature","id":"1978194904501833636700000000","properties":{"id":"1978194904501833636700000000","pnu":"1221011100100710000","year":1978,"purpose":"제2종 근린생활시설"},"geometry":{"type":"MultiPolygon","coordinates":[[[[126.944906,35.149346],[126.944815,35.149386],[126.944858,35.14944],[126.944968,35.149421],[126.944906,35.149346]]]]}},{"type":"Feature","id":"1978194927511833499200000000","properties":{"id":"1978194927511833499200000000","pnu":"1221011100100700001","year":1978,"purpose":"제1종 근린생활시설"},"geometry":{"type":"MultiPolygon","coordinates":[[[[126.945228,35.149315],[126.94524,35.14925],[126.945053,35.149233],[126.945047,35.149297],[126.945228,35.149315]]]]}},{"type":"Feature","id":"1978194938501833499700000000","properties":{"id":"1978194938501833499700000000","pnu":"1221011100100700001","purpose":"제1종 근린생활시설","far":1.3043478,"structure":"벽돌구조"},"geometry":{"type":"MultiPolygon","coordinates":[[[[126.945289,35.149241],[126.945247,35.149237],[126.945237,35.149307],[126.945279,35.149311],[126.945289,35.149241]]]]}},{"type":"Feature","id":"1979194505061832299900000000","properties":{"id":"1979194505061832299900000000","pnu":"1221011100100890006","year":1979,"purpose":"단독주택","floors":2,"structure":"벽돌구조"},"geometry":{"type":"MultiPolygon","coordinates":[[[[126.940511,35.148259],[126.940587,35.148139],[126.940567,35.148132],[126.940558,35.148149],[126.94052,35.148133],[126.940505,35.148147],[126.940483,35.148138],[126.940435,35.148223],[126.940511,35.148259]]]]}},{"type":"Feature","id":"1979194651321832688900000000","properties":{"id":"1979194651321832688900000000","pnu":"1221011100101010000","year":1979,"purpose":"단독주택"},"geometry":{"type":"MultiPolygon","coordinates":[[[[126.942144,35.148592],[126.942157,35.148489],[126.942088,35.148488],[126.942076,35.148551],[126.942063,35.148551],[126.94206,35.148588],[126.942144,35.148592]]]]}},{"type":"Feature","id":"1980194393211832746900000000","properties":{"id":"1980194393211832746900000000","pnu":"1221011100102910001","year":1980,"purpose":"단독주택","floors":2,"structure":"벽돌구조"},"geometry":{"type":"MultiPolygon","coordinates":[[[[126.939271,35.148665],[126.93936,35.148549],[126.9393,35.148522],[126.939259,35.148565],[126.939248,35.14856],[126.9392,35.148631],[126.939271,35.148665]]]]}},{"type":"Feature","id":"1980194795871834385500000000","properties":{"id":"1980194795871834385500000000","pnu":"1221011100100630000","purpose":"제2종 근린생활시설","structure":"경량철골구조"},"geometry":{"type":"MultiPolygon","coordinates":[[[[126.943786,35.150087],[126.943762,35.150024],[126.943706,35.150039],[126.943703,35.150031],[126.943608,35.150058],[126.943628,35.150113],[126.94365,35.150111],[126.943655,35.150119],[126.943786,35.150087]]]]}},{"type":"Feature","id":"1980194800161834761000000000","properties":{"id":"1980194800161834761000000000","pnu":"1221011100100600000","year":1980,"purpose":"제2종 근린생활시설"},"geometry":{"type":"MultiPolygon","coordinates":[[[[126.943818,35.150456],[126.943828,35.150374],[126.94367,35.150364],[126.943661,35.150448],[126.943818,35.150456]]]]}},{"type":"Feature","id":"1980194803431834657000000000","properties":{"id":"1980194803431834657000000000","pnu":"1221011100100600000","purpose":"제2종 근린생활시설","structure":"벽돌구조"},"geometry":{"type":"MultiPolygon","coordinates":[[[[126.943699,35.150322],[126.943717,35.15035],[126.943855,35.150315],[126.943842,35.150281],[126.943699,35.150322]]]]}},{"type":"Feature","id":"1980194934401833902000000000","properties":{"id":"1980194934401833902000000000","pnu":"1221011100100670020","year":1980,"purpose":"제2종 근린생활시설"},"geometry":{"type":"MultiPolygon","coordinates":[[[[126.945185,35.149679],[126.945245,35.149664],[126.945256,35.14961],[126.945193,35.149597],[126.945185,35.149679]]]]}},{"type":"Feature","id":"1980194937831834008500000000","properties":{"id":"1980194937831834008500000000","pnu":"1221011100100670020","year":1980,"purpose":"단독주택"},"geometry":{"type":"MultiPolygon","coordinates":[[[[126.945252,35.149788],[126.945304,35.149767],[126.945256,35.149676],[126.945207,35.1497],[126.945252,35.149788]]]]}},{"type":"Feature","id":"1980194944881833712300000000","properties":{"id":"1980194944881833712300000000","pnu":"1221011100100690001","purpose":"제2종 근린생활시설","structure":"벽돌구조"},"geometry":{"type":"MultiPolygon","coordinates":[[[[126.945316,35.14942],[126.945278,35.14945],[126.94535,35.149511],[126.945388,35.149481],[126.945316,35.14942]]]]}},{"type":"Feature","id":"1980194946111834056200000000","properties":{"id":"1980194946111834056200000000","pnu":"1221011100100670020","year":1980,"purpose":"단독주택"},"geometry":{"type":"MultiPolygon","coordinates":[[[[126.945293,35.149822],[126.945415,35.149781],[126.945382,35.149722],[126.945337,35.149741],[126.945344,35.149761],[126.945268,35.149783],[126.945293,35.149822]]]]}},{"type":"Feature","id":"1980194953021833560300000000","properties":{"id":"1980194953021833560300000000","pnu":"1221011100100690001","year":1980,"purpose":"제2종 근린생활시설","far":35.39,"floors":1,"structure":"벽돌구조"},"geometry":{"type":"MultiPolygon","coordinates":[[[[126.945377,35.149398],[126.945506,35.149342],[126.945493,35.149274],[126.945442,35.149266],[126.945326,35.149329],[126.945377,35.149398]]]]}},{"type":"Feature","id":"1981194403361833076400000000","properties":{"id":"1981194403361833076400000000","pnu":"1221011100102880002","year":1981,"purpose":"단독주택","floors":1,"structure":"벽돌구조"},"geometry":{"type":"MultiPolygon","coordinates":[[[[126.93938,35.148939],[126.939455,35.148886],[126.939413,35.148845],[126.939359,35.148875],[126.93935,35.148863],[126.939324,35.148883],[126.93938,35.148939]]]]}},{"type":"Feature","id":"1981194740181838609100000000","properties":{"id":"1981194740181838609100000000","pnu":"1221011100100200008","year":1981,"purpose":"숙박시설","far":51.57,"floors":6,"structure":"철근콘크리트구조"},"geometry":{"type":"MultiPolygon","coordinates":[[[[126.943247,35.154222],[126.943216,35.153909],[126.943331,35.153841],[126.943306,35.153811],[126.943333,35.153716],[126.943223,35.153596],[126.943121,35.153592],[126.943109,35.153578],[126.942753,35.153777],[126.942952,35.154027],[126.943013,35.154025],[126.943043,35.15424],[126.943124,35.154241],[126.943126,35.154269],[126.943173,35.154269],[126.943171,35.154229],[126.943247,35.154222]]]]}},{"type":"Feature","id":"1981194767081838314100000000","properties":{"id":"1981194767081838314100000000","pnu":"1221011100100200008","year":1981,"purpose":"숙박시설","far":51.57,"floors":6,"structure":"철근콘크리트구조"},"geometry":{"type":"MultiPolygon","coordinates":[[[[126.943593,35.15366],[126.943393,35.153432],[126.943336,35.153433],[126.943114,35.153575],[126.943127,35.153586],[126.943225,35.15359],[126.943337,35.153715],[126.943312,35.153812],[126.943331,35.153836],[126.943592,35.153677],[126.943593,35.15366]]]]}},{"type":"Feature","id":"1981194858081837924900000000","properties":{"id":"1981194858081837924900000000","pnu":"1221011100100200008","year":1981,"purpose":"숙박시설","far":51.57,"floors":6,"structure":"철근콘크리트구조"},"geometry":{"type":"MultiPolygon","coordinates":[[[[126.944355,35.15341],[126.944484,35.153372],[126.94435,35.153086],[126.944282,35.153109],[126.944363,35.153313],[126.944319,35.153329],[126.944355,35.15341]]]]}},{"type":"Feature","id":"1981194905991833922700000000","properties":{"id":"1981194905991833922700000000","pnu":"1221011100100670007","purpose":"제2종 근린생활시설","structure":"철근콘크리트구조"},"geometry":{"type":"MultiPolygon","coordinates":[[[[126.944987,35.149683],[126.944982,35.14962],[126.944918,35.149623],[126.944919,35.149641],[126.944874,35.149643],[126.944873,35.149622],[126.944816,35.149625],[126.94482,35.149672],[126.944857,35.14967],[126.944858,35.14969],[126.944987,35.149683]]]]}},{"type":"Feature","id":"1981194923371833936500000000","properties":{"id":"1981194923371833936500000000","pnu":"1221011100100670007","year":1981,"purpose":"제2종 근린생활시설","far":47.67,"floors":2,"structure":"벽돌구조"},"geometry":{"type":"MultiPolygon","coordinates":[[[[126.945175,35.149706],[126.94518,35.149622],[126.945132,35.14962],[126.945131,35.149642],[126.945004,35.149637],[126.945001,35.149692],[126.945026,35.149693],[126.945026,35.1497],[126.945175,35.149706]]]]}},{"type":"Feature","id":"1982194569541838344100000000","properties":{"id":"1982194569541838344100000000","pnu":"1221011000100080000","purpose":"기타","structure":"벽돌구조"},"geometry":{"type":"MultiPolygon","coordinates":[[[[126.941207,35.15369],[126.941264,35.15366],[126.941214,35.153588],[126.941158,35.153616],[126.941207,35.15369]]]]}},{"type":"Feature","id":"1982194577441838275300000000","properties":{"id":"1982194577441838275300000000","pnu":"1221011000100080000","year":1982,"purpose":"제1종 근린생활시설","floors":1,"structure":"벽돌구조"},"geometry":{"type":"MultiPolygon","coordinates":[[[[126.941272,35.153619],[126.941361,35.153584],[126.941318,35.153535],[126.941237,35.153568],[126.941272,35.153619]]]]}},{"type":"Feature","id":"1982194622031838497500000000","properties":{"id":"1982194622031838497500000000","pnu":"1221011000100080001","year":1982,"purpose":"기타","floors":1,"structure":"벽돌구조"},"geometry":{"type":"MultiPolygon","coordinates":[[[[126.941761,35.153848],[126.941868,35.153766],[126.941818,35.153707],[126.941703,35.153787],[126.941761,35.153848]]]]}},{"type":"Feature","id":"1982194782431834229800000000","properties":{"id":"1982194782431834229800000000","pnu":"1221011100100800001","purpose":"기타","structure":"벽돌구조"},"geometry":{"type":"MultiPolygon","coordinates":[[[[126.943575,35.149978],[126.9436,35.149915],[126.943501,35.149889],[126.943492,35.149914],[126.943534,35.149925],[126.943519,35.149963],[126.943575,35.149978]]]]}},{"type":"Feature","id":"1982194783611834155000000000","properties":{"id":"1982194783611834155000000000","pnu":"1221011100100800001","year":1982,"purpose":"제2종 근린생활시설","floors":1,"structure":"벽돌구조"},"geometry":{"type":"MultiPolygon","coordinates":[[[[126.943604,35.149906],[126.943629,35.149854],[126.94352,35.149822],[126.943498,35.149876],[126.943604,35.149906]]]]}},{"type":"Feature","id":"1982194877071833101300000000","properties":{"id":"1982194877071833101300000000","pnu":"1221011100101160000","year":1982,"purpose":"제2종 근린생활시설"},"geometry":{"type":"MultiPolygon","coordinates":[[[[126.944653,35.148981],[126.944657,35.148855],[126.944524,35.148849],[126.944521,35.148974],[126.944653,35.148981]]]]}},{"type":"Feature","id":"1982194889561833234500000000","properties":{"id":"1982194889561833234500000000","pnu":"1221011100101160000","year":1982,"purpose":"제2종 근린생활시설"},"geometry":{"type":"MultiPolygon","coordinates":[[[[126.944538,35.148985],[126.944542,35.149061],[126.944908,35.149085],[126.944915,35.149009],[126.944538,35.148985]]]]}},{"type":"Feature","id":"1982194934631832886800000000","properties":{"id":"1982194934631832886800000000","pnu":"1221011100101160001","year":1982,"purpose":"제2종 근린생활시설","far":50.16,"floors":2,"structure":"벽돌구조"},"geometry":{"type":"MultiPolygon","coordinates":[[[[126.94527,35.148764],[126.945287,35.148711],[126.945176,35.148678],[126.945153,35.148734],[126.94527,35.148764]]]]}},{"type":"Feature","id":"1982194945071832753100000000","properties":{"id":"1982194945071832753100000000","pnu":"1221011100101160002","year":1982,"purpose":"제2종 근린생활시설","floors":2,"structure":"벽돌구조"},"geometry":{"type":"MultiPolygon","coordinates":[[[[126.945375,35.148705],[126.94546,35.148596],[126.945426,35.148581],[126.94544,35.148562],[126.945314,35.148502],[126.945283,35.148538],[126.945267,35.148533],[126.945205,35.14862],[126.945256,35.148655],[126.94527,35.148645],[126.945375,35.148705]]]]}},{"type":"Feature","id":"1982194979801832804000000000","properties":{"id":"1982194979801832804000000000","pnu":"1221011100101160008","year":1982,"purpose":"제2종 근린생활시설","far":7.78,"floors":1,"structure":"벽돌구조"},"geometry":{"type":"MultiPolygon","coordinates":[[[[126.945654,35.148659],[126.945767,35.148681],[126.94578,35.148634],[126.945662,35.148615],[126.945654,35.148659]]]]}},{"type":"Feature","id":"1982194989351833143500000000","properties":{"id":"1982194989351833143500000000","pnu":"1221011100200680017","year":1982,"purpose":"숙박시설","floors":1,"structure":"벽돌구조"},"geometry":{"type":"MultiPolygon","coordinates":[[[[126.945848,35.149013],[126.945893,35.148937],[126.945795,35.148897],[126.945747,35.148964],[126.945848,35.149013]]]]}},{"type":"Feature","id":"1982194992961833069900000000","properties":{"id":"1982194992961833069900000000","pnu":"1221011100200680017","year":1982,"purpose":"숙박시설","floors":1,"structure":"벽돌구조"},"geometry":{"type":"MultiPolygon","coordinates":[[[[126.94582,35.148852],[126.945805,35.14888],[126.945903,35.148922],[126.945916,35.148895],[126.94582,35.148852]]]]}},{"type":"Feature","id":"1982195154061833788300000000","properties":{"id":"1982195154061833788300000000","pnu":"1221011100100140000","year":1982,"purpose":"제1종 근린생활시설","floors":1,"structure":"벽돌구조"},"geometry":{"type":"MultiPolygon","coordinates":[[[[126.947582,35.149559],[126.947671,35.149562],[126.947674,35.149512],[126.947585,35.149509],[126.947582,35.149559]]]]}},{"type":"Feature","id":"1982195209161833739100000000","properties":{"id":"1982195209161833739100000000","pnu":"1221011100200560006","year":1982,"purpose":"제2종 근린생활시설","floors":2,"structure":"벽돌구조"},"geometry":{"type":"MultiPolygon","coordinates":[[[[126.948166,35.149489],[126.948197,35.149533],[126.948298,35.149495],[126.948272,35.149449],[126.948166,35.149489]]]]}},{"type":"Feature","id":"1982195220721833678500000000","properties":{"id":"1982195220721833678500000000","pnu":"1221011100200560006","year":1982,"purpose":"제2종 근린생활시설","floors":2,"structure":"벽돌구조"},"geometry":{"type":"MultiPolygon","coordinates":[[[[126.948297,35.149439],[126.948318,35.149479],[126.948422,35.149439],[126.948397,35.149392],[126.948297,35.149439]]]]}},{"type":"Feature","id":"1982195220971833874500000000","properties":{"id":"1982195220971833874500000000","pnu":"1221011100200560006","year":1982,"purpose":"제2종 근린생활시설","floors":2,"structure":"벽돌구조"},"geometry":{"type":"MultiPolygon","coordinates":[[[[126.948301,35.149617],[126.948331,35.149656],[126.948426,35.149603],[126.9484,35.149573],[126.948301,35.149617]]]]}},{"type":"Feature","id":"1983194503871842480700000000","properties":{"id":"1983194503871842480700000000","pnu":"1221011000100990023","year":1983,"purpose":"단독주택"},"geometry":{"type":"MultiPolygon","coordinates":[[[[126.940419,35.157379],[126.940474,35.157413],[126.94055,35.157354],[126.940511,35.157319],[126.940419,35.157379]]]]}},{"type":"Feature","id":"1983194580231842932300000000","properties":{"id":"1983194580231842932300000000","pnu":"1221011000100010002","year":1983,"purpose":"단독주택","floors":1,"structure":"일반목구조"},"geometry":{"type":"MultiPolygon","coordinates":[[[[126.94127,35.157814],[126.941394,35.157802],[126.941384,35.157742],[126.941297,35.157744],[126.941294,35.157734],[126.941263,35.157737],[126.94127,35.157814]]]]}},{"type":"Feature","id":"1983194610601832817100000000","properties":{"id":"1983194610601832817100000000","pnu":"1221011100100940004","year":1983,"purpose":"단독주택","floors":1,"structure":"블록구조"},"geometry":{"type":"MultiPolygon","coordinates":[[[[126.941615,35.148698],[126.941721,35.148682],[126.941708,35.148612],[126.941661,35.148619],[126.941663,35.148629],[126.941605,35.14864],[126.941615,35.148698]]]]}},{"type":"Feature","id":"1983194803961834502700000000","properties":{"id":"1983194803961834502700000000","pnu":"1221011100100630000","year":1983,"purpose":"제2종 근린생활시설","floors":2,"structure":"벽돌구조"},"geometry":{"type":"MultiPolygon","coordinates":[[[[126.943709,35.150174],[126.943735,35.150218],[126.943761,35.150209],[126.943775,35.150225],[126.943841,35.1502],[126.943835,35.150186],[126.943853,35.15017],[126.943824,35.150124],[126.943709,35.150174]]]]}},{"type":"Feature","id":"1983194969261833632500000000","properties":{"id":"1983194969261833632500000000","pnu":"1221011100100680000","year":1983,"purpose":"제1종 근린생활시설","floors":2,"structure":"벽돌구조"},"geometry":{"type":"MultiPolygon","coordinates":[[[[126.945701,35.149428],[126.94568,35.149315],[126.945545,35.149339],[126.945557,35.149383],[126.945484,35.149403],[126.945496,35.149466],[126.945701,35.149428]]]]}},{"type":"Feature","id":"1984194413321833177800000000","properties":{"id":"1984194413321833177800000000","pnu":"1221011100102880000","year":1984,"purpose":"단독주택","floors":1,"structure":"일반목구조"},"geometry":{"type":"MultiPolygon","coordinates":[[[[126.93949,35.149047],[126.93958,35.148959],[126.939529,35.148921],[126.939463,35.148966],[126.939448,35.148957],[126.939416,35.148983],[126.93949,35.149047]]]]}},{"type":"Feature","id":"1984194876891834379700000000","properties":{"id":"1984194876891834379700000000","pnu":"1221011100200460003","year":1984,"purpose":"제2종 근린생활시설"},"geometry":{"type":"MultiPolygon","coordinates":[[[[126.944675,35.15006],[126.94463,35.150004],[126.944581,35.150029],[126.944569,35.150016],[126.944543,35.150029],[126.944556,35.15005],[126.944501,35.150081],[126.944542,35.150135],[126.944675,35.15006]]]]}},{"type":"Feature","id":"1984195199881833984800000000","properties":{"id":"1984195199881833984800000000","pnu":"1221011100200560006","year":1984,"purpose":"제1종 근린생활시설","floors":1,"structure":"벽돌구조"},"geometry":{"type":"MultiPolygon","coordinates":[[[[126.94808,35.149713],[126.948098,35.149747],[126.948184,35.14971],[126.948163,35.149679],[126.94808,35.149713]]]]}},{"type":"Feature","id":"1985194373981834092100000000","properties":{"id":"1985194373981834092100000000","pnu":"1221011100103090006","year":1985,"purpose":"단독주택","floors":1,"structure":"벽돌구조"},"geometry":{"type":"MultiPolygon","coordinates":[[[[126.93906,35.149861],[126.939133,35.14979],[126.939066,35.14975],[126.939006,35.149821],[126.93906,35.149861]]]]}},{"type":"Feature","id":"1985194389181833868400000000","properties":{"id":"1985194389181833868400000000","pnu":"1221011100100950009","year":1985,"purpose":"단독주택","floors":1,"structure":"일반목구조"},"geometry":{"type":"MultiPolygon","coordinates":[[[[126.939192,35.149577],[126.93919,35.149623],[126.939278,35.149628],[126.939279,35.149586],[126.939192,35.149577]]]]}},{"type":"Feature","id":"1985194399901832839100000000","properties":{"id":"1985194399901832839100000000","pnu":"1221011100102910000","year":1985,"purpose":"단독주택"},"geometry":{"type":"MultiPolygon","coordinates":[[[[126.939356,35.148739],[126.939415,35.148671],[126.939342,35.148616],[126.93929,35.148671],[126.939332,35.148702],[126.939323,35.148717],[126.939356,35.148739]]]]}},{"type":"Feature","id":"1985194404731832757700000000","properties":{"id":"1985194404731832757700000000","pnu":"1221011100102910002","year":1985,"purpose":"단독주택"},"geometry":{"type":"MultiPolygon","coordinates":[[[[126.939424,35.148661],[126.939463,35.148619],[126.939448,35.148607],[126.939458,35.14859],[126.93944,35.148578],[126.939447,35.14857],[126.939398,35.148545],[126.939337,35.148607],[126.939424,35.148661]]]]}},{"type":"Feature","id":"1985194410001832365800000000","properties":{"id":"1985194410001832365800000000","pnu":"1221011100102190003","year":1985,"purpose":"제2종 근린생활시설","floors":1,"structure":"일반목구조"},"geometry":{"type":"MultiPolygon","coordinates":[[[[126.939416,35.148219],[126.939409,35.14826],[126.939508,35.14828],[126.93952,35.148239],[126.939416,35.148219]]]]}},{"type":"Feature","id":"1985194504931842783200000000","properties":{"id":"1985194504931842783200000000","pnu":"1221011000200450003","year":1985,"purpose":"단독주택","floors":1,"structure":"벽돌구조"},"geometry":{"type":"MultiPolygon","coordinates":[[[[126.940466,35.157598],[126.940436,35.157646],[126.940531,35.15768],[126.940563,35.157635],[126.940466,35.157598]]]]}},{"type":"Feature","id":"1985194512951842841700000000","properties":{"id":"1985194512951842841700000000","pnu":"1221011000200450003","purpose":"단독주택","structure":"벽돌구조"},"geometry":{"type":"MultiPolygon","coordinates":[[[[126.940572,35.157655],[126.940542,35.157706],[126.940605,35.157728],[126.94063,35.157682],[126.940572,35.157655]]]]}},{"type":"Feature","id":"1985194520401842861100000000","properties":{"id":"1985194520401842861100000000","pnu":"1221011000200450003","purpose":"단독주택","structure":"벽돌구조"},"geometry":{"type":"MultiPolygon","coordinates":[[[[126.940651,35.157673],[126.940624,35.157714],[126.940683,35.157746],[126.940714,35.157708],[126.940651,35.157673]]]]}},{"type":"Feature","id":"1985194527751842902900000000","properties":{"id":"1985194527751842902900000000","pnu":"1221011000200450003","year":1985,"purpose":"단독주택","floors":1,"structure":"벽돌구조"},"geometry":{"type":"MultiPolygon","coordinates":[[[[126.940721,35.157716],[126.940697,35.157758],[126.940785,35.157777],[126.940797,35.157738],[126.940721,35.157716]]]]}},{"type":"Feature","id":"1985194584671832622600000000","properties":{"id":"1985194584671832622600000000","pnu":"1221011100100940003","year":1985,"purpose":"단독주택"},"geometry":{"type":"MultiPolygon","coordinates":[[[[126.941416,35.14851],[126.94143,35.148476],[126.941343,35.148454],[126.94133,35.148486],[126.941416,35.14851]]]]}},{"type":"Feature","id":"1985194589541832695700000000","properties":{"id":"1985194589541832695700000000","pnu":"1221011100100940003","year":1985,"purpose":"단독주택"},"geometry":{"type":"MultiPolygon","coordinates":[[[[126.941403,35.148609],[126.941515,35.148534],[126.941475,35.148489],[126.941401,35.148531],[126.941393,35.148525],[126.941353,35.148552],[126.941403,35.148609]]]]}},{"type":"Feature","id":"1985194611501832895900000000","properties":{"id":"1985194611501832895900000000","pnu":"1221011100100940006","year":1985,"purpose":"단독주택"},"geometry":{"type":"MultiPolygon","coordinates":[[[[126.941745,35.148748],[126.941731,35.14869],[126.941604,35.148707],[126.94162,35.148767],[126.941745,35.148748]]]]}},{"type":"Feature","id":"1985194780311833626500000000","properties":{"id":"1985194780311833626500000000","pnu":"1221011100100760007","year":1985,"purpose":"단독주택"},"geometry":{"type":"MultiPolygon","coordinates":[[[[126.943535,35.149443],[126.943584,35.149358],[126.943515,35.149336],[126.94347,35.149412],[126.943535,35.149443]]]]}},{"type":"Feature","id":"1985194815501835289700000000","properties":{"id":"1985194815501835289700000000","pnu":"1221011100100530005","year":1985,"purpose":"제2종 근린생활시설"},"geometry":{"type":"MultiPolygon","coordinates":[[[[126.944024,35.150966],[126.943923,35.150826],[126.943942,35.150816],[126.943918,35.150775],[126.9439,35.15078],[126.943892,35.150773],[126.943844,35.150795],[126.943853,35.150813],[126.943798,35.150839],[126.943847,35.150907],[126.943867,35.150901],[126.943946,35.151008],[126.944024,35.150966]]]]}},{"type":"Feature","id":"1985195007271833251100000000","properties":{"id":"1985195007271833251100000000","pnu":"1221011100101160007","year":1985,"purpose":"기타"},"geometry":{"type":"MultiPolygon","coordinates":[[[[126.946125,35.14909],[126.946111,35.149],[126.945911,35.149011],[126.945923,35.149101],[126.946125,35.14909]]]]}},{"type":"Feature","id":"1987194417641840896800000000","properties":{"id":"1987194417641840896800000000","pnu":"1221011000100790003","purpose":"단독주택","floors":1,"structure":"블록구조"},"geometry":{"type":"MultiPolygon","coordinates":[[[[126.939503,35.155961],[126.939585,35.155955],[126.939579,35.155917],[126.9395,35.155922],[126.939503,35.155961]]]]}},{"type":"Feature","id":"1987194418841841543000000000","properties":{"id":"1987194418841841543000000000","pnu":"1221011000100790003","year":1987,"purpose":"공동주택","floors":12,"structure":"철근콘크리트구조"},"geometry":{"type":"MultiPolygon","coordinates":[[[[126.939919,35.156853],[126.939915,35.156749],[126.939827,35.156741],[126.939822,35.156703],[126.93972,35.156702],[126.939715,35.156666],[126.939602,35.156666],[126.939599,35.156616],[126.939522,35.156615],[126.939524,35.1561],[126.939399,35.156102],[126.939394,35.156687],[126.939506,35.15669],[126.939507,35.156725],[126.939611,35.156733],[126.939614,35.156768],[126.939723,35.156775],[126.939723,35.156805],[126.939805,35.156811],[126.939805,35.156849],[126.939919,35.156853]]]]}},{"type":"Feature","id":"1987194437071841465700000000","properties":{"id":"1987194437071841465700000000","pnu":"1221011000100790003","year":1987,"purpose":"공동주택","floors":3,"structure":"철근콘크리트구조"},"geometry":{"type":"MultiPolygon","coordinates":[[[[126.939794,35.15657],[126.939841,35.156547],[126.939731,35.156336],[126.939675,35.156359],[126.939713,35.156458],[126.939794,35.15657]]]]}},{"type":"Feature","id":"1987194491351842447100000000","properties":{"id":"1987194491351842447100000000","pnu":"1221011000100990001","year":1987,"purpose":"단독주택"},"geometry":{"type":"MultiPolygon","coordinates":[[[[126.940248,35.157346],[126.940299,35.157399],[126.940332,35.157378],[126.940346,35.157393],[126.940367,35.15738],[126.940373,35.157386],[126.940449,35.157338],[126.940377,35.157263],[126.940248,35.157346]]]]}},{"type":"Feature","id":"1988194792331835860400000000","properties":{"id":"1988194792331835860400000000","pnu":"1221011100200410001","year":1988,"purpose":"제1종 근린생활시설","far":1.29,"floors":1,"structure":"벽돌구조"},"geometry":{"type":"MultiPolygon","coordinates":[[[[126.94368,35.151447],[126.943686,35.151357],[126.943634,35.151355],[126.943629,35.151446],[126.94368,35.151447]]]]}},{"type":"Feature","id":"1989194526881833053900000000","properties":{"id":"1989194526881833053900000000","pnu":"1221011100100870001","year":1989,"purpose":"기타"},"geometry":{"type":"MultiPolygon","coordinates":[[[[126.940767,35.148904],[126.940787,35.148851],[126.940728,35.148835],[126.940704,35.148891],[126.940767,35.148904]]]]}},{"type":"Feature","id":"1989194558861833281300000000","properties":{"id":"1989194558861833281300000000","pnu":"1221011100100870001","year":1989,"purpose":"제2종 근린생활시설"},"geometry":{"type":"MultiPolygon","coordinates":[[[[126.941185,35.149064],[126.941034,35.149027],[126.941014,35.149082],[126.941038,35.149088],[126.941031,35.149106],[126.941061,35.149114],[126.941067,35.149096],[126.941165,35.14912],[126.941185,35.149064]]]]}},{"type":"Feature","id":"1991194374151834405100000000","properties":{"id":"1991194374151834405100000000","pnu":"1221011100103090016","year":1991,"purpose":"기타","far":81.76,"floors":2,"structure":"철근콘크리트구조"},"geometry":{"type":"MultiPolygon","coordinates":[[[[126.939109,35.150175],[126.939118,35.150088],[126.939139,35.150089],[126.939149,35.150012],[126.939017,35.150006],[126.938999,35.150169],[126.939109,35.150175]]]]}},{"type":"Feature","id":"1991194374211834897800000000","properties":{"id":"1991194374211834897800000000","pnu":"1221011100103150001","year":1991,"purpose":"공동주택","floors":15,"structure":"철근콘크리트구조"},"geometry":{"type":"MultiPolygon","coordinates":[[[[126.938943,35.150438],[126.938898,35.150546],[126.939197,35.150624],[126.939242,35.15052],[126.938943,35.150438]]]]}},{"type":"Feature","id":"1991194385111834514200000000","properties":{"id":"1991194385111834514200000000","pnu":"1221011100103090016","year":1991,"purpose":"기타","far":81.76,"floors":2,"structure":"철근콘크리트구조"},"geometry":{"type":"MultiPolygon","coordinates":[[[[126.939129,35.150149],[126.939125,35.150217],[126.939248,35.150223],[126.939253,35.150153],[126.939129,35.150149]]]]}},{"type":"Feature","id":"1991194386161835246900000000","properties":{"id":"1991194386161835246900000000","pnu":"1221011100103150001","year":1991,"purpose":"공동주택","floors":15,"structure":"철근콘크리트구조"},"geometry":{"type":"MultiPolygon","coordinates":[[[[126.939314,35.150739],[126.939179,35.150706],[126.939086,35.15095],[126.939221,35.150988],[126.939314,35.150739]]]]}},{"type":"Feature","id":"1991194389731834367600000000","properties":{"id":"1991194389731834367600000000","pnu":"1221011100103090016","year":1991,"purpose":"기타","far":81.76,"floors":2,"structure":"철근콘크리트구조"},"geometry":{"type":"MultiPolygon","coordinates":[[[[126.93929,35.150104],[126.939309,35.150021],[126.939157,35.150012],[126.939155,35.150053],[126.939225,35.15006],[126.939223,35.150108],[126.939268,35.150112],[126.939268,35.150103],[126.93929,35.150104]]]]}},{"type":"Feature","id":"1991194390661832254100000000","properties":{"id":"1991194390661832254100000000","pnu":"1221011100102200001","year":1991,"purpose":"단독주택","far":126.73,"floors":2,"structure":"벽돌구조"},"geometry":{"type":"MultiPolygon","coordinates":[[[[126.939279,35.148198],[126.939301,35.148125],[126.939191,35.148107],[126.939237,35.148188],[126.939279,35.148198]]]]}},{"type":"Feature","id":"1991195081861832926600000000","properties":{"id":"1991195081861832926600000000","pnu":"1221011100200630001","year":1991,"purpose":"숙박시설","far":1.52,"floors":10,"structure":"철근콘크리트구조"},"geometry":{"type":"MultiPolygon","coordinates":[[[[126.946488,35.148525],[126.946495,35.148562],[126.946479,35.148563],[126.946488,35.148738],[126.9465,35.148738],[126.946539,35.149016],[126.946778,35.149002],[126.946782,35.149007],[126.946786,35.149012],[126.946792,35.149019],[126.946797,35.149023],[126.946805,35.149026],[126.947183,35.149002],[126.94718,35.148903],[126.947194,35.148897],[126.947196,35.148869],[126.947173,35.148868],[126.947162,35.148802],[126.947189,35.148797],[126.947182,35.148732],[126.947147,35.148729],[126.947139,35.14865],[126.947153,35.14865],[126.947138,35.148574],[126.947126,35.148573],[126.947121,35.148483],[126.946488,35.148525]]]]}},{"type":"Feature","id":"1993194489761842788500000000","properties":{"id":"1993194489761842788500000000","pnu":"1221011000101000002","year":1993,"purpose":"단독주택","far":46.11,"floors":2,"structure":"벽돌구조"},"geometry":{"type":"MultiPolygon","coordinates":[[[[126.940344,35.157713],[126.940424,35.15765],[126.94038,35.157614],[126.940369,35.157619],[126.940308,35.15758],[126.94024,35.157627],[126.940344,35.157713]]]]}},{"type":"Feature","id":"1993194539441842803700000000","properties":{"id":"1993194539441842803700000000","pnu":"1221011000100010005","year":1993,"purpose":"제1종 근린생활시설","far":32.4114,"floors":2,"structure":"철근콘크리트구조"},"geometry":{"type":"MultiPolygon","coordinates":[[[[126.940939,35.157718],[126.940965,35.157631],[126.940909,35.15761],[126.940907,35.157616],[126.940823,35.157602],[126.940814,35.157631],[126.940803,35.157629],[126.94078,35.157683],[126.940939,35.157718]]]]}},{"type":"Feature","id":"1993194796011834211000000000","properties":{"id":"1993194796011834211000000000","pnu":"1221011100100640000","purpose":"기타","structure":"경량철골구조"},"geometry":{"type":"MultiPolygon","coordinates":[[[[126.943699,35.149919],[126.9437,35.149919],[126.943701,35.149919],[126.943701,35.149918],[126.943702,35.149918],[126.943703,35.149917],[126.943704,35.149917],[126.943704,35.149916],[126.943704,35.149915],[126.943704,35.149915],[126.943704,35.149914],[126.943704,35.149913],[126.943704,35.149912],[126.943703,35.149912],[126.943702,35.149911],[126.943701,35.149911],[126.943701,35.14991],[126.9437,35.14991],[126.943699,35.14991],[126.943698,35.14991],[126.943697,35.14991],[126.943696,35.149911],[126.943695,35.149911],[126.943695,35.149912],[126.943694,35.149912],[126.943694,35.149913],[126.943693,35.149914],[126.943693,35.149915],[126.943693,35.149915],[126.943694,35.149916],[126.943694,35.149917],[126.943695,35.149917],[126.943695,35.149918],[126.943696,35.149918],[126.943697,35.149919],[126.943698,35.149919],[126.943699,35.149919]]]]}},{"type":"Feature","id":"1993194805481834233700000000","properties":{"id":"1993194805481834233700000000","pnu":"1221011100100640000","year":1993,"purpose":"단독주택","far":45.11,"floors":2,"structure":"벽돌구조"},"geometry":{"type":"MultiPolygon","coordinates":[[[[126.943883,35.149939],[126.943838,35.149876],[126.943722,35.149932],[126.943766,35.149994],[126.943883,35.149939]]]]}},{"type":"Feature","id":"1994194391151834066500000000","properties":{"id":"1994194391151834066500000000","pnu":"1221011100103090008","year":1994,"purpose":"단독주택","far":98.79,"floors":2,"structure":"벽돌구조"},"geometry":{"type":"MultiPolygon","coordinates":[[[[126.939259,35.149844],[126.939327,35.149778],[126.93924,35.149722],[126.939203,35.149753],[126.939218,35.149766],[126.939194,35.149794],[126.939259,35.149844]]]]}},{"type":"Feature","id":"1994194636661832584700000000","properties":{"id":"1994194636661832584700000000","pnu":"1221011100100970001","year":1994,"purpose":"단독주택","far":40.64,"floors":2,"structure":"벽돌구조"},"geometry":{"type":"MultiPolygon","coordinates":[[[[126.941938,35.148542],[126.942047,35.148401],[126.941956,35.148352],[126.94192,35.148401],[126.94193,35.148408],[126.941854,35.1485],[126.941938,35.148542]]]]}},{"type":"Feature","id":"1994194645821833746900000000","properties":{"id":"1994194645821833746900000000","pnu":"1221011100100860005","year":1994,"purpose":"제1종 근린생활시설"},"geometry":{"type":"MultiPolygon","coordinates":[[[[126.941996,35.149545],[126.942139,35.149569],[126.942155,35.149517],[126.942131,35.149505],[126.94214,35.149488],[126.942134,35.149486],[126.942139,35.149466],[126.942052,35.149447],[126.942057,35.14943],[126.941975,35.149415],[126.941948,35.149513],[126.942003,35.149521],[126.941996,35.149545]]]]}},{"type":"Feature","id":"1994194814801833960200000000","properties":{"id":"1994194814801833960200000000","pnu":"1221011100100750001","year":1994,"purpose":"제2종 근린생활시설","floors":2,"structure":"철근콘크리트구조"},"geometry":{"type":"MultiPolygon","coordinates":[[[[126.943999,35.14972],[126.943977,35.149637],[126.943812,35.149658],[126.943831,35.14974],[126.943999,35.14972]]]]}},{"type":"Feature","id":"1994194829821834126900000000","properties":{"id":"1994194829821834126900000000","pnu":"1221011100100660000","year":1994,"purpose":"제2종 근린생활시설","far":38.06,"floors":2,"structure":"철근콘크리트구조"},"geometry":{"type":"MultiPolygon","coordinates":[[[[126.944153,35.149873],[126.944132,35.14979],[126.94399,35.149803],[126.944005,35.149888],[126.944153,35.149873]]]]}},{"type":"Feature","id":"1994194843621833872200000000","properties":{"id":"1994194843621833872200000000","pnu":"1221011100100750001","year":1994,"purpose":"제2종 근린생활시설","floors":2,"structure":"철근콘크리트구조"},"geometry":{"type":"MultiPolygon","coordinates":[[[[126.944097,35.149684],[126.944364,35.149646],[126.944345,35.149535],[126.94408,35.149572],[126.944097,35.149684]]]]}},{"type":"Feature","id":"1995194428401840400100000000","properties":{"id":"1995194428401840400100000000","pnu":"1221011000100780001","year":1995,"purpose":"단독주택","far":30.72,"floors":2,"structure":"벽돌구조"},"geometry":{"type":"MultiPolygon","coordinates":[[[[126.939675,35.155555],[126.939723,35.155455],[126.939649,35.155428],[126.939594,35.155522],[126.939675,35.155555]]]]}},{"type":"Feature","id":"1995194619071832395800000000","properties":{"id":"1995194619071832395800000000","pnu":"1221011100100960003","year":1995,"purpose":"단독주택","far":40.06,"floors":2,"structure":"벽돌구조"},"geometry":{"type":"MultiPolygon","coordinates":[[[[126.941687,35.148233],[126.941679,35.148304],[126.941751,35.148311],[126.941751,35.148321],[126.941824,35.148322],[126.941836,35.148247],[126.941687,35.148233]]]]}},{"type":"Feature","id":"1996194373321832798400000000","properties":{"id":"1996194373321832798400000000","pnu":"1221011100102840001","year":1996,"purpose":"단독주택","far":104.9,"floors":2,"structure":"벽돌구조"},"geometry":{"type":"MultiPolygon","coordinates":[[[[126.939049,35.148702],[126.9391,35.148652],[126.939116,35.148652],[126.939137,35.148635],[126.93906,35.148575],[126.939023,35.148608],[126.939033,35.148618],[126.938993,35.148661],[126.939049,35.148702]]]]}},{"type":"Feature","id":"1997194887741833622100000000","properties":{"id":"1997194887741833622100000000","pnu":"1221011100100730001","purpose":"기타"},"geometry":{"type":"MultiPolygon","coordinates":[[[[126.94476,35.149393],[126.944732,35.149345],[126.944652,35.149375],[126.944679,35.149424],[126.94476,35.149393]]]]}},{"type":"Feature","id":"1997194899831833578500000000","properties":{"id":"1997194899831833578500000000","pnu":"1221011100100730001","year":1997,"purpose":"제1종 근린생활시설"},"geometry":{"type":"MultiPolygon","coordinates":[[[[126.944769,35.14935],[126.944803,35.149391],[126.94491,35.149339],[126.944871,35.1493],[126.944769,35.14935]]]]}},{"type":"Feature","id":"1998194536081832140800000000","properties":{"id":"1998194536081832140800000000","pnu":"1221011100100910001","year":1998,"purpose":"제2종 근린생활시설","far":19.81,"floors":1,"structure":"철근콘크리트구조"},"geometry":{"type":"MultiPolygon","coordinates":[[[[126.940907,35.148092],[126.940881,35.147986],[126.940788,35.148003],[126.940814,35.148108],[126.940907,35.148092]]]]}},{"type":"Feature","id":"2001194381691832496500000000","properties":{"id":"2001194381691832496500000000","pnu":"1221011100102830000","year":2001,"purpose":"단독주택"},"geometry":{"type":"MultiPolygon","coordinates":[[[[126.939242,35.148452],[126.939281,35.148376],[126.939247,35.148362],[126.939255,35.148342],[126.939057,35.148281],[126.939032,35.14834],[126.939046,35.148347],[126.939049,35.148391],[126.939242,35.148452]]]]}},{"type":"Feature","id":"2001194630131832988700000000","properties":{"id":"2001194630131832988700000000","pnu":"1221011100101040000","year":2001,"purpose":"단독주택","far":39.3,"floors":1,"structure":"철근콘크리트구조"},"geometry":{"type":"MultiPolygon","coordinates":[[[[126.941862,35.148873],[126.941931,35.148861],[126.941923,35.148826],[126.941929,35.148826],[126.941911,35.148754],[126.941821,35.148768],[126.941838,35.14884],[126.941849,35.148839],[126.941862,35.148873]]]]}},{"type":"Feature","id":"2001194699401832699300000000","properties":{"id":"2001194699401832699300000000","pnu":"1221011100100980000","year":2001,"purpose":"제2종 근린생활시설","far":30.98,"floors":4,"structure":"일반철골구조"},"geometry":{"type":"MultiPolygon","coordinates":[[[[126.942547,35.148579],[126.94269,35.148622],[126.942732,35.148523],[126.942589,35.148481],[126.942547,35.148579]]]]}},{"type":"Feature","id":"2001194713171832724500000000","properties":{"id":"2001194713171832724500000000","pnu":"1221011100100980000","year":2001,"purpose":"제2종 근린생활시설","far":30.98,"floors":4,"structure":"일반철골구조"},"geometry":{"type":"MultiPolygon","coordinates":[[[[126.942703,35.148623],[126.942819,35.148659],[126.942874,35.148522],[126.942767,35.148489],[126.942703,35.148623]]]]}},{"type":"Feature","id":"2001194742241833627300000000","properties":{"id":"2001194742241833627300000000","pnu":"1221011100100760012","year":2001,"purpose":"단독주택"},"geometry":{"type":"MultiPolygon","coordinates":[[[[126.943021,35.149431],[126.94319,35.149426],[126.943203,35.149414],[126.943201,35.149346],[126.94301,35.149352],[126.943021,35.149431]]]]}},{"type":"Feature","id":"2001195128191833793700000000","properties":{"id":"2001195128191833793700000000","pnu":"1221011100100100000","year":2001,"purpose":"제1종 근린생활시설","far":3.96,"floors":1,"structure":"철근콘크리트구조"},"geometry":{"type":"MultiPolygon","coordinates":[[[[126.947391,35.149573],[126.94738,35.149531],[126.947406,35.149527],[126.947396,35.149502],[126.947359,35.149497],[126.947288,35.149516],[126.947308,35.149589],[126.947391,35.149573]]]]}},{"type":"Feature","id":"2002194421191832972500000000","properties":{"id":"2002194421191832972500000000","pnu":"1221011100102890000","year":2002,"purpose":"공동주택","far":226.56,"floors":4,"structure":"철근콘크리트구조"},"geometry":{"type":"MultiPolygon","coordinates":[[[[126.939581,35.148883],[126.939639,35.148834],[126.939631,35.148828],[126.939663,35.1488],[126.939648,35.148778],[126.939669,35.148757],[126.939605,35.148708],[126.939488,35.148812],[126.939581,35.148883]]]]}},{"type":"Feature","id":"2002194626441832861500000000","properties":{"id":"2002194626441832861500000000","pnu":"1221011100101030000","year":2002,"purpose":"단독주택","far":51.76,"floors":2,"structure":"철근콘크리트구조"},"geometry":{"type":"MultiPolygon","coordinates":[[[[126.94179,35.148751],[126.941905,35.148739],[126.941889,35.14864],[126.941827,35.148647],[126.941827,35.148656],[126.941765,35.148662],[126.94179,35.148751]]]]}},{"type":"Feature","id":"2003194401151832609700000000","properties":{"id":"2003194401151832609700000000","pnu":"1221011100102920000","year":2003,"purpose":"공동주택","far":306.54,"floors":4,"structure":"철근콘크리트구조"},"geometry":{"type":"MultiPolygon","coordinates":[[[[126.939425,35.148514],[126.93944,35.148461],[126.939398,35.148416],[126.939346,35.148415],[126.939319,35.14845],[126.939315,35.148448],[126.939279,35.148494],[126.939338,35.14852],[126.939366,35.148505],[126.939425,35.148514]]]]}},{"type":"Feature","id":"2003194513571832322600000000","properties":{"id":"2003194513571832322600000000","pnu":"1221011100100890007","year":2003,"purpose":"단독주택","far":159.09,"floors":3,"structure":"철근콘크리트구조"},"geometry":{"type":"MultiPolygon","coordinates":[[[[126.940611,35.148281],[126.940668,35.148171],[126.940599,35.148139],[126.940528,35.148248],[126.940611,35.148281]]]]}},{"type":"Feature","id":"2003194644101832135500000000","properties":{"id":"2003194644101832135500000000","pnu":"1221011100100990002","year":2003,"purpose":"제1종 근린생활시설"},"geometry":{"type":"MultiPolygon","coordinates":[[[[126.942093,35.148102],[126.942126,35.148042],[126.941973,35.147984],[126.94194,35.148044],[126.942093,35.148102]]]]}},{"type":"Feature","id":"2004194584111832487400000000","properties":{"id":"2004194584111832487400000000","pnu":"1221011100100950005","year":2004,"purpose":"단독주택","far":67.25,"floors":2,"structure":"철근콘크리트구조"},"geometry":{"type":"MultiPolygon","coordinates":[[[[126.941405,35.1484],[126.941431,35.14835],[126.941343,35.148322],[126.941317,35.148367],[126.941405,35.1484]]]]}},{"type":"Feature","id":"2004194793911833785300000000","properties":{"id":"2004194793911833785300000000","pnu":"1221011100100760003","year":2004,"purpose":"기타","far":14.51,"floors":1,"structure":"경량철골구조"},"geometry":{"type":"MultiPolygon","coordinates":[[[[126.943712,35.149578],[126.943744,35.149529],[126.943639,35.149483],[126.943607,35.149533],[126.943712,35.149578]]]]}},{"type":"Feature","id":"2005194768311834348600000000","properties":{"id":"2005194768311834348600000000","pnu":"1221011100100810000","year":2005,"purpose":"단독주택","far":52.68,"floors":2,"structure":"경량철골구조"},"geometry":{"type":"MultiPolygon","coordinates":[[[[126.943327,35.150091],[126.943436,35.150086],[126.943434,35.150068],[126.9435,35.150065],[126.943495,35.149991],[126.943296,35.15],[126.943301,35.150076],[126.943327,35.150091]]]]}},{"type":"Feature","id":"2006194699341833249300000000","properties":{"id":"2006194699341833249300000000","pnu":"1221011100101110000","year":2006,"purpose":"제2종 근린생활시설","far":8.74,"floors":1,"structure":"경량철골구조"},"geometry":{"type":"MultiPolygon","coordinates":[[[[126.942518,35.14911],[126.942617,35.149107],[126.942617,35.149116],[126.942685,35.149114],[126.942685,35.149105],[126.942762,35.149103],[126.942758,35.148988],[126.942722,35.148988],[126.942718,35.148979],[126.942575,35.148984],[126.942573,35.148993],[126.94253,35.148994],[126.942513,35.148995],[126.942518,35.14911]]]]}},{"type":"Feature","id":"2007194667991832715400000000","properties":{"id":"2007194667991832715400000000","pnu":"1221011100101000000","year":2007,"purpose":"제2종 근린생활시설","floors":3,"structure":"일반철골구조"},"geometry":{"type":"MultiPolygon","coordinates":[[[[126.942183,35.1486],[126.942377,35.148637],[126.942406,35.148531],[126.942213,35.148495],[126.942183,35.1486]]]]}},{"type":"Feature","id":"2007194726641832205300000000","properties":{"id":"2007194726641832205300000000","pnu":"1221011100100990001","year":2007,"purpose":"제2종 근린생활시설","floors":3,"structure":"일반철골구조"},"geometry":{"type":"MultiPolygon","coordinates":[[[[126.943158,35.148165],[126.943135,35.148008],[126.942719,35.148048],[126.942742,35.148205],[126.943158,35.148165]]]]}},{"type":"Feature","id":"2008194545561832539400000000","properties":{"id":"2008194545561832539400000000","pnu":"1221011100100920001","year":2008,"purpose":"공동주택","far":79.92,"floors":4,"structure":"철근콘크리트구조"},"geometry":{"type":"MultiPolygon","coordinates":[[[[126.940672,35.148316],[126.940742,35.148351],[126.940739,35.148355],[126.940763,35.148367],[126.940758,35.148375],[126.940778,35.148385],[126.940762,35.148406],[126.94081,35.14843],[126.940825,35.148408],[126.940848,35.14842],[126.940853,35.148412],[126.940878,35.148425],[126.940881,35.14842],[126.940951,35.148455],[126.940972,35.148427],[126.941031,35.148456],[126.941028,35.148461],[126.941045,35.148469],[126.94104,35.148476],[126.941059,35.148486],[126.941043,35.148507],[126.941091,35.148531],[126.941106,35.14851],[126.941128,35.14852],[126.941133,35.148513],[126.94115,35.148521],[126.941153,35.148517],[126.941212,35.148547],[126.941237,35.148514],[126.941217,35.148504],[126.941235,35.148479],[126.94116,35.148442],[126.941156,35.148448],[126.941105,35.148423],[126.94111,35.148416],[126.941035,35.148379],[126.941017,35.148404],[126.940913,35.148352],[126.940911,35.148356],[126.940798,35.1483],[126.940801,35.148296],[126.940717,35.148254],[126.940672,35.148316]]]]}},{"type":"Feature","id":"2008194913201833030800000000","properties":{"id":"2008194913201833030800000000","pnu":"1221011100101160004","year":2008,"purpose":"기타"},"geometry":{"type":"MultiPolygon","coordinates":[[[[126.944863,35.148878],[126.945022,35.148913],[126.945019,35.148921],[126.945035,35.148925],[126.945038,35.148916],[126.945075,35.148924],[126.945108,35.148824],[126.944895,35.148778],[126.944863,35.148878]]]]}},{"type":"Feature","id":"2008194973881833235600000000","properties":{"id":"2008194973881833235600000000","pnu":"1221011100101160004","year":2008,"purpose":"기타"},"geometry":{"type":"MultiPolygon","coordinates":[[[[126.945635,35.149012],[126.94561,35.149039],[126.945662,35.149071],[126.945694,35.149036],[126.945631,35.148998],[126.945625,35.149005],[126.945635,35.149012]]]]}},{"type":"Feature","id":"2009194703391837107500000000","properties":{"id":"2009194703391837107500000000","pnu":"1221011100100320001","year":2009,"purpose":"단독주택","far":38.5,"floors":3,"structure":"철근콘크리트구조"},"geometry":{"type":"MultiPolygon","coordinates":[[[[126.942616,35.152448],[126.942636,35.152476],[126.942597,35.152494],[126.942621,35.152529],[126.942635,35.152523],[126.94266,35.152561],[126.942651,35.152565],[126.94268,35.152609],[126.942696,35.152602],[126.942768,35.15257],[126.942711,35.152486],[126.94268,35.1525],[126.942671,35.152487],[126.94269,35.152478],[126.942657,35.152429],[126.942616,35.152448]]]]}},{"type":"Feature","id":"2012194753781832152700000000","properties":{"id":"2012194753781832152700000000","pnu":"1221011100100990001","year":2012,"purpose":"제1종 근린생활시설","floors":1,"structure":"경량철골구조"},"geometry":{"type":"MultiPolygon","coordinates":[[[[126.94327,35.148117],[126.943268,35.148],[126.943203,35.148001],[126.943205,35.148118],[126.94327,35.148117]]]]}},{"type":"Feature","id":"2013194718031833722500000000","properties":{"id":"2013194718031833722500000000","pnu":"1221011100100770001","year":2013,"purpose":"제1종 근린생활시설","far":40.76,"floors":3,"structure":"철근콘크리트구조"},"geometry":{"type":"MultiPolygon","coordinates":[[[[126.942762,35.1495],[126.942762,35.1495],[126.942825,35.149534],[126.942853,35.14955],[126.942931,35.149455],[126.94284,35.149405],[126.942836,35.14941],[126.942834,35.149409],[126.942825,35.14942],[126.942807,35.14941],[126.942778,35.149446],[126.942796,35.149456],[126.942787,35.149466],[126.942789,35.149467],[126.942762,35.1495]]]]}},{"type":"Feature","id":"road:2911011100102900001028342:25385","properties":{"id":"road:2911011100102900001028342:25385","pnu":"1221011100102900001","purpose":"공동주택","year":2004},"geometry":{"type":"MultiPolygon","coordinates":[[[[126.939686,35.148733],[126.939693,35.148511],[126.93964,35.14851],[126.939639,35.148528],[126.939602,35.148589],[126.939593,35.148589],[126.939547,35.148661],[126.939569,35.148675],[126.939544,35.148703],[126.939576,35.148722],[126.939602,35.148695],[126.939662,35.148733],[126.939686,35.148733]]]]}}]}
